00:01.750  blend            | Read blend: "C:\Users\sekip\Desktop\POVU-Kenya-FMCG-Campus-repo\3d\revisions\REV005\POVU_KENYA_FMCG_CAMPUS_REV005_INTERIOR_COMPLETION_MASTER.blend"
C:\Users\sekip\Desktop\POVU-Kenya-FMCG-Campus-repo\3d\revisions\REV005\pipeline\build_rev005_interior_remediation_v05.py:19: DeprecationWarning: 'Material.use_nodes' is expected to be removed in Blender 6.0
  m=bpy.data.materials.get(name) or bpy.data.materials.new(name); m.diffuse_color=(*color,1); m.use_nodes=True
BlenderMCP addon registered
Info: Saved as "POVU_KENYA_FMCG_CAMPUS_REV005_INTERIOR_COMPLETION_MASTER.blend"
INFO Draco is available, use library at C:\Program Files\Blender Foundation\Blender 5.2\5.2\scripts\addons_core\io_scene_gltf2\bf_intern_draco_bridge.dll
INFO MeshOptimizer is available, use library at C:\Program Files\Blender Foundation\Blender 5.2\5.2\scripts\addons_core\io_scene_gltf2\bf_intern_meshopt_bridge.dll
09:08:23 | INFO: Starting glTF 2.0 export
09:08:23 | INFO: Extracting primitive: Cube.017
09:08:24 | INFO: Primitives created: 1
09:08:24 | INFO: Extracting primitive: Cube.018
09:08:24 | INFO: Primitives created: 1
09:08:24 | INFO: Extracting primitive: Cube.010
09:08:24 | INFO: Primitives created: 1
09:08:24 | INFO: Extracting primitive: Cube.011
09:08:24 | INFO: Primitives created: 1
09:08:24 | INFO: Extracting primitive: Cube.012
09:08:24 | INFO: Primitives created: 1
09:08:24 | INFO: Extracting primitive: Cube.013
09:08:24 | INFO: Primitives created: 1
09:08:24 | INFO: Extracting primitive: Cube.014
09:08:24 | INFO: Primitives created: 1
09:08:24 | INFO: Extracting primitive: Cube.015
09:08:24 | INFO: Primitives created: 1
09:08:24 | INFO: Extracting primitive: ADMIN_HQ_ENTRANCE_SIGNAGE_CURVE
09:08:24 | INFO: Primitives created: 1
09:08:24 | INFO: Extracting primitive: Cube.016
09:08:24 | INFO: Primitives created: 1
09:08:24 | INFO: Extracting primitive: Cube.053
09:08:24 | INFO: Primitives created: 1
09:08:24 | INFO: Extracting primitive: Cube.054
09:08:24 | INFO: Primitives created: 1
09:08:24 | INFO: Extracting primitive: Cube.046
09:08:24 | INFO: Primitives created: 1
09:08:24 | INFO: Extracting primitive: Cube.047
09:08:24 | INFO: Primitives created: 1
09:08:24 | INFO: Extracting primitive: Cube.048
09:08:24 | INFO: Primitives created: 1
09:08:24 | INFO: Extracting primitive: Cube.049
09:08:24 | INFO: Primitives created: 1
09:08:24 | INFO: Extracting primitive: Cube.050
09:08:24 | INFO: Primitives created: 1
09:08:24 | INFO: Extracting primitive: Cube.051
09:08:24 | INFO: Primitives created: 1
09:08:24 | INFO: Extracting primitive: DAYCARE_ENTRANCE_SIGNAGE_CURVE
09:08:24 | INFO: Primitives created: 1
09:08:24 | INFO: Extracting primitive: Cube.052
09:08:24 | INFO: Primitives created: 1
09:08:24 | INFO: Extracting primitive: Cube.089
09:08:24 | INFO: Primitives created: 1
09:08:24 | INFO: Extracting primitive: Cube.090
09:08:24 | INFO: Primitives created: 1
09:08:24 | INFO: Extracting primitive: Cube.082
09:08:24 | INFO: Primitives created: 1
09:08:24 | INFO: Extracting primitive: Cube.083
09:08:24 | INFO: Primitives created: 1
09:08:24 | INFO: Extracting primitive: Cube.084
09:08:24 | INFO: Primitives created: 1
09:08:24 | INFO: Extracting primitive: Cube.085
09:08:24 | INFO: Primitives created: 1
09:08:24 | INFO: Extracting primitive: Cube.086
09:08:24 | INFO: Primitives created: 1
09:08:24 | INFO: Extracting primitive: Cube.087
09:08:24 | INFO: Primitives created: 1
09:08:24 | INFO: Extracting primitive: FG_PERSONNEL_ENTRANCE_SIGNAGE_CURVE
09:08:24 | INFO: Primitives created: 1
09:08:24 | INFO: Extracting primitive: Cube.088
09:08:24 | INFO: Primitives created: 1
09:08:24 | INFO: Extracting primitive: Cube.127
09:08:24 | INFO: Primitives created: 1
09:08:24 | INFO: Extracting primitive: Cube.128
09:08:24 | INFO: Primitives created: 1
09:08:24 | INFO: Extracting primitive: Cube.115
09:08:24 | INFO: Primitives created: 1
09:08:24 | INFO: Extracting primitive: Cube.116
09:08:24 | INFO: Primitives created: 1
09:08:24 | INFO: Extracting primitive: Cube.117
09:08:24 | INFO: Primitives created: 1
09:08:24 | INFO: Extracting primitive: Cube.118
09:08:24 | INFO: Primitives created: 1
09:08:24 | INFO: Extracting primitive: Cube.119
09:08:24 | INFO: Primitives created: 1
09:08:24 | INFO: Extracting primitive: Cube.120
09:08:24 | INFO: Primitives created: 1
09:08:24 | INFO: Extracting primitive: Cube.121
09:08:24 | INFO: Primitives created: 1
09:08:24 | INFO: Extracting primitive: Cube.122
09:08:24 | INFO: Primitives created: 1
09:08:24 | INFO: Extracting primitive: Cube.123
09:08:24 | INFO: Primitives created: 1
09:08:24 | INFO: Extracting primitive: Cube.124
09:08:24 | INFO: Primitives created: 1
09:08:24 | INFO: Extracting primitive: Cube.125
09:08:24 | INFO: Primitives created: 1
09:08:24 | INFO: Extracting primitive: Cube.126
09:08:24 | INFO: Primitives created: 1
09:08:24 | INFO: Extracting primitive: Cube.080
09:08:24 | INFO: Primitives created: 1
09:08:24 | INFO: Extracting primitive: Cube.081
09:08:24 | INFO: Primitives created: 1
09:08:24 | INFO: Extracting primitive: Cube.073
09:08:24 | INFO: Primitives created: 1
09:08:24 | INFO: Extracting primitive: Cube.074
09:08:24 | INFO: Primitives created: 1
09:08:24 | INFO: Extracting primitive: Cube.075
09:08:24 | INFO: Primitives created: 1
09:08:24 | INFO: Extracting primitive: Cube.076
09:08:24 | INFO: Primitives created: 1
09:08:24 | INFO: Extracting primitive: Cube.077
09:08:24 | INFO: Primitives created: 1
09:08:24 | INFO: Extracting primitive: Cube.078
09:08:24 | INFO: Primitives created: 1
09:08:24 | INFO: Extracting primitive: PACKAGING_PERSONNEL_ENTRANCE_SIGNAGE_CURVE
09:08:24 | INFO: Primitives created: 1
09:08:24 | INFO: Extracting primitive: Cube.079
09:08:24 | INFO: Primitives created: 1
09:08:24 | INFO: Extracting primitive: PRODUCTION_FLOOR_MESH
09:08:24 | INFO: Primitives created: 1
09:08:24 | INFO: Extracting primitive: Cube.062
09:08:24 | INFO: Primitives created: 1
09:08:24 | INFO: Extracting primitive: Cube.063
09:08:24 | INFO: Primitives created: 1
09:08:24 | INFO: Extracting primitive: Cube.055
09:08:24 | INFO: Primitives created: 1
09:08:24 | INFO: Extracting primitive: Cube.056
09:08:24 | INFO: Primitives created: 1
09:08:24 | INFO: Extracting primitive: Cube.057
09:08:24 | INFO: Primitives created: 1
09:08:24 | INFO: Extracting primitive: Cube.058
09:08:24 | INFO: Primitives created: 1
09:08:24 | INFO: Extracting primitive: Cube.059
09:08:24 | INFO: Primitives created: 1
09:08:24 | INFO: Extracting primitive: Cube.060
09:08:24 | INFO: Primitives created: 1
09:08:24 | INFO: Extracting primitive: PRODUCTION_PERSONNEL_ENTRANCE_SIGNAGE_CURVE
09:08:24 | INFO: Primitives created: 1
09:08:24 | INFO: Extracting primitive: Cube.061
09:08:24 | INFO: Primitives created: 1
09:08:24 | INFO: Extracting primitive: PRODUCTION_ROOF_MESH
09:08:24 | INFO: Primitives created: 1
09:08:24 | INFO: Extracting primitive: PRODUCTION_WALL_EAST_MESH
09:08:24 | INFO: Primitives created: 1
09:08:24 | INFO: Extracting primitive: PRODUCTION_WALL_NORTH_MESH
09:08:24 | INFO: Primitives created: 1
09:08:24 | INFO: Extracting primitive: PRODUCTION_WALL_SOUTH_MESH
09:08:24 | INFO: Primitives created: 1
09:08:24 | INFO: Extracting primitive: PRODUCTION_WALL_WEST_MESH
09:08:24 | INFO: Primitives created: 1
09:08:24 | INFO: Extracting primitive: Cube.026
09:08:24 | INFO: Primitives created: 1
09:08:24 | INFO: Extracting primitive: Cube.027
09:08:24 | INFO: Primitives created: 1
09:08:24 | INFO: Extracting primitive: Cube.019
09:08:24 | INFO: Primitives created: 1
09:08:24 | INFO: Extracting primitive: Cube.020
09:08:24 | INFO: Primitives created: 1
09:08:24 | INFO: Extracting primitive: Cube.021
09:08:24 | INFO: Primitives created: 1
09:08:24 | INFO: Extracting primitive: Cube.022
09:08:24 | INFO: Primitives created: 1
09:08:24 | INFO: Extracting primitive: Cube.023
09:08:24 | INFO: Primitives created: 1
09:08:24 | INFO: Extracting primitive: Cube.024
09:08:24 | INFO: Primitives created: 1
09:08:24 | INFO: Extracting primitive: R_D_QC_ENTRANCE_SIGNAGE_CURVE
09:08:24 | INFO: Primitives created: 1
09:08:24 | INFO: Extracting primitive: Cube.025
09:08:24 | INFO: Primitives created: 1
09:08:24 | INFO: Extracting primitive: Cube.035
09:08:24 | INFO: Primitives created: 1
09:08:24 | INFO: Extracting primitive: Cube.036
09:08:24 | INFO: Primitives created: 1
09:08:24 | INFO: Extracting primitive: Cube.028
09:08:24 | INFO: Primitives created: 1
09:08:24 | INFO: Extracting primitive: Cube.029
09:08:24 | INFO: Primitives created: 1
09:08:24 | INFO: Extracting primitive: Cube.030
09:08:24 | INFO: Primitives created: 1
09:08:24 | INFO: Extracting primitive: Cube.031
09:08:24 | INFO: Primitives created: 1
09:08:24 | INFO: Extracting primitive: Cube.032
09:08:24 | INFO: Primitives created: 1
09:08:24 | INFO: Extracting primitive: Cube.033
09:08:24 | INFO: Primitives created: 1
09:08:24 | INFO: Extracting primitive: RESTAURANT_ENTRANCE_SIGNAGE_CURVE
09:08:24 | INFO: Primitives created: 1
09:08:24 | INFO: Extracting primitive: Cube.034
09:08:24 | INFO: Primitives created: 1
09:08:24 | INFO: Extracting primitive: Cube.369
09:08:24 | INFO: Primitives created: 1
09:08:24 | INFO: Extracting primitive: Cube.370
09:08:24 | INFO: Primitives created: 1
09:08:24 | INFO: Extracting primitive: Cube.368
09:08:24 | INFO: Primitives created: 1
09:08:24 | INFO: Extracting primitive: Cube.367
09:08:24 | INFO: Primitives created: 1
09:08:24 | INFO: Extracting primitive: Cube.350
09:08:24 | INFO: Primitives created: 1
09:08:24 | INFO: Extracting primitive: Cube.349
09:08:24 | INFO: Primitives created: 1
09:08:24 | INFO: Extracting primitive: Cube.352
09:08:24 | INFO: Primitives created: 1
09:08:24 | INFO: Extracting primitive: Cube.351
09:08:24 | INFO: Primitives created: 1
09:08:24 | INFO: Extracting primitive: Cube.354
09:08:24 | INFO: Primitives created: 1
09:08:24 | INFO: Extracting primitive: Cube.353
09:08:24 | INFO: Primitives created: 1
09:08:24 | INFO: Extracting primitive: Cylinder.016
09:08:24 | INFO: Primitives created: 1
09:08:24 | INFO: Extracting primitive: Cube.356
09:08:24 | INFO: Primitives created: 1
09:08:24 | INFO: Extracting primitive: Cube.355
09:08:24 | INFO: Primitives created: 1
09:08:24 | INFO: Extracting primitive: Cube.358
09:08:24 | INFO: Primitives created: 1
09:08:24 | INFO: Extracting primitive: Cube.357
09:08:24 | INFO: Primitives created: 1
09:08:24 | INFO: Extracting primitive: Cube.360
09:08:24 | INFO: Primitives created: 1
09:08:24 | INFO: Extracting primitive: Cube.359
09:08:24 | INFO: Primitives created: 1
09:08:24 | INFO: Extracting primitive: Cylinder.017
09:08:24 | INFO: Primitives created: 1
09:08:24 | INFO: Extracting primitive: Cube.362
09:08:24 | INFO: Primitives created: 1
09:08:24 | INFO: Extracting primitive: Cube.361
09:08:24 | INFO: Primitives created: 1
09:08:24 | INFO: Extracting primitive: Cube.364
09:08:24 | INFO: Primitives created: 1
09:08:24 | INFO: Extracting primitive: Cube.363
09:08:24 | INFO: Primitives created: 1
09:08:24 | INFO: Extracting primitive: Cube.366
09:08:24 | INFO: Primitives created: 1
09:08:24 | INFO: Extracting primitive: Cube.365
09:08:24 | INFO: Primitives created: 1
09:08:24 | INFO: Extracting primitive: Cylinder.018
09:08:24 | INFO: Primitives created: 1
09:08:24 | INFO: Extracting primitive: Cube.175
09:08:24 | INFO: Primitives created: 1
09:08:24 | INFO: Extracting primitive: Cube.133
09:08:24 | INFO: Primitives created: 1
09:08:24 | INFO: Extracting primitive: Cube.134
09:08:24 | INFO: Primitives created: 1
09:08:24 | INFO: Extracting primitive: Cube.131
09:08:24 | INFO: Primitives created: 1
09:08:24 | INFO: Extracting primitive: Cube.132
09:08:24 | INFO: Primitives created: 1
09:08:24 | INFO: Extracting primitive: Cube.130
09:08:24 | INFO: Primitives created: 1
09:08:24 | INFO: Extracting primitive: Cube.565
09:08:24 | INFO: Primitives created: 1
09:08:24 | INFO: Extracting primitive: Cube.566
09:08:24 | INFO: Primitives created: 1
09:08:24 | INFO: Extracting primitive: Cube.567
09:08:24 | INFO: Primitives created: 1
09:08:24 | INFO: Extracting primitive: Cylinder.023
09:08:24 | INFO: Primitives created: 1
09:08:24 | INFO: Extracting primitive: Cube.570
09:08:24 | INFO: Primitives created: 1
09:08:24 | INFO: Extracting primitive: Cube.571
09:08:24 | INFO: Primitives created: 1
09:08:24 | INFO: Extracting primitive: Cube.568
09:08:24 | INFO: Primitives created: 1
09:08:24 | INFO: Extracting primitive: Cube.569
09:08:24 | INFO: Primitives created: 1
09:08:24 | INFO: Extracting primitive: Cube.315
09:08:24 | INFO: Primitives created: 1
09:08:24 | INFO: Extracting primitive: Cube.314
09:08:24 | INFO: Primitives created: 1
09:08:24 | INFO: Extracting primitive: Cube.317
09:08:24 | INFO: Primitives created: 1
09:08:24 | INFO: Extracting primitive: Cube.316
09:08:24 | INFO: Primitives created: 1
09:08:24 | INFO: Extracting primitive: Cylinder.012
09:08:24 | INFO: Primitives created: 1
09:08:24 | INFO: Extracting primitive: Cube.319
09:08:24 | INFO: Primitives created: 1
09:08:24 | INFO: Extracting primitive: Cube.318
09:08:24 | INFO: Primitives created: 1
09:08:24 | INFO: Extracting primitive: Cube.321
09:08:24 | INFO: Primitives created: 1
09:08:24 | INFO: Extracting primitive: Cube.320
09:08:24 | INFO: Primitives created: 1
09:08:24 | INFO: Extracting primitive: Cylinder.013
09:08:24 | INFO: Primitives created: 1
09:08:24 | INFO: Extracting primitive: Cube.323
09:08:24 | INFO: Primitives created: 1
09:08:24 | INFO: Extracting primitive: Cube.322
09:08:24 | INFO: Primitives created: 1
09:08:24 | INFO: Extracting primitive: Cube.325
09:08:24 | INFO: Primitives created: 1
09:08:24 | INFO: Extracting primitive: Cube.324
09:08:24 | INFO: Primitives created: 1
09:08:24 | INFO: Extracting primitive: Cylinder.014
09:08:24 | INFO: Primitives created: 1
09:08:24 | INFO: Extracting primitive: Cube.327
09:08:24 | INFO: Primitives created: 1
09:08:24 | INFO: Extracting primitive: Cube.326
09:08:24 | INFO: Primitives created: 1
09:08:24 | INFO: Extracting primitive: Cube.329
09:08:24 | INFO: Primitives created: 1
09:08:24 | INFO: Extracting primitive: Cube.328
09:08:24 | INFO: Primitives created: 1
09:08:24 | INFO: Extracting primitive: Cylinder.015
09:08:24 | INFO: Primitives created: 1
09:08:24 | INFO: Extracting primitive: Cube.277
09:08:24 | INFO: Primitives created: 1
09:08:24 | INFO: Extracting primitive: Cube.572
09:08:24 | INFO: Primitives created: 1
09:08:24 | INFO: Extracting primitive: Cube.573
09:08:24 | INFO: Primitives created: 1
09:08:24 | INFO: Extracting primitive: Cube.574
09:08:24 | INFO: Primitives created: 1
09:08:24 | INFO: Extracting primitive: Cylinder.024
09:08:24 | INFO: Primitives created: 1
09:08:24 | INFO: Extracting primitive: Cube.577
09:08:24 | INFO: Primitives created: 1
09:08:24 | INFO: Extracting primitive: Cube.578
09:08:24 | INFO: Primitives created: 1
09:08:24 | INFO: Extracting primitive: Cube.575
09:08:24 | INFO: Primitives created: 1
09:08:24 | INFO: Extracting primitive: Cube.576
09:08:24 | INFO: Primitives created: 1
09:08:24 | INFO: Extracting primitive: Cube.542
09:08:24 | INFO: Primitives created: 1
09:08:24 | INFO: Extracting primitive: Cube.543
09:08:24 | INFO: Primitives created: 1
09:08:24 | INFO: Extracting primitive: Cube.544
09:08:24 | INFO: Primitives created: 1
09:08:24 | INFO: Extracting primitive: Cube.545
09:08:24 | INFO: Primitives created: 1
09:08:24 | INFO: Extracting primitive: Cube.546
09:08:24 | INFO: Primitives created: 1
09:08:24 | INFO: Extracting primitive: Cube.547
09:08:24 | INFO: Primitives created: 1
09:08:24 | INFO: Extracting primitive: Cube.548
09:08:24 | INFO: Primitives created: 1
09:08:24 | INFO: Extracting primitive: Cube.549
09:08:24 | INFO: Primitives created: 1
09:08:24 | INFO: Extracting primitive: Cube.550
09:08:24 | INFO: Primitives created: 1
09:08:24 | INFO: Extracting primitive: Cylinder.022
09:08:24 | INFO: Primitives created: 1
09:08:24 | INFO: Extracting primitive: Cube.551
09:08:24 | INFO: Primitives created: 1
09:08:24 | INFO: Extracting primitive: Cube.552
09:08:24 | INFO: Primitives created: 1
09:08:24 | INFO: Extracting primitive: Cylinder.019
09:08:24 | INFO: Primitives created: 1
09:08:24 | INFO: Extracting primitive: Cylinder.020
09:08:24 | INFO: Primitives created: 1
09:08:24 | INFO: Extracting primitive: Cylinder.021
09:08:24 | INFO: Primitives created: 1
09:08:24 | INFO: Extracting primitive: Cube.541
09:08:24 | INFO: Primitives created: 1
09:08:24 | INFO: Extracting primitive: Cube.271
09:08:24 | INFO: Primitives created: 1
09:08:24 | INFO: Extracting primitive: Cube.267
09:08:24 | INFO: Primitives created: 1
09:08:24 | INFO: Extracting primitive: Cylinder.007
09:08:24 | INFO: Primitives created: 1
09:08:24 | INFO: Extracting primitive: Cube.272
09:08:24 | INFO: Primitives created: 1
09:08:24 | INFO: Extracting primitive: Cube.273
09:08:24 | INFO: Primitives created: 1
09:08:24 | INFO: Extracting primitive: Cube.269
09:08:24 | INFO: Primitives created: 1
09:08:24 | INFO: Extracting primitive: Cube.270
09:08:24 | INFO: Primitives created: 1
09:08:24 | INFO: Extracting primitive: Cube.268
09:08:24 | INFO: Primitives created: 1
09:08:24 | INFO: Extracting primitive: Cube.259
09:08:24 | INFO: Primitives created: 1
09:08:24 | INFO: Extracting primitive: Cube.260
09:08:24 | INFO: Primitives created: 1
09:08:24 | INFO: Extracting primitive: Cube.258
09:08:24 | INFO: Primitives created: 1
09:08:24 | INFO: Extracting primitive: Cube.262
09:08:24 | INFO: Primitives created: 1
09:08:24 | INFO: Extracting primitive: Cube.261
09:08:24 | INFO: Primitives created: 1
09:08:24 | INFO: Extracting primitive: Cube.264
09:08:24 | INFO: Primitives created: 1
09:08:24 | INFO: Extracting primitive: Cube.263
09:08:24 | INFO: Primitives created: 1
09:08:24 | INFO: Extracting primitive: Cube.266
09:08:24 | INFO: Primitives created: 1
09:08:24 | INFO: Extracting primitive: Cube.265
09:08:24 | INFO: Primitives created: 1
09:08:24 | INFO: Extracting primitive: Cylinder.006
09:08:24 | INFO: Primitives created: 1
09:08:24 | INFO: Extracting primitive: Cube.220
09:08:24 | INFO: Primitives created: 1
09:08:24 | INFO: Extracting primitive: Cube.223
09:08:24 | INFO: Primitives created: 1
09:08:24 | INFO: Extracting primitive: Cube.222
09:08:24 | INFO: Primitives created: 1
09:08:24 | INFO: Extracting primitive: Cube.225
09:08:24 | INFO: Primitives created: 1
09:08:24 | INFO: Extracting primitive: Cube.224
09:08:24 | INFO: Primitives created: 1
09:08:24 | INFO: Extracting primitive: Cube.227
09:08:24 | INFO: Primitives created: 1
09:08:24 | INFO: Extracting primitive: Cube.226
09:08:24 | INFO: Primitives created: 1
09:08:24 | INFO: Extracting primitive: Cylinder.002
09:08:24 | INFO: Primitives created: 1
09:08:24 | INFO: Extracting primitive: Cube.229
09:08:24 | INFO: Primitives created: 1
09:08:24 | INFO: Extracting primitive: Cube.228
09:08:24 | INFO: Primitives created: 1
09:08:24 | INFO: Extracting primitive: Cube.231
09:08:24 | INFO: Primitives created: 1
09:08:24 | INFO: Extracting primitive: Cube.230
09:08:24 | INFO: Primitives created: 1
09:08:24 | INFO: Extracting primitive: Cube.233
09:08:24 | INFO: Primitives created: 1
09:08:24 | INFO: Extracting primitive: Cube.232
09:08:24 | INFO: Primitives created: 1
09:08:24 | INFO: Extracting primitive: Cylinder.003
09:08:24 | INFO: Primitives created: 1
09:08:24 | INFO: Extracting primitive: Cube.235
09:08:24 | INFO: Primitives created: 1
09:08:24 | INFO: Extracting primitive: Cube.234
09:08:24 | INFO: Primitives created: 1
09:08:24 | INFO: Extracting primitive: Cube.237
09:08:24 | INFO: Primitives created: 1
09:08:24 | INFO: Extracting primitive: Cube.236
09:08:24 | INFO: Primitives created: 1
09:08:24 | INFO: Extracting primitive: Cube.239
09:08:24 | INFO: Primitives created: 1
09:08:24 | INFO: Extracting primitive: Cube.238
09:08:24 | INFO: Primitives created: 1
09:08:24 | INFO: Extracting primitive: Cylinder.004
09:08:24 | INFO: Primitives created: 1
09:08:24 | INFO: Extracting primitive: Cube.241
09:08:24 | INFO: Primitives created: 1
09:08:24 | INFO: Extracting primitive: Cube.240
09:08:24 | INFO: Primitives created: 1
09:08:24 | INFO: Extracting primitive: Cube.243
09:08:24 | INFO: Primitives created: 1
09:08:24 | INFO: Extracting primitive: Cube.242
09:08:24 | INFO: Primitives created: 1
09:08:24 | INFO: Extracting primitive: Cube.245
09:08:24 | INFO: Primitives created: 1
09:08:24 | INFO: Extracting primitive: Cube.244
09:08:24 | INFO: Primitives created: 1
09:08:24 | INFO: Extracting primitive: Cylinder.005
09:08:24 | INFO: Primitives created: 1
09:08:24 | INFO: Extracting primitive: Cube.246
09:08:24 | INFO: Primitives created: 1
09:08:24 | INFO: Extracting primitive: Cube.247
09:08:24 | INFO: Primitives created: 1
09:08:24 | INFO: Extracting primitive: Cube.248
09:08:24 | INFO: Primitives created: 1
09:08:24 | INFO: Extracting primitive: Cube.249
09:08:24 | INFO: Primitives created: 1
09:08:24 | INFO: Extracting primitive: Cube.250
09:08:24 | INFO: Primitives created: 1
09:08:24 | INFO: Extracting primitive: Cube.251
09:08:24 | INFO: Primitives created: 1
09:08:24 | INFO: Extracting primitive: Cube.252
09:08:24 | INFO: Primitives created: 1
09:08:24 | INFO: Extracting primitive: Cube.253
09:08:24 | INFO: Primitives created: 1
09:08:24 | INFO: Extracting primitive: Cube.254
09:08:24 | INFO: Primitives created: 1
09:08:24 | INFO: Extracting primitive: Cube.255
09:08:24 | INFO: Primitives created: 1
09:08:24 | INFO: Extracting primitive: Cube.221
09:08:24 | INFO: Primitives created: 1
09:08:24 | INFO: Extracting primitive: Cube.256
09:08:24 | INFO: Primitives created: 1
09:08:24 | INFO: Extracting primitive: Cube.283
09:08:24 | INFO: Primitives created: 1
09:08:24 | INFO: Extracting primitive: Cube.282
09:08:24 | INFO: Primitives created: 1
09:08:24 | INFO: Extracting primitive: Cube.285
09:08:24 | INFO: Primitives created: 1
09:08:24 | INFO: Extracting primitive: Cube.284
09:08:24 | INFO: Primitives created: 1
09:08:24 | INFO: Extracting primitive: Cube.287
09:08:24 | INFO: Primitives created: 1
09:08:24 | INFO: Extracting primitive: Cube.286
09:08:24 | INFO: Primitives created: 1
09:08:24 | INFO: Extracting primitive: Cube.289
09:08:24 | INFO: Primitives created: 1
09:08:24 | INFO: Extracting primitive: Cube.288
09:08:24 | INFO: Primitives created: 1
09:08:24 | INFO: Extracting primitive: Cylinder.008
09:08:24 | INFO: Primitives created: 1
09:08:24 | INFO: Extracting primitive: Cube.291
09:08:24 | INFO: Primitives created: 1
09:08:24 | INFO: Extracting primitive: Cube.290
09:08:24 | INFO: Primitives created: 1
09:08:24 | INFO: Extracting primitive: Cube.293
09:08:24 | INFO: Primitives created: 1
09:08:24 | INFO: Extracting primitive: Cube.292
09:08:24 | INFO: Primitives created: 1
09:08:24 | INFO: Extracting primitive: Cube.295
09:08:24 | INFO: Primitives created: 1
09:08:24 | INFO: Extracting primitive: Cube.294
09:08:24 | INFO: Primitives created: 1
09:08:24 | INFO: Extracting primitive: Cube.297
09:08:24 | INFO: Primitives created: 1
09:08:24 | INFO: Extracting primitive: Cube.296
09:08:24 | INFO: Primitives created: 1
09:08:24 | INFO: Extracting primitive: Cylinder.009
09:08:24 | INFO: Primitives created: 1
09:08:24 | INFO: Extracting primitive: Cube.299
09:08:24 | INFO: Primitives created: 1
09:08:24 | INFO: Extracting primitive: Cube.298
09:08:24 | INFO: Primitives created: 1
09:08:24 | INFO: Extracting primitive: Cube.301
09:08:24 | INFO: Primitives created: 1
09:08:24 | INFO: Extracting primitive: Cube.300
09:08:24 | INFO: Primitives created: 1
09:08:24 | INFO: Extracting primitive: Cube.303
09:08:24 | INFO: Primitives created: 1
09:08:24 | INFO: Extracting primitive: Cube.302
09:08:24 | INFO: Primitives created: 1
09:08:24 | INFO: Extracting primitive: Cube.305
09:08:24 | INFO: Primitives created: 1
09:08:24 | INFO: Extracting primitive: Cube.304
09:08:24 | INFO: Primitives created: 1
09:08:24 | INFO: Extracting primitive: Cylinder.010
09:08:24 | INFO: Primitives created: 1
09:08:24 | INFO: Extracting primitive: Cube.307
09:08:24 | INFO: Primitives created: 1
09:08:24 | INFO: Extracting primitive: Cube.306
09:08:24 | INFO: Primitives created: 1
09:08:24 | INFO: Extracting primitive: Cube.309
09:08:24 | INFO: Primitives created: 1
09:08:24 | INFO: Extracting primitive: Cube.308
09:08:24 | INFO: Primitives created: 1
09:08:24 | INFO: Extracting primitive: Cube.311
09:08:24 | INFO: Primitives created: 1
09:08:24 | INFO: Extracting primitive: Cube.310
09:08:24 | INFO: Primitives created: 1
09:08:24 | INFO: Extracting primitive: Cube.313
09:08:24 | INFO: Primitives created: 1
09:08:24 | INFO: Extracting primitive: Cube.312
09:08:24 | INFO: Primitives created: 1
09:08:24 | INFO: Extracting primitive: Cylinder.011
09:08:24 | INFO: Primitives created: 1
09:08:24 | INFO: Extracting primitive: Cube.330
09:08:24 | INFO: Primitives created: 1
09:08:24 | INFO: Extracting primitive: Cube.624
09:08:24 | INFO: Primitives created: 1
09:08:24 | INFO: Extracting primitive: Cube.621
09:08:24 | INFO: Primitives created: 1
09:08:24 | INFO: Extracting primitive: Cube.640
09:08:24 | INFO: Primitives created: 1
09:08:24 | INFO: Extracting primitive: Cube.641
09:08:24 | INFO: Primitives created: 1
09:08:24 | INFO: Extracting primitive: Cube.642
09:08:24 | INFO: Primitives created: 1
09:08:24 | INFO: Extracting primitive: Cube.638
09:08:24 | INFO: Primitives created: 1
09:08:24 | INFO: Extracting primitive: Cube.639
09:08:24 | INFO: Primitives created: 1
09:08:24 | INFO: Extracting primitive: Cube.637
09:08:24 | INFO: Primitives created: 1
09:08:24 | INFO: Extracting primitive: Cylinder.030
09:08:24 | INFO: Primitives created: 1
09:08:24 | INFO: Extracting primitive: Cube.643
09:08:24 | INFO: Primitives created: 1
09:08:24 | INFO: Extracting primitive: Cube.644
09:08:24 | INFO: Primitives created: 1
09:08:24 | INFO: Extracting primitive: Cube.561
09:08:24 | INFO: Primitives created: 1
09:08:24 | INFO: Extracting primitive: Cube.562
09:08:24 | INFO: Primitives created: 1
09:08:24 | INFO: Extracting primitive: Cube.563
09:08:24 | INFO: Primitives created: 1
09:08:24 | INFO: Extracting primitive: Cube.564
09:08:24 | INFO: Primitives created: 1
09:08:24 | INFO: Extracting primitive: Cube.622
09:08:24 | INFO: Primitives created: 1
09:08:24 | INFO: Extracting primitive: Cube.623
09:08:24 | INFO: Primitives created: 1
09:08:24 | INFO: Extracting primitive: Cube.645
09:08:24 | INFO: Primitives created: 1
09:08:24 | INFO: Extracting primitive: Cube.649
09:08:24 | INFO: Primitives created: 1
09:08:24 | INFO: Extracting primitive: Cube.646
09:08:24 | INFO: Primitives created: 1
09:08:24 | INFO: Extracting primitive: Cube.650
09:08:24 | INFO: Primitives created: 1
09:08:24 | INFO: Extracting primitive: Cube.647
09:08:24 | INFO: Primitives created: 1
09:08:24 | INFO: Extracting primitive: Cube.651
09:08:24 | INFO: Primitives created: 1
09:08:24 | INFO: Extracting primitive: Cube.648
09:08:24 | INFO: Primitives created: 1
09:08:24 | INFO: Extracting primitive: Cube.652
09:08:24 | INFO: Primitives created: 1
09:08:24 | INFO: Extracting primitive: Cube.219
09:08:24 | INFO: Primitives created: 1
09:08:24 | INFO: Extracting primitive: Cube.214
09:08:24 | INFO: Primitives created: 1
09:08:24 | INFO: Extracting primitive: Cube.215
09:08:24 | INFO: Primitives created: 1
09:08:24 | INFO: Extracting primitive: Cube.213
09:08:24 | INFO: Primitives created: 1
09:08:24 | INFO: Extracting primitive: Cube.216
09:08:24 | INFO: Primitives created: 1
09:08:24 | INFO: Extracting primitive: Cube.217
09:08:24 | INFO: Primitives created: 1
09:08:24 | INFO: Extracting primitive: Cube.218
09:08:24 | INFO: Primitives created: 1
09:08:24 | INFO: Extracting primitive: Cube.683
09:08:24 | INFO: Primitives created: 1
09:08:24 | INFO: Extracting primitive: Cube.659
09:08:24 | INFO: Primitives created: 1
09:08:24 | INFO: Extracting primitive: Cube.665
09:08:24 | INFO: Primitives created: 1
09:08:24 | INFO: Extracting primitive: Cube.666
09:08:24 | INFO: Primitives created: 1
09:08:24 | INFO: Extracting primitive: Cube.664
09:08:24 | INFO: Primitives created: 1
09:08:24 | INFO: Extracting primitive: Cube.668
09:08:24 | INFO: Primitives created: 1
09:08:24 | INFO: Extracting primitive: Cube.667
09:08:24 | INFO: Primitives created: 1
09:08:24 | INFO: Extracting primitive: Cube.670
09:08:24 | INFO: Primitives created: 1
09:08:24 | INFO: Extracting primitive: Cube.669
09:08:24 | INFO: Primitives created: 1
09:08:24 | INFO: Extracting primitive: Cube.672
09:08:24 | INFO: Primitives created: 1
09:08:24 | INFO: Extracting primitive: Cube.671
09:08:24 | INFO: Primitives created: 1
09:08:24 | INFO: Extracting primitive: Cube.674
09:08:24 | INFO: Primitives created: 1
09:08:24 | INFO: Extracting primitive: Cube.673
09:08:24 | INFO: Primitives created: 1
09:08:24 | INFO: Extracting primitive: Cylinder.032
09:08:24 | INFO: Primitives created: 1
09:08:24 | INFO: Extracting primitive: Cube.676
09:08:24 | INFO: Primitives created: 1
09:08:24 | INFO: Extracting primitive: Cube.675
09:08:24 | INFO: Primitives created: 1
09:08:24 | INFO: Extracting primitive: Cube.678
09:08:24 | INFO: Primitives created: 1
09:08:24 | INFO: Extracting primitive: Cube.677
09:08:24 | INFO: Primitives created: 1
09:08:24 | INFO: Extracting primitive: Cube.680
09:08:24 | INFO: Primitives created: 1
09:08:24 | INFO: Extracting primitive: Cube.679
09:08:24 | INFO: Primitives created: 1
09:08:24 | INFO: Extracting primitive: Cube.682
09:08:24 | INFO: Primitives created: 1
09:08:24 | INFO: Extracting primitive: Cube.681
09:08:24 | INFO: Primitives created: 1
09:08:24 | INFO: Extracting primitive: Cylinder.033
09:08:24 | INFO: Primitives created: 1
09:08:24 | INFO: Extracting primitive: Cube.660
09:08:24 | INFO: Primitives created: 1
09:08:24 | INFO: Extracting primitive: Cube.661
09:08:24 | INFO: Primitives created: 1
09:08:24 | INFO: Extracting primitive: Cube.662
09:08:24 | INFO: Primitives created: 1
09:08:24 | INFO: Extracting primitive: Cube.663
09:08:24 | INFO: Primitives created: 1
09:08:24 | INFO: Extracting primitive: Cube.332
09:08:24 | INFO: Primitives created: 1
09:08:24 | INFO: Extracting primitive: Cube.333
09:08:24 | INFO: Primitives created: 1
09:08:24 | INFO: Extracting primitive: Cube.334
09:08:24 | INFO: Primitives created: 1
09:08:24 | INFO: Extracting primitive: Cube.335
09:08:24 | INFO: Primitives created: 1
09:08:24 | INFO: Extracting primitive: Cube.336
09:08:24 | INFO: Primitives created: 1
09:08:24 | INFO: Extracting primitive: Cube.337
09:08:24 | INFO: Primitives created: 1
09:08:24 | INFO: Extracting primitive: Cube.338
09:08:24 | INFO: Primitives created: 1
09:08:24 | INFO: Extracting primitive: Cube.339
09:08:24 | INFO: Primitives created: 1
09:08:24 | INFO: Extracting primitive: Cube.147
09:08:24 | INFO: Primitives created: 1
09:08:24 | INFO: Extracting primitive: Cube.146
09:08:24 | INFO: Primitives created: 1
09:08:24 | INFO: Extracting primitive: Cube.152
09:08:24 | INFO: Primitives created: 1
09:08:24 | INFO: Extracting primitive: Cube.151
09:08:24 | INFO: Primitives created: 1
09:08:24 | INFO: Extracting primitive: Cube.157
09:08:24 | INFO: Primitives created: 1
09:08:24 | INFO: Extracting primitive: Cube.156
09:08:24 | INFO: Primitives created: 1
09:08:24 | INFO: Extracting primitive: Cube.162
09:08:24 | INFO: Primitives created: 1
09:08:24 | INFO: Extracting primitive: Cube.161
09:08:24 | INFO: Primitives created: 1
09:08:24 | INFO: Extracting primitive: Cube.144
09:08:24 | INFO: Primitives created: 1
09:08:24 | INFO: Extracting primitive: Cube.145
09:08:24 | INFO: Primitives created: 1
09:08:24 | INFO: Extracting primitive: Cube.143
09:08:24 | INFO: Primitives created: 1
09:08:24 | INFO: Extracting primitive: Cube.149
09:08:24 | INFO: Primitives created: 1
09:08:24 | INFO: Extracting primitive: Cube.150
09:08:24 | INFO: Primitives created: 1
09:08:24 | INFO: Extracting primitive: Cube.148
09:08:24 | INFO: Primitives created: 1
09:08:24 | INFO: Extracting primitive: Cube.154
09:08:24 | INFO: Primitives created: 1
09:08:24 | INFO: Extracting primitive: Cube.155
09:08:24 | INFO: Primitives created: 1
09:08:24 | INFO: Extracting primitive: Cube.153
09:08:24 | INFO: Primitives created: 1
09:08:24 | INFO: Extracting primitive: Cube.159
09:08:24 | INFO: Primitives created: 1
09:08:24 | INFO: Extracting primitive: Cube.160
09:08:24 | INFO: Primitives created: 1
09:08:24 | INFO: Extracting primitive: Cube.158
09:08:24 | INFO: Primitives created: 1
09:08:24 | INFO: Extracting primitive: Cube.164
09:08:24 | INFO: Primitives created: 1
09:08:24 | INFO: Extracting primitive: Cube.163
09:08:24 | INFO: Primitives created: 1
09:08:24 | INFO: Extracting primitive: Cube.166
09:08:24 | INFO: Primitives created: 1
09:08:24 | INFO: Extracting primitive: Cube.165
09:08:24 | INFO: Primitives created: 1
09:08:24 | INFO: Extracting primitive: Cube.168
09:08:24 | INFO: Primitives created: 1
09:08:24 | INFO: Extracting primitive: Cube.167
09:08:24 | INFO: Primitives created: 1
09:08:24 | INFO: Extracting primitive: Cube.170
09:08:24 | INFO: Primitives created: 1
09:08:24 | INFO: Extracting primitive: Cube.169
09:08:24 | INFO: Primitives created: 1
09:08:24 | INFO: Extracting primitive: Cube.172
09:08:24 | INFO: Primitives created: 1
09:08:24 | INFO: Extracting primitive: Cube.171
09:08:24 | INFO: Primitives created: 1
09:08:24 | INFO: Extracting primitive: Cube.174
09:08:24 | INFO: Primitives created: 1
09:08:24 | INFO: Extracting primitive: Cube.173
09:08:24 | INFO: Primitives created: 1
09:08:24 | INFO: Extracting primitive: Cylinder
09:08:24 | INFO: Primitives created: 1
09:08:24 | INFO: Extracting primitive: Cube.278
09:08:24 | INFO: Primitives created: 1
09:08:24 | INFO: Extracting primitive: Cube.279
09:08:24 | INFO: Primitives created: 1
09:08:24 | INFO: Extracting primitive: Cube.280
09:08:24 | INFO: Primitives created: 1
09:08:24 | INFO: Extracting primitive: Cube.281
09:08:24 | INFO: Primitives created: 1
09:08:24 | INFO: Extracting primitive: Text.010
09:08:24 | INFO: Primitives created: 1
09:08:24 | INFO: Extracting primitive: Text.015
09:08:24 | INFO: Primitives created: 1
09:08:24 | INFO: Extracting primitive: Text.016
09:08:24 | INFO: Primitives created: 1
09:08:24 | INFO: Extracting primitive: Text.012
09:08:24 | INFO: Primitives created: 1
09:08:24 | INFO: Extracting primitive: Text.007
09:08:24 | INFO: Primitives created: 1
09:08:24 | INFO: Extracting primitive: Text.006
09:08:24 | INFO: Primitives created: 1
09:08:24 | INFO: Extracting primitive: Text.024
09:08:24 | INFO: Primitives created: 1
09:08:24 | INFO: Extracting primitive: Text.014
09:08:24 | INFO: Primitives created: 1
09:08:24 | INFO: Extracting primitive: Text.025
09:08:24 | INFO: Primitives created: 1
09:08:24 | INFO: Extracting primitive: Text.026
09:08:24 | INFO: Primitives created: 1
09:08:24 | INFO: Extracting primitive: Text.027
09:08:24 | INFO: Primitives created: 1
09:08:24 | INFO: Extracting primitive: Text.001
09:08:24 | INFO: Primitives created: 1
09:08:24 | INFO: Extracting primitive: Text.020
09:08:24 | INFO: Primitives created: 1
09:08:24 | INFO: Extracting primitive: Text.002
09:08:24 | INFO: Primitives created: 1
09:08:24 | INFO: Extracting primitive: Text.011
09:08:24 | INFO: Primitives created: 1
09:08:24 | INFO: Extracting primitive: Text.019
09:08:24 | INFO: Primitives created: 1
09:08:25 | INFO: Extracting primitive: Text.003
09:08:25 | INFO: Primitives created: 1
09:08:25 | INFO: Extracting primitive: Text
09:08:25 | INFO: Primitives created: 1
09:08:25 | INFO: Extracting primitive: Text.008
09:08:25 | INFO: Primitives created: 1
09:08:25 | INFO: Extracting primitive: Text.013
09:08:25 | INFO: Primitives created: 1
09:08:25 | INFO: Extracting primitive: Text.005
09:08:25 | INFO: Primitives created: 1
09:08:25 | INFO: Extracting primitive: Text.018
09:08:25 | INFO: Primitives created: 1
09:08:25 | INFO: Extracting primitive: Text.023
09:08:25 | INFO: Primitives created: 1
09:08:25 | INFO: Extracting primitive: Text.004
09:08:25 | INFO: Primitives created: 1
09:08:25 | INFO: Extracting primitive: Text.021
09:08:25 | INFO: Primitives created: 1
09:08:25 | INFO: Extracting primitive: Text.009
09:08:25 | INFO: Primitives created: 1
09:08:25 | INFO: Extracting primitive: Text.022
09:08:25 | INFO: Primitives created: 1
09:08:25 | INFO: Extracting primitive: Text.017
09:08:25 | INFO: Primitives created: 1
09:08:25 | INFO: Extracting primitive: Cube.600
09:08:25 | INFO: Primitives created: 1
09:08:25 | INFO: Extracting primitive: Cube.601
09:08:25 | INFO: Primitives created: 1
09:08:25 | INFO: Extracting primitive: Cube.602
09:08:25 | INFO: Primitives created: 1
09:08:25 | INFO: Extracting primitive: Cylinder.028
09:08:25 | INFO: Primitives created: 1
09:08:25 | INFO: Extracting primitive: Cube.605
09:08:25 | INFO: Primitives created: 1
09:08:25 | INFO: Extracting primitive: Cube.606
09:08:25 | INFO: Primitives created: 1
09:08:25 | INFO: Extracting primitive: Cube.603
09:08:25 | INFO: Primitives created: 1
09:08:25 | INFO: Extracting primitive: Cube.604
09:08:25 | INFO: Primitives created: 1
09:08:25 | INFO: Extracting primitive: Cube.129
09:08:25 | INFO: Primitives created: 1
09:08:25 | INFO: Extracting primitive: Cube.653
09:08:25 | INFO: Primitives created: 1
09:08:25 | INFO: Extracting primitive: Cube.654
09:08:25 | INFO: Primitives created: 1
09:08:25 | INFO: Extracting primitive: Cube.655
09:08:25 | INFO: Primitives created: 1
09:08:25 | INFO: Extracting primitive: Cube.656
09:08:25 | INFO: Primitives created: 1
09:08:25 | INFO: Extracting primitive: Cylinder.031
09:08:25 | INFO: Primitives created: 1
09:08:25 | INFO: Extracting primitive: Cube.657
09:08:25 | INFO: Primitives created: 1
09:08:25 | INFO: Extracting primitive: Cube.658
09:08:25 | INFO: Primitives created: 1
09:08:25 | INFO: Extracting primitive: Cube.607
09:08:25 | INFO: Primitives created: 1
09:08:25 | INFO: Extracting primitive: Cube.257
09:08:25 | INFO: Primitives created: 1
09:08:25 | INFO: Extracting primitive: Cube.372
09:08:25 | INFO: Primitives created: 1
09:08:25 | INFO: Extracting primitive: Cube.377
09:08:25 | INFO: Primitives created: 1
09:08:25 | INFO: Extracting primitive: Cube.382
09:08:25 | INFO: Primitives created: 1
09:08:25 | INFO: Extracting primitive: Cube.387
09:08:25 | INFO: Primitives created: 1
09:08:25 | INFO: Extracting primitive: Cube.376
09:08:25 | INFO: Primitives created: 1
09:08:25 | INFO: Extracting primitive: Cube.375
09:08:25 | INFO: Primitives created: 1
09:08:25 | INFO: Extracting primitive: Cube.381
09:08:25 | INFO: Primitives created: 1
09:08:25 | INFO: Extracting primitive: Cube.380
09:08:25 | INFO: Primitives created: 1
09:08:25 | INFO: Extracting primitive: Cube.386
09:08:25 | INFO: Primitives created: 1
09:08:25 | INFO: Extracting primitive: Cube.385
09:08:25 | INFO: Primitives created: 1
09:08:25 | INFO: Extracting primitive: Cube.391
09:08:25 | INFO: Primitives created: 1
09:08:25 | INFO: Extracting primitive: Cube.390
09:08:25 | INFO: Primitives created: 1
09:08:25 | INFO: Extracting primitive: Cube.374
09:08:25 | INFO: Primitives created: 1
09:08:25 | INFO: Extracting primitive: Cube.373
09:08:25 | INFO: Primitives created: 1
09:08:25 | INFO: Extracting primitive: Cube.379
09:08:25 | INFO: Primitives created: 1
09:08:25 | INFO: Extracting primitive: Cube.378
09:08:25 | INFO: Primitives created: 1
09:08:25 | INFO: Extracting primitive: Cube.384
09:08:25 | INFO: Primitives created: 1
09:08:25 | INFO: Extracting primitive: Cube.383
09:08:25 | INFO: Primitives created: 1
09:08:25 | INFO: Extracting primitive: Cube.389
09:08:25 | INFO: Primitives created: 1
09:08:25 | INFO: Extracting primitive: Cube.388
09:08:25 | INFO: Primitives created: 1
09:08:25 | INFO: Extracting primitive: Cube.412
09:08:25 | INFO: Primitives created: 1
09:08:25 | INFO: Extracting primitive: Cube.417
09:08:25 | INFO: Primitives created: 1
09:08:25 | INFO: Extracting primitive: Cube.422
09:08:25 | INFO: Primitives created: 1
09:08:25 | INFO: Extracting primitive: Cube.427
09:08:25 | INFO: Primitives created: 1
09:08:25 | INFO: Extracting primitive: Cube.416
09:08:25 | INFO: Primitives created: 1
09:08:25 | INFO: Extracting primitive: Cube.415
09:08:25 | INFO: Primitives created: 1
09:08:25 | INFO: Extracting primitive: Cube.421
09:08:25 | INFO: Primitives created: 1
09:08:25 | INFO: Extracting primitive: Cube.420
09:08:25 | INFO: Primitives created: 1
09:08:25 | INFO: Extracting primitive: Cube.426
09:08:25 | INFO: Primitives created: 1
09:08:25 | INFO: Extracting primitive: Cube.425
09:08:25 | INFO: Primitives created: 1
09:08:25 | INFO: Extracting primitive: Cube.431
09:08:25 | INFO: Primitives created: 1
09:08:25 | INFO: Extracting primitive: Cube.430
09:08:25 | INFO: Primitives created: 1
09:08:25 | INFO: Extracting primitive: Cube.414
09:08:25 | INFO: Primitives created: 1
09:08:25 | INFO: Extracting primitive: Cube.413
09:08:25 | INFO: Primitives created: 1
09:08:25 | INFO: Extracting primitive: Cube.419
09:08:25 | INFO: Primitives created: 1
09:08:25 | INFO: Extracting primitive: Cube.418
09:08:25 | INFO: Primitives created: 1
09:08:25 | INFO: Extracting primitive: Cube.424
09:08:25 | INFO: Primitives created: 1
09:08:25 | INFO: Extracting primitive: Cube.423
09:08:25 | INFO: Primitives created: 1
09:08:25 | INFO: Extracting primitive: Cube.429
09:08:25 | INFO: Primitives created: 1
09:08:25 | INFO: Extracting primitive: Cube.428
09:08:25 | INFO: Primitives created: 1
09:08:25 | INFO: Extracting primitive: Cube.452
09:08:25 | INFO: Primitives created: 1
09:08:25 | INFO: Extracting primitive: Cube.457
09:08:25 | INFO: Primitives created: 1
09:08:25 | INFO: Extracting primitive: Cube.462
09:08:25 | INFO: Primitives created: 1
09:08:25 | INFO: Extracting primitive: Cube.467
09:08:25 | INFO: Primitives created: 1
09:08:25 | INFO: Extracting primitive: Cube.456
09:08:25 | INFO: Primitives created: 1
09:08:25 | INFO: Extracting primitive: Cube.455
09:08:25 | INFO: Primitives created: 1
09:08:25 | INFO: Extracting primitive: Cube.461
09:08:25 | INFO: Primitives created: 1
09:08:25 | INFO: Extracting primitive: Cube.460
09:08:25 | INFO: Primitives created: 1
09:08:25 | INFO: Extracting primitive: Cube.466
09:08:25 | INFO: Primitives created: 1
09:08:25 | INFO: Extracting primitive: Cube.465
09:08:25 | INFO: Primitives created: 1
09:08:25 | INFO: Extracting primitive: Cube.471
09:08:25 | INFO: Primitives created: 1
09:08:25 | INFO: Extracting primitive: Cube.470
09:08:25 | INFO: Primitives created: 1
09:08:25 | INFO: Extracting primitive: Cube.454
09:08:25 | INFO: Primitives created: 1
09:08:25 | INFO: Extracting primitive: Cube.453
09:08:25 | INFO: Primitives created: 1
09:08:25 | INFO: Extracting primitive: Cube.459
09:08:25 | INFO: Primitives created: 1
09:08:25 | INFO: Extracting primitive: Cube.458
09:08:25 | INFO: Primitives created: 1
09:08:25 | INFO: Extracting primitive: Cube.464
09:08:25 | INFO: Primitives created: 1
09:08:25 | INFO: Extracting primitive: Cube.463
09:08:25 | INFO: Primitives created: 1
09:08:25 | INFO: Extracting primitive: Cube.469
09:08:25 | INFO: Primitives created: 1
09:08:25 | INFO: Extracting primitive: Cube.468
09:08:25 | INFO: Primitives created: 1
09:08:25 | INFO: Extracting primitive: Cube.492
09:08:25 | INFO: Primitives created: 1
09:08:25 | INFO: Extracting primitive: Cube.497
09:08:25 | INFO: Primitives created: 1
09:08:25 | INFO: Extracting primitive: Cube.502
09:08:25 | INFO: Primitives created: 1
09:08:25 | INFO: Extracting primitive: Cube.507
09:08:25 | INFO: Primitives created: 1
09:08:25 | INFO: Extracting primitive: Cube.496
09:08:25 | INFO: Primitives created: 1
09:08:25 | INFO: Extracting primitive: Cube.495
09:08:25 | INFO: Primitives created: 1
09:08:25 | INFO: Extracting primitive: Cube.501
09:08:25 | INFO: Primitives created: 1
09:08:25 | INFO: Extracting primitive: Cube.500
09:08:25 | INFO: Primitives created: 1
09:08:25 | INFO: Extracting primitive: Cube.506
09:08:25 | INFO: Primitives created: 1
09:08:25 | INFO: Extracting primitive: Cube.505
09:08:25 | INFO: Primitives created: 1
09:08:25 | INFO: Extracting primitive: Cube.511
09:08:25 | INFO: Primitives created: 1
09:08:25 | INFO: Extracting primitive: Cube.510
09:08:25 | INFO: Primitives created: 1
09:08:25 | INFO: Extracting primitive: Cube.494
09:08:25 | INFO: Primitives created: 1
09:08:25 | INFO: Extracting primitive: Cube.493
09:08:25 | INFO: Primitives created: 1
09:08:25 | INFO: Extracting primitive: Cube.499
09:08:25 | INFO: Primitives created: 1
09:08:25 | INFO: Extracting primitive: Cube.498
09:08:25 | INFO: Primitives created: 1
09:08:25 | INFO: Extracting primitive: Cube.504
09:08:25 | INFO: Primitives created: 1
09:08:25 | INFO: Extracting primitive: Cube.503
09:08:25 | INFO: Primitives created: 1
09:08:25 | INFO: Extracting primitive: Cube.509
09:08:25 | INFO: Primitives created: 1
09:08:25 | INFO: Extracting primitive: Cube.508
09:08:25 | INFO: Primitives created: 1
09:08:25 | INFO: Extracting primitive: Cube.392
09:08:25 | INFO: Primitives created: 1
09:08:25 | INFO: Extracting primitive: Cube.397
09:08:25 | INFO: Primitives created: 1
09:08:25 | INFO: Extracting primitive: Cube.402
09:08:25 | INFO: Primitives created: 1
09:08:25 | INFO: Extracting primitive: Cube.407
09:08:25 | INFO: Primitives created: 1
09:08:25 | INFO: Extracting primitive: Cube.396
09:08:25 | INFO: Primitives created: 1
09:08:25 | INFO: Extracting primitive: Cube.395
09:08:25 | INFO: Primitives created: 1
09:08:25 | INFO: Extracting primitive: Cube.401
09:08:25 | INFO: Primitives created: 1
09:08:25 | INFO: Extracting primitive: Cube.400
09:08:25 | INFO: Primitives created: 1
09:08:25 | INFO: Extracting primitive: Cube.406
09:08:25 | INFO: Primitives created: 1
09:08:25 | INFO: Extracting primitive: Cube.405
09:08:25 | INFO: Primitives created: 1
09:08:25 | INFO: Extracting primitive: Cube.411
09:08:25 | INFO: Primitives created: 1
09:08:25 | INFO: Extracting primitive: Cube.410
09:08:25 | INFO: Primitives created: 1
09:08:25 | INFO: Extracting primitive: Cube.394
09:08:25 | INFO: Primitives created: 1
09:08:25 | INFO: Extracting primitive: Cube.393
09:08:25 | INFO: Primitives created: 1
09:08:25 | INFO: Extracting primitive: Cube.399
09:08:25 | INFO: Primitives created: 1
09:08:25 | INFO: Extracting primitive: Cube.398
09:08:25 | INFO: Primitives created: 1
09:08:25 | INFO: Extracting primitive: Cube.404
09:08:25 | INFO: Primitives created: 1
09:08:25 | INFO: Extracting primitive: Cube.403
09:08:25 | INFO: Primitives created: 1
09:08:25 | INFO: Extracting primitive: Cube.409
09:08:25 | INFO: Primitives created: 1
09:08:25 | INFO: Extracting primitive: Cube.408
09:08:25 | INFO: Primitives created: 1
09:08:25 | INFO: Extracting primitive: Cube.432
09:08:25 | INFO: Primitives created: 1
09:08:25 | INFO: Extracting primitive: Cube.437
09:08:25 | INFO: Primitives created: 1
09:08:25 | INFO: Extracting primitive: Cube.442
09:08:25 | INFO: Primitives created: 1
09:08:25 | INFO: Extracting primitive: Cube.447
09:08:25 | INFO: Primitives created: 1
09:08:25 | INFO: Extracting primitive: Cube.436
09:08:25 | INFO: Primitives created: 1
09:08:25 | INFO: Extracting primitive: Cube.435
09:08:25 | INFO: Primitives created: 1
09:08:25 | INFO: Extracting primitive: Cube.441
09:08:25 | INFO: Primitives created: 1
09:08:25 | INFO: Extracting primitive: Cube.440
09:08:25 | INFO: Primitives created: 1
09:08:25 | INFO: Extracting primitive: Cube.446
09:08:25 | INFO: Primitives created: 1
09:08:25 | INFO: Extracting primitive: Cube.445
09:08:25 | INFO: Primitives created: 1
09:08:25 | INFO: Extracting primitive: Cube.451
09:08:25 | INFO: Primitives created: 1
09:08:25 | INFO: Extracting primitive: Cube.450
09:08:25 | INFO: Primitives created: 1
09:08:25 | INFO: Extracting primitive: Cube.434
09:08:25 | INFO: Primitives created: 1
09:08:25 | INFO: Extracting primitive: Cube.433
09:08:25 | INFO: Primitives created: 1
09:08:25 | INFO: Extracting primitive: Cube.439
09:08:25 | INFO: Primitives created: 1
09:08:25 | INFO: Extracting primitive: Cube.438
09:08:25 | INFO: Primitives created: 1
09:08:25 | INFO: Extracting primitive: Cube.444
09:08:25 | INFO: Primitives created: 1
09:08:25 | INFO: Extracting primitive: Cube.443
09:08:25 | INFO: Primitives created: 1
09:08:25 | INFO: Extracting primitive: Cube.449
09:08:25 | INFO: Primitives created: 1
09:08:25 | INFO: Extracting primitive: Cube.448
09:08:25 | INFO: Primitives created: 1
09:08:25 | INFO: Extracting primitive: Cube.472
09:08:25 | INFO: Primitives created: 1
09:08:25 | INFO: Extracting primitive: Cube.477
09:08:25 | INFO: Primitives created: 1
09:08:25 | INFO: Extracting primitive: Cube.482
09:08:25 | INFO: Primitives created: 1
09:08:25 | INFO: Extracting primitive: Cube.487
09:08:25 | INFO: Primitives created: 1
09:08:25 | INFO: Extracting primitive: Cube.476
09:08:25 | INFO: Primitives created: 1
09:08:25 | INFO: Extracting primitive: Cube.475
09:08:25 | INFO: Primitives created: 1
09:08:25 | INFO: Extracting primitive: Cube.481
09:08:25 | INFO: Primitives created: 1
09:08:25 | INFO: Extracting primitive: Cube.480
09:08:25 | INFO: Primitives created: 1
09:08:25 | INFO: Extracting primitive: Cube.486
09:08:25 | INFO: Primitives created: 1
09:08:25 | INFO: Extracting primitive: Cube.485
09:08:25 | INFO: Primitives created: 1
09:08:25 | INFO: Extracting primitive: Cube.491
09:08:25 | INFO: Primitives created: 1
09:08:25 | INFO: Extracting primitive: Cube.490
09:08:25 | INFO: Primitives created: 1
09:08:25 | INFO: Extracting primitive: Cube.474
09:08:25 | INFO: Primitives created: 1
09:08:25 | INFO: Extracting primitive: Cube.473
09:08:25 | INFO: Primitives created: 1
09:08:25 | INFO: Extracting primitive: Cube.479
09:08:25 | INFO: Primitives created: 1
09:08:25 | INFO: Extracting primitive: Cube.478
09:08:25 | INFO: Primitives created: 1
09:08:25 | INFO: Extracting primitive: Cube.484
09:08:25 | INFO: Primitives created: 1
09:08:25 | INFO: Extracting primitive: Cube.483
09:08:25 | INFO: Primitives created: 1
09:08:25 | INFO: Extracting primitive: Cube.489
09:08:25 | INFO: Primitives created: 1
09:08:25 | INFO: Extracting primitive: Cube.488
09:08:25 | INFO: Primitives created: 1
09:08:25 | INFO: Extracting primitive: Cube.512
09:08:25 | INFO: Primitives created: 1
09:08:25 | INFO: Extracting primitive: Cube.517
09:08:25 | INFO: Primitives created: 1
09:08:25 | INFO: Extracting primitive: Cube.522
09:08:25 | INFO: Primitives created: 1
09:08:25 | INFO: Extracting primitive: Cube.527
09:08:25 | INFO: Primitives created: 1
09:08:25 | INFO: Extracting primitive: Cube.516
09:08:25 | INFO: Primitives created: 1
09:08:25 | INFO: Extracting primitive: Cube.515
09:08:25 | INFO: Primitives created: 1
09:08:25 | INFO: Extracting primitive: Cube.521
09:08:25 | INFO: Primitives created: 1
09:08:25 | INFO: Extracting primitive: Cube.520
09:08:25 | INFO: Primitives created: 1
09:08:25 | INFO: Extracting primitive: Cube.526
09:08:25 | INFO: Primitives created: 1
09:08:25 | INFO: Extracting primitive: Cube.525
09:08:25 | INFO: Primitives created: 1
09:08:25 | INFO: Extracting primitive: Cube.531
09:08:25 | INFO: Primitives created: 1
09:08:25 | INFO: Extracting primitive: Cube.530
09:08:25 | INFO: Primitives created: 1
09:08:25 | INFO: Extracting primitive: Cube.514
09:08:25 | INFO: Primitives created: 1
09:08:25 | INFO: Extracting primitive: Cube.513
09:08:25 | INFO: Primitives created: 1
09:08:25 | INFO: Extracting primitive: Cube.519
09:08:25 | INFO: Primitives created: 1
09:08:25 | INFO: Extracting primitive: Cube.518
09:08:25 | INFO: Primitives created: 1
09:08:25 | INFO: Extracting primitive: Cube.524
09:08:25 | INFO: Primitives created: 1
09:08:25 | INFO: Extracting primitive: Cube.523
09:08:25 | INFO: Primitives created: 1
09:08:25 | INFO: Extracting primitive: Cube.529
09:08:25 | INFO: Primitives created: 1
09:08:25 | INFO: Extracting primitive: Cube.528
09:08:25 | INFO: Primitives created: 1
09:08:25 | INFO: Extracting primitive: Cube.540
09:08:25 | INFO: Primitives created: 1
09:08:25 | INFO: Extracting primitive: Cube.532
09:08:25 | INFO: Primitives created: 1
09:08:25 | INFO: Extracting primitive: Cube.533
09:08:25 | INFO: Primitives created: 1
09:08:25 | INFO: Extracting primitive: Cube.534
09:08:25 | INFO: Primitives created: 1
09:08:25 | INFO: Extracting primitive: Cube.535
09:08:25 | INFO: Primitives created: 1
09:08:25 | INFO: Extracting primitive: Cube.536
09:08:25 | INFO: Primitives created: 1
09:08:25 | INFO: Extracting primitive: Cube.537
09:08:25 | INFO: Primitives created: 1
09:08:25 | INFO: Extracting primitive: Cube.538
09:08:25 | INFO: Primitives created: 1
09:08:25 | INFO: Extracting primitive: Cube.539
09:08:25 | INFO: Primitives created: 1
09:08:25 | INFO: Extracting primitive: Cube.371
09:08:25 | INFO: Primitives created: 1
09:08:25 | INFO: Extracting primitive: Cube.593
09:08:25 | INFO: Primitives created: 1
09:08:25 | INFO: Extracting primitive: Cube.594
09:08:25 | INFO: Primitives created: 1
09:08:25 | INFO: Extracting primitive: Cube.595
09:08:25 | INFO: Primitives created: 1
09:08:25 | INFO: Extracting primitive: Cylinder.027
09:08:25 | INFO: Primitives created: 1
09:08:25 | INFO: Extracting primitive: Cube.598
09:08:25 | INFO: Primitives created: 1
09:08:25 | INFO: Extracting primitive: Cube.599
09:08:25 | INFO: Primitives created: 1
09:08:25 | INFO: Extracting primitive: Cube.596
09:08:25 | INFO: Primitives created: 1
09:08:25 | INFO: Extracting primitive: Cube.597
09:08:25 | INFO: Primitives created: 1
09:08:25 | INFO: Extracting primitive: Cube.614
09:08:25 | INFO: Primitives created: 1
09:08:25 | INFO: Extracting primitive: Cube.615
09:08:25 | INFO: Primitives created: 1
09:08:25 | INFO: Extracting primitive: Cube.616
09:08:25 | INFO: Primitives created: 1
09:08:25 | INFO: Extracting primitive: Cube.617
09:08:25 | INFO: Primitives created: 1
09:08:25 | INFO: Extracting primitive: Cube.618
09:08:25 | INFO: Primitives created: 1
09:08:25 | INFO: Extracting primitive: Cube.619
09:08:25 | INFO: Primitives created: 1
09:08:25 | INFO: Extracting primitive: Cube.177
09:08:25 | INFO: Primitives created: 1
09:08:25 | INFO: Extracting primitive: Cube.178
09:08:25 | INFO: Primitives created: 1
09:08:25 | INFO: Extracting primitive: Cube.176
09:08:25 | INFO: Primitives created: 1
09:08:25 | INFO: Extracting primitive: Cube.181
09:08:25 | INFO: Primitives created: 1
09:08:25 | INFO: Extracting primitive: Cube.182
09:08:25 | INFO: Primitives created: 1
09:08:25 | INFO: Extracting primitive: Cube.180
09:08:25 | INFO: Primitives created: 1
09:08:25 | INFO: Extracting primitive: Cube.185
09:08:25 | INFO: Primitives created: 1
09:08:25 | INFO: Extracting primitive: Cube.186
09:08:25 | INFO: Primitives created: 1
09:08:25 | INFO: Extracting primitive: Cube.184
09:08:25 | INFO: Primitives created: 1
09:08:25 | INFO: Extracting primitive: Cube.189
09:08:25 | INFO: Primitives created: 1
09:08:25 | INFO: Extracting primitive: Cube.190
09:08:25 | INFO: Primitives created: 1
09:08:25 | INFO: Extracting primitive: Cube.188
09:08:25 | INFO: Primitives created: 1
09:08:25 | INFO: Extracting primitive: Cube.193
09:08:25 | INFO: Primitives created: 1
09:08:25 | INFO: Extracting primitive: Cube.194
09:08:25 | INFO: Primitives created: 1
09:08:25 | INFO: Extracting primitive: Cube.192
09:08:25 | INFO: Primitives created: 1
09:08:25 | INFO: Extracting primitive: Cylinder.001
09:08:25 | INFO: Primitives created: 1
09:08:25 | INFO: Extracting primitive: Cube.196
09:08:25 | INFO: Primitives created: 1
09:08:25 | INFO: Extracting primitive: Cube.197
09:08:25 | INFO: Primitives created: 1
09:08:25 | INFO: Extracting primitive: Cube.179
09:08:25 | INFO: Primitives created: 1
09:08:25 | INFO: Extracting primitive: Cube.183
09:08:25 | INFO: Primitives created: 1
09:08:25 | INFO: Extracting primitive: Cube.187
09:08:25 | INFO: Primitives created: 1
09:08:25 | INFO: Extracting primitive: Cube.191
09:08:25 | INFO: Primitives created: 1
09:08:25 | INFO: Extracting primitive: Cube.195
09:08:25 | INFO: Primitives created: 1
09:08:25 | INFO: Extracting primitive: Cube.136
09:08:25 | INFO: Primitives created: 1
09:08:25 | INFO: Extracting primitive: Cube.135
09:08:25 | INFO: Primitives created: 1
09:08:25 | INFO: Extracting primitive: Cube.138
09:08:25 | INFO: Primitives created: 1
09:08:25 | INFO: Extracting primitive: Cube.137
09:08:25 | INFO: Primitives created: 1
09:08:25 | INFO: Extracting primitive: Cube.140
09:08:25 | INFO: Primitives created: 1
09:08:25 | INFO: Extracting primitive: Cube.139
09:08:25 | INFO: Primitives created: 1
09:08:25 | INFO: Extracting primitive: Cube.142
09:08:25 | INFO: Primitives created: 1
09:08:25 | INFO: Extracting primitive: Cube.141
09:08:25 | INFO: Primitives created: 1
09:08:25 | INFO: Extracting primitive: Cube.274
09:08:25 | INFO: Primitives created: 1
09:08:25 | INFO: Extracting primitive: Cube.275
09:08:25 | INFO: Primitives created: 1
09:08:25 | INFO: Extracting primitive: Cube.276
09:08:25 | INFO: Primitives created: 1
09:08:25 | INFO: Extracting primitive: Cube.553
09:08:25 | INFO: Primitives created: 1
09:08:25 | INFO: Extracting primitive: Cube.554
09:08:25 | INFO: Primitives created: 1
09:08:25 | INFO: Extracting primitive: Cube.555
09:08:25 | INFO: Primitives created: 1
09:08:25 | INFO: Extracting primitive: Cube.556
09:08:25 | INFO: Primitives created: 1
09:08:25 | INFO: Extracting primitive: Cube.557
09:08:25 | INFO: Primitives created: 1
09:08:25 | INFO: Extracting primitive: Cube.558
09:08:25 | INFO: Primitives created: 1
09:08:25 | INFO: Extracting primitive: Cube.559
09:08:25 | INFO: Primitives created: 1
09:08:25 | INFO: Extracting primitive: Cube.560
09:08:25 | INFO: Primitives created: 1
09:08:25 | INFO: Extracting primitive: Cube.198
09:08:25 | INFO: Primitives created: 1
09:08:25 | INFO: Extracting primitive: Cube.212
09:08:25 | INFO: Primitives created: 1
09:08:25 | INFO: Extracting primitive: Cube.587
09:08:25 | INFO: Primitives created: 1
09:08:25 | INFO: Extracting primitive: Cube.588
09:08:25 | INFO: Primitives created: 1
09:08:25 | INFO: Extracting primitive: Cube.586
09:08:25 | INFO: Primitives created: 1
09:08:25 | INFO: Extracting primitive: Cylinder.026
09:08:25 | INFO: Primitives created: 1
09:08:25 | INFO: Extracting primitive: Cube.591
09:08:25 | INFO: Primitives created: 1
09:08:25 | INFO: Extracting primitive: Cube.592
09:08:25 | INFO: Primitives created: 1
09:08:25 | INFO: Extracting primitive: Cube.589
09:08:25 | INFO: Primitives created: 1
09:08:25 | INFO: Extracting primitive: Cube.590
09:08:25 | INFO: Primitives created: 1
09:08:25 | INFO: Extracting primitive: Cube.348
09:08:25 | INFO: Primitives created: 1
09:08:25 | INFO: Extracting primitive: Cube.620
09:08:25 | INFO: Primitives created: 1
09:08:25 | INFO: Extracting primitive: Cube.625
09:08:25 | INFO: Primitives created: 1
09:08:25 | INFO: Extracting primitive: Cube.626
09:08:25 | INFO: Primitives created: 1
09:08:25 | INFO: Extracting primitive: Cube.627
09:08:25 | INFO: Primitives created: 1
09:08:25 | INFO: Extracting primitive: Cube.629
09:08:25 | INFO: Primitives created: 1
09:08:25 | INFO: Extracting primitive: Cube.630
09:08:25 | INFO: Primitives created: 1
09:08:25 | INFO: Extracting primitive: Cube.628
09:08:25 | INFO: Primitives created: 1
09:08:25 | INFO: Extracting primitive: Cube.632
09:08:25 | INFO: Primitives created: 1
09:08:25 | INFO: Extracting primitive: Cube.633
09:08:25 | INFO: Primitives created: 1
09:08:25 | INFO: Extracting primitive: Cube.631
09:08:25 | INFO: Primitives created: 1
09:08:25 | INFO: Extracting primitive: Cube.635
09:08:25 | INFO: Primitives created: 1
09:08:25 | INFO: Extracting primitive: Cube.636
09:08:25 | INFO: Primitives created: 1
09:08:25 | INFO: Extracting primitive: Cube.634
09:08:25 | INFO: Primitives created: 1
09:08:25 | INFO: Extracting primitive: Cube.200
09:08:25 | INFO: Primitives created: 1
09:08:25 | INFO: Extracting primitive: Cube.201
09:08:25 | INFO: Primitives created: 1
09:08:25 | INFO: Extracting primitive: Cube.199
09:08:25 | INFO: Primitives created: 1
09:08:25 | INFO: Extracting primitive: Cube.208
09:08:25 | INFO: Primitives created: 1
09:08:25 | INFO: Extracting primitive: Cube.209
09:08:25 | INFO: Primitives created: 1
09:08:25 | INFO: Extracting primitive: Cube.210
09:08:25 | INFO: Primitives created: 1
09:08:25 | INFO: Extracting primitive: Cube.211
09:08:25 | INFO: Primitives created: 1
09:08:25 | INFO: Extracting primitive: Cube.203
09:08:25 | INFO: Primitives created: 1
09:08:25 | INFO: Extracting primitive: Cube.202
09:08:25 | INFO: Primitives created: 1
09:08:25 | INFO: Extracting primitive: Cube.205
09:08:25 | INFO: Primitives created: 1
09:08:25 | INFO: Extracting primitive: Cube.204
09:08:25 | INFO: Primitives created: 1
09:08:25 | INFO: Extracting primitive: Cube.207
09:08:25 | INFO: Primitives created: 1
09:08:25 | INFO: Extracting primitive: Cube.206
09:08:25 | INFO: Primitives created: 1
09:08:25 | INFO: Extracting primitive: Cube.608
09:08:25 | INFO: Primitives created: 1
09:08:25 | INFO: Extracting primitive: Cube.609
09:08:25 | INFO: Primitives created: 1
09:08:25 | INFO: Extracting primitive: Cylinder.029
09:08:25 | INFO: Primitives created: 1
09:08:25 | INFO: Extracting primitive: Cube.612
09:08:25 | INFO: Primitives created: 1
09:08:25 | INFO: Extracting primitive: Cube.613
09:08:25 | INFO: Primitives created: 1
09:08:25 | INFO: Extracting primitive: Cube.610
09:08:25 | INFO: Primitives created: 1
09:08:25 | INFO: Extracting primitive: Cube.611
09:08:25 | INFO: Primitives created: 1
09:08:25 | INFO: Extracting primitive: Cube.100
09:08:25 | INFO: Primitives created: 1
09:08:25 | INFO: Extracting primitive: Cube.091
09:08:25 | INFO: Primitives created: 1
09:08:25 | INFO: Extracting primitive: Cube.092
09:08:25 | INFO: Primitives created: 1
09:08:25 | INFO: Extracting primitive: Cube.093
09:08:25 | INFO: Primitives created: 1
09:08:25 | INFO: Extracting primitive: Cube.094
09:08:25 | INFO: Primitives created: 1
09:08:25 | INFO: Extracting primitive: Cube.095
09:08:25 | INFO: Primitives created: 1
09:08:25 | INFO: Extracting primitive: Cube.096
09:08:25 | INFO: Primitives created: 1
09:08:25 | INFO: Extracting primitive: Cube.097
09:08:25 | INFO: Primitives created: 1
09:08:25 | INFO: Extracting primitive: Cube.098
09:08:25 | INFO: Primitives created: 1
09:08:25 | INFO: Extracting primitive: Cube.099
09:08:25 | INFO: Primitives created: 1
09:08:25 | INFO: Extracting primitive: Cube.331
09:08:25 | INFO: Primitives created: 1
09:08:25 | INFO: Extracting primitive: Cube.344
09:08:25 | INFO: Primitives created: 1
09:08:25 | INFO: Extracting primitive: Cube.345
09:08:25 | INFO: Primitives created: 1
09:08:25 | INFO: Extracting primitive: Cube.346
09:08:25 | INFO: Primitives created: 1
09:08:25 | INFO: Extracting primitive: Cube.347
09:08:25 | INFO: Primitives created: 1
09:08:25 | INFO: Extracting primitive: Cube.579
09:08:25 | INFO: Primitives created: 1
09:08:25 | INFO: Extracting primitive: Cube.580
09:08:25 | INFO: Primitives created: 1
09:08:25 | INFO: Extracting primitive: Cube.581
09:08:25 | INFO: Primitives created: 1
09:08:25 | INFO: Extracting primitive: Cylinder.025
09:08:25 | INFO: Primitives created: 1
09:08:25 | INFO: Extracting primitive: Cube.584
09:08:25 | INFO: Primitives created: 1
09:08:25 | INFO: Extracting primitive: Cube.585
09:08:25 | INFO: Primitives created: 1
09:08:25 | INFO: Extracting primitive: Cube.582
09:08:25 | INFO: Primitives created: 1
09:08:25 | INFO: Extracting primitive: Cube.583
09:08:25 | INFO: Primitives created: 1
09:08:25 | INFO: Extracting primitive: Cube.340
09:08:25 | INFO: Primitives created: 1
09:08:25 | INFO: Extracting primitive: Cube.341
09:08:25 | INFO: Primitives created: 1
09:08:25 | INFO: Extracting primitive: Cube.342
09:08:25 | INFO: Primitives created: 1
09:08:25 | INFO: Extracting primitive: Cube.343
09:08:25 | INFO: Primitives created: 1
09:08:25 | INFO: Extracting primitive: RM_BLOW_BOTTLE_OUTFEED_BED_MESH.001
09:08:25 | INFO: Primitives created: 1
09:08:25 | INFO: Extracting primitive: RM_BLOW_BOTTLE_OUTFEED_GUARD_A_MESH.001
09:08:25 | INFO: Primitives created: 1
09:08:25 | INFO: Extracting primitive: RM_BLOW_BOTTLE_OUTFEED_GUARD_B_MESH.001
09:08:25 | INFO: Primitives created: 1
09:08:25 | INFO: Extracting primitive: RM_BLOW_BOTTLE_OUTFEED_ROLLER_0_MESH.001
09:08:25 | INFO: Primitives created: 1
09:08:25 | INFO: Extracting primitive: RM_BLOW_BOTTLE_OUTFEED_ROLLER_1_MESH.001
09:08:25 | INFO: Primitives created: 1
09:08:25 | INFO: Extracting primitive: RM_BLOW_BOTTLE_OUTFEED_ROLLER_2_MESH.001
09:08:25 | INFO: Primitives created: 1
09:08:25 | INFO: Extracting primitive: RM_BLOW_BOTTLE_OUTFEED_ROLLER_3_MESH.001
09:08:25 | INFO: Primitives created: 1
09:08:25 | INFO: Extracting primitive: RM_BLOW_BOTTLE_OUTFEED_ROLLER_4_MESH.001
09:08:25 | INFO: Primitives created: 1
09:08:25 | INFO: Extracting primitive: RM_BLOW_HEATER_COLUMN_MESH.001
09:08:25 | INFO: Primitives created: 1
09:08:25 | INFO: Extracting primitive: RM_BLOW_HOPPER_FEED_MESH.001
09:08:25 | INFO: Primitives created: 1
09:08:25 | INFO: Extracting primitive: RM_BLOW_MOULDING_MOLD_STATION_MESH.001
09:08:25 | INFO: Primitives created: 1
09:08:25 | INFO: Extracting primitive: RM_BLOW_MOULDING_PRESS_CONTROL_MESH.001
09:08:25 | INFO: Primitives created: 1
09:08:25 | INFO: Extracting primitive: RM_BLOW_MOULDING_PRESS_FRAME_MESH.001
09:08:25 | INFO: Primitives created: 1
09:08:25 | INFO: Extracting primitive: RM_BLOW_PREFORM_0_MESH.001
09:08:25 | INFO: Primitives created: 1
09:08:25 | INFO: Extracting primitive: RM_BLOW_PREFORM_1_MESH.001
09:08:25 | INFO: Primitives created: 1
09:08:25 | INFO: Extracting primitive: RM_BLOW_PREFORM_2_MESH.001
09:08:25 | INFO: Primitives created: 1
09:08:25 | INFO: Extracting primitive: RM_BLOW_PREFORM_3_MESH.001
09:08:25 | INFO: Primitives created: 1
09:08:25 | INFO: Extracting primitive: RM_BLOW_PREFORM_4_MESH.001
09:08:25 | INFO: Primitives created: 1
09:08:25 | INFO: Extracting primitive: RM_BLOW_PREFORM_5_MESH.001
09:08:25 | INFO: Primitives created: 1
09:08:25 | INFO: Extracting primitive: RM_BLOW_PREFORM_HOPPER_MESH.001
09:08:25 | INFO: Primitives created: 1
09:08:25 | INFO: Extracting primitive: RM_BLOW_PROCESS_PANEL_MESH.001
09:08:25 | INFO: Primitives created: 1
09:08:25 | INFO: Extracting primitive: RM_CAP_FEEDER_0_MESH.001
09:08:25 | INFO: Primitives created: 1
09:08:25 | INFO: Extracting primitive: RM_CAP_FEEDER_1_MESH.001
09:08:25 | INFO: Primitives created: 1
09:08:25 | INFO: Extracting primitive: RM_CAP_FEEDER_2_MESH.001
09:08:25 | INFO: Primitives created: 1
09:08:25 | INFO: Extracting primitive: RM_CAP_FEEDER_3_MESH.001
09:08:25 | INFO: Primitives created: 1
09:08:25 | INFO: Extracting primitive: RM_CAP_TRIGGER_ASSEMBLY_LINE_BED_MESH.001
09:08:25 | INFO: Primitives created: 1
09:08:25 | INFO: Extracting primitive: RM_CAP_TRIGGER_ASSEMBLY_LINE_GUARD_A_MESH.001
09:08:25 | INFO: Primitives created: 1
09:08:25 | INFO: Extracting primitive: RM_CAP_TRIGGER_ASSEMBLY_LINE_GUARD_B_MESH.001
09:08:25 | INFO: Primitives created: 1
09:08:25 | INFO: Extracting primitive: RM_CAP_TRIGGER_ASSEMBLY_LINE_ROLLER_0_MESH.001
09:08:25 | INFO: Primitives created: 1
09:08:25 | INFO: Extracting primitive: RM_CAP_TRIGGER_ASSEMBLY_LINE_ROLLER_1_MESH.001
09:08:25 | INFO: Primitives created: 1
09:08:25 | INFO: Extracting primitive: RM_CAP_TRIGGER_ASSEMBLY_LINE_ROLLER_2_MESH.001
09:08:25 | INFO: Primitives created: 1
09:08:25 | INFO: Extracting primitive: RM_CAP_TRIGGER_ASSEMBLY_LINE_ROLLER_3_MESH.001
09:08:25 | INFO: Primitives created: 1
09:08:25 | INFO: Extracting primitive: RM_CAP_TRIGGER_ASSEMBLY_LINE_ROLLER_4_MESH.001
09:08:25 | INFO: Primitives created: 1
09:08:25 | INFO: Extracting primitive: RM_CAPS_BOWL_CENTER_MESH.001
09:08:25 | INFO: Primitives created: 1
09:08:25 | INFO: Extracting primitive: RM_CAPS_FEED_TRACK_MESH.001
09:08:25 | INFO: Primitives created: 1
09:08:25 | INFO: Extracting primitive: RM_CAPS_REJECT_STATION_MESH.001
09:08:25 | INFO: Primitives created: 1
09:08:25 | INFO: Extracting primitive: RM_CAPS_ROTARY_BOWL_MESH.001
09:08:25 | INFO: Primitives created: 1
09:08:25 | INFO: Extracting primitive: RM_FIRE_CONTROLLER_MESH.001
09:08:25 | INFO: Primitives created: 1
09:08:25 | INFO: Extracting primitive: RM_FIRE_MANIFOLD_MESH.001
09:08:25 | INFO: Primitives created: 1
09:08:25 | INFO: Extracting primitive: RM_FIRE_PUMP_0_BASE_MESH.001
09:08:25 | INFO: Primitives created: 1
09:08:25 | INFO: Extracting primitive: RM_FIRE_PUMP_0_DISCHARGE_MESH.001
09:08:25 | INFO: Primitives created: 1
09:08:25 | INFO: Extracting primitive: RM_FIRE_PUMP_0_MOTOR_MESH.001
09:08:25 | INFO: Primitives created: 1
09:08:25 | INFO: Extracting primitive: RM_FIRE_PUMP_0_SUCTION_MESH.001
09:08:25 | INFO: Primitives created: 1
09:08:25 | INFO: Extracting primitive: RM_FIRE_PUMP_1_BASE_MESH.001
09:08:25 | INFO: Primitives created: 1
09:08:25 | INFO: Extracting primitive: RM_FIRE_PUMP_1_DISCHARGE_MESH.001
09:08:25 | INFO: Primitives created: 1
09:08:25 | INFO: Extracting primitive: RM_FIRE_PUMP_1_MOTOR_MESH.001
09:08:25 | INFO: Primitives created: 1
09:08:25 | INFO: Extracting primitive: RM_FIRE_PUMP_1_SUCTION_MESH.001
09:08:25 | INFO: Primitives created: 1
09:08:25 | INFO: Extracting primitive: RM_FIRE_PUMP_2_BASE_MESH.001
09:08:25 | INFO: Primitives created: 1
09:08:25 | INFO: Extracting primitive: RM_FIRE_PUMP_2_DISCHARGE_MESH.001
09:08:25 | INFO: Primitives created: 1
09:08:25 | INFO: Extracting primitive: RM_FIRE_PUMP_2_MOTOR_MESH.001
09:08:25 | INFO: Primitives created: 1
09:08:25 | INFO: Extracting primitive: RM_FIRE_PUMP_2_SUCTION_MESH.001
09:08:25 | INFO: Primitives created: 1
09:08:25 | INFO: Extracting primitive: RM_FIRE_SERVICE_ACCESS_MESH.001
09:08:25 | INFO: Primitives created: 1
09:08:25 | INFO: Extracting primitive: RM_GATEHOUSE_BARRIER_CONTROL_MESH.001
09:08:25 | INFO: Primitives created: 1
09:08:25 | INFO: Extracting primitive: RM_GATEHOUSE_BOOM_BARRIER_MESH.001
09:08:25 | INFO: Primitives created: 1
09:08:25 | INFO: Extracting primitive: RM_GATEHOUSE_CONTROL_DESK_MESH.001
09:08:25 | INFO: Primitives created: 1
09:08:25 | INFO: Extracting primitive: RM_GATEHOUSE_MONITOR_0_MESH.001
09:08:25 | INFO: Primitives created: 1
09:08:25 | INFO: Extracting primitive: RM_GATEHOUSE_MONITOR_1_MESH.001
09:08:25 | INFO: Primitives created: 1
09:08:25 | INFO: Extracting primitive: RM_GATEHOUSE_MONITOR_2_MESH.001
09:08:25 | INFO: Primitives created: 1
09:08:25 | INFO: Extracting primitive: RM_GATEHOUSE_RADIO_CONSOLE_MESH.001
09:08:25 | INFO: Primitives created: 1
09:08:25 | INFO: Extracting primitive: RM_GATEHOUSE_VISITOR_WINDOW_MESH.001
09:08:25 | INFO: Primitives created: 1
09:08:25 | INFO: Extracting primitive: RM_GLASS_CAFE_COUNTER_MESH.001
09:08:25 | INFO: Primitives created: 1
09:08:25 | INFO: Extracting primitive: RM_GLASS_CAFE_STOOL_0_MESH.001
09:08:25 | INFO: Primitives created: 1
09:08:25 | INFO: Extracting primitive: RM_GLASS_CAFE_STOOL_1_MESH.001
09:08:25 | INFO: Primitives created: 1
09:08:25 | INFO: Extracting primitive: RM_GLASS_CAFE_STOOL_2_MESH.001
09:08:25 | INFO: Primitives created: 1
09:08:25 | INFO: Extracting primitive: RM_GLASS_CAFE_STOOL_3_MESH.001
09:08:25 | INFO: Primitives created: 1
09:08:25 | INFO: Extracting primitive: RM_GLASS_COMMAND_CONSOLE_MESH.001
09:08:25 | INFO: Primitives created: 1
09:08:25 | INFO: Extracting primitive: RM_GLASS_COMMAND_MONITOR_0_MESH.001
09:08:25 | INFO: Primitives created: 1
09:08:25 | INFO: Extracting primitive: RM_GLASS_COMMAND_MONITOR_1_MESH.001
09:08:25 | INFO: Primitives created: 1
09:08:25 | INFO: Extracting primitive: RM_GLASS_COMMAND_MONITOR_2_MESH.001
09:08:25 | INFO: Primitives created: 1
09:08:25 | INFO: Extracting primitive: RM_GLASS_COMMAND_MONITOR_3_MESH.001
09:08:25 | INFO: Primitives created: 1
09:08:25 | INFO: Extracting primitive: RM_GLASS_COMMAND_SCREEN_4_MESH.001
09:08:25 | INFO: Primitives created: 1
09:08:25 | INFO: Extracting primitive: RM_GLASS_COMMAND_SCREEN_14_MESH.001
09:08:25 | INFO: Primitives created: 1
09:08:25 | INFO: Extracting primitive: RM_GLASS_COMMAND_SCREEN_24_MESH.001
09:08:25 | INFO: Primitives created: 1
09:08:25 | INFO: Extracting primitive: RM_GLASS_COMMAND_SCREEN_34_MESH.001
09:08:25 | INFO: Primitives created: 1
09:08:25 | INFO: Extracting primitive: RM_GLASS_TRAINING_CHAIR_7_1.7_1.2_MESH.001
09:08:25 | INFO: Primitives created: 1
09:08:25 | INFO: Extracting primitive: RM_GLASS_TRAINING_CHAIR_7_1.7_-1.2_MESH.001
09:08:25 | INFO: Primitives created: 1
09:08:25 | INFO: Extracting primitive: RM_GLASS_TRAINING_CHAIR_7_-1.7_1.2_MESH.001
09:08:25 | INFO: Primitives created: 1
09:08:25 | INFO: Extracting primitive: RM_GLASS_TRAINING_CHAIR_7_-1.7_-1.2_MESH.001
09:08:25 | INFO: Primitives created: 1
09:08:25 | INFO: Extracting primitive: RM_GLASS_TRAINING_CHAIR_18_1.7_1.2_MESH.001
09:08:25 | INFO: Primitives created: 1
09:08:25 | INFO: Extracting primitive: RM_GLASS_TRAINING_CHAIR_18_1.7_-1.2_MESH.001
09:08:25 | INFO: Primitives created: 1
09:08:25 | INFO: Extracting primitive: RM_GLASS_TRAINING_CHAIR_18_-1.7_1.2_MESH.001
09:08:25 | INFO: Primitives created: 1
09:08:25 | INFO: Extracting primitive: RM_GLASS_TRAINING_CHAIR_18_-1.7_-1.2_MESH.001
09:08:25 | INFO: Primitives created: 1
09:08:25 | INFO: Extracting primitive: RM_GLASS_TRAINING_TABLE_7_MESH.001
09:08:25 | INFO: Primitives created: 1
09:08:25 | INFO: Extracting primitive: RM_GLASS_TRAINING_TABLE_18_MESH.001
09:08:25 | INFO: Primitives created: 1
09:08:25 | INFO: Extracting primitive: RM_LIQUID_BOTTLE_CONVEYOR_BED_MESH.001
09:08:25 | INFO: Primitives created: 1
09:08:25 | INFO: Extracting primitive: RM_LIQUID_BOTTLE_CONVEYOR_GUARD_A_MESH.001
09:08:25 | INFO: Primitives created: 1
09:08:25 | INFO: Extracting primitive: RM_LIQUID_BOTTLE_CONVEYOR_GUARD_B_MESH.001
09:08:25 | INFO: Primitives created: 1
09:08:25 | INFO: Extracting primitive: RM_LIQUID_BOTTLE_CONVEYOR_ROLLER_0_MESH.001
09:08:25 | INFO: Primitives created: 1
09:08:25 | INFO: Extracting primitive: RM_LIQUID_BOTTLE_CONVEYOR_ROLLER_1_MESH.001
09:08:25 | INFO: Primitives created: 1
09:08:25 | INFO: Extracting primitive: RM_LIQUID_BOTTLE_CONVEYOR_ROLLER_2_MESH.001
09:08:25 | INFO: Primitives created: 1
09:08:25 | INFO: Extracting primitive: RM_LIQUID_BOTTLE_CONVEYOR_ROLLER_3_MESH.001
09:08:25 | INFO: Primitives created: 1
09:08:25 | INFO: Extracting primitive: RM_LIQUID_BOTTLE_CONVEYOR_ROLLER_4_MESH.001
09:08:25 | INFO: Primitives created: 1
09:08:25 | INFO: Extracting primitive: RM_LIQUID_CAPPER_CONTROL_MESH.001
09:08:25 | INFO: Primitives created: 1
09:08:25 | INFO: Extracting primitive: RM_LIQUID_CAPPER_FRAME_MESH.001
09:08:25 | INFO: Primitives created: 1
09:08:25 | INFO: Extracting primitive: RM_LIQUID_CASE_PACKER_CONTROL_MESH.001
09:08:25 | INFO: Primitives created: 1
09:08:25 | INFO: Extracting primitive: RM_LIQUID_CASE_PACKER_FRAME_MESH.001
09:08:25 | INFO: Primitives created: 1
09:08:25 | INFO: Extracting primitive: RM_LIQUID_FILL_NOZZLE_0_MESH.001
09:08:25 | INFO: Primitives created: 1
09:08:25 | INFO: Extracting primitive: RM_LIQUID_FILL_NOZZLE_1_MESH.001
09:08:25 | INFO: Primitives created: 1
09:08:25 | INFO: Extracting primitive: RM_LIQUID_FILL_NOZZLE_2_MESH.001
09:08:25 | INFO: Primitives created: 1
09:08:25 | INFO: Extracting primitive: RM_LIQUID_FILL_NOZZLE_3_MESH.001
09:08:25 | INFO: Primitives created: 1
09:08:25 | INFO: Extracting primitive: RM_LIQUID_FILL_NOZZLE_4_MESH.001
09:08:25 | INFO: Primitives created: 1
09:08:25 | INFO: Extracting primitive: RM_LIQUID_FILL_NOZZLE_5_MESH.001
09:08:25 | INFO: Primitives created: 1
09:08:25 | INFO: Extracting primitive: RM_LIQUID_FILL_NOZZLE_6_MESH.001
09:08:25 | INFO: Primitives created: 1
09:08:25 | INFO: Extracting primitive: RM_LIQUID_FILL_NOZZLE_7_MESH.001
09:08:25 | INFO: Primitives created: 1
09:08:25 | INFO: Extracting primitive: RM_LIQUID_FILLER_CAROUSEL_MESH.001
09:08:25 | INFO: Primitives created: 1
09:08:25 | INFO: Extracting primitive: RM_LIQUID_LABELER_CONTROL_MESH.001
09:08:25 | INFO: Primitives created: 1
09:08:25 | INFO: Extracting primitive: RM_LIQUID_LABELER_FRAME_MESH.001
09:08:25 | INFO: Primitives created: 1
09:08:25 | INFO: Extracting primitive: RM_LIQUID_PRODUCT_0_MESH.001
09:08:25 | INFO: Primitives created: 1
09:08:25 | INFO: Extracting primitive: RM_LIQUID_PRODUCT_1_MESH.001
09:08:25 | INFO: Primitives created: 1
09:08:25 | INFO: Extracting primitive: RM_LIQUID_PRODUCT_2_MESH.001
09:08:25 | INFO: Primitives created: 1
09:08:25 | INFO: Extracting primitive: RM_LIQUID_PRODUCT_3_MESH.001
09:08:25 | INFO: Primitives created: 1
09:08:25 | INFO: Extracting primitive: RM_LIQUID_PRODUCT_4_MESH.001
09:08:25 | INFO: Primitives created: 1
09:08:25 | INFO: Extracting primitive: RM_LV_BREAKER_WINDOW_0_MESH.001
09:08:25 | INFO: Primitives created: 1
09:08:25 | INFO: Extracting primitive: RM_LV_BREAKER_WINDOW_1_MESH.001
09:08:25 | INFO: Primitives created: 1
09:08:25 | INFO: Extracting primitive: RM_LV_BREAKER_WINDOW_2_MESH.001
09:08:25 | INFO: Primitives created: 1
09:08:25 | INFO: Extracting primitive: RM_LV_BREAKER_WINDOW_3_MESH.001
09:08:25 | INFO: Primitives created: 1
09:08:25 | INFO: Extracting primitive: RM_LV_BREAKER_WINDOW_4_MESH.001
09:08:25 | INFO: Primitives created: 1
09:08:25 | INFO: Extracting primitive: RM_LV_BUSBAR_TRUNK_MESH.001
09:08:25 | INFO: Primitives created: 1
09:08:25 | INFO: Extracting primitive: RM_LV_CABLE_0_MESH.001
09:08:25 | INFO: Primitives created: 1
09:08:25 | INFO: Extracting primitive: RM_LV_CABLE_1_MESH.001
09:08:25 | INFO: Primitives created: 1
09:08:25 | INFO: Extracting primitive: RM_LV_CABLE_2_MESH.001
09:08:25 | INFO: Primitives created: 1
09:08:25 | INFO: Extracting primitive: RM_LV_CABLE_3_MESH.001
09:08:25 | INFO: Primitives created: 1
09:08:25 | INFO: Extracting primitive: RM_LV_CABLE_4_MESH.001
09:08:25 | INFO: Primitives created: 1
09:08:25 | INFO: Extracting primitive: RM_LV_PANEL_DOOR_0_MESH.001
09:08:25 | INFO: Primitives created: 1
09:08:25 | INFO: Extracting primitive: RM_LV_PANEL_DOOR_1_MESH.001
09:08:25 | INFO: Primitives created: 1
09:08:25 | INFO: Extracting primitive: RM_LV_PANEL_DOOR_2_MESH.001
09:08:25 | INFO: Primitives created: 1
09:08:25 | INFO: Extracting primitive: RM_LV_PANEL_DOOR_3_MESH.001
09:08:25 | INFO: Primitives created: 1
09:08:25 | INFO: Extracting primitive: RM_LV_PANEL_DOOR_4_MESH.001
09:08:25 | INFO: Primitives created: 1
09:08:25 | INFO: Extracting primitive: RM_LV_REMOTE_SERVICE_PANEL_MESH.001
09:08:25 | INFO: Primitives created: 1
09:08:25 | INFO: Extracting primitive: RM_LV_SERVICE_CLEARANCE_MESH.001
09:08:25 | INFO: Primitives created: 1
09:08:25 | INFO: Extracting primitive: RM_LV_SWITCHGEAR_0_MESH.001
09:08:25 | INFO: Primitives created: 1
09:08:25 | INFO: Extracting primitive: RM_LV_SWITCHGEAR_1_MESH.001
09:08:25 | INFO: Primitives created: 1
09:08:25 | INFO: Extracting primitive: RM_LV_SWITCHGEAR_2_MESH.001
09:08:25 | INFO: Primitives created: 1
09:08:25 | INFO: Extracting primitive: RM_LV_SWITCHGEAR_3_MESH.001
09:08:25 | INFO: Primitives created: 1
09:08:25 | INFO: Extracting primitive: RM_LV_SWITCHGEAR_4_MESH.001
09:08:25 | INFO: Primitives created: 1
09:08:25 | INFO: Extracting primitive: Cube.071
09:08:25 | INFO: Primitives created: 1
09:08:25 | INFO: Extracting primitive: Cube.072
09:08:25 | INFO: Primitives created: 1
09:08:25 | INFO: Extracting primitive: Cube.064
09:08:25 | INFO: Primitives created: 1
09:08:25 | INFO: Extracting primitive: Cube.065
09:08:25 | INFO: Primitives created: 1
09:08:25 | INFO: Extracting primitive: Cube.066
09:08:25 | INFO: Primitives created: 1
09:08:25 | INFO: Extracting primitive: Cube.067
09:08:25 | INFO: Primitives created: 1
09:08:25 | INFO: Extracting primitive: Cube.068
09:08:25 | INFO: Primitives created: 1
09:08:25 | INFO: Extracting primitive: Cube.069
09:08:25 | INFO: Primitives created: 1
09:08:25 | INFO: Extracting primitive: RM_PERSONNEL_ENTRANCE_SIGNAGE_CURVE
09:08:25 | INFO: Primitives created: 1
09:08:25 | INFO: Extracting primitive: Cube.070
09:08:25 | INFO: Primitives created: 1
09:08:25 | INFO: Extracting primitive: RM_POWDER_AUGER_MESH.001
09:08:25 | INFO: Primitives created: 1
09:08:25 | INFO: Extracting primitive: RM_POWDER_BAG_0_MESH.001
09:08:25 | INFO: Primitives created: 1
09:08:25 | INFO: Extracting primitive: RM_POWDER_BAG_1_MESH.001
09:08:25 | INFO: Primitives created: 1
09:08:25 | INFO: Extracting primitive: RM_POWDER_BAG_2_MESH.001
09:08:25 | INFO: Primitives created: 1
09:08:25 | INFO: Extracting primitive: RM_POWDER_BAG_3_MESH.001
09:08:25 | INFO: Primitives created: 1
09:08:25 | INFO: Extracting primitive: RM_POWDER_BAG_DUMP_MESH.001
09:08:25 | INFO: Primitives created: 1
09:08:25 | INFO: Extracting primitive: RM_POWDER_DUST_HOOD_MESH.001
09:08:25 | INFO: Primitives created: 1
09:08:25 | INFO: Extracting primitive: RM_POWDER_HOPPER_LID_MESH.001
09:08:25 | INFO: Primitives created: 1
09:08:25 | INFO: Extracting primitive: RM_POWDER_HOPPER_MOTOR_MESH.001
09:08:25 | INFO: Primitives created: 1
09:08:25 | INFO: Extracting primitive: RM_POWDER_HOPPER_OUTLET_MESH.001
09:08:25 | INFO: Primitives created: 1
09:08:25 | INFO: Extracting primitive: RM_POWDER_HOPPER_VESSEL_MESH.001
09:08:25 | INFO: Primitives created: 1
09:08:25 | INFO: Extracting primitive: RM_POWDER_PACKOUT_BED_MESH.001
09:08:25 | INFO: Primitives created: 1
09:08:25 | INFO: Extracting primitive: RM_POWDER_PACKOUT_GUARD_A_MESH.001
09:08:25 | INFO: Primitives created: 1
09:08:25 | INFO: Extracting primitive: RM_POWDER_PACKOUT_GUARD_B_MESH.001
09:08:25 | INFO: Primitives created: 1
09:08:25 | INFO: Extracting primitive: RM_POWDER_PACKOUT_ROLLER_0_MESH.001
09:08:25 | INFO: Primitives created: 1
09:08:25 | INFO: Extracting primitive: RM_POWDER_PACKOUT_ROLLER_1_MESH.001
09:08:25 | INFO: Primitives created: 1
09:08:25 | INFO: Extracting primitive: RM_POWDER_PACKOUT_ROLLER_2_MESH.001
09:08:25 | INFO: Primitives created: 1
09:08:25 | INFO: Extracting primitive: RM_POWDER_PACKOUT_ROLLER_3_MESH.001
09:08:25 | INFO: Primitives created: 1
09:08:25 | INFO: Extracting primitive: RM_POWDER_PACKOUT_ROLLER_4_MESH.001
09:08:25 | INFO: Primitives created: 1
09:08:25 | INFO: Extracting primitive: RM_POWDER_VFFS_BAGGER_CONTROL_MESH.001
09:08:25 | INFO: Primitives created: 1
09:08:25 | INFO: Extracting primitive: RM_POWDER_VFFS_BAGGER_FRAME_MESH.001
09:08:25 | INFO: Primitives created: 1
09:08:25 | INFO: Extracting primitive: RM_RECEPTION_CCTV_0_MESH.001
09:08:25 | INFO: Primitives created: 1
09:08:25 | INFO: Extracting primitive: RM_RECEPTION_CCTV_1_MESH.001
09:08:25 | INFO: Primitives created: 1
09:08:25 | INFO: Extracting primitive: RM_RECEPTION_CCTV_2_MESH.001
09:08:25 | INFO: Primitives created: 1
09:08:25 | INFO: Extracting primitive: RM_RECEPTION_CCTV_3_MESH.001
09:08:25 | INFO: Primitives created: 1
09:08:25 | INFO: Extracting primitive: RM_RECEPTION_CCTV_WALL_MESH.001
09:08:25 | INFO: Primitives created: 1
09:08:25 | INFO: Extracting primitive: RM_RECEPTION_CHECKIN_SCREEN_MESH.001
09:08:25 | INFO: Primitives created: 1
09:08:25 | INFO: Extracting primitive: RM_RECEPTION_SECURITY_DESK_MESH.001
09:08:25 | INFO: Primitives created: 1
09:08:25 | INFO: Extracting primitive: RM_RECEPTION_TURNSTILE_0_MESH.001
09:08:25 | INFO: Primitives created: 1
09:08:25 | INFO: Extracting primitive: RM_RECEPTION_TURNSTILE_1_MESH.001
09:08:25 | INFO: Primitives created: 1
09:08:25 | INFO: Extracting primitive: RM_RECEPTION_TURNSTILE_2_MESH.001
09:08:25 | INFO: Primitives created: 1
09:08:25 | INFO: Extracting primitive: RM_RECEPTION_TURNSTILE_ARM_0_MESH.001
09:08:25 | INFO: Primitives created: 1
09:08:25 | INFO: Extracting primitive: RM_RECEPTION_TURNSTILE_ARM_1_MESH.001
09:08:25 | INFO: Primitives created: 1
09:08:25 | INFO: Extracting primitive: RM_RECEPTION_TURNSTILE_ARM_2_MESH.001
09:08:26 | INFO: Primitives created: 1
09:08:26 | INFO: Extracting primitive: RM_RECEPTION_VISITOR_SEAT_0_MESH.001
09:08:26 | INFO: Primitives created: 1
09:08:26 | INFO: Extracting primitive: RM_RECEPTION_VISITOR_SEAT_1_MESH.001
09:08:26 | INFO: Primitives created: 1
09:08:26 | INFO: Extracting primitive: RM_RECEPTION_VISITOR_SEAT_2_MESH.001
09:08:26 | INFO: Primitives created: 1
09:08:26 | INFO: Extracting primitive: RM_RECEPTION_VISITOR_SEAT_3_MESH.001
09:08:26 | INFO: Primitives created: 1
09:08:26 | INFO: Extracting primitive: RM_TOOTHPASTE_CARTONER_CONTROL_MESH.001
09:08:26 | INFO: Primitives created: 1
09:08:26 | INFO: Extracting primitive: RM_TOOTHPASTE_CARTONER_FRAME_MESH.001
09:08:26 | INFO: Primitives created: 1
09:08:26 | INFO: Extracting primitive: RM_TOOTHPASTE_HOLDING_TANK_LID_MESH.001
09:08:26 | INFO: Primitives created: 1
09:08:26 | INFO: Extracting primitive: RM_TOOTHPASTE_HOLDING_TANK_MOTOR_MESH.001
09:08:26 | INFO: Primitives created: 1
09:08:26 | INFO: Extracting primitive: RM_TOOTHPASTE_HOLDING_TANK_OUTLET_MESH.001
09:08:26 | INFO: Primitives created: 1
09:08:26 | INFO: Extracting primitive: RM_TOOTHPASTE_HOLDING_TANK_VESSEL_MESH.001
09:08:26 | INFO: Primitives created: 1
09:08:26 | INFO: Extracting primitive: RM_TOOTHPASTE_TRANSFER_MESH.001
09:08:26 | INFO: Primitives created: 1
09:08:26 | INFO: Extracting primitive: RM_TOOTHPASTE_TUBE_0_MESH.001
09:08:26 | INFO: Primitives created: 1
09:08:26 | INFO: Extracting primitive: RM_TOOTHPASTE_TUBE_1_MESH.001
09:08:26 | INFO: Primitives created: 1
09:08:26 | INFO: Extracting primitive: RM_TOOTHPASTE_TUBE_2_MESH.001
09:08:26 | INFO: Primitives created: 1
09:08:26 | INFO: Extracting primitive: RM_TOOTHPASTE_TUBE_3_MESH.001
09:08:26 | INFO: Primitives created: 1
09:08:26 | INFO: Extracting primitive: RM_TOOTHPASTE_TUBE_4_MESH.001
09:08:26 | INFO: Primitives created: 1
09:08:26 | INFO: Extracting primitive: RM_TOOTHPASTE_TUBE_FILLER_CONTROL_MESH.001
09:08:26 | INFO: Primitives created: 1
09:08:26 | INFO: Extracting primitive: RM_TOOTHPASTE_TUBE_FILLER_FRAME_MESH.001
09:08:26 | INFO: Primitives created: 1
09:08:26 | INFO: Extracting primitive: RM_TOOTHPASTE_TUBE_LINE_BED_MESH.001
09:08:26 | INFO: Primitives created: 1
09:08:26 | INFO: Extracting primitive: RM_TOOTHPASTE_TUBE_LINE_GUARD_A_MESH.001
09:08:26 | INFO: Primitives created: 1
09:08:26 | INFO: Extracting primitive: RM_TOOTHPASTE_TUBE_LINE_GUARD_B_MESH.001
09:08:26 | INFO: Primitives created: 1
09:08:26 | INFO: Extracting primitive: RM_TOOTHPASTE_TUBE_LINE_ROLLER_0_MESH.001
09:08:26 | INFO: Primitives created: 1
09:08:26 | INFO: Extracting primitive: RM_TOOTHPASTE_TUBE_LINE_ROLLER_1_MESH.001
09:08:26 | INFO: Primitives created: 1
09:08:26 | INFO: Extracting primitive: RM_TOOTHPASTE_TUBE_LINE_ROLLER_2_MESH.001
09:08:26 | INFO: Primitives created: 1
09:08:26 | INFO: Extracting primitive: RM_TOOTHPASTE_TUBE_LINE_ROLLER_3_MESH.001
09:08:26 | INFO: Primitives created: 1
09:08:26 | INFO: Extracting primitive: RM_TOOTHPASTE_TUBE_LINE_ROLLER_4_MESH.001
09:08:26 | INFO: Primitives created: 1
09:08:26 | INFO: Extracting primitive: RM_TOOTHPASTE_VACUUM_HEAD_MESH.001
09:08:26 | INFO: Primitives created: 1
09:08:26 | INFO: Extracting primitive: RM_TOOTHPASTE_VACUUM_MIXER_LID_MESH.001
09:08:26 | INFO: Primitives created: 1
09:08:26 | INFO: Extracting primitive: RM_TOOTHPASTE_VACUUM_MIXER_MOTOR_MESH.001
09:08:26 | INFO: Primitives created: 1
09:08:26 | INFO: Extracting primitive: RM_TOOTHPASTE_VACUUM_MIXER_OUTLET_MESH.001
09:08:26 | INFO: Primitives created: 1
09:08:26 | INFO: Extracting primitive: RM_TOOTHPASTE_VACUUM_MIXER_VESSEL_MESH.001
09:08:26 | INFO: Primitives created: 1
09:08:26 | INFO: Extracting primitive: RM_TRIGGER_FEEDER_MESH.001
09:08:26 | INFO: Primitives created: 1
09:08:26 | INFO: Extracting primitive: RM_TRIGGER_PICK_PLACE_0_MESH.001
09:08:26 | INFO: Primitives created: 1
09:08:26 | INFO: Extracting primitive: RM_TRIGGER_PICK_PLACE_1_MESH.001
09:08:26 | INFO: Primitives created: 1
09:08:26 | INFO: Extracting primitive: RM_TRIGGER_PICK_PLACE_2_MESH.001
09:08:26 | INFO: Primitives created: 1
09:08:26 | INFO: Extracting primitive: RM_TRIGGER_PICK_PLACE_3_MESH.001
09:08:26 | INFO: Primitives created: 1
09:08:26 | INFO: Extracting primitive: RM_WEIGH_BALANCE_MESH.001
09:08:26 | INFO: Primitives created: 1
09:08:26 | INFO: Extracting primitive: RM_WEIGH_BIN_0_MESH.001
09:08:26 | INFO: Primitives created: 1
09:08:26 | INFO: Extracting primitive: RM_WEIGH_BIN_1_MESH.001
09:08:26 | INFO: Primitives created: 1
09:08:26 | INFO: Extracting primitive: RM_WEIGH_BIN_2_MESH.001
09:08:26 | INFO: Primitives created: 1
09:08:26 | INFO: Extracting primitive: RM_WEIGH_BIN_3_MESH.001
09:08:26 | INFO: Primitives created: 1
09:08:26 | INFO: Extracting primitive: RM_WEIGH_BOOTH_MESH.001
09:08:26 | INFO: Primitives created: 1
09:08:26 | INFO: Extracting primitive: RM_WEIGH_HOPPER_0_MESH.001
09:08:26 | INFO: Primitives created: 1
09:08:26 | INFO: Extracting primitive: RM_WEIGH_HOPPER_1_MESH.001
09:08:26 | INFO: Primitives created: 1
09:08:26 | INFO: Extracting primitive: RM_WEIGH_HOPPER_2_MESH.001
09:08:26 | INFO: Primitives created: 1
09:08:26 | INFO: Extracting primitive: RM_WEIGH_HOPPER_3_MESH.001
09:08:26 | INFO: Primitives created: 1
09:08:26 | INFO: Extracting primitive: RM_WEIGH_SCALE_TABLE_MESH.001
09:08:26 | INFO: Primitives created: 1
09:08:26 | INFO: Extracting primitive: RM_WEIGH_TRANSFER_CART_MESH.001
09:08:26 | INFO: Primitives created: 1
09:08:26 | INFO: Extracting primitive: RM_WELFARE_CHANGE_BENCH_LEG4.6_MESH.001
09:08:26 | INFO: Primitives created: 1
09:08:26 | INFO: Extracting primitive: RM_WELFARE_CHANGE_BENCH_LEG-4.6_MESH.001
09:08:26 | INFO: Primitives created: 1
09:08:26 | INFO: Extracting primitive: RM_WELFARE_CHANGE_BENCH_SEAT_MESH.001
09:08:26 | INFO: Primitives created: 1
09:08:26 | INFO: Extracting primitive: RM_WELFARE_CLEAN_ENTRY_MESH.001
09:08:26 | INFO: Primitives created: 1
09:08:26 | INFO: Extracting primitive: RM_WELFARE_DIRTY_ENTRY_MESH.001
09:08:26 | INFO: Primitives created: 1
09:08:26 | INFO: Extracting primitive: RM_WELFARE_DRAIN_0_MESH.001
09:08:26 | INFO: Primitives created: 1
09:08:26 | INFO: Extracting primitive: RM_WELFARE_DRAIN_1_MESH.001
09:08:26 | INFO: Primitives created: 1
09:08:26 | INFO: Extracting primitive: RM_WELFARE_DRAIN_2_MESH.001
09:08:26 | INFO: Primitives created: 1
09:08:26 | INFO: Extracting primitive: RM_WELFARE_DRAIN_3_MESH.001
09:08:26 | INFO: Primitives created: 1
09:08:26 | INFO: Extracting primitive: RM_WELFARE_LOCKER_BANK_0_MESH.001
09:08:26 | INFO: Primitives created: 1
09:08:26 | INFO: Extracting primitive: RM_WELFARE_LOCKER_BANK_1_MESH.001
09:08:26 | INFO: Primitives created: 1
09:08:26 | INFO: Extracting primitive: RM_WELFARE_LOCKER_BANK_2_MESH.001
09:08:26 | INFO: Primitives created: 1
09:08:26 | INFO: Extracting primitive: RM_WELFARE_LOCKER_BANK_3_MESH.001
09:08:26 | INFO: Primitives created: 1
09:08:26 | INFO: Extracting primitive: RM_WELFARE_LOCKER_BANK_4_MESH.001
09:08:26 | INFO: Primitives created: 1
09:08:26 | INFO: Extracting primitive: RM_WELFARE_LOCKER_DOOR_0_0_MESH.001
09:08:26 | INFO: Primitives created: 1
09:08:26 | INFO: Extracting primitive: RM_WELFARE_LOCKER_DOOR_0_1_MESH.001
09:08:26 | INFO: Primitives created: 1
09:08:26 | INFO: Extracting primitive: RM_WELFARE_LOCKER_DOOR_0_2_MESH.001
09:08:26 | INFO: Primitives created: 1
09:08:26 | INFO: Extracting primitive: RM_WELFARE_LOCKER_DOOR_1_0_MESH.001
09:08:26 | INFO: Primitives created: 1
09:08:26 | INFO: Extracting primitive: RM_WELFARE_LOCKER_DOOR_1_1_MESH.001
09:08:26 | INFO: Primitives created: 1
09:08:26 | INFO: Extracting primitive: RM_WELFARE_LOCKER_DOOR_1_2_MESH.001
09:08:26 | INFO: Primitives created: 1
09:08:26 | INFO: Extracting primitive: RM_WELFARE_LOCKER_DOOR_2_0_MESH.001
09:08:26 | INFO: Primitives created: 1
09:08:26 | INFO: Extracting primitive: RM_WELFARE_LOCKER_DOOR_2_1_MESH.001
09:08:26 | INFO: Primitives created: 1
09:08:26 | INFO: Extracting primitive: RM_WELFARE_LOCKER_DOOR_2_2_MESH.001
09:08:26 | INFO: Primitives created: 1
09:08:26 | INFO: Extracting primitive: RM_WELFARE_LOCKER_DOOR_3_0_MESH.001
09:08:26 | INFO: Primitives created: 1
09:08:26 | INFO: Extracting primitive: RM_WELFARE_LOCKER_DOOR_3_1_MESH.001
09:08:26 | INFO: Primitives created: 1
09:08:26 | INFO: Extracting primitive: RM_WELFARE_LOCKER_DOOR_3_2_MESH.001
09:08:26 | INFO: Primitives created: 1
09:08:26 | INFO: Extracting primitive: RM_WELFARE_LOCKER_DOOR_4_0_MESH.001
09:08:26 | INFO: Primitives created: 1
09:08:26 | INFO: Extracting primitive: RM_WELFARE_LOCKER_DOOR_4_1_MESH.001
09:08:26 | INFO: Primitives created: 1
09:08:26 | INFO: Extracting primitive: RM_WELFARE_LOCKER_DOOR_4_2_MESH.001
09:08:26 | INFO: Primitives created: 1
09:08:26 | INFO: Extracting primitive: RM_WELFARE_SHOWER_BACK_0_MESH
09:08:26 | INFO: Primitives created: 1
09:08:26 | INFO: Extracting primitive: RM_WELFARE_SHOWER_BACK_1_MESH
09:08:26 | INFO: Primitives created: 1
09:08:26 | INFO: Extracting primitive: RM_WELFARE_SHOWER_BACK_2_MESH
09:08:26 | INFO: Primitives created: 1
09:08:26 | INFO: Extracting primitive: RM_WELFARE_SHOWER_BACK_3_MESH
09:08:26 | INFO: Primitives created: 1
09:08:26 | INFO: Extracting primitive: RM_WELFARE_SHOWER_HEAD_0_MESH.001
09:08:26 | INFO: Primitives created: 1
09:08:26 | INFO: Extracting primitive: RM_WELFARE_SHOWER_HEAD_1_MESH.001
09:08:26 | INFO: Primitives created: 1
09:08:26 | INFO: Extracting primitive: RM_WELFARE_SHOWER_HEAD_2_MESH.001
09:08:26 | INFO: Primitives created: 1
09:08:26 | INFO: Extracting primitive: RM_WELFARE_SHOWER_HEAD_3_MESH.001
09:08:26 | INFO: Primitives created: 1
09:08:26 | INFO: Extracting primitive: RM_WELFARE_SHOWER_OPEN_0_MESH.001
09:08:26 | INFO: Primitives created: 1
09:08:26 | INFO: Extracting primitive: RM_WELFARE_SHOWER_OPEN_1_MESH.001
09:08:26 | INFO: Primitives created: 1
09:08:26 | INFO: Extracting primitive: RM_WELFARE_SHOWER_OPEN_2_MESH.001
09:08:26 | INFO: Primitives created: 1
09:08:26 | INFO: Extracting primitive: RM_WELFARE_SHOWER_OPEN_3_MESH.001
09:08:26 | INFO: Primitives created: 1
09:08:26 | INFO: Extracting primitive: RM_WELFARE_SHOWER_SIDE_A_0_MESH
09:08:26 | INFO: Primitives created: 1
09:08:26 | INFO: Extracting primitive: RM_WELFARE_SHOWER_SIDE_A_1_MESH
09:08:26 | INFO: Primitives created: 1
09:08:26 | INFO: Extracting primitive: RM_WELFARE_SHOWER_SIDE_A_2_MESH
09:08:26 | INFO: Primitives created: 1
09:08:26 | INFO: Extracting primitive: RM_WELFARE_SHOWER_SIDE_A_3_MESH
09:08:26 | INFO: Primitives created: 1
09:08:26 | INFO: Extracting primitive: RM_WELFARE_SHOWER_SIDE_B_0_MESH
09:08:26 | INFO: Primitives created: 1
09:08:26 | INFO: Extracting primitive: RM_WELFARE_SHOWER_SIDE_B_1_MESH
09:08:26 | INFO: Primitives created: 1
09:08:26 | INFO: Extracting primitive: RM_WELFARE_SHOWER_SIDE_B_2_MESH
09:08:26 | INFO: Primitives created: 1
09:08:26 | INFO: Extracting primitive: RM_WELFARE_SHOWER_SIDE_B_3_MESH
09:08:26 | INFO: Primitives created: 1
09:08:26 | INFO: Extracting primitive: RM_WET_CIP_PIPE_0_MESH.001
09:08:26 | INFO: Primitives created: 1
09:08:26 | INFO: Extracting primitive: RM_WET_CIP_PIPE_1_MESH.001
09:08:26 | INFO: Primitives created: 1
09:08:26 | INFO: Extracting primitive: RM_WET_CIP_PIPE_2_MESH.001
09:08:26 | INFO: Primitives created: 1
09:08:26 | INFO: Extracting primitive: RM_WET_CIP_SKID_MESH.001
09:08:26 | INFO: Primitives created: 1
09:08:26 | INFO: Extracting primitive: RM_WET_MIX_TANK_0_LID_MESH.001
09:08:26 | INFO: Primitives created: 1
09:08:26 | INFO: Extracting primitive: RM_WET_MIX_TANK_0_MOTOR_MESH.001
09:08:26 | INFO: Primitives created: 1
09:08:26 | INFO: Extracting primitive: RM_WET_MIX_TANK_0_OUTLET_MESH.001
09:08:26 | INFO: Primitives created: 1
09:08:26 | INFO: Extracting primitive: RM_WET_MIX_TANK_0_VESSEL_MESH.001
09:08:26 | INFO: Primitives created: 1
09:08:26 | INFO: Extracting primitive: RM_WET_MIX_TANK_1_LID_MESH.001
09:08:26 | INFO: Primitives created: 1
09:08:26 | INFO: Extracting primitive: RM_WET_MIX_TANK_1_MOTOR_MESH.001
09:08:26 | INFO: Primitives created: 1
09:08:26 | INFO: Extracting primitive: RM_WET_MIX_TANK_1_OUTLET_MESH.001
09:08:26 | INFO: Primitives created: 1
09:08:26 | INFO: Extracting primitive: RM_WET_MIX_TANK_1_VESSEL_MESH.001
09:08:26 | INFO: Primitives created: 1
09:08:26 | INFO: Extracting primitive: RM_WET_MIX_TANK_2_LID_MESH.001
09:08:26 | INFO: Primitives created: 1
09:08:26 | INFO: Extracting primitive: RM_WET_MIX_TANK_2_MOTOR_MESH.001
09:08:26 | INFO: Primitives created: 1
09:08:26 | INFO: Extracting primitive: RM_WET_MIX_TANK_2_OUTLET_MESH.001
09:08:26 | INFO: Primitives created: 1
09:08:26 | INFO: Extracting primitive: RM_WET_MIX_TANK_2_VESSEL_MESH.001
09:08:26 | INFO: Primitives created: 1
09:08:26 | INFO: Extracting primitive: RM_WET_MIX_TANK_3_LID_MESH.001
09:08:26 | INFO: Primitives created: 1
09:08:26 | INFO: Extracting primitive: RM_WET_MIX_TANK_3_MOTOR_MESH.001
09:08:26 | INFO: Primitives created: 1
09:08:26 | INFO: Extracting primitive: RM_WET_MIX_TANK_3_OUTLET_MESH.001
09:08:26 | INFO: Primitives created: 1
09:08:26 | INFO: Extracting primitive: RM_WET_MIX_TANK_3_VESSEL_MESH.001
09:08:26 | INFO: Primitives created: 1
09:08:26 | INFO: Extracting primitive: RM_WET_MIX_TANK_4_LID_MESH.001
09:08:26 | INFO: Primitives created: 1
09:08:26 | INFO: Extracting primitive: RM_WET_MIX_TANK_4_MOTOR_MESH.001
09:08:26 | INFO: Primitives created: 1
09:08:26 | INFO: Extracting primitive: RM_WET_MIX_TANK_4_OUTLET_MESH.001
09:08:26 | INFO: Primitives created: 1
09:08:26 | INFO: Extracting primitive: RM_WET_MIX_TANK_4_VESSEL_MESH.001
09:08:26 | INFO: Primitives created: 1
09:08:26 | INFO: Extracting primitive: RM_WET_PLATFORM_0_MESH.001
09:08:26 | INFO: Primitives created: 1
09:08:26 | INFO: Extracting primitive: RM_WET_PLATFORM_1_MESH.001
09:08:26 | INFO: Primitives created: 1
09:08:26 | INFO: Extracting primitive: RM_WET_PLATFORM_2_MESH.001
09:08:26 | INFO: Primitives created: 1
09:08:26 | INFO: Extracting primitive: RM_WET_PLATFORM_3_MESH.001
09:08:26 | INFO: Primitives created: 1
09:08:26 | INFO: Extracting primitive: RM_WET_PLATFORM_4_MESH.001
09:08:26 | INFO: Primitives created: 1
09:08:26 | INFO: Extracting primitive: RM_WET_PROCESS_OUTFEED_BED_MESH.001
09:08:26 | INFO: Primitives created: 1
09:08:26 | INFO: Extracting primitive: RM_WET_PROCESS_OUTFEED_GUARD_A_MESH.001
09:08:26 | INFO: Primitives created: 1
09:08:26 | INFO: Extracting primitive: RM_WET_PROCESS_OUTFEED_GUARD_B_MESH.001
09:08:26 | INFO: Primitives created: 1
09:08:26 | INFO: Extracting primitive: RM_WET_PROCESS_OUTFEED_ROLLER_0_MESH.001
09:08:26 | INFO: Primitives created: 1
09:08:26 | INFO: Extracting primitive: RM_WET_PROCESS_OUTFEED_ROLLER_1_MESH.001
09:08:26 | INFO: Primitives created: 1
09:08:26 | INFO: Extracting primitive: RM_WET_PROCESS_OUTFEED_ROLLER_2_MESH.001
09:08:26 | INFO: Primitives created: 1
09:08:26 | INFO: Extracting primitive: RM_WET_PROCESS_OUTFEED_ROLLER_3_MESH.001
09:08:26 | INFO: Primitives created: 1
09:08:26 | INFO: Extracting primitive: RM_WET_PROCESS_OUTFEED_ROLLER_4_MESH.001
09:08:26 | INFO: Primitives created: 1
09:08:26 | INFO: Extracting primitive: RM_WET_RAIL_0_2.8_2.4_MESH.001
09:08:26 | INFO: Primitives created: 1
09:08:26 | INFO: Extracting primitive: RM_WET_RAIL_0_2.8_-2.4_MESH.001
09:08:26 | INFO: Primitives created: 1
09:08:26 | INFO: Extracting primitive: RM_WET_RAIL_0_-2.8_2.4_MESH.001
09:08:26 | INFO: Primitives created: 1
09:08:26 | INFO: Extracting primitive: RM_WET_RAIL_0_-2.8_-2.4_MESH.001
09:08:26 | INFO: Primitives created: 1
09:08:26 | INFO: Extracting primitive: RM_WET_RAIL_1_2.8_2.4_MESH.001
09:08:26 | INFO: Primitives created: 1
09:08:26 | INFO: Extracting primitive: RM_WET_RAIL_1_2.8_-2.4_MESH.001
09:08:26 | INFO: Primitives created: 1
09:08:26 | INFO: Extracting primitive: RM_WET_RAIL_1_-2.8_2.4_MESH.001
09:08:26 | INFO: Primitives created: 1
09:08:26 | INFO: Extracting primitive: RM_WET_RAIL_1_-2.8_-2.4_MESH.001
09:08:26 | INFO: Primitives created: 1
09:08:26 | INFO: Extracting primitive: RM_WET_RAIL_2_2.8_2.4_MESH.001
09:08:26 | INFO: Primitives created: 1
09:08:26 | INFO: Extracting primitive: RM_WET_RAIL_2_2.8_-2.4_MESH.001
09:08:26 | INFO: Primitives created: 1
09:08:26 | INFO: Extracting primitive: RM_WET_RAIL_2_-2.8_2.4_MESH.001
09:08:26 | INFO: Primitives created: 1
09:08:26 | INFO: Extracting primitive: RM_WET_RAIL_2_-2.8_-2.4_MESH.001
09:08:26 | INFO: Primitives created: 1
09:08:26 | INFO: Extracting primitive: RM_WET_RAIL_3_2.8_2.4_MESH.001
09:08:26 | INFO: Primitives created: 1
09:08:26 | INFO: Extracting primitive: RM_WET_RAIL_3_2.8_-2.4_MESH.001
09:08:26 | INFO: Primitives created: 1
09:08:26 | INFO: Extracting primitive: RM_WET_RAIL_3_-2.8_2.4_MESH.001
09:08:26 | INFO: Primitives created: 1
09:08:26 | INFO: Extracting primitive: RM_WET_RAIL_3_-2.8_-2.4_MESH.001
09:08:26 | INFO: Primitives created: 1
09:08:26 | INFO: Extracting primitive: RM_WET_RAIL_4_2.8_2.4_MESH.001
09:08:26 | INFO: Primitives created: 1
09:08:26 | INFO: Extracting primitive: RM_WET_RAIL_4_2.8_-2.4_MESH.001
09:08:26 | INFO: Primitives created: 1
09:08:26 | INFO: Extracting primitive: RM_WET_RAIL_4_-2.8_2.4_MESH.001
09:08:26 | INFO: Primitives created: 1
09:08:26 | INFO: Extracting primitive: RM_WET_RAIL_4_-2.8_-2.4_MESH.001
09:08:26 | INFO: Primitives created: 1
09:08:26 | INFO: Extracting primitive: RM_WET_TRANSFER_MANIFOLD_MESH.001
09:08:26 | INFO: Primitives created: 1
09:08:26 | INFO: Extracting primitive: RM_WIPES_FOLD_CUT_CONTROL_MESH.001
09:08:26 | INFO: Primitives created: 1
09:08:26 | INFO: Extracting primitive: RM_WIPES_FOLD_CUT_FRAME_MESH.001
09:08:26 | INFO: Primitives created: 1
09:08:26 | INFO: Extracting primitive: RM_WIPES_LOTION_FEED_MESH.001
09:08:26 | INFO: Primitives created: 1
09:08:26 | INFO: Extracting primitive: RM_WIPES_LOTION_TANK_LID_MESH.001
09:08:26 | INFO: Primitives created: 1
09:08:26 | INFO: Extracting primitive: RM_WIPES_LOTION_TANK_MOTOR_MESH.001
09:08:26 | INFO: Primitives created: 1
09:08:26 | INFO: Extracting primitive: RM_WIPES_LOTION_TANK_OUTLET_MESH.001
09:08:26 | INFO: Primitives created: 1
09:08:26 | INFO: Extracting primitive: RM_WIPES_LOTION_TANK_VESSEL_MESH.001
09:08:26 | INFO: Primitives created: 1
09:08:26 | INFO: Extracting primitive: RM_WIPES_PACKOUT_BED_MESH.001
09:08:26 | INFO: Primitives created: 1
09:08:26 | INFO: Extracting primitive: RM_WIPES_PACKOUT_GUARD_A_MESH.001
09:08:26 | INFO: Primitives created: 1
09:08:26 | INFO: Extracting primitive: RM_WIPES_PACKOUT_GUARD_B_MESH.001
09:08:26 | INFO: Primitives created: 1
09:08:26 | INFO: Extracting primitive: RM_WIPES_PACKOUT_ROLLER_0_MESH.001
09:08:26 | INFO: Primitives created: 1
09:08:26 | INFO: Extracting primitive: RM_WIPES_PACKOUT_ROLLER_1_MESH.001
09:08:26 | INFO: Primitives created: 1
09:08:26 | INFO: Extracting primitive: RM_WIPES_PACKOUT_ROLLER_2_MESH.001
09:08:26 | INFO: Primitives created: 1
09:08:26 | INFO: Extracting primitive: RM_WIPES_PACKOUT_ROLLER_3_MESH.001
09:08:26 | INFO: Primitives created: 1
09:08:26 | INFO: Extracting primitive: RM_WIPES_PACKOUT_ROLLER_4_MESH.001
09:08:26 | INFO: Primitives created: 1
09:08:26 | INFO: Extracting primitive: RM_WIPES_POUCH_PACKER_CONTROL_MESH.001
09:08:26 | INFO: Primitives created: 1
09:08:26 | INFO: Extracting primitive: RM_WIPES_POUCH_PACKER_FRAME_MESH.001
09:08:26 | INFO: Primitives created: 1
09:08:26 | INFO: Extracting primitive: RM_WIPES_ROLL_MESH.001
09:08:26 | INFO: Primitives created: 1
09:08:26 | INFO: Extracting primitive: RM_WIPES_STACKER_CONTROL_MESH.001
09:08:26 | INFO: Primitives created: 1
09:08:26 | INFO: Extracting primitive: RM_WIPES_STACKER_FRAME_MESH.001
09:08:26 | INFO: Primitives created: 1
09:08:26 | INFO: Extracting primitive: RM_WIPES_UNWIND_STAND_MESH.001
09:08:26 | INFO: Primitives created: 1
09:08:26 | INFO: Extracting primitive: V02_ASSEMBLY_NEST_0_MESH
09:08:26 | INFO: Primitives created: 1
09:08:26 | INFO: Extracting primitive: V02_ASSEMBLY_NEST_1_MESH
09:08:26 | INFO: Primitives created: 1
09:08:26 | INFO: Extracting primitive: V02_ASSEMBLY_NEST_2_MESH
09:08:26 | INFO: Primitives created: 1
09:08:26 | INFO: Extracting primitive: V02_ASSEMBLY_NEST_3_MESH
09:08:26 | INFO: Primitives created: 1
09:08:26 | INFO: Extracting primitive: V02_ASSEMBLY_NEST_4_MESH
09:08:26 | INFO: Primitives created: 1
09:08:26 | INFO: Extracting primitive: V02_ASSEMBLY_NEST_5_MESH
09:08:26 | INFO: Primitives created: 1
09:08:26 | INFO: Extracting primitive: V02_BALANCE_BOWL_0_MESH
09:08:26 | INFO: Primitives created: 1
09:08:26 | INFO: Extracting primitive: V02_BALANCE_BOWL_1_MESH
09:08:26 | INFO: Primitives created: 1
09:08:26 | INFO: Extracting primitive: V02_BALANCE_BOWL_2_MESH
09:08:26 | INFO: Primitives created: 1
09:08:26 | INFO: Extracting primitive: V02_BLOW_BOTTLE_NECK_0_MESH
09:08:26 | INFO: Primitives created: 1
09:08:26 | INFO: Extracting primitive: V02_BLOW_BOTTLE_NECK_1_MESH
09:08:26 | INFO: Primitives created: 1
09:08:26 | INFO: Extracting primitive: V02_BLOW_BOTTLE_NECK_2_MESH
09:08:26 | INFO: Primitives created: 1
09:08:26 | INFO: Extracting primitive: V02_BLOW_BOTTLE_NECK_3_MESH
09:08:26 | INFO: Primitives created: 1
09:08:26 | INFO: Extracting primitive: V02_BLOW_BOTTLE_NECK_4_MESH
09:08:26 | INFO: Primitives created: 1
09:08:26 | INFO: Extracting primitive: V02_BLOW_BOTTLE_NECK_5_MESH
09:08:26 | INFO: Primitives created: 1
09:08:26 | INFO: Extracting primitive: V02_BLOW_BOTTLE_NECK_6_MESH
09:08:26 | INFO: Primitives created: 1
09:08:26 | INFO: Extracting primitive: V02_BLOW_BOTTLE_OUTFEED_FRAME_MESH
09:08:26 | INFO: Primitives created: 1
09:08:26 | INFO: Extracting primitive: V02_BLOW_BOTTLE_OUTFEED_ROLLER_0_MESH
09:08:26 | INFO: Primitives created: 1
09:08:26 | INFO: Extracting primitive: V02_BLOW_BOTTLE_OUTFEED_ROLLER_1_MESH
09:08:26 | INFO: Primitives created: 1
09:08:26 | INFO: Extracting primitive: V02_BLOW_BOTTLE_OUTFEED_ROLLER_2_MESH
09:08:26 | INFO: Primitives created: 1
09:08:26 | INFO: Extracting primitive: V02_BLOW_BOTTLE_OUTFEED_ROLLER_3_MESH
09:08:26 | INFO: Primitives created: 1
09:08:26 | INFO: Extracting primitive: V02_BLOW_BOTTLE_OUTFEED_ROLLER_4_MESH
09:08:26 | INFO: Primitives created: 1
09:08:26 | INFO: Extracting primitive: V02_BLOW_BOTTLE_OUTFEED_ROLLER_5_MESH
09:08:26 | INFO: Primitives created: 1
09:08:26 | INFO: Extracting primitive: V02_BLOW_BOTTLE_OUTFEED_ROLLER_6_MESH
09:08:26 | INFO: Primitives created: 1
09:08:26 | INFO: Extracting primitive: V02_BLOW_BOTTLE_OUTFEED_SIDE_A_MESH
09:08:26 | INFO: Primitives created: 1
09:08:26 | INFO: Extracting primitive: V02_BLOW_BOTTLE_OUTFEED_SIDE_B_MESH
09:08:26 | INFO: Primitives created: 1
09:08:26 | INFO: Extracting primitive: V02_BLOW_CLAMP_FRAME_MESH
09:08:26 | INFO: Primitives created: 1
09:08:26 | INFO: Extracting primitive: V02_BLOW_FORMED_BOTTLE_0_MESH
09:08:26 | INFO: Primitives created: 1
09:08:26 | INFO: Extracting primitive: V02_BLOW_FORMED_BOTTLE_1_MESH
09:08:26 | INFO: Primitives created: 1
09:08:26 | INFO: Extracting primitive: V02_BLOW_FORMED_BOTTLE_2_MESH
09:08:26 | INFO: Primitives created: 1
09:08:26 | INFO: Extracting primitive: V02_BLOW_FORMED_BOTTLE_3_MESH
09:08:26 | INFO: Primitives created: 1
09:08:26 | INFO: Extracting primitive: V02_BLOW_FORMED_BOTTLE_4_MESH
09:08:26 | INFO: Primitives created: 1
09:08:26 | INFO: Extracting primitive: V02_BLOW_FORMED_BOTTLE_5_MESH
09:08:26 | INFO: Primitives created: 1
09:08:26 | INFO: Extracting primitive: V02_BLOW_FORMED_BOTTLE_6_MESH
09:08:26 | INFO: Primitives created: 1
09:08:26 | INFO: Extracting primitive: V02_BLOW_HEATER_BANK_0_MESH
09:08:26 | INFO: Primitives created: 1
09:08:26 | INFO: Extracting primitive: V02_BLOW_HEATER_BANK_1_MESH
09:08:26 | INFO: Primitives created: 1
09:08:26 | INFO: Extracting primitive: V02_BLOW_HEATER_BANK_2_MESH
09:08:26 | INFO: Primitives created: 1
09:08:26 | INFO: Extracting primitive: V02_BLOW_HEATER_BANK_3_MESH
09:08:26 | INFO: Primitives created: 1
09:08:26 | INFO: Extracting primitive: V02_BLOW_HEATER_BANK_4_MESH
09:08:26 | INFO: Primitives created: 1
09:08:26 | INFO: Extracting primitive: V02_BLOW_HEATER_TUNNEL_MESH
09:08:26 | INFO: Primitives created: 1
09:08:26 | INFO: Extracting primitive: V02_BLOW_HOPPER_CONE_MESH
09:08:26 | INFO: Primitives created: 1
09:08:26 | INFO: Extracting primitive: V02_BLOW_MOULD_LEFT_MESH
09:08:26 | INFO: Primitives created: 1
09:08:26 | INFO: Extracting primitive: V02_BLOW_MOULD_RIGHT_MESH
09:08:26 | INFO: Primitives created: 1
09:08:26 | INFO: Extracting primitive: V02_BLOW_PREFORM_FEED_MESH
09:08:26 | INFO: Primitives created: 1
09:08:26 | INFO: Extracting primitive: V02_BLOW_PREFORM_HOPPER_MESH
09:08:26 | INFO: Primitives created: 1
09:08:26 | INFO: Extracting primitive: V02_BLOW_STRETCH_ROD_MESH
09:08:26 | INFO: Primitives created: 1
09:08:26 | INFO: Extracting primitive: V02_CAP_COMPONENT_0_MESH
09:08:26 | INFO: Primitives created: 1
09:08:26 | INFO: Extracting primitive: V02_CAP_COMPONENT_1_MESH
09:08:26 | INFO: Primitives created: 1
09:08:26 | INFO: Extracting primitive: V02_CAP_COMPONENT_2_MESH
09:08:26 | INFO: Primitives created: 1
09:08:26 | INFO: Extracting primitive: V02_CAP_COMPONENT_3_MESH
09:08:26 | INFO: Primitives created: 1
09:08:26 | INFO: Extracting primitive: V02_CAP_COMPONENT_4_MESH
09:08:26 | INFO: Primitives created: 1
09:08:26 | INFO: Extracting primitive: V02_CAP_COMPONENT_5_MESH
09:08:26 | INFO: Primitives created: 1
09:08:26 | INFO: Extracting primitive: V02_CAP_TRIGGER_CAROUSEL_MESH
09:08:26 | INFO: Primitives created: 1
09:08:26 | INFO: Extracting primitive: V02_CAP_TRIGGER_OUTFEED_FRAME_MESH
09:08:26 | INFO: Primitives created: 1
09:08:26 | INFO: Extracting primitive: V02_CAP_TRIGGER_OUTFEED_ROLLER_0_MESH
09:08:26 | INFO: Primitives created: 1
09:08:26 | INFO: Extracting primitive: V02_CAP_TRIGGER_OUTFEED_ROLLER_1_MESH
09:08:26 | INFO: Primitives created: 1
09:08:26 | INFO: Extracting primitive: V02_CAP_TRIGGER_OUTFEED_ROLLER_2_MESH
09:08:26 | INFO: Primitives created: 1
09:08:26 | INFO: Extracting primitive: V02_CAP_TRIGGER_OUTFEED_ROLLER_3_MESH
09:08:26 | INFO: Primitives created: 1
09:08:26 | INFO: Extracting primitive: V02_CAP_TRIGGER_OUTFEED_ROLLER_4_MESH
09:08:26 | INFO: Primitives created: 1
09:08:26 | INFO: Extracting primitive: V02_CAP_TRIGGER_OUTFEED_ROLLER_5_MESH
09:08:26 | INFO: Primitives created: 1
09:08:26 | INFO: Extracting primitive: V02_CAP_TRIGGER_OUTFEED_ROLLER_6_MESH
09:08:26 | INFO: Primitives created: 1
09:08:26 | INFO: Extracting primitive: V02_CAP_TRIGGER_OUTFEED_SIDE_A_MESH
09:08:26 | INFO: Primitives created: 1
09:08:26 | INFO: Extracting primitive: V02_CAP_TRIGGER_OUTFEED_SIDE_B_MESH
09:08:26 | INFO: Primitives created: 1
09:08:26 | INFO: Extracting primitive: V02_CAPPER_HEAD_MESH
09:08:26 | INFO: Primitives created: 1
09:08:26 | INFO: Extracting primitive: V02_CAPS_BOWL_FEEDER_MESH
09:08:26 | INFO: Primitives created: 1
09:08:26 | INFO: Extracting primitive: V02_CAPS_BOWL_RIM_MESH
09:08:26 | INFO: Primitives created: 1
09:08:26 | INFO: Extracting primitive: V02_CAPS_BOWL_TRACK_MESH
09:08:26 | INFO: Primitives created: 1
09:08:26 | INFO: Extracting primitive: V02_EMPTY_TUBE_0_MESH
09:08:26 | INFO: Primitives created: 1
09:08:26 | INFO: Extracting primitive: V02_EMPTY_TUBE_1_MESH
09:08:26 | INFO: Primitives created: 1
09:08:26 | INFO: Extracting primitive: V02_EMPTY_TUBE_2_MESH
09:08:26 | INFO: Primitives created: 1
09:08:26 | INFO: Extracting primitive: V02_EMPTY_TUBE_3_MESH
09:08:26 | INFO: Primitives created: 1
09:08:26 | INFO: Extracting primitive: V02_EMPTY_TUBE_4_MESH
09:08:26 | INFO: Primitives created: 1
09:08:26 | INFO: Extracting primitive: V02_FILL_BOTTLE_0_MESH
09:08:26 | INFO: Primitives created: 1
09:08:26 | INFO: Extracting primitive: V02_FILL_BOTTLE_1_MESH
09:08:26 | INFO: Primitives created: 1
09:08:26 | INFO: Extracting primitive: V02_FILL_BOTTLE_2_MESH
09:08:26 | INFO: Primitives created: 1
09:08:26 | INFO: Extracting primitive: V02_FILL_BOTTLE_3_MESH
09:08:26 | INFO: Primitives created: 1
09:08:26 | INFO: Extracting primitive: V02_FILL_BOTTLE_4_MESH
09:08:26 | INFO: Primitives created: 1
09:08:26 | INFO: Extracting primitive: V02_FILL_BOTTLE_5_MESH
09:08:26 | INFO: Primitives created: 1
09:08:26 | INFO: Extracting primitive: V02_FILL_BOTTLE_6_MESH
09:08:26 | INFO: Primitives created: 1
09:08:26 | INFO: Extracting primitive: V02_FILL_BOTTLE_7_MESH
09:08:26 | INFO: Primitives created: 1
09:08:26 | INFO: Extracting primitive: V02_FILL_BOTTLE_8_MESH
09:08:26 | INFO: Primitives created: 1
09:08:26 | INFO: Extracting primitive: V02_FILL_BOTTLE_9_MESH
09:08:26 | INFO: Primitives created: 1
09:08:26 | INFO: Extracting primitive: V02_FILL_NOZZLE_0_MESH
09:08:26 | INFO: Primitives created: 1
09:08:26 | INFO: Extracting primitive: V02_FILL_NOZZLE_1_MESH
09:08:26 | INFO: Primitives created: 1
09:08:26 | INFO: Extracting primitive: V02_FILL_NOZZLE_2_MESH
09:08:26 | INFO: Primitives created: 1
09:08:26 | INFO: Extracting primitive: V02_FILL_NOZZLE_3_MESH
09:08:26 | INFO: Primitives created: 1
09:08:26 | INFO: Extracting primitive: V02_FILL_NOZZLE_4_MESH
09:08:26 | INFO: Primitives created: 1
09:08:26 | INFO: Extracting primitive: V02_FILL_NOZZLE_5_MESH
09:08:26 | INFO: Primitives created: 1
09:08:26 | INFO: Extracting primitive: V02_FILL_NOZZLE_6_MESH
09:08:26 | INFO: Primitives created: 1
09:08:26 | INFO: Extracting primitive: V02_FILL_NOZZLE_7_MESH
09:08:26 | INFO: Primitives created: 1
09:08:26 | INFO: Extracting primitive: V02_FILL_NOZZLE_8_MESH
09:08:26 | INFO: Primitives created: 1
09:08:26 | INFO: Extracting primitive: V02_FILL_NOZZLE_9_MESH
09:08:26 | INFO: Primitives created: 1
09:08:26 | INFO: Extracting primitive: V02_FILLED_TUBE_0_MESH
09:08:26 | INFO: Primitives created: 1
09:08:26 | INFO: Extracting primitive: V02_FILLED_TUBE_1_MESH
09:08:26 | INFO: Primitives created: 1
09:08:26 | INFO: Extracting primitive: V02_FILLED_TUBE_2_MESH
09:08:26 | INFO: Primitives created: 1
09:08:26 | INFO: Extracting primitive: V02_FILLED_TUBE_3_MESH
09:08:26 | INFO: Primitives created: 1
09:08:26 | INFO: Extracting primitive: V02_FILLED_TUBE_4_MESH
09:08:26 | INFO: Primitives created: 1
09:08:26 | INFO: Extracting primitive: V02_FILLER_HEAD_FRAME_MESH
09:08:26 | INFO: Primitives created: 1
09:08:26 | INFO: Extracting primitive: V02_GLASS_CAFE_BACKBAR_MESH
09:08:26 | INFO: Primitives created: 1
09:08:26 | INFO: Extracting primitive: V02_GLASS_CAFE_COUNTER_MESH
09:08:26 | INFO: Primitives created: 1
09:08:26 | INFO: Extracting primitive: V02_GLASS_CAFE_STOOL_0_MESH
09:08:26 | INFO: Primitives created: 1
09:08:26 | INFO: Extracting primitive: V02_GLASS_CAFE_STOOL_1_MESH
09:08:26 | INFO: Primitives created: 1
09:08:26 | INFO: Extracting primitive: V02_GLASS_CAFE_STOOL_2_MESH
09:08:26 | INFO: Primitives created: 1
09:08:26 | INFO: Extracting primitive: V02_GLASS_CAFE_STOOL_3_MESH
09:08:26 | INFO: Primitives created: 1
09:08:26 | INFO: Extracting primitive: V02_GLASS_COMMAND_CHAIR_0_MESH
09:08:26 | INFO: Primitives created: 1
09:08:26 | INFO: Extracting primitive: V02_GLASS_COMMAND_CHAIR_1_MESH
09:08:26 | INFO: Primitives created: 1
09:08:26 | INFO: Extracting primitive: V02_GLASS_COMMAND_CHAIR_2_MESH
09:08:26 | INFO: Primitives created: 1
09:08:26 | INFO: Extracting primitive: V02_GLASS_COMMAND_CHAIR_3_MESH
09:08:26 | INFO: Primitives created: 1
09:08:26 | INFO: Extracting primitive: V02_GLASS_COMMAND_CONSOLE_MESH
09:08:26 | INFO: Primitives created: 1
09:08:26 | INFO: Extracting primitive: V02_GLASS_COMMAND_SCREEN_0_MESH
09:08:26 | INFO: Primitives created: 1
09:08:26 | INFO: Extracting primitive: V02_GLASS_COMMAND_SCREEN_1_MESH
09:08:26 | INFO: Primitives created: 1
09:08:26 | INFO: Extracting primitive: V02_GLASS_COMMAND_SCREEN_2_MESH
09:08:26 | INFO: Primitives created: 1
09:08:26 | INFO: Extracting primitive: V02_GLASS_COMMAND_SCREEN_3_MESH
09:08:26 | INFO: Primitives created: 1
09:08:26 | INFO: Extracting primitive: V02_GLASS_COMMAND_SCREEN_4_MESH
09:08:26 | INFO: Primitives created: 1
09:08:26 | INFO: Extracting primitive: V02_GLASS_COMMAND_WALL_MESH
09:08:26 | INFO: Primitives created: 1
09:08:26 | INFO: Extracting primitive: V02_GLASS_GALLERY_FLOOR_MESH
09:08:26 | INFO: Primitives created: 1
09:08:26 | INFO: Extracting primitive: V02_GLASS_TRAINING_SEAT_0_MESH
09:08:26 | INFO: Primitives created: 1
09:08:26 | INFO: Extracting primitive: V02_GLASS_TRAINING_SEAT_1_MESH
09:08:26 | INFO: Primitives created: 1
09:08:26 | INFO: Extracting primitive: V02_GLASS_TRAINING_SEAT_2_MESH
09:08:26 | INFO: Primitives created: 1
09:08:26 | INFO: Extracting primitive: V02_GLASS_TRAINING_SEAT_3_MESH
09:08:26 | INFO: Primitives created: 1
09:08:26 | INFO: Extracting primitive: V02_GLASS_TRAINING_SEAT_4_MESH
09:08:26 | INFO: Primitives created: 1
09:08:26 | INFO: Extracting primitive: V02_GLASS_TRAINING_SEAT_5_MESH
09:08:26 | INFO: Primitives created: 1
09:08:26 | INFO: Extracting primitive: V02_GLASS_TRAINING_TABLE_MESH
09:08:26 | INFO: Primitives created: 1
09:08:26 | INFO: Extracting primitive: V02_LABEL_REEL_IN_MESH
09:08:26 | INFO: Primitives created: 1
09:08:26 | INFO: Extracting primitive: V02_LABEL_REEL_OUT_MESH
09:08:26 | INFO: Primitives created: 1
09:08:26 | INFO: Extracting primitive: V02_LIQUID_CAPPER_MESH
09:08:26 | INFO: Primitives created: 1
09:08:26 | INFO: Extracting primitive: V02_LIQUID_CASE_0_MESH
09:08:26 | INFO: Primitives created: 1
09:08:26 | INFO: Extracting primitive: V02_LIQUID_CASE_1_MESH
09:08:26 | INFO: Primitives created: 1
09:08:26 | INFO: Extracting primitive: V02_LIQUID_CASE_2_MESH
09:08:26 | INFO: Primitives created: 1
09:08:26 | INFO: Extracting primitive: V02_LIQUID_CASE_3_MESH
09:08:26 | INFO: Primitives created: 1
09:08:26 | INFO: Extracting primitive: V02_LIQUID_CASE_OUTFEED_FRAME_MESH
09:08:26 | INFO: Primitives created: 1
09:08:26 | INFO: Extracting primitive: V02_LIQUID_CASE_OUTFEED_ROLLER_0_MESH
09:08:26 | INFO: Primitives created: 1
09:08:26 | INFO: Extracting primitive: V02_LIQUID_CASE_OUTFEED_ROLLER_1_MESH
09:08:26 | INFO: Primitives created: 1
09:08:26 | INFO: Extracting primitive: V02_LIQUID_CASE_OUTFEED_ROLLER_2_MESH
09:08:26 | INFO: Primitives created: 1
09:08:26 | INFO: Extracting primitive: V02_LIQUID_CASE_OUTFEED_ROLLER_3_MESH
09:08:26 | INFO: Primitives created: 1
09:08:26 | INFO: Extracting primitive: V02_LIQUID_CASE_OUTFEED_ROLLER_4_MESH
09:08:26 | INFO: Primitives created: 1
09:08:26 | INFO: Extracting primitive: V02_LIQUID_CASE_OUTFEED_ROLLER_5_MESH
09:08:26 | INFO: Primitives created: 1
09:08:26 | INFO: Extracting primitive: V02_LIQUID_CASE_OUTFEED_ROLLER_6_MESH
09:08:26 | INFO: Primitives created: 1
09:08:26 | INFO: Extracting primitive: V02_LIQUID_CASE_OUTFEED_SIDE_A_MESH
09:08:26 | INFO: Primitives created: 1
09:08:26 | INFO: Extracting primitive: V02_LIQUID_CASE_OUTFEED_SIDE_B_MESH
09:08:26 | INFO: Primitives created: 1
09:08:26 | INFO: Extracting primitive: V02_LIQUID_CASE_PACKER_MESH
09:08:26 | INFO: Primitives created: 1
09:08:26 | INFO: Extracting primitive: V02_LIQUID_FILLER_CAROUSEL_MESH
09:08:26 | INFO: Primitives created: 1
09:08:26 | INFO: Extracting primitive: V02_LIQUID_INFEED_FRAME_MESH
09:08:26 | INFO: Primitives created: 1
09:08:26 | INFO: Extracting primitive: V02_LIQUID_INFEED_ROLLER_0_MESH
09:08:26 | INFO: Primitives created: 1
09:08:26 | INFO: Extracting primitive: V02_LIQUID_INFEED_ROLLER_1_MESH
09:08:26 | INFO: Primitives created: 1
09:08:26 | INFO: Extracting primitive: V02_LIQUID_INFEED_ROLLER_2_MESH
09:08:26 | INFO: Primitives created: 1
09:08:26 | INFO: Extracting primitive: V02_LIQUID_INFEED_ROLLER_3_MESH
09:08:26 | INFO: Primitives created: 1
09:08:26 | INFO: Extracting primitive: V02_LIQUID_INFEED_ROLLER_4_MESH
09:08:26 | INFO: Primitives created: 1
09:08:26 | INFO: Extracting primitive: V02_LIQUID_INFEED_ROLLER_5_MESH
09:08:26 | INFO: Primitives created: 1
09:08:26 | INFO: Extracting primitive: V02_LIQUID_INFEED_ROLLER_6_MESH
09:08:26 | INFO: Primitives created: 1
09:08:26 | INFO: Extracting primitive: V02_LIQUID_INFEED_SIDE_A_MESH
09:08:26 | INFO: Primitives created: 1
09:08:26 | INFO: Extracting primitive: V02_LIQUID_INFEED_SIDE_B_MESH
09:08:26 | INFO: Primitives created: 1
09:08:26 | INFO: Extracting primitive: V02_LIQUID_LABELER_MESH
09:08:26 | INFO: Primitives created: 1
09:08:26 | INFO: Extracting primitive: V02_LIQUID_MAIN_CONVEYOR_FRAME_MESH
09:08:26 | INFO: Primitives created: 1
09:08:26 | INFO: Extracting primitive: V02_LIQUID_MAIN_CONVEYOR_ROLLER_0_MESH
09:08:26 | INFO: Primitives created: 1
09:08:26 | INFO: Extracting primitive: V02_LIQUID_MAIN_CONVEYOR_ROLLER_1_MESH
09:08:26 | INFO: Primitives created: 1
09:08:26 | INFO: Extracting primitive: V02_LIQUID_MAIN_CONVEYOR_ROLLER_2_MESH
09:08:26 | INFO: Primitives created: 1
09:08:26 | INFO: Extracting primitive: V02_LIQUID_MAIN_CONVEYOR_ROLLER_3_MESH
09:08:26 | INFO: Primitives created: 1
09:08:26 | INFO: Extracting primitive: V02_LIQUID_MAIN_CONVEYOR_ROLLER_4_MESH
09:08:26 | INFO: Primitives created: 1
09:08:26 | INFO: Extracting primitive: V02_LIQUID_MAIN_CONVEYOR_ROLLER_5_MESH
09:08:26 | INFO: Primitives created: 1
09:08:26 | INFO: Extracting primitive: V02_LIQUID_MAIN_CONVEYOR_ROLLER_6_MESH
09:08:26 | INFO: Primitives created: 1
09:08:26 | INFO: Extracting primitive: V02_LIQUID_MAIN_CONVEYOR_SIDE_A_MESH
09:08:26 | INFO: Primitives created: 1
09:08:26 | INFO: Extracting primitive: V02_LIQUID_MAIN_CONVEYOR_SIDE_B_MESH
09:08:26 | INFO: Primitives created: 1
09:08:26 | INFO: Extracting primitive: V02_PASTE_CARTONER_MESH
09:08:26 | INFO: Primitives created: 1
09:08:26 | INFO: Extracting primitive: V02_PASTE_CRIMPER_MESH
09:08:26 | INFO: Primitives created: 1
09:08:26 | INFO: Extracting primitive: V02_PASTE_HOLDING_MOTOR_MESH
09:08:26 | INFO: Primitives created: 1
09:08:26 | INFO: Extracting primitive: V02_PASTE_HOLDING_TANK_MESH
09:08:26 | INFO: Primitives created: 1
09:08:26 | INFO: Extracting primitive: V02_PASTE_MIXER_LID_MESH
09:08:26 | INFO: Primitives created: 1
09:08:26 | INFO: Extracting primitive: V02_PASTE_TRANSFER_MESH
09:08:26 | INFO: Primitives created: 1
09:08:26 | INFO: Extracting primitive: V02_PASTE_TUBE_CONVEYOR_FRAME_MESH
09:08:26 | INFO: Primitives created: 1
09:08:26 | INFO: Extracting primitive: V02_PASTE_TUBE_CONVEYOR_ROLLER_0_MESH
09:08:26 | INFO: Primitives created: 1
09:08:26 | INFO: Extracting primitive: V02_PASTE_TUBE_CONVEYOR_ROLLER_1_MESH
09:08:26 | INFO: Primitives created: 1
09:08:26 | INFO: Extracting primitive: V02_PASTE_TUBE_CONVEYOR_ROLLER_2_MESH
09:08:26 | INFO: Primitives created: 1
09:08:26 | INFO: Extracting primitive: V02_PASTE_TUBE_CONVEYOR_ROLLER_3_MESH
09:08:26 | INFO: Primitives created: 1
09:08:26 | INFO: Extracting primitive: V02_PASTE_TUBE_CONVEYOR_ROLLER_4_MESH
09:08:26 | INFO: Primitives created: 1
09:08:26 | INFO: Extracting primitive: V02_PASTE_TUBE_CONVEYOR_ROLLER_5_MESH
09:08:26 | INFO: Primitives created: 1
09:08:26 | INFO: Extracting primitive: V02_PASTE_TUBE_CONVEYOR_ROLLER_6_MESH
09:08:26 | INFO: Primitives created: 1
09:08:26 | INFO: Extracting primitive: V02_PASTE_TUBE_CONVEYOR_SIDE_A_MESH
09:08:26 | INFO: Primitives created: 1
09:08:26 | INFO: Extracting primitive: V02_PASTE_TUBE_CONVEYOR_SIDE_B_MESH
09:08:26 | INFO: Primitives created: 1
09:08:26 | INFO: Extracting primitive: V02_PASTE_TUBE_FILLER_MESH
09:08:26 | INFO: Primitives created: 1
09:08:26 | INFO: Extracting primitive: V02_PASTE_VACUUM_MIXER_MESH
09:08:26 | INFO: Primitives created: 1
09:08:26 | INFO: Extracting primitive: V02_PICK_HEAD_0_MESH
09:08:26 | INFO: Primitives created: 1
09:08:26 | INFO: Extracting primitive: V02_PICK_HEAD_1_MESH
09:08:26 | INFO: Primitives created: 1
09:08:26 | INFO: Extracting primitive: V02_PICK_HEAD_2_MESH
09:08:26 | INFO: Primitives created: 1
09:08:26 | INFO: Extracting primitive: V02_PICK_HEAD_COLUMN_0_MESH
09:08:26 | INFO: Primitives created: 1
09:08:26 | INFO: Extracting primitive: V02_PICK_HEAD_COLUMN_1_MESH
09:08:26 | INFO: Primitives created: 1
09:08:26 | INFO: Extracting primitive: V02_PICK_HEAD_COLUMN_2_MESH
09:08:26 | INFO: Primitives created: 1
09:08:26 | INFO: Extracting primitive: V02_PICK_HEAD_DROP_0_MESH
09:08:26 | INFO: Primitives created: 1
09:08:26 | INFO: Extracting primitive: V02_PICK_HEAD_DROP_1_MESH
09:08:26 | INFO: Primitives created: 1
09:08:26 | INFO: Extracting primitive: V02_PICK_HEAD_DROP_2_MESH
09:08:26 | INFO: Primitives created: 1
09:08:26 | INFO: Extracting primitive: V02_PRECISION_BALANCE_0_MESH
09:08:26 | INFO: Primitives created: 1
09:08:26 | INFO: Extracting primitive: V02_PRECISION_BALANCE_1_MESH
09:08:26 | INFO: Primitives created: 1
09:08:26 | INFO: Extracting primitive: V02_PRECISION_BALANCE_2_MESH
09:08:26 | INFO: Primitives created: 1
09:08:26 | INFO: Extracting primitive: V02_TRIGGER_COMPONENT_0_MESH
09:08:26 | INFO: Primitives created: 1
09:08:26 | INFO: Extracting primitive: V02_TRIGGER_COMPONENT_1_MESH
09:08:26 | INFO: Primitives created: 1
09:08:26 | INFO: Extracting primitive: V02_TRIGGER_COMPONENT_2_MESH
09:08:26 | INFO: Primitives created: 1
09:08:26 | INFO: Extracting primitive: V02_TRIGGER_COMPONENT_3_MESH
09:08:26 | INFO: Primitives created: 1
09:08:26 | INFO: Extracting primitive: V02_TRIGGER_COMPONENT_4_MESH
09:08:26 | INFO: Primitives created: 1
09:08:26 | INFO: Extracting primitive: V02_TRIGGER_COMPONENT_5_MESH
09:08:26 | INFO: Primitives created: 1
09:08:26 | INFO: Extracting primitive: V02_TRIGGER_MAGAZINE_MESH
09:08:26 | INFO: Primitives created: 1
09:08:26 | INFO: Extracting primitive: V02_TRIGGER_SLOT_0_MESH
09:08:26 | INFO: Primitives created: 1
09:08:26 | INFO: Extracting primitive: V02_TRIGGER_SLOT_1_MESH
09:08:26 | INFO: Primitives created: 1
09:08:26 | INFO: Extracting primitive: V02_TRIGGER_SLOT_2_MESH
09:08:26 | INFO: Primitives created: 1
09:08:26 | INFO: Extracting primitive: V02_TRIGGER_SLOT_3_MESH
09:08:26 | INFO: Primitives created: 1
09:08:26 | INFO: Extracting primitive: V02_TRIGGER_SLOT_4_MESH
09:08:26 | INFO: Primitives created: 1
09:08:26 | INFO: Extracting primitive: V02_TUBE_GUIDE_0_MESH
09:08:26 | INFO: Primitives created: 1
09:08:26 | INFO: Extracting primitive: V02_TUBE_GUIDE_1_MESH
09:08:26 | INFO: Primitives created: 1
09:08:26 | INFO: Extracting primitive: V02_TUBE_GUIDE_2_MESH
09:08:26 | INFO: Primitives created: 1
09:08:26 | INFO: Extracting primitive: V02_TUBE_GUIDE_3_MESH
09:08:26 | INFO: Primitives created: 1
09:08:26 | INFO: Extracting primitive: V02_TUBE_GUIDE_4_MESH
09:08:26 | INFO: Primitives created: 1
09:08:26 | INFO: Extracting primitive: V02_TUBE_MAGAZINE_MESH
09:08:26 | INFO: Primitives created: 1
09:08:26 | INFO: Extracting primitive: V02_WEIGH_BALANCE_TABLE_MESH
09:08:26 | INFO: Primitives created: 1
09:08:26 | INFO: Extracting primitive: V02_WEIGH_BOOTH_BACK_MESH
09:08:26 | INFO: Primitives created: 1
09:08:26 | INFO: Extracting primitive: V02_WEIGH_BOOTH_SIDE_MESH
09:08:26 | INFO: Primitives created: 1
09:08:26 | INFO: Extracting primitive: V02_WEIGH_DOSING_CHUTE_0_MESH
09:08:26 | INFO: Primitives created: 1
09:08:26 | INFO: Extracting primitive: V02_WEIGH_DOSING_CHUTE_1_MESH
09:08:26 | INFO: Primitives created: 1
09:08:26 | INFO: Extracting primitive: V02_WEIGH_DOSING_CHUTE_2_MESH
09:08:26 | INFO: Primitives created: 1
09:08:26 | INFO: Extracting primitive: V02_WEIGH_DOSING_CHUTE_3_MESH
09:08:26 | INFO: Primitives created: 1
09:08:26 | INFO: Extracting primitive: V02_WEIGH_HOPPER_0_MESH
09:08:26 | INFO: Primitives created: 1
09:08:26 | INFO: Extracting primitive: V02_WEIGH_HOPPER_1_MESH
09:08:26 | INFO: Primitives created: 1
09:08:26 | INFO: Extracting primitive: V02_WEIGH_HOPPER_2_MESH
09:08:26 | INFO: Primitives created: 1
09:08:26 | INFO: Extracting primitive: V02_WEIGH_HOPPER_3_MESH
09:08:26 | INFO: Primitives created: 1
09:08:26 | INFO: Extracting primitive: V02_WEIGH_HOPPER_VALVE_0_MESH
09:08:26 | INFO: Primitives created: 1
09:08:26 | INFO: Extracting primitive: V02_WEIGH_HOPPER_VALVE_1_MESH
09:08:26 | INFO: Primitives created: 1
09:08:26 | INFO: Extracting primitive: V02_WEIGH_HOPPER_VALVE_2_MESH
09:08:26 | INFO: Primitives created: 1
09:08:26 | INFO: Extracting primitive: V02_WEIGH_HOPPER_VALVE_3_MESH
09:08:26 | INFO: Primitives created: 1
09:08:26 | INFO: Extracting primitive: V02_WEIGH_OPERATOR_TABLE_MESH
09:08:26 | INFO: Primitives created: 1
09:08:26 | INFO: Extracting primitive: V02_WEIGH_TRANSFER_TOTE_MESH
09:08:26 | INFO: Primitives created: 1
09:08:26 | INFO: Extracting primitive: V02_WIPES_CONVERTING_LINE_FRAME_MESH
09:08:26 | INFO: Primitives created: 1
09:08:26 | INFO: Extracting primitive: V02_WIPES_CONVERTING_LINE_ROLLER_0_MESH
09:08:26 | INFO: Primitives created: 1
09:08:26 | INFO: Extracting primitive: V02_WIPES_CONVERTING_LINE_ROLLER_1_MESH
09:08:26 | INFO: Primitives created: 1
09:08:26 | INFO: Extracting primitive: V02_WIPES_CONVERTING_LINE_ROLLER_2_MESH
09:08:26 | INFO: Primitives created: 1
09:08:26 | INFO: Extracting primitive: V02_WIPES_CONVERTING_LINE_ROLLER_3_MESH
09:08:26 | INFO: Primitives created: 1
09:08:26 | INFO: Extracting primitive: V02_WIPES_CONVERTING_LINE_ROLLER_4_MESH
09:08:26 | INFO: Primitives created: 1
09:08:26 | INFO: Extracting primitive: V02_WIPES_CONVERTING_LINE_ROLLER_5_MESH
09:08:26 | INFO: Primitives created: 1
09:08:26 | INFO: Extracting primitive: V02_WIPES_CONVERTING_LINE_ROLLER_6_MESH
09:08:26 | INFO: Primitives created: 1
09:08:26 | INFO: Extracting primitive: V02_WIPES_CONVERTING_LINE_SIDE_A_MESH
09:08:26 | INFO: Primitives created: 1
09:08:26 | INFO: Extracting primitive: V02_WIPES_CONVERTING_LINE_SIDE_B_MESH
09:08:26 | INFO: Primitives created: 1
09:08:26 | INFO: Extracting primitive: V02_WIPES_CUTTER_MESH
09:08:26 | INFO: Primitives created: 1
09:08:26 | INFO: Extracting primitive: V02_WIPES_FOLDING_GUIDE_MESH
09:08:26 | INFO: Primitives created: 1
09:08:26 | INFO: Extracting primitive: V02_WIPES_FOLDING_PLOW_MESH
09:08:26 | INFO: Primitives created: 1
09:08:26 | INFO: Extracting primitive: V02_WIPES_LOTION_BATH_MESH
09:08:26 | INFO: Primitives created: 1
09:08:26 | INFO: Extracting primitive: V02_WIPES_LOTION_FEED_MESH
09:08:26 | INFO: Primitives created: 1
09:08:26 | INFO: Extracting primitive: V02_WIPES_MASTER_ROLL_MESH
09:08:26 | INFO: Primitives created: 1
09:08:26 | INFO: Extracting primitive: V02_WIPES_PACK_OUT_FRAME_MESH
09:08:26 | INFO: Primitives created: 1
09:08:26 | INFO: Extracting primitive: V02_WIPES_PACK_OUT_ROLLER_0_MESH
09:08:26 | INFO: Primitives created: 1
09:08:26 | INFO: Extracting primitive: V02_WIPES_PACK_OUT_ROLLER_1_MESH
09:08:26 | INFO: Primitives created: 1
09:08:26 | INFO: Extracting primitive: V02_WIPES_PACK_OUT_ROLLER_2_MESH
09:08:26 | INFO: Primitives created: 1
09:08:26 | INFO: Extracting primitive: V02_WIPES_PACK_OUT_ROLLER_3_MESH
09:08:26 | INFO: Primitives created: 1
09:08:26 | INFO: Extracting primitive: V02_WIPES_PACK_OUT_ROLLER_4_MESH
09:08:26 | INFO: Primitives created: 1
09:08:26 | INFO: Extracting primitive: V02_WIPES_PACK_OUT_ROLLER_5_MESH
09:08:26 | INFO: Primitives created: 1
09:08:26 | INFO: Extracting primitive: V02_WIPES_PACK_OUT_ROLLER_6_MESH
09:08:26 | INFO: Primitives created: 1
09:08:26 | INFO: Extracting primitive: V02_WIPES_PACK_OUT_SIDE_A_MESH
09:08:26 | INFO: Primitives created: 1
09:08:26 | INFO: Extracting primitive: V02_WIPES_PACK_OUT_SIDE_B_MESH
09:08:26 | INFO: Primitives created: 1
09:08:26 | INFO: Extracting primitive: V02_WIPES_POUCH_PACKER_MESH
09:08:26 | INFO: Primitives created: 1
09:08:26 | INFO: Extracting primitive: V02_WIPES_STACK_0_MESH
09:08:26 | INFO: Primitives created: 1
09:08:26 | INFO: Extracting primitive: V02_WIPES_STACK_1_MESH
09:08:26 | INFO: Primitives created: 1
09:08:26 | INFO: Extracting primitive: V02_WIPES_STACK_2_MESH
09:08:26 | INFO: Primitives created: 1
09:08:26 | INFO: Extracting primitive: V02_WIPES_STACK_3_MESH
09:08:26 | INFO: Primitives created: 1
09:08:26 | INFO: Extracting primitive: V02_WIPES_STACK_4_MESH
09:08:26 | INFO: Primitives created: 1
09:08:26 | INFO: Extracting primitive: V02_WIPES_STACKER_MESH
09:08:26 | INFO: Primitives created: 1
09:08:26 | INFO: Extracting primitive: V02_WIPES_UNWIND_FRAME_MESH
09:08:26 | INFO: Primitives created: 1
09:08:26 | INFO: Extracting primitive: V02_WIPES_WETTING_ROLL_A_MESH
09:08:26 | INFO: Primitives created: 1
09:08:26 | INFO: Extracting primitive: V02_WIPES_WETTING_ROLL_B_MESH
09:08:26 | INFO: Primitives created: 1
09:08:26 | INFO: Extracting primitive: V03_BLOW_AIR_DROP_00_MESH
09:08:26 | INFO: Primitives created: 1
09:08:26 | INFO: Extracting primitive: V03_BLOW_AIR_DROP_01_MESH
09:08:26 | INFO: Primitives created: 1
09:08:26 | INFO: Extracting primitive: V03_BLOW_AIR_DROP_02_MESH
09:08:26 | INFO: Primitives created: 1
09:08:26 | INFO: Extracting primitive: V03_BLOW_AIR_HEADER_MESH
09:08:26 | INFO: Primitives created: 1
09:08:26 | INFO: Extracting primitive: V03_BLOW_BACK_WALL_MESH
09:08:26 | INFO: Primitives created: 1
09:08:26 | INFO: Extracting primitive: V03_BLOW_BOTTLE_NECK_00_MESH
09:08:26 | INFO: Primitives created: 1
09:08:26 | INFO: Extracting primitive: V03_BLOW_BOTTLE_NECK_01_MESH
09:08:26 | INFO: Primitives created: 1
09:08:26 | INFO: Extracting primitive: V03_BLOW_BOTTLE_NECK_02_MESH
09:08:26 | INFO: Primitives created: 1
09:08:26 | INFO: Extracting primitive: V03_BLOW_BOTTLE_NECK_03_MESH
09:08:26 | INFO: Primitives created: 1
09:08:26 | INFO: Extracting primitive: V03_BLOW_BOTTLE_NECK_04_MESH
09:08:26 | INFO: Primitives created: 1
09:08:26 | INFO: Extracting primitive: V03_BLOW_BOTTLE_NECK_05_MESH
09:08:26 | INFO: Primitives created: 1
09:08:26 | INFO: Extracting primitive: V03_BLOW_BOTTLE_NECK_06_MESH
09:08:26 | INFO: Primitives created: 1
09:08:26 | INFO: Extracting primitive: V03_BLOW_BOTTLE_NECK_07_MESH
09:08:26 | INFO: Primitives created: 1
09:08:26 | INFO: Extracting primitive: V03_BLOW_BOTTLE_OUTFEED_FRAME_MESH
09:08:26 | INFO: Primitives created: 1
09:08:26 | INFO: Extracting primitive: V03_BLOW_BOTTLE_OUTFEED_GUARD_A_MESH
09:08:26 | INFO: Primitives created: 1
09:08:26 | INFO: Extracting primitive: V03_BLOW_BOTTLE_OUTFEED_GUARD_B_MESH
09:08:26 | INFO: Primitives created: 1
09:08:26 | INFO: Extracting primitive: V03_BLOW_BOTTLE_OUTFEED_ROLLER_00_MESH
09:08:26 | INFO: Primitives created: 1
09:08:26 | INFO: Extracting primitive: V03_BLOW_BOTTLE_OUTFEED_ROLLER_01_MESH
09:08:26 | INFO: Primitives created: 1
09:08:26 | INFO: Extracting primitive: V03_BLOW_BOTTLE_OUTFEED_ROLLER_02_MESH
09:08:26 | INFO: Primitives created: 1
09:08:26 | INFO: Extracting primitive: V03_BLOW_BOTTLE_OUTFEED_ROLLER_03_MESH
09:08:26 | INFO: Primitives created: 1
09:08:26 | INFO: Extracting primitive: V03_BLOW_BOTTLE_OUTFEED_ROLLER_04_MESH
09:08:26 | INFO: Primitives created: 1
09:08:26 | INFO: Extracting primitive: V03_BLOW_BOTTLE_OUTFEED_ROLLER_05_MESH
09:08:26 | INFO: Primitives created: 1
09:08:26 | INFO: Extracting primitive: V03_BLOW_BOTTLE_OUTFEED_ROLLER_06_MESH
09:08:26 | INFO: Primitives created: 1
09:08:26 | INFO: Extracting primitive: V03_BLOW_CASE_PACKER_MESH
09:08:26 | INFO: Primitives created: 1
09:08:26 | INFO: Extracting primitive: V03_BLOW_CLAMP_GUARD_MESH
09:08:26 | INFO: Primitives created: 1
09:08:26 | INFO: Extracting primitive: V03_BLOW_CLAMP_WINDOW_MESH
09:08:26 | INFO: Primitives created: 1
09:08:26 | INFO: Extracting primitive: V03_BLOW_FINISHED_CASE_00_MESH
09:08:26 | INFO: Primitives created: 1
09:08:26 | INFO: Extracting primitive: V03_BLOW_FINISHED_CASE_01_MESH
09:08:26 | INFO: Primitives created: 1
09:08:26 | INFO: Extracting primitive: V03_BLOW_FINISHED_CASE_02_MESH
09:08:26 | INFO: Primitives created: 1
09:08:26 | INFO: Extracting primitive: V03_BLOW_FINISHED_CASE_03_MESH
09:08:26 | INFO: Primitives created: 1
09:08:26 | INFO: Extracting primitive: V03_BLOW_FLOOR_MESH
09:08:26 | INFO: Primitives created: 1
09:08:26 | INFO: Extracting primitive: V03_BLOW_FORMED_BOTTLE_00_MESH
09:08:26 | INFO: Primitives created: 1
09:08:26 | INFO: Extracting primitive: V03_BLOW_FORMED_BOTTLE_01_MESH
09:08:26 | INFO: Primitives created: 1
09:08:26 | INFO: Extracting primitive: V03_BLOW_FORMED_BOTTLE_02_MESH
09:08:26 | INFO: Primitives created: 1
09:08:26 | INFO: Extracting primitive: V03_BLOW_FORMED_BOTTLE_03_MESH
09:08:26 | INFO: Primitives created: 1
09:08:26 | INFO: Extracting primitive: V03_BLOW_FORMED_BOTTLE_04_MESH
09:08:26 | INFO: Primitives created: 1
09:08:26 | INFO: Extracting primitive: V03_BLOW_FORMED_BOTTLE_05_MESH
09:08:26 | INFO: Primitives created: 1
09:08:26 | INFO: Extracting primitive: V03_BLOW_FORMED_BOTTLE_06_MESH
09:08:26 | INFO: Primitives created: 1
09:08:26 | INFO: Extracting primitive: V03_BLOW_FORMED_BOTTLE_07_MESH
09:08:26 | INFO: Primitives created: 1
09:08:26 | INFO: Extracting primitive: V03_BLOW_HEATED_PREFORM_00_MESH
09:08:26 | INFO: Primitives created: 1
09:08:26 | INFO: Extracting primitive: V03_BLOW_HEATED_PREFORM_01_MESH
09:08:26 | INFO: Primitives created: 1
09:08:26 | INFO: Extracting primitive: V03_BLOW_HEATED_PREFORM_02_MESH
09:08:26 | INFO: Primitives created: 1
09:08:26 | INFO: Extracting primitive: V03_BLOW_HEATED_PREFORM_03_MESH
09:08:26 | INFO: Primitives created: 1
09:08:26 | INFO: Extracting primitive: V03_BLOW_HEATED_PREFORM_04_MESH
09:08:26 | INFO: Primitives created: 1
09:08:26 | INFO: Extracting primitive: V03_BLOW_HEATED_PREFORM_05_MESH
09:08:26 | INFO: Primitives created: 1
09:08:26 | INFO: Extracting primitive: V03_BLOW_HEATER_00_MESH
09:08:26 | INFO: Primitives created: 1
09:08:26 | INFO: Extracting primitive: V03_BLOW_HEATER_01_MESH
09:08:26 | INFO: Primitives created: 1
09:08:26 | INFO: Extracting primitive: V03_BLOW_HEATER_02_MESH
09:08:26 | INFO: Primitives created: 1
09:08:26 | INFO: Extracting primitive: V03_BLOW_HEATER_03_MESH
09:08:26 | INFO: Primitives created: 1
09:08:26 | INFO: Extracting primitive: V03_BLOW_HEATER_04_MESH
09:08:26 | INFO: Primitives created: 1
09:08:26 | INFO: Extracting primitive: V03_BLOW_HEATER_05_MESH
09:08:26 | INFO: Primitives created: 1
09:08:26 | INFO: Extracting primitive: V03_BLOW_HEATER_06_MESH
09:08:26 | INFO: Primitives created: 1
09:08:26 | INFO: Extracting primitive: V03_BLOW_HOPPER_FRAME_MESH
09:08:26 | INFO: Primitives created: 1
09:08:26 | INFO: Extracting primitive: V03_BLOW_LIGHT_00_BODY_MESH
09:08:26 | INFO: Primitives created: 1
09:08:26 | INFO: Extracting primitive: V03_BLOW_LIGHT_00_GLOW_MESH
09:08:26 | INFO: Primitives created: 1
09:08:26 | INFO: Extracting primitive: V03_BLOW_LIGHT_01_BODY_MESH
09:08:26 | INFO: Primitives created: 1
09:08:26 | INFO: Extracting primitive: V03_BLOW_LIGHT_01_GLOW_MESH
09:08:26 | INFO: Primitives created: 1
09:08:26 | INFO: Extracting primitive: V03_BLOW_LIGHT_02_BODY_MESH
09:08:26 | INFO: Primitives created: 1
09:08:26 | INFO: Extracting primitive: V03_BLOW_LIGHT_02_GLOW_MESH
09:08:26 | INFO: Primitives created: 1
09:08:26 | INFO: Extracting primitive: V03_BLOW_LIGHT_03_BODY_MESH
09:08:26 | INFO: Primitives created: 1
09:08:26 | INFO: Extracting primitive: V03_BLOW_LIGHT_03_GLOW_MESH
09:08:26 | INFO: Primitives created: 1
09:08:26 | INFO: Extracting primitive: V03_BLOW_LIGHT_04_BODY_MESH
09:08:26 | INFO: Primitives created: 1
09:08:26 | INFO: Extracting primitive: V03_BLOW_LIGHT_04_GLOW_MESH
09:08:26 | INFO: Primitives created: 1
09:08:26 | INFO: Extracting primitive: V03_BLOW_MOULD_HALF_L_MESH
09:08:26 | INFO: Primitives created: 1
09:08:26 | INFO: Extracting primitive: V03_BLOW_MOULD_HALF_R_MESH
09:08:26 | INFO: Primitives created: 1
09:08:26 | INFO: Extracting primitive: V03_BLOW_OVEN_HOUSING_MESH
09:08:26 | INFO: Primitives created: 1
09:08:26 | INFO: Extracting primitive: V03_BLOW_OVEN_WINDOW_MESH
09:08:26 | INFO: Primitives created: 1
09:08:26 | INFO: Extracting primitive: V03_BLOW_PREFORM_HOPPER_MESH
09:08:26 | INFO: Primitives created: 1
09:08:26 | INFO: Extracting primitive: V03_BLOW_PREFORM_INFEED_FRAME_MESH
09:08:26 | INFO: Primitives created: 1
09:08:26 | INFO: Extracting primitive: V03_BLOW_PREFORM_INFEED_GUARD_A_MESH
09:08:26 | INFO: Primitives created: 1
09:08:26 | INFO: Extracting primitive: V03_BLOW_PREFORM_INFEED_GUARD_B_MESH
09:08:26 | INFO: Primitives created: 1
09:08:26 | INFO: Extracting primitive: V03_BLOW_PREFORM_INFEED_ROLLER_00_MESH
09:08:26 | INFO: Primitives created: 1
09:08:26 | INFO: Extracting primitive: V03_BLOW_PREFORM_INFEED_ROLLER_01_MESH
09:08:26 | INFO: Primitives created: 1
09:08:26 | INFO: Extracting primitive: V03_BLOW_PREFORM_INFEED_ROLLER_02_MESH
09:08:26 | INFO: Primitives created: 1
09:08:26 | INFO: Extracting primitive: V03_BLOW_PREFORM_INFEED_ROLLER_03_MESH
09:08:26 | INFO: Primitives created: 1
09:08:26 | INFO: Extracting primitive: V03_BLOW_PREFORM_INFEED_ROLLER_04_MESH
09:08:26 | INFO: Primitives created: 1
09:08:26 | INFO: Extracting primitive: V03_BLOW_PREFORM_INFEED_ROLLER_05_MESH
09:08:26 | INFO: Primitives created: 1
09:08:26 | INFO: Extracting primitive: V03_BLOW_PREFORM_INFEED_ROLLER_06_MESH
09:08:26 | INFO: Primitives created: 1
09:08:26 | INFO: Extracting primitive: V03_BLOW_VISION_FRAME_MESH
09:08:26 | INFO: Primitives created: 1
09:08:26 | INFO: Extracting primitive: V03_DAYCARE_CAREGIVER_DESK_MESH
09:08:26 | INFO: Primitives created: 1
09:08:26 | INFO: Extracting primitive: V03_DAYCARE_CAREGIVER_SCREEN_MESH
09:08:26 | INFO: Primitives created: 1
09:08:26 | INFO: Extracting primitive: V03_DAYCARE_CUBBY_FACE_00_MESH
09:08:26 | INFO: Primitives created: 1
09:08:26 | INFO: Extracting primitive: V03_DAYCARE_CUBBY_FACE_01_MESH
09:08:26 | INFO: Primitives created: 1
09:08:26 | INFO: Extracting primitive: V03_DAYCARE_CUBBY_FACE_02_MESH
09:08:26 | INFO: Primitives created: 1
09:08:26 | INFO: Extracting primitive: V03_DAYCARE_CUBBY_FACE_03_MESH
09:08:26 | INFO: Primitives created: 1
09:08:26 | INFO: Extracting primitive: V03_DAYCARE_CUBBY_FACE_04_MESH
09:08:26 | INFO: Primitives created: 1
09:08:26 | INFO: Extracting primitive: V03_DAYCARE_ENCLOSURE_BACK_MESH
09:08:26 | INFO: Primitives created: 1
09:08:26 | INFO: Extracting primitive: V03_DAYCARE_ENCLOSURE_LEFT_MESH
09:08:26 | INFO: Primitives created: 1
09:08:26 | INFO: Extracting primitive: V03_DAYCARE_ENCLOSURE_RIGHT_MESH
09:08:26 | INFO: Primitives created: 1
09:08:26 | INFO: Extracting primitive: V03_DAYCARE_FLOOR_MESH
09:08:26 | INFO: Primitives created: 1
09:08:26 | INFO: Extracting primitive: V03_DAYCARE_HANDWASH_MESH
09:08:26 | INFO: Primitives created: 1
09:08:26 | INFO: Extracting primitive: V03_DAYCARE_LIGHT_00_BODY_MESH
09:08:26 | INFO: Primitives created: 1
09:08:26 | INFO: Extracting primitive: V03_DAYCARE_LIGHT_00_GLOW_MESH
09:08:26 | INFO: Primitives created: 1
09:08:26 | INFO: Extracting primitive: V03_DAYCARE_LIGHT_01_BODY_MESH
09:08:26 | INFO: Primitives created: 1
09:08:26 | INFO: Extracting primitive: V03_DAYCARE_LIGHT_01_GLOW_MESH
09:08:26 | INFO: Primitives created: 1
09:08:26 | INFO: Extracting primitive: V03_DAYCARE_LIGHT_02_BODY_MESH
09:08:26 | INFO: Primitives created: 1
09:08:26 | INFO: Extracting primitive: V03_DAYCARE_LIGHT_02_GLOW_MESH
09:08:26 | INFO: Primitives created: 1
09:08:26 | INFO: Extracting primitive: V03_DAYCARE_LIGHT_03_BODY_MESH
09:08:26 | INFO: Primitives created: 1
09:08:26 | INFO: Extracting primitive: V03_DAYCARE_LIGHT_03_GLOW_MESH
09:08:26 | INFO: Primitives created: 1
09:08:26 | INFO: Extracting primitive: V03_DAYCARE_LOW_PARTITION_MESH
09:08:26 | INFO: Primitives created: 1
09:08:26 | INFO: Extracting primitive: V03_DAYCARE_PLAY_BLOCK_00_MESH
09:08:26 | INFO: Primitives created: 1
09:08:26 | INFO: Extracting primitive: V03_DAYCARE_PLAY_BLOCK_01_MESH
09:08:26 | INFO: Primitives created: 1
09:08:26 | INFO: Extracting primitive: V03_DAYCARE_PLAY_BLOCK_02_MESH
09:08:26 | INFO: Primitives created: 1
09:08:26 | INFO: Extracting primitive: V03_DAYCARE_PLAY_BLOCK_03_MESH
09:08:26 | INFO: Primitives created: 1
09:08:26 | INFO: Extracting primitive: V03_DAYCARE_PLAY_BLOCK_04_MESH
09:08:26 | INFO: Primitives created: 1
09:08:26 | INFO: Extracting primitive: V03_DAYCARE_PLAY_BLOCK_05_MESH
09:08:26 | INFO: Primitives created: 1
09:08:26 | INFO: Extracting primitive: V03_DAYCARE_PLAY_RUG_MESH
09:08:26 | INFO: Primitives created: 1
09:08:26 | INFO: Extracting primitive: V03_DAYCARE_READING_BIN_00_MESH
09:08:26 | INFO: Primitives created: 1
09:08:26 | INFO: Extracting primitive: V03_DAYCARE_READING_BIN_01_MESH
09:08:26 | INFO: Primitives created: 1
09:08:26 | INFO: Extracting primitive: V03_DAYCARE_READING_BIN_02_MESH
09:08:26 | INFO: Primitives created: 1
09:08:26 | INFO: Extracting primitive: V03_DAYCARE_READING_BIN_03_MESH
09:08:26 | INFO: Primitives created: 1
09:08:26 | INFO: Extracting primitive: V03_DAYCARE_READING_SHELF_MESH
09:08:26 | INFO: Primitives created: 1
09:08:26 | INFO: Extracting primitive: V03_DAYCARE_SOFT_BACK_00_MESH
09:08:26 | INFO: Primitives created: 1
09:08:26 | INFO: Extracting primitive: V03_DAYCARE_SOFT_BACK_01_MESH
09:08:26 | INFO: Primitives created: 1
09:08:26 | INFO: Extracting primitive: V03_DAYCARE_SOFT_BACK_02_MESH
09:08:26 | INFO: Primitives created: 1
09:08:26 | INFO: Extracting primitive: V03_DAYCARE_SOFT_BACK_03_MESH
09:08:26 | INFO: Primitives created: 1
09:08:26 | INFO: Extracting primitive: V03_DAYCARE_SOFT_NOOK_MESH
09:08:26 | INFO: Primitives created: 1
09:08:26 | INFO: Extracting primitive: V03_GLASS_CAFE_BACKBAR_MESH
09:08:26 | INFO: Primitives created: 1
09:08:26 | INFO: Extracting primitive: V03_GLASS_CAFE_COUNTER_MESH
09:08:26 | INFO: Primitives created: 1
09:08:26 | INFO: Extracting primitive: V03_GLASS_CAFE_DISPLAY_CASE_MESH
09:08:26 | INFO: Primitives created: 1
09:08:26 | INFO: Extracting primitive: V03_GLASS_CAFE_ESPRESSO_MESH
09:08:26 | INFO: Primitives created: 1
09:08:26 | INFO: Extracting primitive: V03_GLASS_CAFE_LIGHT_00_BODY_MESH
09:08:26 | INFO: Primitives created: 1
09:08:26 | INFO: Extracting primitive: V03_GLASS_CAFE_LIGHT_00_GLOW_MESH
09:08:26 | INFO: Primitives created: 1
09:08:26 | INFO: Extracting primitive: V03_GLASS_CAFE_LIGHT_01_BODY_MESH
09:08:26 | INFO: Primitives created: 1
09:08:26 | INFO: Extracting primitive: V03_GLASS_CAFE_LIGHT_01_GLOW_MESH
09:08:26 | INFO: Primitives created: 1
09:08:26 | INFO: Extracting primitive: V03_GLASS_CAFE_LIGHT_02_BODY_MESH
09:08:26 | INFO: Primitives created: 1
09:08:26 | INFO: Extracting primitive: V03_GLASS_CAFE_LIGHT_02_GLOW_MESH
09:08:26 | INFO: Primitives created: 1
09:08:26 | INFO: Extracting primitive: V03_GLASS_CAFE_SHELF_00_MESH
09:08:26 | INFO: Primitives created: 1
09:08:26 | INFO: Extracting primitive: V03_GLASS_CAFE_SHELF_01_MESH
09:08:26 | INFO: Primitives created: 1
09:08:26 | INFO: Extracting primitive: V03_GLASS_CAFE_SHELF_02_MESH
09:08:26 | INFO: Primitives created: 1
09:08:26 | INFO: Extracting primitive: V03_GLASS_CAFE_SHELF_03_MESH
09:08:26 | INFO: Primitives created: 1
09:08:26 | INFO: Extracting primitive: V03_GLASS_CAFE_STOOL_00_MESH
09:08:26 | INFO: Primitives created: 1
09:08:26 | INFO: Extracting primitive: V03_GLASS_CAFE_STOOL_01_MESH
09:08:26 | INFO: Primitives created: 1
09:08:26 | INFO: Extracting primitive: V03_GLASS_CAFE_STOOL_02_MESH
09:08:26 | INFO: Primitives created: 1
09:08:26 | INFO: Extracting primitive: V03_GLASS_CAFE_STOOL_03_MESH
09:08:26 | INFO: Primitives created: 1
09:08:26 | INFO: Extracting primitive: V03_GLASS_COMMAND_CONSOLE_1_MESH
09:08:26 | INFO: Primitives created: 1
09:08:26 | INFO: Extracting primitive: V03_GLASS_COMMAND_CONSOLE_2_MESH
09:08:26 | INFO: Primitives created: 1
09:08:26 | INFO: Extracting primitive: V03_GLASS_COMMAND_DISPLAY_00_MESH
09:08:26 | INFO: Primitives created: 1
09:08:26 | INFO: Extracting primitive: V03_GLASS_COMMAND_DISPLAY_01_MESH
09:08:26 | INFO: Primitives created: 1
09:08:26 | INFO: Extracting primitive: V03_GLASS_COMMAND_DISPLAY_02_MESH
09:08:26 | INFO: Primitives created: 1
09:08:26 | INFO: Extracting primitive: V03_GLASS_COMMAND_DISPLAY_03_MESH
09:08:26 | INFO: Primitives created: 1
09:08:26 | INFO: Extracting primitive: V03_GLASS_COMMAND_DISPLAY_04_MESH
09:08:26 | INFO: Primitives created: 1
09:08:26 | INFO: Extracting primitive: V03_GLASS_COMMAND_DISPLAY_05_MESH
09:08:26 | INFO: Primitives created: 1
09:08:26 | INFO: Extracting primitive: V03_GLASS_COMMAND_MONITOR_WALL_MESH
09:08:26 | INFO: Primitives created: 1
09:08:26 | INFO: Extracting primitive: V03_GLASS_COMMAND_OPERATOR_SEAT_00_MESH
09:08:26 | INFO: Primitives created: 1
09:08:26 | INFO: Extracting primitive: V03_GLASS_COMMAND_OPERATOR_SEAT_01_MESH
09:08:26 | INFO: Primitives created: 1
09:08:26 | INFO: Extracting primitive: V03_GLASS_COMMAND_OPERATOR_SEAT_02_MESH
09:08:26 | INFO: Primitives created: 1
09:08:26 | INFO: Extracting primitive: V03_GLASS_COMMAND_OPERATOR_SEAT_03_MESH
09:08:26 | INFO: Primitives created: 1
09:08:26 | INFO: Extracting primitive: V03_GLASS_COMMAND_OPERATOR_SEAT_04_MESH
09:08:26 | INFO: Primitives created: 1
09:08:26 | INFO: Extracting primitive: V03_GLASS_COMMAND_OPERATOR_SEAT_05_MESH
09:08:26 | INFO: Primitives created: 1
09:08:26 | INFO: Extracting primitive: V03_GLASS_COMMAND_TERMINAL_00_MESH
09:08:26 | INFO: Primitives created: 1
09:08:26 | INFO: Extracting primitive: V03_GLASS_COMMAND_TERMINAL_01_MESH
09:08:26 | INFO: Primitives created: 1
09:08:26 | INFO: Extracting primitive: V03_GLASS_COMMAND_TERMINAL_02_MESH
09:08:26 | INFO: Primitives created: 1
09:08:26 | INFO: Extracting primitive: V03_GLASS_COMMAND_TERMINAL_03_MESH
09:08:26 | INFO: Primitives created: 1
09:08:26 | INFO: Extracting primitive: V03_GLASS_COMMAND_TERMINAL_04_MESH
09:08:26 | INFO: Primitives created: 1
09:08:26 | INFO: Extracting primitive: V03_GLASS_COMMAND_TERMINAL_05_MESH
09:08:26 | INFO: Primitives created: 1
09:08:26 | INFO: Extracting primitive: V03_GLASS_DECK_FLOOR_MESH
09:08:26 | INFO: Primitives created: 1
09:08:26 | INFO: Extracting primitive: V03_GLASS_DECK_LEFT_GLASS_MESH
09:08:26 | INFO: Primitives created: 1
09:08:26 | INFO: Extracting primitive: V03_GLASS_DECK_PORTAL_LEFT_20_MESH.001
09:08:26 | INFO: Primitives created: 1
09:08:26 | INFO: Extracting primitive: V03_GLASS_DECK_PORTAL_LEFT_145_MESH.001
09:08:26 | INFO: Primitives created: 1
09:08:26 | INFO: Extracting primitive: V03_GLASS_DECK_PORTAL_LEFT_270_MESH.001
09:08:26 | INFO: Primitives created: 1
09:08:26 | INFO: Extracting primitive: V03_GLASS_DECK_PORTAL_LEFT_395_MESH.001
09:08:26 | INFO: Primitives created: 1
09:08:26 | INFO: Extracting primitive: V03_GLASS_DECK_PORTAL_RIGHT_20_MESH.001
09:08:26 | INFO: Primitives created: 1
09:08:26 | INFO: Extracting primitive: V03_GLASS_DECK_PORTAL_RIGHT_145_MESH.001
09:08:26 | INFO: Primitives created: 1
09:08:26 | INFO: Extracting primitive: V03_GLASS_DECK_PORTAL_RIGHT_270_MESH.001
09:08:26 | INFO: Primitives created: 1
09:08:26 | INFO: Extracting primitive: V03_GLASS_DECK_PORTAL_RIGHT_395_MESH.001
09:08:26 | INFO: Primitives created: 1
09:08:26 | INFO: Extracting primitive: V03_GLASS_DECK_RIGHT_GLASS_MESH
09:08:26 | INFO: Primitives created: 1
09:08:26 | INFO: Extracting primitive: V03_GLASS_GALLERY_SEAT_00_00_MESH
09:08:26 | INFO: Primitives created: 1
09:08:26 | INFO: Extracting primitive: V03_GLASS_GALLERY_SEAT_00_01_MESH
09:08:26 | INFO: Primitives created: 1
09:08:26 | INFO: Extracting primitive: V03_GLASS_GALLERY_SEAT_00_02_MESH
09:08:26 | INFO: Primitives created: 1
09:08:26 | INFO: Extracting primitive: V03_GLASS_GALLERY_SEAT_01_00_MESH
09:08:26 | INFO: Primitives created: 1
09:08:26 | INFO: Extracting primitive: V03_GLASS_GALLERY_SEAT_01_01_MESH
09:08:26 | INFO: Primitives created: 1
09:08:26 | INFO: Extracting primitive: V03_GLASS_GALLERY_SEAT_01_02_MESH
09:08:26 | INFO: Primitives created: 1
09:08:26 | INFO: Extracting primitive: V03_GLASS_GALLERY_TABLE_00_MESH
09:08:26 | INFO: Primitives created: 1
09:08:26 | INFO: Extracting primitive: V03_GLASS_GALLERY_TABLE_01_MESH
09:08:26 | INFO: Primitives created: 1
09:08:26 | INFO: Extracting primitive: V03_GLASS_TRAINING_CHAIR_00_MESH
09:08:26 | INFO: Primitives created: 1
09:08:26 | INFO: Extracting primitive: V03_GLASS_TRAINING_CHAIR_01_MESH
09:08:26 | INFO: Primitives created: 1
09:08:26 | INFO: Extracting primitive: V03_GLASS_TRAINING_CHAIR_02_MESH
09:08:26 | INFO: Primitives created: 1
09:08:26 | INFO: Extracting primitive: V03_GLASS_TRAINING_CHAIR_03_MESH
09:08:26 | INFO: Primitives created: 1
09:08:26 | INFO: Extracting primitive: V03_GLASS_TRAINING_CHAIR_04_MESH
09:08:26 | INFO: Primitives created: 1
09:08:26 | INFO: Extracting primitive: V03_GLASS_TRAINING_CHAIR_05_MESH
09:08:26 | INFO: Primitives created: 1
09:08:26 | INFO: Extracting primitive: V03_GLASS_TRAINING_CHAIR_06_MESH
09:08:26 | INFO: Primitives created: 1
09:08:26 | INFO: Extracting primitive: V03_GLASS_TRAINING_CHAIR_07_MESH
09:08:26 | INFO: Primitives created: 1
09:08:26 | INFO: Extracting primitive: V03_GLASS_TRAINING_LIGHT_00_BODY_MESH
09:08:26 | INFO: Primitives created: 1
09:08:26 | INFO: Extracting primitive: V03_GLASS_TRAINING_LIGHT_00_GLOW_MESH
09:08:26 | INFO: Primitives created: 1
09:08:26 | INFO: Extracting primitive: V03_GLASS_TRAINING_LIGHT_01_BODY_MESH
09:08:26 | INFO: Primitives created: 1
09:08:26 | INFO: Extracting primitive: V03_GLASS_TRAINING_LIGHT_01_GLOW_MESH
09:08:26 | INFO: Primitives created: 1
09:08:26 | INFO: Extracting primitive: V03_GLASS_TRAINING_LIGHT_02_BODY_MESH
09:08:26 | INFO: Primitives created: 1
09:08:26 | INFO: Extracting primitive: V03_GLASS_TRAINING_LIGHT_02_GLOW_MESH
09:08:26 | INFO: Primitives created: 1
09:08:26 | INFO: Extracting primitive: V03_GLASS_TRAINING_SCREEN_MESH
09:08:26 | INFO: Primitives created: 1
09:08:26 | INFO: Extracting primitive: V03_GLASS_TRAINING_SLIDE_00_MESH
09:08:26 | INFO: Primitives created: 1
09:08:26 | INFO: Extracting primitive: V03_GLASS_TRAINING_SLIDE_01_MESH
09:08:26 | INFO: Primitives created: 1
09:08:26 | INFO: Extracting primitive: V03_GLASS_TRAINING_SLIDE_02_MESH
09:08:26 | INFO: Primitives created: 1
09:08:26 | INFO: Extracting primitive: V03_GLASS_TRAINING_SLIDE_03_MESH
09:08:26 | INFO: Primitives created: 1
09:08:26 | INFO: Extracting primitive: V03_GLASS_TRAINING_TABLE_MAIN_MESH
09:08:26 | INFO: Primitives created: 1
09:08:26 | INFO: Extracting primitive: V03_LIQUID_BACK_WALL_MESH
09:08:26 | INFO: Primitives created: 1
09:08:26 | INFO: Extracting primitive: V03_LIQUID_BOTTLE_00_MESH
09:08:26 | INFO: Primitives created: 1
09:08:26 | INFO: Extracting primitive: V03_LIQUID_BOTTLE_01_MESH
09:08:26 | INFO: Primitives created: 1
09:08:26 | INFO: Extracting primitive: V03_LIQUID_BOTTLE_02_MESH
09:08:26 | INFO: Primitives created: 1
09:08:26 | INFO: Extracting primitive: V03_LIQUID_BOTTLE_03_MESH
09:08:26 | INFO: Primitives created: 1
09:08:26 | INFO: Extracting primitive: V03_LIQUID_BOTTLE_04_MESH
09:08:26 | INFO: Primitives created: 1
09:08:26 | INFO: Extracting primitive: V03_LIQUID_BOTTLE_05_MESH
09:08:26 | INFO: Primitives created: 1
09:08:26 | INFO: Extracting primitive: V03_LIQUID_BOTTLE_06_MESH
09:08:26 | INFO: Primitives created: 1
09:08:26 | INFO: Extracting primitive: V03_LIQUID_BOTTLE_07_MESH
09:08:26 | INFO: Primitives created: 1
09:08:26 | INFO: Extracting primitive: V03_LIQUID_BOTTLE_08_MESH
09:08:26 | INFO: Primitives created: 1
09:08:26 | INFO: Extracting primitive: V03_LIQUID_BOTTLE_09_MESH
09:08:26 | INFO: Primitives created: 1
09:08:26 | INFO: Extracting primitive: V03_LIQUID_BOTTLE_INFEED_FRAME_MESH
09:08:26 | INFO: Primitives created: 1
09:08:26 | INFO: Extracting primitive: V03_LIQUID_BOTTLE_INFEED_GUARD_A_MESH
09:08:26 | INFO: Primitives created: 1
09:08:26 | INFO: Extracting primitive: V03_LIQUID_BOTTLE_INFEED_GUARD_B_MESH
09:08:26 | INFO: Primitives created: 1
09:08:26 | INFO: Extracting primitive: V03_LIQUID_BOTTLE_INFEED_ROLLER_00_MESH
09:08:26 | INFO: Primitives created: 1
09:08:26 | INFO: Extracting primitive: V03_LIQUID_BOTTLE_INFEED_ROLLER_01_MESH
09:08:26 | INFO: Primitives created: 1
09:08:26 | INFO: Extracting primitive: V03_LIQUID_BOTTLE_INFEED_ROLLER_02_MESH
09:08:26 | INFO: Primitives created: 1
09:08:26 | INFO: Extracting primitive: V03_LIQUID_BOTTLE_INFEED_ROLLER_03_MESH
09:08:26 | INFO: Primitives created: 1
09:08:26 | INFO: Extracting primitive: V03_LIQUID_BOTTLE_INFEED_ROLLER_04_MESH
09:08:26 | INFO: Primitives created: 1
09:08:26 | INFO: Extracting primitive: V03_LIQUID_BOTTLE_INFEED_ROLLER_05_MESH
09:08:26 | INFO: Primitives created: 1
09:08:26 | INFO: Extracting primitive: V03_LIQUID_BOTTLE_INFEED_ROLLER_06_MESH
09:08:26 | INFO: Primitives created: 1
09:08:26 | INFO: Extracting primitive: V03_LIQUID_CAPPER_GUARD_MESH
09:08:26 | INFO: Primitives created: 1
09:08:27 | INFO: Extracting primitive: V03_LIQUID_CAPPER_HEAD_MESH
09:08:27 | INFO: Primitives created: 1
09:08:27 | INFO: Extracting primitive: V03_LIQUID_CASE_OUTFEED_FRAME_MESH
09:08:27 | INFO: Primitives created: 1
09:08:27 | INFO: Extracting primitive: V03_LIQUID_CASE_OUTFEED_GUARD_A_MESH
09:08:27 | INFO: Primitives created: 1
09:08:27 | INFO: Extracting primitive: V03_LIQUID_CASE_OUTFEED_GUARD_B_MESH
09:08:27 | INFO: Primitives created: 1
09:08:27 | INFO: Extracting primitive: V03_LIQUID_CASE_OUTFEED_ROLLER_00_MESH
09:08:27 | INFO: Primitives created: 1
09:08:27 | INFO: Extracting primitive: V03_LIQUID_CASE_OUTFEED_ROLLER_01_MESH
09:08:27 | INFO: Primitives created: 1
09:08:27 | INFO: Extracting primitive: V03_LIQUID_CASE_OUTFEED_ROLLER_02_MESH
09:08:27 | INFO: Primitives created: 1
09:08:27 | INFO: Extracting primitive: V03_LIQUID_CASE_OUTFEED_ROLLER_03_MESH
09:08:27 | INFO: Primitives created: 1
09:08:27 | INFO: Extracting primitive: V03_LIQUID_CASE_OUTFEED_ROLLER_04_MESH
09:08:27 | INFO: Primitives created: 1
09:08:27 | INFO: Extracting primitive: V03_LIQUID_CASE_OUTFEED_ROLLER_05_MESH
09:08:27 | INFO: Primitives created: 1
09:08:27 | INFO: Extracting primitive: V03_LIQUID_CASE_OUTFEED_ROLLER_06_MESH
09:08:27 | INFO: Primitives created: 1
09:08:27 | INFO: Extracting primitive: V03_LIQUID_CASE_PACKER_MESH
09:08:27 | INFO: Primitives created: 1
09:08:27 | INFO: Extracting primitive: V03_LIQUID_FILLER_FRONT_GUARD_MESH
09:08:27 | INFO: Primitives created: 1
09:08:27 | INFO: Extracting primitive: V03_LIQUID_FILLER_HOUSING_MESH
09:08:27 | INFO: Primitives created: 1
09:08:27 | INFO: Extracting primitive: V03_LIQUID_FLOOR_MESH
09:08:27 | INFO: Primitives created: 1
09:08:27 | INFO: Extracting primitive: V03_LIQUID_HEAD_BRIDGE_MESH
09:08:27 | INFO: Primitives created: 1
09:08:27 | INFO: Extracting primitive: V03_LIQUID_INSPECTION_CAMERA_MESH
09:08:27 | INFO: Primitives created: 1
09:08:27 | INFO: Extracting primitive: V03_LIQUID_LABEL_REEL_IN_MESH
09:08:27 | INFO: Primitives created: 1
09:08:27 | INFO: Extracting primitive: V03_LIQUID_LABEL_REEL_OUT_MESH
09:08:27 | INFO: Primitives created: 1
09:08:27 | INFO: Extracting primitive: V03_LIQUID_LABELER_HOOD_MESH
09:08:27 | INFO: Primitives created: 1
09:08:27 | INFO: Extracting primitive: V03_LIQUID_LIGHT_00_BODY_MESH
09:08:27 | INFO: Primitives created: 1
09:08:27 | INFO: Extracting primitive: V03_LIQUID_LIGHT_00_GLOW_MESH
09:08:27 | INFO: Primitives created: 1
09:08:27 | INFO: Extracting primitive: V03_LIQUID_LIGHT_01_BODY_MESH
09:08:27 | INFO: Primitives created: 1
09:08:27 | INFO: Extracting primitive: V03_LIQUID_LIGHT_01_GLOW_MESH
09:08:27 | INFO: Primitives created: 1
09:08:27 | INFO: Extracting primitive: V03_LIQUID_LIGHT_02_BODY_MESH
09:08:27 | INFO: Primitives created: 1
09:08:27 | INFO: Extracting primitive: V03_LIQUID_LIGHT_02_GLOW_MESH
09:08:27 | INFO: Primitives created: 1
09:08:27 | INFO: Extracting primitive: V03_LIQUID_LIGHT_03_BODY_MESH
09:08:27 | INFO: Primitives created: 1
09:08:27 | INFO: Extracting primitive: V03_LIQUID_LIGHT_03_GLOW_MESH
09:08:27 | INFO: Primitives created: 1
09:08:27 | INFO: Extracting primitive: V03_LIQUID_LIGHT_04_BODY_MESH
09:08:27 | INFO: Primitives created: 1
09:08:27 | INFO: Extracting primitive: V03_LIQUID_LIGHT_04_GLOW_MESH
09:08:27 | INFO: Primitives created: 1
09:08:27 | INFO: Extracting primitive: V03_LIQUID_LIGHT_05_BODY_MESH
09:08:27 | INFO: Primitives created: 1
09:08:27 | INFO: Extracting primitive: V03_LIQUID_LIGHT_05_GLOW_MESH
09:08:27 | INFO: Primitives created: 1
09:08:27 | INFO: Extracting primitive: V03_LIQUID_MAIN_LINE_FRAME_MESH
09:08:27 | INFO: Primitives created: 1
09:08:27 | INFO: Extracting primitive: V03_LIQUID_MAIN_LINE_GUARD_A_MESH
09:08:27 | INFO: Primitives created: 1
09:08:27 | INFO: Extracting primitive: V03_LIQUID_MAIN_LINE_GUARD_B_MESH
09:08:27 | INFO: Primitives created: 1
09:08:27 | INFO: Extracting primitive: V03_LIQUID_MAIN_LINE_ROLLER_00_MESH
09:08:27 | INFO: Primitives created: 1
09:08:27 | INFO: Extracting primitive: V03_LIQUID_MAIN_LINE_ROLLER_01_MESH
09:08:27 | INFO: Primitives created: 1
09:08:27 | INFO: Extracting primitive: V03_LIQUID_MAIN_LINE_ROLLER_02_MESH
09:08:27 | INFO: Primitives created: 1
09:08:27 | INFO: Extracting primitive: V03_LIQUID_MAIN_LINE_ROLLER_03_MESH
09:08:27 | INFO: Primitives created: 1
09:08:27 | INFO: Extracting primitive: V03_LIQUID_MAIN_LINE_ROLLER_04_MESH
09:08:27 | INFO: Primitives created: 1
09:08:27 | INFO: Extracting primitive: V03_LIQUID_MAIN_LINE_ROLLER_05_MESH
09:08:27 | INFO: Primitives created: 1
09:08:27 | INFO: Extracting primitive: V03_LIQUID_MAIN_LINE_ROLLER_06_MESH
09:08:27 | INFO: Primitives created: 1
09:08:27 | INFO: Extracting primitive: V03_LIQUID_NOZZLE_00_MESH
09:08:27 | INFO: Primitives created: 1
09:08:27 | INFO: Extracting primitive: V03_LIQUID_NOZZLE_01_MESH
09:08:27 | INFO: Primitives created: 1
09:08:27 | INFO: Extracting primitive: V03_LIQUID_NOZZLE_02_MESH
09:08:27 | INFO: Primitives created: 1
09:08:27 | INFO: Extracting primitive: V03_LIQUID_NOZZLE_03_MESH
09:08:27 | INFO: Primitives created: 1
09:08:27 | INFO: Extracting primitive: V03_LIQUID_NOZZLE_04_MESH
09:08:27 | INFO: Primitives created: 1
09:08:27 | INFO: Extracting primitive: V03_LIQUID_NOZZLE_05_MESH
09:08:27 | INFO: Primitives created: 1
09:08:27 | INFO: Extracting primitive: V03_LIQUID_NOZZLE_06_MESH
09:08:27 | INFO: Primitives created: 1
09:08:27 | INFO: Extracting primitive: V03_LIQUID_NOZZLE_07_MESH
09:08:27 | INFO: Primitives created: 1
09:08:27 | INFO: Extracting primitive: V03_LIQUID_NOZZLE_08_MESH
09:08:27 | INFO: Primitives created: 1
09:08:27 | INFO: Extracting primitive: V03_LIQUID_NOZZLE_09_MESH
09:08:27 | INFO: Primitives created: 1
09:08:27 | INFO: Extracting primitive: V03_LIQUID_OPERATOR_BAY_MESH
09:08:27 | INFO: Primitives created: 1
09:08:27 | INFO: Extracting primitive: V03_LIQUID_PACKED_CASE_00_MESH
09:08:27 | INFO: Primitives created: 1
09:08:27 | INFO: Extracting primitive: V03_LIQUID_PACKED_CASE_01_MESH
09:08:27 | INFO: Primitives created: 1
09:08:27 | INFO: Extracting primitive: V03_LIQUID_PACKED_CASE_02_MESH
09:08:27 | INFO: Primitives created: 1
09:08:27 | INFO: Extracting primitive: V03_LIQUID_PACKED_CASE_03_MESH
09:08:27 | INFO: Primitives created: 1
09:08:27 | INFO: Extracting primitive: V03_LIQUID_PACKED_CASE_04_MESH
09:08:27 | INFO: Primitives created: 1
09:08:27 | INFO: Extracting primitive: V03_LIQUID_PACKED_CASE_05_MESH
09:08:27 | INFO: Primitives created: 1
09:08:27 | INFO: Extracting primitive: V03_LIQUID_ROTARY_CAROUSEL_MESH
09:08:27 | INFO: Primitives created: 1
09:08:27 | INFO: Extracting primitive: V03_LIQUID_VISION_INSPECTION_MESH
09:08:27 | INFO: Primitives created: 1
09:08:27 | INFO: Extracting primitive: V03_PASTE_BACK_WALL_MESH
09:08:27 | INFO: Primitives created: 1
09:08:27 | INFO: Extracting primitive: V03_PASTE_CARTONER_MESH
09:08:27 | INFO: Primitives created: 1
09:08:27 | INFO: Extracting primitive: V03_PASTE_CASE_OUTFEED_MESH
09:08:27 | INFO: Primitives created: 1
09:08:27 | INFO: Extracting primitive: V03_PASTE_CODER_INSPECTION_MESH
09:08:27 | INFO: Primitives created: 1
09:08:27 | INFO: Extracting primitive: V03_PASTE_CRIMP_JAW_00_MESH
09:08:27 | INFO: Primitives created: 1
09:08:27 | INFO: Extracting primitive: V03_PASTE_CRIMP_JAW_01_MESH
09:08:27 | INFO: Primitives created: 1
09:08:27 | INFO: Extracting primitive: V03_PASTE_CRIMP_JAW_02_MESH
09:08:27 | INFO: Primitives created: 1
09:08:27 | INFO: Extracting primitive: V03_PASTE_CRIMP_JAW_03_MESH
09:08:27 | INFO: Primitives created: 1
09:08:27 | INFO: Extracting primitive: V03_PASTE_CRIMP_JAW_04_MESH
09:08:27 | INFO: Primitives created: 1
09:08:27 | INFO: Extracting primitive: V03_PASTE_EMPTY_TUBE_00_MESH
09:08:27 | INFO: Primitives created: 1
09:08:27 | INFO: Extracting primitive: V03_PASTE_EMPTY_TUBE_01_MESH
09:08:27 | INFO: Primitives created: 1
09:08:27 | INFO: Extracting primitive: V03_PASTE_EMPTY_TUBE_02_MESH
09:08:27 | INFO: Primitives created: 1
09:08:27 | INFO: Extracting primitive: V03_PASTE_EMPTY_TUBE_03_MESH
09:08:27 | INFO: Primitives created: 1
09:08:27 | INFO: Extracting primitive: V03_PASTE_EMPTY_TUBE_04_MESH
09:08:27 | INFO: Primitives created: 1
09:08:27 | INFO: Extracting primitive: V03_PASTE_EMPTY_TUBE_05_MESH
09:08:27 | INFO: Primitives created: 1
09:08:27 | INFO: Extracting primitive: V03_PASTE_FEED_TO_FILLER_MESH
09:08:27 | INFO: Primitives created: 1
09:08:27 | INFO: Extracting primitive: V03_PASTE_FILL_NOZZLE_00_MESH
09:08:27 | INFO: Primitives created: 1
09:08:27 | INFO: Extracting primitive: V03_PASTE_FILL_NOZZLE_01_MESH
09:08:27 | INFO: Primitives created: 1
09:08:27 | INFO: Extracting primitive: V03_PASTE_FILL_NOZZLE_02_MESH
09:08:27 | INFO: Primitives created: 1
09:08:27 | INFO: Extracting primitive: V03_PASTE_FILL_NOZZLE_03_MESH
09:08:27 | INFO: Primitives created: 1
09:08:27 | INFO: Extracting primitive: V03_PASTE_FILLED_TUBE_00_MESH
09:08:27 | INFO: Primitives created: 1
09:08:27 | INFO: Extracting primitive: V03_PASTE_FILLED_TUBE_01_MESH
09:08:27 | INFO: Primitives created: 1
09:08:27 | INFO: Extracting primitive: V03_PASTE_FILLED_TUBE_02_MESH
09:08:27 | INFO: Primitives created: 1
09:08:27 | INFO: Extracting primitive: V03_PASTE_FILLED_TUBE_03_MESH
09:08:27 | INFO: Primitives created: 1
09:08:27 | INFO: Extracting primitive: V03_PASTE_FILLED_TUBE_04_MESH
09:08:27 | INFO: Primitives created: 1
09:08:27 | INFO: Extracting primitive: V03_PASTE_FILLED_TUBE_05_MESH
09:08:27 | INFO: Primitives created: 1
09:08:27 | INFO: Extracting primitive: V03_PASTE_FILLER_GUARD_MESH
09:08:27 | INFO: Primitives created: 1
09:08:27 | INFO: Extracting primitive: V03_PASTE_FINISHED_CASE_00_MESH
09:08:27 | INFO: Primitives created: 1
09:08:27 | INFO: Extracting primitive: V03_PASTE_FINISHED_CASE_01_MESH
09:08:27 | INFO: Primitives created: 1
09:08:27 | INFO: Extracting primitive: V03_PASTE_FINISHED_CASE_02_MESH
09:08:27 | INFO: Primitives created: 1
09:08:27 | INFO: Extracting primitive: V03_PASTE_FINISHED_CASE_03_MESH
09:08:27 | INFO: Primitives created: 1
09:08:27 | INFO: Extracting primitive: V03_PASTE_FLOOR_MESH
09:08:27 | INFO: Primitives created: 1
09:08:27 | INFO: Extracting primitive: V03_PASTE_HOLDING_SKID_MESH
09:08:27 | INFO: Primitives created: 1
09:08:27 | INFO: Extracting primitive: V03_PASTE_HOLDING_TANK_MESH
09:08:27 | INFO: Primitives created: 1
09:08:27 | INFO: Extracting primitive: V03_PASTE_LIGHT_00_BODY_MESH
09:08:27 | INFO: Primitives created: 1
09:08:27 | INFO: Extracting primitive: V03_PASTE_LIGHT_00_GLOW_MESH
09:08:27 | INFO: Primitives created: 1
09:08:27 | INFO: Extracting primitive: V03_PASTE_LIGHT_01_BODY_MESH
09:08:27 | INFO: Primitives created: 1
09:08:27 | INFO: Extracting primitive: V03_PASTE_LIGHT_01_GLOW_MESH
09:08:27 | INFO: Primitives created: 1
09:08:27 | INFO: Extracting primitive: V03_PASTE_LIGHT_02_BODY_MESH
09:08:27 | INFO: Primitives created: 1
09:08:27 | INFO: Extracting primitive: V03_PASTE_LIGHT_02_GLOW_MESH
09:08:27 | INFO: Primitives created: 1
09:08:27 | INFO: Extracting primitive: V03_PASTE_LIGHT_03_BODY_MESH
09:08:27 | INFO: Primitives created: 1
09:08:27 | INFO: Extracting primitive: V03_PASTE_LIGHT_03_GLOW_MESH
09:08:27 | INFO: Primitives created: 1
09:08:27 | INFO: Extracting primitive: V03_PASTE_LIGHT_04_BODY_MESH
09:08:27 | INFO: Primitives created: 1
09:08:27 | INFO: Extracting primitive: V03_PASTE_LIGHT_04_GLOW_MESH
09:08:27 | INFO: Primitives created: 1
09:08:27 | INFO: Extracting primitive: V03_PASTE_LIGHT_05_BODY_MESH
09:08:27 | INFO: Primitives created: 1
09:08:27 | INFO: Extracting primitive: V03_PASTE_LIGHT_05_GLOW_MESH
09:08:27 | INFO: Primitives created: 1
09:08:27 | INFO: Extracting primitive: V03_PASTE_MIXER_LID_MESH
09:08:27 | INFO: Primitives created: 1
09:08:27 | INFO: Extracting primitive: V03_PASTE_MIXER_PIPE_00_MESH
09:08:27 | INFO: Primitives created: 1
09:08:27 | INFO: Extracting primitive: V03_PASTE_MIXER_PIPE_01_MESH
09:08:27 | INFO: Primitives created: 1
09:08:27 | INFO: Extracting primitive: V03_PASTE_MIXER_PIPE_02_MESH
09:08:27 | INFO: Primitives created: 1
09:08:27 | INFO: Extracting primitive: V03_PASTE_SEALER_MESH
09:08:27 | INFO: Primitives created: 1
09:08:27 | INFO: Extracting primitive: V03_PASTE_TRANSFER_MAIN_MESH
09:08:27 | INFO: Primitives created: 1
09:08:27 | INFO: Extracting primitive: V03_PASTE_TUBE_LINE_FRAME_MESH
09:08:27 | INFO: Primitives created: 1
09:08:27 | INFO: Extracting primitive: V03_PASTE_TUBE_LINE_GUARD_A_MESH
09:08:27 | INFO: Primitives created: 1
09:08:27 | INFO: Extracting primitive: V03_PASTE_TUBE_LINE_GUARD_B_MESH
09:08:27 | INFO: Primitives created: 1
09:08:27 | INFO: Extracting primitive: V03_PASTE_TUBE_LINE_ROLLER_00_MESH
09:08:27 | INFO: Primitives created: 1
09:08:27 | INFO: Extracting primitive: V03_PASTE_TUBE_LINE_ROLLER_01_MESH
09:08:27 | INFO: Primitives created: 1
09:08:27 | INFO: Extracting primitive: V03_PASTE_TUBE_LINE_ROLLER_02_MESH
09:08:27 | INFO: Primitives created: 1
09:08:27 | INFO: Extracting primitive: V03_PASTE_TUBE_LINE_ROLLER_03_MESH
09:08:27 | INFO: Primitives created: 1
09:08:27 | INFO: Extracting primitive: V03_PASTE_TUBE_LINE_ROLLER_04_MESH
09:08:27 | INFO: Primitives created: 1
09:08:27 | INFO: Extracting primitive: V03_PASTE_TUBE_LINE_ROLLER_05_MESH
09:08:27 | INFO: Primitives created: 1
09:08:27 | INFO: Extracting primitive: V03_PASTE_TUBE_LINE_ROLLER_06_MESH
09:08:27 | INFO: Primitives created: 1
09:08:27 | INFO: Extracting primitive: V03_PASTE_TUBE_MAGAZINE_MESH
09:08:27 | INFO: Primitives created: 1
09:08:27 | INFO: Extracting primitive: V03_PASTE_VACUUM_MIXER_MESH
09:08:27 | INFO: Primitives created: 1
09:08:27 | INFO: Extracting primitive: V03_RESTAURANT_BAR_STOOL_00_MESH
09:08:27 | INFO: Primitives created: 1
09:08:27 | INFO: Extracting primitive: V03_RESTAURANT_BAR_STOOL_01_MESH
09:08:27 | INFO: Primitives created: 1
09:08:27 | INFO: Extracting primitive: V03_RESTAURANT_BAR_STOOL_02_MESH
09:08:27 | INFO: Primitives created: 1
09:08:27 | INFO: Extracting primitive: V03_RESTAURANT_BAR_STOOL_03_MESH
09:08:27 | INFO: Primitives created: 1
09:08:27 | INFO: Extracting primitive: V03_RESTAURANT_BAR_STOOL_04_MESH
09:08:27 | INFO: Primitives created: 1
09:08:27 | INFO: Extracting primitive: V03_RESTAURANT_BAR_STOOL_05_MESH
09:08:27 | INFO: Primitives created: 1
09:08:27 | INFO: Extracting primitive: V03_RESTAURANT_CAFE_BAR_MESH
09:08:27 | INFO: Primitives created: 1
09:08:27 | INFO: Extracting primitive: V03_RESTAURANT_CIRCULATION_RUG_MESH
09:08:27 | INFO: Primitives created: 1
09:08:27 | INFO: Extracting primitive: V03_RESTAURANT_DINING_CHAIR_00_00_MESH
09:08:27 | INFO: Primitives created: 1
09:08:27 | INFO: Extracting primitive: V03_RESTAURANT_DINING_CHAIR_00_01_MESH
09:08:27 | INFO: Primitives created: 1
09:08:27 | INFO: Extracting primitive: V03_RESTAURANT_DINING_CHAIR_01_00_MESH
09:08:27 | INFO: Primitives created: 1
09:08:27 | INFO: Extracting primitive: V03_RESTAURANT_DINING_CHAIR_01_01_MESH
09:08:27 | INFO: Primitives created: 1
09:08:27 | INFO: Extracting primitive: V03_RESTAURANT_DINING_CHAIR_02_00_MESH
09:08:27 | INFO: Primitives created: 1
09:08:27 | INFO: Extracting primitive: V03_RESTAURANT_DINING_CHAIR_02_01_MESH
09:08:27 | INFO: Primitives created: 1
09:08:27 | INFO: Extracting primitive: V03_RESTAURANT_DINING_CHAIR_03_00_MESH
09:08:27 | INFO: Primitives created: 1
09:08:27 | INFO: Extracting primitive: V03_RESTAURANT_DINING_CHAIR_03_01_MESH
09:08:27 | INFO: Primitives created: 1
09:08:27 | INFO: Extracting primitive: V03_RESTAURANT_DINING_TABLE_00_MESH
09:08:27 | INFO: Primitives created: 1
09:08:27 | INFO: Extracting primitive: V03_RESTAURANT_DINING_TABLE_01_MESH
09:08:27 | INFO: Primitives created: 1
09:08:27 | INFO: Extracting primitive: V03_RESTAURANT_DINING_TABLE_02_MESH
09:08:27 | INFO: Primitives created: 1
09:08:27 | INFO: Extracting primitive: V03_RESTAURANT_DINING_TABLE_03_MESH
09:08:27 | INFO: Primitives created: 1
09:08:27 | INFO: Extracting primitive: V03_RESTAURANT_ENCLOSURE_BACK_MESH
09:08:27 | INFO: Primitives created: 1
09:08:27 | INFO: Extracting primitive: V03_RESTAURANT_ENCLOSURE_LEFT_MESH
09:08:27 | INFO: Primitives created: 1
09:08:27 | INFO: Extracting primitive: V03_RESTAURANT_ENCLOSURE_RIGHT_MESH
09:08:27 | INFO: Primitives created: 1
09:08:27 | INFO: Extracting primitive: V03_RESTAURANT_FLOOR_MESH
09:08:27 | INFO: Primitives created: 1
09:08:27 | INFO: Extracting primitive: V03_RESTAURANT_KITCHEN_HOOD_00_MESH
09:08:27 | INFO: Primitives created: 1
09:08:27 | INFO: Extracting primitive: V03_RESTAURANT_KITCHEN_HOOD_01_MESH
09:08:27 | INFO: Primitives created: 1
09:08:27 | INFO: Extracting primitive: V03_RESTAURANT_KITCHEN_HOOD_02_MESH
09:08:27 | INFO: Primitives created: 1
09:08:27 | INFO: Extracting primitive: V03_RESTAURANT_KITCHEN_HOOD_03_MESH
09:08:27 | INFO: Primitives created: 1
09:08:27 | INFO: Extracting primitive: V03_RESTAURANT_KITCHEN_PARTITION_MESH
09:08:27 | INFO: Primitives created: 1
09:08:27 | INFO: Extracting primitive: V03_RESTAURANT_KITCHEN_STATION_00_MESH
09:08:27 | INFO: Primitives created: 1
09:08:27 | INFO: Extracting primitive: V03_RESTAURANT_KITCHEN_STATION_01_MESH
09:08:27 | INFO: Primitives created: 1
09:08:27 | INFO: Extracting primitive: V03_RESTAURANT_KITCHEN_STATION_02_MESH
09:08:27 | INFO: Primitives created: 1
09:08:27 | INFO: Extracting primitive: V03_RESTAURANT_KITCHEN_STATION_03_MESH
09:08:27 | INFO: Primitives created: 1
09:08:27 | INFO: Extracting primitive: V03_RESTAURANT_LIGHT_00_BODY_MESH
09:08:27 | INFO: Primitives created: 1
09:08:27 | INFO: Extracting primitive: V03_RESTAURANT_LIGHT_00_GLOW_MESH
09:08:27 | INFO: Primitives created: 1
09:08:27 | INFO: Extracting primitive: V03_RESTAURANT_LIGHT_01_BODY_MESH
09:08:27 | INFO: Primitives created: 1
09:08:27 | INFO: Extracting primitive: V03_RESTAURANT_LIGHT_01_GLOW_MESH
09:08:27 | INFO: Primitives created: 1
09:08:27 | INFO: Extracting primitive: V03_RESTAURANT_LIGHT_02_BODY_MESH
09:08:27 | INFO: Primitives created: 1
09:08:27 | INFO: Extracting primitive: V03_RESTAURANT_LIGHT_02_GLOW_MESH
09:08:27 | INFO: Primitives created: 1
09:08:27 | INFO: Extracting primitive: V03_RESTAURANT_LIGHT_03_BODY_MESH
09:08:27 | INFO: Primitives created: 1
09:08:27 | INFO: Extracting primitive: V03_RESTAURANT_LIGHT_03_GLOW_MESH
09:08:27 | INFO: Primitives created: 1
09:08:27 | INFO: Extracting primitive: V03_RESTAURANT_PASS_MESH
09:08:27 | INFO: Primitives created: 1
09:08:27 | INFO: Extracting primitive: V03_RESTAURANT_SERVICE_BACKBAR_MESH
09:08:27 | INFO: Primitives created: 1
09:08:27 | INFO: Extracting primitive: V03_RESTAURANT_SERVICE_COUNTER_MESH
09:08:27 | INFO: Primitives created: 1
09:08:27 | INFO: Extracting primitive: V03_RESTAURANT_SERVICE_SHELF_00_MESH
09:08:27 | INFO: Primitives created: 1
09:08:27 | INFO: Extracting primitive: V03_RESTAURANT_SERVICE_SHELF_01_MESH
09:08:27 | INFO: Primitives created: 1
09:08:27 | INFO: Extracting primitive: V03_RESTAURANT_SERVICE_SHELF_02_MESH
09:08:27 | INFO: Primitives created: 1
09:08:27 | INFO: Extracting primitive: V03_RESTAURANT_SERVICE_SHELF_03_MESH
09:08:27 | INFO: Primitives created: 1
09:08:27 | INFO: Extracting primitive: V03_RESTAURANT_WALL_PANEL_00_MESH
09:08:27 | INFO: Primitives created: 1
09:08:27 | INFO: Extracting primitive: V03_RESTAURANT_WALL_PANEL_01_MESH
09:08:27 | INFO: Primitives created: 1
09:08:27 | INFO: Extracting primitive: V03_RESTAURANT_WALL_PANEL_02_MESH
09:08:27 | INFO: Primitives created: 1
09:08:27 | INFO: Extracting primitive: V03_RESTAURANT_WALL_PANEL_03_MESH
09:08:27 | INFO: Primitives created: 1
09:08:27 | INFO: Extracting primitive: V03_WIPES_BACK_WALL_MESH
09:08:27 | INFO: Primitives created: 1
09:08:27 | INFO: Extracting primitive: V03_WIPES_CONVERTING_LINE_FRAME_MESH
09:08:27 | INFO: Primitives created: 1
09:08:27 | INFO: Extracting primitive: V03_WIPES_CONVERTING_LINE_GUARD_A_MESH
09:08:27 | INFO: Primitives created: 1
09:08:27 | INFO: Extracting primitive: V03_WIPES_CONVERTING_LINE_GUARD_B_MESH
09:08:27 | INFO: Primitives created: 1
09:08:27 | INFO: Extracting primitive: V03_WIPES_CONVERTING_LINE_ROLLER_00_MESH
09:08:27 | INFO: Primitives created: 1
09:08:27 | INFO: Extracting primitive: V03_WIPES_CONVERTING_LINE_ROLLER_01_MESH
09:08:27 | INFO: Primitives created: 1
09:08:27 | INFO: Extracting primitive: V03_WIPES_CONVERTING_LINE_ROLLER_02_MESH
09:08:27 | INFO: Primitives created: 1
09:08:27 | INFO: Extracting primitive: V03_WIPES_CONVERTING_LINE_ROLLER_03_MESH
09:08:27 | INFO: Primitives created: 1
09:08:27 | INFO: Extracting primitive: V03_WIPES_CONVERTING_LINE_ROLLER_04_MESH
09:08:27 | INFO: Primitives created: 1
09:08:27 | INFO: Extracting primitive: V03_WIPES_CONVERTING_LINE_ROLLER_05_MESH
09:08:27 | INFO: Primitives created: 1
09:08:27 | INFO: Extracting primitive: V03_WIPES_CONVERTING_LINE_ROLLER_06_MESH
09:08:27 | INFO: Primitives created: 1
09:08:27 | INFO: Extracting primitive: V03_WIPES_CUTTER_MESH
09:08:27 | INFO: Primitives created: 1
09:08:27 | INFO: Extracting primitive: V03_WIPES_FILM_REEL_MESH
09:08:27 | INFO: Primitives created: 1
09:08:27 | INFO: Extracting primitive: V03_WIPES_FILM_REEL_FRAME_MESH
09:08:27 | INFO: Primitives created: 1
09:08:27 | INFO: Extracting primitive: V03_WIPES_FINISHED_POUCH_00_MESH
09:08:27 | INFO: Primitives created: 1
09:08:27 | INFO: Extracting primitive: V03_WIPES_FINISHED_POUCH_01_MESH
09:08:27 | INFO: Primitives created: 1
09:08:27 | INFO: Extracting primitive: V03_WIPES_FINISHED_POUCH_02_MESH
09:08:27 | INFO: Primitives created: 1
09:08:27 | INFO: Extracting primitive: V03_WIPES_FINISHED_POUCH_03_MESH
09:08:27 | INFO: Primitives created: 1
09:08:27 | INFO: Extracting primitive: V03_WIPES_FINISHED_POUCH_04_MESH
09:08:27 | INFO: Primitives created: 1
09:08:27 | INFO: Extracting primitive: V03_WIPES_FLOOR_MESH
09:08:27 | INFO: Primitives created: 1
09:08:27 | INFO: Extracting primitive: V03_WIPES_FOLDING_GUARD_MESH
09:08:27 | INFO: Primitives created: 1
09:08:27 | INFO: Extracting primitive: V03_WIPES_FOLDING_PLOW_MESH
09:08:27 | INFO: Primitives created: 1
09:08:27 | INFO: Extracting primitive: V03_WIPES_LIGHT_00_BODY_MESH
09:08:27 | INFO: Primitives created: 1
09:08:27 | INFO: Extracting primitive: V03_WIPES_LIGHT_00_GLOW_MESH
09:08:27 | INFO: Primitives created: 1
09:08:27 | INFO: Extracting primitive: V03_WIPES_LIGHT_01_BODY_MESH
09:08:27 | INFO: Primitives created: 1
09:08:27 | INFO: Extracting primitive: V03_WIPES_LIGHT_01_GLOW_MESH
09:08:27 | INFO: Primitives created: 1
09:08:27 | INFO: Extracting primitive: V03_WIPES_LIGHT_02_BODY_MESH
09:08:27 | INFO: Primitives created: 1
09:08:27 | INFO: Extracting primitive: V03_WIPES_LIGHT_02_GLOW_MESH
09:08:27 | INFO: Primitives created: 1
09:08:27 | INFO: Extracting primitive: V03_WIPES_LIGHT_03_BODY_MESH
09:08:27 | INFO: Primitives created: 1
09:08:27 | INFO: Extracting primitive: V03_WIPES_LIGHT_03_GLOW_MESH
09:08:27 | INFO: Primitives created: 1
09:08:27 | INFO: Extracting primitive: V03_WIPES_LIGHT_04_BODY_MESH
09:08:27 | INFO: Primitives created: 1
09:08:27 | INFO: Extracting primitive: V03_WIPES_LIGHT_04_GLOW_MESH
09:08:27 | INFO: Primitives created: 1
09:08:27 | INFO: Extracting primitive: V03_WIPES_LIGHT_05_BODY_MESH
09:08:27 | INFO: Primitives created: 1
09:08:27 | INFO: Extracting primitive: V03_WIPES_LIGHT_05_GLOW_MESH
09:08:27 | INFO: Primitives created: 1
09:08:27 | INFO: Extracting primitive: V03_WIPES_LIGHT_06_BODY_MESH
09:08:27 | INFO: Primitives created: 1
09:08:27 | INFO: Extracting primitive: V03_WIPES_LIGHT_06_GLOW_MESH
09:08:27 | INFO: Primitives created: 1
09:08:27 | INFO: Extracting primitive: V03_WIPES_LOTION_FEED_MESH
09:08:27 | INFO: Primitives created: 1
09:08:27 | INFO: Extracting primitive: V03_WIPES_NIP_ROLL_00_MESH
09:08:27 | INFO: Primitives created: 1
09:08:27 | INFO: Extracting primitive: V03_WIPES_NIP_ROLL_01_MESH
09:08:27 | INFO: Primitives created: 1
09:08:27 | INFO: Extracting primitive: V03_WIPES_NIP_ROLL_02_MESH
09:08:27 | INFO: Primitives created: 1
09:08:27 | INFO: Extracting primitive: V03_WIPES_PACK_OUT_FRAME_MESH
09:08:27 | INFO: Primitives created: 1
09:08:27 | INFO: Extracting primitive: V03_WIPES_PACK_OUT_GUARD_A_MESH
09:08:27 | INFO: Primitives created: 1
09:08:27 | INFO: Extracting primitive: V03_WIPES_PACK_OUT_GUARD_B_MESH
09:08:27 | INFO: Primitives created: 1
09:08:27 | INFO: Extracting primitive: V03_WIPES_PACK_OUT_ROLLER_00_MESH
09:08:27 | INFO: Primitives created: 1
09:08:27 | INFO: Extracting primitive: V03_WIPES_PACK_OUT_ROLLER_01_MESH
09:08:27 | INFO: Primitives created: 1
09:08:27 | INFO: Extracting primitive: V03_WIPES_PACK_OUT_ROLLER_02_MESH
09:08:27 | INFO: Primitives created: 1
09:08:27 | INFO: Extracting primitive: V03_WIPES_PACK_OUT_ROLLER_03_MESH
09:08:27 | INFO: Primitives created: 1
09:08:27 | INFO: Extracting primitive: V03_WIPES_PACK_OUT_ROLLER_04_MESH
09:08:27 | INFO: Primitives created: 1
09:08:27 | INFO: Extracting primitive: V03_WIPES_PACK_OUT_ROLLER_05_MESH
09:08:27 | INFO: Primitives created: 1
09:08:27 | INFO: Extracting primitive: V03_WIPES_PACK_OUT_ROLLER_06_MESH
09:08:27 | INFO: Primitives created: 1
09:08:27 | INFO: Extracting primitive: V03_WIPES_PARENT_ROLL_MESH
09:08:27 | INFO: Primitives created: 1
09:08:27 | INFO: Extracting primitive: V03_WIPES_POUCH_PACKER_MESH
09:08:27 | INFO: Primitives created: 1
09:08:27 | INFO: Extracting primitive: V03_WIPES_ROLL_CORE_MESH
09:08:27 | INFO: Primitives created: 1
09:08:27 | INFO: Extracting primitive: V03_WIPES_SEAL_BAR_00_MESH
09:08:27 | INFO: Primitives created: 1
09:08:27 | INFO: Extracting primitive: V03_WIPES_SEAL_BAR_01_MESH
09:08:27 | INFO: Primitives created: 1
09:08:27 | INFO: Extracting primitive: V03_WIPES_SEAL_BAR_02_MESH
09:08:27 | INFO: Primitives created: 1
09:08:27 | INFO: Extracting primitive: V03_WIPES_SEAL_BAR_03_MESH
09:08:27 | INFO: Primitives created: 1
09:08:27 | INFO: Extracting primitive: V03_WIPES_STACK_00_MESH
09:08:27 | INFO: Primitives created: 1
09:08:27 | INFO: Extracting primitive: V03_WIPES_STACK_01_MESH
09:08:27 | INFO: Primitives created: 1
09:08:27 | INFO: Extracting primitive: V03_WIPES_STACK_02_MESH
09:08:27 | INFO: Primitives created: 1
09:08:27 | INFO: Extracting primitive: V03_WIPES_STACK_03_MESH
09:08:27 | INFO: Primitives created: 1
09:08:27 | INFO: Extracting primitive: V03_WIPES_STACK_04_MESH
09:08:27 | INFO: Primitives created: 1
09:08:27 | INFO: Extracting primitive: V03_WIPES_STACK_05_MESH
09:08:27 | INFO: Primitives created: 1
09:08:27 | INFO: Extracting primitive: V03_WIPES_STACKER_MESH
09:08:27 | INFO: Primitives created: 1
09:08:27 | INFO: Extracting primitive: V03_WIPES_UNWIND_FRAME_MESH
09:08:27 | INFO: Primitives created: 1
09:08:27 | INFO: Extracting primitive: V03_WIPES_WEB_01_MESH
09:08:27 | INFO: Primitives created: 1
09:08:27 | INFO: Extracting primitive: V03_WIPES_WEB_02_MESH
09:08:27 | INFO: Primitives created: 1
09:08:27 | INFO: Extracting primitive: V03_WIPES_WETTING_BATH_MESH
09:08:27 | INFO: Primitives created: 1
09:08:27 | INFO: Extracting primitive: V04_ADMIN_BACK_MESH.001
09:08:27 | INFO: Primitives created: 1
09:08:27 | INFO: Extracting primitive: V04_ADMIN_FLOOR_MESH.001
09:08:27 | INFO: Primitives created: 1
09:08:27 | INFO: Extracting primitive: V04_ADMIN_LAB_PARTITION_MESH.001
09:08:27 | INFO: Primitives created: 1
09:08:27 | INFO: Extracting primitive: V04_ADMIN_LEFT_MESH.001
09:08:27 | INFO: Primitives created: 1
09:08:27 | INFO: Extracting primitive: V04_ADMIN_LIGHT_00_BODY_MESH.001
09:08:27 | INFO: Primitives created: 1
09:08:27 | INFO: Extracting primitive: V04_ADMIN_LIGHT_00_GLOW_MESH.001
09:08:27 | INFO: Primitives created: 1
09:08:27 | INFO: Extracting primitive: V04_ADMIN_LIGHT_01_BODY_MESH.001
09:08:27 | INFO: Primitives created: 1
09:08:27 | INFO: Extracting primitive: V04_ADMIN_LIGHT_01_GLOW_MESH.001
09:08:27 | INFO: Primitives created: 1
09:08:27 | INFO: Extracting primitive: V04_ADMIN_LIGHT_02_BODY_MESH.001
09:08:27 | INFO: Primitives created: 1
09:08:27 | INFO: Extracting primitive: V04_ADMIN_LIGHT_02_GLOW_MESH.001
09:08:27 | INFO: Primitives created: 1
09:08:27 | INFO: Extracting primitive: V04_ADMIN_LIGHT_03_BODY_MESH.001
09:08:27 | INFO: Primitives created: 1
09:08:27 | INFO: Extracting primitive: V04_ADMIN_LIGHT_03_GLOW_MESH.001
09:08:27 | INFO: Primitives created: 1
09:08:27 | INFO: Extracting primitive: V04_ADMIN_LIGHT_04_BODY_MESH.001
09:08:27 | INFO: Primitives created: 1
09:08:27 | INFO: Extracting primitive: V04_ADMIN_LIGHT_04_GLOW_MESH.001
09:08:27 | INFO: Primitives created: 1
09:08:27 | INFO: Extracting primitive: V04_ADMIN_LIGHT_05_BODY_MESH.001
09:08:27 | INFO: Primitives created: 1
09:08:27 | INFO: Extracting primitive: V04_ADMIN_LIGHT_05_GLOW_MESH.001
09:08:27 | INFO: Primitives created: 1
09:08:27 | INFO: Extracting primitive: V04_ADMIN_LIGHT_06_BODY_MESH.001
09:08:27 | INFO: Primitives created: 1
09:08:27 | INFO: Extracting primitive: V04_ADMIN_LIGHT_06_GLOW_MESH.001
09:08:27 | INFO: Primitives created: 1
09:08:27 | INFO: Extracting primitive: V04_ADMIN_MEETING_SEAT_00_MESH.001
09:08:27 | INFO: Primitives created: 1
09:08:27 | INFO: Extracting primitive: V04_ADMIN_MEETING_SEAT_01_MESH.001
09:08:27 | INFO: Primitives created: 1
09:08:27 | INFO: Extracting primitive: V04_ADMIN_MEETING_SEAT_02_MESH.001
09:08:27 | INFO: Primitives created: 1
09:08:27 | INFO: Extracting primitive: V04_ADMIN_MEETING_SEAT_03_MESH.001
09:08:27 | INFO: Primitives created: 1
09:08:27 | INFO: Extracting primitive: V04_ADMIN_MEETING_SEAT_04_MESH.001
09:08:27 | INFO: Primitives created: 1
09:08:27 | INFO: Extracting primitive: V04_ADMIN_MEETING_SEAT_05_MESH.001
09:08:27 | INFO: Primitives created: 1
09:08:27 | INFO: Extracting primitive: V04_ADMIN_MEETING_SEAT_06_MESH.001
09:08:27 | INFO: Primitives created: 1
09:08:27 | INFO: Extracting primitive: V04_ADMIN_MEETING_SEAT_07_MESH.001
09:08:27 | INFO: Primitives created: 1
09:08:27 | INFO: Extracting primitive: V04_ADMIN_MEETING_TABLE_MESH.001
09:08:27 | INFO: Primitives created: 1
09:08:27 | INFO: Extracting primitive: V04_ADMIN_OFFICE_POD_00_MESH.001
09:08:27 | INFO: Primitives created: 1
09:08:27 | INFO: Extracting primitive: V04_ADMIN_OFFICE_POD_01_MESH.001
09:08:27 | INFO: Primitives created: 1
09:08:27 | INFO: Extracting primitive: V04_ADMIN_OFFICE_POD_02_MESH.001
09:08:27 | INFO: Primitives created: 1
09:08:27 | INFO: Extracting primitive: V04_ADMIN_OFFICE_POD_03_MESH.001
09:08:27 | INFO: Primitives created: 1
09:08:27 | INFO: Extracting primitive: V04_ADMIN_OFFICE_POD_04_MESH.001
09:08:27 | INFO: Primitives created: 1
09:08:27 | INFO: Extracting primitive: V04_ADMIN_OFFICE_POD_05_MESH.001
09:08:27 | INFO: Primitives created: 1
09:08:27 | INFO: Extracting primitive: V04_ADMIN_QC_INSTRUMENT_00_MESH.001
09:08:27 | INFO: Primitives created: 1
09:08:27 | INFO: Extracting primitive: V04_ADMIN_QC_INSTRUMENT_01_MESH.001
09:08:27 | INFO: Primitives created: 1
09:08:27 | INFO: Extracting primitive: V04_ADMIN_QC_INSTRUMENT_02_MESH.001
09:08:27 | INFO: Primitives created: 1
09:08:27 | INFO: Extracting primitive: V04_ADMIN_QC_INSTRUMENT_03_MESH.001
09:08:27 | INFO: Primitives created: 1
09:08:27 | INFO: Extracting primitive: V04_ADMIN_QC_INSTRUMENT_04_MESH.001
09:08:27 | INFO: Primitives created: 1
09:08:27 | INFO: Extracting primitive: V04_ADMIN_QC_LAB_BENCH_MESH.001
09:08:27 | INFO: Primitives created: 1
09:08:27 | INFO: Extracting primitive: V04_ADMIN_QC_SAMPLE_00_MESH.001
09:08:27 | INFO: Primitives created: 1
09:08:27 | INFO: Extracting primitive: V04_ADMIN_QC_SAMPLE_01_MESH.001
09:08:27 | INFO: Primitives created: 1
09:08:27 | INFO: Extracting primitive: V04_ADMIN_QC_SAMPLE_02_MESH.001
09:08:27 | INFO: Primitives created: 1
09:08:27 | INFO: Extracting primitive: V04_ADMIN_QC_SAMPLE_03_MESH.001
09:08:27 | INFO: Primitives created: 1
09:08:27 | INFO: Extracting primitive: V04_ADMIN_QC_SAMPLE_04_MESH.001
09:08:27 | INFO: Primitives created: 1
09:08:27 | INFO: Extracting primitive: V04_ADMIN_QC_STORAGE_BEAM_00_MESH.001
09:08:27 | INFO: Primitives created: 1
09:08:27 | INFO: Extracting primitive: V04_ADMIN_QC_STORAGE_BEAM_01_MESH.001
09:08:27 | INFO: Primitives created: 1
09:08:27 | INFO: Extracting primitive: V04_ADMIN_QC_STORAGE_LOAD_00_00_MESH.001
09:08:27 | INFO: Primitives created: 1
09:08:27 | INFO: Extracting primitive: V04_ADMIN_QC_STORAGE_LOAD_00_01_MESH.001
09:08:27 | INFO: Primitives created: 1
09:08:27 | INFO: Extracting primitive: V04_ADMIN_QC_STORAGE_LOAD_01_00_MESH.001
09:08:27 | INFO: Primitives created: 1
09:08:27 | INFO: Extracting primitive: V04_ADMIN_QC_STORAGE_LOAD_01_01_MESH.001
09:08:27 | INFO: Primitives created: 1
09:08:27 | INFO: Extracting primitive: V04_ADMIN_QC_STORAGE_LOAD_02_00_MESH.001
09:08:27 | INFO: Primitives created: 1
09:08:27 | INFO: Extracting primitive: V04_ADMIN_QC_STORAGE_LOAD_02_01_MESH.001
09:08:27 | INFO: Primitives created: 1
09:08:27 | INFO: Extracting primitive: V04_ADMIN_QC_STORAGE_LOAD_03_00_MESH.001
09:08:27 | INFO: Primitives created: 1
09:08:27 | INFO: Extracting primitive: V04_ADMIN_QC_STORAGE_LOAD_03_01_MESH.001
09:08:27 | INFO: Primitives created: 1
09:08:27 | INFO: Extracting primitive: V04_ADMIN_QC_STORAGE_PALLET_00_00_MESH.001
09:08:27 | INFO: Primitives created: 1
09:08:27 | INFO: Extracting primitive: V04_ADMIN_QC_STORAGE_PALLET_00_01_MESH.001
09:08:27 | INFO: Primitives created: 1
09:08:27 | INFO: Extracting primitive: V04_ADMIN_QC_STORAGE_PALLET_01_00_MESH.001
09:08:27 | INFO: Primitives created: 1
09:08:27 | INFO: Extracting primitive: V04_ADMIN_QC_STORAGE_PALLET_01_01_MESH.001
09:08:27 | INFO: Primitives created: 1
09:08:27 | INFO: Extracting primitive: V04_ADMIN_QC_STORAGE_PALLET_02_00_MESH.001
09:08:27 | INFO: Primitives created: 1
09:08:27 | INFO: Extracting primitive: V04_ADMIN_QC_STORAGE_PALLET_02_01_MESH.001
09:08:27 | INFO: Primitives created: 1
09:08:27 | INFO: Extracting primitive: V04_ADMIN_QC_STORAGE_PALLET_03_00_MESH.001
09:08:27 | INFO: Primitives created: 1
09:08:27 | INFO: Extracting primitive: V04_ADMIN_QC_STORAGE_PALLET_03_01_MESH.001
09:08:27 | INFO: Primitives created: 1
09:08:27 | INFO: Extracting primitive: V04_ADMIN_QC_STORAGE_UPRIGHT_00_00_MESH.001
09:08:27 | INFO: Primitives created: 1
09:08:27 | INFO: Extracting primitive: V04_ADMIN_QC_STORAGE_UPRIGHT_00_01_MESH.001
09:08:27 | INFO: Primitives created: 1
09:08:27 | INFO: Extracting primitive: V04_ADMIN_QC_STORAGE_UPRIGHT_01_00_MESH.001
09:08:27 | INFO: Primitives created: 1
09:08:27 | INFO: Extracting primitive: V04_ADMIN_QC_STORAGE_UPRIGHT_01_01_MESH.001
09:08:27 | INFO: Primitives created: 1
09:08:27 | INFO: Extracting primitive: V04_ADMIN_QC_STORAGE_UPRIGHT_02_00_MESH.001
09:08:27 | INFO: Primitives created: 1
09:08:27 | INFO: Extracting primitive: V04_ADMIN_QC_STORAGE_UPRIGHT_02_01_MESH.001
09:08:27 | INFO: Primitives created: 1
09:08:27 | INFO: Extracting primitive: V04_ADMIN_QC_STORAGE_UPRIGHT_03_00_MESH.001
09:08:27 | INFO: Primitives created: 1
09:08:27 | INFO: Extracting primitive: V04_ADMIN_QC_STORAGE_UPRIGHT_03_01_MESH.001
09:08:27 | INFO: Primitives created: 1
09:08:27 | INFO: Extracting primitive: V04_ADMIN_RECEPTION_MESH.001
09:08:27 | INFO: Primitives created: 1
09:08:27 | INFO: Extracting primitive: V04_ADMIN_RECEPTION_BACK_MESH.001
09:08:27 | INFO: Primitives created: 1
09:08:27 | INFO: Extracting primitive: V04_ADMIN_RIGHT_MESH.001
09:08:27 | INFO: Primitives created: 1
09:08:27 | INFO: Extracting primitive: V04_BLOW_BOTTLE_INSPECTION_MESH.001
09:08:27 | INFO: Primitives created: 1
09:08:27 | INFO: Extracting primitive: V04_BLOW_CAGE_SIDE_1_MESH.001
09:08:27 | INFO: Primitives created: 1
09:08:27 | INFO: Extracting primitive: V04_BLOW_CAGE_SIDE_-1_MESH.001
09:08:27 | INFO: Primitives created: 1
09:08:27 | INFO: Extracting primitive: V04_BLOW_LIGHT_00_BODY_MESH.001
09:08:27 | INFO: Primitives created: 1
09:08:27 | INFO: Extracting primitive: V04_BLOW_LIGHT_00_GLOW_MESH.001
09:08:27 | INFO: Primitives created: 1
09:08:27 | INFO: Extracting primitive: V04_BLOW_LIGHT_01_BODY_MESH.001
09:08:27 | INFO: Primitives created: 1
09:08:27 | INFO: Extracting primitive: V04_BLOW_LIGHT_01_GLOW_MESH.001
09:08:27 | INFO: Primitives created: 1
09:08:27 | INFO: Extracting primitive: V04_BLOW_LIGHT_02_BODY_MESH.001
09:08:27 | INFO: Primitives created: 1
09:08:27 | INFO: Extracting primitive: V04_BLOW_LIGHT_02_GLOW_MESH.001
09:08:27 | INFO: Primitives created: 1
09:08:27 | INFO: Extracting primitive: V04_BLOW_LIGHT_03_BODY_MESH.001
09:08:27 | INFO: Primitives created: 1
09:08:27 | INFO: Extracting primitive: V04_BLOW_LIGHT_03_GLOW_MESH.001
09:08:27 | INFO: Primitives created: 1
09:08:27 | INFO: Extracting primitive: V04_BLOW_LIGHT_04_BODY_MESH.001
09:08:27 | INFO: Primitives created: 1
09:08:27 | INFO: Extracting primitive: V04_BLOW_LIGHT_04_GLOW_MESH.001
09:08:27 | INFO: Primitives created: 1
09:08:27 | INFO: Extracting primitive: V04_BLOW_LIGHT_05_BODY_MESH.001
09:08:27 | INFO: Primitives created: 1
09:08:27 | INFO: Extracting primitive: V04_BLOW_LIGHT_05_GLOW_MESH.001
09:08:27 | INFO: Primitives created: 1
09:08:27 | INFO: Extracting primitive: V04_BLOW_OVEN_DUCT_00_MESH.001
09:08:27 | INFO: Primitives created: 1
09:08:27 | INFO: Extracting primitive: V04_BLOW_OVEN_DUCT_01_MESH.001
09:08:27 | INFO: Primitives created: 1
09:08:27 | INFO: Extracting primitive: V04_BLOW_OVEN_DUCT_02_MESH.001
09:08:27 | INFO: Primitives created: 1
09:08:27 | INFO: Extracting primitive: V04_BLOW_OVEN_SERVICE_DECK_MESH.001
09:08:27 | INFO: Primitives created: 1
09:08:27 | INFO: Extracting primitive: V04_BLOW_PREFORM_BIN_MESH.001
09:08:27 | INFO: Primitives created: 1
09:08:27 | INFO: Extracting primitive: V04_BLOW_PREFORM_BIN_00_MESH.001
09:08:27 | INFO: Primitives created: 1
09:08:27 | INFO: Extracting primitive: V04_BLOW_PREFORM_BIN_01_MESH.001
09:08:27 | INFO: Primitives created: 1
09:08:27 | INFO: Extracting primitive: V04_BLOW_PREFORM_BIN_02_MESH.001
09:08:27 | INFO: Primitives created: 1
09:08:27 | INFO: Extracting primitive: V04_BLOW_PREFORM_BIN_03_MESH.001
09:08:27 | INFO: Primitives created: 1
09:08:27 | INFO: Extracting primitive: V04_BLOW_PREFORM_TRANSFER_FRAME_MESH.001
09:08:27 | INFO: Primitives created: 1
09:08:27 | INFO: Extracting primitive: V04_BLOW_PREFORM_TRANSFER_GUARD_A_MESH.001
09:08:27 | INFO: Primitives created: 1
09:08:27 | INFO: Extracting primitive: V04_BLOW_PREFORM_TRANSFER_GUARD_B_MESH.001
09:08:27 | INFO: Primitives created: 1
09:08:27 | INFO: Extracting primitive: V04_BLOW_PREFORM_TRANSFER_ROLLER_00_MESH.001
09:08:27 | INFO: Primitives created: 1
09:08:27 | INFO: Extracting primitive: V04_BLOW_PREFORM_TRANSFER_ROLLER_01_MESH.001
09:08:27 | INFO: Primitives created: 1
09:08:27 | INFO: Extracting primitive: V04_BLOW_PREFORM_TRANSFER_ROLLER_02_MESH.001
09:08:27 | INFO: Primitives created: 1
09:08:27 | INFO: Extracting primitive: V04_BLOW_PREFORM_TRANSFER_ROLLER_03_MESH.001
09:08:27 | INFO: Primitives created: 1
09:08:27 | INFO: Extracting primitive: V04_BLOW_PREFORM_TRANSFER_ROLLER_04_MESH.001
09:08:27 | INFO: Primitives created: 1
09:08:27 | INFO: Extracting primitive: V04_BLOW_PREFORM_TRANSFER_ROLLER_05_MESH.001
09:08:27 | INFO: Primitives created: 1
09:08:27 | INFO: Extracting primitive: V04_BLOW_PREFORM_TRANSFER_ROLLER_06_MESH.001
09:08:27 | INFO: Primitives created: 1
09:08:27 | INFO: Extracting primitive: V04_BLOW_PREFORM_TRANSFER_ROLLER_07_MESH.001
09:08:27 | INFO: Primitives created: 1
09:08:27 | INFO: Extracting primitive: V04_CLINIC_BACK_MESH.001
09:08:27 | INFO: Primitives created: 1
09:08:27 | INFO: Extracting primitive: V04_CLINIC_EXAM_BACK_MESH.001
09:08:27 | INFO: Primitives created: 1
09:08:27 | INFO: Extracting primitive: V04_CLINIC_EXAM_BED_MESH.001
09:08:27 | INFO: Primitives created: 1
09:08:27 | INFO: Extracting primitive: V04_CLINIC_FLOOR_MESH.001
09:08:27 | INFO: Primitives created: 1
09:08:27 | INFO: Extracting primitive: V04_CLINIC_LEFT_MESH.001
09:08:27 | INFO: Primitives created: 1
09:08:27 | INFO: Extracting primitive: V04_CLINIC_LIGHT_00_BODY_MESH.001
09:08:27 | INFO: Primitives created: 1
09:08:27 | INFO: Extracting primitive: V04_CLINIC_LIGHT_00_GLOW_MESH.001
09:08:27 | INFO: Primitives created: 1
09:08:27 | INFO: Extracting primitive: V04_CLINIC_LIGHT_01_BODY_MESH.001
09:08:27 | INFO: Primitives created: 1
09:08:27 | INFO: Extracting primitive: V04_CLINIC_LIGHT_01_GLOW_MESH.001
09:08:27 | INFO: Primitives created: 1
09:08:27 | INFO: Extracting primitive: V04_CLINIC_LIGHT_02_BODY_MESH.001
09:08:27 | INFO: Primitives created: 1
09:08:27 | INFO: Extracting primitive: V04_CLINIC_LIGHT_02_GLOW_MESH.001
09:08:27 | INFO: Primitives created: 1
09:08:27 | INFO: Extracting primitive: V04_CLINIC_LIGHT_03_BODY_MESH.001
09:08:27 | INFO: Primitives created: 1
09:08:27 | INFO: Extracting primitive: V04_CLINIC_LIGHT_03_GLOW_MESH.001
09:08:27 | INFO: Primitives created: 1
09:08:27 | INFO: Extracting primitive: V04_CLINIC_MEDICAL_CABINET_00_MESH.001
09:08:27 | INFO: Primitives created: 1
09:08:27 | INFO: Extracting primitive: V04_CLINIC_MEDICAL_CABINET_01_MESH.001
09:08:27 | INFO: Primitives created: 1
09:08:27 | INFO: Extracting primitive: V04_CLINIC_MEDICAL_CABINET_02_MESH.001
09:08:27 | INFO: Primitives created: 1
09:08:27 | INFO: Extracting primitive: V04_CLINIC_PRIVACY_MESH.001
09:08:27 | INFO: Primitives created: 1
09:08:27 | INFO: Extracting primitive: V04_CLINIC_RECEPTION_MESH.001
09:08:27 | INFO: Primitives created: 1
09:08:27 | INFO: Extracting primitive: V04_CLINIC_RIGHT_MESH.001
09:08:27 | INFO: Primitives created: 1
09:08:27 | INFO: Extracting primitive: V04_CLINIC_SINK_MESH.001
09:08:27 | INFO: Primitives created: 1
09:08:27 | INFO: Extracting primitive: V04_CLINIC_TREATMENT_CART_MESH.001
09:08:27 | INFO: Primitives created: 1
09:08:27 | INFO: Extracting primitive: V04_CLINIC_WAIT_SEAT_00_MESH.001
09:08:27 | INFO: Primitives created: 1
09:08:27 | INFO: Extracting primitive: V04_CLINIC_WAIT_SEAT_01_MESH.001
09:08:27 | INFO: Primitives created: 1
09:08:27 | INFO: Extracting primitive: V04_CLINIC_WAIT_SEAT_02_MESH.001
09:08:27 | INFO: Primitives created: 1
09:08:27 | INFO: Extracting primitive: V04_CLINIC_WAIT_SEAT_03_MESH.001
09:08:27 | INFO: Primitives created: 1
09:08:27 | INFO: Extracting primitive: V04_ETP_BACK_MESH.001
09:08:27 | INFO: Primitives created: 1
09:08:27 | INFO: Extracting primitive: V04_ETP_FILTER_00_MESH.001
09:08:27 | INFO: Primitives created: 1
09:08:27 | INFO: Extracting primitive: V04_ETP_FILTER_01_MESH.001
09:08:27 | INFO: Primitives created: 1
09:08:27 | INFO: Extracting primitive: V04_ETP_FILTER_02_MESH.001
09:08:27 | INFO: Primitives created: 1
09:08:27 | INFO: Extracting primitive: V04_ETP_FLOOR_MESH.001
09:08:27 | INFO: Primitives created: 1
09:08:27 | INFO: Extracting primitive: V04_ETP_HEADER_00_MESH.001
09:08:27 | INFO: Primitives created: 1
09:08:27 | INFO: Extracting primitive: V04_ETP_HEADER_01_MESH.001
09:08:27 | INFO: Primitives created: 1
09:08:27 | INFO: Extracting primitive: V04_ETP_HEADER_02_MESH.001
09:08:27 | INFO: Primitives created: 1
09:08:27 | INFO: Extracting primitive: V04_ETP_LEFT_MESH.001
09:08:27 | INFO: Primitives created: 1
09:08:27 | INFO: Extracting primitive: V04_ETP_LIGHT_00_BODY_MESH.001
09:08:27 | INFO: Primitives created: 1
09:08:27 | INFO: Extracting primitive: V04_ETP_LIGHT_00_GLOW_MESH.001
09:08:27 | INFO: Primitives created: 1
09:08:27 | INFO: Extracting primitive: V04_ETP_LIGHT_01_BODY_MESH.001
09:08:27 | INFO: Primitives created: 1
09:08:27 | INFO: Extracting primitive: V04_ETP_LIGHT_01_GLOW_MESH.001
09:08:27 | INFO: Primitives created: 1
09:08:27 | INFO: Extracting primitive: V04_ETP_LIGHT_02_BODY_MESH.001
09:08:27 | INFO: Primitives created: 1
09:08:27 | INFO: Extracting primitive: V04_ETP_LIGHT_02_GLOW_MESH.001
09:08:27 | INFO: Primitives created: 1
09:08:27 | INFO: Extracting primitive: V04_ETP_LIGHT_03_BODY_MESH.001
09:08:27 | INFO: Primitives created: 1
09:08:27 | INFO: Extracting primitive: V04_ETP_LIGHT_03_GLOW_MESH.001
09:08:27 | INFO: Primitives created: 1
09:08:27 | INFO: Extracting primitive: V04_ETP_LIGHT_04_BODY_MESH.001
09:08:27 | INFO: Primitives created: 1
09:08:27 | INFO: Extracting primitive: V04_ETP_LIGHT_04_GLOW_MESH.001
09:08:27 | INFO: Primitives created: 1
09:08:27 | INFO: Extracting primitive: V04_ETP_OPERATOR_PLATFORM_MESH.001
09:08:27 | INFO: Primitives created: 1
09:08:27 | INFO: Extracting primitive: V04_ETP_PUMP_00_MESH.001
09:08:27 | INFO: Primitives created: 1
09:08:27 | INFO: Extracting primitive: V04_ETP_PUMP_01_MESH.001
09:08:27 | INFO: Primitives created: 1
09:08:27 | INFO: Extracting primitive: V04_ETP_PUMP_02_MESH.001
09:08:27 | INFO: Primitives created: 1
09:08:27 | INFO: Extracting primitive: V04_ETP_PUMP_SKID_00_MESH.001
09:08:27 | INFO: Primitives created: 1
09:08:27 | INFO: Extracting primitive: V04_ETP_PUMP_SKID_01_MESH.001
09:08:27 | INFO: Primitives created: 1
09:08:27 | INFO: Extracting primitive: V04_ETP_PUMP_SKID_02_MESH.001
09:08:27 | INFO: Primitives created: 1
09:08:27 | INFO: Extracting primitive: V04_ETP_RIGHT_MESH.001
09:08:27 | INFO: Primitives created: 1
09:08:27 | INFO: Extracting primitive: V04_ETP_TANK_00_MESH.001
09:08:27 | INFO: Primitives created: 1
09:08:27 | INFO: Extracting primitive: V04_ETP_TANK_01_MESH.001
09:08:27 | INFO: Primitives created: 1
09:08:27 | INFO: Extracting primitive: V04_ETP_TANK_02_MESH.001
09:08:27 | INFO: Primitives created: 1
09:08:27 | INFO: Extracting primitive: V04_ETP_TANK_LID_00_MESH.001
09:08:27 | INFO: Primitives created: 1
09:08:27 | INFO: Extracting primitive: V04_ETP_TANK_LID_01_MESH.001
09:08:27 | INFO: Primitives created: 1
09:08:27 | INFO: Extracting primitive: V04_ETP_TANK_LID_02_MESH.001
09:08:27 | INFO: Primitives created: 1
09:08:27 | INFO: Extracting primitive: V04_FG_AMR_00_MESH.001
09:08:27 | INFO: Primitives created: 1
09:08:27 | INFO: Extracting primitive: V04_FG_AMR_01_MESH.001
09:08:27 | INFO: Primitives created: 1
09:08:27 | INFO: Extracting primitive: V04_FG_AMR_02_MESH.001
09:08:27 | INFO: Primitives created: 1
09:08:27 | INFO: Extracting primitive: V04_FG_AMR_WHEEL_00_MESH.001
09:08:27 | INFO: Primitives created: 1
09:08:27 | INFO: Extracting primitive: V04_FG_AMR_WHEEL_01_MESH.001
09:08:27 | INFO: Primitives created: 1
09:08:27 | INFO: Extracting primitive: V04_FG_AMR_WHEEL_02_MESH.001
09:08:27 | INFO: Primitives created: 1
09:08:27 | INFO: Extracting primitive: V04_FG_BACK_MESH.001
09:08:27 | INFO: Primitives created: 1
09:08:27 | INFO: Extracting primitive: V04_FG_DISPATCH_DESK_MESH.001
09:08:27 | INFO: Primitives created: 1
09:08:27 | INFO: Extracting primitive: V04_FG_FLOOR_MESH.001
09:08:27 | INFO: Primitives created: 1
09:08:27 | INFO: Extracting primitive: V04_FG_LEFT_MESH.001
09:08:27 | INFO: Primitives created: 1
09:08:27 | INFO: Extracting primitive: V04_FG_LIGHT_00_BODY_MESH.001
09:08:27 | INFO: Primitives created: 1
09:08:27 | INFO: Extracting primitive: V04_FG_LIGHT_00_GLOW_MESH.001
09:08:27 | INFO: Primitives created: 1
09:08:27 | INFO: Extracting primitive: V04_FG_LIGHT_01_BODY_MESH.001
09:08:27 | INFO: Primitives created: 1
09:08:27 | INFO: Extracting primitive: V04_FG_LIGHT_01_GLOW_MESH.001
09:08:27 | INFO: Primitives created: 1
09:08:27 | INFO: Extracting primitive: V04_FG_LIGHT_02_BODY_MESH.001
09:08:27 | INFO: Primitives created: 1
09:08:27 | INFO: Extracting primitive: V04_FG_LIGHT_02_GLOW_MESH.001
09:08:27 | INFO: Primitives created: 1
09:08:27 | INFO: Extracting primitive: V04_FG_LIGHT_03_BODY_MESH.001
09:08:27 | INFO: Primitives created: 1
09:08:27 | INFO: Extracting primitive: V04_FG_LIGHT_03_GLOW_MESH.001
09:08:27 | INFO: Primitives created: 1
09:08:27 | INFO: Extracting primitive: V04_FG_LIGHT_04_BODY_MESH.001
09:08:27 | INFO: Primitives created: 1
09:08:27 | INFO: Extracting primitive: V04_FG_LIGHT_04_GLOW_MESH.001
09:08:27 | INFO: Primitives created: 1
09:08:27 | INFO: Extracting primitive: V04_FG_LIGHT_05_BODY_MESH.001
09:08:27 | INFO: Primitives created: 1
09:08:27 | INFO: Extracting primitive: V04_FG_LIGHT_05_GLOW_MESH.001
09:08:27 | INFO: Primitives created: 1
09:08:27 | INFO: Extracting primitive: V04_FG_LOADING_DOCK_MESH.001
09:08:27 | INFO: Primitives created: 1
09:08:27 | INFO: Extracting primitive: V04_FG_RACK_-44_BEAM_00_MESH.001
09:08:27 | INFO: Primitives created: 1
09:08:27 | INFO: Extracting primitive: V04_FG_RACK_-44_BEAM_01_MESH.001
09:08:27 | INFO: Primitives created: 1
09:08:27 | INFO: Extracting primitive: V04_FG_RACK_-44_BEAM_02_MESH.001
09:08:27 | INFO: Primitives created: 1
09:08:27 | INFO: Extracting primitive: V04_FG_RACK_-44_LOAD_00_00_MESH.001
09:08:27 | INFO: Primitives created: 1
09:08:27 | INFO: Extracting primitive: V04_FG_RACK_-44_LOAD_00_01_MESH.001
09:08:27 | INFO: Primitives created: 1
09:08:27 | INFO: Extracting primitive: V04_FG_RACK_-44_LOAD_00_02_MESH.001
09:08:27 | INFO: Primitives created: 1
09:08:27 | INFO: Extracting primitive: V04_FG_RACK_-44_LOAD_01_00_MESH.001
09:08:27 | INFO: Primitives created: 1
09:08:27 | INFO: Extracting primitive: V04_FG_RACK_-44_LOAD_01_01_MESH.001
09:08:27 | INFO: Primitives created: 1
09:08:27 | INFO: Extracting primitive: V04_FG_RACK_-44_LOAD_01_02_MESH.001
09:08:27 | INFO: Primitives created: 1
09:08:27 | INFO: Extracting primitive: V04_FG_RACK_-44_LOAD_02_00_MESH.001
09:08:27 | INFO: Primitives created: 1
09:08:27 | INFO: Extracting primitive: V04_FG_RACK_-44_LOAD_02_01_MESH.001
09:08:27 | INFO: Primitives created: 1
09:08:27 | INFO: Extracting primitive: V04_FG_RACK_-44_LOAD_02_02_MESH.001
09:08:27 | INFO: Primitives created: 1
09:08:27 | INFO: Extracting primitive: V04_FG_RACK_-44_LOAD_03_00_MESH.001
09:08:27 | INFO: Primitives created: 1
09:08:27 | INFO: Extracting primitive: V04_FG_RACK_-44_LOAD_03_01_MESH.001
09:08:27 | INFO: Primitives created: 1
09:08:27 | INFO: Extracting primitive: V04_FG_RACK_-44_LOAD_03_02_MESH.001
09:08:27 | INFO: Primitives created: 1
09:08:27 | INFO: Extracting primitive: V04_FG_RACK_-44_LOAD_04_00_MESH.001
09:08:27 | INFO: Primitives created: 1
09:08:27 | INFO: Extracting primitive: V04_FG_RACK_-44_LOAD_04_01_MESH.001
09:08:27 | INFO: Primitives created: 1
09:08:27 | INFO: Extracting primitive: V04_FG_RACK_-44_LOAD_04_02_MESH.001
09:08:27 | INFO: Primitives created: 1
09:08:27 | INFO: Extracting primitive: V04_FG_RACK_-44_LOAD_05_00_MESH.001
09:08:27 | INFO: Primitives created: 1
09:08:27 | INFO: Extracting primitive: V04_FG_RACK_-44_LOAD_05_01_MESH.001
09:08:27 | INFO: Primitives created: 1
09:08:27 | INFO: Extracting primitive: V04_FG_RACK_-44_LOAD_05_02_MESH.001
09:08:27 | INFO: Primitives created: 1
09:08:27 | INFO: Extracting primitive: V04_FG_RACK_-44_LOAD_06_00_MESH.001
09:08:27 | INFO: Primitives created: 1
09:08:27 | INFO: Extracting primitive: V04_FG_RACK_-44_LOAD_06_01_MESH.001
09:08:27 | INFO: Primitives created: 1
09:08:27 | INFO: Extracting primitive: V04_FG_RACK_-44_LOAD_06_02_MESH.001
09:08:27 | INFO: Primitives created: 1
09:08:27 | INFO: Extracting primitive: V04_FG_RACK_-44_LOAD_07_00_MESH.001
09:08:27 | INFO: Primitives created: 1
09:08:27 | INFO: Extracting primitive: V04_FG_RACK_-44_LOAD_07_01_MESH.001
09:08:27 | INFO: Primitives created: 1
09:08:27 | INFO: Extracting primitive: V04_FG_RACK_-44_LOAD_07_02_MESH.001
09:08:27 | INFO: Primitives created: 1
09:08:27 | INFO: Extracting primitive: V04_FG_RACK_-44_LOAD_08_00_MESH.001
09:08:27 | INFO: Primitives created: 1
09:08:27 | INFO: Extracting primitive: V04_FG_RACK_-44_LOAD_08_01_MESH.001
09:08:27 | INFO: Primitives created: 1
09:08:27 | INFO: Extracting primitive: V04_FG_RACK_-44_LOAD_08_02_MESH.001
09:08:27 | INFO: Primitives created: 1
09:08:27 | INFO: Extracting primitive: V04_FG_RACK_-44_PALLET_00_00_MESH.001
09:08:27 | INFO: Primitives created: 1
09:08:27 | INFO: Extracting primitive: V04_FG_RACK_-44_PALLET_00_01_MESH.001
09:08:27 | INFO: Primitives created: 1
09:08:27 | INFO: Extracting primitive: V04_FG_RACK_-44_PALLET_00_02_MESH.001
09:08:27 | INFO: Primitives created: 1
09:08:27 | INFO: Extracting primitive: V04_FG_RACK_-44_PALLET_01_00_MESH.001
09:08:27 | INFO: Primitives created: 1
09:08:27 | INFO: Extracting primitive: V04_FG_RACK_-44_PALLET_01_01_MESH.001
09:08:27 | INFO: Primitives created: 1
09:08:27 | INFO: Extracting primitive: V04_FG_RACK_-44_PALLET_01_02_MESH.001
09:08:27 | INFO: Primitives created: 1
09:08:27 | INFO: Extracting primitive: V04_FG_RACK_-44_PALLET_02_00_MESH.001
09:08:27 | INFO: Primitives created: 1
09:08:27 | INFO: Extracting primitive: V04_FG_RACK_-44_PALLET_02_01_MESH.001
09:08:27 | INFO: Primitives created: 1
09:08:27 | INFO: Extracting primitive: V04_FG_RACK_-44_PALLET_02_02_MESH.001
09:08:27 | INFO: Primitives created: 1
09:08:27 | INFO: Extracting primitive: V04_FG_RACK_-44_PALLET_03_00_MESH.001
09:08:27 | INFO: Primitives created: 1
09:08:27 | INFO: Extracting primitive: V04_FG_RACK_-44_PALLET_03_01_MESH.001
09:08:27 | INFO: Primitives created: 1
09:08:27 | INFO: Extracting primitive: V04_FG_RACK_-44_PALLET_03_02_MESH.001
09:08:27 | INFO: Primitives created: 1
09:08:27 | INFO: Extracting primitive: V04_FG_RACK_-44_PALLET_04_00_MESH.001
09:08:27 | INFO: Primitives created: 1
09:08:27 | INFO: Extracting primitive: V04_FG_RACK_-44_PALLET_04_01_MESH.001
09:08:27 | INFO: Primitives created: 1
09:08:27 | INFO: Extracting primitive: V04_FG_RACK_-44_PALLET_04_02_MESH.001
09:08:27 | INFO: Primitives created: 1
09:08:27 | INFO: Extracting primitive: V04_FG_RACK_-44_PALLET_05_00_MESH.001
09:08:27 | INFO: Primitives created: 1
09:08:27 | INFO: Extracting primitive: V04_FG_RACK_-44_PALLET_05_01_MESH.001
09:08:27 | INFO: Primitives created: 1
09:08:27 | INFO: Extracting primitive: V04_FG_RACK_-44_PALLET_05_02_MESH.001
09:08:27 | INFO: Primitives created: 1
09:08:27 | INFO: Extracting primitive: V04_FG_RACK_-44_PALLET_06_00_MESH.001
09:08:27 | INFO: Primitives created: 1
09:08:27 | INFO: Extracting primitive: V04_FG_RACK_-44_PALLET_06_01_MESH.001
09:08:27 | INFO: Primitives created: 1
09:08:27 | INFO: Extracting primitive: V04_FG_RACK_-44_PALLET_06_02_MESH.001
09:08:27 | INFO: Primitives created: 1
09:08:27 | INFO: Extracting primitive: V04_FG_RACK_-44_PALLET_07_00_MESH.001
09:08:27 | INFO: Primitives created: 1
09:08:27 | INFO: Extracting primitive: V04_FG_RACK_-44_PALLET_07_01_MESH.001
09:08:27 | INFO: Primitives created: 1
09:08:27 | INFO: Extracting primitive: V04_FG_RACK_-44_PALLET_07_02_MESH.001
09:08:27 | INFO: Primitives created: 1
09:08:27 | INFO: Extracting primitive: V04_FG_RACK_-44_PALLET_08_00_MESH.001
09:08:27 | INFO: Primitives created: 1
09:08:27 | INFO: Extracting primitive: V04_FG_RACK_-44_PALLET_08_01_MESH.001
09:08:27 | INFO: Primitives created: 1
09:08:27 | INFO: Extracting primitive: V04_FG_RACK_-44_PALLET_08_02_MESH.001
09:08:27 | INFO: Primitives created: 1
09:08:27 | INFO: Extracting primitive: V04_FG_RACK_-44_UPRIGHT_00_00_MESH.001
09:08:27 | INFO: Primitives created: 1
09:08:27 | INFO: Extracting primitive: V04_FG_RACK_-44_UPRIGHT_00_01_MESH.001
09:08:27 | INFO: Primitives created: 1
09:08:27 | INFO: Extracting primitive: V04_FG_RACK_-44_UPRIGHT_00_02_MESH.001
09:08:27 | INFO: Primitives created: 1
09:08:27 | INFO: Extracting primitive: V04_FG_RACK_-44_UPRIGHT_01_00_MESH.001
09:08:27 | INFO: Primitives created: 1
09:08:27 | INFO: Extracting primitive: V04_FG_RACK_-44_UPRIGHT_01_01_MESH.001
09:08:27 | INFO: Primitives created: 1
09:08:27 | INFO: Extracting primitive: V04_FG_RACK_-44_UPRIGHT_01_02_MESH.001
09:08:27 | INFO: Primitives created: 1
09:08:27 | INFO: Extracting primitive: V04_FG_RACK_-44_UPRIGHT_02_00_MESH.001
09:08:27 | INFO: Primitives created: 1
09:08:27 | INFO: Extracting primitive: V04_FG_RACK_-44_UPRIGHT_02_01_MESH.001
09:08:27 | INFO: Primitives created: 1
09:08:27 | INFO: Extracting primitive: V04_FG_RACK_-44_UPRIGHT_02_02_MESH.001
09:08:27 | INFO: Primitives created: 1
09:08:27 | INFO: Extracting primitive: V04_FG_RACK_-44_UPRIGHT_03_00_MESH.001
09:08:27 | INFO: Primitives created: 1
09:08:27 | INFO: Extracting primitive: V04_FG_RACK_-44_UPRIGHT_03_01_MESH.001
09:08:27 | INFO: Primitives created: 1
09:08:27 | INFO: Extracting primitive: V04_FG_RACK_-44_UPRIGHT_03_02_MESH.001
09:08:27 | INFO: Primitives created: 1
09:08:27 | INFO: Extracting primitive: V04_FG_RACK_-44_UPRIGHT_04_00_MESH.001
09:08:27 | INFO: Primitives created: 1
09:08:27 | INFO: Extracting primitive: V04_FG_RACK_-44_UPRIGHT_04_01_MESH.001
09:08:27 | INFO: Primitives created: 1
09:08:27 | INFO: Extracting primitive: V04_FG_RACK_-44_UPRIGHT_04_02_MESH.001
09:08:27 | INFO: Primitives created: 1
09:08:27 | INFO: Extracting primitive: V04_FG_RACK_-44_UPRIGHT_05_00_MESH.001
09:08:27 | INFO: Primitives created: 1
09:08:27 | INFO: Extracting primitive: V04_FG_RACK_-44_UPRIGHT_05_01_MESH.001
09:08:27 | INFO: Primitives created: 1
09:08:27 | INFO: Extracting primitive: V04_FG_RACK_-44_UPRIGHT_05_02_MESH.001
09:08:27 | INFO: Primitives created: 1
09:08:27 | INFO: Extracting primitive: V04_FG_RACK_-44_UPRIGHT_06_00_MESH.001
09:08:27 | INFO: Primitives created: 1
09:08:27 | INFO: Extracting primitive: V04_FG_RACK_-44_UPRIGHT_06_01_MESH.001
09:08:27 | INFO: Primitives created: 1
09:08:27 | INFO: Extracting primitive: V04_FG_RACK_-44_UPRIGHT_06_02_MESH.001
09:08:27 | INFO: Primitives created: 1
09:08:27 | INFO: Extracting primitive: V04_FG_RACK_-44_UPRIGHT_07_00_MESH.001
09:08:27 | INFO: Primitives created: 1
09:08:27 | INFO: Extracting primitive: V04_FG_RACK_-44_UPRIGHT_07_01_MESH.001
09:08:27 | INFO: Primitives created: 1
09:08:27 | INFO: Extracting primitive: V04_FG_RACK_-44_UPRIGHT_07_02_MESH.001
09:08:27 | INFO: Primitives created: 1
09:08:27 | INFO: Extracting primitive: V04_FG_RACK_-44_UPRIGHT_08_00_MESH.001
09:08:27 | INFO: Primitives created: 1
09:08:27 | INFO: Extracting primitive: V04_FG_RACK_-44_UPRIGHT_08_01_MESH.001
09:08:27 | INFO: Primitives created: 1
09:08:27 | INFO: Extracting primitive: V04_FG_RACK_-44_UPRIGHT_08_02_MESH.001
09:08:27 | INFO: Primitives created: 1
09:08:27 | INFO: Extracting primitive: V04_FG_RACK_-51_BEAM_00_MESH.001
09:08:27 | INFO: Primitives created: 1
09:08:27 | INFO: Extracting primitive: V04_FG_RACK_-51_BEAM_01_MESH.001
09:08:27 | INFO: Primitives created: 1
09:08:27 | INFO: Extracting primitive: V04_FG_RACK_-51_BEAM_02_MESH.001
09:08:27 | INFO: Primitives created: 1
09:08:27 | INFO: Extracting primitive: V04_FG_RACK_-51_LOAD_00_00_MESH.001
09:08:27 | INFO: Primitives created: 1
09:08:27 | INFO: Extracting primitive: V04_FG_RACK_-51_LOAD_00_01_MESH.001
09:08:27 | INFO: Primitives created: 1
09:08:27 | INFO: Extracting primitive: V04_FG_RACK_-51_LOAD_00_02_MESH.001
09:08:27 | INFO: Primitives created: 1
09:08:27 | INFO: Extracting primitive: V04_FG_RACK_-51_LOAD_01_00_MESH.001
09:08:27 | INFO: Primitives created: 1
09:08:27 | INFO: Extracting primitive: V04_FG_RACK_-51_LOAD_01_01_MESH.001
09:08:27 | INFO: Primitives created: 1
09:08:27 | INFO: Extracting primitive: V04_FG_RACK_-51_LOAD_01_02_MESH.001
09:08:27 | INFO: Primitives created: 1
09:08:27 | INFO: Extracting primitive: V04_FG_RACK_-51_LOAD_02_00_MESH.001
09:08:27 | INFO: Primitives created: 1
09:08:27 | INFO: Extracting primitive: V04_FG_RACK_-51_LOAD_02_01_MESH.001
09:08:27 | INFO: Primitives created: 1
09:08:27 | INFO: Extracting primitive: V04_FG_RACK_-51_LOAD_02_02_MESH.001
09:08:27 | INFO: Primitives created: 1
09:08:27 | INFO: Extracting primitive: V04_FG_RACK_-51_LOAD_03_00_MESH.001
09:08:27 | INFO: Primitives created: 1
09:08:27 | INFO: Extracting primitive: V04_FG_RACK_-51_LOAD_03_01_MESH.001
09:08:27 | INFO: Primitives created: 1
09:08:27 | INFO: Extracting primitive: V04_FG_RACK_-51_LOAD_03_02_MESH.001
09:08:27 | INFO: Primitives created: 1
09:08:27 | INFO: Extracting primitive: V04_FG_RACK_-51_LOAD_04_00_MESH.001
09:08:27 | INFO: Primitives created: 1
09:08:27 | INFO: Extracting primitive: V04_FG_RACK_-51_LOAD_04_01_MESH.001
09:08:27 | INFO: Primitives created: 1
09:08:27 | INFO: Extracting primitive: V04_FG_RACK_-51_LOAD_04_02_MESH.001
09:08:27 | INFO: Primitives created: 1
09:08:27 | INFO: Extracting primitive: V04_FG_RACK_-51_LOAD_05_00_MESH.001
09:08:27 | INFO: Primitives created: 1
09:08:27 | INFO: Extracting primitive: V04_FG_RACK_-51_LOAD_05_01_MESH.001
09:08:27 | INFO: Primitives created: 1
09:08:27 | INFO: Extracting primitive: V04_FG_RACK_-51_LOAD_05_02_MESH.001
09:08:27 | INFO: Primitives created: 1
09:08:27 | INFO: Extracting primitive: V04_FG_RACK_-51_LOAD_06_00_MESH.001
09:08:27 | INFO: Primitives created: 1
09:08:27 | INFO: Extracting primitive: V04_FG_RACK_-51_LOAD_06_01_MESH.001
09:08:27 | INFO: Primitives created: 1
09:08:27 | INFO: Extracting primitive: V04_FG_RACK_-51_LOAD_06_02_MESH.001
09:08:27 | INFO: Primitives created: 1
09:08:27 | INFO: Extracting primitive: V04_FG_RACK_-51_LOAD_07_00_MESH.001
09:08:27 | INFO: Primitives created: 1
09:08:27 | INFO: Extracting primitive: V04_FG_RACK_-51_LOAD_07_01_MESH.001
09:08:27 | INFO: Primitives created: 1
09:08:27 | INFO: Extracting primitive: V04_FG_RACK_-51_LOAD_07_02_MESH.001
09:08:27 | INFO: Primitives created: 1
09:08:27 | INFO: Extracting primitive: V04_FG_RACK_-51_LOAD_08_00_MESH.001
09:08:27 | INFO: Primitives created: 1
09:08:27 | INFO: Extracting primitive: V04_FG_RACK_-51_LOAD_08_01_MESH.001
09:08:27 | INFO: Primitives created: 1
09:08:27 | INFO: Extracting primitive: V04_FG_RACK_-51_LOAD_08_02_MESH.001
09:08:27 | INFO: Primitives created: 1
09:08:27 | INFO: Extracting primitive: V04_FG_RACK_-51_PALLET_00_00_MESH.001
09:08:27 | INFO: Primitives created: 1
09:08:27 | INFO: Extracting primitive: V04_FG_RACK_-51_PALLET_00_01_MESH.001
09:08:27 | INFO: Primitives created: 1
09:08:27 | INFO: Extracting primitive: V04_FG_RACK_-51_PALLET_00_02_MESH.001
09:08:28 | INFO: Primitives created: 1
09:08:28 | INFO: Extracting primitive: V04_FG_RACK_-51_PALLET_01_00_MESH.001
09:08:28 | INFO: Primitives created: 1
09:08:28 | INFO: Extracting primitive: V04_FG_RACK_-51_PALLET_01_01_MESH.001
09:08:28 | INFO: Primitives created: 1
09:08:28 | INFO: Extracting primitive: V04_FG_RACK_-51_PALLET_01_02_MESH.001
09:08:28 | INFO: Primitives created: 1
09:08:28 | INFO: Extracting primitive: V04_FG_RACK_-51_PALLET_02_00_MESH.001
09:08:28 | INFO: Primitives created: 1
09:08:28 | INFO: Extracting primitive: V04_FG_RACK_-51_PALLET_02_01_MESH.001
09:08:28 | INFO: Primitives created: 1
09:08:28 | INFO: Extracting primitive: V04_FG_RACK_-51_PALLET_02_02_MESH.001
09:08:28 | INFO: Primitives created: 1
09:08:28 | INFO: Extracting primitive: V04_FG_RACK_-51_PALLET_03_00_MESH.001
09:08:28 | INFO: Primitives created: 1
09:08:28 | INFO: Extracting primitive: V04_FG_RACK_-51_PALLET_03_01_MESH.001
09:08:28 | INFO: Primitives created: 1
09:08:28 | INFO: Extracting primitive: V04_FG_RACK_-51_PALLET_03_02_MESH.001
09:08:28 | INFO: Primitives created: 1
09:08:28 | INFO: Extracting primitive: V04_FG_RACK_-51_PALLET_04_00_MESH.001
09:08:28 | INFO: Primitives created: 1
09:08:28 | INFO: Extracting primitive: V04_FG_RACK_-51_PALLET_04_01_MESH.001
09:08:28 | INFO: Primitives created: 1
09:08:28 | INFO: Extracting primitive: V04_FG_RACK_-51_PALLET_04_02_MESH.001
09:08:28 | INFO: Primitives created: 1
09:08:28 | INFO: Extracting primitive: V04_FG_RACK_-51_PALLET_05_00_MESH.001
09:08:28 | INFO: Primitives created: 1
09:08:28 | INFO: Extracting primitive: V04_FG_RACK_-51_PALLET_05_01_MESH.001
09:08:28 | INFO: Primitives created: 1
09:08:28 | INFO: Extracting primitive: V04_FG_RACK_-51_PALLET_05_02_MESH.001
09:08:28 | INFO: Primitives created: 1
09:08:28 | INFO: Extracting primitive: V04_FG_RACK_-51_PALLET_06_00_MESH.001
09:08:28 | INFO: Primitives created: 1
09:08:28 | INFO: Extracting primitive: V04_FG_RACK_-51_PALLET_06_01_MESH.001
09:08:28 | INFO: Primitives created: 1
09:08:28 | INFO: Extracting primitive: V04_FG_RACK_-51_PALLET_06_02_MESH.001
09:08:28 | INFO: Primitives created: 1
09:08:28 | INFO: Extracting primitive: V04_FG_RACK_-51_PALLET_07_00_MESH.001
09:08:28 | INFO: Primitives created: 1
09:08:28 | INFO: Extracting primitive: V04_FG_RACK_-51_PALLET_07_01_MESH.001
09:08:28 | INFO: Primitives created: 1
09:08:28 | INFO: Extracting primitive: V04_FG_RACK_-51_PALLET_07_02_MESH.001
09:08:28 | INFO: Primitives created: 1
09:08:28 | INFO: Extracting primitive: V04_FG_RACK_-51_PALLET_08_00_MESH.001
09:08:28 | INFO: Primitives created: 1
09:08:28 | INFO: Extracting primitive: V04_FG_RACK_-51_PALLET_08_01_MESH.001
09:08:28 | INFO: Primitives created: 1
09:08:28 | INFO: Extracting primitive: V04_FG_RACK_-51_PALLET_08_02_MESH.001
09:08:28 | INFO: Primitives created: 1
09:08:28 | INFO: Extracting primitive: V04_FG_RACK_-51_UPRIGHT_00_00_MESH.001
09:08:28 | INFO: Primitives created: 1
09:08:28 | INFO: Extracting primitive: V04_FG_RACK_-51_UPRIGHT_00_01_MESH.001
09:08:28 | INFO: Primitives created: 1
09:08:28 | INFO: Extracting primitive: V04_FG_RACK_-51_UPRIGHT_00_02_MESH.001
09:08:28 | INFO: Primitives created: 1
09:08:28 | INFO: Extracting primitive: V04_FG_RACK_-51_UPRIGHT_01_00_MESH.001
09:08:28 | INFO: Primitives created: 1
09:08:28 | INFO: Extracting primitive: V04_FG_RACK_-51_UPRIGHT_01_01_MESH.001
09:08:28 | INFO: Primitives created: 1
09:08:28 | INFO: Extracting primitive: V04_FG_RACK_-51_UPRIGHT_01_02_MESH.001
09:08:28 | INFO: Primitives created: 1
09:08:28 | INFO: Extracting primitive: V04_FG_RACK_-51_UPRIGHT_02_00_MESH.001
09:08:28 | INFO: Primitives created: 1
09:08:28 | INFO: Extracting primitive: V04_FG_RACK_-51_UPRIGHT_02_01_MESH.001
09:08:28 | INFO: Primitives created: 1
09:08:28 | INFO: Extracting primitive: V04_FG_RACK_-51_UPRIGHT_02_02_MESH.001
09:08:28 | INFO: Primitives created: 1
09:08:28 | INFO: Extracting primitive: V04_FG_RACK_-51_UPRIGHT_03_00_MESH.001
09:08:28 | INFO: Primitives created: 1
09:08:28 | INFO: Extracting primitive: V04_FG_RACK_-51_UPRIGHT_03_01_MESH.001
09:08:28 | INFO: Primitives created: 1
09:08:28 | INFO: Extracting primitive: V04_FG_RACK_-51_UPRIGHT_03_02_MESH.001
09:08:28 | INFO: Primitives created: 1
09:08:28 | INFO: Extracting primitive: V04_FG_RACK_-51_UPRIGHT_04_00_MESH.001
09:08:28 | INFO: Primitives created: 1
09:08:28 | INFO: Extracting primitive: V04_FG_RACK_-51_UPRIGHT_04_01_MESH.001
09:08:28 | INFO: Primitives created: 1
09:08:28 | INFO: Extracting primitive: V04_FG_RACK_-51_UPRIGHT_04_02_MESH.001
09:08:28 | INFO: Primitives created: 1
09:08:28 | INFO: Extracting primitive: V04_FG_RACK_-51_UPRIGHT_05_00_MESH.001
09:08:28 | INFO: Primitives created: 1
09:08:28 | INFO: Extracting primitive: V04_FG_RACK_-51_UPRIGHT_05_01_MESH.001
09:08:28 | INFO: Primitives created: 1
09:08:28 | INFO: Extracting primitive: V04_FG_RACK_-51_UPRIGHT_05_02_MESH.001
09:08:28 | INFO: Primitives created: 1
09:08:28 | INFO: Extracting primitive: V04_FG_RACK_-51_UPRIGHT_06_00_MESH.001
09:08:28 | INFO: Primitives created: 1
09:08:28 | INFO: Extracting primitive: V04_FG_RACK_-51_UPRIGHT_06_01_MESH.001
09:08:28 | INFO: Primitives created: 1
09:08:28 | INFO: Extracting primitive: V04_FG_RACK_-51_UPRIGHT_06_02_MESH.001
09:08:28 | INFO: Primitives created: 1
09:08:28 | INFO: Extracting primitive: V04_FG_RACK_-51_UPRIGHT_07_00_MESH.001
09:08:28 | INFO: Primitives created: 1
09:08:28 | INFO: Extracting primitive: V04_FG_RACK_-51_UPRIGHT_07_01_MESH.001
09:08:28 | INFO: Primitives created: 1
09:08:28 | INFO: Extracting primitive: V04_FG_RACK_-51_UPRIGHT_07_02_MESH.001
09:08:28 | INFO: Primitives created: 1
09:08:28 | INFO: Extracting primitive: V04_FG_RACK_-51_UPRIGHT_08_00_MESH.001
09:08:28 | INFO: Primitives created: 1
09:08:28 | INFO: Extracting primitive: V04_FG_RACK_-51_UPRIGHT_08_01_MESH.001
09:08:28 | INFO: Primitives created: 1
09:08:28 | INFO: Extracting primitive: V04_FG_RACK_-51_UPRIGHT_08_02_MESH.001
09:08:28 | INFO: Primitives created: 1
09:08:28 | INFO: Extracting primitive: V04_FG_RACK_-58_BEAM_00_MESH.001
09:08:28 | INFO: Primitives created: 1
09:08:28 | INFO: Extracting primitive: V04_FG_RACK_-58_BEAM_01_MESH.001
09:08:28 | INFO: Primitives created: 1
09:08:28 | INFO: Extracting primitive: V04_FG_RACK_-58_BEAM_02_MESH.001
09:08:28 | INFO: Primitives created: 1
09:08:28 | INFO: Extracting primitive: V04_FG_RACK_-58_LOAD_00_00_MESH.001
09:08:28 | INFO: Primitives created: 1
09:08:28 | INFO: Extracting primitive: V04_FG_RACK_-58_LOAD_00_01_MESH.001
09:08:28 | INFO: Primitives created: 1
09:08:28 | INFO: Extracting primitive: V04_FG_RACK_-58_LOAD_00_02_MESH.001
09:08:28 | INFO: Primitives created: 1
09:08:28 | INFO: Extracting primitive: V04_FG_RACK_-58_LOAD_01_00_MESH.001
09:08:28 | INFO: Primitives created: 1
09:08:28 | INFO: Extracting primitive: V04_FG_RACK_-58_LOAD_01_01_MESH.001
09:08:28 | INFO: Primitives created: 1
09:08:28 | INFO: Extracting primitive: V04_FG_RACK_-58_LOAD_01_02_MESH.001
09:08:28 | INFO: Primitives created: 1
09:08:28 | INFO: Extracting primitive: V04_FG_RACK_-58_LOAD_02_00_MESH.001
09:08:28 | INFO: Primitives created: 1
09:08:28 | INFO: Extracting primitive: V04_FG_RACK_-58_LOAD_02_01_MESH.001
09:08:28 | INFO: Primitives created: 1
09:08:28 | INFO: Extracting primitive: V04_FG_RACK_-58_LOAD_02_02_MESH.001
09:08:28 | INFO: Primitives created: 1
09:08:28 | INFO: Extracting primitive: V04_FG_RACK_-58_LOAD_03_00_MESH.001
09:08:28 | INFO: Primitives created: 1
09:08:28 | INFO: Extracting primitive: V04_FG_RACK_-58_LOAD_03_01_MESH.001
09:08:28 | INFO: Primitives created: 1
09:08:28 | INFO: Extracting primitive: V04_FG_RACK_-58_LOAD_03_02_MESH.001
09:08:28 | INFO: Primitives created: 1
09:08:28 | INFO: Extracting primitive: V04_FG_RACK_-58_LOAD_04_00_MESH.001
09:08:28 | INFO: Primitives created: 1
09:08:28 | INFO: Extracting primitive: V04_FG_RACK_-58_LOAD_04_01_MESH.001
09:08:28 | INFO: Primitives created: 1
09:08:28 | INFO: Extracting primitive: V04_FG_RACK_-58_LOAD_04_02_MESH.001
09:08:28 | INFO: Primitives created: 1
09:08:28 | INFO: Extracting primitive: V04_FG_RACK_-58_LOAD_05_00_MESH.001
09:08:28 | INFO: Primitives created: 1
09:08:28 | INFO: Extracting primitive: V04_FG_RACK_-58_LOAD_05_01_MESH.001
09:08:28 | INFO: Primitives created: 1
09:08:28 | INFO: Extracting primitive: V04_FG_RACK_-58_LOAD_05_02_MESH.001
09:08:28 | INFO: Primitives created: 1
09:08:28 | INFO: Extracting primitive: V04_FG_RACK_-58_LOAD_06_00_MESH.001
09:08:28 | INFO: Primitives created: 1
09:08:28 | INFO: Extracting primitive: V04_FG_RACK_-58_LOAD_06_01_MESH.001
09:08:28 | INFO: Primitives created: 1
09:08:28 | INFO: Extracting primitive: V04_FG_RACK_-58_LOAD_06_02_MESH.001
09:08:28 | INFO: Primitives created: 1
09:08:28 | INFO: Extracting primitive: V04_FG_RACK_-58_LOAD_07_00_MESH.001
09:08:28 | INFO: Primitives created: 1
09:08:28 | INFO: Extracting primitive: V04_FG_RACK_-58_LOAD_07_01_MESH.001
09:08:28 | INFO: Primitives created: 1
09:08:28 | INFO: Extracting primitive: V04_FG_RACK_-58_LOAD_07_02_MESH.001
09:08:28 | INFO: Primitives created: 1
09:08:28 | INFO: Extracting primitive: V04_FG_RACK_-58_LOAD_08_00_MESH.001
09:08:28 | INFO: Primitives created: 1
09:08:28 | INFO: Extracting primitive: V04_FG_RACK_-58_LOAD_08_01_MESH.001
09:08:28 | INFO: Primitives created: 1
09:08:28 | INFO: Extracting primitive: V04_FG_RACK_-58_LOAD_08_02_MESH.001
09:08:28 | INFO: Primitives created: 1
09:08:28 | INFO: Extracting primitive: V04_FG_RACK_-58_PALLET_00_00_MESH.001
09:08:28 | INFO: Primitives created: 1
09:08:28 | INFO: Extracting primitive: V04_FG_RACK_-58_PALLET_00_01_MESH.001
09:08:28 | INFO: Primitives created: 1
09:08:28 | INFO: Extracting primitive: V04_FG_RACK_-58_PALLET_00_02_MESH.001
09:08:28 | INFO: Primitives created: 1
09:08:28 | INFO: Extracting primitive: V04_FG_RACK_-58_PALLET_01_00_MESH.001
09:08:28 | INFO: Primitives created: 1
09:08:28 | INFO: Extracting primitive: V04_FG_RACK_-58_PALLET_01_01_MESH.001
09:08:28 | INFO: Primitives created: 1
09:08:28 | INFO: Extracting primitive: V04_FG_RACK_-58_PALLET_01_02_MESH.001
09:08:28 | INFO: Primitives created: 1
09:08:28 | INFO: Extracting primitive: V04_FG_RACK_-58_PALLET_02_00_MESH.001
09:08:28 | INFO: Primitives created: 1
09:08:28 | INFO: Extracting primitive: V04_FG_RACK_-58_PALLET_02_01_MESH.001
09:08:28 | INFO: Primitives created: 1
09:08:28 | INFO: Extracting primitive: V04_FG_RACK_-58_PALLET_02_02_MESH.001
09:08:28 | INFO: Primitives created: 1
09:08:28 | INFO: Extracting primitive: V04_FG_RACK_-58_PALLET_03_00_MESH.001
09:08:28 | INFO: Primitives created: 1
09:08:28 | INFO: Extracting primitive: V04_FG_RACK_-58_PALLET_03_01_MESH.001
09:08:28 | INFO: Primitives created: 1
09:08:28 | INFO: Extracting primitive: V04_FG_RACK_-58_PALLET_03_02_MESH.001
09:08:28 | INFO: Primitives created: 1
09:08:28 | INFO: Extracting primitive: V04_FG_RACK_-58_PALLET_04_00_MESH.001
09:08:28 | INFO: Primitives created: 1
09:08:28 | INFO: Extracting primitive: V04_FG_RACK_-58_PALLET_04_01_MESH.001
09:08:28 | INFO: Primitives created: 1
09:08:28 | INFO: Extracting primitive: V04_FG_RACK_-58_PALLET_04_02_MESH.001
09:08:28 | INFO: Primitives created: 1
09:08:28 | INFO: Extracting primitive: V04_FG_RACK_-58_PALLET_05_00_MESH.001
09:08:28 | INFO: Primitives created: 1
09:08:28 | INFO: Extracting primitive: V04_FG_RACK_-58_PALLET_05_01_MESH.001
09:08:28 | INFO: Primitives created: 1
09:08:28 | INFO: Extracting primitive: V04_FG_RACK_-58_PALLET_05_02_MESH.001
09:08:28 | INFO: Primitives created: 1
09:08:28 | INFO: Extracting primitive: V04_FG_RACK_-58_PALLET_06_00_MESH.001
09:08:28 | INFO: Primitives created: 1
09:08:28 | INFO: Extracting primitive: V04_FG_RACK_-58_PALLET_06_01_MESH.001
09:08:28 | INFO: Primitives created: 1
09:08:28 | INFO: Extracting primitive: V04_FG_RACK_-58_PALLET_06_02_MESH.001
09:08:28 | INFO: Primitives created: 1
09:08:28 | INFO: Extracting primitive: V04_FG_RACK_-58_PALLET_07_00_MESH.001
09:08:28 | INFO: Primitives created: 1
09:08:28 | INFO: Extracting primitive: V04_FG_RACK_-58_PALLET_07_01_MESH.001
09:08:28 | INFO: Primitives created: 1
09:08:28 | INFO: Extracting primitive: V04_FG_RACK_-58_PALLET_07_02_MESH.001
09:08:28 | INFO: Primitives created: 1
09:08:28 | INFO: Extracting primitive: V04_FG_RACK_-58_PALLET_08_00_MESH.001
09:08:28 | INFO: Primitives created: 1
09:08:28 | INFO: Extracting primitive: V04_FG_RACK_-58_PALLET_08_01_MESH.001
09:08:28 | INFO: Primitives created: 1
09:08:28 | INFO: Extracting primitive: V04_FG_RACK_-58_PALLET_08_02_MESH.001
09:08:28 | INFO: Primitives created: 1
09:08:28 | INFO: Extracting primitive: V04_FG_RACK_-58_UPRIGHT_00_00_MESH.001
09:08:28 | INFO: Primitives created: 1
09:08:28 | INFO: Extracting primitive: V04_FG_RACK_-58_UPRIGHT_00_01_MESH.001
09:08:28 | INFO: Primitives created: 1
09:08:28 | INFO: Extracting primitive: V04_FG_RACK_-58_UPRIGHT_00_02_MESH.001
09:08:28 | INFO: Primitives created: 1
09:08:28 | INFO: Extracting primitive: V04_FG_RACK_-58_UPRIGHT_01_00_MESH.001
09:08:28 | INFO: Primitives created: 1
09:08:28 | INFO: Extracting primitive: V04_FG_RACK_-58_UPRIGHT_01_01_MESH.001
09:08:28 | INFO: Primitives created: 1
09:08:28 | INFO: Extracting primitive: V04_FG_RACK_-58_UPRIGHT_01_02_MESH.001
09:08:28 | INFO: Primitives created: 1
09:08:28 | INFO: Extracting primitive: V04_FG_RACK_-58_UPRIGHT_02_00_MESH.001
09:08:28 | INFO: Primitives created: 1
09:08:28 | INFO: Extracting primitive: V04_FG_RACK_-58_UPRIGHT_02_01_MESH.001
09:08:28 | INFO: Primitives created: 1
09:08:28 | INFO: Extracting primitive: V04_FG_RACK_-58_UPRIGHT_02_02_MESH.001
09:08:28 | INFO: Primitives created: 1
09:08:28 | INFO: Extracting primitive: V04_FG_RACK_-58_UPRIGHT_03_00_MESH.001
09:08:28 | INFO: Primitives created: 1
09:08:28 | INFO: Extracting primitive: V04_FG_RACK_-58_UPRIGHT_03_01_MESH.001
09:08:28 | INFO: Primitives created: 1
09:08:28 | INFO: Extracting primitive: V04_FG_RACK_-58_UPRIGHT_03_02_MESH.001
09:08:28 | INFO: Primitives created: 1
09:08:28 | INFO: Extracting primitive: V04_FG_RACK_-58_UPRIGHT_04_00_MESH.001
09:08:28 | INFO: Primitives created: 1
09:08:28 | INFO: Extracting primitive: V04_FG_RACK_-58_UPRIGHT_04_01_MESH.001
09:08:28 | INFO: Primitives created: 1
09:08:28 | INFO: Extracting primitive: V04_FG_RACK_-58_UPRIGHT_04_02_MESH.001
09:08:28 | INFO: Primitives created: 1
09:08:28 | INFO: Extracting primitive: V04_FG_RACK_-58_UPRIGHT_05_00_MESH.001
09:08:28 | INFO: Primitives created: 1
09:08:28 | INFO: Extracting primitive: V04_FG_RACK_-58_UPRIGHT_05_01_MESH.001
09:08:28 | INFO: Primitives created: 1
09:08:28 | INFO: Extracting primitive: V04_FG_RACK_-58_UPRIGHT_05_02_MESH.001
09:08:28 | INFO: Primitives created: 1
09:08:28 | INFO: Extracting primitive: V04_FG_RACK_-58_UPRIGHT_06_00_MESH.001
09:08:28 | INFO: Primitives created: 1
09:08:28 | INFO: Extracting primitive: V04_FG_RACK_-58_UPRIGHT_06_01_MESH.001
09:08:28 | INFO: Primitives created: 1
09:08:28 | INFO: Extracting primitive: V04_FG_RACK_-58_UPRIGHT_06_02_MESH.001
09:08:28 | INFO: Primitives created: 1
09:08:28 | INFO: Extracting primitive: V04_FG_RACK_-58_UPRIGHT_07_00_MESH.001
09:08:28 | INFO: Primitives created: 1
09:08:28 | INFO: Extracting primitive: V04_FG_RACK_-58_UPRIGHT_07_01_MESH.001
09:08:28 | INFO: Primitives created: 1
09:08:28 | INFO: Extracting primitive: V04_FG_RACK_-58_UPRIGHT_07_02_MESH.001
09:08:28 | INFO: Primitives created: 1
09:08:28 | INFO: Extracting primitive: V04_FG_RACK_-58_UPRIGHT_08_00_MESH.001
09:08:28 | INFO: Primitives created: 1
09:08:28 | INFO: Extracting primitive: V04_FG_RACK_-58_UPRIGHT_08_01_MESH.001
09:08:28 | INFO: Primitives created: 1
09:08:28 | INFO: Extracting primitive: V04_FG_RACK_-58_UPRIGHT_08_02_MESH.001
09:08:28 | INFO: Primitives created: 1
09:08:28 | INFO: Extracting primitive: V04_FG_RIGHT_MESH.001
09:08:28 | INFO: Primitives created: 1
09:08:28 | INFO: Extracting primitive: V04_FG_STAGE_CASE_00_MESH.001
09:08:28 | INFO: Primitives created: 1
09:08:28 | INFO: Extracting primitive: V04_FG_STAGE_CASE_01_MESH.001
09:08:28 | INFO: Primitives created: 1
09:08:28 | INFO: Extracting primitive: V04_FG_STAGE_CASE_02_MESH.001
09:08:28 | INFO: Primitives created: 1
09:08:28 | INFO: Extracting primitive: V04_FG_STAGE_CASE_03_MESH.001
09:08:28 | INFO: Primitives created: 1
09:08:28 | INFO: Extracting primitive: V04_FG_STAGE_CASE_04_MESH.001
09:08:28 | INFO: Primitives created: 1
09:08:28 | INFO: Extracting primitive: V04_FG_STAGE_CASE_05_MESH.001
09:08:28 | INFO: Primitives created: 1
09:08:28 | INFO: Extracting primitive: V04_FG_STAGE_PALLET_00_MESH.001
09:08:28 | INFO: Primitives created: 1
09:08:28 | INFO: Extracting primitive: V04_FG_STAGE_PALLET_01_MESH.001
09:08:28 | INFO: Primitives created: 1
09:08:28 | INFO: Extracting primitive: V04_FG_STAGE_PALLET_02_MESH.001
09:08:28 | INFO: Primitives created: 1
09:08:28 | INFO: Extracting primitive: V04_FG_STAGE_PALLET_03_MESH.001
09:08:28 | INFO: Primitives created: 1
09:08:28 | INFO: Extracting primitive: V04_FG_STAGE_PALLET_04_MESH.001
09:08:28 | INFO: Primitives created: 1
09:08:28 | INFO: Extracting primitive: V04_FG_STAGE_PALLET_05_MESH.001
09:08:28 | INFO: Primitives created: 1
09:08:28 | INFO: Extracting primitive: V04_FIRE_00_BACK_MESH.001
09:08:28 | INFO: Primitives created: 1
09:08:28 | INFO: Extracting primitive: V04_FIRE_00_FLOOR_MESH.001
09:08:28 | INFO: Primitives created: 1
09:08:28 | INFO: Extracting primitive: V04_FIRE_00_LEFT_MESH.001
09:08:28 | INFO: Primitives created: 1
09:08:28 | INFO: Extracting primitive: V04_FIRE_00_RIGHT_MESH.001
09:08:28 | INFO: Primitives created: 1
09:08:28 | INFO: Extracting primitive: V04_FIRE_01_BACK_MESH.001
09:08:28 | INFO: Primitives created: 1
09:08:28 | INFO: Extracting primitive: V04_FIRE_01_FLOOR_MESH.001
09:08:28 | INFO: Primitives created: 1
09:08:28 | INFO: Extracting primitive: V04_FIRE_01_LEFT_MESH.001
09:08:28 | INFO: Primitives created: 1
09:08:28 | INFO: Extracting primitive: V04_FIRE_01_RIGHT_MESH.001
09:08:28 | INFO: Primitives created: 1
09:08:28 | INFO: Extracting primitive: V04_FIRE_DISCHARGE2_00_MESH.001
09:08:28 | INFO: Primitives created: 1
09:08:28 | INFO: Extracting primitive: V04_FIRE_DISCHARGE2_01_MESH.001
09:08:28 | INFO: Primitives created: 1
09:08:28 | INFO: Extracting primitive: V04_FIRE_DISCHARGE_00_MESH.001
09:08:28 | INFO: Primitives created: 1
09:08:28 | INFO: Extracting primitive: V04_FIRE_DISCHARGE_01_MESH.001
09:08:28 | INFO: Primitives created: 1
09:08:28 | INFO: Extracting primitive: V04_FIRE_LIGHT_00_00_BODY_MESH.001
09:08:28 | INFO: Primitives created: 1
09:08:28 | INFO: Extracting primitive: V04_FIRE_LIGHT_00_00_GLOW_MESH.001
09:08:28 | INFO: Primitives created: 1
09:08:28 | INFO: Extracting primitive: V04_FIRE_LIGHT_00_01_BODY_MESH.001
09:08:28 | INFO: Primitives created: 1
09:08:28 | INFO: Extracting primitive: V04_FIRE_LIGHT_00_01_GLOW_MESH.001
09:08:28 | INFO: Primitives created: 1
09:08:28 | INFO: Extracting primitive: V04_FIRE_LIGHT_00_02_BODY_MESH.001
09:08:28 | INFO: Primitives created: 1
09:08:28 | INFO: Extracting primitive: V04_FIRE_LIGHT_00_02_GLOW_MESH.001
09:08:28 | INFO: Primitives created: 1
09:08:28 | INFO: Extracting primitive: V04_FIRE_LIGHT_01_00_BODY_MESH.001
09:08:28 | INFO: Primitives created: 1
09:08:28 | INFO: Extracting primitive: V04_FIRE_LIGHT_01_00_GLOW_MESH.001
09:08:28 | INFO: Primitives created: 1
09:08:28 | INFO: Extracting primitive: V04_FIRE_LIGHT_01_01_BODY_MESH.001
09:08:28 | INFO: Primitives created: 1
09:08:28 | INFO: Extracting primitive: V04_FIRE_LIGHT_01_01_GLOW_MESH.001
09:08:28 | INFO: Primitives created: 1
09:08:28 | INFO: Extracting primitive: V04_FIRE_LIGHT_01_02_BODY_MESH.001
09:08:28 | INFO: Primitives created: 1
09:08:28 | INFO: Extracting primitive: V04_FIRE_LIGHT_01_02_GLOW_MESH.001
09:08:28 | INFO: Primitives created: 1
09:08:28 | INFO: Extracting primitive: V04_FIRE_PANEL_00_MESH.001
09:08:28 | INFO: Primitives created: 1
09:08:28 | INFO: Extracting primitive: V04_FIRE_PANEL_01_MESH.001
09:08:28 | INFO: Primitives created: 1
09:08:28 | INFO: Extracting primitive: V04_FIRE_PUMP_00_00_MESH.001
09:08:28 | INFO: Primitives created: 1
09:08:28 | INFO: Extracting primitive: V04_FIRE_PUMP_00_01_MESH.001
09:08:28 | INFO: Primitives created: 1
09:08:28 | INFO: Extracting primitive: V04_FIRE_PUMP_01_00_MESH.001
09:08:28 | INFO: Primitives created: 1
09:08:28 | INFO: Extracting primitive: V04_FIRE_PUMP_01_01_MESH.001
09:08:28 | INFO: Primitives created: 1
09:08:28 | INFO: Extracting primitive: V04_FIRE_PUMP_BASE_00_00_MESH.001
09:08:28 | INFO: Primitives created: 1
09:08:28 | INFO: Extracting primitive: V04_FIRE_PUMP_BASE_00_01_MESH.001
09:08:28 | INFO: Primitives created: 1
09:08:28 | INFO: Extracting primitive: V04_FIRE_PUMP_BASE_01_00_MESH.001
09:08:28 | INFO: Primitives created: 1
09:08:28 | INFO: Extracting primitive: V04_FIRE_PUMP_BASE_01_01_MESH.001
09:08:28 | INFO: Primitives created: 1
09:08:28 | INFO: Extracting primitive: V04_FIRE_SUCTION_00_MESH.001
09:08:28 | INFO: Primitives created: 1
09:08:28 | INFO: Extracting primitive: V04_FIRE_SUCTION_01_MESH.001
09:08:28 | INFO: Primitives created: 1
09:08:28 | INFO: Extracting primitive: V04_FIRE_VALVE_00_00_MESH.001
09:08:28 | INFO: Primitives created: 1
09:08:28 | INFO: Extracting primitive: V04_FIRE_VALVE_00_01_MESH.001
09:08:28 | INFO: Primitives created: 1
09:08:28 | INFO: Extracting primitive: V04_FIRE_VALVE_00_02_MESH.001
09:08:28 | INFO: Primitives created: 1
09:08:28 | INFO: Extracting primitive: V04_FIRE_VALVE_00_03_MESH.001
09:08:28 | INFO: Primitives created: 1
09:08:28 | INFO: Extracting primitive: V04_FIRE_VALVE_01_00_MESH.001
09:08:28 | INFO: Primitives created: 1
09:08:28 | INFO: Extracting primitive: V04_FIRE_VALVE_01_01_MESH.001
09:08:28 | INFO: Primitives created: 1
09:08:28 | INFO: Extracting primitive: V04_FIRE_VALVE_01_02_MESH.001
09:08:28 | INFO: Primitives created: 1
09:08:28 | INFO: Extracting primitive: V04_FIRE_VALVE_01_03_MESH.001
09:08:28 | INFO: Primitives created: 1
09:08:28 | INFO: Extracting primitive: V04_GLASS_DECK_CAFE_APPLIANCE_00_MESH.001
09:08:28 | INFO: Primitives created: 1
09:08:28 | INFO: Extracting primitive: V04_GLASS_DECK_CAFE_APPLIANCE_01_MESH.001
09:08:28 | INFO: Primitives created: 1
09:08:28 | INFO: Extracting primitive: V04_GLASS_DECK_CAFE_APPLIANCE_02_MESH.001
09:08:28 | INFO: Primitives created: 1
09:08:28 | INFO: Extracting primitive: V04_GLASS_DECK_CAFE_BACKBAR_MESH
09:08:28 | INFO: Primitives created: 1
09:08:28 | INFO: Extracting primitive: V04_GLASS_DECK_CAFE_COUNTER_MESH
09:08:28 | INFO: Primitives created: 1
09:08:28 | INFO: Extracting primitive: V04_GLASS_DECK_CAFE_STOOL_00_MESH.001
09:08:28 | INFO: Primitives created: 1
09:08:28 | INFO: Extracting primitive: V04_GLASS_DECK_CAFE_STOOL_01_MESH.001
09:08:28 | INFO: Primitives created: 1
09:08:28 | INFO: Extracting primitive: V04_GLASS_DECK_CAFE_STOOL_02_MESH.001
09:08:28 | INFO: Primitives created: 1
09:08:28 | INFO: Extracting primitive: V04_GLASS_DECK_CAFE_STOOL_03_MESH.001
09:08:28 | INFO: Primitives created: 1
09:08:28 | INFO: Extracting primitive: V04_GLASS_DECK_CAFE_STOOL_04_MESH.001
09:08:28 | INFO: Primitives created: 1
09:08:28 | INFO: Extracting primitive: V04_GLASS_DECK_CAFE_STOOL_05_MESH.001
09:08:28 | INFO: Primitives created: 1
09:08:28 | INFO: Extracting primitive: V04_GLASS_DECK_CEILING_BEAM_MESH.001
09:08:28 | INFO: Primitives created: 1
09:08:28 | INFO: Extracting primitive: V04_GLASS_DECK_COMMAND_CONSOLE_00_MESH
09:08:28 | INFO: Primitives created: 1
09:08:28 | INFO: Extracting primitive: V04_GLASS_DECK_COMMAND_CONSOLE_01_MESH
09:08:28 | INFO: Primitives created: 1
09:08:28 | INFO: Extracting primitive: V04_GLASS_DECK_COMMAND_CONSOLE_02_MESH
09:08:28 | INFO: Primitives created: 1
09:08:28 | INFO: Extracting primitive: V04_GLASS_DECK_COMMAND_CONSOLE_03_MESH
09:08:28 | INFO: Primitives created: 1
09:08:28 | INFO: Extracting primitive: V04_GLASS_DECK_COMMAND_MONITOR_00_MESH
09:08:28 | INFO: Primitives created: 1
09:08:28 | INFO: Extracting primitive: V04_GLASS_DECK_COMMAND_MONITOR_01_MESH
09:08:28 | INFO: Primitives created: 1
09:08:28 | INFO: Extracting primitive: V04_GLASS_DECK_COMMAND_MONITOR_02_MESH
09:08:28 | INFO: Primitives created: 1
09:08:28 | INFO: Extracting primitive: V04_GLASS_DECK_COMMAND_MONITOR_03_MESH
09:08:28 | INFO: Primitives created: 1
09:08:28 | INFO: Extracting primitive: V04_GLASS_DECK_COMMAND_RISER_MESH.001
09:08:28 | INFO: Primitives created: 1
09:08:28 | INFO: Extracting primitive: V04_GLASS_DECK_COMMAND_WALL_MESH
09:08:28 | INFO: Primitives created: 1
09:08:28 | INFO: Extracting primitive: V04_GLASS_DECK_FLOOR_MESH
09:08:28 | INFO: Primitives created: 1
09:08:28 | INFO: Extracting primitive: V04_GLASS_DECK_LEFT_WALL_MESH
09:08:28 | INFO: Primitives created: 1
09:08:28 | INFO: Extracting primitive: V04_GLASS_DECK_LIGHT_04_BODY_MESH.001
09:08:28 | INFO: Primitives created: 1
09:08:28 | INFO: Extracting primitive: V04_GLASS_DECK_LIGHT_04_GLOW_MESH.001
09:08:28 | INFO: Primitives created: 1
09:08:28 | INFO: Extracting primitive: V04_GLASS_DECK_LIGHT_14_BODY_MESH.001
09:08:28 | INFO: Primitives created: 1
09:08:28 | INFO: Extracting primitive: V04_GLASS_DECK_LIGHT_14_GLOW_MESH.001
09:08:28 | INFO: Primitives created: 1
09:08:28 | INFO: Extracting primitive: V04_GLASS_DECK_LIGHT_24_BODY_MESH.001
09:08:28 | INFO: Primitives created: 1
09:08:28 | INFO: Extracting primitive: V04_GLASS_DECK_LIGHT_24_GLOW_MESH.001
09:08:28 | INFO: Primitives created: 1
09:08:28 | INFO: Extracting primitive: V04_GLASS_DECK_LIGHT_34_BODY_MESH.001
09:08:28 | INFO: Primitives created: 1
09:08:28 | INFO: Extracting primitive: V04_GLASS_DECK_LIGHT_34_GLOW_MESH.001
09:08:28 | INFO: Primitives created: 1
09:08:28 | INFO: Extracting primitive: V04_GLASS_DECK_LIGHT_44_BODY_MESH.001
09:08:28 | INFO: Primitives created: 1
09:08:28 | INFO: Extracting primitive: V04_GLASS_DECK_LIGHT_44_GLOW_MESH.001
09:08:28 | INFO: Primitives created: 1
09:08:28 | INFO: Extracting primitive: V04_GLASS_DECK_RIGHT_WALL_MESH
09:08:28 | INFO: Primitives created: 1
09:08:28 | INFO: Extracting primitive: V04_GLASS_DECK_TRAINING_SEAT_00_MESH
09:08:28 | INFO: Primitives created: 1
09:08:28 | INFO: Extracting primitive: V04_GLASS_DECK_TRAINING_SEAT_01_MESH
09:08:28 | INFO: Primitives created: 1
09:08:28 | INFO: Extracting primitive: V04_GLASS_DECK_TRAINING_SEAT_02_MESH
09:08:28 | INFO: Primitives created: 1
09:08:28 | INFO: Extracting primitive: V04_GLASS_DECK_TRAINING_SEAT_03_MESH
09:08:28 | INFO: Primitives created: 1
09:08:28 | INFO: Extracting primitive: V04_GLASS_DECK_TRAINING_SEAT_04_MESH
09:08:28 | INFO: Primitives created: 1
09:08:28 | INFO: Extracting primitive: V04_GLASS_DECK_TRAINING_SEAT_05_MESH
09:08:28 | INFO: Primitives created: 1
09:08:28 | INFO: Extracting primitive: V04_GLASS_DECK_TRAINING_SEAT_06_MESH
09:08:28 | INFO: Primitives created: 1
09:08:28 | INFO: Extracting primitive: V04_GLASS_DECK_TRAINING_SEAT_07_MESH
09:08:28 | INFO: Primitives created: 1
09:08:28 | INFO: Extracting primitive: V04_GLASS_DECK_TRAINING_TABLE_MESH
09:08:28 | INFO: Primitives created: 1
09:08:28 | INFO: Extracting primitive: V04_GLASS_DECK_ZONE_PARTITION_11_MESH.001
09:08:28 | INFO: Primitives created: 1
09:08:28 | INFO: Extracting primitive: V04_GLASS_DECK_ZONE_PARTITION_28_MESH.001
09:08:28 | INFO: Primitives created: 1
09:08:28 | INFO: Extracting primitive: V04_LIQUID_BACK_MESH.001
09:08:28 | INFO: Primitives created: 1
09:08:28 | INFO: Extracting primitive: V04_LIQUID_CAP_DROP_00_MESH.001
09:08:28 | INFO: Primitives created: 1
09:08:28 | INFO: Extracting primitive: V04_LIQUID_CAP_DROP_01_MESH.001
09:08:28 | INFO: Primitives created: 1
09:08:28 | INFO: Extracting primitive: V04_LIQUID_CAP_DROP_02_MESH.001
09:08:28 | INFO: Primitives created: 1
09:08:28 | INFO: Extracting primitive: V04_LIQUID_CAP_DROP_03_MESH.001
09:08:28 | INFO: Primitives created: 1
09:08:28 | INFO: Extracting primitive: V04_LIQUID_CAP_HOPPER_00_MESH.001
09:08:28 | INFO: Primitives created: 1
09:08:28 | INFO: Extracting primitive: V04_LIQUID_CAP_HOPPER_01_MESH.001
09:08:28 | INFO: Primitives created: 1
09:08:28 | INFO: Extracting primitive: V04_LIQUID_CAP_HOPPER_02_MESH.001
09:08:28 | INFO: Primitives created: 1
09:08:28 | INFO: Extracting primitive: V04_LIQUID_CAP_HOPPER_03_MESH.001
09:08:28 | INFO: Primitives created: 1
09:08:28 | INFO: Extracting primitive: V04_LIQUID_CASE_MAGAZINE_MESH.001
09:08:28 | INFO: Primitives created: 1
09:08:28 | INFO: Extracting primitive: V04_LIQUID_FLOOR_MESH.001
09:08:28 | INFO: Primitives created: 1
09:08:28 | INFO: Extracting primitive: V04_LIQUID_LABEL_REEL_00_MESH.001
09:08:28 | INFO: Primitives created: 1
09:08:28 | INFO: Extracting primitive: V04_LIQUID_LABEL_REEL_01_MESH.001
09:08:28 | INFO: Primitives created: 1
09:08:28 | INFO: Extracting primitive: V04_LIQUID_LABEL_REEL_02_MESH.001
09:08:28 | INFO: Primitives created: 1
09:08:28 | INFO: Extracting primitive: V04_LIQUID_LEFT_MESH.001
09:08:28 | INFO: Primitives created: 1
09:08:28 | INFO: Extracting primitive: V04_LIQUID_LIGHT_00_BODY_MESH.001
09:08:28 | INFO: Primitives created: 1
09:08:28 | INFO: Extracting primitive: V04_LIQUID_LIGHT_00_GLOW_MESH.001
09:08:28 | INFO: Primitives created: 1
09:08:28 | INFO: Extracting primitive: V04_LIQUID_LIGHT_01_BODY_MESH.001
09:08:28 | INFO: Primitives created: 1
09:08:28 | INFO: Extracting primitive: V04_LIQUID_LIGHT_01_GLOW_MESH.001
09:08:28 | INFO: Primitives created: 1
09:08:28 | INFO: Extracting primitive: V04_LIQUID_LIGHT_02_BODY_MESH.001
09:08:28 | INFO: Primitives created: 1
09:08:28 | INFO: Extracting primitive: V04_LIQUID_LIGHT_02_GLOW_MESH.001
09:08:28 | INFO: Primitives created: 1
09:08:28 | INFO: Extracting primitive: V04_LIQUID_LIGHT_03_BODY_MESH.001
09:08:28 | INFO: Primitives created: 1
09:08:28 | INFO: Extracting primitive: V04_LIQUID_LIGHT_03_GLOW_MESH.001
09:08:28 | INFO: Primitives created: 1
09:08:28 | INFO: Extracting primitive: V04_LIQUID_LIGHT_04_BODY_MESH.001
09:08:28 | INFO: Primitives created: 1
09:08:28 | INFO: Extracting primitive: V04_LIQUID_LIGHT_04_GLOW_MESH.001
09:08:28 | INFO: Primitives created: 1
09:08:28 | INFO: Extracting primitive: V04_LIQUID_LIGHT_05_BODY_MESH.001
09:08:28 | INFO: Primitives created: 1
09:08:28 | INFO: Extracting primitive: V04_LIQUID_LIGHT_05_GLOW_MESH.001
09:08:28 | INFO: Primitives created: 1
09:08:28 | INFO: Extracting primitive: V04_LIQUID_RIGHT_MESH.001
09:08:28 | INFO: Primitives created: 1
09:08:28 | INFO: Extracting primitive: V04_LIQUID_ROBOT_ARM_MESH.001
09:08:28 | INFO: Primitives created: 1
09:08:28 | INFO: Extracting primitive: V04_LIQUID_ROBOT_BASE_MESH.001
09:08:28 | INFO: Primitives created: 1
09:08:28 | INFO: Extracting primitive: V04_PASTE_BACK_MESH.001
09:08:28 | INFO: Primitives created: 1
09:08:28 | INFO: Extracting primitive: V04_PASTE_BLEND_JACKET_MESH.001
09:08:28 | INFO: Primitives created: 1
09:08:28 | INFO: Extracting primitive: V04_PASTE_CARTON_CASE_STAGE_MESH.001
09:08:28 | INFO: Primitives created: 1
09:08:28 | INFO: Extracting primitive: V04_PASTE_CRIMPER_GUARD_MESH.001
09:08:28 | INFO: Primitives created: 1
09:08:28 | INFO: Extracting primitive: V04_PASTE_FLOOR_MESH.001
09:08:28 | INFO: Primitives created: 1
09:08:28 | INFO: Extracting primitive: V04_PASTE_JACKET_PIPE_00_MESH.001
09:08:28 | INFO: Primitives created: 1
09:08:28 | INFO: Extracting primitive: V04_PASTE_JACKET_PIPE_01_MESH.001
09:08:28 | INFO: Primitives created: 1
09:08:28 | INFO: Extracting primitive: V04_PASTE_JACKET_PIPE_02_MESH.001
09:08:28 | INFO: Primitives created: 1
09:08:28 | INFO: Extracting primitive: V04_PASTE_LEFT_MESH.001
09:08:28 | INFO: Primitives created: 1
09:08:28 | INFO: Extracting primitive: V04_PASTE_LIGHT_00_BODY_MESH.001
09:08:28 | INFO: Primitives created: 1
09:08:28 | INFO: Extracting primitive: V04_PASTE_LIGHT_00_GLOW_MESH.001
09:08:28 | INFO: Primitives created: 1
09:08:28 | INFO: Extracting primitive: V04_PASTE_LIGHT_01_BODY_MESH.001
09:08:28 | INFO: Primitives created: 1
09:08:28 | INFO: Extracting primitive: V04_PASTE_LIGHT_01_GLOW_MESH.001
09:08:28 | INFO: Primitives created: 1
09:08:28 | INFO: Extracting primitive: V04_PASTE_LIGHT_02_BODY_MESH.001
09:08:28 | INFO: Primitives created: 1
09:08:28 | INFO: Extracting primitive: V04_PASTE_LIGHT_02_GLOW_MESH.001
09:08:28 | INFO: Primitives created: 1
09:08:28 | INFO: Extracting primitive: V04_PASTE_LIGHT_03_BODY_MESH.001
09:08:28 | INFO: Primitives created: 1
09:08:28 | INFO: Extracting primitive: V04_PASTE_LIGHT_03_GLOW_MESH.001
09:08:28 | INFO: Primitives created: 1
09:08:28 | INFO: Extracting primitive: V04_PASTE_LIGHT_04_BODY_MESH.001
09:08:28 | INFO: Primitives created: 1
09:08:28 | INFO: Extracting primitive: V04_PASTE_LIGHT_04_GLOW_MESH.001
09:08:28 | INFO: Primitives created: 1
09:08:28 | INFO: Extracting primitive: V04_PASTE_LIGHT_05_BODY_MESH.001
09:08:28 | INFO: Primitives created: 1
09:08:28 | INFO: Extracting primitive: V04_PASTE_LIGHT_05_GLOW_MESH.001
09:08:28 | INFO: Primitives created: 1
09:08:28 | INFO: Extracting primitive: V04_PASTE_RIGHT_MESH.001
09:08:28 | INFO: Primitives created: 1
09:08:28 | INFO: Extracting primitive: V04_PASTE_TUBE_00_MESH.001
09:08:28 | INFO: Primitives created: 1
09:08:28 | INFO: Extracting primitive: V04_PASTE_TUBE_01_MESH.001
09:08:28 | INFO: Primitives created: 1
09:08:28 | INFO: Extracting primitive: V04_PASTE_TUBE_02_MESH.001
09:08:28 | INFO: Primitives created: 1
09:08:28 | INFO: Extracting primitive: V04_PASTE_TUBE_03_MESH.001
09:08:28 | INFO: Primitives created: 1
09:08:28 | INFO: Extracting primitive: V04_PASTE_TUBE_04_MESH.001
09:08:28 | INFO: Primitives created: 1
09:08:28 | INFO: Extracting primitive: V04_PASTE_TUBE_05_MESH.001
09:08:28 | INFO: Primitives created: 1
09:08:28 | INFO: Extracting primitive: V04_PASTE_TUBE_06_MESH.001
09:08:28 | INFO: Primitives created: 1
09:08:28 | INFO: Extracting primitive: V04_PASTE_TUBE_07_MESH.001
09:08:28 | INFO: Primitives created: 1
09:08:28 | INFO: Extracting primitive: V04_PASTE_TUBE_MAGAZINE_RACK_MESH.001
09:08:28 | INFO: Primitives created: 1
09:08:28 | INFO: Extracting primitive: V04_PASTE_TUBE_PUCK_00_MESH.001
09:08:28 | INFO: Primitives created: 1
09:08:28 | INFO: Extracting primitive: V04_PASTE_TUBE_PUCK_01_MESH.001
09:08:28 | INFO: Primitives created: 1
09:08:28 | INFO: Extracting primitive: V04_PASTE_TUBE_PUCK_02_MESH.001
09:08:28 | INFO: Primitives created: 1
09:08:28 | INFO: Extracting primitive: V04_PASTE_TUBE_PUCK_03_MESH.001
09:08:28 | INFO: Primitives created: 1
09:08:28 | INFO: Extracting primitive: V04_PASTE_TUBE_PUCK_04_MESH.001
09:08:28 | INFO: Primitives created: 1
09:08:28 | INFO: Extracting primitive: V04_PASTE_TUBE_PUCK_05_MESH.001
09:08:28 | INFO: Primitives created: 1
09:08:28 | INFO: Extracting primitive: V04_PASTE_TUBE_PUCK_06_MESH.001
09:08:28 | INFO: Primitives created: 1
09:08:28 | INFO: Extracting primitive: V04_PASTE_TUBE_PUCK_07_MESH.001
09:08:28 | INFO: Primitives created: 1
09:08:28 | INFO: Extracting primitive: V04_RESTAURANT_BACK_MESH.001
09:08:28 | INFO: Primitives created: 1
09:08:28 | INFO: Extracting primitive: V04_RESTAURANT_DISHWASH_MESH.001
09:08:28 | INFO: Primitives created: 1
09:08:28 | INFO: Extracting primitive: V04_RESTAURANT_EXHAUST_00_MESH.001
09:08:28 | INFO: Primitives created: 1
09:08:28 | INFO: Extracting primitive: V04_RESTAURANT_EXHAUST_01_MESH.001
09:08:28 | INFO: Primitives created: 1
09:08:28 | INFO: Extracting primitive: V04_RESTAURANT_EXHAUST_02_MESH.001
09:08:28 | INFO: Primitives created: 1
09:08:28 | INFO: Extracting primitive: V04_RESTAURANT_EXHAUST_03_MESH.001
09:08:28 | INFO: Primitives created: 1
09:08:28 | INFO: Extracting primitive: V04_RESTAURANT_FLOOR_MESH.001
09:08:28 | INFO: Primitives created: 1
09:08:28 | INFO: Extracting primitive: V04_RESTAURANT_KITCHEN_APPLIANCE_00_MESH.001
09:08:28 | INFO: Primitives created: 1
09:08:28 | INFO: Extracting primitive: V04_RESTAURANT_KITCHEN_APPLIANCE_01_MESH.001
09:08:28 | INFO: Primitives created: 1
09:08:28 | INFO: Extracting primitive: V04_RESTAURANT_KITCHEN_APPLIANCE_02_MESH.001
09:08:28 | INFO: Primitives created: 1
09:08:28 | INFO: Extracting primitive: V04_RESTAURANT_KITCHEN_APPLIANCE_03_MESH.001
09:08:28 | INFO: Primitives created: 1
09:08:28 | INFO: Extracting primitive: V04_RESTAURANT_LEFT_MESH.001
09:08:28 | INFO: Primitives created: 1
09:08:28 | INFO: Extracting primitive: V04_RESTAURANT_LIGHT_00_BODY_MESH.001
09:08:28 | INFO: Primitives created: 1
09:08:28 | INFO: Extracting primitive: V04_RESTAURANT_LIGHT_00_GLOW_MESH.001
09:08:28 | INFO: Primitives created: 1
09:08:28 | INFO: Extracting primitive: V04_RESTAURANT_LIGHT_01_BODY_MESH.001
09:08:28 | INFO: Primitives created: 1
09:08:28 | INFO: Extracting primitive: V04_RESTAURANT_LIGHT_01_GLOW_MESH.001
09:08:28 | INFO: Primitives created: 1
09:08:28 | INFO: Extracting primitive: V04_RESTAURANT_LIGHT_02_BODY_MESH.001
09:08:28 | INFO: Primitives created: 1
09:08:28 | INFO: Extracting primitive: V04_RESTAURANT_LIGHT_02_GLOW_MESH.001
09:08:28 | INFO: Primitives created: 1
09:08:28 | INFO: Extracting primitive: V04_RESTAURANT_LIGHT_03_BODY_MESH.001
09:08:28 | INFO: Primitives created: 1
09:08:28 | INFO: Extracting primitive: V04_RESTAURANT_LIGHT_03_GLOW_MESH.001
09:08:28 | INFO: Primitives created: 1
09:08:28 | INFO: Extracting primitive: V04_RESTAURANT_PASS_WINDOW_MESH.001
09:08:28 | INFO: Primitives created: 1
09:08:28 | INFO: Extracting primitive: V04_RESTAURANT_RIGHT_MESH.001
09:08:28 | INFO: Primitives created: 1
09:08:28 | INFO: Extracting primitive: V04_RESTAURANT_TABLE_RUNNER_00_MESH.001
09:08:28 | INFO: Primitives created: 1
09:08:28 | INFO: Extracting primitive: V04_RESTAURANT_TABLE_RUNNER_01_MESH.001
09:08:28 | INFO: Primitives created: 1
09:08:28 | INFO: Extracting primitive: V04_RESTAURANT_TABLE_RUNNER_02_MESH.001
09:08:28 | INFO: Primitives created: 1
09:08:28 | INFO: Extracting primitive: V04_RESTAURANT_TABLE_RUNNER_03_MESH.001
09:08:28 | INFO: Primitives created: 1
09:08:28 | INFO: Extracting primitive: V04_RM_BACK_MESH.001
09:08:28 | INFO: Primitives created: 1
09:08:28 | INFO: Extracting primitive: V04_RM_FLOOR_MESH.001
09:08:28 | INFO: Primitives created: 1
09:08:28 | INFO: Extracting primitive: V04_RM_LEFT_MESH.001
09:08:28 | INFO: Primitives created: 1
09:08:28 | INFO: Extracting primitive: V04_RM_LIGHT_00_BODY_MESH.001
09:08:28 | INFO: Primitives created: 1
09:08:28 | INFO: Extracting primitive: V04_RM_LIGHT_00_GLOW_MESH.001
09:08:28 | INFO: Primitives created: 1
09:08:28 | INFO: Extracting primitive: V04_RM_LIGHT_01_BODY_MESH.001
09:08:28 | INFO: Primitives created: 1
09:08:28 | INFO: Extracting primitive: V04_RM_LIGHT_01_GLOW_MESH.001
09:08:28 | INFO: Primitives created: 1
09:08:28 | INFO: Extracting primitive: V04_RM_LIGHT_02_BODY_MESH.001
09:08:28 | INFO: Primitives created: 1
09:08:28 | INFO: Extracting primitive: V04_RM_LIGHT_02_GLOW_MESH.001
09:08:28 | INFO: Primitives created: 1
09:08:28 | INFO: Extracting primitive: V04_RM_LIGHT_03_BODY_MESH.001
09:08:28 | INFO: Primitives created: 1
09:08:28 | INFO: Extracting primitive: V04_RM_LIGHT_03_GLOW_MESH.001
09:08:28 | INFO: Primitives created: 1
09:08:28 | INFO: Extracting primitive: V04_RM_LIGHT_04_BODY_MESH.001
09:08:28 | INFO: Primitives created: 1
09:08:28 | INFO: Extracting primitive: V04_RM_LIGHT_04_GLOW_MESH.001
09:08:28 | INFO: Primitives created: 1
09:08:28 | INFO: Extracting primitive: V04_RM_RACK_67_BEAM_00_MESH.001
09:08:28 | INFO: Primitives created: 1
09:08:28 | INFO: Extracting primitive: V04_RM_RACK_67_BEAM_01_MESH.001
09:08:28 | INFO: Primitives created: 1
09:08:28 | INFO: Extracting primitive: V04_RM_RACK_67_BEAM_02_MESH.001
09:08:28 | INFO: Primitives created: 1
09:08:28 | INFO: Extracting primitive: V04_RM_RACK_67_LOAD_00_00_MESH.001
09:08:28 | INFO: Primitives created: 1
09:08:28 | INFO: Extracting primitive: V04_RM_RACK_67_LOAD_00_01_MESH.001
09:08:28 | INFO: Primitives created: 1
09:08:28 | INFO: Extracting primitive: V04_RM_RACK_67_LOAD_00_02_MESH.001
09:08:28 | INFO: Primitives created: 1
09:08:28 | INFO: Extracting primitive: V04_RM_RACK_67_LOAD_01_00_MESH.001
09:08:28 | INFO: Primitives created: 1
09:08:28 | INFO: Extracting primitive: V04_RM_RACK_67_LOAD_01_01_MESH.001
09:08:28 | INFO: Primitives created: 1
09:08:28 | INFO: Extracting primitive: V04_RM_RACK_67_LOAD_01_02_MESH.001
09:08:28 | INFO: Primitives created: 1
09:08:28 | INFO: Extracting primitive: V04_RM_RACK_67_LOAD_02_00_MESH.001
09:08:28 | INFO: Primitives created: 1
09:08:28 | INFO: Extracting primitive: V04_RM_RACK_67_LOAD_02_01_MESH.001
09:08:28 | INFO: Primitives created: 1
09:08:28 | INFO: Extracting primitive: V04_RM_RACK_67_LOAD_02_02_MESH.001
09:08:28 | INFO: Primitives created: 1
09:08:28 | INFO: Extracting primitive: V04_RM_RACK_67_LOAD_03_00_MESH.001
09:08:28 | INFO: Primitives created: 1
09:08:28 | INFO: Extracting primitive: V04_RM_RACK_67_LOAD_03_01_MESH.001
09:08:28 | INFO: Primitives created: 1
09:08:28 | INFO: Extracting primitive: V04_RM_RACK_67_LOAD_03_02_MESH.001
09:08:28 | INFO: Primitives created: 1
09:08:28 | INFO: Extracting primitive: V04_RM_RACK_67_LOAD_04_00_MESH.001
09:08:28 | INFO: Primitives created: 1
09:08:28 | INFO: Extracting primitive: V04_RM_RACK_67_LOAD_04_01_MESH.001
09:08:28 | INFO: Primitives created: 1
09:08:28 | INFO: Extracting primitive: V04_RM_RACK_67_LOAD_04_02_MESH.001
09:08:28 | INFO: Primitives created: 1
09:08:28 | INFO: Extracting primitive: V04_RM_RACK_67_LOAD_05_00_MESH.001
09:08:28 | INFO: Primitives created: 1
09:08:28 | INFO: Extracting primitive: V04_RM_RACK_67_LOAD_05_01_MESH.001
09:08:28 | INFO: Primitives created: 1
09:08:28 | INFO: Extracting primitive: V04_RM_RACK_67_LOAD_05_02_MESH.001
09:08:28 | INFO: Primitives created: 1
09:08:28 | INFO: Extracting primitive: V04_RM_RACK_67_LOAD_06_00_MESH.001
09:08:28 | INFO: Primitives created: 1
09:08:28 | INFO: Extracting primitive: V04_RM_RACK_67_LOAD_06_01_MESH.001
09:08:28 | INFO: Primitives created: 1
09:08:28 | INFO: Extracting primitive: V04_RM_RACK_67_LOAD_06_02_MESH.001
09:08:28 | INFO: Primitives created: 1
09:08:28 | INFO: Extracting primitive: V04_RM_RACK_67_LOAD_07_00_MESH.001
09:08:28 | INFO: Primitives created: 1
09:08:28 | INFO: Extracting primitive: V04_RM_RACK_67_LOAD_07_01_MESH.001
09:08:28 | INFO: Primitives created: 1
09:08:28 | INFO: Extracting primitive: V04_RM_RACK_67_LOAD_07_02_MESH.001
09:08:28 | INFO: Primitives created: 1
09:08:28 | INFO: Extracting primitive: V04_RM_RACK_67_LOAD_08_00_MESH.001
09:08:28 | INFO: Primitives created: 1
09:08:28 | INFO: Extracting primitive: V04_RM_RACK_67_LOAD_08_01_MESH.001
09:08:28 | INFO: Primitives created: 1
09:08:28 | INFO: Extracting primitive: V04_RM_RACK_67_LOAD_08_02_MESH.001
09:08:28 | INFO: Primitives created: 1
09:08:28 | INFO: Extracting primitive: V04_RM_RACK_67_PALLET_00_00_MESH.001
09:08:28 | INFO: Primitives created: 1
09:08:28 | INFO: Extracting primitive: V04_RM_RACK_67_PALLET_00_01_MESH.001
09:08:28 | INFO: Primitives created: 1
09:08:28 | INFO: Extracting primitive: V04_RM_RACK_67_PALLET_00_02_MESH.001
09:08:28 | INFO: Primitives created: 1
09:08:28 | INFO: Extracting primitive: V04_RM_RACK_67_PALLET_01_00_MESH.001
09:08:28 | INFO: Primitives created: 1
09:08:28 | INFO: Extracting primitive: V04_RM_RACK_67_PALLET_01_01_MESH.001
09:08:28 | INFO: Primitives created: 1
09:08:28 | INFO: Extracting primitive: V04_RM_RACK_67_PALLET_01_02_MESH.001
09:08:28 | INFO: Primitives created: 1
09:08:28 | INFO: Extracting primitive: V04_RM_RACK_67_PALLET_02_00_MESH.001
09:08:28 | INFO: Primitives created: 1
09:08:28 | INFO: Extracting primitive: V04_RM_RACK_67_PALLET_02_01_MESH.001
09:08:28 | INFO: Primitives created: 1
09:08:28 | INFO: Extracting primitive: V04_RM_RACK_67_PALLET_02_02_MESH.001
09:08:28 | INFO: Primitives created: 1
09:08:28 | INFO: Extracting primitive: V04_RM_RACK_67_PALLET_03_00_MESH.001
09:08:28 | INFO: Primitives created: 1
09:08:28 | INFO: Extracting primitive: V04_RM_RACK_67_PALLET_03_01_MESH.001
09:08:28 | INFO: Primitives created: 1
09:08:28 | INFO: Extracting primitive: V04_RM_RACK_67_PALLET_03_02_MESH.001
09:08:28 | INFO: Primitives created: 1
09:08:28 | INFO: Extracting primitive: V04_RM_RACK_67_PALLET_04_00_MESH.001
09:08:28 | INFO: Primitives created: 1
09:08:28 | INFO: Extracting primitive: V04_RM_RACK_67_PALLET_04_01_MESH.001
09:08:28 | INFO: Primitives created: 1
09:08:28 | INFO: Extracting primitive: V04_RM_RACK_67_PALLET_04_02_MESH.001
09:08:28 | INFO: Primitives created: 1
09:08:28 | INFO: Extracting primitive: V04_RM_RACK_67_PALLET_05_00_MESH.001
09:08:28 | INFO: Primitives created: 1
09:08:28 | INFO: Extracting primitive: V04_RM_RACK_67_PALLET_05_01_MESH.001
09:08:28 | INFO: Primitives created: 1
09:08:28 | INFO: Extracting primitive: V04_RM_RACK_67_PALLET_05_02_MESH.001
09:08:28 | INFO: Primitives created: 1
09:08:28 | INFO: Extracting primitive: V04_RM_RACK_67_PALLET_06_00_MESH.001
09:08:28 | INFO: Primitives created: 1
09:08:28 | INFO: Extracting primitive: V04_RM_RACK_67_PALLET_06_01_MESH.001
09:08:28 | INFO: Primitives created: 1
09:08:28 | INFO: Extracting primitive: V04_RM_RACK_67_PALLET_06_02_MESH.001
09:08:28 | INFO: Primitives created: 1
09:08:28 | INFO: Extracting primitive: V04_RM_RACK_67_PALLET_07_00_MESH.001
09:08:28 | INFO: Primitives created: 1
09:08:28 | INFO: Extracting primitive: V04_RM_RACK_67_PALLET_07_01_MESH.001
09:08:28 | INFO: Primitives created: 1
09:08:28 | INFO: Extracting primitive: V04_RM_RACK_67_PALLET_07_02_MESH.001
09:08:28 | INFO: Primitives created: 1
09:08:28 | INFO: Extracting primitive: V04_RM_RACK_67_PALLET_08_00_MESH.001
09:08:28 | INFO: Primitives created: 1
09:08:28 | INFO: Extracting primitive: V04_RM_RACK_67_PALLET_08_01_MESH.001
09:08:28 | INFO: Primitives created: 1
09:08:28 | INFO: Extracting primitive: V04_RM_RACK_67_PALLET_08_02_MESH.001
09:08:28 | INFO: Primitives created: 1
09:08:28 | INFO: Extracting primitive: V04_RM_RACK_67_UPRIGHT_00_00_MESH.001
09:08:28 | INFO: Primitives created: 1
09:08:28 | INFO: Extracting primitive: V04_RM_RACK_67_UPRIGHT_00_01_MESH.001
09:08:28 | INFO: Primitives created: 1
09:08:28 | INFO: Extracting primitive: V04_RM_RACK_67_UPRIGHT_00_02_MESH.001
09:08:28 | INFO: Primitives created: 1
09:08:28 | INFO: Extracting primitive: V04_RM_RACK_67_UPRIGHT_01_00_MESH.001
09:08:28 | INFO: Primitives created: 1
09:08:28 | INFO: Extracting primitive: V04_RM_RACK_67_UPRIGHT_01_01_MESH.001
09:08:28 | INFO: Primitives created: 1
09:08:28 | INFO: Extracting primitive: V04_RM_RACK_67_UPRIGHT_01_02_MESH.001
09:08:28 | INFO: Primitives created: 1
09:08:28 | INFO: Extracting primitive: V04_RM_RACK_67_UPRIGHT_02_00_MESH.001
09:08:28 | INFO: Primitives created: 1
09:08:28 | INFO: Extracting primitive: V04_RM_RACK_67_UPRIGHT_02_01_MESH.001
09:08:28 | INFO: Primitives created: 1
09:08:28 | INFO: Extracting primitive: V04_RM_RACK_67_UPRIGHT_02_02_MESH.001
09:08:28 | INFO: Primitives created: 1
09:08:28 | INFO: Extracting primitive: V04_RM_RACK_67_UPRIGHT_03_00_MESH.001
09:08:28 | INFO: Primitives created: 1
09:08:28 | INFO: Extracting primitive: V04_RM_RACK_67_UPRIGHT_03_01_MESH.001
09:08:28 | INFO: Primitives created: 1
09:08:28 | INFO: Extracting primitive: V04_RM_RACK_67_UPRIGHT_03_02_MESH.001
09:08:28 | INFO: Primitives created: 1
09:08:28 | INFO: Extracting primitive: V04_RM_RACK_67_UPRIGHT_04_00_MESH.001
09:08:28 | INFO: Primitives created: 1
09:08:28 | INFO: Extracting primitive: V04_RM_RACK_67_UPRIGHT_04_01_MESH.001
09:08:28 | INFO: Primitives created: 1
09:08:28 | INFO: Extracting primitive: V04_RM_RACK_67_UPRIGHT_04_02_MESH.001
09:08:28 | INFO: Primitives created: 1
09:08:28 | INFO: Extracting primitive: V04_RM_RACK_67_UPRIGHT_05_00_MESH.001
09:08:28 | INFO: Primitives created: 1
09:08:28 | INFO: Extracting primitive: V04_RM_RACK_67_UPRIGHT_05_01_MESH.001
09:08:28 | INFO: Primitives created: 1
09:08:28 | INFO: Extracting primitive: V04_RM_RACK_67_UPRIGHT_05_02_MESH.001
09:08:28 | INFO: Primitives created: 1
09:08:28 | INFO: Extracting primitive: V04_RM_RACK_67_UPRIGHT_06_00_MESH.001
09:08:28 | INFO: Primitives created: 1
09:08:28 | INFO: Extracting primitive: V04_RM_RACK_67_UPRIGHT_06_01_MESH.001
09:08:28 | INFO: Primitives created: 1
09:08:28 | INFO: Extracting primitive: V04_RM_RACK_67_UPRIGHT_06_02_MESH.001
09:08:28 | INFO: Primitives created: 1
09:08:28 | INFO: Extracting primitive: V04_RM_RACK_67_UPRIGHT_07_00_MESH.001
09:08:28 | INFO: Primitives created: 1
09:08:28 | INFO: Extracting primitive: V04_RM_RACK_67_UPRIGHT_07_01_MESH.001
09:08:28 | INFO: Primitives created: 1
09:08:28 | INFO: Extracting primitive: V04_RM_RACK_67_UPRIGHT_07_02_MESH.001
09:08:28 | INFO: Primitives created: 1
09:08:28 | INFO: Extracting primitive: V04_RM_RACK_67_UPRIGHT_08_00_MESH.001
09:08:28 | INFO: Primitives created: 1
09:08:28 | INFO: Extracting primitive: V04_RM_RACK_67_UPRIGHT_08_01_MESH.001
09:08:28 | INFO: Primitives created: 1
09:08:28 | INFO: Extracting primitive: V04_RM_RACK_67_UPRIGHT_08_02_MESH.001
09:08:28 | INFO: Primitives created: 1
09:08:28 | INFO: Extracting primitive: V04_RM_RACK_75_BEAM_00_MESH.001
09:08:28 | INFO: Primitives created: 1
09:08:28 | INFO: Extracting primitive: V04_RM_RACK_75_BEAM_01_MESH.001
09:08:28 | INFO: Primitives created: 1
09:08:28 | INFO: Extracting primitive: V04_RM_RACK_75_BEAM_02_MESH.001
09:08:28 | INFO: Primitives created: 1
09:08:28 | INFO: Extracting primitive: V04_RM_RACK_75_LOAD_00_00_MESH.001
09:08:28 | INFO: Primitives created: 1
09:08:28 | INFO: Extracting primitive: V04_RM_RACK_75_LOAD_00_01_MESH.001
09:08:28 | INFO: Primitives created: 1
09:08:28 | INFO: Extracting primitive: V04_RM_RACK_75_LOAD_00_02_MESH.001
09:08:28 | INFO: Primitives created: 1
09:08:28 | INFO: Extracting primitive: V04_RM_RACK_75_LOAD_01_00_MESH.001
09:08:28 | INFO: Primitives created: 1
09:08:28 | INFO: Extracting primitive: V04_RM_RACK_75_LOAD_01_01_MESH.001
09:08:28 | INFO: Primitives created: 1
09:08:28 | INFO: Extracting primitive: V04_RM_RACK_75_LOAD_01_02_MESH.001
09:08:28 | INFO: Primitives created: 1
09:08:28 | INFO: Extracting primitive: V04_RM_RACK_75_LOAD_02_00_MESH.001
09:08:28 | INFO: Primitives created: 1
09:08:28 | INFO: Extracting primitive: V04_RM_RACK_75_LOAD_02_01_MESH.001
09:08:28 | INFO: Primitives created: 1
09:08:28 | INFO: Extracting primitive: V04_RM_RACK_75_LOAD_02_02_MESH.001
09:08:28 | INFO: Primitives created: 1
09:08:28 | INFO: Extracting primitive: V04_RM_RACK_75_LOAD_03_00_MESH.001
09:08:28 | INFO: Primitives created: 1
09:08:28 | INFO: Extracting primitive: V04_RM_RACK_75_LOAD_03_01_MESH.001
09:08:28 | INFO: Primitives created: 1
09:08:28 | INFO: Extracting primitive: V04_RM_RACK_75_LOAD_03_02_MESH.001
09:08:28 | INFO: Primitives created: 1
09:08:28 | INFO: Extracting primitive: V04_RM_RACK_75_LOAD_04_00_MESH.001
09:08:28 | INFO: Primitives created: 1
09:08:28 | INFO: Extracting primitive: V04_RM_RACK_75_LOAD_04_01_MESH.001
09:08:28 | INFO: Primitives created: 1
09:08:28 | INFO: Extracting primitive: V04_RM_RACK_75_LOAD_04_02_MESH.001
09:08:28 | INFO: Primitives created: 1
09:08:28 | INFO: Extracting primitive: V04_RM_RACK_75_LOAD_05_00_MESH.001
09:08:28 | INFO: Primitives created: 1
09:08:28 | INFO: Extracting primitive: V04_RM_RACK_75_LOAD_05_01_MESH.001
09:08:28 | INFO: Primitives created: 1
09:08:28 | INFO: Extracting primitive: V04_RM_RACK_75_LOAD_05_02_MESH.001
09:08:28 | INFO: Primitives created: 1
09:08:28 | INFO: Extracting primitive: V04_RM_RACK_75_LOAD_06_00_MESH.001
09:08:28 | INFO: Primitives created: 1
09:08:28 | INFO: Extracting primitive: V04_RM_RACK_75_LOAD_06_01_MESH.001
09:08:28 | INFO: Primitives created: 1
09:08:28 | INFO: Extracting primitive: V04_RM_RACK_75_LOAD_06_02_MESH.001
09:08:28 | INFO: Primitives created: 1
09:08:28 | INFO: Extracting primitive: V04_RM_RACK_75_LOAD_07_00_MESH.001
09:08:28 | INFO: Primitives created: 1
09:08:28 | INFO: Extracting primitive: V04_RM_RACK_75_LOAD_07_01_MESH.001
09:08:28 | INFO: Primitives created: 1
09:08:28 | INFO: Extracting primitive: V04_RM_RACK_75_LOAD_07_02_MESH.001
09:08:28 | INFO: Primitives created: 1
09:08:28 | INFO: Extracting primitive: V04_RM_RACK_75_LOAD_08_00_MESH.001
09:08:28 | INFO: Primitives created: 1
09:08:28 | INFO: Extracting primitive: V04_RM_RACK_75_LOAD_08_01_MESH.001
09:08:28 | INFO: Primitives created: 1
09:08:28 | INFO: Extracting primitive: V04_RM_RACK_75_LOAD_08_02_MESH.001
09:08:28 | INFO: Primitives created: 1
09:08:28 | INFO: Extracting primitive: V04_RM_RACK_75_PALLET_00_00_MESH.001
09:08:28 | INFO: Primitives created: 1
09:08:28 | INFO: Extracting primitive: V04_RM_RACK_75_PALLET_00_01_MESH.001
09:08:28 | INFO: Primitives created: 1
09:08:28 | INFO: Extracting primitive: V04_RM_RACK_75_PALLET_00_02_MESH.001
09:08:28 | INFO: Primitives created: 1
09:08:28 | INFO: Extracting primitive: V04_RM_RACK_75_PALLET_01_00_MESH.001
09:08:28 | INFO: Primitives created: 1
09:08:28 | INFO: Extracting primitive: V04_RM_RACK_75_PALLET_01_01_MESH.001
09:08:28 | INFO: Primitives created: 1
09:08:28 | INFO: Extracting primitive: V04_RM_RACK_75_PALLET_01_02_MESH.001
09:08:28 | INFO: Primitives created: 1
09:08:28 | INFO: Extracting primitive: V04_RM_RACK_75_PALLET_02_00_MESH.001
09:08:28 | INFO: Primitives created: 1
09:08:28 | INFO: Extracting primitive: V04_RM_RACK_75_PALLET_02_01_MESH.001
09:08:28 | INFO: Primitives created: 1
09:08:28 | INFO: Extracting primitive: V04_RM_RACK_75_PALLET_02_02_MESH.001
09:08:28 | INFO: Primitives created: 1
09:08:28 | INFO: Extracting primitive: V04_RM_RACK_75_PALLET_03_00_MESH.001
09:08:28 | INFO: Primitives created: 1
09:08:28 | INFO: Extracting primitive: V04_RM_RACK_75_PALLET_03_01_MESH.001
09:08:28 | INFO: Primitives created: 1
09:08:28 | INFO: Extracting primitive: V04_RM_RACK_75_PALLET_03_02_MESH.001
09:08:28 | INFO: Primitives created: 1
09:08:28 | INFO: Extracting primitive: V04_RM_RACK_75_PALLET_04_00_MESH.001
09:08:28 | INFO: Primitives created: 1
09:08:28 | INFO: Extracting primitive: V04_RM_RACK_75_PALLET_04_01_MESH.001
09:08:28 | INFO: Primitives created: 1
09:08:28 | INFO: Extracting primitive: V04_RM_RACK_75_PALLET_04_02_MESH.001
09:08:28 | INFO: Primitives created: 1
09:08:28 | INFO: Extracting primitive: V04_RM_RACK_75_PALLET_05_00_MESH.001
09:08:28 | INFO: Primitives created: 1
09:08:28 | INFO: Extracting primitive: V04_RM_RACK_75_PALLET_05_01_MESH.001
09:08:28 | INFO: Primitives created: 1
09:08:28 | INFO: Extracting primitive: V04_RM_RACK_75_PALLET_05_02_MESH.001
09:08:28 | INFO: Primitives created: 1
09:08:28 | INFO: Extracting primitive: V04_RM_RACK_75_PALLET_06_00_MESH.001
09:08:28 | INFO: Primitives created: 1
09:08:28 | INFO: Extracting primitive: V04_RM_RACK_75_PALLET_06_01_MESH.001
09:08:28 | INFO: Primitives created: 1
09:08:28 | INFO: Extracting primitive: V04_RM_RACK_75_PALLET_06_02_MESH.001
09:08:28 | INFO: Primitives created: 1
09:08:28 | INFO: Extracting primitive: V04_RM_RACK_75_PALLET_07_00_MESH.001
09:08:28 | INFO: Primitives created: 1
09:08:28 | INFO: Extracting primitive: V04_RM_RACK_75_PALLET_07_01_MESH.001
09:08:28 | INFO: Primitives created: 1
09:08:28 | INFO: Extracting primitive: V04_RM_RACK_75_PALLET_07_02_MESH.001
09:08:28 | INFO: Primitives created: 1
09:08:28 | INFO: Extracting primitive: V04_RM_RACK_75_PALLET_08_00_MESH.001
09:08:28 | INFO: Primitives created: 1
09:08:28 | INFO: Extracting primitive: V04_RM_RACK_75_PALLET_08_01_MESH.001
09:08:28 | INFO: Primitives created: 1
09:08:28 | INFO: Extracting primitive: V04_RM_RACK_75_PALLET_08_02_MESH.001
09:08:28 | INFO: Primitives created: 1
09:08:28 | INFO: Extracting primitive: V04_RM_RACK_75_UPRIGHT_00_00_MESH.001
09:08:28 | INFO: Primitives created: 1
09:08:28 | INFO: Extracting primitive: V04_RM_RACK_75_UPRIGHT_00_01_MESH.001
09:08:28 | INFO: Primitives created: 1
09:08:28 | INFO: Extracting primitive: V04_RM_RACK_75_UPRIGHT_00_02_MESH.001
09:08:28 | INFO: Primitives created: 1
09:08:28 | INFO: Extracting primitive: V04_RM_RACK_75_UPRIGHT_01_00_MESH.001
09:08:28 | INFO: Primitives created: 1
09:08:28 | INFO: Extracting primitive: V04_RM_RACK_75_UPRIGHT_01_01_MESH.001
09:08:28 | INFO: Primitives created: 1
09:08:28 | INFO: Extracting primitive: V04_RM_RACK_75_UPRIGHT_01_02_MESH.001
09:08:28 | INFO: Primitives created: 1
09:08:28 | INFO: Extracting primitive: V04_RM_RACK_75_UPRIGHT_02_00_MESH.001
09:08:28 | INFO: Primitives created: 1
09:08:28 | INFO: Extracting primitive: V04_RM_RACK_75_UPRIGHT_02_01_MESH.001
09:08:28 | INFO: Primitives created: 1
09:08:28 | INFO: Extracting primitive: V04_RM_RACK_75_UPRIGHT_02_02_MESH.001
09:08:28 | INFO: Primitives created: 1
09:08:28 | INFO: Extracting primitive: V04_RM_RACK_75_UPRIGHT_03_00_MESH.001
09:08:28 | INFO: Primitives created: 1
09:08:28 | INFO: Extracting primitive: V04_RM_RACK_75_UPRIGHT_03_01_MESH.001
09:08:28 | INFO: Primitives created: 1
09:08:28 | INFO: Extracting primitive: V04_RM_RACK_75_UPRIGHT_03_02_MESH.001
09:08:28 | INFO: Primitives created: 1
09:08:28 | INFO: Extracting primitive: V04_RM_RACK_75_UPRIGHT_04_00_MESH.001
09:08:28 | INFO: Primitives created: 1
09:08:28 | INFO: Extracting primitive: V04_RM_RACK_75_UPRIGHT_04_01_MESH.001
09:08:28 | INFO: Primitives created: 1
09:08:28 | INFO: Extracting primitive: V04_RM_RACK_75_UPRIGHT_04_02_MESH.001
09:08:28 | INFO: Primitives created: 1
09:08:28 | INFO: Extracting primitive: V04_RM_RACK_75_UPRIGHT_05_00_MESH.001
09:08:28 | INFO: Primitives created: 1
09:08:28 | INFO: Extracting primitive: V04_RM_RACK_75_UPRIGHT_05_01_MESH.001
09:08:28 | INFO: Primitives created: 1
09:08:28 | INFO: Extracting primitive: V04_RM_RACK_75_UPRIGHT_05_02_MESH.001
09:08:28 | INFO: Primitives created: 1
09:08:28 | INFO: Extracting primitive: V04_RM_RACK_75_UPRIGHT_06_00_MESH.001
09:08:28 | INFO: Primitives created: 1
09:08:28 | INFO: Extracting primitive: V04_RM_RACK_75_UPRIGHT_06_01_MESH.001
09:08:28 | INFO: Primitives created: 1
09:08:28 | INFO: Extracting primitive: V04_RM_RACK_75_UPRIGHT_06_02_MESH.001
09:08:28 | INFO: Primitives created: 1
09:08:28 | INFO: Extracting primitive: V04_RM_RACK_75_UPRIGHT_07_00_MESH.001
09:08:28 | INFO: Primitives created: 1
09:08:28 | INFO: Extracting primitive: V04_RM_RACK_75_UPRIGHT_07_01_MESH.001
09:08:28 | INFO: Primitives created: 1
09:08:28 | INFO: Extracting primitive: V04_RM_RACK_75_UPRIGHT_07_02_MESH.001
09:08:28 | INFO: Primitives created: 1
09:08:28 | INFO: Extracting primitive: V04_RM_RACK_75_UPRIGHT_08_00_MESH.001
09:08:28 | INFO: Primitives created: 1
09:08:28 | INFO: Extracting primitive: V04_RM_RACK_75_UPRIGHT_08_01_MESH.001
09:08:28 | INFO: Primitives created: 1
09:08:28 | INFO: Extracting primitive: V04_RM_RACK_75_UPRIGHT_08_02_MESH.001
09:08:28 | INFO: Primitives created: 1
09:08:28 | INFO: Extracting primitive: V04_RM_RACK_83_BEAM_00_MESH.001
09:08:28 | INFO: Primitives created: 1
09:08:28 | INFO: Extracting primitive: V04_RM_RACK_83_BEAM_01_MESH.001
09:08:28 | INFO: Primitives created: 1
09:08:28 | INFO: Extracting primitive: V04_RM_RACK_83_BEAM_02_MESH.001
09:08:28 | INFO: Primitives created: 1
09:08:28 | INFO: Extracting primitive: V04_RM_RACK_83_LOAD_00_00_MESH.001
09:08:28 | INFO: Primitives created: 1
09:08:28 | INFO: Extracting primitive: V04_RM_RACK_83_LOAD_00_01_MESH.001
09:08:28 | INFO: Primitives created: 1
09:08:28 | INFO: Extracting primitive: V04_RM_RACK_83_LOAD_00_02_MESH.001
09:08:28 | INFO: Primitives created: 1
09:08:28 | INFO: Extracting primitive: V04_RM_RACK_83_LOAD_01_00_MESH.001
09:08:28 | INFO: Primitives created: 1
09:08:28 | INFO: Extracting primitive: V04_RM_RACK_83_LOAD_01_01_MESH.001
09:08:28 | INFO: Primitives created: 1
09:08:28 | INFO: Extracting primitive: V04_RM_RACK_83_LOAD_01_02_MESH.001
09:08:28 | INFO: Primitives created: 1
09:08:28 | INFO: Extracting primitive: V04_RM_RACK_83_LOAD_02_00_MESH.001
09:08:28 | INFO: Primitives created: 1
09:08:28 | INFO: Extracting primitive: V04_RM_RACK_83_LOAD_02_01_MESH.001
09:08:28 | INFO: Primitives created: 1
09:08:28 | INFO: Extracting primitive: V04_RM_RACK_83_LOAD_02_02_MESH.001
09:08:28 | INFO: Primitives created: 1
09:08:28 | INFO: Extracting primitive: V04_RM_RACK_83_LOAD_03_00_MESH.001
09:08:28 | INFO: Primitives created: 1
09:08:28 | INFO: Extracting primitive: V04_RM_RACK_83_LOAD_03_01_MESH.001
09:08:28 | INFO: Primitives created: 1
09:08:28 | INFO: Extracting primitive: V04_RM_RACK_83_LOAD_03_02_MESH.001
09:08:28 | INFO: Primitives created: 1
09:08:28 | INFO: Extracting primitive: V04_RM_RACK_83_LOAD_04_00_MESH.001
09:08:28 | INFO: Primitives created: 1
09:08:28 | INFO: Extracting primitive: V04_RM_RACK_83_LOAD_04_01_MESH.001
09:08:28 | INFO: Primitives created: 1
09:08:28 | INFO: Extracting primitive: V04_RM_RACK_83_LOAD_04_02_MESH.001
09:08:28 | INFO: Primitives created: 1
09:08:28 | INFO: Extracting primitive: V04_RM_RACK_83_LOAD_05_00_MESH.001
09:08:28 | INFO: Primitives created: 1
09:08:28 | INFO: Extracting primitive: V04_RM_RACK_83_LOAD_05_01_MESH.001
09:08:28 | INFO: Primitives created: 1
09:08:28 | INFO: Extracting primitive: V04_RM_RACK_83_LOAD_05_02_MESH.001
09:08:28 | INFO: Primitives created: 1
09:08:28 | INFO: Extracting primitive: V04_RM_RACK_83_LOAD_06_00_MESH.001
09:08:28 | INFO: Primitives created: 1
09:08:28 | INFO: Extracting primitive: V04_RM_RACK_83_LOAD_06_01_MESH.001
09:08:28 | INFO: Primitives created: 1
09:08:28 | INFO: Extracting primitive: V04_RM_RACK_83_LOAD_06_02_MESH.001
09:08:28 | INFO: Primitives created: 1
09:08:28 | INFO: Extracting primitive: V04_RM_RACK_83_LOAD_07_00_MESH.001
09:08:28 | INFO: Primitives created: 1
09:08:28 | INFO: Extracting primitive: V04_RM_RACK_83_LOAD_07_01_MESH.001
09:08:28 | INFO: Primitives created: 1
09:08:28 | INFO: Extracting primitive: V04_RM_RACK_83_LOAD_07_02_MESH.001
09:08:28 | INFO: Primitives created: 1
09:08:28 | INFO: Extracting primitive: V04_RM_RACK_83_LOAD_08_00_MESH.001
09:08:28 | INFO: Primitives created: 1
09:08:28 | INFO: Extracting primitive: V04_RM_RACK_83_LOAD_08_01_MESH.001
09:08:28 | INFO: Primitives created: 1
09:08:28 | INFO: Extracting primitive: V04_RM_RACK_83_LOAD_08_02_MESH.001
09:08:28 | INFO: Primitives created: 1
09:08:28 | INFO: Extracting primitive: V04_RM_RACK_83_PALLET_00_00_MESH.001
09:08:28 | INFO: Primitives created: 1
09:08:28 | INFO: Extracting primitive: V04_RM_RACK_83_PALLET_00_01_MESH.001
09:08:28 | INFO: Primitives created: 1
09:08:28 | INFO: Extracting primitive: V04_RM_RACK_83_PALLET_00_02_MESH.001
09:08:28 | INFO: Primitives created: 1
09:08:28 | INFO: Extracting primitive: V04_RM_RACK_83_PALLET_01_00_MESH.001
09:08:28 | INFO: Primitives created: 1
09:08:28 | INFO: Extracting primitive: V04_RM_RACK_83_PALLET_01_01_MESH.001
09:08:28 | INFO: Primitives created: 1
09:08:28 | INFO: Extracting primitive: V04_RM_RACK_83_PALLET_01_02_MESH.001
09:08:28 | INFO: Primitives created: 1
09:08:28 | INFO: Extracting primitive: V04_RM_RACK_83_PALLET_02_00_MESH.001
09:08:28 | INFO: Primitives created: 1
09:08:28 | INFO: Extracting primitive: V04_RM_RACK_83_PALLET_02_01_MESH.001
09:08:28 | INFO: Primitives created: 1
09:08:28 | INFO: Extracting primitive: V04_RM_RACK_83_PALLET_02_02_MESH.001
09:08:28 | INFO: Primitives created: 1
09:08:28 | INFO: Extracting primitive: V04_RM_RACK_83_PALLET_03_00_MESH.001
09:08:28 | INFO: Primitives created: 1
09:08:28 | INFO: Extracting primitive: V04_RM_RACK_83_PALLET_03_01_MESH.001
09:08:28 | INFO: Primitives created: 1
09:08:28 | INFO: Extracting primitive: V04_RM_RACK_83_PALLET_03_02_MESH.001
09:08:28 | INFO: Primitives created: 1
09:08:28 | INFO: Extracting primitive: V04_RM_RACK_83_PALLET_04_00_MESH.001
09:08:28 | INFO: Primitives created: 1
09:08:28 | INFO: Extracting primitive: V04_RM_RACK_83_PALLET_04_01_MESH.001
09:08:28 | INFO: Primitives created: 1
09:08:28 | INFO: Extracting primitive: V04_RM_RACK_83_PALLET_04_02_MESH.001
09:08:28 | INFO: Primitives created: 1
09:08:28 | INFO: Extracting primitive: V04_RM_RACK_83_PALLET_05_00_MESH.001
09:08:28 | INFO: Primitives created: 1
09:08:28 | INFO: Extracting primitive: V04_RM_RACK_83_PALLET_05_01_MESH.001
09:08:28 | INFO: Primitives created: 1
09:08:28 | INFO: Extracting primitive: V04_RM_RACK_83_PALLET_05_02_MESH.001
09:08:28 | INFO: Primitives created: 1
09:08:28 | INFO: Extracting primitive: V04_RM_RACK_83_PALLET_06_00_MESH.001
09:08:28 | INFO: Primitives created: 1
09:08:28 | INFO: Extracting primitive: V04_RM_RACK_83_PALLET_06_01_MESH.001
09:08:28 | INFO: Primitives created: 1
09:08:28 | INFO: Extracting primitive: V04_RM_RACK_83_PALLET_06_02_MESH.001
09:08:28 | INFO: Primitives created: 1
09:08:28 | INFO: Extracting primitive: V04_RM_RACK_83_PALLET_07_00_MESH.001
09:08:28 | INFO: Primitives created: 1
09:08:28 | INFO: Extracting primitive: V04_RM_RACK_83_PALLET_07_01_MESH.001
09:08:28 | INFO: Primitives created: 1
09:08:28 | INFO: Extracting primitive: V04_RM_RACK_83_PALLET_07_02_MESH.001
09:08:28 | INFO: Primitives created: 1
09:08:28 | INFO: Extracting primitive: V04_RM_RACK_83_PALLET_08_00_MESH.001
09:08:28 | INFO: Primitives created: 1
09:08:28 | INFO: Extracting primitive: V04_RM_RACK_83_PALLET_08_01_MESH.001
09:08:28 | INFO: Primitives created: 1
09:08:28 | INFO: Extracting primitive: V04_RM_RACK_83_PALLET_08_02_MESH.001
09:08:28 | INFO: Primitives created: 1
09:08:28 | INFO: Extracting primitive: V04_RM_RACK_83_UPRIGHT_00_00_MESH.001
09:08:28 | INFO: Primitives created: 1
09:08:28 | INFO: Extracting primitive: V04_RM_RACK_83_UPRIGHT_00_01_MESH.001
09:08:28 | INFO: Primitives created: 1
09:08:28 | INFO: Extracting primitive: V04_RM_RACK_83_UPRIGHT_00_02_MESH.001
09:08:28 | INFO: Primitives created: 1
09:08:28 | INFO: Extracting primitive: V04_RM_RACK_83_UPRIGHT_01_00_MESH.001
09:08:28 | INFO: Primitives created: 1
09:08:28 | INFO: Extracting primitive: V04_RM_RACK_83_UPRIGHT_01_01_MESH.001
09:08:28 | INFO: Primitives created: 1
09:08:28 | INFO: Extracting primitive: V04_RM_RACK_83_UPRIGHT_01_02_MESH.001
09:08:28 | INFO: Primitives created: 1
09:08:28 | INFO: Extracting primitive: V04_RM_RACK_83_UPRIGHT_02_00_MESH.001
09:08:28 | INFO: Primitives created: 1
09:08:28 | INFO: Extracting primitive: V04_RM_RACK_83_UPRIGHT_02_01_MESH.001
09:08:28 | INFO: Primitives created: 1
09:08:28 | INFO: Extracting primitive: V04_RM_RACK_83_UPRIGHT_02_02_MESH.001
09:08:29 | INFO: Primitives created: 1
09:08:29 | INFO: Extracting primitive: V04_RM_RACK_83_UPRIGHT_03_00_MESH.001
09:08:29 | INFO: Primitives created: 1
09:08:29 | INFO: Extracting primitive: V04_RM_RACK_83_UPRIGHT_03_01_MESH.001
09:08:29 | INFO: Primitives created: 1
09:08:29 | INFO: Extracting primitive: V04_RM_RACK_83_UPRIGHT_03_02_MESH.001
09:08:29 | INFO: Primitives created: 1
09:08:29 | INFO: Extracting primitive: V04_RM_RACK_83_UPRIGHT_04_00_MESH.001
09:08:29 | INFO: Primitives created: 1
09:08:29 | INFO: Extracting primitive: V04_RM_RACK_83_UPRIGHT_04_01_MESH.001
09:08:29 | INFO: Primitives created: 1
09:08:29 | INFO: Extracting primitive: V04_RM_RACK_83_UPRIGHT_04_02_MESH.001
09:08:29 | INFO: Primitives created: 1
09:08:29 | INFO: Extracting primitive: V04_RM_RACK_83_UPRIGHT_05_00_MESH.001
09:08:29 | INFO: Primitives created: 1
09:08:29 | INFO: Extracting primitive: V04_RM_RACK_83_UPRIGHT_05_01_MESH.001
09:08:29 | INFO: Primitives created: 1
09:08:29 | INFO: Extracting primitive: V04_RM_RACK_83_UPRIGHT_05_02_MESH.001
09:08:29 | INFO: Primitives created: 1
09:08:29 | INFO: Extracting primitive: V04_RM_RACK_83_UPRIGHT_06_00_MESH.001
09:08:29 | INFO: Primitives created: 1
09:08:29 | INFO: Extracting primitive: V04_RM_RACK_83_UPRIGHT_06_01_MESH.001
09:08:29 | INFO: Primitives created: 1
09:08:29 | INFO: Extracting primitive: V04_RM_RACK_83_UPRIGHT_06_02_MESH.001
09:08:29 | INFO: Primitives created: 1
09:08:29 | INFO: Extracting primitive: V04_RM_RACK_83_UPRIGHT_07_00_MESH.001
09:08:29 | INFO: Primitives created: 1
09:08:29 | INFO: Extracting primitive: V04_RM_RACK_83_UPRIGHT_07_01_MESH.001
09:08:29 | INFO: Primitives created: 1
09:08:29 | INFO: Extracting primitive: V04_RM_RACK_83_UPRIGHT_07_02_MESH.001
09:08:29 | INFO: Primitives created: 1
09:08:29 | INFO: Extracting primitive: V04_RM_RACK_83_UPRIGHT_08_00_MESH.001
09:08:29 | INFO: Primitives created: 1
09:08:29 | INFO: Extracting primitive: V04_RM_RACK_83_UPRIGHT_08_01_MESH.001
09:08:29 | INFO: Primitives created: 1
09:08:29 | INFO: Extracting primitive: V04_RM_RACK_83_UPRIGHT_08_02_MESH.001
09:08:29 | INFO: Primitives created: 1
09:08:29 | INFO: Extracting primitive: V04_RM_RACK_91_BEAM_00_MESH.001
09:08:29 | INFO: Primitives created: 1
09:08:29 | INFO: Extracting primitive: V04_RM_RACK_91_BEAM_01_MESH.001
09:08:29 | INFO: Primitives created: 1
09:08:29 | INFO: Extracting primitive: V04_RM_RACK_91_BEAM_02_MESH.001
09:08:29 | INFO: Primitives created: 1
09:08:29 | INFO: Extracting primitive: V04_RM_RACK_91_LOAD_00_00_MESH.001
09:08:29 | INFO: Primitives created: 1
09:08:29 | INFO: Extracting primitive: V04_RM_RACK_91_LOAD_00_01_MESH.001
09:08:29 | INFO: Primitives created: 1
09:08:29 | INFO: Extracting primitive: V04_RM_RACK_91_LOAD_00_02_MESH.001
09:08:29 | INFO: Primitives created: 1
09:08:29 | INFO: Extracting primitive: V04_RM_RACK_91_LOAD_01_00_MESH.001
09:08:29 | INFO: Primitives created: 1
09:08:29 | INFO: Extracting primitive: V04_RM_RACK_91_LOAD_01_01_MESH.001
09:08:29 | INFO: Primitives created: 1
09:08:29 | INFO: Extracting primitive: V04_RM_RACK_91_LOAD_01_02_MESH.001
09:08:29 | INFO: Primitives created: 1
09:08:29 | INFO: Extracting primitive: V04_RM_RACK_91_LOAD_02_00_MESH.001
09:08:29 | INFO: Primitives created: 1
09:08:29 | INFO: Extracting primitive: V04_RM_RACK_91_LOAD_02_01_MESH.001
09:08:29 | INFO: Primitives created: 1
09:08:29 | INFO: Extracting primitive: V04_RM_RACK_91_LOAD_02_02_MESH.001
09:08:29 | INFO: Primitives created: 1
09:08:29 | INFO: Extracting primitive: V04_RM_RACK_91_LOAD_03_00_MESH.001
09:08:29 | INFO: Primitives created: 1
09:08:29 | INFO: Extracting primitive: V04_RM_RACK_91_LOAD_03_01_MESH.001
09:08:29 | INFO: Primitives created: 1
09:08:29 | INFO: Extracting primitive: V04_RM_RACK_91_LOAD_03_02_MESH.001
09:08:29 | INFO: Primitives created: 1
09:08:29 | INFO: Extracting primitive: V04_RM_RACK_91_LOAD_04_00_MESH.001
09:08:29 | INFO: Primitives created: 1
09:08:29 | INFO: Extracting primitive: V04_RM_RACK_91_LOAD_04_01_MESH.001
09:08:29 | INFO: Primitives created: 1
09:08:29 | INFO: Extracting primitive: V04_RM_RACK_91_LOAD_04_02_MESH.001
09:08:29 | INFO: Primitives created: 1
09:08:29 | INFO: Extracting primitive: V04_RM_RACK_91_LOAD_05_00_MESH.001
09:08:29 | INFO: Primitives created: 1
09:08:29 | INFO: Extracting primitive: V04_RM_RACK_91_LOAD_05_01_MESH.001
09:08:29 | INFO: Primitives created: 1
09:08:29 | INFO: Extracting primitive: V04_RM_RACK_91_LOAD_05_02_MESH.001
09:08:29 | INFO: Primitives created: 1
09:08:29 | INFO: Extracting primitive: V04_RM_RACK_91_LOAD_06_00_MESH.001
09:08:29 | INFO: Primitives created: 1
09:08:29 | INFO: Extracting primitive: V04_RM_RACK_91_LOAD_06_01_MESH.001
09:08:29 | INFO: Primitives created: 1
09:08:29 | INFO: Extracting primitive: V04_RM_RACK_91_LOAD_06_02_MESH.001
09:08:29 | INFO: Primitives created: 1
09:08:29 | INFO: Extracting primitive: V04_RM_RACK_91_LOAD_07_00_MESH.001
09:08:29 | INFO: Primitives created: 1
09:08:29 | INFO: Extracting primitive: V04_RM_RACK_91_LOAD_07_01_MESH.001
09:08:29 | INFO: Primitives created: 1
09:08:29 | INFO: Extracting primitive: V04_RM_RACK_91_LOAD_07_02_MESH.001
09:08:29 | INFO: Primitives created: 1
09:08:29 | INFO: Extracting primitive: V04_RM_RACK_91_LOAD_08_00_MESH.001
09:08:29 | INFO: Primitives created: 1
09:08:29 | INFO: Extracting primitive: V04_RM_RACK_91_LOAD_08_01_MESH.001
09:08:29 | INFO: Primitives created: 1
09:08:29 | INFO: Extracting primitive: V04_RM_RACK_91_LOAD_08_02_MESH.001
09:08:29 | INFO: Primitives created: 1
09:08:29 | INFO: Extracting primitive: V04_RM_RACK_91_PALLET_00_00_MESH.001
09:08:29 | INFO: Primitives created: 1
09:08:29 | INFO: Extracting primitive: V04_RM_RACK_91_PALLET_00_01_MESH.001
09:08:29 | INFO: Primitives created: 1
09:08:29 | INFO: Extracting primitive: V04_RM_RACK_91_PALLET_00_02_MESH.001
09:08:29 | INFO: Primitives created: 1
09:08:29 | INFO: Extracting primitive: V04_RM_RACK_91_PALLET_01_00_MESH.001
09:08:29 | INFO: Primitives created: 1
09:08:29 | INFO: Extracting primitive: V04_RM_RACK_91_PALLET_01_01_MESH.001
09:08:29 | INFO: Primitives created: 1
09:08:29 | INFO: Extracting primitive: V04_RM_RACK_91_PALLET_01_02_MESH.001
09:08:29 | INFO: Primitives created: 1
09:08:29 | INFO: Extracting primitive: V04_RM_RACK_91_PALLET_02_00_MESH.001
09:08:29 | INFO: Primitives created: 1
09:08:29 | INFO: Extracting primitive: V04_RM_RACK_91_PALLET_02_01_MESH.001
09:08:29 | INFO: Primitives created: 1
09:08:29 | INFO: Extracting primitive: V04_RM_RACK_91_PALLET_02_02_MESH.001
09:08:29 | INFO: Primitives created: 1
09:08:29 | INFO: Extracting primitive: V04_RM_RACK_91_PALLET_03_00_MESH.001
09:08:29 | INFO: Primitives created: 1
09:08:29 | INFO: Extracting primitive: V04_RM_RACK_91_PALLET_03_01_MESH.001
09:08:29 | INFO: Primitives created: 1
09:08:29 | INFO: Extracting primitive: V04_RM_RACK_91_PALLET_03_02_MESH.001
09:08:29 | INFO: Primitives created: 1
09:08:29 | INFO: Extracting primitive: V04_RM_RACK_91_PALLET_04_00_MESH.001
09:08:29 | INFO: Primitives created: 1
09:08:29 | INFO: Extracting primitive: V04_RM_RACK_91_PALLET_04_01_MESH.001
09:08:29 | INFO: Primitives created: 1
09:08:29 | INFO: Extracting primitive: V04_RM_RACK_91_PALLET_04_02_MESH.001
09:08:29 | INFO: Primitives created: 1
09:08:29 | INFO: Extracting primitive: V04_RM_RACK_91_PALLET_05_00_MESH.001
09:08:29 | INFO: Primitives created: 1
09:08:29 | INFO: Extracting primitive: V04_RM_RACK_91_PALLET_05_01_MESH.001
09:08:29 | INFO: Primitives created: 1
09:08:29 | INFO: Extracting primitive: V04_RM_RACK_91_PALLET_05_02_MESH.001
09:08:29 | INFO: Primitives created: 1
09:08:29 | INFO: Extracting primitive: V04_RM_RACK_91_PALLET_06_00_MESH.001
09:08:29 | INFO: Primitives created: 1
09:08:29 | INFO: Extracting primitive: V04_RM_RACK_91_PALLET_06_01_MESH.001
09:08:29 | INFO: Primitives created: 1
09:08:29 | INFO: Extracting primitive: V04_RM_RACK_91_PALLET_06_02_MESH.001
09:08:29 | INFO: Primitives created: 1
09:08:29 | INFO: Extracting primitive: V04_RM_RACK_91_PALLET_07_00_MESH.001
09:08:29 | INFO: Primitives created: 1
09:08:29 | INFO: Extracting primitive: V04_RM_RACK_91_PALLET_07_01_MESH.001
09:08:29 | INFO: Primitives created: 1
09:08:29 | INFO: Extracting primitive: V04_RM_RACK_91_PALLET_07_02_MESH.001
09:08:29 | INFO: Primitives created: 1
09:08:29 | INFO: Extracting primitive: V04_RM_RACK_91_PALLET_08_00_MESH.001
09:08:29 | INFO: Primitives created: 1
09:08:29 | INFO: Extracting primitive: V04_RM_RACK_91_PALLET_08_01_MESH.001
09:08:29 | INFO: Primitives created: 1
09:08:29 | INFO: Extracting primitive: V04_RM_RACK_91_PALLET_08_02_MESH.001
09:08:29 | INFO: Primitives created: 1
09:08:29 | INFO: Extracting primitive: V04_RM_RACK_91_UPRIGHT_00_00_MESH.001
09:08:29 | INFO: Primitives created: 1
09:08:29 | INFO: Extracting primitive: V04_RM_RACK_91_UPRIGHT_00_01_MESH.001
09:08:29 | INFO: Primitives created: 1
09:08:29 | INFO: Extracting primitive: V04_RM_RACK_91_UPRIGHT_00_02_MESH.001
09:08:29 | INFO: Primitives created: 1
09:08:29 | INFO: Extracting primitive: V04_RM_RACK_91_UPRIGHT_01_00_MESH.001
09:08:29 | INFO: Primitives created: 1
09:08:29 | INFO: Extracting primitive: V04_RM_RACK_91_UPRIGHT_01_01_MESH.001
09:08:29 | INFO: Primitives created: 1
09:08:29 | INFO: Extracting primitive: V04_RM_RACK_91_UPRIGHT_01_02_MESH.001
09:08:29 | INFO: Primitives created: 1
09:08:29 | INFO: Extracting primitive: V04_RM_RACK_91_UPRIGHT_02_00_MESH.001
09:08:29 | INFO: Primitives created: 1
09:08:29 | INFO: Extracting primitive: V04_RM_RACK_91_UPRIGHT_02_01_MESH.001
09:08:29 | INFO: Primitives created: 1
09:08:29 | INFO: Extracting primitive: V04_RM_RACK_91_UPRIGHT_02_02_MESH.001
09:08:29 | INFO: Primitives created: 1
09:08:29 | INFO: Extracting primitive: V04_RM_RACK_91_UPRIGHT_03_00_MESH.001
09:08:29 | INFO: Primitives created: 1
09:08:29 | INFO: Extracting primitive: V04_RM_RACK_91_UPRIGHT_03_01_MESH.001
09:08:29 | INFO: Primitives created: 1
09:08:29 | INFO: Extracting primitive: V04_RM_RACK_91_UPRIGHT_03_02_MESH.001
09:08:29 | INFO: Primitives created: 1
09:08:29 | INFO: Extracting primitive: V04_RM_RACK_91_UPRIGHT_04_00_MESH.001
09:08:29 | INFO: Primitives created: 1
09:08:29 | INFO: Extracting primitive: V04_RM_RACK_91_UPRIGHT_04_01_MESH.001
09:08:29 | INFO: Primitives created: 1
09:08:29 | INFO: Extracting primitive: V04_RM_RACK_91_UPRIGHT_04_02_MESH.001
09:08:29 | INFO: Primitives created: 1
09:08:29 | INFO: Extracting primitive: V04_RM_RACK_91_UPRIGHT_05_00_MESH.001
09:08:29 | INFO: Primitives created: 1
09:08:29 | INFO: Extracting primitive: V04_RM_RACK_91_UPRIGHT_05_01_MESH.001
09:08:29 | INFO: Primitives created: 1
09:08:29 | INFO: Extracting primitive: V04_RM_RACK_91_UPRIGHT_05_02_MESH.001
09:08:29 | INFO: Primitives created: 1
09:08:29 | INFO: Extracting primitive: V04_RM_RACK_91_UPRIGHT_06_00_MESH.001
09:08:29 | INFO: Primitives created: 1
09:08:29 | INFO: Extracting primitive: V04_RM_RACK_91_UPRIGHT_06_01_MESH.001
09:08:29 | INFO: Primitives created: 1
09:08:29 | INFO: Extracting primitive: V04_RM_RACK_91_UPRIGHT_06_02_MESH.001
09:08:29 | INFO: Primitives created: 1
09:08:29 | INFO: Extracting primitive: V04_RM_RACK_91_UPRIGHT_07_00_MESH.001
09:08:29 | INFO: Primitives created: 1
09:08:29 | INFO: Extracting primitive: V04_RM_RACK_91_UPRIGHT_07_01_MESH.001
09:08:29 | INFO: Primitives created: 1
09:08:29 | INFO: Extracting primitive: V04_RM_RACK_91_UPRIGHT_07_02_MESH.001
09:08:29 | INFO: Primitives created: 1
09:08:29 | INFO: Extracting primitive: V04_RM_RACK_91_UPRIGHT_08_00_MESH.001
09:08:29 | INFO: Primitives created: 1
09:08:29 | INFO: Extracting primitive: V04_RM_RACK_91_UPRIGHT_08_01_MESH.001
09:08:29 | INFO: Primitives created: 1
09:08:29 | INFO: Extracting primitive: V04_RM_RACK_91_UPRIGHT_08_02_MESH.001
09:08:29 | INFO: Primitives created: 1
09:08:29 | INFO: Extracting primitive: V04_RM_RECEIVING_DOCK_MESH.001
09:08:29 | INFO: Primitives created: 1
09:08:29 | INFO: Extracting primitive: V04_RM_RECEIVING_PALLET_00_MESH.001
09:08:29 | INFO: Primitives created: 1
09:08:29 | INFO: Extracting primitive: V04_RM_RECEIVING_PALLET_01_MESH.001
09:08:29 | INFO: Primitives created: 1
09:08:29 | INFO: Extracting primitive: V04_RM_RECEIVING_PALLET_02_MESH.001
09:08:29 | INFO: Primitives created: 1
09:08:29 | INFO: Extracting primitive: V04_RM_RECEIVING_PALLET_03_MESH.001
09:08:29 | INFO: Primitives created: 1
09:08:29 | INFO: Extracting primitive: V04_RM_RECEIVING_PALLET_04_MESH.001
09:08:29 | INFO: Primitives created: 1
09:08:29 | INFO: Extracting primitive: V04_RM_RECEIVING_PALLET_05_MESH.001
09:08:29 | INFO: Primitives created: 1
09:08:29 | INFO: Extracting primitive: V04_RM_RECEIVING_SACK_00_MESH.001
09:08:29 | INFO: Primitives created: 1
09:08:29 | INFO: Extracting primitive: V04_RM_RECEIVING_SACK_01_MESH.001
09:08:29 | INFO: Primitives created: 1
09:08:29 | INFO: Extracting primitive: V04_RM_RECEIVING_SACK_02_MESH.001
09:08:29 | INFO: Primitives created: 1
09:08:29 | INFO: Extracting primitive: V04_RM_RECEIVING_SACK_03_MESH.001
09:08:29 | INFO: Primitives created: 1
09:08:29 | INFO: Extracting primitive: V04_RM_RECEIVING_SACK_04_MESH.001
09:08:29 | INFO: Primitives created: 1
09:08:29 | INFO: Extracting primitive: V04_RM_RECEIVING_SACK_05_MESH.001
09:08:29 | INFO: Primitives created: 1
09:08:29 | INFO: Extracting primitive: V04_RM_RIGHT_MESH.001
09:08:29 | INFO: Primitives created: 1
09:08:29 | INFO: Extracting primitive: V04_RM_SAMPLING_BOOTH_MESH.001
09:08:29 | INFO: Primitives created: 1
09:08:29 | INFO: Extracting primitive: V04_UTIL_BACK_MESH.001
09:08:29 | INFO: Primitives created: 1
09:08:29 | INFO: Extracting primitive: V04_UTIL_BOILER_MESH.001
09:08:29 | INFO: Primitives created: 1
09:08:29 | INFO: Extracting primitive: V04_UTIL_COMPRESSOR_MESH.001
09:08:29 | INFO: Primitives created: 1
09:08:29 | INFO: Extracting primitive: V04_UTIL_COMPRESSOR_SKID_MESH.001
09:08:29 | INFO: Primitives created: 1
09:08:29 | INFO: Extracting primitive: V04_UTIL_FLOOR_MESH.001
09:08:29 | INFO: Primitives created: 1
09:08:29 | INFO: Extracting primitive: V04_UTIL_LEFT_MESH.001
09:08:29 | INFO: Primitives created: 1
09:08:29 | INFO: Extracting primitive: V04_UTIL_LIGHT_00_BODY_MESH.001
09:08:29 | INFO: Primitives created: 1
09:08:29 | INFO: Extracting primitive: V04_UTIL_LIGHT_00_GLOW_MESH.001
09:08:29 | INFO: Primitives created: 1
09:08:29 | INFO: Extracting primitive: V04_UTIL_LIGHT_01_BODY_MESH.001
09:08:29 | INFO: Primitives created: 1
09:08:29 | INFO: Extracting primitive: V04_UTIL_LIGHT_01_GLOW_MESH.001
09:08:29 | INFO: Primitives created: 1
09:08:29 | INFO: Extracting primitive: V04_UTIL_LIGHT_02_BODY_MESH.001
09:08:29 | INFO: Primitives created: 1
09:08:29 | INFO: Extracting primitive: V04_UTIL_LIGHT_02_GLOW_MESH.001
09:08:29 | INFO: Primitives created: 1
09:08:29 | INFO: Extracting primitive: V04_UTIL_LIGHT_03_BODY_MESH.001
09:08:29 | INFO: Primitives created: 1
09:08:29 | INFO: Extracting primitive: V04_UTIL_LIGHT_03_GLOW_MESH.001
09:08:29 | INFO: Primitives created: 1
09:08:29 | INFO: Extracting primitive: V04_UTIL_LIGHT_04_BODY_MESH.001
09:08:29 | INFO: Primitives created: 1
09:08:29 | INFO: Extracting primitive: V04_UTIL_LIGHT_04_GLOW_MESH.001
09:08:29 | INFO: Primitives created: 1
09:08:29 | INFO: Extracting primitive: V04_UTIL_MAINT_BENCH_MESH.001
09:08:29 | INFO: Primitives created: 1
09:08:29 | INFO: Extracting primitive: V04_UTIL_MANIFOLD_00_MESH.001
09:08:29 | INFO: Primitives created: 1
09:08:29 | INFO: Extracting primitive: V04_UTIL_MANIFOLD_01_MESH.001
09:08:29 | INFO: Primitives created: 1
09:08:29 | INFO: Extracting primitive: V04_UTIL_MANIFOLD_02_MESH.001
09:08:29 | INFO: Primitives created: 1
09:08:29 | INFO: Extracting primitive: V04_UTIL_MANIFOLD_03_MESH.001
09:08:29 | INFO: Primitives created: 1
09:08:29 | INFO: Extracting primitive: V04_UTIL_RIGHT_MESH.001
09:08:29 | INFO: Primitives created: 1
09:08:29 | INFO: Extracting primitive: V04_UTIL_RO_COLUMN_00_MESH.001
09:08:29 | INFO: Primitives created: 1
09:08:29 | INFO: Extracting primitive: V04_UTIL_RO_COLUMN_01_MESH.001
09:08:29 | INFO: Primitives created: 1
09:08:29 | INFO: Extracting primitive: V04_UTIL_RO_COLUMN_02_MESH.001
09:08:29 | INFO: Primitives created: 1
09:08:29 | INFO: Extracting primitive: V04_UTIL_RO_SKID_MESH.001
09:08:29 | INFO: Primitives created: 1
09:08:29 | INFO: Extracting primitive: V04_UTIL_STEAM_HEADER_MESH.001
09:08:29 | INFO: Primitives created: 1
09:08:29 | INFO: Extracting primitive: V04_UTIL_TOOL_00_MESH.001
09:08:29 | INFO: Primitives created: 1
09:08:29 | INFO: Extracting primitive: V04_UTIL_TOOL_01_MESH.001
09:08:29 | INFO: Primitives created: 1
09:08:29 | INFO: Extracting primitive: V04_UTIL_TOOL_02_MESH.001
09:08:29 | INFO: Primitives created: 1
09:08:29 | INFO: Extracting primitive: V04_UTIL_TOOL_03_MESH.001
09:08:29 | INFO: Primitives created: 1
09:08:29 | INFO: Extracting primitive: V04_UTIL_TOOL_04_MESH.001
09:08:29 | INFO: Primitives created: 1
09:08:29 | INFO: Extracting primitive: V04_WIPES_BACK_MESH.001
09:08:29 | INFO: Primitives created: 1
09:08:29 | INFO: Extracting primitive: V04_WIPES_FLOOR_MESH.001
09:08:29 | INFO: Primitives created: 1
09:08:29 | INFO: Extracting primitive: V04_WIPES_FOLDING_BLADE_00_MESH.001
09:08:29 | INFO: Primitives created: 1
09:08:29 | INFO: Extracting primitive: V04_WIPES_FOLDING_BLADE_01_MESH.001
09:08:29 | INFO: Primitives created: 1
09:08:29 | INFO: Extracting primitive: V04_WIPES_FOLDING_BLADE_02_MESH.001
09:08:29 | INFO: Primitives created: 1
09:08:29 | INFO: Extracting primitive: V04_WIPES_FOLDING_PLOW_FRAME_MESH.001
09:08:29 | INFO: Primitives created: 1
09:08:29 | INFO: Extracting primitive: V04_WIPES_LEFT_MESH.001
09:08:29 | INFO: Primitives created: 1
09:08:29 | INFO: Extracting primitive: V04_WIPES_LIGHT_00_BODY_MESH.001
09:08:29 | INFO: Primitives created: 1
09:08:29 | INFO: Extracting primitive: V04_WIPES_LIGHT_00_GLOW_MESH.001
09:08:29 | INFO: Primitives created: 1
09:08:29 | INFO: Extracting primitive: V04_WIPES_LIGHT_01_BODY_MESH.001
09:08:29 | INFO: Primitives created: 1
09:08:29 | INFO: Extracting primitive: V04_WIPES_LIGHT_01_GLOW_MESH.001
09:08:29 | INFO: Primitives created: 1
09:08:29 | INFO: Extracting primitive: V04_WIPES_LIGHT_02_BODY_MESH.001
09:08:29 | INFO: Primitives created: 1
09:08:29 | INFO: Extracting primitive: V04_WIPES_LIGHT_02_GLOW_MESH.001
09:08:29 | INFO: Primitives created: 1
09:08:29 | INFO: Extracting primitive: V04_WIPES_LIGHT_03_BODY_MESH.001
09:08:29 | INFO: Primitives created: 1
09:08:29 | INFO: Extracting primitive: V04_WIPES_LIGHT_03_GLOW_MESH.001
09:08:29 | INFO: Primitives created: 1
09:08:29 | INFO: Extracting primitive: V04_WIPES_LIGHT_04_BODY_MESH.001
09:08:29 | INFO: Primitives created: 1
09:08:29 | INFO: Extracting primitive: V04_WIPES_LIGHT_04_GLOW_MESH.001
09:08:29 | INFO: Primitives created: 1
09:08:29 | INFO: Extracting primitive: V04_WIPES_LIGHT_05_BODY_MESH.001
09:08:29 | INFO: Primitives created: 1
09:08:29 | INFO: Extracting primitive: V04_WIPES_LIGHT_05_GLOW_MESH.001
09:08:29 | INFO: Primitives created: 1
09:08:29 | INFO: Extracting primitive: V04_WIPES_POUCH_FILM_PATH_MESH.001
09:08:29 | INFO: Primitives created: 1
09:08:29 | INFO: Extracting primitive: V04_WIPES_RIGHT_MESH.001
09:08:29 | INFO: Primitives created: 1
09:08:29 | INFO: Extracting primitive: V04_WIPES_SEALING_JAWS_MESH.001
09:08:29 | INFO: Primitives created: 1
09:08:29 | INFO: Extracting primitive: V04_WIPES_WEB_GUIDE_00_MESH.001
09:08:29 | INFO: Primitives created: 1
09:08:29 | INFO: Extracting primitive: V04_WIPES_WEB_GUIDE_01_MESH.001
09:08:29 | INFO: Primitives created: 1
09:08:29 | INFO: Extracting primitive: V04_WIPES_WEB_GUIDE_02_MESH.001
09:08:29 | INFO: Primitives created: 1
09:08:29 | INFO: Extracting primitive: V04_WIPES_WEB_GUIDE_03_MESH.001
09:08:29 | INFO: Primitives created: 1
09:08:29 | INFO: Extracting primitive: V04_WIPES_WEB_GUIDE_04_MESH.001
09:08:29 | INFO: Primitives created: 1
09:08:29 | INFO: Extracting primitive: V04_WIPES_WEB_GUIDE_05_MESH.001
09:08:29 | INFO: Primitives created: 1
09:08:29 | INFO: Extracting primitive: V04_WIPES_WEB_TABLE_MESH.001
09:08:29 | INFO: Primitives created: 1
09:08:29 | INFO: Extracting primitive: V05_ADMIN_BACK_MESH
09:08:29 | INFO: Primitives created: 1
09:08:29 | INFO: Extracting primitive: V05_ADMIN_DOOR_HEADER_MESH
09:08:29 | INFO: Primitives created: 1
09:08:29 | INFO: Extracting primitive: V05_ADMIN_DOOR_L_MESH
09:08:29 | INFO: Primitives created: 1
09:08:29 | INFO: Extracting primitive: V05_ADMIN_DOOR_R_MESH
09:08:29 | INFO: Primitives created: 1
09:08:29 | INFO: Extracting primitive: V05_ADMIN_FLOOR_MESH
09:08:29 | INFO: Primitives created: 1
09:08:29 | INFO: Extracting primitive: V05_ADMIN_LAB_PARTITION_PANEL_MESH
09:08:29 | INFO: Primitives created: 1
09:08:29 | INFO: Extracting primitive: V05_ADMIN_LAB_PARTITION_POST_MESH
09:08:29 | INFO: Primitives created: 1
09:08:29 | INFO: Extracting primitive: V05_ADMIN_LAB_STORAGE_BEAM_0_MESH
09:08:29 | INFO: Primitives created: 1
09:08:29 | INFO: Extracting primitive: V05_ADMIN_LAB_STORAGE_BEAM_1_MESH
09:08:29 | INFO: Primitives created: 1
09:08:29 | INFO: Extracting primitive: V05_ADMIN_LAB_STORAGE_LOAD_0_0_MESH
09:08:29 | INFO: Primitives created: 1
09:08:29 | INFO: Extracting primitive: V05_ADMIN_LAB_STORAGE_LOAD_0_1_MESH
09:08:29 | INFO: Primitives created: 1
09:08:29 | INFO: Extracting primitive: V05_ADMIN_LAB_STORAGE_LOAD_1_0_MESH
09:08:29 | INFO: Primitives created: 1
09:08:29 | INFO: Extracting primitive: V05_ADMIN_LAB_STORAGE_LOAD_1_1_MESH
09:08:29 | INFO: Primitives created: 1
09:08:29 | INFO: Extracting primitive: V05_ADMIN_LAB_STORAGE_LOAD_2_0_MESH
09:08:29 | INFO: Primitives created: 1
09:08:29 | INFO: Extracting primitive: V05_ADMIN_LAB_STORAGE_LOAD_2_1_MESH
09:08:29 | INFO: Primitives created: 1
09:08:29 | INFO: Extracting primitive: V05_ADMIN_LAB_STORAGE_LOAD_3_0_MESH
09:08:29 | INFO: Primitives created: 1
09:08:29 | INFO: Extracting primitive: V05_ADMIN_LAB_STORAGE_LOAD_3_1_MESH
09:08:29 | INFO: Primitives created: 1
09:08:29 | INFO: Extracting primitive: V05_ADMIN_LAB_STORAGE_PALLET_0_0_MESH
09:08:29 | INFO: Primitives created: 1
09:08:29 | INFO: Extracting primitive: V05_ADMIN_LAB_STORAGE_PALLET_0_1_MESH
09:08:29 | INFO: Primitives created: 1
09:08:29 | INFO: Extracting primitive: V05_ADMIN_LAB_STORAGE_PALLET_1_0_MESH
09:08:29 | INFO: Primitives created: 1
09:08:29 | INFO: Extracting primitive: V05_ADMIN_LAB_STORAGE_PALLET_1_1_MESH
09:08:29 | INFO: Primitives created: 1
09:08:29 | INFO: Extracting primitive: V05_ADMIN_LAB_STORAGE_PALLET_2_0_MESH
09:08:29 | INFO: Primitives created: 1
09:08:29 | INFO: Extracting primitive: V05_ADMIN_LAB_STORAGE_PALLET_2_1_MESH
09:08:29 | INFO: Primitives created: 1
09:08:29 | INFO: Extracting primitive: V05_ADMIN_LAB_STORAGE_PALLET_3_0_MESH
09:08:29 | INFO: Primitives created: 1
09:08:29 | INFO: Extracting primitive: V05_ADMIN_LAB_STORAGE_PALLET_3_1_MESH
09:08:29 | INFO: Primitives created: 1
09:08:29 | INFO: Extracting primitive: V05_ADMIN_LAB_STORAGE_UPRIGHT_0_0_MESH
09:08:29 | INFO: Primitives created: 1
09:08:29 | INFO: Extracting primitive: V05_ADMIN_LAB_STORAGE_UPRIGHT_0_1_MESH
09:08:29 | INFO: Primitives created: 1
09:08:29 | INFO: Extracting primitive: V05_ADMIN_LAB_STORAGE_UPRIGHT_1_0_MESH
09:08:29 | INFO: Primitives created: 1
09:08:29 | INFO: Extracting primitive: V05_ADMIN_LAB_STORAGE_UPRIGHT_1_1_MESH
09:08:29 | INFO: Primitives created: 1
09:08:29 | INFO: Extracting primitive: V05_ADMIN_LAB_STORAGE_UPRIGHT_2_0_MESH
09:08:29 | INFO: Primitives created: 1
09:08:29 | INFO: Extracting primitive: V05_ADMIN_LAB_STORAGE_UPRIGHT_2_1_MESH
09:08:29 | INFO: Primitives created: 1
09:08:29 | INFO: Extracting primitive: V05_ADMIN_LAB_STORAGE_UPRIGHT_3_0_MESH
09:08:29 | INFO: Primitives created: 1
09:08:29 | INFO: Extracting primitive: V05_ADMIN_LAB_STORAGE_UPRIGHT_3_1_MESH
09:08:29 | INFO: Primitives created: 1
09:08:29 | INFO: Extracting primitive: V05_ADMIN_LEFT_MESH
09:08:29 | INFO: Primitives created: 1
09:08:29 | INFO: Extracting primitive: V05_ADMIN_LIGHT_0_FIXTURE_MESH
09:08:29 | INFO: Primitives created: 1
09:08:29 | INFO: Extracting primitive: V05_ADMIN_LIGHT_0_GLOW_MESH
09:08:29 | INFO: Primitives created: 1
09:08:29 | INFO: Extracting primitive: V05_ADMIN_LIGHT_1_FIXTURE_MESH
09:08:29 | INFO: Primitives created: 1
09:08:29 | INFO: Extracting primitive: V05_ADMIN_LIGHT_1_GLOW_MESH
09:08:29 | INFO: Primitives created: 1
09:08:29 | INFO: Extracting primitive: V05_ADMIN_LIGHT_2_FIXTURE_MESH
09:08:29 | INFO: Primitives created: 1
09:08:29 | INFO: Extracting primitive: V05_ADMIN_LIGHT_2_GLOW_MESH
09:08:29 | INFO: Primitives created: 1
09:08:29 | INFO: Extracting primitive: V05_ADMIN_LIGHT_3_FIXTURE_MESH
09:08:29 | INFO: Primitives created: 1
09:08:29 | INFO: Extracting primitive: V05_ADMIN_LIGHT_3_GLOW_MESH
09:08:29 | INFO: Primitives created: 1
09:08:29 | INFO: Extracting primitive: V05_ADMIN_LIGHT_4_FIXTURE_MESH
09:08:29 | INFO: Primitives created: 1
09:08:29 | INFO: Extracting primitive: V05_ADMIN_LIGHT_4_GLOW_MESH
09:08:29 | INFO: Primitives created: 1
09:08:29 | INFO: Extracting primitive: V05_ADMIN_MEETING_CHAIR_0_MESH
09:08:29 | INFO: Primitives created: 1
09:08:29 | INFO: Extracting primitive: V05_ADMIN_MEETING_CHAIR_1_MESH
09:08:29 | INFO: Primitives created: 1
09:08:29 | INFO: Extracting primitive: V05_ADMIN_MEETING_CHAIR_2_MESH
09:08:29 | INFO: Primitives created: 1
09:08:29 | INFO: Extracting primitive: V05_ADMIN_MEETING_CHAIR_3_MESH
09:08:29 | INFO: Primitives created: 1
09:08:29 | INFO: Extracting primitive: V05_ADMIN_MEETING_CHAIR_4_MESH
09:08:29 | INFO: Primitives created: 1
09:08:29 | INFO: Extracting primitive: V05_ADMIN_MEETING_CHAIR_5_MESH
09:08:29 | INFO: Primitives created: 1
09:08:29 | INFO: Extracting primitive: V05_ADMIN_MEETING_CHAIR_6_MESH
09:08:29 | INFO: Primitives created: 1
09:08:29 | INFO: Extracting primitive: V05_ADMIN_MEETING_CHAIR_7_MESH
09:08:29 | INFO: Primitives created: 1
09:08:29 | INFO: Extracting primitive: V05_ADMIN_MEETING_TABLE_MESH
09:08:29 | INFO: Primitives created: 1
09:08:29 | INFO: Extracting primitive: V05_ADMIN_QC_BENCH_MESH
09:08:29 | INFO: Primitives created: 1
09:08:29 | INFO: Extracting primitive: V05_ADMIN_QC_INSTR0_MESH
09:08:29 | INFO: Primitives created: 1
09:08:29 | INFO: Extracting primitive: V05_ADMIN_QC_INSTR1_MESH
09:08:29 | INFO: Primitives created: 1
09:08:29 | INFO: Extracting primitive: V05_ADMIN_QC_INSTR2_MESH
09:08:29 | INFO: Primitives created: 1
09:08:29 | INFO: Extracting primitive: V05_ADMIN_QC_INSTR3_MESH
09:08:29 | INFO: Primitives created: 1
09:08:29 | INFO: Extracting primitive: V05_ADMIN_QC_INSTR4_MESH
09:08:29 | INFO: Primitives created: 1
09:08:29 | INFO: Extracting primitive: V05_ADMIN_QC_INSTR5_MESH
09:08:29 | INFO: Primitives created: 1
09:08:29 | INFO: Extracting primitive: V05_ADMIN_RECEPTION_MESH
09:08:29 | INFO: Primitives created: 1
09:08:29 | INFO: Extracting primitive: V05_ADMIN_RECEPTION_GLASS_PANEL_MESH
09:08:29 | INFO: Primitives created: 1
09:08:29 | INFO: Extracting primitive: V05_ADMIN_RECEPTION_GLASS_POST_MESH
09:08:29 | INFO: Primitives created: 1
09:08:29 | INFO: Extracting primitive: V05_ADMIN_RIGHT_MESH
09:08:29 | INFO: Primitives created: 1
09:08:29 | INFO: Extracting primitive: V05_ADMIN_SOFFIT_-43.44_MESH
09:08:29 | INFO: Primitives created: 1
09:08:29 | INFO: Extracting primitive: V05_ADMIN_SOFFIT_-58_MESH
09:08:29 | INFO: Primitives created: 1
09:08:29 | INFO: Extracting primitive: V05_ADMIN_SOFFIT_-72.56_MESH
09:08:29 | INFO: Primitives created: 1
09:08:29 | INFO: Extracting primitive: V05_ADMIN_WORKPOD0_MESH
09:08:29 | INFO: Primitives created: 1
09:08:29 | INFO: Extracting primitive: V05_ADMIN_WORKPOD1_MESH
09:08:29 | INFO: Primitives created: 1
09:08:29 | INFO: Extracting primitive: V05_ADMIN_WORKPOD2_MESH
09:08:29 | INFO: Primitives created: 1
09:08:29 | INFO: Extracting primitive: V05_ADMIN_WORKPOD3_MESH
09:08:29 | INFO: Primitives created: 1
09:08:29 | INFO: Extracting primitive: V05_ADMIN_WORKPOD4_MESH
09:08:29 | INFO: Primitives created: 1
09:08:29 | INFO: Extracting primitive: V05_ADMIN_WORKPOD5_MESH
09:08:29 | INFO: Primitives created: 1
09:08:29 | INFO: Extracting primitive: V05_BLOW_GUARD_A_MESH
09:08:29 | INFO: Primitives created: 1
09:08:29 | INFO: Extracting primitive: V05_BLOW_GUARD_B_MESH
09:08:29 | INFO: Primitives created: 1
09:08:29 | INFO: Extracting primitive: V05_BLOW_HEAT_DUCT0_MESH
09:08:29 | INFO: Primitives created: 1
09:08:29 | INFO: Extracting primitive: V05_BLOW_HEAT_DUCT1_MESH
09:08:29 | INFO: Primitives created: 1
09:08:29 | INFO: Extracting primitive: V05_BLOW_HEAT_DUCT2_MESH
09:08:29 | INFO: Primitives created: 1
09:08:29 | INFO: Extracting primitive: V05_BLOW_INSPECTION_BASE_MESH
09:08:29 | INFO: Primitives created: 1
09:08:29 | INFO: Extracting primitive: V05_BLOW_INSPECTION_HOUSING_MESH
09:08:29 | INFO: Primitives created: 1
09:08:29 | INFO: Extracting primitive: V05_BLOW_INSPECTION_PANEL_MESH
09:08:29 | INFO: Primitives created: 1
09:08:29 | INFO: Extracting primitive: V05_BLOW_MOULD_CLAMP_BASE_MESH
09:08:29 | INFO: Primitives created: 1
09:08:29 | INFO: Extracting primitive: V05_BLOW_MOULD_CLAMP_HOUSING_MESH
09:08:29 | INFO: Primitives created: 1
09:08:29 | INFO: Extracting primitive: V05_BLOW_MOULD_CLAMP_PANEL_MESH
09:08:29 | INFO: Primitives created: 1
09:08:29 | INFO: Extracting primitive: V05_BLOW_OUTFEED_A_MESH
09:08:29 | INFO: Primitives created: 1
09:08:29 | INFO: Extracting primitive: V05_BLOW_OUTFEED_B_MESH
09:08:29 | INFO: Primitives created: 1
09:08:29 | INFO: Extracting primitive: V05_BLOW_OUTFEED_BED_MESH
09:08:29 | INFO: Primitives created: 1
09:08:29 | INFO: Extracting primitive: V05_BLOW_OUTFEED_ROLLER0_MESH
09:08:29 | INFO: Primitives created: 1
09:08:29 | INFO: Extracting primitive: V05_BLOW_OUTFEED_ROLLER1_MESH
09:08:29 | INFO: Primitives created: 1
09:08:29 | INFO: Extracting primitive: V05_BLOW_OUTFEED_ROLLER2_MESH
09:08:29 | INFO: Primitives created: 1
09:08:29 | INFO: Extracting primitive: V05_BLOW_OUTFEED_ROLLER3_MESH
09:08:29 | INFO: Primitives created: 1
09:08:29 | INFO: Extracting primitive: V05_BLOW_OUTFEED_ROLLER4_MESH
09:08:29 | INFO: Primitives created: 1
09:08:29 | INFO: Extracting primitive: V05_BLOW_OUTFEED_ROLLER5_MESH
09:08:29 | INFO: Primitives created: 1
09:08:29 | INFO: Extracting primitive: V05_BLOW_OUTFEED_ROLLER6_MESH
09:08:29 | INFO: Primitives created: 1
09:08:29 | INFO: Extracting primitive: V05_BLOW_OVEN_BASE_MESH
09:08:29 | INFO: Primitives created: 1
09:08:29 | INFO: Extracting primitive: V05_BLOW_OVEN_HOUSING_MESH
09:08:29 | INFO: Primitives created: 1
09:08:29 | INFO: Extracting primitive: V05_BLOW_OVEN_PANEL_MESH
09:08:29 | INFO: Primitives created: 1
09:08:29 | INFO: Extracting primitive: V05_BLOW_PREFORM_FEED_A_MESH
09:08:29 | INFO: Primitives created: 1
09:08:29 | INFO: Extracting primitive: V05_BLOW_PREFORM_FEED_B_MESH
09:08:29 | INFO: Primitives created: 1
09:08:29 | INFO: Extracting primitive: V05_BLOW_PREFORM_FEED_BED_MESH
09:08:29 | INFO: Primitives created: 1
09:08:29 | INFO: Extracting primitive: V05_BLOW_PREFORM_FEED_ROLLER0_MESH
09:08:29 | INFO: Primitives created: 1
09:08:29 | INFO: Extracting primitive: V05_BLOW_PREFORM_FEED_ROLLER1_MESH
09:08:29 | INFO: Primitives created: 1
09:08:29 | INFO: Extracting primitive: V05_BLOW_PREFORM_FEED_ROLLER2_MESH
09:08:29 | INFO: Primitives created: 1
09:08:29 | INFO: Extracting primitive: V05_BLOW_PREFORM_FEED_ROLLER3_MESH
09:08:29 | INFO: Primitives created: 1
09:08:29 | INFO: Extracting primitive: V05_BLOW_PREFORM_FEED_ROLLER4_MESH
09:08:29 | INFO: Primitives created: 1
09:08:29 | INFO: Extracting primitive: V05_BLOW_PREFORM_FEED_ROLLER5_MESH
09:08:29 | INFO: Primitives created: 1
09:08:29 | INFO: Extracting primitive: V05_BLOW_PREFORM_FEED_ROLLER6_MESH
09:08:29 | INFO: Primitives created: 1
09:08:29 | INFO: Extracting primitive: V05_BLOW_PREFORM_HOPPER_BASE_MESH
09:08:29 | INFO: Primitives created: 1
09:08:29 | INFO: Extracting primitive: V05_BLOW_PREFORM_HOPPER_HOUSING_MESH
09:08:29 | INFO: Primitives created: 1
09:08:29 | INFO: Extracting primitive: V05_BLOW_PREFORM_HOPPER_PANEL_MESH
09:08:29 | INFO: Primitives created: 1
09:08:29 | INFO: Extracting primitive: V05_BOTTLE_BACK_MESH
09:08:29 | INFO: Primitives created: 1
09:08:29 | INFO: Extracting primitive: V05_BOTTLE_DOOR_HEADER_MESH
09:08:29 | INFO: Primitives created: 1
09:08:29 | INFO: Extracting primitive: V05_BOTTLE_DOOR_L_MESH
09:08:29 | INFO: Primitives created: 1
09:08:29 | INFO: Extracting primitive: V05_BOTTLE_DOOR_R_MESH
09:08:29 | INFO: Primitives created: 1
09:08:29 | INFO: Extracting primitive: V05_BOTTLE_FLOOR_MESH
09:08:29 | INFO: Primitives created: 1
09:08:29 | INFO: Extracting primitive: V05_BOTTLE_LEFT_MESH
09:08:29 | INFO: Primitives created: 1
09:08:29 | INFO: Extracting primitive: V05_BOTTLE_LIGHT_0_FIXTURE_MESH
09:08:29 | INFO: Primitives created: 1
09:08:29 | INFO: Extracting primitive: V05_BOTTLE_LIGHT_0_GLOW_MESH
09:08:29 | INFO: Primitives created: 1
09:08:29 | INFO: Extracting primitive: V05_BOTTLE_LIGHT_1_FIXTURE_MESH
09:08:29 | INFO: Primitives created: 1
09:08:29 | INFO: Extracting primitive: V05_BOTTLE_LIGHT_1_GLOW_MESH
09:08:29 | INFO: Primitives created: 1
09:08:29 | INFO: Extracting primitive: V05_BOTTLE_LIGHT_2_FIXTURE_MESH
09:08:29 | INFO: Primitives created: 1
09:08:29 | INFO: Extracting primitive: V05_BOTTLE_LIGHT_2_GLOW_MESH
09:08:29 | INFO: Primitives created: 1
09:08:29 | INFO: Extracting primitive: V05_BOTTLE_RIGHT_MESH
09:08:29 | INFO: Primitives created: 1
09:08:29 | INFO: Extracting primitive: V05_BOTTLE_SOFFIT_41.36_MESH
09:08:29 | INFO: Primitives created: 1
09:08:29 | INFO: Extracting primitive: V05_BOTTLE_SOFFIT_52_MESH
09:08:29 | INFO: Primitives created: 1
09:08:29 | INFO: Extracting primitive: V05_BOTTLE_SOFFIT_62.64_MESH
09:08:29 | INFO: Primitives created: 1
09:08:29 | INFO: Extracting primitive: V05_CAFE_BACKBAR_MESH
09:08:29 | INFO: Primitives created: 1
09:08:29 | INFO: Extracting primitive: V05_CAFE_POS_MESH
09:08:29 | INFO: Primitives created: 1
09:08:29 | INFO: Extracting primitive: V05_CAFE_SERVICE_COUNTER_MESH
09:08:29 | INFO: Primitives created: 1
09:08:29 | INFO: Extracting primitive: V05_CHEM_BACK_MESH
09:08:29 | INFO: Primitives created: 1
09:08:29 | INFO: Extracting primitive: V05_CHEM_BUND0_MESH
09:08:29 | INFO: Primitives created: 1
09:08:29 | INFO: Extracting primitive: V05_CHEM_BUND1_MESH
09:08:29 | INFO: Primitives created: 1
09:08:29 | INFO: Extracting primitive: V05_CHEM_BUND2_MESH
09:08:29 | INFO: Primitives created: 1
09:08:29 | INFO: Extracting primitive: V05_CHEM_CONTROL_PANEL_MESH
09:08:29 | INFO: Primitives created: 1
09:08:29 | INFO: Extracting primitive: V05_CHEM_CONTROL_POST_MESH
09:08:29 | INFO: Primitives created: 1
09:08:29 | INFO: Extracting primitive: V05_CHEM_DOCK_MESH
09:08:29 | INFO: Primitives created: 1
09:08:29 | INFO: Extracting primitive: V05_CHEM_DOOR_HEADER_MESH
09:08:29 | INFO: Primitives created: 1
09:08:29 | INFO: Extracting primitive: V05_CHEM_DOOR_L_MESH
09:08:29 | INFO: Primitives created: 1
09:08:29 | INFO: Extracting primitive: V05_CHEM_DOOR_R_MESH
09:08:29 | INFO: Primitives created: 1
09:08:29 | INFO: Extracting primitive: V05_CHEM_FLOOR_MESH
09:08:29 | INFO: Primitives created: 1
09:08:29 | INFO: Extracting primitive: V05_CHEM_LEFT_MESH
09:08:29 | INFO: Primitives created: 1
09:08:29 | INFO: Extracting primitive: V05_CHEM_LIGHT_0_FIXTURE_MESH
09:08:29 | INFO: Primitives created: 1
09:08:29 | INFO: Extracting primitive: V05_CHEM_LIGHT_0_GLOW_MESH
09:08:29 | INFO: Primitives created: 1
09:08:29 | INFO: Extracting primitive: V05_CHEM_LIGHT_1_FIXTURE_MESH
09:08:29 | INFO: Primitives created: 1
09:08:29 | INFO: Extracting primitive: V05_CHEM_LIGHT_1_GLOW_MESH
09:08:29 | INFO: Primitives created: 1
09:08:29 | INFO: Extracting primitive: V05_CHEM_LIGHT_2_FIXTURE_MESH
09:08:29 | INFO: Primitives created: 1
09:08:29 | INFO: Extracting primitive: V05_CHEM_LIGHT_2_GLOW_MESH
09:08:29 | INFO: Primitives created: 1
09:08:29 | INFO: Extracting primitive: V05_CHEM_RECEIVE0_BASE_MESH
09:08:29 | INFO: Primitives created: 1
09:08:29 | INFO: Extracting primitive: V05_CHEM_RECEIVE0_LOAD_MESH
09:08:29 | INFO: Primitives created: 1
09:08:29 | INFO: Extracting primitive: V05_CHEM_RECEIVE1_BASE_MESH
09:08:29 | INFO: Primitives created: 1
09:08:29 | INFO: Extracting primitive: V05_CHEM_RECEIVE1_LOAD_MESH
09:08:29 | INFO: Primitives created: 1
09:08:29 | INFO: Extracting primitive: V05_CHEM_RECEIVE2_BASE_MESH
09:08:29 | INFO: Primitives created: 1
09:08:29 | INFO: Extracting primitive: V05_CHEM_RECEIVE2_LOAD_MESH
09:08:29 | INFO: Primitives created: 1
09:08:29 | INFO: Extracting primitive: V05_CHEM_RECEIVE3_BASE_MESH
09:08:29 | INFO: Primitives created: 1
09:08:29 | INFO: Extracting primitive: V05_CHEM_RECEIVE3_LOAD_MESH
09:08:29 | INFO: Primitives created: 1
09:08:29 | INFO: Extracting primitive: V05_CHEM_RECEIVE4_BASE_MESH
09:08:29 | INFO: Primitives created: 1
09:08:29 | INFO: Extracting primitive: V05_CHEM_RECEIVE4_LOAD_MESH
09:08:29 | INFO: Primitives created: 1
09:08:29 | INFO: Extracting primitive: V05_CHEM_RIGHT_MESH
09:08:29 | INFO: Primitives created: 1
09:08:29 | INFO: Extracting primitive: V05_CHEM_SOFFIT_45.92_MESH
09:08:29 | INFO: Primitives created: 1
09:08:29 | INFO: Extracting primitive: V05_CHEM_SOFFIT_56_MESH
09:08:29 | INFO: Primitives created: 1
09:08:29 | INFO: Extracting primitive: V05_CHEM_SOFFIT_66.08_MESH
09:08:29 | INFO: Primitives created: 1
09:08:29 | INFO: Extracting primitive: V05_CHEM_TANK0_LID_MESH
09:08:29 | INFO: Primitives created: 1
09:08:29 | INFO: Extracting primitive: V05_CHEM_TANK0_OUT_MESH
09:08:29 | INFO: Primitives created: 1
09:08:29 | INFO: Extracting primitive: V05_CHEM_TANK0_VESSEL_MESH
09:08:29 | INFO: Primitives created: 1
09:08:29 | INFO: Extracting primitive: V05_CHEM_TANK1_LID_MESH
09:08:29 | INFO: Primitives created: 1
09:08:29 | INFO: Extracting primitive: V05_CHEM_TANK1_OUT_MESH
09:08:29 | INFO: Primitives created: 1
09:08:29 | INFO: Extracting primitive: V05_CHEM_TANK1_VESSEL_MESH
09:08:29 | INFO: Primitives created: 1
09:08:29 | INFO: Extracting primitive: V05_CHEM_TANK2_LID_MESH
09:08:29 | INFO: Primitives created: 1
09:08:29 | INFO: Extracting primitive: V05_CHEM_TANK2_OUT_MESH
09:08:29 | INFO: Primitives created: 1
09:08:29 | INFO: Extracting primitive: V05_CHEM_TANK2_VESSEL_MESH
09:08:29 | INFO: Primitives created: 1
09:08:29 | INFO: Extracting primitive: V05_CHEM_TRANSFER_MESH
09:08:29 | INFO: Primitives created: 1
09:08:29 | INFO: Extracting primitive: V05_CHEM_TRANSFER_PIPE_MESH
09:08:29 | INFO: Primitives created: 1
09:08:29 | INFO: Extracting primitive: V05_CLASS0_CHAIR_0_MESH
09:08:29 | INFO: Primitives created: 1
09:08:29 | INFO: Extracting primitive: V05_CLASS0_CHAIR_1_MESH
09:08:29 | INFO: Primitives created: 1
09:08:29 | INFO: Extracting primitive: V05_CLASS0_CHAIR_2_MESH
09:08:29 | INFO: Primitives created: 1
09:08:29 | INFO: Extracting primitive: V05_CLASS0_CHAIR_3_MESH
09:08:29 | INFO: Primitives created: 1
09:08:29 | INFO: Extracting primitive: V05_CLASS0_TABLE_MESH
09:08:29 | INFO: Primitives created: 1
09:08:29 | INFO: Extracting primitive: V05_CLASS1_CHAIR_0_MESH
09:08:29 | INFO: Primitives created: 1
09:08:29 | INFO: Extracting primitive: V05_CLASS1_CHAIR_1_MESH
09:08:29 | INFO: Primitives created: 1
09:08:29 | INFO: Extracting primitive: V05_CLASS1_CHAIR_2_MESH
09:08:29 | INFO: Primitives created: 1
09:08:29 | INFO: Extracting primitive: V05_CLASS1_CHAIR_3_MESH
09:08:29 | INFO: Primitives created: 1
09:08:29 | INFO: Extracting primitive: V05_CLASS1_TABLE_MESH
09:08:29 | INFO: Primitives created: 1
09:08:29 | INFO: Extracting primitive: V05_CLASS2_CHAIR_0_MESH
09:08:29 | INFO: Primitives created: 1
09:08:29 | INFO: Extracting primitive: V05_CLASS2_CHAIR_1_MESH
09:08:29 | INFO: Primitives created: 1
09:08:29 | INFO: Extracting primitive: V05_CLASS2_CHAIR_2_MESH
09:08:29 | INFO: Primitives created: 1
09:08:29 | INFO: Extracting primitive: V05_CLASS2_CHAIR_3_MESH
09:08:29 | INFO: Primitives created: 1
09:08:29 | INFO: Extracting primitive: V05_CLASS2_TABLE_MESH
09:08:29 | INFO: Primitives created: 1
09:08:29 | INFO: Extracting primitive: V05_CLASS3_CHAIR_0_MESH
09:08:29 | INFO: Primitives created: 1
09:08:29 | INFO: Extracting primitive: V05_CLASS3_CHAIR_1_MESH
09:08:29 | INFO: Primitives created: 1
09:08:29 | INFO: Extracting primitive: V05_CLASS3_CHAIR_2_MESH
09:08:29 | INFO: Primitives created: 1
09:08:29 | INFO: Extracting primitive: V05_CLASS3_CHAIR_3_MESH
09:08:29 | INFO: Primitives created: 1
09:08:29 | INFO: Extracting primitive: V05_CLASS3_TABLE_MESH
09:08:29 | INFO: Primitives created: 1
09:08:29 | INFO: Extracting primitive: V05_CLINIC_BACK_MESH
09:08:29 | INFO: Primitives created: 1
09:08:29 | INFO: Extracting primitive: V05_CLINIC_BACK_MESH.001
09:08:29 | INFO: Primitives created: 1
09:08:29 | INFO: Extracting primitive: V05_CLINIC_BED_MESH
09:08:29 | INFO: Primitives created: 1
09:08:29 | INFO: Extracting primitive: V05_CLINIC_DOOR_HEADER_MESH
09:08:29 | INFO: Primitives created: 1
09:08:29 | INFO: Extracting primitive: V05_CLINIC_DOOR_L_MESH
09:08:29 | INFO: Primitives created: 1
09:08:29 | INFO: Extracting primitive: V05_CLINIC_DOOR_R_MESH
09:08:29 | INFO: Primitives created: 1
09:08:29 | INFO: Extracting primitive: V05_CLINIC_FLOOR_MESH
09:08:29 | INFO: Primitives created: 1
09:08:29 | INFO: Extracting primitive: V05_CLINIC_LEFT_MESH
09:08:29 | INFO: Primitives created: 1
09:08:29 | INFO: Extracting primitive: V05_CLINIC_LIGHT_0_FIXTURE_MESH
09:08:29 | INFO: Primitives created: 1
09:08:29 | INFO: Extracting primitive: V05_CLINIC_LIGHT_0_GLOW_MESH
09:08:29 | INFO: Primitives created: 1
09:08:29 | INFO: Extracting primitive: V05_CLINIC_LIGHT_1_FIXTURE_MESH
09:08:29 | INFO: Primitives created: 1
09:08:29 | INFO: Extracting primitive: V05_CLINIC_LIGHT_1_GLOW_MESH
09:08:29 | INFO: Primitives created: 1
09:08:29 | INFO: Extracting primitive: V05_CLINIC_MED_STORAGE_BEAM_0_MESH
09:08:29 | INFO: Primitives created: 1
09:08:29 | INFO: Extracting primitive: V05_CLINIC_MED_STORAGE_BEAM_1_MESH
09:08:29 | INFO: Primitives created: 1
09:08:29 | INFO: Extracting primitive: V05_CLINIC_MED_STORAGE_LOAD_0_0_MESH
09:08:29 | INFO: Primitives created: 1
09:08:29 | INFO: Extracting primitive: V05_CLINIC_MED_STORAGE_LOAD_0_1_MESH
09:08:29 | INFO: Primitives created: 1
09:08:29 | INFO: Extracting primitive: V05_CLINIC_MED_STORAGE_LOAD_1_0_MESH
09:08:29 | INFO: Primitives created: 1
09:08:29 | INFO: Extracting primitive: V05_CLINIC_MED_STORAGE_LOAD_1_1_MESH
09:08:29 | INFO: Primitives created: 1
09:08:29 | INFO: Extracting primitive: V05_CLINIC_MED_STORAGE_LOAD_2_0_MESH
09:08:29 | INFO: Primitives created: 1
09:08:29 | INFO: Extracting primitive: V05_CLINIC_MED_STORAGE_LOAD_2_1_MESH
09:08:29 | INFO: Primitives created: 1
09:08:29 | INFO: Extracting primitive: V05_CLINIC_MED_STORAGE_PALLET_0_0_MESH
09:08:29 | INFO: Primitives created: 1
09:08:29 | INFO: Extracting primitive: V05_CLINIC_MED_STORAGE_PALLET_0_1_MESH
09:08:29 | INFO: Primitives created: 1
09:08:29 | INFO: Extracting primitive: V05_CLINIC_MED_STORAGE_PALLET_1_0_MESH
09:08:29 | INFO: Primitives created: 1
09:08:29 | INFO: Extracting primitive: V05_CLINIC_MED_STORAGE_PALLET_1_1_MESH
09:08:29 | INFO: Primitives created: 1
09:08:29 | INFO: Extracting primitive: V05_CLINIC_MED_STORAGE_PALLET_2_0_MESH
09:08:29 | INFO: Primitives created: 1
09:08:29 | INFO: Extracting primitive: V05_CLINIC_MED_STORAGE_PALLET_2_1_MESH
09:08:29 | INFO: Primitives created: 1
09:08:29 | INFO: Extracting primitive: V05_CLINIC_MED_STORAGE_UPRIGHT_0_0_MESH
09:08:29 | INFO: Primitives created: 1
09:08:29 | INFO: Extracting primitive: V05_CLINIC_MED_STORAGE_UPRIGHT_0_1_MESH
09:08:29 | INFO: Primitives created: 1
09:08:29 | INFO: Extracting primitive: V05_CLINIC_MED_STORAGE_UPRIGHT_1_0_MESH
09:08:29 | INFO: Primitives created: 1
09:08:29 | INFO: Extracting primitive: V05_CLINIC_MED_STORAGE_UPRIGHT_1_1_MESH
09:08:29 | INFO: Primitives created: 1
09:08:29 | INFO: Extracting primitive: V05_CLINIC_MED_STORAGE_UPRIGHT_2_0_MESH
09:08:29 | INFO: Primitives created: 1
09:08:29 | INFO: Extracting primitive: V05_CLINIC_MED_STORAGE_UPRIGHT_2_1_MESH
09:08:29 | INFO: Primitives created: 1
09:08:29 | INFO: Extracting primitive: V05_CLINIC_PRIVACY_PANEL_MESH
09:08:29 | INFO: Primitives created: 1
09:08:29 | INFO: Extracting primitive: V05_CLINIC_PRIVACY_POST_MESH
09:08:29 | INFO: Primitives created: 1
09:08:29 | INFO: Extracting primitive: V05_CLINIC_RECEPTION_MESH
09:08:29 | INFO: Primitives created: 1
09:08:29 | INFO: Extracting primitive: V05_CLINIC_RIGHT_MESH
09:08:29 | INFO: Primitives created: 1
09:08:29 | INFO: Extracting primitive: V05_CLINIC_SOFFIT_-11.28_MESH
09:08:29 | INFO: Primitives created: 1
09:08:29 | INFO: Extracting primitive: V05_CLINIC_SOFFIT_-18_MESH
09:08:29 | INFO: Primitives created: 1
09:08:29 | INFO: Extracting primitive: V05_CLINIC_SOFFIT_-24.72_MESH
09:08:29 | INFO: Primitives created: 1
09:08:29 | INFO: Extracting primitive: V05_CLINIC_TREATMENT_CART_MESH
09:08:29 | INFO: Primitives created: 1
09:08:29 | INFO: Extracting primitive: V05_CLINIC_WAIT0_MESH
09:08:29 | INFO: Primitives created: 1
09:08:29 | INFO: Extracting primitive: V05_CLINIC_WAIT1_MESH
09:08:29 | INFO: Primitives created: 1
09:08:29 | INFO: Extracting primitive: V05_CLINIC_WAIT2_MESH
09:08:29 | INFO: Primitives created: 1
09:08:29 | INFO: Extracting primitive: V05_CLINIC_WAIT_TABLE_MESH
09:08:29 | INFO: Primitives created: 1
09:08:29 | INFO: Extracting primitive: V05_DINING0_CHAIR_0_MESH
09:08:29 | INFO: Primitives created: 1
09:08:29 | INFO: Extracting primitive: V05_DINING0_CHAIR_1_MESH
09:08:29 | INFO: Primitives created: 1
09:08:29 | INFO: Extracting primitive: V05_DINING0_CHAIR_2_MESH
09:08:29 | INFO: Primitives created: 1
09:08:29 | INFO: Extracting primitive: V05_DINING0_CHAIR_3_MESH
09:08:29 | INFO: Primitives created: 1
09:08:29 | INFO: Extracting primitive: V05_DINING0_TABLE_MESH
09:08:29 | INFO: Primitives created: 1
09:08:29 | INFO: Extracting primitive: V05_DINING1_CHAIR_0_MESH
09:08:29 | INFO: Primitives created: 1
09:08:29 | INFO: Extracting primitive: V05_DINING1_CHAIR_1_MESH
09:08:29 | INFO: Primitives created: 1
09:08:29 | INFO: Extracting primitive: V05_DINING1_CHAIR_2_MESH
09:08:29 | INFO: Primitives created: 1
09:08:29 | INFO: Extracting primitive: V05_DINING1_CHAIR_3_MESH
09:08:29 | INFO: Primitives created: 1
09:08:29 | INFO: Extracting primitive: V05_DINING1_TABLE_MESH
09:08:29 | INFO: Primitives created: 1
09:08:29 | INFO: Extracting primitive: V05_DINING2_CHAIR_0_MESH
09:08:29 | INFO: Primitives created: 1
09:08:29 | INFO: Extracting primitive: V05_DINING2_CHAIR_1_MESH
09:08:29 | INFO: Primitives created: 1
09:08:29 | INFO: Extracting primitive: V05_DINING2_CHAIR_2_MESH
09:08:29 | INFO: Primitives created: 1
09:08:29 | INFO: Extracting primitive: V05_DINING2_CHAIR_3_MESH
09:08:29 | INFO: Primitives created: 1
09:08:29 | INFO: Extracting primitive: V05_DINING2_TABLE_MESH
09:08:29 | INFO: Primitives created: 1
09:08:29 | INFO: Extracting primitive: V05_DINING3_CHAIR_0_MESH
09:08:29 | INFO: Primitives created: 1
09:08:29 | INFO: Extracting primitive: V05_DINING3_CHAIR_1_MESH
09:08:29 | INFO: Primitives created: 1
09:08:29 | INFO: Extracting primitive: V05_DINING3_CHAIR_2_MESH
09:08:29 | INFO: Primitives created: 1
09:08:29 | INFO: Extracting primitive: V05_DINING3_CHAIR_3_MESH
09:08:29 | INFO: Primitives created: 1
09:08:29 | INFO: Extracting primitive: V05_DINING3_TABLE_MESH
09:08:29 | INFO: Primitives created: 1
09:08:29 | INFO: Extracting primitive: V05_DINING4_CHAIR_0_MESH
09:08:29 | INFO: Primitives created: 1
09:08:29 | INFO: Extracting primitive: V05_DINING4_CHAIR_1_MESH
09:08:29 | INFO: Primitives created: 1
09:08:29 | INFO: Extracting primitive: V05_DINING4_CHAIR_2_MESH
09:08:29 | INFO: Primitives created: 1
09:08:29 | INFO: Extracting primitive: V05_DINING4_CHAIR_3_MESH
09:08:29 | INFO: Primitives created: 1
09:08:29 | INFO: Extracting primitive: V05_DINING4_TABLE_MESH
09:08:29 | INFO: Primitives created: 1
09:08:29 | INFO: Extracting primitive: V05_DINING5_CHAIR_0_MESH
09:08:29 | INFO: Primitives created: 1
09:08:29 | INFO: Extracting primitive: V05_DINING5_CHAIR_1_MESH
09:08:29 | INFO: Primitives created: 1
09:08:29 | INFO: Extracting primitive: V05_DINING5_CHAIR_2_MESH
09:08:29 | INFO: Primitives created: 1
09:08:29 | INFO: Extracting primitive: V05_DINING5_CHAIR_3_MESH
09:08:29 | INFO: Primitives created: 1
09:08:29 | INFO: Extracting primitive: V05_DINING5_TABLE_MESH
09:08:29 | INFO: Primitives created: 1
09:08:29 | INFO: Extracting primitive: V05_ETP_BACK_MESH
09:08:29 | INFO: Primitives created: 1
09:08:29 | INFO: Extracting primitive: V05_ETP_BUND0_MESH
09:08:29 | INFO: Primitives created: 1
09:08:29 | INFO: Extracting primitive: V05_ETP_BUND1_MESH
09:08:29 | INFO: Primitives created: 1
09:08:29 | INFO: Extracting primitive: V05_ETP_BUND2_MESH
09:08:29 | INFO: Primitives created: 1
09:08:29 | INFO: Extracting primitive: V05_ETP_DISCHARGE_MESH
09:08:29 | INFO: Primitives created: 1
09:08:29 | INFO: Extracting primitive: V05_ETP_DOOR_HEADER_MESH
09:08:29 | INFO: Primitives created: 1
09:08:29 | INFO: Extracting primitive: V05_ETP_DOOR_L_MESH
09:08:29 | INFO: Primitives created: 1
09:08:29 | INFO: Extracting primitive: V05_ETP_DOOR_R_MESH
09:08:29 | INFO: Primitives created: 1
09:08:29 | INFO: Extracting primitive: V05_ETP_FILTER0_LID_MESH
09:08:29 | INFO: Primitives created: 1
09:08:29 | INFO: Extracting primitive: V05_ETP_FILTER0_OUT_MESH
09:08:29 | INFO: Primitives created: 1
09:08:29 | INFO: Extracting primitive: V05_ETP_FILTER0_VESSEL_MESH
09:08:29 | INFO: Primitives created: 1
09:08:29 | INFO: Extracting primitive: V05_ETP_FILTER1_LID_MESH
09:08:29 | INFO: Primitives created: 1
09:08:29 | INFO: Extracting primitive: V05_ETP_FILTER1_OUT_MESH
09:08:29 | INFO: Primitives created: 1
09:08:29 | INFO: Extracting primitive: V05_ETP_FILTER1_VESSEL_MESH
09:08:29 | INFO: Primitives created: 1
09:08:29 | INFO: Extracting primitive: V05_ETP_FILTER2_LID_MESH
09:08:29 | INFO: Primitives created: 1
09:08:29 | INFO: Extracting primitive: V05_ETP_FILTER2_OUT_MESH
09:08:29 | INFO: Primitives created: 1
09:08:29 | INFO: Extracting primitive: V05_ETP_FILTER2_VESSEL_MESH
09:08:29 | INFO: Primitives created: 1
09:08:29 | INFO: Extracting primitive: V05_ETP_FLOOR_MESH
09:08:29 | INFO: Primitives created: 1
09:08:29 | INFO: Extracting primitive: V05_ETP_HEADER0_MESH
09:08:29 | INFO: Primitives created: 1
09:08:29 | INFO: Extracting primitive: V05_ETP_HEADER1_MESH
09:08:29 | INFO: Primitives created: 1
09:08:29 | INFO: Extracting primitive: V05_ETP_HEADER2_MESH
09:08:29 | INFO: Primitives created: 1
09:08:29 | INFO: Extracting primitive: V05_ETP_LEFT_MESH
09:08:29 | INFO: Primitives created: 1
09:08:29 | INFO: Extracting primitive: V05_ETP_LIGHT_0_FIXTURE_MESH
09:08:29 | INFO: Primitives created: 1
09:08:29 | INFO: Extracting primitive: V05_ETP_LIGHT_0_GLOW_MESH
09:08:29 | INFO: Primitives created: 1
09:08:29 | INFO: Extracting primitive: V05_ETP_LIGHT_1_FIXTURE_MESH
09:08:29 | INFO: Primitives created: 1
09:08:29 | INFO: Extracting primitive: V05_ETP_LIGHT_1_GLOW_MESH
09:08:29 | INFO: Primitives created: 1
09:08:29 | INFO: Extracting primitive: V05_ETP_LIGHT_2_FIXTURE_MESH
09:08:29 | INFO: Primitives created: 1
09:08:29 | INFO: Extracting primitive: V05_ETP_LIGHT_2_GLOW_MESH
09:08:29 | INFO: Primitives created: 1
09:08:29 | INFO: Extracting primitive: V05_ETP_RIGHT_MESH
09:08:29 | INFO: Primitives created: 1
09:08:29 | INFO: Extracting primitive: V05_ETP_SOFFIT_97.36_MESH
09:08:29 | INFO: Primitives created: 1
09:08:29 | INFO: Extracting primitive: V05_ETP_SOFFIT_108_MESH
09:08:29 | INFO: Primitives created: 1
09:08:29 | INFO: Extracting primitive: V05_ETP_SOFFIT_118.64_MESH
09:08:29 | INFO: Primitives created: 1
09:08:29 | INFO: Extracting primitive: V05_ETP_TANK0_LID_MESH
09:08:29 | INFO: Primitives created: 1
09:08:29 | INFO: Extracting primitive: V05_ETP_TANK0_OUT_MESH
09:08:29 | INFO: Primitives created: 1
09:08:29 | INFO: Extracting primitive: V05_ETP_TANK0_VESSEL_MESH
09:08:29 | INFO: Primitives created: 1
09:08:29 | INFO: Extracting primitive: V05_ETP_TANK1_LID_MESH
09:08:29 | INFO: Primitives created: 1
09:08:29 | INFO: Extracting primitive: V05_ETP_TANK1_OUT_MESH
09:08:29 | INFO: Primitives created: 1
09:08:29 | INFO: Extracting primitive: V05_ETP_TANK1_VESSEL_MESH
09:08:29 | INFO: Primitives created: 1
09:08:29 | INFO: Extracting primitive: V05_ETP_TANK2_LID_MESH
09:08:29 | INFO: Primitives created: 1
09:08:29 | INFO: Extracting primitive: V05_ETP_TANK2_OUT_MESH
09:08:29 | INFO: Primitives created: 1
09:08:29 | INFO: Extracting primitive: V05_ETP_TANK2_VESSEL_MESH
09:08:29 | INFO: Primitives created: 1
09:08:29 | INFO: Extracting primitive: V05_ETP_WALKWAY_MESH
09:08:29 | INFO: Primitives created: 1
09:08:29 | INFO: Extracting primitive: V05_EVIDENCE_ANCHOR_CAPS_MESH
09:08:29 | INFO: Primitives created: 1
09:08:29 | INFO: Extracting primitive: V05_EVIDENCE_ANCHOR_MICR_MESH
09:08:29 | INFO: Primitives created: 1
09:08:29 | INFO: Extracting primitive: V05_EVIDENCE_ANCHOR_PROD_MESH
09:08:29 | INFO: Primitives created: 1
09:08:29 | INFO: Extracting primitive: V05_FG_AMR0_MESH
09:08:29 | INFO: Primitives created: 1
09:08:29 | INFO: Extracting primitive: V05_FG_AMR1_MESH
09:08:29 | INFO: Primitives created: 1
09:08:29 | INFO: Extracting primitive: V05_FG_BACK_MESH
09:08:29 | INFO: Primitives created: 1
09:08:29 | INFO: Extracting primitive: V05_FG_DISPATCH_DESK_MESH
09:08:29 | INFO: Primitives created: 1
09:08:29 | INFO: Extracting primitive: V05_FG_DOOR_HEADER_MESH
09:08:29 | INFO: Primitives created: 1
09:08:29 | INFO: Extracting primitive: V05_FG_DOOR_L_MESH
09:08:29 | INFO: Primitives created: 1
09:08:29 | INFO: Extracting primitive: V05_FG_DOOR_R_MESH
09:08:29 | INFO: Primitives created: 1
09:08:29 | INFO: Extracting primitive: V05_FG_FLOOR_MESH
09:08:29 | INFO: Primitives created: 1
09:08:29 | INFO: Extracting primitive: V05_FG_LEFT_MESH
09:08:29 | INFO: Primitives created: 1
09:08:29 | INFO: Extracting primitive: V05_FG_LIGHT_0_FIXTURE_MESH
09:08:29 | INFO: Primitives created: 1
09:08:29 | INFO: Extracting primitive: V05_FG_LIGHT_0_GLOW_MESH
09:08:29 | INFO: Primitives created: 1
09:08:29 | INFO: Extracting primitive: V05_FG_LIGHT_1_FIXTURE_MESH
09:08:29 | INFO: Primitives created: 1
09:08:29 | INFO: Extracting primitive: V05_FG_LIGHT_1_GLOW_MESH
09:08:29 | INFO: Primitives created: 1
09:08:29 | INFO: Extracting primitive: V05_FG_LIGHT_2_FIXTURE_MESH
09:08:29 | INFO: Primitives created: 1
09:08:29 | INFO: Extracting primitive: V05_FG_LIGHT_2_GLOW_MESH
09:08:29 | INFO: Primitives created: 1
09:08:29 | INFO: Extracting primitive: V05_FG_LIGHT_3_FIXTURE_MESH
09:08:29 | INFO: Primitives created: 1
09:08:29 | INFO: Extracting primitive: V05_FG_LIGHT_3_GLOW_MESH
09:08:29 | INFO: Primitives created: 1
09:08:29 | INFO: Extracting primitive: V05_FG_LIGHT_4_FIXTURE_MESH
09:08:29 | INFO: Primitives created: 1
09:08:29 | INFO: Extracting primitive: V05_FG_LIGHT_4_GLOW_MESH
09:08:29 | INFO: Primitives created: 1
09:08:29 | INFO: Extracting primitive: V05_FG_LOADOUT_MESH
09:08:29 | INFO: Primitives created: 1
09:08:29 | INFO: Extracting primitive: V05_FG_RACK-44_BEAM_0_MESH
09:08:29 | INFO: Primitives created: 1
09:08:29 | INFO: Extracting primitive: V05_FG_RACK-44_BEAM_1_MESH
09:08:29 | INFO: Primitives created: 1
09:08:29 | INFO: Extracting primitive: V05_FG_RACK-44_BEAM_2_MESH
09:08:29 | INFO: Primitives created: 1
09:08:29 | INFO: Extracting primitive: V05_FG_RACK-44_BEAM_3_MESH
09:08:29 | INFO: Primitives created: 1
09:08:29 | INFO: Extracting primitive: V05_FG_RACK-44_LOAD_0_0_MESH
09:08:29 | INFO: Primitives created: 1
09:08:29 | INFO: Extracting primitive: V05_FG_RACK-44_LOAD_0_1_MESH
09:08:29 | INFO: Primitives created: 1
09:08:29 | INFO: Extracting primitive: V05_FG_RACK-44_LOAD_0_2_MESH
09:08:29 | INFO: Primitives created: 1
09:08:29 | INFO: Extracting primitive: V05_FG_RACK-44_LOAD_0_3_MESH
09:08:29 | INFO: Primitives created: 1
09:08:29 | INFO: Extracting primitive: V05_FG_RACK-44_LOAD_1_0_MESH
09:08:29 | INFO: Primitives created: 1
09:08:29 | INFO: Extracting primitive: V05_FG_RACK-44_LOAD_1_1_MESH
09:08:29 | INFO: Primitives created: 1
09:08:29 | INFO: Extracting primitive: V05_FG_RACK-44_LOAD_1_2_MESH
09:08:29 | INFO: Primitives created: 1
09:08:29 | INFO: Extracting primitive: V05_FG_RACK-44_LOAD_1_3_MESH
09:08:29 | INFO: Primitives created: 1
09:08:29 | INFO: Extracting primitive: V05_FG_RACK-44_LOAD_2_0_MESH
09:08:29 | INFO: Primitives created: 1
09:08:29 | INFO: Extracting primitive: V05_FG_RACK-44_LOAD_2_1_MESH
09:08:29 | INFO: Primitives created: 1
09:08:29 | INFO: Extracting primitive: V05_FG_RACK-44_LOAD_2_2_MESH
09:08:29 | INFO: Primitives created: 1
09:08:29 | INFO: Extracting primitive: V05_FG_RACK-44_LOAD_2_3_MESH
09:08:29 | INFO: Primitives created: 1
09:08:29 | INFO: Extracting primitive: V05_FG_RACK-44_LOAD_3_0_MESH
09:08:29 | INFO: Primitives created: 1
09:08:29 | INFO: Extracting primitive: V05_FG_RACK-44_LOAD_3_1_MESH
09:08:29 | INFO: Primitives created: 1
09:08:29 | INFO: Extracting primitive: V05_FG_RACK-44_LOAD_3_2_MESH
09:08:29 | INFO: Primitives created: 1
09:08:29 | INFO: Extracting primitive: V05_FG_RACK-44_LOAD_3_3_MESH
09:08:29 | INFO: Primitives created: 1
09:08:29 | INFO: Extracting primitive: V05_FG_RACK-44_LOAD_4_0_MESH
09:08:29 | INFO: Primitives created: 1
09:08:29 | INFO: Extracting primitive: V05_FG_RACK-44_LOAD_4_1_MESH
09:08:29 | INFO: Primitives created: 1
09:08:29 | INFO: Extracting primitive: V05_FG_RACK-44_LOAD_4_2_MESH
09:08:29 | INFO: Primitives created: 1
09:08:29 | INFO: Extracting primitive: V05_FG_RACK-44_LOAD_4_3_MESH
09:08:29 | INFO: Primitives created: 1
09:08:29 | INFO: Extracting primitive: V05_FG_RACK-44_LOAD_5_0_MESH
09:08:29 | INFO: Primitives created: 1
09:08:29 | INFO: Extracting primitive: V05_FG_RACK-44_LOAD_5_1_MESH
09:08:29 | INFO: Primitives created: 1
09:08:29 | INFO: Extracting primitive: V05_FG_RACK-44_LOAD_5_2_MESH
09:08:29 | INFO: Primitives created: 1
09:08:29 | INFO: Extracting primitive: V05_FG_RACK-44_LOAD_5_3_MESH
09:08:29 | INFO: Primitives created: 1
09:08:29 | INFO: Extracting primitive: V05_FG_RACK-44_LOAD_6_0_MESH
09:08:29 | INFO: Primitives created: 1
09:08:29 | INFO: Extracting primitive: V05_FG_RACK-44_LOAD_6_1_MESH
09:08:29 | INFO: Primitives created: 1
09:08:29 | INFO: Extracting primitive: V05_FG_RACK-44_LOAD_6_2_MESH
09:08:29 | INFO: Primitives created: 1
09:08:29 | INFO: Extracting primitive: V05_FG_RACK-44_LOAD_6_3_MESH
09:08:29 | INFO: Primitives created: 1
09:08:29 | INFO: Extracting primitive: V05_FG_RACK-44_LOAD_7_0_MESH
09:08:29 | INFO: Primitives created: 1
09:08:29 | INFO: Extracting primitive: V05_FG_RACK-44_LOAD_7_1_MESH
09:08:29 | INFO: Primitives created: 1
09:08:29 | INFO: Extracting primitive: V05_FG_RACK-44_LOAD_7_2_MESH
09:08:29 | INFO: Primitives created: 1
09:08:29 | INFO: Extracting primitive: V05_FG_RACK-44_LOAD_7_3_MESH
09:08:29 | INFO: Primitives created: 1
09:08:29 | INFO: Extracting primitive: V05_FG_RACK-44_LOAD_8_0_MESH
09:08:29 | INFO: Primitives created: 1
09:08:29 | INFO: Extracting primitive: V05_FG_RACK-44_LOAD_8_1_MESH
09:08:29 | INFO: Primitives created: 1
09:08:29 | INFO: Extracting primitive: V05_FG_RACK-44_LOAD_8_2_MESH
09:08:29 | INFO: Primitives created: 1
09:08:29 | INFO: Extracting primitive: V05_FG_RACK-44_LOAD_8_3_MESH
09:08:29 | INFO: Primitives created: 1
09:08:30 | INFO: Extracting primitive: V05_FG_RACK-44_PALLET_0_0_MESH
09:08:30 | INFO: Primitives created: 1
09:08:30 | INFO: Extracting primitive: V05_FG_RACK-44_PALLET_0_1_MESH
09:08:30 | INFO: Primitives created: 1
09:08:30 | INFO: Extracting primitive: V05_FG_RACK-44_PALLET_0_2_MESH
09:08:30 | INFO: Primitives created: 1
09:08:30 | INFO: Extracting primitive: V05_FG_RACK-44_PALLET_0_3_MESH
09:08:30 | INFO: Primitives created: 1
09:08:30 | INFO: Extracting primitive: V05_FG_RACK-44_PALLET_1_0_MESH
09:08:30 | INFO: Primitives created: 1
09:08:30 | INFO: Extracting primitive: V05_FG_RACK-44_PALLET_1_1_MESH
09:08:30 | INFO: Primitives created: 1
09:08:30 | INFO: Extracting primitive: V05_FG_RACK-44_PALLET_1_2_MESH
09:08:30 | INFO: Primitives created: 1
09:08:30 | INFO: Extracting primitive: V05_FG_RACK-44_PALLET_1_3_MESH
09:08:30 | INFO: Primitives created: 1
09:08:30 | INFO: Extracting primitive: V05_FG_RACK-44_PALLET_2_0_MESH
09:08:30 | INFO: Primitives created: 1
09:08:30 | INFO: Extracting primitive: V05_FG_RACK-44_PALLET_2_1_MESH
09:08:30 | INFO: Primitives created: 1
09:08:30 | INFO: Extracting primitive: V05_FG_RACK-44_PALLET_2_2_MESH
09:08:30 | INFO: Primitives created: 1
09:08:30 | INFO: Extracting primitive: V05_FG_RACK-44_PALLET_2_3_MESH
09:08:30 | INFO: Primitives created: 1
09:08:30 | INFO: Extracting primitive: V05_FG_RACK-44_PALLET_3_0_MESH
09:08:30 | INFO: Primitives created: 1
09:08:30 | INFO: Extracting primitive: V05_FG_RACK-44_PALLET_3_1_MESH
09:08:30 | INFO: Primitives created: 1
09:08:30 | INFO: Extracting primitive: V05_FG_RACK-44_PALLET_3_2_MESH
09:08:30 | INFO: Primitives created: 1
09:08:30 | INFO: Extracting primitive: V05_FG_RACK-44_PALLET_3_3_MESH
09:08:30 | INFO: Primitives created: 1
09:08:30 | INFO: Extracting primitive: V05_FG_RACK-44_PALLET_4_0_MESH
09:08:30 | INFO: Primitives created: 1
09:08:30 | INFO: Extracting primitive: V05_FG_RACK-44_PALLET_4_1_MESH
09:08:30 | INFO: Primitives created: 1
09:08:30 | INFO: Extracting primitive: V05_FG_RACK-44_PALLET_4_2_MESH
09:08:30 | INFO: Primitives created: 1
09:08:30 | INFO: Extracting primitive: V05_FG_RACK-44_PALLET_4_3_MESH
09:08:30 | INFO: Primitives created: 1
09:08:30 | INFO: Extracting primitive: V05_FG_RACK-44_PALLET_5_0_MESH
09:08:30 | INFO: Primitives created: 1
09:08:30 | INFO: Extracting primitive: V05_FG_RACK-44_PALLET_5_1_MESH
09:08:30 | INFO: Primitives created: 1
09:08:30 | INFO: Extracting primitive: V05_FG_RACK-44_PALLET_5_2_MESH
09:08:30 | INFO: Primitives created: 1
09:08:30 | INFO: Extracting primitive: V05_FG_RACK-44_PALLET_5_3_MESH
09:08:30 | INFO: Primitives created: 1
09:08:30 | INFO: Extracting primitive: V05_FG_RACK-44_PALLET_6_0_MESH
09:08:30 | INFO: Primitives created: 1
09:08:30 | INFO: Extracting primitive: V05_FG_RACK-44_PALLET_6_1_MESH
09:08:30 | INFO: Primitives created: 1
09:08:30 | INFO: Extracting primitive: V05_FG_RACK-44_PALLET_6_2_MESH
09:08:30 | INFO: Primitives created: 1
09:08:30 | INFO: Extracting primitive: V05_FG_RACK-44_PALLET_6_3_MESH
09:08:30 | INFO: Primitives created: 1
09:08:30 | INFO: Extracting primitive: V05_FG_RACK-44_PALLET_7_0_MESH
09:08:30 | INFO: Primitives created: 1
09:08:30 | INFO: Extracting primitive: V05_FG_RACK-44_PALLET_7_1_MESH
09:08:30 | INFO: Primitives created: 1
09:08:30 | INFO: Extracting primitive: V05_FG_RACK-44_PALLET_7_2_MESH
09:08:30 | INFO: Primitives created: 1
09:08:30 | INFO: Extracting primitive: V05_FG_RACK-44_PALLET_7_3_MESH
09:08:30 | INFO: Primitives created: 1
09:08:30 | INFO: Extracting primitive: V05_FG_RACK-44_PALLET_8_0_MESH
09:08:30 | INFO: Primitives created: 1
09:08:30 | INFO: Extracting primitive: V05_FG_RACK-44_PALLET_8_1_MESH
09:08:30 | INFO: Primitives created: 1
09:08:30 | INFO: Extracting primitive: V05_FG_RACK-44_PALLET_8_2_MESH
09:08:30 | INFO: Primitives created: 1
09:08:30 | INFO: Extracting primitive: V05_FG_RACK-44_PALLET_8_3_MESH
09:08:30 | INFO: Primitives created: 1
09:08:30 | INFO: Extracting primitive: V05_FG_RACK-44_UPRIGHT_0_0_MESH
09:08:30 | INFO: Primitives created: 1
09:08:30 | INFO: Extracting primitive: V05_FG_RACK-44_UPRIGHT_0_1_MESH
09:08:30 | INFO: Primitives created: 1
09:08:30 | INFO: Extracting primitive: V05_FG_RACK-44_UPRIGHT_0_2_MESH
09:08:30 | INFO: Primitives created: 1
09:08:30 | INFO: Extracting primitive: V05_FG_RACK-44_UPRIGHT_0_3_MESH
09:08:30 | INFO: Primitives created: 1
09:08:30 | INFO: Extracting primitive: V05_FG_RACK-44_UPRIGHT_1_0_MESH
09:08:30 | INFO: Primitives created: 1
09:08:30 | INFO: Extracting primitive: V05_FG_RACK-44_UPRIGHT_1_1_MESH
09:08:30 | INFO: Primitives created: 1
09:08:30 | INFO: Extracting primitive: V05_FG_RACK-44_UPRIGHT_1_2_MESH
09:08:30 | INFO: Primitives created: 1
09:08:30 | INFO: Extracting primitive: V05_FG_RACK-44_UPRIGHT_1_3_MESH
09:08:30 | INFO: Primitives created: 1
09:08:30 | INFO: Extracting primitive: V05_FG_RACK-44_UPRIGHT_2_0_MESH
09:08:30 | INFO: Primitives created: 1
09:08:30 | INFO: Extracting primitive: V05_FG_RACK-44_UPRIGHT_2_1_MESH
09:08:30 | INFO: Primitives created: 1
09:08:30 | INFO: Extracting primitive: V05_FG_RACK-44_UPRIGHT_2_2_MESH
09:08:30 | INFO: Primitives created: 1
09:08:30 | INFO: Extracting primitive: V05_FG_RACK-44_UPRIGHT_2_3_MESH
09:08:30 | INFO: Primitives created: 1
09:08:30 | INFO: Extracting primitive: V05_FG_RACK-44_UPRIGHT_3_0_MESH
09:08:30 | INFO: Primitives created: 1
09:08:30 | INFO: Extracting primitive: V05_FG_RACK-44_UPRIGHT_3_1_MESH
09:08:30 | INFO: Primitives created: 1
09:08:30 | INFO: Extracting primitive: V05_FG_RACK-44_UPRIGHT_3_2_MESH
09:08:30 | INFO: Primitives created: 1
09:08:30 | INFO: Extracting primitive: V05_FG_RACK-44_UPRIGHT_3_3_MESH
09:08:30 | INFO: Primitives created: 1
09:08:30 | INFO: Extracting primitive: V05_FG_RACK-44_UPRIGHT_4_0_MESH
09:08:30 | INFO: Primitives created: 1
09:08:30 | INFO: Extracting primitive: V05_FG_RACK-44_UPRIGHT_4_1_MESH
09:08:30 | INFO: Primitives created: 1
09:08:30 | INFO: Extracting primitive: V05_FG_RACK-44_UPRIGHT_4_2_MESH
09:08:30 | INFO: Primitives created: 1
09:08:30 | INFO: Extracting primitive: V05_FG_RACK-44_UPRIGHT_4_3_MESH
09:08:30 | INFO: Primitives created: 1
09:08:30 | INFO: Extracting primitive: V05_FG_RACK-44_UPRIGHT_5_0_MESH
09:08:30 | INFO: Primitives created: 1
09:08:30 | INFO: Extracting primitive: V05_FG_RACK-44_UPRIGHT_5_1_MESH
09:08:30 | INFO: Primitives created: 1
09:08:30 | INFO: Extracting primitive: V05_FG_RACK-44_UPRIGHT_5_2_MESH
09:08:30 | INFO: Primitives created: 1
09:08:30 | INFO: Extracting primitive: V05_FG_RACK-44_UPRIGHT_5_3_MESH
09:08:30 | INFO: Primitives created: 1
09:08:30 | INFO: Extracting primitive: V05_FG_RACK-44_UPRIGHT_6_0_MESH
09:08:30 | INFO: Primitives created: 1
09:08:30 | INFO: Extracting primitive: V05_FG_RACK-44_UPRIGHT_6_1_MESH
09:08:30 | INFO: Primitives created: 1
09:08:30 | INFO: Extracting primitive: V05_FG_RACK-44_UPRIGHT_6_2_MESH
09:08:30 | INFO: Primitives created: 1
09:08:30 | INFO: Extracting primitive: V05_FG_RACK-44_UPRIGHT_6_3_MESH
09:08:30 | INFO: Primitives created: 1
09:08:30 | INFO: Extracting primitive: V05_FG_RACK-44_UPRIGHT_7_0_MESH
09:08:30 | INFO: Primitives created: 1
09:08:30 | INFO: Extracting primitive: V05_FG_RACK-44_UPRIGHT_7_1_MESH
09:08:30 | INFO: Primitives created: 1
09:08:30 | INFO: Extracting primitive: V05_FG_RACK-44_UPRIGHT_7_2_MESH
09:08:30 | INFO: Primitives created: 1
09:08:30 | INFO: Extracting primitive: V05_FG_RACK-44_UPRIGHT_7_3_MESH
09:08:30 | INFO: Primitives created: 1
09:08:30 | INFO: Extracting primitive: V05_FG_RACK-44_UPRIGHT_8_0_MESH
09:08:30 | INFO: Primitives created: 1
09:08:30 | INFO: Extracting primitive: V05_FG_RACK-44_UPRIGHT_8_1_MESH
09:08:30 | INFO: Primitives created: 1
09:08:30 | INFO: Extracting primitive: V05_FG_RACK-44_UPRIGHT_8_2_MESH
09:08:30 | INFO: Primitives created: 1
09:08:30 | INFO: Extracting primitive: V05_FG_RACK-44_UPRIGHT_8_3_MESH
09:08:30 | INFO: Primitives created: 1
09:08:30 | INFO: Extracting primitive: V05_FG_RACK-51_BEAM_0_MESH
09:08:30 | INFO: Primitives created: 1
09:08:30 | INFO: Extracting primitive: V05_FG_RACK-51_BEAM_1_MESH
09:08:30 | INFO: Primitives created: 1
09:08:30 | INFO: Extracting primitive: V05_FG_RACK-51_BEAM_2_MESH
09:08:30 | INFO: Primitives created: 1
09:08:30 | INFO: Extracting primitive: V05_FG_RACK-51_BEAM_3_MESH
09:08:30 | INFO: Primitives created: 1
09:08:30 | INFO: Extracting primitive: V05_FG_RACK-51_LOAD_0_0_MESH
09:08:30 | INFO: Primitives created: 1
09:08:30 | INFO: Extracting primitive: V05_FG_RACK-51_LOAD_0_1_MESH
09:08:30 | INFO: Primitives created: 1
09:08:30 | INFO: Extracting primitive: V05_FG_RACK-51_LOAD_0_2_MESH
09:08:30 | INFO: Primitives created: 1
09:08:30 | INFO: Extracting primitive: V05_FG_RACK-51_LOAD_0_3_MESH
09:08:30 | INFO: Primitives created: 1
09:08:30 | INFO: Extracting primitive: V05_FG_RACK-51_LOAD_1_0_MESH
09:08:30 | INFO: Primitives created: 1
09:08:30 | INFO: Extracting primitive: V05_FG_RACK-51_LOAD_1_1_MESH
09:08:30 | INFO: Primitives created: 1
09:08:30 | INFO: Extracting primitive: V05_FG_RACK-51_LOAD_1_2_MESH
09:08:30 | INFO: Primitives created: 1
09:08:30 | INFO: Extracting primitive: V05_FG_RACK-51_LOAD_1_3_MESH
09:08:30 | INFO: Primitives created: 1
09:08:30 | INFO: Extracting primitive: V05_FG_RACK-51_LOAD_2_0_MESH
09:08:30 | INFO: Primitives created: 1
09:08:30 | INFO: Extracting primitive: V05_FG_RACK-51_LOAD_2_1_MESH
09:08:30 | INFO: Primitives created: 1
09:08:30 | INFO: Extracting primitive: V05_FG_RACK-51_LOAD_2_2_MESH
09:08:30 | INFO: Primitives created: 1
09:08:30 | INFO: Extracting primitive: V05_FG_RACK-51_LOAD_2_3_MESH
09:08:30 | INFO: Primitives created: 1
09:08:30 | INFO: Extracting primitive: V05_FG_RACK-51_LOAD_3_0_MESH
09:08:30 | INFO: Primitives created: 1
09:08:30 | INFO: Extracting primitive: V05_FG_RACK-51_LOAD_3_1_MESH
09:08:30 | INFO: Primitives created: 1
09:08:30 | INFO: Extracting primitive: V05_FG_RACK-51_LOAD_3_2_MESH
09:08:30 | INFO: Primitives created: 1
09:08:30 | INFO: Extracting primitive: V05_FG_RACK-51_LOAD_3_3_MESH
09:08:30 | INFO: Primitives created: 1
09:08:30 | INFO: Extracting primitive: V05_FG_RACK-51_LOAD_4_0_MESH
09:08:30 | INFO: Primitives created: 1
09:08:30 | INFO: Extracting primitive: V05_FG_RACK-51_LOAD_4_1_MESH
09:08:30 | INFO: Primitives created: 1
09:08:30 | INFO: Extracting primitive: V05_FG_RACK-51_LOAD_4_2_MESH
09:08:30 | INFO: Primitives created: 1
09:08:30 | INFO: Extracting primitive: V05_FG_RACK-51_LOAD_4_3_MESH
09:08:30 | INFO: Primitives created: 1
09:08:30 | INFO: Extracting primitive: V05_FG_RACK-51_LOAD_5_0_MESH
09:08:30 | INFO: Primitives created: 1
09:08:30 | INFO: Extracting primitive: V05_FG_RACK-51_LOAD_5_1_MESH
09:08:30 | INFO: Primitives created: 1
09:08:30 | INFO: Extracting primitive: V05_FG_RACK-51_LOAD_5_2_MESH
09:08:30 | INFO: Primitives created: 1
09:08:30 | INFO: Extracting primitive: V05_FG_RACK-51_LOAD_5_3_MESH
09:08:30 | INFO: Primitives created: 1
09:08:30 | INFO: Extracting primitive: V05_FG_RACK-51_LOAD_6_0_MESH
09:08:30 | INFO: Primitives created: 1
09:08:30 | INFO: Extracting primitive: V05_FG_RACK-51_LOAD_6_1_MESH
09:08:30 | INFO: Primitives created: 1
09:08:30 | INFO: Extracting primitive: V05_FG_RACK-51_LOAD_6_2_MESH
09:08:30 | INFO: Primitives created: 1
09:08:30 | INFO: Extracting primitive: V05_FG_RACK-51_LOAD_6_3_MESH
09:08:30 | INFO: Primitives created: 1
09:08:30 | INFO: Extracting primitive: V05_FG_RACK-51_LOAD_7_0_MESH
09:08:30 | INFO: Primitives created: 1
09:08:30 | INFO: Extracting primitive: V05_FG_RACK-51_LOAD_7_1_MESH
09:08:30 | INFO: Primitives created: 1
09:08:30 | INFO: Extracting primitive: V05_FG_RACK-51_LOAD_7_2_MESH
09:08:30 | INFO: Primitives created: 1
09:08:30 | INFO: Extracting primitive: V05_FG_RACK-51_LOAD_7_3_MESH
09:08:30 | INFO: Primitives created: 1
09:08:30 | INFO: Extracting primitive: V05_FG_RACK-51_LOAD_8_0_MESH
09:08:30 | INFO: Primitives created: 1
09:08:30 | INFO: Extracting primitive: V05_FG_RACK-51_LOAD_8_1_MESH
09:08:30 | INFO: Primitives created: 1
09:08:30 | INFO: Extracting primitive: V05_FG_RACK-51_LOAD_8_2_MESH
09:08:30 | INFO: Primitives created: 1
09:08:30 | INFO: Extracting primitive: V05_FG_RACK-51_LOAD_8_3_MESH
09:08:30 | INFO: Primitives created: 1
09:08:30 | INFO: Extracting primitive: V05_FG_RACK-51_PALLET_0_0_MESH
09:08:30 | INFO: Primitives created: 1
09:08:30 | INFO: Extracting primitive: V05_FG_RACK-51_PALLET_0_1_MESH
09:08:30 | INFO: Primitives created: 1
09:08:30 | INFO: Extracting primitive: V05_FG_RACK-51_PALLET_0_2_MESH
09:08:30 | INFO: Primitives created: 1
09:08:30 | INFO: Extracting primitive: V05_FG_RACK-51_PALLET_0_3_MESH
09:08:30 | INFO: Primitives created: 1
09:08:30 | INFO: Extracting primitive: V05_FG_RACK-51_PALLET_1_0_MESH
09:08:30 | INFO: Primitives created: 1
09:08:30 | INFO: Extracting primitive: V05_FG_RACK-51_PALLET_1_1_MESH
09:08:30 | INFO: Primitives created: 1
09:08:30 | INFO: Extracting primitive: V05_FG_RACK-51_PALLET_1_2_MESH
09:08:30 | INFO: Primitives created: 1
09:08:30 | INFO: Extracting primitive: V05_FG_RACK-51_PALLET_1_3_MESH
09:08:30 | INFO: Primitives created: 1
09:08:30 | INFO: Extracting primitive: V05_FG_RACK-51_PALLET_2_0_MESH
09:08:30 | INFO: Primitives created: 1
09:08:30 | INFO: Extracting primitive: V05_FG_RACK-51_PALLET_2_1_MESH
09:08:30 | INFO: Primitives created: 1
09:08:30 | INFO: Extracting primitive: V05_FG_RACK-51_PALLET_2_2_MESH
09:08:30 | INFO: Primitives created: 1
09:08:30 | INFO: Extracting primitive: V05_FG_RACK-51_PALLET_2_3_MESH
09:08:30 | INFO: Primitives created: 1
09:08:30 | INFO: Extracting primitive: V05_FG_RACK-51_PALLET_3_0_MESH
09:08:30 | INFO: Primitives created: 1
09:08:30 | INFO: Extracting primitive: V05_FG_RACK-51_PALLET_3_1_MESH
09:08:30 | INFO: Primitives created: 1
09:08:30 | INFO: Extracting primitive: V05_FG_RACK-51_PALLET_3_2_MESH
09:08:30 | INFO: Primitives created: 1
09:08:30 | INFO: Extracting primitive: V05_FG_RACK-51_PALLET_3_3_MESH
09:08:30 | INFO: Primitives created: 1
09:08:30 | INFO: Extracting primitive: V05_FG_RACK-51_PALLET_4_0_MESH
09:08:30 | INFO: Primitives created: 1
09:08:30 | INFO: Extracting primitive: V05_FG_RACK-51_PALLET_4_1_MESH
09:08:30 | INFO: Primitives created: 1
09:08:30 | INFO: Extracting primitive: V05_FG_RACK-51_PALLET_4_2_MESH
09:08:30 | INFO: Primitives created: 1
09:08:30 | INFO: Extracting primitive: V05_FG_RACK-51_PALLET_4_3_MESH
09:08:30 | INFO: Primitives created: 1
09:08:30 | INFO: Extracting primitive: V05_FG_RACK-51_PALLET_5_0_MESH
09:08:30 | INFO: Primitives created: 1
09:08:30 | INFO: Extracting primitive: V05_FG_RACK-51_PALLET_5_1_MESH
09:08:30 | INFO: Primitives created: 1
09:08:30 | INFO: Extracting primitive: V05_FG_RACK-51_PALLET_5_2_MESH
09:08:30 | INFO: Primitives created: 1
09:08:30 | INFO: Extracting primitive: V05_FG_RACK-51_PALLET_5_3_MESH
09:08:30 | INFO: Primitives created: 1
09:08:30 | INFO: Extracting primitive: V05_FG_RACK-51_PALLET_6_0_MESH
09:08:30 | INFO: Primitives created: 1
09:08:30 | INFO: Extracting primitive: V05_FG_RACK-51_PALLET_6_1_MESH
09:08:30 | INFO: Primitives created: 1
09:08:30 | INFO: Extracting primitive: V05_FG_RACK-51_PALLET_6_2_MESH
09:08:30 | INFO: Primitives created: 1
09:08:30 | INFO: Extracting primitive: V05_FG_RACK-51_PALLET_6_3_MESH
09:08:30 | INFO: Primitives created: 1
09:08:30 | INFO: Extracting primitive: V05_FG_RACK-51_PALLET_7_0_MESH
09:08:30 | INFO: Primitives created: 1
09:08:30 | INFO: Extracting primitive: V05_FG_RACK-51_PALLET_7_1_MESH
09:08:30 | INFO: Primitives created: 1
09:08:30 | INFO: Extracting primitive: V05_FG_RACK-51_PALLET_7_2_MESH
09:08:30 | INFO: Primitives created: 1
09:08:30 | INFO: Extracting primitive: V05_FG_RACK-51_PALLET_7_3_MESH
09:08:30 | INFO: Primitives created: 1
09:08:30 | INFO: Extracting primitive: V05_FG_RACK-51_PALLET_8_0_MESH
09:08:30 | INFO: Primitives created: 1
09:08:30 | INFO: Extracting primitive: V05_FG_RACK-51_PALLET_8_1_MESH
09:08:30 | INFO: Primitives created: 1
09:08:30 | INFO: Extracting primitive: V05_FG_RACK-51_PALLET_8_2_MESH
09:08:30 | INFO: Primitives created: 1
09:08:30 | INFO: Extracting primitive: V05_FG_RACK-51_PALLET_8_3_MESH
09:08:30 | INFO: Primitives created: 1
09:08:30 | INFO: Extracting primitive: V05_FG_RACK-51_UPRIGHT_0_0_MESH
09:08:30 | INFO: Primitives created: 1
09:08:30 | INFO: Extracting primitive: V05_FG_RACK-51_UPRIGHT_0_1_MESH
09:08:30 | INFO: Primitives created: 1
09:08:30 | INFO: Extracting primitive: V05_FG_RACK-51_UPRIGHT_0_2_MESH
09:08:30 | INFO: Primitives created: 1
09:08:30 | INFO: Extracting primitive: V05_FG_RACK-51_UPRIGHT_0_3_MESH
09:08:30 | INFO: Primitives created: 1
09:08:30 | INFO: Extracting primitive: V05_FG_RACK-51_UPRIGHT_1_0_MESH
09:08:30 | INFO: Primitives created: 1
09:08:30 | INFO: Extracting primitive: V05_FG_RACK-51_UPRIGHT_1_1_MESH
09:08:30 | INFO: Primitives created: 1
09:08:30 | INFO: Extracting primitive: V05_FG_RACK-51_UPRIGHT_1_2_MESH
09:08:30 | INFO: Primitives created: 1
09:08:30 | INFO: Extracting primitive: V05_FG_RACK-51_UPRIGHT_1_3_MESH
09:08:30 | INFO: Primitives created: 1
09:08:30 | INFO: Extracting primitive: V05_FG_RACK-51_UPRIGHT_2_0_MESH
09:08:30 | INFO: Primitives created: 1
09:08:30 | INFO: Extracting primitive: V05_FG_RACK-51_UPRIGHT_2_1_MESH
09:08:30 | INFO: Primitives created: 1
09:08:30 | INFO: Extracting primitive: V05_FG_RACK-51_UPRIGHT_2_2_MESH
09:08:30 | INFO: Primitives created: 1
09:08:30 | INFO: Extracting primitive: V05_FG_RACK-51_UPRIGHT_2_3_MESH
09:08:30 | INFO: Primitives created: 1
09:08:30 | INFO: Extracting primitive: V05_FG_RACK-51_UPRIGHT_3_0_MESH
09:08:30 | INFO: Primitives created: 1
09:08:30 | INFO: Extracting primitive: V05_FG_RACK-51_UPRIGHT_3_1_MESH
09:08:30 | INFO: Primitives created: 1
09:08:30 | INFO: Extracting primitive: V05_FG_RACK-51_UPRIGHT_3_2_MESH
09:08:30 | INFO: Primitives created: 1
09:08:30 | INFO: Extracting primitive: V05_FG_RACK-51_UPRIGHT_3_3_MESH
09:08:30 | INFO: Primitives created: 1
09:08:30 | INFO: Extracting primitive: V05_FG_RACK-51_UPRIGHT_4_0_MESH
09:08:30 | INFO: Primitives created: 1
09:08:30 | INFO: Extracting primitive: V05_FG_RACK-51_UPRIGHT_4_1_MESH
09:08:30 | INFO: Primitives created: 1
09:08:30 | INFO: Extracting primitive: V05_FG_RACK-51_UPRIGHT_4_2_MESH
09:08:30 | INFO: Primitives created: 1
09:08:30 | INFO: Extracting primitive: V05_FG_RACK-51_UPRIGHT_4_3_MESH
09:08:30 | INFO: Primitives created: 1
09:08:30 | INFO: Extracting primitive: V05_FG_RACK-51_UPRIGHT_5_0_MESH
09:08:30 | INFO: Primitives created: 1
09:08:30 | INFO: Extracting primitive: V05_FG_RACK-51_UPRIGHT_5_1_MESH
09:08:30 | INFO: Primitives created: 1
09:08:30 | INFO: Extracting primitive: V05_FG_RACK-51_UPRIGHT_5_2_MESH
09:08:30 | INFO: Primitives created: 1
09:08:30 | INFO: Extracting primitive: V05_FG_RACK-51_UPRIGHT_5_3_MESH
09:08:30 | INFO: Primitives created: 1
09:08:30 | INFO: Extracting primitive: V05_FG_RACK-51_UPRIGHT_6_0_MESH
09:08:30 | INFO: Primitives created: 1
09:08:30 | INFO: Extracting primitive: V05_FG_RACK-51_UPRIGHT_6_1_MESH
09:08:30 | INFO: Primitives created: 1
09:08:30 | INFO: Extracting primitive: V05_FG_RACK-51_UPRIGHT_6_2_MESH
09:08:30 | INFO: Primitives created: 1
09:08:30 | INFO: Extracting primitive: V05_FG_RACK-51_UPRIGHT_6_3_MESH
09:08:30 | INFO: Primitives created: 1
09:08:30 | INFO: Extracting primitive: V05_FG_RACK-51_UPRIGHT_7_0_MESH
09:08:30 | INFO: Primitives created: 1
09:08:30 | INFO: Extracting primitive: V05_FG_RACK-51_UPRIGHT_7_1_MESH
09:08:30 | INFO: Primitives created: 1
09:08:30 | INFO: Extracting primitive: V05_FG_RACK-51_UPRIGHT_7_2_MESH
09:08:30 | INFO: Primitives created: 1
09:08:30 | INFO: Extracting primitive: V05_FG_RACK-51_UPRIGHT_7_3_MESH
09:08:30 | INFO: Primitives created: 1
09:08:30 | INFO: Extracting primitive: V05_FG_RACK-51_UPRIGHT_8_0_MESH
09:08:30 | INFO: Primitives created: 1
09:08:30 | INFO: Extracting primitive: V05_FG_RACK-51_UPRIGHT_8_1_MESH
09:08:30 | INFO: Primitives created: 1
09:08:30 | INFO: Extracting primitive: V05_FG_RACK-51_UPRIGHT_8_2_MESH
09:08:30 | INFO: Primitives created: 1
09:08:30 | INFO: Extracting primitive: V05_FG_RACK-51_UPRIGHT_8_3_MESH
09:08:30 | INFO: Primitives created: 1
09:08:30 | INFO: Extracting primitive: V05_FG_RACK-58_BEAM_0_MESH
09:08:30 | INFO: Primitives created: 1
09:08:30 | INFO: Extracting primitive: V05_FG_RACK-58_BEAM_1_MESH
09:08:30 | INFO: Primitives created: 1
09:08:30 | INFO: Extracting primitive: V05_FG_RACK-58_BEAM_2_MESH
09:08:30 | INFO: Primitives created: 1
09:08:30 | INFO: Extracting primitive: V05_FG_RACK-58_BEAM_3_MESH
09:08:30 | INFO: Primitives created: 1
09:08:30 | INFO: Extracting primitive: V05_FG_RACK-58_LOAD_0_0_MESH
09:08:30 | INFO: Primitives created: 1
09:08:30 | INFO: Extracting primitive: V05_FG_RACK-58_LOAD_0_1_MESH
09:08:30 | INFO: Primitives created: 1
09:08:30 | INFO: Extracting primitive: V05_FG_RACK-58_LOAD_0_2_MESH
09:08:30 | INFO: Primitives created: 1
09:08:30 | INFO: Extracting primitive: V05_FG_RACK-58_LOAD_0_3_MESH
09:08:30 | INFO: Primitives created: 1
09:08:30 | INFO: Extracting primitive: V05_FG_RACK-58_LOAD_1_0_MESH
09:08:30 | INFO: Primitives created: 1
09:08:30 | INFO: Extracting primitive: V05_FG_RACK-58_LOAD_1_1_MESH
09:08:30 | INFO: Primitives created: 1
09:08:30 | INFO: Extracting primitive: V05_FG_RACK-58_LOAD_1_2_MESH
09:08:30 | INFO: Primitives created: 1
09:08:30 | INFO: Extracting primitive: V05_FG_RACK-58_LOAD_1_3_MESH
09:08:30 | INFO: Primitives created: 1
09:08:30 | INFO: Extracting primitive: V05_FG_RACK-58_LOAD_2_0_MESH
09:08:30 | INFO: Primitives created: 1
09:08:30 | INFO: Extracting primitive: V05_FG_RACK-58_LOAD_2_1_MESH
09:08:30 | INFO: Primitives created: 1
09:08:30 | INFO: Extracting primitive: V05_FG_RACK-58_LOAD_2_2_MESH
09:08:30 | INFO: Primitives created: 1
09:08:30 | INFO: Extracting primitive: V05_FG_RACK-58_LOAD_2_3_MESH
09:08:30 | INFO: Primitives created: 1
09:08:30 | INFO: Extracting primitive: V05_FG_RACK-58_LOAD_3_0_MESH
09:08:30 | INFO: Primitives created: 1
09:08:30 | INFO: Extracting primitive: V05_FG_RACK-58_LOAD_3_1_MESH
09:08:30 | INFO: Primitives created: 1
09:08:30 | INFO: Extracting primitive: V05_FG_RACK-58_LOAD_3_2_MESH
09:08:30 | INFO: Primitives created: 1
09:08:30 | INFO: Extracting primitive: V05_FG_RACK-58_LOAD_3_3_MESH
09:08:30 | INFO: Primitives created: 1
09:08:30 | INFO: Extracting primitive: V05_FG_RACK-58_LOAD_4_0_MESH
09:08:30 | INFO: Primitives created: 1
09:08:30 | INFO: Extracting primitive: V05_FG_RACK-58_LOAD_4_1_MESH
09:08:30 | INFO: Primitives created: 1
09:08:30 | INFO: Extracting primitive: V05_FG_RACK-58_LOAD_4_2_MESH
09:08:30 | INFO: Primitives created: 1
09:08:30 | INFO: Extracting primitive: V05_FG_RACK-58_LOAD_4_3_MESH
09:08:30 | INFO: Primitives created: 1
09:08:30 | INFO: Extracting primitive: V05_FG_RACK-58_LOAD_5_0_MESH
09:08:30 | INFO: Primitives created: 1
09:08:30 | INFO: Extracting primitive: V05_FG_RACK-58_LOAD_5_1_MESH
09:08:30 | INFO: Primitives created: 1
09:08:30 | INFO: Extracting primitive: V05_FG_RACK-58_LOAD_5_2_MESH
09:08:30 | INFO: Primitives created: 1
09:08:30 | INFO: Extracting primitive: V05_FG_RACK-58_LOAD_5_3_MESH
09:08:30 | INFO: Primitives created: 1
09:08:30 | INFO: Extracting primitive: V05_FG_RACK-58_LOAD_6_0_MESH
09:08:30 | INFO: Primitives created: 1
09:08:30 | INFO: Extracting primitive: V05_FG_RACK-58_LOAD_6_1_MESH
09:08:30 | INFO: Primitives created: 1
09:08:30 | INFO: Extracting primitive: V05_FG_RACK-58_LOAD_6_2_MESH
09:08:30 | INFO: Primitives created: 1
09:08:30 | INFO: Extracting primitive: V05_FG_RACK-58_LOAD_6_3_MESH
09:08:30 | INFO: Primitives created: 1
09:08:30 | INFO: Extracting primitive: V05_FG_RACK-58_LOAD_7_0_MESH
09:08:30 | INFO: Primitives created: 1
09:08:30 | INFO: Extracting primitive: V05_FG_RACK-58_LOAD_7_1_MESH
09:08:30 | INFO: Primitives created: 1
09:08:30 | INFO: Extracting primitive: V05_FG_RACK-58_LOAD_7_2_MESH
09:08:30 | INFO: Primitives created: 1
09:08:30 | INFO: Extracting primitive: V05_FG_RACK-58_LOAD_7_3_MESH
09:08:30 | INFO: Primitives created: 1
09:08:30 | INFO: Extracting primitive: V05_FG_RACK-58_LOAD_8_0_MESH
09:08:30 | INFO: Primitives created: 1
09:08:30 | INFO: Extracting primitive: V05_FG_RACK-58_LOAD_8_1_MESH
09:08:30 | INFO: Primitives created: 1
09:08:30 | INFO: Extracting primitive: V05_FG_RACK-58_LOAD_8_2_MESH
09:08:30 | INFO: Primitives created: 1
09:08:30 | INFO: Extracting primitive: V05_FG_RACK-58_LOAD_8_3_MESH
09:08:30 | INFO: Primitives created: 1
09:08:30 | INFO: Extracting primitive: V05_FG_RACK-58_PALLET_0_0_MESH
09:08:30 | INFO: Primitives created: 1
09:08:30 | INFO: Extracting primitive: V05_FG_RACK-58_PALLET_0_1_MESH
09:08:30 | INFO: Primitives created: 1
09:08:30 | INFO: Extracting primitive: V05_FG_RACK-58_PALLET_0_2_MESH
09:08:30 | INFO: Primitives created: 1
09:08:30 | INFO: Extracting primitive: V05_FG_RACK-58_PALLET_0_3_MESH
09:08:30 | INFO: Primitives created: 1
09:08:30 | INFO: Extracting primitive: V05_FG_RACK-58_PALLET_1_0_MESH
09:08:30 | INFO: Primitives created: 1
09:08:30 | INFO: Extracting primitive: V05_FG_RACK-58_PALLET_1_1_MESH
09:08:30 | INFO: Primitives created: 1
09:08:30 | INFO: Extracting primitive: V05_FG_RACK-58_PALLET_1_2_MESH
09:08:30 | INFO: Primitives created: 1
09:08:30 | INFO: Extracting primitive: V05_FG_RACK-58_PALLET_1_3_MESH
09:08:30 | INFO: Primitives created: 1
09:08:30 | INFO: Extracting primitive: V05_FG_RACK-58_PALLET_2_0_MESH
09:08:30 | INFO: Primitives created: 1
09:08:30 | INFO: Extracting primitive: V05_FG_RACK-58_PALLET_2_1_MESH
09:08:30 | INFO: Primitives created: 1
09:08:30 | INFO: Extracting primitive: V05_FG_RACK-58_PALLET_2_2_MESH
09:08:30 | INFO: Primitives created: 1
09:08:30 | INFO: Extracting primitive: V05_FG_RACK-58_PALLET_2_3_MESH
09:08:30 | INFO: Primitives created: 1
09:08:30 | INFO: Extracting primitive: V05_FG_RACK-58_PALLET_3_0_MESH
09:08:30 | INFO: Primitives created: 1
09:08:30 | INFO: Extracting primitive: V05_FG_RACK-58_PALLET_3_1_MESH
09:08:30 | INFO: Primitives created: 1
09:08:30 | INFO: Extracting primitive: V05_FG_RACK-58_PALLET_3_2_MESH
09:08:30 | INFO: Primitives created: 1
09:08:30 | INFO: Extracting primitive: V05_FG_RACK-58_PALLET_3_3_MESH
09:08:30 | INFO: Primitives created: 1
09:08:30 | INFO: Extracting primitive: V05_FG_RACK-58_PALLET_4_0_MESH
09:08:30 | INFO: Primitives created: 1
09:08:30 | INFO: Extracting primitive: V05_FG_RACK-58_PALLET_4_1_MESH
09:08:30 | INFO: Primitives created: 1
09:08:30 | INFO: Extracting primitive: V05_FG_RACK-58_PALLET_4_2_MESH
09:08:30 | INFO: Primitives created: 1
09:08:30 | INFO: Extracting primitive: V05_FG_RACK-58_PALLET_4_3_MESH
09:08:30 | INFO: Primitives created: 1
09:08:30 | INFO: Extracting primitive: V05_FG_RACK-58_PALLET_5_0_MESH
09:08:30 | INFO: Primitives created: 1
09:08:30 | INFO: Extracting primitive: V05_FG_RACK-58_PALLET_5_1_MESH
09:08:30 | INFO: Primitives created: 1
09:08:30 | INFO: Extracting primitive: V05_FG_RACK-58_PALLET_5_2_MESH
09:08:30 | INFO: Primitives created: 1
09:08:30 | INFO: Extracting primitive: V05_FG_RACK-58_PALLET_5_3_MESH
09:08:30 | INFO: Primitives created: 1
09:08:30 | INFO: Extracting primitive: V05_FG_RACK-58_PALLET_6_0_MESH
09:08:30 | INFO: Primitives created: 1
09:08:30 | INFO: Extracting primitive: V05_FG_RACK-58_PALLET_6_1_MESH
09:08:30 | INFO: Primitives created: 1
09:08:30 | INFO: Extracting primitive: V05_FG_RACK-58_PALLET_6_2_MESH
09:08:30 | INFO: Primitives created: 1
09:08:30 | INFO: Extracting primitive: V05_FG_RACK-58_PALLET_6_3_MESH
09:08:30 | INFO: Primitives created: 1
09:08:30 | INFO: Extracting primitive: V05_FG_RACK-58_PALLET_7_0_MESH
09:08:30 | INFO: Primitives created: 1
09:08:30 | INFO: Extracting primitive: V05_FG_RACK-58_PALLET_7_1_MESH
09:08:30 | INFO: Primitives created: 1
09:08:30 | INFO: Extracting primitive: V05_FG_RACK-58_PALLET_7_2_MESH
09:08:30 | INFO: Primitives created: 1
09:08:30 | INFO: Extracting primitive: V05_FG_RACK-58_PALLET_7_3_MESH
09:08:30 | INFO: Primitives created: 1
09:08:30 | INFO: Extracting primitive: V05_FG_RACK-58_PALLET_8_0_MESH
09:08:30 | INFO: Primitives created: 1
09:08:30 | INFO: Extracting primitive: V05_FG_RACK-58_PALLET_8_1_MESH
09:08:30 | INFO: Primitives created: 1
09:08:30 | INFO: Extracting primitive: V05_FG_RACK-58_PALLET_8_2_MESH
09:08:30 | INFO: Primitives created: 1
09:08:30 | INFO: Extracting primitive: V05_FG_RACK-58_PALLET_8_3_MESH
09:08:30 | INFO: Primitives created: 1
09:08:30 | INFO: Extracting primitive: V05_FG_RACK-58_UPRIGHT_0_0_MESH
09:08:30 | INFO: Primitives created: 1
09:08:30 | INFO: Extracting primitive: V05_FG_RACK-58_UPRIGHT_0_1_MESH
09:08:30 | INFO: Primitives created: 1
09:08:30 | INFO: Extracting primitive: V05_FG_RACK-58_UPRIGHT_0_2_MESH
09:08:30 | INFO: Primitives created: 1
09:08:30 | INFO: Extracting primitive: V05_FG_RACK-58_UPRIGHT_0_3_MESH
09:08:30 | INFO: Primitives created: 1
09:08:30 | INFO: Extracting primitive: V05_FG_RACK-58_UPRIGHT_1_0_MESH
09:08:30 | INFO: Primitives created: 1
09:08:30 | INFO: Extracting primitive: V05_FG_RACK-58_UPRIGHT_1_1_MESH
09:08:30 | INFO: Primitives created: 1
09:08:30 | INFO: Extracting primitive: V05_FG_RACK-58_UPRIGHT_1_2_MESH
09:08:30 | INFO: Primitives created: 1
09:08:30 | INFO: Extracting primitive: V05_FG_RACK-58_UPRIGHT_1_3_MESH
09:08:30 | INFO: Primitives created: 1
09:08:30 | INFO: Extracting primitive: V05_FG_RACK-58_UPRIGHT_2_0_MESH
09:08:30 | INFO: Primitives created: 1
09:08:30 | INFO: Extracting primitive: V05_FG_RACK-58_UPRIGHT_2_1_MESH
09:08:30 | INFO: Primitives created: 1
09:08:30 | INFO: Extracting primitive: V05_FG_RACK-58_UPRIGHT_2_2_MESH
09:08:30 | INFO: Primitives created: 1
09:08:30 | INFO: Extracting primitive: V05_FG_RACK-58_UPRIGHT_2_3_MESH
09:08:30 | INFO: Primitives created: 1
09:08:30 | INFO: Extracting primitive: V05_FG_RACK-58_UPRIGHT_3_0_MESH
09:08:30 | INFO: Primitives created: 1
09:08:30 | INFO: Extracting primitive: V05_FG_RACK-58_UPRIGHT_3_1_MESH
09:08:30 | INFO: Primitives created: 1
09:08:30 | INFO: Extracting primitive: V05_FG_RACK-58_UPRIGHT_3_2_MESH
09:08:30 | INFO: Primitives created: 1
09:08:30 | INFO: Extracting primitive: V05_FG_RACK-58_UPRIGHT_3_3_MESH
09:08:30 | INFO: Primitives created: 1
09:08:30 | INFO: Extracting primitive: V05_FG_RACK-58_UPRIGHT_4_0_MESH
09:08:30 | INFO: Primitives created: 1
09:08:30 | INFO: Extracting primitive: V05_FG_RACK-58_UPRIGHT_4_1_MESH
09:08:30 | INFO: Primitives created: 1
09:08:30 | INFO: Extracting primitive: V05_FG_RACK-58_UPRIGHT_4_2_MESH
09:08:30 | INFO: Primitives created: 1
09:08:30 | INFO: Extracting primitive: V05_FG_RACK-58_UPRIGHT_4_3_MESH
09:08:30 | INFO: Primitives created: 1
09:08:30 | INFO: Extracting primitive: V05_FG_RACK-58_UPRIGHT_5_0_MESH
09:08:30 | INFO: Primitives created: 1
09:08:30 | INFO: Extracting primitive: V05_FG_RACK-58_UPRIGHT_5_1_MESH
09:08:30 | INFO: Primitives created: 1
09:08:30 | INFO: Extracting primitive: V05_FG_RACK-58_UPRIGHT_5_2_MESH
09:08:30 | INFO: Primitives created: 1
09:08:30 | INFO: Extracting primitive: V05_FG_RACK-58_UPRIGHT_5_3_MESH
09:08:30 | INFO: Primitives created: 1
09:08:30 | INFO: Extracting primitive: V05_FG_RACK-58_UPRIGHT_6_0_MESH
09:08:30 | INFO: Primitives created: 1
09:08:30 | INFO: Extracting primitive: V05_FG_RACK-58_UPRIGHT_6_1_MESH
09:08:30 | INFO: Primitives created: 1
09:08:30 | INFO: Extracting primitive: V05_FG_RACK-58_UPRIGHT_6_2_MESH
09:08:30 | INFO: Primitives created: 1
09:08:30 | INFO: Extracting primitive: V05_FG_RACK-58_UPRIGHT_6_3_MESH
09:08:30 | INFO: Primitives created: 1
09:08:30 | INFO: Extracting primitive: V05_FG_RACK-58_UPRIGHT_7_0_MESH
09:08:30 | INFO: Primitives created: 1
09:08:30 | INFO: Extracting primitive: V05_FG_RACK-58_UPRIGHT_7_1_MESH
09:08:30 | INFO: Primitives created: 1
09:08:30 | INFO: Extracting primitive: V05_FG_RACK-58_UPRIGHT_7_2_MESH
09:08:30 | INFO: Primitives created: 1
09:08:30 | INFO: Extracting primitive: V05_FG_RACK-58_UPRIGHT_7_3_MESH
09:08:30 | INFO: Primitives created: 1
09:08:30 | INFO: Extracting primitive: V05_FG_RACK-58_UPRIGHT_8_0_MESH
09:08:30 | INFO: Primitives created: 1
09:08:30 | INFO: Extracting primitive: V05_FG_RACK-58_UPRIGHT_8_1_MESH
09:08:30 | INFO: Primitives created: 1
09:08:30 | INFO: Extracting primitive: V05_FG_RACK-58_UPRIGHT_8_2_MESH
09:08:30 | INFO: Primitives created: 1
09:08:30 | INFO: Extracting primitive: V05_FG_RACK-58_UPRIGHT_8_3_MESH
09:08:30 | INFO: Primitives created: 1
09:08:30 | INFO: Extracting primitive: V05_FG_RIGHT_MESH
09:08:30 | INFO: Primitives created: 1
09:08:30 | INFO: Extracting primitive: V05_FG_SOFFIT_65.44_MESH
09:08:30 | INFO: Primitives created: 1
09:08:30 | INFO: Extracting primitive: V05_FG_SOFFIT_80_MESH
09:08:30 | INFO: Primitives created: 1
09:08:30 | INFO: Extracting primitive: V05_FG_SOFFIT_94.56_MESH
09:08:30 | INFO: Primitives created: 1
09:08:30 | INFO: Extracting primitive: V05_FG_STAGE0_BASE_MESH
09:08:30 | INFO: Primitives created: 1
09:08:30 | INFO: Extracting primitive: V05_FG_STAGE0_LOAD_MESH
09:08:30 | INFO: Primitives created: 1
09:08:30 | INFO: Extracting primitive: V05_FG_STAGE1_BASE_MESH
09:08:30 | INFO: Primitives created: 1
09:08:30 | INFO: Extracting primitive: V05_FG_STAGE1_LOAD_MESH
09:08:30 | INFO: Primitives created: 1
09:08:30 | INFO: Extracting primitive: V05_FG_STAGE2_BASE_MESH
09:08:30 | INFO: Primitives created: 1
09:08:30 | INFO: Extracting primitive: V05_FG_STAGE2_LOAD_MESH
09:08:30 | INFO: Primitives created: 1
09:08:30 | INFO: Extracting primitive: V05_FG_STAGE3_BASE_MESH
09:08:30 | INFO: Primitives created: 1
09:08:30 | INFO: Extracting primitive: V05_FG_STAGE3_LOAD_MESH
09:08:30 | INFO: Primitives created: 1
09:08:30 | INFO: Extracting primitive: V05_FG_STAGE4_BASE_MESH
09:08:30 | INFO: Primitives created: 1
09:08:30 | INFO: Extracting primitive: V05_FG_STAGE4_LOAD_MESH
09:08:30 | INFO: Primitives created: 1
09:08:30 | INFO: Extracting primitive: V05_FG_STAGE5_BASE_MESH
09:08:30 | INFO: Primitives created: 1
09:08:30 | INFO: Extracting primitive: V05_FG_STAGE5_LOAD_MESH
09:08:30 | INFO: Primitives created: 1
09:08:30 | INFO: Extracting primitive: V05_FG_STAGE6_BASE_MESH
09:08:30 | INFO: Primitives created: 1
09:08:30 | INFO: Extracting primitive: V05_FG_STAGE6_LOAD_MESH
09:08:30 | INFO: Primitives created: 1
09:08:30 | INFO: Extracting primitive: V05_FIRE0_BACK_MESH
09:08:30 | INFO: Primitives created: 1
09:08:30 | INFO: Extracting primitive: V05_FIRE0_DOOR_HEADER_MESH
09:08:30 | INFO: Primitives created: 1
09:08:30 | INFO: Extracting primitive: V05_FIRE0_DOOR_L_MESH
09:08:30 | INFO: Primitives created: 1
09:08:30 | INFO: Extracting primitive: V05_FIRE0_DOOR_R_MESH
09:08:30 | INFO: Primitives created: 1
09:08:30 | INFO: Extracting primitive: V05_FIRE0_FLOOR_MESH
09:08:30 | INFO: Primitives created: 1
09:08:30 | INFO: Extracting primitive: V05_FIRE0_LEFT_MESH
09:08:30 | INFO: Primitives created: 1
09:08:30 | INFO: Extracting primitive: V05_FIRE0_LIGHT_0_FIXTURE_MESH
09:08:30 | INFO: Primitives created: 1
09:08:30 | INFO: Extracting primitive: V05_FIRE0_LIGHT_0_GLOW_MESH
09:08:30 | INFO: Primitives created: 1
09:08:30 | INFO: Extracting primitive: V05_FIRE0_LIGHT_1_FIXTURE_MESH
09:08:30 | INFO: Primitives created: 1
09:08:30 | INFO: Extracting primitive: V05_FIRE0_LIGHT_1_GLOW_MESH
09:08:30 | INFO: Primitives created: 1
09:08:30 | INFO: Extracting primitive: V05_FIRE0_RIGHT_MESH
09:08:30 | INFO: Primitives created: 1
09:08:30 | INFO: Extracting primitive: V05_FIRE0_SOFFIT_88.4_MESH
09:08:30 | INFO: Primitives created: 1
09:08:30 | INFO: Extracting primitive: V05_FIRE0_SOFFIT_94_MESH
09:08:30 | INFO: Primitives created: 1
09:08:30 | INFO: Extracting primitive: V05_FIRE0_SOFFIT_99.6_MESH
09:08:30 | INFO: Primitives created: 1
09:08:30 | INFO: Extracting primitive: V05_FIRE1_BACK_MESH
09:08:30 | INFO: Primitives created: 1
09:08:30 | INFO: Extracting primitive: V05_FIRE1_DOOR_HEADER_MESH
09:08:30 | INFO: Primitives created: 1
09:08:30 | INFO: Extracting primitive: V05_FIRE1_DOOR_L_MESH
09:08:30 | INFO: Primitives created: 1
09:08:30 | INFO: Extracting primitive: V05_FIRE1_DOOR_R_MESH
09:08:30 | INFO: Primitives created: 1
09:08:30 | INFO: Extracting primitive: V05_FIRE1_FLOOR_MESH
09:08:30 | INFO: Primitives created: 1
09:08:30 | INFO: Extracting primitive: V05_FIRE1_LEFT_MESH
09:08:30 | INFO: Primitives created: 1
09:08:30 | INFO: Extracting primitive: V05_FIRE1_LIGHT_0_FIXTURE_MESH
09:08:30 | INFO: Primitives created: 1
09:08:30 | INFO: Extracting primitive: V05_FIRE1_LIGHT_0_GLOW_MESH
09:08:30 | INFO: Primitives created: 1
09:08:30 | INFO: Extracting primitive: V05_FIRE1_LIGHT_1_FIXTURE_MESH
09:08:30 | INFO: Primitives created: 1
09:08:30 | INFO: Extracting primitive: V05_FIRE1_LIGHT_1_GLOW_MESH
09:08:30 | INFO: Primitives created: 1
09:08:30 | INFO: Extracting primitive: V05_FIRE1_RIGHT_MESH
09:08:30 | INFO: Primitives created: 1
09:08:30 | INFO: Extracting primitive: V05_FIRE1_SOFFIT_88.4_MESH
09:08:30 | INFO: Primitives created: 1
09:08:30 | INFO: Extracting primitive: V05_FIRE1_SOFFIT_94_MESH
09:08:30 | INFO: Primitives created: 1
09:08:30 | INFO: Extracting primitive: V05_FIRE1_SOFFIT_99.6_MESH
09:08:30 | INFO: Primitives created: 1
09:08:30 | INFO: Extracting primitive: V05_FIRE_HEADER0_MESH
09:08:30 | INFO: Primitives created: 1
09:08:30 | INFO: Extracting primitive: V05_FIRE_HEADER1_MESH
09:08:30 | INFO: Primitives created: 1
09:08:30 | INFO: Extracting primitive: V05_FIRE_PANEL0_MESH
09:08:30 | INFO: Primitives created: 1
09:08:30 | INFO: Extracting primitive: V05_FIRE_PANEL1_MESH
09:08:30 | INFO: Primitives created: 1
09:08:30 | INFO: Extracting primitive: V05_FIRE_PUMP0_0_BASE_MESH
09:08:30 | INFO: Primitives created: 1
09:08:30 | INFO: Extracting primitive: V05_FIRE_PUMP0_0_HOUSING_MESH
09:08:30 | INFO: Primitives created: 1
09:08:30 | INFO: Extracting primitive: V05_FIRE_PUMP0_0_PANEL_MESH
09:08:30 | INFO: Primitives created: 1
09:08:30 | INFO: Extracting primitive: V05_FIRE_PUMP0_1_BASE_MESH
09:08:30 | INFO: Primitives created: 1
09:08:30 | INFO: Extracting primitive: V05_FIRE_PUMP0_1_HOUSING_MESH
09:08:30 | INFO: Primitives created: 1
09:08:30 | INFO: Extracting primitive: V05_FIRE_PUMP0_1_PANEL_MESH
09:08:30 | INFO: Primitives created: 1
09:08:30 | INFO: Extracting primitive: V05_FIRE_PUMP1_0_BASE_MESH
09:08:30 | INFO: Primitives created: 1
09:08:30 | INFO: Extracting primitive: V05_FIRE_PUMP1_0_HOUSING_MESH
09:08:30 | INFO: Primitives created: 1
09:08:30 | INFO: Extracting primitive: V05_FIRE_PUMP1_0_PANEL_MESH
09:08:30 | INFO: Primitives created: 1
09:08:30 | INFO: Extracting primitive: V05_FIRE_PUMP1_1_BASE_MESH
09:08:30 | INFO: Primitives created: 1
09:08:30 | INFO: Extracting primitive: V05_FIRE_PUMP1_1_HOUSING_MESH
09:08:30 | INFO: Primitives created: 1
09:08:30 | INFO: Extracting primitive: V05_FIRE_PUMP1_1_PANEL_MESH
09:08:30 | INFO: Primitives created: 1
09:08:30 | INFO: Extracting primitive: V05_FIRE_SUCTION0_MESH
09:08:30 | INFO: Primitives created: 1
09:08:30 | INFO: Extracting primitive: V05_FIRE_SUCTION1_MESH
09:08:30 | INFO: Primitives created: 1
09:08:30 | INFO: Extracting primitive: V05_FIRE_VALVE0_0_MESH
09:08:30 | INFO: Primitives created: 1
09:08:30 | INFO: Extracting primitive: V05_FIRE_VALVE0_1_MESH
09:08:30 | INFO: Primitives created: 1
09:08:30 | INFO: Extracting primitive: V05_FIRE_VALVE0_2_MESH
09:08:30 | INFO: Primitives created: 1
09:08:30 | INFO: Extracting primitive: V05_FIRE_VALVE0_3_MESH
09:08:30 | INFO: Primitives created: 1
09:08:30 | INFO: Extracting primitive: V05_FIRE_VALVE1_0_MESH
09:08:30 | INFO: Primitives created: 1
09:08:30 | INFO: Extracting primitive: V05_FIRE_VALVE1_1_MESH
09:08:30 | INFO: Primitives created: 1
09:08:30 | INFO: Extracting primitive: V05_FIRE_VALVE1_2_MESH
09:08:30 | INFO: Primitives created: 1
09:08:30 | INFO: Extracting primitive: V05_FIRE_VALVE1_3_MESH
09:08:30 | INFO: Primitives created: 1
09:08:30 | INFO: Extracting primitive: V05_GATE_BARRIER0_MESH
09:08:30 | INFO: Primitives created: 1
09:08:30 | INFO: Extracting primitive: V05_GATE_BARRIER1_MESH
09:08:30 | INFO: Primitives created: 1
09:08:30 | INFO: Extracting primitive: V05_GATE_DESK_MESH
09:08:30 | INFO: Primitives created: 1
09:08:30 | INFO: Extracting primitive: V05_GATE_MONITOR_WALL_MESH
09:08:30 | INFO: Primitives created: 1
09:08:30 | INFO: Extracting primitive: V05_GATE_WINDOW0_MESH
09:08:30 | INFO: Primitives created: 1
09:08:30 | INFO: Extracting primitive: V05_GATE_WINDOW1_MESH
09:08:30 | INFO: Primitives created: 1
09:08:30 | INFO: Extracting primitive: V05_GATE_WINDOW2_MESH
09:08:30 | INFO: Primitives created: 1
09:08:30 | INFO: Extracting primitive: V05_GATEHOUSE_BACK_MESH
09:08:30 | INFO: Primitives created: 1
09:08:30 | INFO: Extracting primitive: V05_GATEHOUSE_DOOR_HEADER_MESH
09:08:30 | INFO: Primitives created: 1
09:08:30 | INFO: Extracting primitive: V05_GATEHOUSE_DOOR_L_MESH
09:08:30 | INFO: Primitives created: 1
09:08:30 | INFO: Extracting primitive: V05_GATEHOUSE_DOOR_R_MESH
09:08:30 | INFO: Primitives created: 1
09:08:30 | INFO: Extracting primitive: V05_GATEHOUSE_FLOOR_MESH
09:08:30 | INFO: Primitives created: 1
09:08:30 | INFO: Extracting primitive: V05_GATEHOUSE_LEFT_MESH
09:08:30 | INFO: Primitives created: 1
09:08:30 | INFO: Extracting primitive: V05_GATEHOUSE_LIGHT_0_FIXTURE_MESH
09:08:30 | INFO: Primitives created: 1
09:08:30 | INFO: Extracting primitive: V05_GATEHOUSE_LIGHT_0_GLOW_MESH
09:08:30 | INFO: Primitives created: 1
09:08:30 | INFO: Extracting primitive: V05_GATEHOUSE_LIGHT_1_FIXTURE_MESH
09:08:30 | INFO: Primitives created: 1
09:08:30 | INFO: Extracting primitive: V05_GATEHOUSE_LIGHT_1_GLOW_MESH
09:08:30 | INFO: Primitives created: 1
09:08:30 | INFO: Extracting primitive: V05_GATEHOUSE_RIGHT_MESH
09:08:30 | INFO: Primitives created: 1
09:08:30 | INFO: Extracting primitive: V05_GATEHOUSE_SOFFIT_90.4_MESH
09:08:30 | INFO: Primitives created: 1
09:08:30 | INFO: Extracting primitive: V05_GATEHOUSE_SOFFIT_96_MESH
09:08:30 | INFO: Primitives created: 1
09:08:30 | INFO: Extracting primitive: V05_GATEHOUSE_SOFFIT_101.6_MESH
09:08:30 | INFO: Primitives created: 1
09:08:30 | INFO: Extracting primitive: V05_GLASS_BACK_MESH
09:08:30 | INFO: Primitives created: 1
09:08:30 | INFO: Extracting primitive: V05_GLASS_CAFE_BACKBAR_MESH
09:08:30 | INFO: Primitives created: 1
09:08:30 | INFO: Extracting primitive: V05_GLASS_CAFE_COUNTER_MESH
09:08:30 | INFO: Primitives created: 1
09:08:30 | INFO: Extracting primitive: V05_GLASS_CAFE_SEAT0_MESH
09:08:30 | INFO: Primitives created: 1
09:08:30 | INFO: Extracting primitive: V05_GLASS_CAFE_SEAT1_MESH
09:08:30 | INFO: Primitives created: 1
09:08:30 | INFO: Extracting primitive: V05_GLASS_CAFE_SEAT2_MESH
09:08:30 | INFO: Primitives created: 1
09:08:30 | INFO: Extracting primitive: V05_GLASS_CAFE_SEAT3_MESH
09:08:30 | INFO: Primitives created: 1
09:08:30 | INFO: Extracting primitive: V05_GLASS_COMMAND_WALL_MESH
09:08:30 | INFO: Primitives created: 1
09:08:30 | INFO: Extracting primitive: V05_GLASS_CONSOLE0_MESH
09:08:30 | INFO: Primitives created: 1
09:08:30 | INFO: Extracting primitive: V05_GLASS_CONSOLE1_MESH
09:08:30 | INFO: Primitives created: 1
09:08:30 | INFO: Extracting primitive: V05_GLASS_CONSOLE2_MESH
09:08:30 | INFO: Primitives created: 1
09:08:30 | INFO: Extracting primitive: V05_GLASS_CONSOLE3_MESH
09:08:30 | INFO: Primitives created: 1
09:08:30 | INFO: Extracting primitive: V05_GLASS_FLOOR_MESH
09:08:30 | INFO: Primitives created: 1
09:08:30 | INFO: Extracting primitive: V05_GLASS_LEFT_MESH
09:08:30 | INFO: Primitives created: 1
09:08:30 | INFO: Extracting primitive: V05_GLASS_LIGHT_0_FIXTURE_MESH
09:08:30 | INFO: Primitives created: 1
09:08:30 | INFO: Extracting primitive: V05_GLASS_LIGHT_0_GLOW_MESH
09:08:30 | INFO: Primitives created: 1
09:08:30 | INFO: Extracting primitive: V05_GLASS_LIGHT_1_FIXTURE_MESH
09:08:30 | INFO: Primitives created: 1
09:08:30 | INFO: Extracting primitive: V05_GLASS_LIGHT_1_GLOW_MESH
09:08:30 | INFO: Primitives created: 1
09:08:30 | INFO: Extracting primitive: V05_GLASS_MONITOR0_MESH
09:08:30 | INFO: Primitives created: 1
09:08:30 | INFO: Extracting primitive: V05_GLASS_MONITOR1_MESH
09:08:30 | INFO: Primitives created: 1
09:08:30 | INFO: Extracting primitive: V05_GLASS_MONITOR2_MESH
09:08:30 | INFO: Primitives created: 1
09:08:30 | INFO: Extracting primitive: V05_GLASS_MONITOR3_MESH
09:08:30 | INFO: Primitives created: 1
09:08:30 | INFO: Extracting primitive: V05_GLASS_RIGHT_MESH
09:08:30 | INFO: Primitives created: 1
09:08:30 | INFO: Extracting primitive: V05_GLASS_SOFFIT_67.2_MESH
09:08:30 | INFO: Primitives created: 1
09:08:30 | INFO: Extracting primitive: V05_GLASS_SOFFIT_70_MESH
09:08:30 | INFO: Primitives created: 1
09:08:30 | INFO: Extracting primitive: V05_GLASS_SOFFIT_72.8_MESH
09:08:30 | INFO: Primitives created: 1
09:08:30 | INFO: Extracting primitive: V05_GLASS_TRAINING_CHAIR_0_MESH
09:08:30 | INFO: Primitives created: 1
09:08:30 | INFO: Extracting primitive: V05_GLASS_TRAINING_CHAIR_1_MESH
09:08:30 | INFO: Primitives created: 1
09:08:30 | INFO: Extracting primitive: V05_GLASS_TRAINING_CHAIR_2_MESH
09:08:30 | INFO: Primitives created: 1
09:08:30 | INFO: Extracting primitive: V05_GLASS_TRAINING_CHAIR_3_MESH
09:08:30 | INFO: Primitives created: 1
09:08:30 | INFO: Extracting primitive: V05_GLASS_TRAINING_CHAIR_4_MESH
09:08:30 | INFO: Primitives created: 1
09:08:30 | INFO: Extracting primitive: V05_GLASS_TRAINING_CHAIR_5_MESH
09:08:30 | INFO: Primitives created: 1
09:08:30 | INFO: Extracting primitive: V05_GLASS_TRAINING_CHAIR_6_MESH
09:08:30 | INFO: Primitives created: 1
09:08:30 | INFO: Extracting primitive: V05_GLASS_TRAINING_CHAIR_7_MESH
09:08:30 | INFO: Primitives created: 1
09:08:30 | INFO: Extracting primitive: V05_GLASS_TRAINING_TABLE_MESH
09:08:30 | INFO: Primitives created: 1
09:08:30 | INFO: Extracting primitive: V05_GYM_MACHINE0_BASE_MESH
09:08:30 | INFO: Primitives created: 1
09:08:30 | INFO: Extracting primitive: V05_GYM_MACHINE0_HOUSING_MESH
09:08:30 | INFO: Primitives created: 1
09:08:30 | INFO: Extracting primitive: V05_GYM_MACHINE0_PANEL_MESH
09:08:30 | INFO: Primitives created: 1
09:08:30 | INFO: Extracting primitive: V05_GYM_MACHINE1_BASE_MESH
09:08:30 | INFO: Primitives created: 1
09:08:30 | INFO: Extracting primitive: V05_GYM_MACHINE1_HOUSING_MESH
09:08:30 | INFO: Primitives created: 1
09:08:30 | INFO: Extracting primitive: V05_GYM_MACHINE1_PANEL_MESH
09:08:30 | INFO: Primitives created: 1
09:08:30 | INFO: Extracting primitive: V05_GYM_MACHINE2_BASE_MESH
09:08:30 | INFO: Primitives created: 1
09:08:30 | INFO: Extracting primitive: V05_GYM_MACHINE2_HOUSING_MESH
09:08:30 | INFO: Primitives created: 1
09:08:30 | INFO: Extracting primitive: V05_GYM_MACHINE2_PANEL_MESH
09:08:30 | INFO: Primitives created: 1
09:08:30 | INFO: Extracting primitive: V05_KITCHEN_APPLIANCE0_BASE_MESH
09:08:30 | INFO: Primitives created: 1
09:08:30 | INFO: Extracting primitive: V05_KITCHEN_APPLIANCE0_HOUSING_MESH
09:08:30 | INFO: Primitives created: 1
09:08:30 | INFO: Extracting primitive: V05_KITCHEN_APPLIANCE0_PANEL_MESH
09:08:30 | INFO: Primitives created: 1
09:08:30 | INFO: Extracting primitive: V05_KITCHEN_APPLIANCE1_BASE_MESH
09:08:30 | INFO: Primitives created: 1
09:08:30 | INFO: Extracting primitive: V05_KITCHEN_APPLIANCE1_HOUSING_MESH
09:08:30 | INFO: Primitives created: 1
09:08:30 | INFO: Extracting primitive: V05_KITCHEN_APPLIANCE1_PANEL_MESH
09:08:30 | INFO: Primitives created: 1
09:08:30 | INFO: Extracting primitive: V05_KITCHEN_APPLIANCE2_BASE_MESH
09:08:30 | INFO: Primitives created: 1
09:08:30 | INFO: Extracting primitive: V05_KITCHEN_APPLIANCE2_HOUSING_MESH
09:08:30 | INFO: Primitives created: 1
09:08:30 | INFO: Extracting primitive: V05_KITCHEN_APPLIANCE2_PANEL_MESH
09:08:30 | INFO: Primitives created: 1
09:08:30 | INFO: Extracting primitive: V05_KITCHEN_APPLIANCE3_BASE_MESH
09:08:30 | INFO: Primitives created: 1
09:08:30 | INFO: Extracting primitive: V05_KITCHEN_APPLIANCE3_HOUSING_MESH
09:08:30 | INFO: Primitives created: 1
09:08:30 | INFO: Extracting primitive: V05_KITCHEN_APPLIANCE3_PANEL_MESH
09:08:30 | INFO: Primitives created: 1
09:08:30 | INFO: Extracting primitive: V05_KITCHEN_APPLIANCE4_BASE_MESH
09:08:30 | INFO: Primitives created: 1
09:08:30 | INFO: Extracting primitive: V05_KITCHEN_APPLIANCE4_HOUSING_MESH
09:08:30 | INFO: Primitives created: 1
09:08:30 | INFO: Extracting primitive: V05_KITCHEN_APPLIANCE4_PANEL_MESH
09:08:30 | INFO: Primitives created: 1
09:08:30 | INFO: Extracting primitive: V05_KITCHEN_PARTITION_PANEL_MESH
09:08:30 | INFO: Primitives created: 1
09:08:30 | INFO: Extracting primitive: V05_KITCHEN_PARTITION_POST_MESH
09:08:30 | INFO: Primitives created: 1
09:08:30 | INFO: Extracting primitive: V05_KITCHEN_STORAGE_BEAM_0_MESH
09:08:30 | INFO: Primitives created: 1
09:08:30 | INFO: Extracting primitive: V05_KITCHEN_STORAGE_BEAM_1_MESH
09:08:30 | INFO: Primitives created: 1
09:08:30 | INFO: Extracting primitive: V05_KITCHEN_STORAGE_LOAD_0_0_MESH
09:08:30 | INFO: Primitives created: 1
09:08:30 | INFO: Extracting primitive: V05_KITCHEN_STORAGE_LOAD_0_1_MESH
09:08:30 | INFO: Primitives created: 1
09:08:30 | INFO: Extracting primitive: V05_KITCHEN_STORAGE_LOAD_1_0_MESH
09:08:30 | INFO: Primitives created: 1
09:08:30 | INFO: Extracting primitive: V05_KITCHEN_STORAGE_LOAD_1_1_MESH
09:08:30 | INFO: Primitives created: 1
09:08:30 | INFO: Extracting primitive: V05_KITCHEN_STORAGE_LOAD_2_0_MESH
09:08:30 | INFO: Primitives created: 1
09:08:30 | INFO: Extracting primitive: V05_KITCHEN_STORAGE_LOAD_2_1_MESH
09:08:30 | INFO: Primitives created: 1
09:08:30 | INFO: Extracting primitive: V05_KITCHEN_STORAGE_PALLET_0_0_MESH
09:08:30 | INFO: Primitives created: 1
09:08:30 | INFO: Extracting primitive: V05_KITCHEN_STORAGE_PALLET_0_1_MESH
09:08:30 | INFO: Primitives created: 1
09:08:30 | INFO: Extracting primitive: V05_KITCHEN_STORAGE_PALLET_1_0_MESH
09:08:30 | INFO: Primitives created: 1
09:08:30 | INFO: Extracting primitive: V05_KITCHEN_STORAGE_PALLET_1_1_MESH
09:08:30 | INFO: Primitives created: 1
09:08:30 | INFO: Extracting primitive: V05_KITCHEN_STORAGE_PALLET_2_0_MESH
09:08:30 | INFO: Primitives created: 1
09:08:30 | INFO: Extracting primitive: V05_KITCHEN_STORAGE_PALLET_2_1_MESH
09:08:30 | INFO: Primitives created: 1
09:08:30 | INFO: Extracting primitive: V05_KITCHEN_STORAGE_UPRIGHT_0_0_MESH
09:08:30 | INFO: Primitives created: 1
09:08:30 | INFO: Extracting primitive: V05_KITCHEN_STORAGE_UPRIGHT_0_1_MESH
09:08:30 | INFO: Primitives created: 1
09:08:30 | INFO: Extracting primitive: V05_KITCHEN_STORAGE_UPRIGHT_1_0_MESH
09:08:30 | INFO: Primitives created: 1
09:08:30 | INFO: Extracting primitive: V05_KITCHEN_STORAGE_UPRIGHT_1_1_MESH
09:08:30 | INFO: Primitives created: 1
09:08:30 | INFO: Extracting primitive: V05_KITCHEN_STORAGE_UPRIGHT_2_0_MESH
09:08:30 | INFO: Primitives created: 1
09:08:30 | INFO: Extracting primitive: V05_KITCHEN_STORAGE_UPRIGHT_2_1_MESH
09:08:30 | INFO: Primitives created: 1
09:08:30 | INFO: Extracting primitive: V05_LIQUID_BACK_MESH
09:08:30 | INFO: Primitives created: 1
09:08:30 | INFO: Extracting primitive: V05_LIQUID_CAPPER_BASE_MESH
09:08:30 | INFO: Primitives created: 1
09:08:30 | INFO: Extracting primitive: V05_LIQUID_CAPPER_HOUSING_MESH
09:08:30 | INFO: Primitives created: 1
09:08:30 | INFO: Extracting primitive: V05_LIQUID_CAPPER_PANEL_MESH
09:08:30 | INFO: Primitives created: 1
09:08:30 | INFO: Extracting primitive: V05_LIQUID_CASE_A_MESH
09:08:30 | INFO: Primitives created: 1
09:08:30 | INFO: Extracting primitive: V05_LIQUID_CASE_B_MESH
09:08:30 | INFO: Primitives created: 1
09:08:30 | INFO: Extracting primitive: V05_LIQUID_CASE_BED_MESH
09:08:30 | INFO: Primitives created: 1
09:08:30 | INFO: Extracting primitive: V05_LIQUID_CASE_PACK_BASE_MESH
09:08:30 | INFO: Primitives created: 1
09:08:30 | INFO: Extracting primitive: V05_LIQUID_CASE_PACK_HOUSING_MESH
09:08:30 | INFO: Primitives created: 1
09:08:30 | INFO: Extracting primitive: V05_LIQUID_CASE_PACK_PANEL_MESH
09:08:30 | INFO: Primitives created: 1
09:08:30 | INFO: Extracting primitive: V05_LIQUID_CASE_ROLLER0_MESH
09:08:30 | INFO: Primitives created: 1
09:08:30 | INFO: Extracting primitive: V05_LIQUID_CASE_ROLLER1_MESH
09:08:30 | INFO: Primitives created: 1
09:08:30 | INFO: Extracting primitive: V05_LIQUID_CASE_ROLLER2_MESH
09:08:30 | INFO: Primitives created: 1
09:08:30 | INFO: Extracting primitive: V05_LIQUID_CASE_ROLLER3_MESH
09:08:30 | INFO: Primitives created: 1
09:08:30 | INFO: Extracting primitive: V05_LIQUID_CASE_ROLLER4_MESH
09:08:30 | INFO: Primitives created: 1
09:08:30 | INFO: Extracting primitive: V05_LIQUID_CASE_ROLLER5_MESH
09:08:30 | INFO: Primitives created: 1
09:08:30 | INFO: Extracting primitive: V05_LIQUID_CASE_ROLLER6_MESH
09:08:30 | INFO: Primitives created: 1
09:08:30 | INFO: Extracting primitive: V05_LIQUID_DOOR_HEADER_MESH
09:08:30 | INFO: Primitives created: 1
09:08:30 | INFO: Extracting primitive: V05_LIQUID_DOOR_L_MESH
09:08:30 | INFO: Primitives created: 1
09:08:30 | INFO: Extracting primitive: V05_LIQUID_DOOR_R_MESH
09:08:30 | INFO: Primitives created: 1
09:08:30 | INFO: Extracting primitive: V05_LIQUID_FILLER_BASE_MESH
09:08:30 | INFO: Primitives created: 1
09:08:30 | INFO: Extracting primitive: V05_LIQUID_FILLER_HOUSING_MESH
09:08:30 | INFO: Primitives created: 1
09:08:30 | INFO: Extracting primitive: V05_LIQUID_FILLER_PANEL_MESH
09:08:30 | INFO: Primitives created: 1
09:08:30 | INFO: Extracting primitive: V05_LIQUID_FLOOR_MESH
09:08:30 | INFO: Primitives created: 1
09:08:30 | INFO: Extracting primitive: V05_LIQUID_INFEED_A_MESH
09:08:30 | INFO: Primitives created: 1
09:08:30 | INFO: Extracting primitive: V05_LIQUID_INFEED_B_MESH
09:08:30 | INFO: Primitives created: 1
09:08:30 | INFO: Extracting primitive: V05_LIQUID_INFEED_BED_MESH
09:08:30 | INFO: Primitives created: 1
09:08:30 | INFO: Extracting primitive: V05_LIQUID_INFEED_ROLLER0_MESH
09:08:30 | INFO: Primitives created: 1
09:08:30 | INFO: Extracting primitive: V05_LIQUID_INFEED_ROLLER1_MESH
09:08:30 | INFO: Primitives created: 1
09:08:30 | INFO: Extracting primitive: V05_LIQUID_INFEED_ROLLER2_MESH
09:08:30 | INFO: Primitives created: 1
09:08:30 | INFO: Extracting primitive: V05_LIQUID_INFEED_ROLLER3_MESH
09:08:30 | INFO: Primitives created: 1
09:08:30 | INFO: Extracting primitive: V05_LIQUID_INFEED_ROLLER4_MESH
09:08:30 | INFO: Primitives created: 1
09:08:30 | INFO: Extracting primitive: V05_LIQUID_INFEED_ROLLER5_MESH
09:08:30 | INFO: Primitives created: 1
09:08:30 | INFO: Extracting primitive: V05_LIQUID_INFEED_ROLLER6_MESH
09:08:30 | INFO: Primitives created: 1
09:08:30 | INFO: Extracting primitive: V05_LIQUID_INSPECT_BASE_MESH
09:08:30 | INFO: Primitives created: 1
09:08:30 | INFO: Extracting primitive: V05_LIQUID_INSPECT_HOUSING_MESH
09:08:30 | INFO: Primitives created: 1
09:08:30 | INFO: Extracting primitive: V05_LIQUID_INSPECT_PANEL_MESH
09:08:30 | INFO: Primitives created: 1
09:08:30 | INFO: Extracting primitive: V05_LIQUID_LABEL_A_MESH
09:08:30 | INFO: Primitives created: 1
09:08:30 | INFO: Extracting primitive: V05_LIQUID_LABEL_B_MESH
09:08:30 | INFO: Primitives created: 1
09:08:30 | INFO: Extracting primitive: V05_LIQUID_LABEL_BED_MESH
09:08:30 | INFO: Primitives created: 1
09:08:30 | INFO: Extracting primitive: V05_LIQUID_LABEL_ROLLER0_MESH
09:08:30 | INFO: Primitives created: 1
09:08:30 | INFO: Extracting primitive: V05_LIQUID_LABEL_ROLLER1_MESH
09:08:30 | INFO: Primitives created: 1
09:08:30 | INFO: Extracting primitive: V05_LIQUID_LABEL_ROLLER2_MESH
09:08:30 | INFO: Primitives created: 1
09:08:30 | INFO: Extracting primitive: V05_LIQUID_LABEL_ROLLER3_MESH
09:08:30 | INFO: Primitives created: 1
09:08:30 | INFO: Extracting primitive: V05_LIQUID_LABEL_ROLLER4_MESH
09:08:30 | INFO: Primitives created: 1
09:08:30 | INFO: Extracting primitive: V05_LIQUID_LABEL_ROLLER5_MESH
09:08:30 | INFO: Primitives created: 1
09:08:30 | INFO: Extracting primitive: V05_LIQUID_LABEL_ROLLER6_MESH
09:08:30 | INFO: Primitives created: 1
09:08:30 | INFO: Extracting primitive: V05_LIQUID_LEFT_MESH
09:08:30 | INFO: Primitives created: 1
09:08:30 | INFO: Extracting primitive: V05_LIQUID_LIGHT_0_FIXTURE_MESH
09:08:30 | INFO: Primitives created: 1
09:08:30 | INFO: Extracting primitive: V05_LIQUID_LIGHT_0_GLOW_MESH
09:08:30 | INFO: Primitives created: 1
09:08:30 | INFO: Extracting primitive: V05_LIQUID_LIGHT_1_FIXTURE_MESH
09:08:30 | INFO: Primitives created: 1
09:08:30 | INFO: Extracting primitive: V05_LIQUID_LIGHT_1_GLOW_MESH
09:08:30 | INFO: Primitives created: 1
09:08:30 | INFO: Extracting primitive: V05_LIQUID_LIGHT_2_FIXTURE_MESH
09:08:30 | INFO: Primitives created: 1
09:08:30 | INFO: Extracting primitive: V05_LIQUID_LIGHT_2_GLOW_MESH
09:08:30 | INFO: Primitives created: 1
09:08:30 | INFO: Extracting primitive: V05_LIQUID_LIGHT_3_FIXTURE_MESH
09:08:30 | INFO: Primitives created: 1
09:08:30 | INFO: Extracting primitive: V05_LIQUID_LIGHT_3_GLOW_MESH
09:08:30 | INFO: Primitives created: 1
09:08:30 | INFO: Extracting primitive: V05_LIQUID_NOZZLE0_MESH
09:08:30 | INFO: Primitives created: 1
09:08:30 | INFO: Extracting primitive: V05_LIQUID_NOZZLE1_MESH
09:08:30 | INFO: Primitives created: 1
09:08:30 | INFO: Extracting primitive: V05_LIQUID_NOZZLE2_MESH
09:08:30 | INFO: Primitives created: 1
09:08:30 | INFO: Extracting primitive: V05_LIQUID_NOZZLE3_MESH
09:08:30 | INFO: Primitives created: 1
09:08:30 | INFO: Extracting primitive: V05_LIQUID_NOZZLE4_MESH
09:08:30 | INFO: Primitives created: 1
09:08:30 | INFO: Extracting primitive: V05_LIQUID_NOZZLE5_MESH
09:08:30 | INFO: Primitives created: 1
09:08:30 | INFO: Extracting primitive: V05_LIQUID_RIGHT_MESH
09:08:30 | INFO: Primitives created: 1
09:08:30 | INFO: Extracting primitive: V05_LIQUID_SOFFIT_10_MESH
09:08:30 | INFO: Primitives created: 1
09:08:30 | INFO: Extracting primitive: V05_LIQUID_SOFFIT_22.880000000000003_MESH
09:08:30 | INFO: Primitives created: 1
09:08:30 | INFO: Extracting primitive: V05_LIQUID_SOFFIT_-2.880000000000001_MESH
09:08:30 | INFO: Primitives created: 1
09:08:30 | INFO: Extracting primitive: V05_LIQUID_TO_CAPPER_A_MESH
09:08:30 | INFO: Primitives created: 1
09:08:30 | INFO: Extracting primitive: V05_LIQUID_TO_CAPPER_B_MESH
09:08:30 | INFO: Primitives created: 1
09:08:30 | INFO: Extracting primitive: V05_LIQUID_TO_CAPPER_BED_MESH
09:08:30 | INFO: Primitives created: 1
09:08:30 | INFO: Extracting primitive: V05_LIQUID_TO_CAPPER_ROLLER0_MESH
09:08:30 | INFO: Primitives created: 1
09:08:30 | INFO: Extracting primitive: V05_LIQUID_TO_CAPPER_ROLLER1_MESH
09:08:30 | INFO: Primitives created: 1
09:08:30 | INFO: Extracting primitive: V05_LIQUID_TO_CAPPER_ROLLER2_MESH
09:08:30 | INFO: Primitives created: 1
09:08:30 | INFO: Extracting primitive: V05_LIQUID_TO_CAPPER_ROLLER3_MESH
09:08:30 | INFO: Primitives created: 1
09:08:30 | INFO: Extracting primitive: V05_LIQUID_TO_CAPPER_ROLLER4_MESH
09:08:30 | INFO: Primitives created: 1
09:08:30 | INFO: Extracting primitive: V05_LIQUID_TO_CAPPER_ROLLER5_MESH
09:08:30 | INFO: Primitives created: 1
09:08:30 | INFO: Extracting primitive: V05_LIQUID_TO_CAPPER_ROLLER6_MESH
09:08:30 | INFO: Primitives created: 1
09:08:30 | INFO: Extracting primitive: V05_PACK_BACK_MESH
09:08:30 | INFO: Primitives created: 1
09:08:30 | INFO: Extracting primitive: V05_PACK_CARTON0_BASE_MESH
09:08:30 | INFO: Primitives created: 1
09:08:30 | INFO: Extracting primitive: V05_PACK_CARTON0_LOAD_MESH
09:08:30 | INFO: Primitives created: 1
09:08:30 | INFO: Extracting primitive: V05_PACK_CARTON1_BASE_MESH
09:08:30 | INFO: Primitives created: 1
09:08:30 | INFO: Extracting primitive: V05_PACK_CARTON1_LOAD_MESH
09:08:30 | INFO: Primitives created: 1
09:08:30 | INFO: Extracting primitive: V05_PACK_CARTON2_BASE_MESH
09:08:30 | INFO: Primitives created: 1
09:08:30 | INFO: Extracting primitive: V05_PACK_CARTON2_LOAD_MESH
09:08:30 | INFO: Primitives created: 1
09:08:30 | INFO: Extracting primitive: V05_PACK_CARTON3_BASE_MESH
09:08:30 | INFO: Primitives created: 1
09:08:30 | INFO: Extracting primitive: V05_PACK_CARTON3_LOAD_MESH
09:08:30 | INFO: Primitives created: 1
09:08:30 | INFO: Extracting primitive: V05_PACK_CARTON4_BASE_MESH
09:08:30 | INFO: Primitives created: 1
09:08:30 | INFO: Extracting primitive: V05_PACK_CARTON4_LOAD_MESH
09:08:30 | INFO: Primitives created: 1
09:08:30 | INFO: Extracting primitive: V05_PACK_DOOR_HEADER_MESH
09:08:30 | INFO: Primitives created: 1
09:08:30 | INFO: Extracting primitive: V05_PACK_DOOR_L_MESH
09:08:30 | INFO: Primitives created: 1
09:08:30 | INFO: Extracting primitive: V05_PACK_DOOR_R_MESH
09:08:30 | INFO: Primitives created: 1
09:08:30 | INFO: Extracting primitive: V05_PACK_FLOOR_MESH
09:08:30 | INFO: Primitives created: 1
09:08:30 | INFO: Extracting primitive: V05_PACK_LEFT_MESH
09:08:30 | INFO: Primitives created: 1
09:08:30 | INFO: Extracting primitive: V05_PACK_LIGHT_0_FIXTURE_MESH
09:08:30 | INFO: Primitives created: 1
09:08:30 | INFO: Extracting primitive: V05_PACK_LIGHT_0_GLOW_MESH
09:08:30 | INFO: Primitives created: 1
09:08:30 | INFO: Extracting primitive: V05_PACK_LIGHT_1_FIXTURE_MESH
09:08:30 | INFO: Primitives created: 1
09:08:30 | INFO: Extracting primitive: V05_PACK_LIGHT_1_GLOW_MESH
09:08:30 | INFO: Primitives created: 1
09:08:30 | INFO: Extracting primitive: V05_PACK_LIGHT_2_FIXTURE_MESH
09:08:30 | INFO: Primitives created: 1
09:08:30 | INFO: Extracting primitive: V05_PACK_LIGHT_2_GLOW_MESH
09:08:30 | INFO: Primitives created: 1
09:08:30 | INFO: Extracting primitive: V05_PACK_LIGHT_3_FIXTURE_MESH
09:08:30 | INFO: Primitives created: 1
09:08:30 | INFO: Extracting primitive: V05_PACK_LIGHT_3_GLOW_MESH
09:08:30 | INFO: Primitives created: 1
09:08:30 | INFO: Extracting primitive: V05_PACK_LIGHT_4_FIXTURE_MESH
09:08:30 | INFO: Primitives created: 1
09:08:30 | INFO: Extracting primitive: V05_PACK_LIGHT_4_GLOW_MESH
09:08:30 | INFO: Primitives created: 1
09:08:30 | INFO: Extracting primitive: V05_PACK_RACK67_BEAM_0_MESH
09:08:30 | INFO: Primitives created: 1
09:08:30 | INFO: Extracting primitive: V05_PACK_RACK67_BEAM_1_MESH
09:08:30 | INFO: Primitives created: 1
09:08:30 | INFO: Extracting primitive: V05_PACK_RACK67_BEAM_2_MESH
09:08:30 | INFO: Primitives created: 1
09:08:30 | INFO: Extracting primitive: V05_PACK_RACK67_LOAD_0_0_MESH
09:08:30 | INFO: Primitives created: 1
09:08:30 | INFO: Extracting primitive: V05_PACK_RACK67_LOAD_0_1_MESH
09:08:30 | INFO: Primitives created: 1
09:08:30 | INFO: Extracting primitive: V05_PACK_RACK67_LOAD_0_2_MESH
09:08:30 | INFO: Primitives created: 1
09:08:30 | INFO: Extracting primitive: V05_PACK_RACK67_LOAD_1_0_MESH
09:08:30 | INFO: Primitives created: 1
09:08:30 | INFO: Extracting primitive: V05_PACK_RACK67_LOAD_1_1_MESH
09:08:30 | INFO: Primitives created: 1
09:08:30 | INFO: Extracting primitive: V05_PACK_RACK67_LOAD_1_2_MESH
09:08:30 | INFO: Primitives created: 1
09:08:30 | INFO: Extracting primitive: V05_PACK_RACK67_LOAD_2_0_MESH
09:08:30 | INFO: Primitives created: 1
09:08:30 | INFO: Extracting primitive: V05_PACK_RACK67_LOAD_2_1_MESH
09:08:30 | INFO: Primitives created: 1
09:08:30 | INFO: Extracting primitive: V05_PACK_RACK67_LOAD_2_2_MESH
09:08:30 | INFO: Primitives created: 1
09:08:30 | INFO: Extracting primitive: V05_PACK_RACK67_LOAD_3_0_MESH
09:08:30 | INFO: Primitives created: 1
09:08:30 | INFO: Extracting primitive: V05_PACK_RACK67_LOAD_3_1_MESH
09:08:30 | INFO: Primitives created: 1
09:08:30 | INFO: Extracting primitive: V05_PACK_RACK67_LOAD_3_2_MESH
09:08:30 | INFO: Primitives created: 1
09:08:30 | INFO: Extracting primitive: V05_PACK_RACK67_LOAD_4_0_MESH
09:08:30 | INFO: Primitives created: 1
09:08:30 | INFO: Extracting primitive: V05_PACK_RACK67_LOAD_4_1_MESH
09:08:30 | INFO: Primitives created: 1
09:08:30 | INFO: Extracting primitive: V05_PACK_RACK67_LOAD_4_2_MESH
09:08:30 | INFO: Primitives created: 1
09:08:30 | INFO: Extracting primitive: V05_PACK_RACK67_LOAD_5_0_MESH
09:08:30 | INFO: Primitives created: 1
09:08:30 | INFO: Extracting primitive: V05_PACK_RACK67_LOAD_5_1_MESH
09:08:30 | INFO: Primitives created: 1
09:08:30 | INFO: Extracting primitive: V05_PACK_RACK67_LOAD_5_2_MESH
09:08:30 | INFO: Primitives created: 1
09:08:30 | INFO: Extracting primitive: V05_PACK_RACK67_LOAD_6_0_MESH
09:08:30 | INFO: Primitives created: 1
09:08:30 | INFO: Extracting primitive: V05_PACK_RACK67_LOAD_6_1_MESH
09:08:30 | INFO: Primitives created: 1
09:08:30 | INFO: Extracting primitive: V05_PACK_RACK67_LOAD_6_2_MESH
09:08:30 | INFO: Primitives created: 1
09:08:30 | INFO: Extracting primitive: V05_PACK_RACK67_PALLET_0_0_MESH
09:08:30 | INFO: Primitives created: 1
09:08:30 | INFO: Extracting primitive: V05_PACK_RACK67_PALLET_0_1_MESH
09:08:30 | INFO: Primitives created: 1
09:08:30 | INFO: Extracting primitive: V05_PACK_RACK67_PALLET_0_2_MESH
09:08:30 | INFO: Primitives created: 1
09:08:30 | INFO: Extracting primitive: V05_PACK_RACK67_PALLET_1_0_MESH
09:08:30 | INFO: Primitives created: 1
09:08:30 | INFO: Extracting primitive: V05_PACK_RACK67_PALLET_1_1_MESH
09:08:30 | INFO: Primitives created: 1
09:08:30 | INFO: Extracting primitive: V05_PACK_RACK67_PALLET_1_2_MESH
09:08:30 | INFO: Primitives created: 1
09:08:30 | INFO: Extracting primitive: V05_PACK_RACK67_PALLET_2_0_MESH
09:08:30 | INFO: Primitives created: 1
09:08:30 | INFO: Extracting primitive: V05_PACK_RACK67_PALLET_2_1_MESH
09:08:30 | INFO: Primitives created: 1
09:08:30 | INFO: Extracting primitive: V05_PACK_RACK67_PALLET_2_2_MESH
09:08:30 | INFO: Primitives created: 1
09:08:30 | INFO: Extracting primitive: V05_PACK_RACK67_PALLET_3_0_MESH
09:08:30 | INFO: Primitives created: 1
09:08:30 | INFO: Extracting primitive: V05_PACK_RACK67_PALLET_3_1_MESH
09:08:30 | INFO: Primitives created: 1
09:08:30 | INFO: Extracting primitive: V05_PACK_RACK67_PALLET_3_2_MESH
09:08:30 | INFO: Primitives created: 1
09:08:30 | INFO: Extracting primitive: V05_PACK_RACK67_PALLET_4_0_MESH
09:08:30 | INFO: Primitives created: 1
09:08:30 | INFO: Extracting primitive: V05_PACK_RACK67_PALLET_4_1_MESH
09:08:30 | INFO: Primitives created: 1
09:08:30 | INFO: Extracting primitive: V05_PACK_RACK67_PALLET_4_2_MESH
09:08:30 | INFO: Primitives created: 1
09:08:30 | INFO: Extracting primitive: V05_PACK_RACK67_PALLET_5_0_MESH
09:08:30 | INFO: Primitives created: 1
09:08:30 | INFO: Extracting primitive: V05_PACK_RACK67_PALLET_5_1_MESH
09:08:30 | INFO: Primitives created: 1
09:08:30 | INFO: Extracting primitive: V05_PACK_RACK67_PALLET_5_2_MESH
09:08:30 | INFO: Primitives created: 1
09:08:30 | INFO: Extracting primitive: V05_PACK_RACK67_PALLET_6_0_MESH
09:08:30 | INFO: Primitives created: 1
09:08:30 | INFO: Extracting primitive: V05_PACK_RACK67_PALLET_6_1_MESH
09:08:30 | INFO: Primitives created: 1
09:08:30 | INFO: Extracting primitive: V05_PACK_RACK67_PALLET_6_2_MESH
09:08:30 | INFO: Primitives created: 1
09:08:30 | INFO: Extracting primitive: V05_PACK_RACK67_UPRIGHT_0_0_MESH
09:08:30 | INFO: Primitives created: 1
09:08:30 | INFO: Extracting primitive: V05_PACK_RACK67_UPRIGHT_0_1_MESH
09:08:30 | INFO: Primitives created: 1
09:08:30 | INFO: Extracting primitive: V05_PACK_RACK67_UPRIGHT_0_2_MESH
09:08:30 | INFO: Primitives created: 1
09:08:30 | INFO: Extracting primitive: V05_PACK_RACK67_UPRIGHT_1_0_MESH
09:08:30 | INFO: Primitives created: 1
09:08:30 | INFO: Extracting primitive: V05_PACK_RACK67_UPRIGHT_1_1_MESH
09:08:30 | INFO: Primitives created: 1
09:08:30 | INFO: Extracting primitive: V05_PACK_RACK67_UPRIGHT_1_2_MESH
09:08:30 | INFO: Primitives created: 1
09:08:30 | INFO: Extracting primitive: V05_PACK_RACK67_UPRIGHT_2_0_MESH
09:08:30 | INFO: Primitives created: 1
09:08:30 | INFO: Extracting primitive: V05_PACK_RACK67_UPRIGHT_2_1_MESH
09:08:30 | INFO: Primitives created: 1
09:08:30 | INFO: Extracting primitive: V05_PACK_RACK67_UPRIGHT_2_2_MESH
09:08:30 | INFO: Primitives created: 1
09:08:30 | INFO: Extracting primitive: V05_PACK_RACK67_UPRIGHT_3_0_MESH
09:08:30 | INFO: Primitives created: 1
09:08:30 | INFO: Extracting primitive: V05_PACK_RACK67_UPRIGHT_3_1_MESH
09:08:30 | INFO: Primitives created: 1
09:08:30 | INFO: Extracting primitive: V05_PACK_RACK67_UPRIGHT_3_2_MESH
09:08:30 | INFO: Primitives created: 1
09:08:30 | INFO: Extracting primitive: V05_PACK_RACK67_UPRIGHT_4_0_MESH
09:08:30 | INFO: Primitives created: 1
09:08:30 | INFO: Extracting primitive: V05_PACK_RACK67_UPRIGHT_4_1_MESH
09:08:30 | INFO: Primitives created: 1
09:08:30 | INFO: Extracting primitive: V05_PACK_RACK67_UPRIGHT_4_2_MESH
09:08:30 | INFO: Primitives created: 1
09:08:30 | INFO: Extracting primitive: V05_PACK_RACK67_UPRIGHT_5_0_MESH
09:08:30 | INFO: Primitives created: 1
09:08:30 | INFO: Extracting primitive: V05_PACK_RACK67_UPRIGHT_5_1_MESH
09:08:30 | INFO: Primitives created: 1
09:08:30 | INFO: Extracting primitive: V05_PACK_RACK67_UPRIGHT_5_2_MESH
09:08:30 | INFO: Primitives created: 1
09:08:30 | INFO: Extracting primitive: V05_PACK_RACK67_UPRIGHT_6_0_MESH
09:08:30 | INFO: Primitives created: 1
09:08:30 | INFO: Extracting primitive: V05_PACK_RACK67_UPRIGHT_6_1_MESH
09:08:30 | INFO: Primitives created: 1
09:08:30 | INFO: Extracting primitive: V05_PACK_RACK67_UPRIGHT_6_2_MESH
09:08:30 | INFO: Primitives created: 1
09:08:30 | INFO: Extracting primitive: V05_PACK_RACK75_BEAM_0_MESH
09:08:30 | INFO: Primitives created: 1
09:08:30 | INFO: Extracting primitive: V05_PACK_RACK75_BEAM_1_MESH
09:08:30 | INFO: Primitives created: 1
09:08:30 | INFO: Extracting primitive: V05_PACK_RACK75_BEAM_2_MESH
09:08:30 | INFO: Primitives created: 1
09:08:30 | INFO: Extracting primitive: V05_PACK_RACK75_LOAD_0_0_MESH
09:08:30 | INFO: Primitives created: 1
09:08:30 | INFO: Extracting primitive: V05_PACK_RACK75_LOAD_0_1_MESH
09:08:30 | INFO: Primitives created: 1
09:08:30 | INFO: Extracting primitive: V05_PACK_RACK75_LOAD_0_2_MESH
09:08:30 | INFO: Primitives created: 1
09:08:30 | INFO: Extracting primitive: V05_PACK_RACK75_LOAD_1_0_MESH
09:08:30 | INFO: Primitives created: 1
09:08:30 | INFO: Extracting primitive: V05_PACK_RACK75_LOAD_1_1_MESH
09:08:30 | INFO: Primitives created: 1
09:08:30 | INFO: Extracting primitive: V05_PACK_RACK75_LOAD_1_2_MESH
09:08:30 | INFO: Primitives created: 1
09:08:30 | INFO: Extracting primitive: V05_PACK_RACK75_LOAD_2_0_MESH
09:08:30 | INFO: Primitives created: 1
09:08:30 | INFO: Extracting primitive: V05_PACK_RACK75_LOAD_2_1_MESH
09:08:30 | INFO: Primitives created: 1
09:08:30 | INFO: Extracting primitive: V05_PACK_RACK75_LOAD_2_2_MESH
09:08:30 | INFO: Primitives created: 1
09:08:30 | INFO: Extracting primitive: V05_PACK_RACK75_LOAD_3_0_MESH
09:08:30 | INFO: Primitives created: 1
09:08:30 | INFO: Extracting primitive: V05_PACK_RACK75_LOAD_3_1_MESH
09:08:30 | INFO: Primitives created: 1
09:08:30 | INFO: Extracting primitive: V05_PACK_RACK75_LOAD_3_2_MESH
09:08:30 | INFO: Primitives created: 1
09:08:30 | INFO: Extracting primitive: V05_PACK_RACK75_LOAD_4_0_MESH
09:08:30 | INFO: Primitives created: 1
09:08:30 | INFO: Extracting primitive: V05_PACK_RACK75_LOAD_4_1_MESH
09:08:30 | INFO: Primitives created: 1
09:08:30 | INFO: Extracting primitive: V05_PACK_RACK75_LOAD_4_2_MESH
09:08:30 | INFO: Primitives created: 1
09:08:30 | INFO: Extracting primitive: V05_PACK_RACK75_LOAD_5_0_MESH
09:08:30 | INFO: Primitives created: 1
09:08:30 | INFO: Extracting primitive: V05_PACK_RACK75_LOAD_5_1_MESH
09:08:30 | INFO: Primitives created: 1
09:08:30 | INFO: Extracting primitive: V05_PACK_RACK75_LOAD_5_2_MESH
09:08:30 | INFO: Primitives created: 1
09:08:30 | INFO: Extracting primitive: V05_PACK_RACK75_LOAD_6_0_MESH
09:08:30 | INFO: Primitives created: 1
09:08:30 | INFO: Extracting primitive: V05_PACK_RACK75_LOAD_6_1_MESH
09:08:30 | INFO: Primitives created: 1
09:08:30 | INFO: Extracting primitive: V05_PACK_RACK75_LOAD_6_2_MESH
09:08:30 | INFO: Primitives created: 1
09:08:30 | INFO: Extracting primitive: V05_PACK_RACK75_PALLET_0_0_MESH
09:08:30 | INFO: Primitives created: 1
09:08:30 | INFO: Extracting primitive: V05_PACK_RACK75_PALLET_0_1_MESH
09:08:30 | INFO: Primitives created: 1
09:08:30 | INFO: Extracting primitive: V05_PACK_RACK75_PALLET_0_2_MESH
09:08:30 | INFO: Primitives created: 1
09:08:30 | INFO: Extracting primitive: V05_PACK_RACK75_PALLET_1_0_MESH
09:08:30 | INFO: Primitives created: 1
09:08:30 | INFO: Extracting primitive: V05_PACK_RACK75_PALLET_1_1_MESH
09:08:30 | INFO: Primitives created: 1
09:08:30 | INFO: Extracting primitive: V05_PACK_RACK75_PALLET_1_2_MESH
09:08:30 | INFO: Primitives created: 1
09:08:30 | INFO: Extracting primitive: V05_PACK_RACK75_PALLET_2_0_MESH
09:08:30 | INFO: Primitives created: 1
09:08:30 | INFO: Extracting primitive: V05_PACK_RACK75_PALLET_2_1_MESH
09:08:30 | INFO: Primitives created: 1
09:08:30 | INFO: Extracting primitive: V05_PACK_RACK75_PALLET_2_2_MESH
09:08:30 | INFO: Primitives created: 1
09:08:30 | INFO: Extracting primitive: V05_PACK_RACK75_PALLET_3_0_MESH
09:08:30 | INFO: Primitives created: 1
09:08:30 | INFO: Extracting primitive: V05_PACK_RACK75_PALLET_3_1_MESH
09:08:30 | INFO: Primitives created: 1
09:08:30 | INFO: Extracting primitive: V05_PACK_RACK75_PALLET_3_2_MESH
09:08:30 | INFO: Primitives created: 1
09:08:30 | INFO: Extracting primitive: V05_PACK_RACK75_PALLET_4_0_MESH
09:08:30 | INFO: Primitives created: 1
09:08:30 | INFO: Extracting primitive: V05_PACK_RACK75_PALLET_4_1_MESH
09:08:30 | INFO: Primitives created: 1
09:08:30 | INFO: Extracting primitive: V05_PACK_RACK75_PALLET_4_2_MESH
09:08:30 | INFO: Primitives created: 1
09:08:30 | INFO: Extracting primitive: V05_PACK_RACK75_PALLET_5_0_MESH
09:08:30 | INFO: Primitives created: 1
09:08:30 | INFO: Extracting primitive: V05_PACK_RACK75_PALLET_5_1_MESH
09:08:30 | INFO: Primitives created: 1
09:08:30 | INFO: Extracting primitive: V05_PACK_RACK75_PALLET_5_2_MESH
09:08:30 | INFO: Primitives created: 1
09:08:30 | INFO: Extracting primitive: V05_PACK_RACK75_PALLET_6_0_MESH
09:08:30 | INFO: Primitives created: 1
09:08:30 | INFO: Extracting primitive: V05_PACK_RACK75_PALLET_6_1_MESH
09:08:30 | INFO: Primitives created: 1
09:08:30 | INFO: Extracting primitive: V05_PACK_RACK75_PALLET_6_2_MESH
09:08:30 | INFO: Primitives created: 1
09:08:30 | INFO: Extracting primitive: V05_PACK_RACK75_UPRIGHT_0_0_MESH
09:08:30 | INFO: Primitives created: 1
09:08:30 | INFO: Extracting primitive: V05_PACK_RACK75_UPRIGHT_0_1_MESH
09:08:30 | INFO: Primitives created: 1
09:08:30 | INFO: Extracting primitive: V05_PACK_RACK75_UPRIGHT_0_2_MESH
09:08:30 | INFO: Primitives created: 1
09:08:30 | INFO: Extracting primitive: V05_PACK_RACK75_UPRIGHT_1_0_MESH
09:08:30 | INFO: Primitives created: 1
09:08:30 | INFO: Extracting primitive: V05_PACK_RACK75_UPRIGHT_1_1_MESH
09:08:30 | INFO: Primitives created: 1
09:08:30 | INFO: Extracting primitive: V05_PACK_RACK75_UPRIGHT_1_2_MESH
09:08:30 | INFO: Primitives created: 1
09:08:31 | INFO: Extracting primitive: V05_PACK_RACK75_UPRIGHT_2_0_MESH
09:08:31 | INFO: Primitives created: 1
09:08:31 | INFO: Extracting primitive: V05_PACK_RACK75_UPRIGHT_2_1_MESH
09:08:31 | INFO: Primitives created: 1
09:08:31 | INFO: Extracting primitive: V05_PACK_RACK75_UPRIGHT_2_2_MESH
09:08:31 | INFO: Primitives created: 1
09:08:31 | INFO: Extracting primitive: V05_PACK_RACK75_UPRIGHT_3_0_MESH
09:08:31 | INFO: Primitives created: 1
09:08:31 | INFO: Extracting primitive: V05_PACK_RACK75_UPRIGHT_3_1_MESH
09:08:31 | INFO: Primitives created: 1
09:08:31 | INFO: Extracting primitive: V05_PACK_RACK75_UPRIGHT_3_2_MESH
09:08:31 | INFO: Primitives created: 1
09:08:31 | INFO: Extracting primitive: V05_PACK_RACK75_UPRIGHT_4_0_MESH
09:08:31 | INFO: Primitives created: 1
09:08:31 | INFO: Extracting primitive: V05_PACK_RACK75_UPRIGHT_4_1_MESH
09:08:31 | INFO: Primitives created: 1
09:08:31 | INFO: Extracting primitive: V05_PACK_RACK75_UPRIGHT_4_2_MESH
09:08:31 | INFO: Primitives created: 1
09:08:31 | INFO: Extracting primitive: V05_PACK_RACK75_UPRIGHT_5_0_MESH
09:08:31 | INFO: Primitives created: 1
09:08:31 | INFO: Extracting primitive: V05_PACK_RACK75_UPRIGHT_5_1_MESH
09:08:31 | INFO: Primitives created: 1
09:08:31 | INFO: Extracting primitive: V05_PACK_RACK75_UPRIGHT_5_2_MESH
09:08:31 | INFO: Primitives created: 1
09:08:31 | INFO: Extracting primitive: V05_PACK_RACK75_UPRIGHT_6_0_MESH
09:08:31 | INFO: Primitives created: 1
09:08:31 | INFO: Extracting primitive: V05_PACK_RACK75_UPRIGHT_6_1_MESH
09:08:31 | INFO: Primitives created: 1
09:08:31 | INFO: Extracting primitive: V05_PACK_RACK75_UPRIGHT_6_2_MESH
09:08:31 | INFO: Primitives created: 1
09:08:31 | INFO: Extracting primitive: V05_PACK_RACK83_BEAM_0_MESH
09:08:31 | INFO: Primitives created: 1
09:08:31 | INFO: Extracting primitive: V05_PACK_RACK83_BEAM_1_MESH
09:08:31 | INFO: Primitives created: 1
09:08:31 | INFO: Extracting primitive: V05_PACK_RACK83_BEAM_2_MESH
09:08:31 | INFO: Primitives created: 1
09:08:31 | INFO: Extracting primitive: V05_PACK_RACK83_LOAD_0_0_MESH
09:08:31 | INFO: Primitives created: 1
09:08:31 | INFO: Extracting primitive: V05_PACK_RACK83_LOAD_0_1_MESH
09:08:31 | INFO: Primitives created: 1
09:08:31 | INFO: Extracting primitive: V05_PACK_RACK83_LOAD_0_2_MESH
09:08:31 | INFO: Primitives created: 1
09:08:31 | INFO: Extracting primitive: V05_PACK_RACK83_LOAD_1_0_MESH
09:08:31 | INFO: Primitives created: 1
09:08:31 | INFO: Extracting primitive: V05_PACK_RACK83_LOAD_1_1_MESH
09:08:31 | INFO: Primitives created: 1
09:08:31 | INFO: Extracting primitive: V05_PACK_RACK83_LOAD_1_2_MESH
09:08:31 | INFO: Primitives created: 1
09:08:31 | INFO: Extracting primitive: V05_PACK_RACK83_LOAD_2_0_MESH
09:08:31 | INFO: Primitives created: 1
09:08:31 | INFO: Extracting primitive: V05_PACK_RACK83_LOAD_2_1_MESH
09:08:31 | INFO: Primitives created: 1
09:08:31 | INFO: Extracting primitive: V05_PACK_RACK83_LOAD_2_2_MESH
09:08:31 | INFO: Primitives created: 1
09:08:31 | INFO: Extracting primitive: V05_PACK_RACK83_LOAD_3_0_MESH
09:08:31 | INFO: Primitives created: 1
09:08:31 | INFO: Extracting primitive: V05_PACK_RACK83_LOAD_3_1_MESH
09:08:31 | INFO: Primitives created: 1
09:08:31 | INFO: Extracting primitive: V05_PACK_RACK83_LOAD_3_2_MESH
09:08:31 | INFO: Primitives created: 1
09:08:31 | INFO: Extracting primitive: V05_PACK_RACK83_LOAD_4_0_MESH
09:08:31 | INFO: Primitives created: 1
09:08:31 | INFO: Extracting primitive: V05_PACK_RACK83_LOAD_4_1_MESH
09:08:31 | INFO: Primitives created: 1
09:08:31 | INFO: Extracting primitive: V05_PACK_RACK83_LOAD_4_2_MESH
09:08:31 | INFO: Primitives created: 1
09:08:31 | INFO: Extracting primitive: V05_PACK_RACK83_LOAD_5_0_MESH
09:08:31 | INFO: Primitives created: 1
09:08:31 | INFO: Extracting primitive: V05_PACK_RACK83_LOAD_5_1_MESH
09:08:31 | INFO: Primitives created: 1
09:08:31 | INFO: Extracting primitive: V05_PACK_RACK83_LOAD_5_2_MESH
09:08:31 | INFO: Primitives created: 1
09:08:31 | INFO: Extracting primitive: V05_PACK_RACK83_LOAD_6_0_MESH
09:08:31 | INFO: Primitives created: 1
09:08:31 | INFO: Extracting primitive: V05_PACK_RACK83_LOAD_6_1_MESH
09:08:31 | INFO: Primitives created: 1
09:08:31 | INFO: Extracting primitive: V05_PACK_RACK83_LOAD_6_2_MESH
09:08:31 | INFO: Primitives created: 1
09:08:31 | INFO: Extracting primitive: V05_PACK_RACK83_PALLET_0_0_MESH
09:08:31 | INFO: Primitives created: 1
09:08:31 | INFO: Extracting primitive: V05_PACK_RACK83_PALLET_0_1_MESH
09:08:31 | INFO: Primitives created: 1
09:08:31 | INFO: Extracting primitive: V05_PACK_RACK83_PALLET_0_2_MESH
09:08:31 | INFO: Primitives created: 1
09:08:31 | INFO: Extracting primitive: V05_PACK_RACK83_PALLET_1_0_MESH
09:08:31 | INFO: Primitives created: 1
09:08:31 | INFO: Extracting primitive: V05_PACK_RACK83_PALLET_1_1_MESH
09:08:31 | INFO: Primitives created: 1
09:08:31 | INFO: Extracting primitive: V05_PACK_RACK83_PALLET_1_2_MESH
09:08:31 | INFO: Primitives created: 1
09:08:31 | INFO: Extracting primitive: V05_PACK_RACK83_PALLET_2_0_MESH
09:08:31 | INFO: Primitives created: 1
09:08:31 | INFO: Extracting primitive: V05_PACK_RACK83_PALLET_2_1_MESH
09:08:31 | INFO: Primitives created: 1
09:08:31 | INFO: Extracting primitive: V05_PACK_RACK83_PALLET_2_2_MESH
09:08:31 | INFO: Primitives created: 1
09:08:31 | INFO: Extracting primitive: V05_PACK_RACK83_PALLET_3_0_MESH
09:08:31 | INFO: Primitives created: 1
09:08:31 | INFO: Extracting primitive: V05_PACK_RACK83_PALLET_3_1_MESH
09:08:31 | INFO: Primitives created: 1
09:08:31 | INFO: Extracting primitive: V05_PACK_RACK83_PALLET_3_2_MESH
09:08:31 | INFO: Primitives created: 1
09:08:31 | INFO: Extracting primitive: V05_PACK_RACK83_PALLET_4_0_MESH
09:08:31 | INFO: Primitives created: 1
09:08:31 | INFO: Extracting primitive: V05_PACK_RACK83_PALLET_4_1_MESH
09:08:31 | INFO: Primitives created: 1
09:08:31 | INFO: Extracting primitive: V05_PACK_RACK83_PALLET_4_2_MESH
09:08:31 | INFO: Primitives created: 1
09:08:31 | INFO: Extracting primitive: V05_PACK_RACK83_PALLET_5_0_MESH
09:08:31 | INFO: Primitives created: 1
09:08:31 | INFO: Extracting primitive: V05_PACK_RACK83_PALLET_5_1_MESH
09:08:31 | INFO: Primitives created: 1
09:08:31 | INFO: Extracting primitive: V05_PACK_RACK83_PALLET_5_2_MESH
09:08:31 | INFO: Primitives created: 1
09:08:31 | INFO: Extracting primitive: V05_PACK_RACK83_PALLET_6_0_MESH
09:08:31 | INFO: Primitives created: 1
09:08:31 | INFO: Extracting primitive: V05_PACK_RACK83_PALLET_6_1_MESH
09:08:31 | INFO: Primitives created: 1
09:08:31 | INFO: Extracting primitive: V05_PACK_RACK83_PALLET_6_2_MESH
09:08:31 | INFO: Primitives created: 1
09:08:31 | INFO: Extracting primitive: V05_PACK_RACK83_UPRIGHT_0_0_MESH
09:08:31 | INFO: Primitives created: 1
09:08:31 | INFO: Extracting primitive: V05_PACK_RACK83_UPRIGHT_0_1_MESH
09:08:31 | INFO: Primitives created: 1
09:08:31 | INFO: Extracting primitive: V05_PACK_RACK83_UPRIGHT_0_2_MESH
09:08:31 | INFO: Primitives created: 1
09:08:31 | INFO: Extracting primitive: V05_PACK_RACK83_UPRIGHT_1_0_MESH
09:08:31 | INFO: Primitives created: 1
09:08:31 | INFO: Extracting primitive: V05_PACK_RACK83_UPRIGHT_1_1_MESH
09:08:31 | INFO: Primitives created: 1
09:08:31 | INFO: Extracting primitive: V05_PACK_RACK83_UPRIGHT_1_2_MESH
09:08:31 | INFO: Primitives created: 1
09:08:31 | INFO: Extracting primitive: V05_PACK_RACK83_UPRIGHT_2_0_MESH
09:08:31 | INFO: Primitives created: 1
09:08:31 | INFO: Extracting primitive: V05_PACK_RACK83_UPRIGHT_2_1_MESH
09:08:31 | INFO: Primitives created: 1
09:08:31 | INFO: Extracting primitive: V05_PACK_RACK83_UPRIGHT_2_2_MESH
09:08:31 | INFO: Primitives created: 1
09:08:31 | INFO: Extracting primitive: V05_PACK_RACK83_UPRIGHT_3_0_MESH
09:08:31 | INFO: Primitives created: 1
09:08:31 | INFO: Extracting primitive: V05_PACK_RACK83_UPRIGHT_3_1_MESH
09:08:31 | INFO: Primitives created: 1
09:08:31 | INFO: Extracting primitive: V05_PACK_RACK83_UPRIGHT_3_2_MESH
09:08:31 | INFO: Primitives created: 1
09:08:31 | INFO: Extracting primitive: V05_PACK_RACK83_UPRIGHT_4_0_MESH
09:08:31 | INFO: Primitives created: 1
09:08:31 | INFO: Extracting primitive: V05_PACK_RACK83_UPRIGHT_4_1_MESH
09:08:31 | INFO: Primitives created: 1
09:08:31 | INFO: Extracting primitive: V05_PACK_RACK83_UPRIGHT_4_2_MESH
09:08:31 | INFO: Primitives created: 1
09:08:31 | INFO: Extracting primitive: V05_PACK_RACK83_UPRIGHT_5_0_MESH
09:08:31 | INFO: Primitives created: 1
09:08:31 | INFO: Extracting primitive: V05_PACK_RACK83_UPRIGHT_5_1_MESH
09:08:31 | INFO: Primitives created: 1
09:08:31 | INFO: Extracting primitive: V05_PACK_RACK83_UPRIGHT_5_2_MESH
09:08:31 | INFO: Primitives created: 1
09:08:31 | INFO: Extracting primitive: V05_PACK_RACK83_UPRIGHT_6_0_MESH
09:08:31 | INFO: Primitives created: 1
09:08:31 | INFO: Extracting primitive: V05_PACK_RACK83_UPRIGHT_6_1_MESH
09:08:31 | INFO: Primitives created: 1
09:08:31 | INFO: Extracting primitive: V05_PACK_RACK83_UPRIGHT_6_2_MESH
09:08:31 | INFO: Primitives created: 1
09:08:31 | INFO: Extracting primitive: V05_PACK_RACK91_BEAM_0_MESH
09:08:31 | INFO: Primitives created: 1
09:08:31 | INFO: Extracting primitive: V05_PACK_RACK91_BEAM_1_MESH
09:08:31 | INFO: Primitives created: 1
09:08:31 | INFO: Extracting primitive: V05_PACK_RACK91_BEAM_2_MESH
09:08:31 | INFO: Primitives created: 1
09:08:31 | INFO: Extracting primitive: V05_PACK_RACK91_LOAD_0_0_MESH
09:08:31 | INFO: Primitives created: 1
09:08:31 | INFO: Extracting primitive: V05_PACK_RACK91_LOAD_0_1_MESH
09:08:31 | INFO: Primitives created: 1
09:08:31 | INFO: Extracting primitive: V05_PACK_RACK91_LOAD_0_2_MESH
09:08:31 | INFO: Primitives created: 1
09:08:31 | INFO: Extracting primitive: V05_PACK_RACK91_LOAD_1_0_MESH
09:08:31 | INFO: Primitives created: 1
09:08:31 | INFO: Extracting primitive: V05_PACK_RACK91_LOAD_1_1_MESH
09:08:31 | INFO: Primitives created: 1
09:08:31 | INFO: Extracting primitive: V05_PACK_RACK91_LOAD_1_2_MESH
09:08:31 | INFO: Primitives created: 1
09:08:31 | INFO: Extracting primitive: V05_PACK_RACK91_LOAD_2_0_MESH
09:08:31 | INFO: Primitives created: 1
09:08:31 | INFO: Extracting primitive: V05_PACK_RACK91_LOAD_2_1_MESH
09:08:31 | INFO: Primitives created: 1
09:08:31 | INFO: Extracting primitive: V05_PACK_RACK91_LOAD_2_2_MESH
09:08:31 | INFO: Primitives created: 1
09:08:31 | INFO: Extracting primitive: V05_PACK_RACK91_LOAD_3_0_MESH
09:08:31 | INFO: Primitives created: 1
09:08:31 | INFO: Extracting primitive: V05_PACK_RACK91_LOAD_3_1_MESH
09:08:31 | INFO: Primitives created: 1
09:08:31 | INFO: Extracting primitive: V05_PACK_RACK91_LOAD_3_2_MESH
09:08:31 | INFO: Primitives created: 1
09:08:31 | INFO: Extracting primitive: V05_PACK_RACK91_LOAD_4_0_MESH
09:08:31 | INFO: Primitives created: 1
09:08:31 | INFO: Extracting primitive: V05_PACK_RACK91_LOAD_4_1_MESH
09:08:31 | INFO: Primitives created: 1
09:08:31 | INFO: Extracting primitive: V05_PACK_RACK91_LOAD_4_2_MESH
09:08:31 | INFO: Primitives created: 1
09:08:31 | INFO: Extracting primitive: V05_PACK_RACK91_LOAD_5_0_MESH
09:08:31 | INFO: Primitives created: 1
09:08:31 | INFO: Extracting primitive: V05_PACK_RACK91_LOAD_5_1_MESH
09:08:31 | INFO: Primitives created: 1
09:08:31 | INFO: Extracting primitive: V05_PACK_RACK91_LOAD_5_2_MESH
09:08:31 | INFO: Primitives created: 1
09:08:31 | INFO: Extracting primitive: V05_PACK_RACK91_LOAD_6_0_MESH
09:08:31 | INFO: Primitives created: 1
09:08:31 | INFO: Extracting primitive: V05_PACK_RACK91_LOAD_6_1_MESH
09:08:31 | INFO: Primitives created: 1
09:08:31 | INFO: Extracting primitive: V05_PACK_RACK91_LOAD_6_2_MESH
09:08:31 | INFO: Primitives created: 1
09:08:31 | INFO: Extracting primitive: V05_PACK_RACK91_PALLET_0_0_MESH
09:08:31 | INFO: Primitives created: 1
09:08:31 | INFO: Extracting primitive: V05_PACK_RACK91_PALLET_0_1_MESH
09:08:31 | INFO: Primitives created: 1
09:08:31 | INFO: Extracting primitive: V05_PACK_RACK91_PALLET_0_2_MESH
09:08:31 | INFO: Primitives created: 1
09:08:31 | INFO: Extracting primitive: V05_PACK_RACK91_PALLET_1_0_MESH
09:08:31 | INFO: Primitives created: 1
09:08:31 | INFO: Extracting primitive: V05_PACK_RACK91_PALLET_1_1_MESH
09:08:31 | INFO: Primitives created: 1
09:08:31 | INFO: Extracting primitive: V05_PACK_RACK91_PALLET_1_2_MESH
09:08:31 | INFO: Primitives created: 1
09:08:31 | INFO: Extracting primitive: V05_PACK_RACK91_PALLET_2_0_MESH
09:08:31 | INFO: Primitives created: 1
09:08:31 | INFO: Extracting primitive: V05_PACK_RACK91_PALLET_2_1_MESH
09:08:31 | INFO: Primitives created: 1
09:08:31 | INFO: Extracting primitive: V05_PACK_RACK91_PALLET_2_2_MESH
09:08:31 | INFO: Primitives created: 1
09:08:31 | INFO: Extracting primitive: V05_PACK_RACK91_PALLET_3_0_MESH
09:08:31 | INFO: Primitives created: 1
09:08:31 | INFO: Extracting primitive: V05_PACK_RACK91_PALLET_3_1_MESH
09:08:31 | INFO: Primitives created: 1
09:08:31 | INFO: Extracting primitive: V05_PACK_RACK91_PALLET_3_2_MESH
09:08:31 | INFO: Primitives created: 1
09:08:31 | INFO: Extracting primitive: V05_PACK_RACK91_PALLET_4_0_MESH
09:08:31 | INFO: Primitives created: 1
09:08:31 | INFO: Extracting primitive: V05_PACK_RACK91_PALLET_4_1_MESH
09:08:31 | INFO: Primitives created: 1
09:08:31 | INFO: Extracting primitive: V05_PACK_RACK91_PALLET_4_2_MESH
09:08:31 | INFO: Primitives created: 1
09:08:31 | INFO: Extracting primitive: V05_PACK_RACK91_PALLET_5_0_MESH
09:08:31 | INFO: Primitives created: 1
09:08:31 | INFO: Extracting primitive: V05_PACK_RACK91_PALLET_5_1_MESH
09:08:31 | INFO: Primitives created: 1
09:08:31 | INFO: Extracting primitive: V05_PACK_RACK91_PALLET_5_2_MESH
09:08:31 | INFO: Primitives created: 1
09:08:31 | INFO: Extracting primitive: V05_PACK_RACK91_PALLET_6_0_MESH
09:08:31 | INFO: Primitives created: 1
09:08:31 | INFO: Extracting primitive: V05_PACK_RACK91_PALLET_6_1_MESH
09:08:31 | INFO: Primitives created: 1
09:08:31 | INFO: Extracting primitive: V05_PACK_RACK91_PALLET_6_2_MESH
09:08:31 | INFO: Primitives created: 1
09:08:31 | INFO: Extracting primitive: V05_PACK_RACK91_UPRIGHT_0_0_MESH
09:08:31 | INFO: Primitives created: 1
09:08:31 | INFO: Extracting primitive: V05_PACK_RACK91_UPRIGHT_0_1_MESH
09:08:31 | INFO: Primitives created: 1
09:08:31 | INFO: Extracting primitive: V05_PACK_RACK91_UPRIGHT_0_2_MESH
09:08:31 | INFO: Primitives created: 1
09:08:31 | INFO: Extracting primitive: V05_PACK_RACK91_UPRIGHT_1_0_MESH
09:08:31 | INFO: Primitives created: 1
09:08:31 | INFO: Extracting primitive: V05_PACK_RACK91_UPRIGHT_1_1_MESH
09:08:31 | INFO: Primitives created: 1
09:08:31 | INFO: Extracting primitive: V05_PACK_RACK91_UPRIGHT_1_2_MESH
09:08:31 | INFO: Primitives created: 1
09:08:31 | INFO: Extracting primitive: V05_PACK_RACK91_UPRIGHT_2_0_MESH
09:08:31 | INFO: Primitives created: 1
09:08:31 | INFO: Extracting primitive: V05_PACK_RACK91_UPRIGHT_2_1_MESH
09:08:31 | INFO: Primitives created: 1
09:08:31 | INFO: Extracting primitive: V05_PACK_RACK91_UPRIGHT_2_2_MESH
09:08:31 | INFO: Primitives created: 1
09:08:31 | INFO: Extracting primitive: V05_PACK_RACK91_UPRIGHT_3_0_MESH
09:08:31 | INFO: Primitives created: 1
09:08:31 | INFO: Extracting primitive: V05_PACK_RACK91_UPRIGHT_3_1_MESH
09:08:31 | INFO: Primitives created: 1
09:08:31 | INFO: Extracting primitive: V05_PACK_RACK91_UPRIGHT_3_2_MESH
09:08:31 | INFO: Primitives created: 1
09:08:31 | INFO: Extracting primitive: V05_PACK_RACK91_UPRIGHT_4_0_MESH
09:08:31 | INFO: Primitives created: 1
09:08:31 | INFO: Extracting primitive: V05_PACK_RACK91_UPRIGHT_4_1_MESH
09:08:31 | INFO: Primitives created: 1
09:08:31 | INFO: Extracting primitive: V05_PACK_RACK91_UPRIGHT_4_2_MESH
09:08:31 | INFO: Primitives created: 1
09:08:31 | INFO: Extracting primitive: V05_PACK_RACK91_UPRIGHT_5_0_MESH
09:08:31 | INFO: Primitives created: 1
09:08:31 | INFO: Extracting primitive: V05_PACK_RACK91_UPRIGHT_5_1_MESH
09:08:31 | INFO: Primitives created: 1
09:08:31 | INFO: Extracting primitive: V05_PACK_RACK91_UPRIGHT_5_2_MESH
09:08:31 | INFO: Primitives created: 1
09:08:31 | INFO: Extracting primitive: V05_PACK_RACK91_UPRIGHT_6_0_MESH
09:08:31 | INFO: Primitives created: 1
09:08:31 | INFO: Extracting primitive: V05_PACK_RACK91_UPRIGHT_6_1_MESH
09:08:31 | INFO: Primitives created: 1
09:08:31 | INFO: Extracting primitive: V05_PACK_RACK91_UPRIGHT_6_2_MESH
09:08:31 | INFO: Primitives created: 1
09:08:31 | INFO: Extracting primitive: V05_PACK_RIGHT_MESH
09:08:31 | INFO: Primitives created: 1
09:08:31 | INFO: Extracting primitive: V05_PACK_ROLL0_MESH
09:08:31 | INFO: Primitives created: 1
09:08:31 | INFO: Extracting primitive: V05_PACK_ROLL1_MESH
09:08:31 | INFO: Primitives created: 1
09:08:31 | INFO: Extracting primitive: V05_PACK_ROLL2_MESH
09:08:31 | INFO: Primitives created: 1
09:08:31 | INFO: Extracting primitive: V05_PACK_ROLL3_MESH
09:08:31 | INFO: Primitives created: 1
09:08:31 | INFO: Extracting primitive: V05_PACK_ROLL4_MESH
09:08:31 | INFO: Primitives created: 1
09:08:31 | INFO: Extracting primitive: V05_PACK_SOFFIT_6.240000000000002_MESH
09:08:31 | INFO: Primitives created: 1
09:08:31 | INFO: Extracting primitive: V05_PACK_SOFFIT_-10_MESH
09:08:31 | INFO: Primitives created: 1
09:08:31 | INFO: Extracting primitive: V05_PACK_SOFFIT_-26.240000000000002_MESH
09:08:31 | INFO: Primitives created: 1
09:08:31 | INFO: Extracting primitive: V05_PACK_STAGING_MESH
09:08:31 | INFO: Primitives created: 1
09:08:31 | INFO: Extracting primitive: V05_PASS_MESH
09:08:31 | INFO: Primitives created: 1
09:08:31 | INFO: Extracting primitive: V05_PASTE_BACK_MESH
09:08:31 | INFO: Primitives created: 1
09:08:31 | INFO: Extracting primitive: V05_PASTE_CARTON_BASE_MESH
09:08:31 | INFO: Primitives created: 1
09:08:31 | INFO: Extracting primitive: V05_PASTE_CARTON_HOUSING_MESH
09:08:31 | INFO: Primitives created: 1
09:08:31 | INFO: Extracting primitive: V05_PASTE_CARTON_PANEL_MESH
09:08:31 | INFO: Primitives created: 1
09:08:31 | INFO: Extracting primitive: V05_PASTE_CODE_A_MESH
09:08:31 | INFO: Primitives created: 1
09:08:31 | INFO: Extracting primitive: V05_PASTE_CODE_B_MESH
09:08:31 | INFO: Primitives created: 1
09:08:31 | INFO: Extracting primitive: V05_PASTE_CODE_BED_MESH
09:08:31 | INFO: Primitives created: 1
09:08:31 | INFO: Extracting primitive: V05_PASTE_CODE_ROLLER0_MESH
09:08:31 | INFO: Primitives created: 1
09:08:31 | INFO: Extracting primitive: V05_PASTE_CODE_ROLLER1_MESH
09:08:31 | INFO: Primitives created: 1
09:08:31 | INFO: Extracting primitive: V05_PASTE_CODE_ROLLER2_MESH
09:08:31 | INFO: Primitives created: 1
09:08:31 | INFO: Extracting primitive: V05_PASTE_CODE_ROLLER3_MESH
09:08:31 | INFO: Primitives created: 1
09:08:31 | INFO: Extracting primitive: V05_PASTE_CODE_ROLLER4_MESH
09:08:31 | INFO: Primitives created: 1
09:08:31 | INFO: Extracting primitive: V05_PASTE_CODE_ROLLER5_MESH
09:08:31 | INFO: Primitives created: 1
09:08:31 | INFO: Extracting primitive: V05_PASTE_CODE_ROLLER6_MESH
09:08:31 | INFO: Primitives created: 1
09:08:31 | INFO: Extracting primitive: V05_PASTE_CRIMP_BASE_MESH
09:08:31 | INFO: Primitives created: 1
09:08:31 | INFO: Extracting primitive: V05_PASTE_CRIMP_HOUSING_MESH
09:08:31 | INFO: Primitives created: 1
09:08:31 | INFO: Extracting primitive: V05_PASTE_CRIMP_PANEL_MESH
09:08:31 | INFO: Primitives created: 1
09:08:31 | INFO: Extracting primitive: V05_PASTE_DOOR_HEADER_MESH
09:08:31 | INFO: Primitives created: 1
09:08:31 | INFO: Extracting primitive: V05_PASTE_DOOR_L_MESH
09:08:31 | INFO: Primitives created: 1
09:08:31 | INFO: Extracting primitive: V05_PASTE_DOOR_R_MESH
09:08:31 | INFO: Primitives created: 1
09:08:31 | INFO: Extracting primitive: V05_PASTE_FILL_BASE_MESH
09:08:31 | INFO: Primitives created: 1
09:08:31 | INFO: Extracting primitive: V05_PASTE_FILL_HOUSING_MESH
09:08:31 | INFO: Primitives created: 1
09:08:31 | INFO: Extracting primitive: V05_PASTE_FILL_PANEL_MESH
09:08:31 | INFO: Primitives created: 1
09:08:31 | INFO: Extracting primitive: V05_PASTE_FLOOR_MESH
09:08:31 | INFO: Primitives created: 1
09:08:31 | INFO: Extracting primitive: V05_PASTE_HOLD_LID_MESH
09:08:31 | INFO: Primitives created: 1
09:08:31 | INFO: Extracting primitive: V05_PASTE_HOLD_OUT_MESH
09:08:31 | INFO: Primitives created: 1
09:08:31 | INFO: Extracting primitive: V05_PASTE_HOLD_VESSEL_MESH
09:08:31 | INFO: Primitives created: 1
09:08:31 | INFO: Extracting primitive: V05_PASTE_LEFT_MESH
09:08:31 | INFO: Primitives created: 1
09:08:31 | INFO: Extracting primitive: V05_PASTE_LIGHT_0_FIXTURE_MESH
09:08:31 | INFO: Primitives created: 1
09:08:31 | INFO: Extracting primitive: V05_PASTE_LIGHT_0_GLOW_MESH
09:08:31 | INFO: Primitives created: 1
09:08:31 | INFO: Extracting primitive: V05_PASTE_LIGHT_1_FIXTURE_MESH
09:08:31 | INFO: Primitives created: 1
09:08:31 | INFO: Extracting primitive: V05_PASTE_LIGHT_1_GLOW_MESH
09:08:31 | INFO: Primitives created: 1
09:08:31 | INFO: Extracting primitive: V05_PASTE_LIGHT_2_FIXTURE_MESH
09:08:31 | INFO: Primitives created: 1
09:08:31 | INFO: Extracting primitive: V05_PASTE_LIGHT_2_GLOW_MESH
09:08:31 | INFO: Primitives created: 1
09:08:31 | INFO: Extracting primitive: V05_PASTE_LIGHT_3_FIXTURE_MESH
09:08:31 | INFO: Primitives created: 1
09:08:31 | INFO: Extracting primitive: V05_PASTE_LIGHT_3_GLOW_MESH
09:08:31 | INFO: Primitives created: 1
09:08:31 | INFO: Extracting primitive: V05_PASTE_RIGHT_MESH
09:08:31 | INFO: Primitives created: 1
09:08:31 | INFO: Extracting primitive: V05_PASTE_SOFFIT_-0.7999999999999989_MESH
09:08:31 | INFO: Primitives created: 1
09:08:31 | INFO: Extracting primitive: V05_PASTE_SOFFIT_-12_MESH
09:08:31 | INFO: Primitives created: 1
09:08:31 | INFO: Extracting primitive: V05_PASTE_SOFFIT_-23.200000000000003_MESH
09:08:31 | INFO: Primitives created: 1
09:08:31 | INFO: Extracting primitive: V05_PASTE_TRANSFER_MESH
09:08:31 | INFO: Primitives created: 1
09:08:31 | INFO: Extracting primitive: V05_PASTE_TUBE_MAG_MESH
09:08:31 | INFO: Primitives created: 1
09:08:31 | INFO: Extracting primitive: V05_PASTE_VACUUM_MIX_LID_MESH
09:08:31 | INFO: Primitives created: 1
09:08:31 | INFO: Extracting primitive: V05_PASTE_VACUUM_MIX_OUT_MESH
09:08:31 | INFO: Primitives created: 1
09:08:31 | INFO: Extracting primitive: V05_PASTE_VACUUM_MIX_VESSEL_MESH
09:08:31 | INFO: Primitives created: 1
09:08:31 | INFO: Extracting primitive: V05_POWDER_BACK_MESH
09:08:31 | INFO: Primitives created: 1
09:08:31 | INFO: Extracting primitive: V05_POWDER_DOOR_HEADER_MESH
09:08:31 | INFO: Primitives created: 1
09:08:31 | INFO: Extracting primitive: V05_POWDER_DOOR_L_MESH
09:08:31 | INFO: Primitives created: 1
09:08:31 | INFO: Extracting primitive: V05_POWDER_DOOR_R_MESH
09:08:31 | INFO: Primitives created: 1
09:08:31 | INFO: Extracting primitive: V05_POWDER_DOSER_BASE_MESH
09:08:31 | INFO: Primitives created: 1
09:08:31 | INFO: Extracting primitive: V05_POWDER_DOSER_HOUSING_MESH
09:08:31 | INFO: Primitives created: 1
09:08:31 | INFO: Extracting primitive: V05_POWDER_DOSER_PANEL_MESH
09:08:31 | INFO: Primitives created: 1
09:08:31 | INFO: Extracting primitive: V05_POWDER_FEED_MESH
09:08:31 | INFO: Primitives created: 1
09:08:31 | INFO: Extracting primitive: V05_POWDER_FLOOR_MESH
09:08:31 | INFO: Primitives created: 1
09:08:31 | INFO: Extracting primitive: V05_POWDER_HOPPER_LID_MESH
09:08:31 | INFO: Primitives created: 1
09:08:31 | INFO: Extracting primitive: V05_POWDER_HOPPER_OUT_MESH
09:08:31 | INFO: Primitives created: 1
09:08:31 | INFO: Extracting primitive: V05_POWDER_HOPPER_VESSEL_MESH
09:08:31 | INFO: Primitives created: 1
09:08:31 | INFO: Extracting primitive: V05_POWDER_LEFT_MESH
09:08:31 | INFO: Primitives created: 1
09:08:31 | INFO: Extracting primitive: V05_POWDER_LIGHT_0_FIXTURE_MESH
09:08:31 | INFO: Primitives created: 1
09:08:31 | INFO: Extracting primitive: V05_POWDER_LIGHT_0_GLOW_MESH
09:08:31 | INFO: Primitives created: 1
09:08:31 | INFO: Extracting primitive: V05_POWDER_LIGHT_1_FIXTURE_MESH
09:08:31 | INFO: Primitives created: 1
09:08:31 | INFO: Extracting primitive: V05_POWDER_LIGHT_1_GLOW_MESH
09:08:31 | INFO: Primitives created: 1
09:08:31 | INFO: Extracting primitive: V05_POWDER_LIGHT_2_FIXTURE_MESH
09:08:31 | INFO: Primitives created: 1
09:08:31 | INFO: Extracting primitive: V05_POWDER_LIGHT_2_GLOW_MESH
09:08:31 | INFO: Primitives created: 1
09:08:31 | INFO: Extracting primitive: V05_POWDER_PACK_A_MESH
09:08:31 | INFO: Primitives created: 1
09:08:31 | INFO: Extracting primitive: V05_POWDER_PACK_B_MESH
09:08:31 | INFO: Primitives created: 1
09:08:31 | INFO: Extracting primitive: V05_POWDER_PACK_BED_MESH
09:08:31 | INFO: Primitives created: 1
09:08:31 | INFO: Extracting primitive: V05_POWDER_PACK_ROLLER0_MESH
09:08:31 | INFO: Primitives created: 1
09:08:31 | INFO: Extracting primitive: V05_POWDER_PACK_ROLLER1_MESH
09:08:31 | INFO: Primitives created: 1
09:08:31 | INFO: Extracting primitive: V05_POWDER_PACK_ROLLER2_MESH
09:08:31 | INFO: Primitives created: 1
09:08:31 | INFO: Extracting primitive: V05_POWDER_PACK_ROLLER3_MESH
09:08:31 | INFO: Primitives created: 1
09:08:31 | INFO: Extracting primitive: V05_POWDER_PACK_ROLLER4_MESH
09:08:31 | INFO: Primitives created: 1
09:08:31 | INFO: Extracting primitive: V05_POWDER_PACK_ROLLER5_MESH
09:08:31 | INFO: Primitives created: 1
09:08:31 | INFO: Extracting primitive: V05_POWDER_PACK_ROLLER6_MESH
09:08:31 | INFO: Primitives created: 1
09:08:31 | INFO: Extracting primitive: V05_POWDER_RIGHT_MESH
09:08:31 | INFO: Primitives created: 1
09:08:31 | INFO: Extracting primitive: V05_POWDER_SEAL_BASE_MESH
09:08:31 | INFO: Primitives created: 1
09:08:31 | INFO: Extracting primitive: V05_POWDER_SEAL_HOUSING_MESH
09:08:31 | INFO: Primitives created: 1
09:08:31 | INFO: Extracting primitive: V05_POWDER_SEAL_PANEL_MESH
09:08:31 | INFO: Primitives created: 1
09:08:31 | INFO: Extracting primitive: V05_POWDER_SOFFIT_-37.92_MESH
09:08:31 | INFO: Primitives created: 1
09:08:31 | INFO: Extracting primitive: V05_POWDER_SOFFIT_-48_MESH
09:08:31 | INFO: Primitives created: 1
09:08:31 | INFO: Extracting primitive: V05_POWDER_SOFFIT_-58.08_MESH
09:08:31 | INFO: Primitives created: 1
09:08:31 | INFO: Extracting primitive: V05_POWDER_TRANSFER_MESH
09:08:31 | INFO: Primitives created: 1
09:08:31 | INFO: Extracting primitive: V05_RAW_BACK_MESH
09:08:31 | INFO: Primitives created: 1
09:08:31 | INFO: Extracting primitive: V05_RAW_DOCK_MESH
09:08:31 | INFO: Primitives created: 1
09:08:31 | INFO: Extracting primitive: V05_RAW_DOOR_HEADER_MESH
09:08:31 | INFO: Primitives created: 1
09:08:31 | INFO: Extracting primitive: V05_RAW_DOOR_L_MESH
09:08:31 | INFO: Primitives created: 1
09:08:31 | INFO: Extracting primitive: V05_RAW_DOOR_R_MESH
09:08:31 | INFO: Primitives created: 1
09:08:31 | INFO: Extracting primitive: V05_RAW_DRUM0_MESH
09:08:31 | INFO: Primitives created: 1
09:08:31 | INFO: Extracting primitive: V05_RAW_DRUM1_MESH
09:08:31 | INFO: Primitives created: 1
09:08:31 | INFO: Extracting primitive: V05_RAW_DRUM2_MESH
09:08:31 | INFO: Primitives created: 1
09:08:31 | INFO: Extracting primitive: V05_RAW_DRUM3_MESH
09:08:31 | INFO: Primitives created: 1
09:08:31 | INFO: Extracting primitive: V05_RAW_FLOOR_MESH
09:08:31 | INFO: Primitives created: 1
09:08:31 | INFO: Extracting primitive: V05_RAW_LEFT_MESH
09:08:31 | INFO: Primitives created: 1
09:08:31 | INFO: Extracting primitive: V05_RAW_LIGHT_0_FIXTURE_MESH
09:08:31 | INFO: Primitives created: 1
09:08:31 | INFO: Extracting primitive: V05_RAW_LIGHT_0_GLOW_MESH
09:08:31 | INFO: Primitives created: 1
09:08:31 | INFO: Extracting primitive: V05_RAW_LIGHT_1_FIXTURE_MESH
09:08:31 | INFO: Primitives created: 1
09:08:31 | INFO: Extracting primitive: V05_RAW_LIGHT_1_GLOW_MESH
09:08:31 | INFO: Primitives created: 1
09:08:31 | INFO: Extracting primitive: V05_RAW_LIGHT_2_FIXTURE_MESH
09:08:31 | INFO: Primitives created: 1
09:08:31 | INFO: Extracting primitive: V05_RAW_LIGHT_2_GLOW_MESH
09:08:31 | INFO: Primitives created: 1
09:08:31 | INFO: Extracting primitive: V05_RAW_LIGHT_3_FIXTURE_MESH
09:08:31 | INFO: Primitives created: 1
09:08:31 | INFO: Extracting primitive: V05_RAW_LIGHT_3_GLOW_MESH
09:08:31 | INFO: Primitives created: 1
09:08:31 | INFO: Extracting primitive: V05_RAW_LIGHT_4_FIXTURE_MESH
09:08:31 | INFO: Primitives created: 1
09:08:31 | INFO: Extracting primitive: V05_RAW_LIGHT_4_GLOW_MESH
09:08:31 | INFO: Primitives created: 1
09:08:31 | INFO: Extracting primitive: V05_RAW_RACK67_BEAM_0_MESH
09:08:31 | INFO: Primitives created: 1
09:08:31 | INFO: Extracting primitive: V05_RAW_RACK67_BEAM_1_MESH
09:08:31 | INFO: Primitives created: 1
09:08:31 | INFO: Extracting primitive: V05_RAW_RACK67_BEAM_2_MESH
09:08:31 | INFO: Primitives created: 1
09:08:31 | INFO: Extracting primitive: V05_RAW_RACK67_LOAD_0_0_MESH
09:08:31 | INFO: Primitives created: 1
09:08:31 | INFO: Extracting primitive: V05_RAW_RACK67_LOAD_0_1_MESH
09:08:31 | INFO: Primitives created: 1
09:08:31 | INFO: Extracting primitive: V05_RAW_RACK67_LOAD_0_2_MESH
09:08:31 | INFO: Primitives created: 1
09:08:31 | INFO: Extracting primitive: V05_RAW_RACK67_LOAD_1_0_MESH
09:08:31 | INFO: Primitives created: 1
09:08:31 | INFO: Extracting primitive: V05_RAW_RACK67_LOAD_1_1_MESH
09:08:31 | INFO: Primitives created: 1
09:08:31 | INFO: Extracting primitive: V05_RAW_RACK67_LOAD_1_2_MESH
09:08:31 | INFO: Primitives created: 1
09:08:31 | INFO: Extracting primitive: V05_RAW_RACK67_LOAD_2_0_MESH
09:08:31 | INFO: Primitives created: 1
09:08:31 | INFO: Extracting primitive: V05_RAW_RACK67_LOAD_2_1_MESH
09:08:31 | INFO: Primitives created: 1
09:08:31 | INFO: Extracting primitive: V05_RAW_RACK67_LOAD_2_2_MESH
09:08:31 | INFO: Primitives created: 1
09:08:31 | INFO: Extracting primitive: V05_RAW_RACK67_LOAD_3_0_MESH
09:08:31 | INFO: Primitives created: 1
09:08:31 | INFO: Extracting primitive: V05_RAW_RACK67_LOAD_3_1_MESH
09:08:31 | INFO: Primitives created: 1
09:08:31 | INFO: Extracting primitive: V05_RAW_RACK67_LOAD_3_2_MESH
09:08:31 | INFO: Primitives created: 1
09:08:31 | INFO: Extracting primitive: V05_RAW_RACK67_LOAD_4_0_MESH
09:08:31 | INFO: Primitives created: 1
09:08:31 | INFO: Extracting primitive: V05_RAW_RACK67_LOAD_4_1_MESH
09:08:31 | INFO: Primitives created: 1
09:08:31 | INFO: Extracting primitive: V05_RAW_RACK67_LOAD_4_2_MESH
09:08:31 | INFO: Primitives created: 1
09:08:31 | INFO: Extracting primitive: V05_RAW_RACK67_LOAD_5_0_MESH
09:08:31 | INFO: Primitives created: 1
09:08:31 | INFO: Extracting primitive: V05_RAW_RACK67_LOAD_5_1_MESH
09:08:31 | INFO: Primitives created: 1
09:08:31 | INFO: Extracting primitive: V05_RAW_RACK67_LOAD_5_2_MESH
09:08:31 | INFO: Primitives created: 1
09:08:31 | INFO: Extracting primitive: V05_RAW_RACK67_LOAD_6_0_MESH
09:08:31 | INFO: Primitives created: 1
09:08:31 | INFO: Extracting primitive: V05_RAW_RACK67_LOAD_6_1_MESH
09:08:31 | INFO: Primitives created: 1
09:08:31 | INFO: Extracting primitive: V05_RAW_RACK67_LOAD_6_2_MESH
09:08:31 | INFO: Primitives created: 1
09:08:31 | INFO: Extracting primitive: V05_RAW_RACK67_LOAD_7_0_MESH
09:08:31 | INFO: Primitives created: 1
09:08:31 | INFO: Extracting primitive: V05_RAW_RACK67_LOAD_7_1_MESH
09:08:31 | INFO: Primitives created: 1
09:08:31 | INFO: Extracting primitive: V05_RAW_RACK67_LOAD_7_2_MESH
09:08:31 | INFO: Primitives created: 1
09:08:31 | INFO: Extracting primitive: V05_RAW_RACK67_PALLET_0_0_MESH
09:08:31 | INFO: Primitives created: 1
09:08:31 | INFO: Extracting primitive: V05_RAW_RACK67_PALLET_0_1_MESH
09:08:31 | INFO: Primitives created: 1
09:08:31 | INFO: Extracting primitive: V05_RAW_RACK67_PALLET_0_2_MESH
09:08:31 | INFO: Primitives created: 1
09:08:31 | INFO: Extracting primitive: V05_RAW_RACK67_PALLET_1_0_MESH
09:08:31 | INFO: Primitives created: 1
09:08:31 | INFO: Extracting primitive: V05_RAW_RACK67_PALLET_1_1_MESH
09:08:31 | INFO: Primitives created: 1
09:08:31 | INFO: Extracting primitive: V05_RAW_RACK67_PALLET_1_2_MESH
09:08:31 | INFO: Primitives created: 1
09:08:31 | INFO: Extracting primitive: V05_RAW_RACK67_PALLET_2_0_MESH
09:08:31 | INFO: Primitives created: 1
09:08:31 | INFO: Extracting primitive: V05_RAW_RACK67_PALLET_2_1_MESH
09:08:31 | INFO: Primitives created: 1
09:08:31 | INFO: Extracting primitive: V05_RAW_RACK67_PALLET_2_2_MESH
09:08:31 | INFO: Primitives created: 1
09:08:31 | INFO: Extracting primitive: V05_RAW_RACK67_PALLET_3_0_MESH
09:08:31 | INFO: Primitives created: 1
09:08:31 | INFO: Extracting primitive: V05_RAW_RACK67_PALLET_3_1_MESH
09:08:31 | INFO: Primitives created: 1
09:08:31 | INFO: Extracting primitive: V05_RAW_RACK67_PALLET_3_2_MESH
09:08:31 | INFO: Primitives created: 1
09:08:31 | INFO: Extracting primitive: V05_RAW_RACK67_PALLET_4_0_MESH
09:08:31 | INFO: Primitives created: 1
09:08:31 | INFO: Extracting primitive: V05_RAW_RACK67_PALLET_4_1_MESH
09:08:31 | INFO: Primitives created: 1
09:08:31 | INFO: Extracting primitive: V05_RAW_RACK67_PALLET_4_2_MESH
09:08:31 | INFO: Primitives created: 1
09:08:31 | INFO: Extracting primitive: V05_RAW_RACK67_PALLET_5_0_MESH
09:08:31 | INFO: Primitives created: 1
09:08:31 | INFO: Extracting primitive: V05_RAW_RACK67_PALLET_5_1_MESH
09:08:31 | INFO: Primitives created: 1
09:08:31 | INFO: Extracting primitive: V05_RAW_RACK67_PALLET_5_2_MESH
09:08:31 | INFO: Primitives created: 1
09:08:31 | INFO: Extracting primitive: V05_RAW_RACK67_PALLET_6_0_MESH
09:08:31 | INFO: Primitives created: 1
09:08:31 | INFO: Extracting primitive: V05_RAW_RACK67_PALLET_6_1_MESH
09:08:31 | INFO: Primitives created: 1
09:08:31 | INFO: Extracting primitive: V05_RAW_RACK67_PALLET_6_2_MESH
09:08:31 | INFO: Primitives created: 1
09:08:31 | INFO: Extracting primitive: V05_RAW_RACK67_PALLET_7_0_MESH
09:08:31 | INFO: Primitives created: 1
09:08:31 | INFO: Extracting primitive: V05_RAW_RACK67_PALLET_7_1_MESH
09:08:31 | INFO: Primitives created: 1
09:08:31 | INFO: Extracting primitive: V05_RAW_RACK67_PALLET_7_2_MESH
09:08:31 | INFO: Primitives created: 1
09:08:31 | INFO: Extracting primitive: V05_RAW_RACK67_UPRIGHT_0_0_MESH
09:08:31 | INFO: Primitives created: 1
09:08:31 | INFO: Extracting primitive: V05_RAW_RACK67_UPRIGHT_0_1_MESH
09:08:31 | INFO: Primitives created: 1
09:08:31 | INFO: Extracting primitive: V05_RAW_RACK67_UPRIGHT_0_2_MESH
09:08:31 | INFO: Primitives created: 1
09:08:31 | INFO: Extracting primitive: V05_RAW_RACK67_UPRIGHT_1_0_MESH
09:08:31 | INFO: Primitives created: 1
09:08:31 | INFO: Extracting primitive: V05_RAW_RACK67_UPRIGHT_1_1_MESH
09:08:31 | INFO: Primitives created: 1
09:08:31 | INFO: Extracting primitive: V05_RAW_RACK67_UPRIGHT_1_2_MESH
09:08:31 | INFO: Primitives created: 1
09:08:31 | INFO: Extracting primitive: V05_RAW_RACK67_UPRIGHT_2_0_MESH
09:08:31 | INFO: Primitives created: 1
09:08:31 | INFO: Extracting primitive: V05_RAW_RACK67_UPRIGHT_2_1_MESH
09:08:31 | INFO: Primitives created: 1
09:08:31 | INFO: Extracting primitive: V05_RAW_RACK67_UPRIGHT_2_2_MESH
09:08:31 | INFO: Primitives created: 1
09:08:31 | INFO: Extracting primitive: V05_RAW_RACK67_UPRIGHT_3_0_MESH
09:08:31 | INFO: Primitives created: 1
09:08:31 | INFO: Extracting primitive: V05_RAW_RACK67_UPRIGHT_3_1_MESH
09:08:31 | INFO: Primitives created: 1
09:08:31 | INFO: Extracting primitive: V05_RAW_RACK67_UPRIGHT_3_2_MESH
09:08:31 | INFO: Primitives created: 1
09:08:31 | INFO: Extracting primitive: V05_RAW_RACK67_UPRIGHT_4_0_MESH
09:08:31 | INFO: Primitives created: 1
09:08:31 | INFO: Extracting primitive: V05_RAW_RACK67_UPRIGHT_4_1_MESH
09:08:31 | INFO: Primitives created: 1
09:08:31 | INFO: Extracting primitive: V05_RAW_RACK67_UPRIGHT_4_2_MESH
09:08:31 | INFO: Primitives created: 1
09:08:31 | INFO: Extracting primitive: V05_RAW_RACK67_UPRIGHT_5_0_MESH
09:08:31 | INFO: Primitives created: 1
09:08:31 | INFO: Extracting primitive: V05_RAW_RACK67_UPRIGHT_5_1_MESH
09:08:31 | INFO: Primitives created: 1
09:08:31 | INFO: Extracting primitive: V05_RAW_RACK67_UPRIGHT_5_2_MESH
09:08:31 | INFO: Primitives created: 1
09:08:31 | INFO: Extracting primitive: V05_RAW_RACK67_UPRIGHT_6_0_MESH
09:08:31 | INFO: Primitives created: 1
09:08:31 | INFO: Extracting primitive: V05_RAW_RACK67_UPRIGHT_6_1_MESH
09:08:31 | INFO: Primitives created: 1
09:08:31 | INFO: Extracting primitive: V05_RAW_RACK67_UPRIGHT_6_2_MESH
09:08:31 | INFO: Primitives created: 1
09:08:31 | INFO: Extracting primitive: V05_RAW_RACK67_UPRIGHT_7_0_MESH
09:08:31 | INFO: Primitives created: 1
09:08:31 | INFO: Extracting primitive: V05_RAW_RACK67_UPRIGHT_7_1_MESH
09:08:31 | INFO: Primitives created: 1
09:08:31 | INFO: Extracting primitive: V05_RAW_RACK67_UPRIGHT_7_2_MESH
09:08:31 | INFO: Primitives created: 1
09:08:31 | INFO: Extracting primitive: V05_RAW_RACK75_BEAM_0_MESH
09:08:31 | INFO: Primitives created: 1
09:08:31 | INFO: Extracting primitive: V05_RAW_RACK75_BEAM_1_MESH
09:08:31 | INFO: Primitives created: 1
09:08:31 | INFO: Extracting primitive: V05_RAW_RACK75_BEAM_2_MESH
09:08:31 | INFO: Primitives created: 1
09:08:31 | INFO: Extracting primitive: V05_RAW_RACK75_LOAD_0_0_MESH
09:08:31 | INFO: Primitives created: 1
09:08:31 | INFO: Extracting primitive: V05_RAW_RACK75_LOAD_0_1_MESH
09:08:31 | INFO: Primitives created: 1
09:08:31 | INFO: Extracting primitive: V05_RAW_RACK75_LOAD_0_2_MESH
09:08:31 | INFO: Primitives created: 1
09:08:31 | INFO: Extracting primitive: V05_RAW_RACK75_LOAD_1_0_MESH
09:08:31 | INFO: Primitives created: 1
09:08:31 | INFO: Extracting primitive: V05_RAW_RACK75_LOAD_1_1_MESH
09:08:31 | INFO: Primitives created: 1
09:08:31 | INFO: Extracting primitive: V05_RAW_RACK75_LOAD_1_2_MESH
09:08:31 | INFO: Primitives created: 1
09:08:31 | INFO: Extracting primitive: V05_RAW_RACK75_LOAD_2_0_MESH
09:08:31 | INFO: Primitives created: 1
09:08:31 | INFO: Extracting primitive: V05_RAW_RACK75_LOAD_2_1_MESH
09:08:31 | INFO: Primitives created: 1
09:08:31 | INFO: Extracting primitive: V05_RAW_RACK75_LOAD_2_2_MESH
09:08:31 | INFO: Primitives created: 1
09:08:31 | INFO: Extracting primitive: V05_RAW_RACK75_LOAD_3_0_MESH
09:08:31 | INFO: Primitives created: 1
09:08:31 | INFO: Extracting primitive: V05_RAW_RACK75_LOAD_3_1_MESH
09:08:31 | INFO: Primitives created: 1
09:08:31 | INFO: Extracting primitive: V05_RAW_RACK75_LOAD_3_2_MESH
09:08:31 | INFO: Primitives created: 1
09:08:31 | INFO: Extracting primitive: V05_RAW_RACK75_LOAD_4_0_MESH
09:08:31 | INFO: Primitives created: 1
09:08:31 | INFO: Extracting primitive: V05_RAW_RACK75_LOAD_4_1_MESH
09:08:31 | INFO: Primitives created: 1
09:08:31 | INFO: Extracting primitive: V05_RAW_RACK75_LOAD_4_2_MESH
09:08:31 | INFO: Primitives created: 1
09:08:31 | INFO: Extracting primitive: V05_RAW_RACK75_LOAD_5_0_MESH
09:08:31 | INFO: Primitives created: 1
09:08:31 | INFO: Extracting primitive: V05_RAW_RACK75_LOAD_5_1_MESH
09:08:31 | INFO: Primitives created: 1
09:08:31 | INFO: Extracting primitive: V05_RAW_RACK75_LOAD_5_2_MESH
09:08:31 | INFO: Primitives created: 1
09:08:31 | INFO: Extracting primitive: V05_RAW_RACK75_LOAD_6_0_MESH
09:08:31 | INFO: Primitives created: 1
09:08:31 | INFO: Extracting primitive: V05_RAW_RACK75_LOAD_6_1_MESH
09:08:31 | INFO: Primitives created: 1
09:08:31 | INFO: Extracting primitive: V05_RAW_RACK75_LOAD_6_2_MESH
09:08:31 | INFO: Primitives created: 1
09:08:31 | INFO: Extracting primitive: V05_RAW_RACK75_LOAD_7_0_MESH
09:08:31 | INFO: Primitives created: 1
09:08:31 | INFO: Extracting primitive: V05_RAW_RACK75_LOAD_7_1_MESH
09:08:31 | INFO: Primitives created: 1
09:08:31 | INFO: Extracting primitive: V05_RAW_RACK75_LOAD_7_2_MESH
09:08:31 | INFO: Primitives created: 1
09:08:31 | INFO: Extracting primitive: V05_RAW_RACK75_PALLET_0_0_MESH
09:08:31 | INFO: Primitives created: 1
09:08:31 | INFO: Extracting primitive: V05_RAW_RACK75_PALLET_0_1_MESH
09:08:31 | INFO: Primitives created: 1
09:08:31 | INFO: Extracting primitive: V05_RAW_RACK75_PALLET_0_2_MESH
09:08:31 | INFO: Primitives created: 1
09:08:31 | INFO: Extracting primitive: V05_RAW_RACK75_PALLET_1_0_MESH
09:08:31 | INFO: Primitives created: 1
09:08:31 | INFO: Extracting primitive: V05_RAW_RACK75_PALLET_1_1_MESH
09:08:31 | INFO: Primitives created: 1
09:08:31 | INFO: Extracting primitive: V05_RAW_RACK75_PALLET_1_2_MESH
09:08:31 | INFO: Primitives created: 1
09:08:31 | INFO: Extracting primitive: V05_RAW_RACK75_PALLET_2_0_MESH
09:08:31 | INFO: Primitives created: 1
09:08:31 | INFO: Extracting primitive: V05_RAW_RACK75_PALLET_2_1_MESH
09:08:31 | INFO: Primitives created: 1
09:08:31 | INFO: Extracting primitive: V05_RAW_RACK75_PALLET_2_2_MESH
09:08:31 | INFO: Primitives created: 1
09:08:31 | INFO: Extracting primitive: V05_RAW_RACK75_PALLET_3_0_MESH
09:08:31 | INFO: Primitives created: 1
09:08:31 | INFO: Extracting primitive: V05_RAW_RACK75_PALLET_3_1_MESH
09:08:31 | INFO: Primitives created: 1
09:08:31 | INFO: Extracting primitive: V05_RAW_RACK75_PALLET_3_2_MESH
09:08:31 | INFO: Primitives created: 1
09:08:31 | INFO: Extracting primitive: V05_RAW_RACK75_PALLET_4_0_MESH
09:08:31 | INFO: Primitives created: 1
09:08:31 | INFO: Extracting primitive: V05_RAW_RACK75_PALLET_4_1_MESH
09:08:31 | INFO: Primitives created: 1
09:08:31 | INFO: Extracting primitive: V05_RAW_RACK75_PALLET_4_2_MESH
09:08:31 | INFO: Primitives created: 1
09:08:31 | INFO: Extracting primitive: V05_RAW_RACK75_PALLET_5_0_MESH
09:08:31 | INFO: Primitives created: 1
09:08:31 | INFO: Extracting primitive: V05_RAW_RACK75_PALLET_5_1_MESH
09:08:31 | INFO: Primitives created: 1
09:08:31 | INFO: Extracting primitive: V05_RAW_RACK75_PALLET_5_2_MESH
09:08:31 | INFO: Primitives created: 1
09:08:31 | INFO: Extracting primitive: V05_RAW_RACK75_PALLET_6_0_MESH
09:08:31 | INFO: Primitives created: 1
09:08:31 | INFO: Extracting primitive: V05_RAW_RACK75_PALLET_6_1_MESH
09:08:31 | INFO: Primitives created: 1
09:08:31 | INFO: Extracting primitive: V05_RAW_RACK75_PALLET_6_2_MESH
09:08:31 | INFO: Primitives created: 1
09:08:31 | INFO: Extracting primitive: V05_RAW_RACK75_PALLET_7_0_MESH
09:08:31 | INFO: Primitives created: 1
09:08:31 | INFO: Extracting primitive: V05_RAW_RACK75_PALLET_7_1_MESH
09:08:31 | INFO: Primitives created: 1
09:08:31 | INFO: Extracting primitive: V05_RAW_RACK75_PALLET_7_2_MESH
09:08:31 | INFO: Primitives created: 1
09:08:31 | INFO: Extracting primitive: V05_RAW_RACK75_UPRIGHT_0_0_MESH
09:08:31 | INFO: Primitives created: 1
09:08:31 | INFO: Extracting primitive: V05_RAW_RACK75_UPRIGHT_0_1_MESH
09:08:31 | INFO: Primitives created: 1
09:08:31 | INFO: Extracting primitive: V05_RAW_RACK75_UPRIGHT_0_2_MESH
09:08:31 | INFO: Primitives created: 1
09:08:31 | INFO: Extracting primitive: V05_RAW_RACK75_UPRIGHT_1_0_MESH
09:08:31 | INFO: Primitives created: 1
09:08:31 | INFO: Extracting primitive: V05_RAW_RACK75_UPRIGHT_1_1_MESH
09:08:31 | INFO: Primitives created: 1
09:08:31 | INFO: Extracting primitive: V05_RAW_RACK75_UPRIGHT_1_2_MESH
09:08:31 | INFO: Primitives created: 1
09:08:31 | INFO: Extracting primitive: V05_RAW_RACK75_UPRIGHT_2_0_MESH
09:08:31 | INFO: Primitives created: 1
09:08:31 | INFO: Extracting primitive: V05_RAW_RACK75_UPRIGHT_2_1_MESH
09:08:31 | INFO: Primitives created: 1
09:08:31 | INFO: Extracting primitive: V05_RAW_RACK75_UPRIGHT_2_2_MESH
09:08:31 | INFO: Primitives created: 1
09:08:31 | INFO: Extracting primitive: V05_RAW_RACK75_UPRIGHT_3_0_MESH
09:08:31 | INFO: Primitives created: 1
09:08:31 | INFO: Extracting primitive: V05_RAW_RACK75_UPRIGHT_3_1_MESH
09:08:31 | INFO: Primitives created: 1
09:08:31 | INFO: Extracting primitive: V05_RAW_RACK75_UPRIGHT_3_2_MESH
09:08:31 | INFO: Primitives created: 1
09:08:31 | INFO: Extracting primitive: V05_RAW_RACK75_UPRIGHT_4_0_MESH
09:08:31 | INFO: Primitives created: 1
09:08:31 | INFO: Extracting primitive: V05_RAW_RACK75_UPRIGHT_4_1_MESH
09:08:31 | INFO: Primitives created: 1
09:08:31 | INFO: Extracting primitive: V05_RAW_RACK75_UPRIGHT_4_2_MESH
09:08:31 | INFO: Primitives created: 1
09:08:31 | INFO: Extracting primitive: V05_RAW_RACK75_UPRIGHT_5_0_MESH
09:08:31 | INFO: Primitives created: 1
09:08:31 | INFO: Extracting primitive: V05_RAW_RACK75_UPRIGHT_5_1_MESH
09:08:31 | INFO: Primitives created: 1
09:08:31 | INFO: Extracting primitive: V05_RAW_RACK75_UPRIGHT_5_2_MESH
09:08:31 | INFO: Primitives created: 1
09:08:31 | INFO: Extracting primitive: V05_RAW_RACK75_UPRIGHT_6_0_MESH
09:08:31 | INFO: Primitives created: 1
09:08:31 | INFO: Extracting primitive: V05_RAW_RACK75_UPRIGHT_6_1_MESH
09:08:31 | INFO: Primitives created: 1
09:08:31 | INFO: Extracting primitive: V05_RAW_RACK75_UPRIGHT_6_2_MESH
09:08:31 | INFO: Primitives created: 1
09:08:31 | INFO: Extracting primitive: V05_RAW_RACK75_UPRIGHT_7_0_MESH
09:08:31 | INFO: Primitives created: 1
09:08:31 | INFO: Extracting primitive: V05_RAW_RACK75_UPRIGHT_7_1_MESH
09:08:31 | INFO: Primitives created: 1
09:08:31 | INFO: Extracting primitive: V05_RAW_RACK75_UPRIGHT_7_2_MESH
09:08:31 | INFO: Primitives created: 1
09:08:31 | INFO: Extracting primitive: V05_RAW_RACK83_BEAM_0_MESH
09:08:31 | INFO: Primitives created: 1
09:08:31 | INFO: Extracting primitive: V05_RAW_RACK83_BEAM_1_MESH
09:08:31 | INFO: Primitives created: 1
09:08:31 | INFO: Extracting primitive: V05_RAW_RACK83_BEAM_2_MESH
09:08:31 | INFO: Primitives created: 1
09:08:31 | INFO: Extracting primitive: V05_RAW_RACK83_LOAD_0_0_MESH
09:08:31 | INFO: Primitives created: 1
09:08:31 | INFO: Extracting primitive: V05_RAW_RACK83_LOAD_0_1_MESH
09:08:31 | INFO: Primitives created: 1
09:08:31 | INFO: Extracting primitive: V05_RAW_RACK83_LOAD_0_2_MESH
09:08:31 | INFO: Primitives created: 1
09:08:31 | INFO: Extracting primitive: V05_RAW_RACK83_LOAD_1_0_MESH
09:08:31 | INFO: Primitives created: 1
09:08:31 | INFO: Extracting primitive: V05_RAW_RACK83_LOAD_1_1_MESH
09:08:31 | INFO: Primitives created: 1
09:08:31 | INFO: Extracting primitive: V05_RAW_RACK83_LOAD_1_2_MESH
09:08:31 | INFO: Primitives created: 1
09:08:31 | INFO: Extracting primitive: V05_RAW_RACK83_LOAD_2_0_MESH
09:08:31 | INFO: Primitives created: 1
09:08:31 | INFO: Extracting primitive: V05_RAW_RACK83_LOAD_2_1_MESH
09:08:31 | INFO: Primitives created: 1
09:08:31 | INFO: Extracting primitive: V05_RAW_RACK83_LOAD_2_2_MESH
09:08:31 | INFO: Primitives created: 1
09:08:31 | INFO: Extracting primitive: V05_RAW_RACK83_LOAD_3_0_MESH
09:08:31 | INFO: Primitives created: 1
09:08:31 | INFO: Extracting primitive: V05_RAW_RACK83_LOAD_3_1_MESH
09:08:31 | INFO: Primitives created: 1
09:08:31 | INFO: Extracting primitive: V05_RAW_RACK83_LOAD_3_2_MESH
09:08:31 | INFO: Primitives created: 1
09:08:31 | INFO: Extracting primitive: V05_RAW_RACK83_LOAD_4_0_MESH
09:08:31 | INFO: Primitives created: 1
09:08:31 | INFO: Extracting primitive: V05_RAW_RACK83_LOAD_4_1_MESH
09:08:31 | INFO: Primitives created: 1
09:08:31 | INFO: Extracting primitive: V05_RAW_RACK83_LOAD_4_2_MESH
09:08:31 | INFO: Primitives created: 1
09:08:31 | INFO: Extracting primitive: V05_RAW_RACK83_LOAD_5_0_MESH
09:08:31 | INFO: Primitives created: 1
09:08:31 | INFO: Extracting primitive: V05_RAW_RACK83_LOAD_5_1_MESH
09:08:31 | INFO: Primitives created: 1
09:08:31 | INFO: Extracting primitive: V05_RAW_RACK83_LOAD_5_2_MESH
09:08:31 | INFO: Primitives created: 1
09:08:31 | INFO: Extracting primitive: V05_RAW_RACK83_LOAD_6_0_MESH
09:08:31 | INFO: Primitives created: 1
09:08:31 | INFO: Extracting primitive: V05_RAW_RACK83_LOAD_6_1_MESH
09:08:31 | INFO: Primitives created: 1
09:08:31 | INFO: Extracting primitive: V05_RAW_RACK83_LOAD_6_2_MESH
09:08:31 | INFO: Primitives created: 1
09:08:31 | INFO: Extracting primitive: V05_RAW_RACK83_LOAD_7_0_MESH
09:08:31 | INFO: Primitives created: 1
09:08:31 | INFO: Extracting primitive: V05_RAW_RACK83_LOAD_7_1_MESH
09:08:31 | INFO: Primitives created: 1
09:08:31 | INFO: Extracting primitive: V05_RAW_RACK83_LOAD_7_2_MESH
09:08:31 | INFO: Primitives created: 1
09:08:31 | INFO: Extracting primitive: V05_RAW_RACK83_PALLET_0_0_MESH
09:08:31 | INFO: Primitives created: 1
09:08:31 | INFO: Extracting primitive: V05_RAW_RACK83_PALLET_0_1_MESH
09:08:31 | INFO: Primitives created: 1
09:08:31 | INFO: Extracting primitive: V05_RAW_RACK83_PALLET_0_2_MESH
09:08:31 | INFO: Primitives created: 1
09:08:31 | INFO: Extracting primitive: V05_RAW_RACK83_PALLET_1_0_MESH
09:08:31 | INFO: Primitives created: 1
09:08:31 | INFO: Extracting primitive: V05_RAW_RACK83_PALLET_1_1_MESH
09:08:31 | INFO: Primitives created: 1
09:08:31 | INFO: Extracting primitive: V05_RAW_RACK83_PALLET_1_2_MESH
09:08:31 | INFO: Primitives created: 1
09:08:31 | INFO: Extracting primitive: V05_RAW_RACK83_PALLET_2_0_MESH
09:08:31 | INFO: Primitives created: 1
09:08:31 | INFO: Extracting primitive: V05_RAW_RACK83_PALLET_2_1_MESH
09:08:31 | INFO: Primitives created: 1
09:08:31 | INFO: Extracting primitive: V05_RAW_RACK83_PALLET_2_2_MESH
09:08:31 | INFO: Primitives created: 1
09:08:31 | INFO: Extracting primitive: V05_RAW_RACK83_PALLET_3_0_MESH
09:08:31 | INFO: Primitives created: 1
09:08:31 | INFO: Extracting primitive: V05_RAW_RACK83_PALLET_3_1_MESH
09:08:31 | INFO: Primitives created: 1
09:08:31 | INFO: Extracting primitive: V05_RAW_RACK83_PALLET_3_2_MESH
09:08:31 | INFO: Primitives created: 1
09:08:31 | INFO: Extracting primitive: V05_RAW_RACK83_PALLET_4_0_MESH
09:08:31 | INFO: Primitives created: 1
09:08:31 | INFO: Extracting primitive: V05_RAW_RACK83_PALLET_4_1_MESH
09:08:31 | INFO: Primitives created: 1
09:08:31 | INFO: Extracting primitive: V05_RAW_RACK83_PALLET_4_2_MESH
09:08:31 | INFO: Primitives created: 1
09:08:31 | INFO: Extracting primitive: V05_RAW_RACK83_PALLET_5_0_MESH
09:08:31 | INFO: Primitives created: 1
09:08:31 | INFO: Extracting primitive: V05_RAW_RACK83_PALLET_5_1_MESH
09:08:31 | INFO: Primitives created: 1
09:08:31 | INFO: Extracting primitive: V05_RAW_RACK83_PALLET_5_2_MESH
09:08:31 | INFO: Primitives created: 1
09:08:31 | INFO: Extracting primitive: V05_RAW_RACK83_PALLET_6_0_MESH
09:08:31 | INFO: Primitives created: 1
09:08:31 | INFO: Extracting primitive: V05_RAW_RACK83_PALLET_6_1_MESH
09:08:31 | INFO: Primitives created: 1
09:08:31 | INFO: Extracting primitive: V05_RAW_RACK83_PALLET_6_2_MESH
09:08:31 | INFO: Primitives created: 1
09:08:31 | INFO: Extracting primitive: V05_RAW_RACK83_PALLET_7_0_MESH
09:08:31 | INFO: Primitives created: 1
09:08:31 | INFO: Extracting primitive: V05_RAW_RACK83_PALLET_7_1_MESH
09:08:31 | INFO: Primitives created: 1
09:08:31 | INFO: Extracting primitive: V05_RAW_RACK83_PALLET_7_2_MESH
09:08:31 | INFO: Primitives created: 1
09:08:31 | INFO: Extracting primitive: V05_RAW_RACK83_UPRIGHT_0_0_MESH
09:08:31 | INFO: Primitives created: 1
09:08:31 | INFO: Extracting primitive: V05_RAW_RACK83_UPRIGHT_0_1_MESH
09:08:31 | INFO: Primitives created: 1
09:08:31 | INFO: Extracting primitive: V05_RAW_RACK83_UPRIGHT_0_2_MESH
09:08:31 | INFO: Primitives created: 1
09:08:31 | INFO: Extracting primitive: V05_RAW_RACK83_UPRIGHT_1_0_MESH
09:08:31 | INFO: Primitives created: 1
09:08:31 | INFO: Extracting primitive: V05_RAW_RACK83_UPRIGHT_1_1_MESH
09:08:31 | INFO: Primitives created: 1
09:08:31 | INFO: Extracting primitive: V05_RAW_RACK83_UPRIGHT_1_2_MESH
09:08:31 | INFO: Primitives created: 1
09:08:31 | INFO: Extracting primitive: V05_RAW_RACK83_UPRIGHT_2_0_MESH
09:08:31 | INFO: Primitives created: 1
09:08:31 | INFO: Extracting primitive: V05_RAW_RACK83_UPRIGHT_2_1_MESH
09:08:31 | INFO: Primitives created: 1
09:08:31 | INFO: Extracting primitive: V05_RAW_RACK83_UPRIGHT_2_2_MESH
09:08:31 | INFO: Primitives created: 1
09:08:31 | INFO: Extracting primitive: V05_RAW_RACK83_UPRIGHT_3_0_MESH
09:08:31 | INFO: Primitives created: 1
09:08:31 | INFO: Extracting primitive: V05_RAW_RACK83_UPRIGHT_3_1_MESH
09:08:31 | INFO: Primitives created: 1
09:08:31 | INFO: Extracting primitive: V05_RAW_RACK83_UPRIGHT_3_2_MESH
09:08:31 | INFO: Primitives created: 1
09:08:31 | INFO: Extracting primitive: V05_RAW_RACK83_UPRIGHT_4_0_MESH
09:08:31 | INFO: Primitives created: 1
09:08:31 | INFO: Extracting primitive: V05_RAW_RACK83_UPRIGHT_4_1_MESH
09:08:31 | INFO: Primitives created: 1
09:08:31 | INFO: Extracting primitive: V05_RAW_RACK83_UPRIGHT_4_2_MESH
09:08:31 | INFO: Primitives created: 1
09:08:31 | INFO: Extracting primitive: V05_RAW_RACK83_UPRIGHT_5_0_MESH
09:08:31 | INFO: Primitives created: 1
09:08:31 | INFO: Extracting primitive: V05_RAW_RACK83_UPRIGHT_5_1_MESH
09:08:31 | INFO: Primitives created: 1
09:08:31 | INFO: Extracting primitive: V05_RAW_RACK83_UPRIGHT_5_2_MESH
09:08:31 | INFO: Primitives created: 1
09:08:31 | INFO: Extracting primitive: V05_RAW_RACK83_UPRIGHT_6_0_MESH
09:08:31 | INFO: Primitives created: 1
09:08:31 | INFO: Extracting primitive: V05_RAW_RACK83_UPRIGHT_6_1_MESH
09:08:31 | INFO: Primitives created: 1
09:08:31 | INFO: Extracting primitive: V05_RAW_RACK83_UPRIGHT_6_2_MESH
09:08:31 | INFO: Primitives created: 1
09:08:31 | INFO: Extracting primitive: V05_RAW_RACK83_UPRIGHT_7_0_MESH
09:08:31 | INFO: Primitives created: 1
09:08:31 | INFO: Extracting primitive: V05_RAW_RACK83_UPRIGHT_7_1_MESH
09:08:31 | INFO: Primitives created: 1
09:08:31 | INFO: Extracting primitive: V05_RAW_RACK83_UPRIGHT_7_2_MESH
09:08:31 | INFO: Primitives created: 1
09:08:31 | INFO: Extracting primitive: V05_RAW_RACK91_BEAM_0_MESH
09:08:31 | INFO: Primitives created: 1
09:08:31 | INFO: Extracting primitive: V05_RAW_RACK91_BEAM_1_MESH
09:08:31 | INFO: Primitives created: 1
09:08:31 | INFO: Extracting primitive: V05_RAW_RACK91_BEAM_2_MESH
09:08:31 | INFO: Primitives created: 1
09:08:31 | INFO: Extracting primitive: V05_RAW_RACK91_LOAD_0_0_MESH
09:08:31 | INFO: Primitives created: 1
09:08:31 | INFO: Extracting primitive: V05_RAW_RACK91_LOAD_0_1_MESH
09:08:31 | INFO: Primitives created: 1
09:08:31 | INFO: Extracting primitive: V05_RAW_RACK91_LOAD_0_2_MESH
09:08:31 | INFO: Primitives created: 1
09:08:31 | INFO: Extracting primitive: V05_RAW_RACK91_LOAD_1_0_MESH
09:08:31 | INFO: Primitives created: 1
09:08:31 | INFO: Extracting primitive: V05_RAW_RACK91_LOAD_1_1_MESH
09:08:31 | INFO: Primitives created: 1
09:08:31 | INFO: Extracting primitive: V05_RAW_RACK91_LOAD_1_2_MESH
09:08:31 | INFO: Primitives created: 1
09:08:31 | INFO: Extracting primitive: V05_RAW_RACK91_LOAD_2_0_MESH
09:08:31 | INFO: Primitives created: 1
09:08:31 | INFO: Extracting primitive: V05_RAW_RACK91_LOAD_2_1_MESH
09:08:31 | INFO: Primitives created: 1
09:08:31 | INFO: Extracting primitive: V05_RAW_RACK91_LOAD_2_2_MESH
09:08:31 | INFO: Primitives created: 1
09:08:31 | INFO: Extracting primitive: V05_RAW_RACK91_LOAD_3_0_MESH
09:08:31 | INFO: Primitives created: 1
09:08:31 | INFO: Extracting primitive: V05_RAW_RACK91_LOAD_3_1_MESH
09:08:31 | INFO: Primitives created: 1
09:08:31 | INFO: Extracting primitive: V05_RAW_RACK91_LOAD_3_2_MESH
09:08:31 | INFO: Primitives created: 1
09:08:31 | INFO: Extracting primitive: V05_RAW_RACK91_LOAD_4_0_MESH
09:08:31 | INFO: Primitives created: 1
09:08:31 | INFO: Extracting primitive: V05_RAW_RACK91_LOAD_4_1_MESH
09:08:31 | INFO: Primitives created: 1
09:08:31 | INFO: Extracting primitive: V05_RAW_RACK91_LOAD_4_2_MESH
09:08:31 | INFO: Primitives created: 1
09:08:31 | INFO: Extracting primitive: V05_RAW_RACK91_LOAD_5_0_MESH
09:08:31 | INFO: Primitives created: 1
09:08:31 | INFO: Extracting primitive: V05_RAW_RACK91_LOAD_5_1_MESH
09:08:31 | INFO: Primitives created: 1
09:08:31 | INFO: Extracting primitive: V05_RAW_RACK91_LOAD_5_2_MESH
09:08:31 | INFO: Primitives created: 1
09:08:31 | INFO: Extracting primitive: V05_RAW_RACK91_LOAD_6_0_MESH
09:08:31 | INFO: Primitives created: 1
09:08:31 | INFO: Extracting primitive: V05_RAW_RACK91_LOAD_6_1_MESH
09:08:31 | INFO: Primitives created: 1
09:08:31 | INFO: Extracting primitive: V05_RAW_RACK91_LOAD_6_2_MESH
09:08:31 | INFO: Primitives created: 1
09:08:31 | INFO: Extracting primitive: V05_RAW_RACK91_LOAD_7_0_MESH
09:08:31 | INFO: Primitives created: 1
09:08:31 | INFO: Extracting primitive: V05_RAW_RACK91_LOAD_7_1_MESH
09:08:31 | INFO: Primitives created: 1
09:08:31 | INFO: Extracting primitive: V05_RAW_RACK91_LOAD_7_2_MESH
09:08:31 | INFO: Primitives created: 1
09:08:31 | INFO: Extracting primitive: V05_RAW_RACK91_PALLET_0_0_MESH
09:08:31 | INFO: Primitives created: 1
09:08:31 | INFO: Extracting primitive: V05_RAW_RACK91_PALLET_0_1_MESH
09:08:31 | INFO: Primitives created: 1
09:08:31 | INFO: Extracting primitive: V05_RAW_RACK91_PALLET_0_2_MESH
09:08:31 | INFO: Primitives created: 1
09:08:31 | INFO: Extracting primitive: V05_RAW_RACK91_PALLET_1_0_MESH
09:08:31 | INFO: Primitives created: 1
09:08:31 | INFO: Extracting primitive: V05_RAW_RACK91_PALLET_1_1_MESH
09:08:31 | INFO: Primitives created: 1
09:08:31 | INFO: Extracting primitive: V05_RAW_RACK91_PALLET_1_2_MESH
09:08:31 | INFO: Primitives created: 1
09:08:31 | INFO: Extracting primitive: V05_RAW_RACK91_PALLET_2_0_MESH
09:08:31 | INFO: Primitives created: 1
09:08:31 | INFO: Extracting primitive: V05_RAW_RACK91_PALLET_2_1_MESH
09:08:31 | INFO: Primitives created: 1
09:08:31 | INFO: Extracting primitive: V05_RAW_RACK91_PALLET_2_2_MESH
09:08:31 | INFO: Primitives created: 1
09:08:31 | INFO: Extracting primitive: V05_RAW_RACK91_PALLET_3_0_MESH
09:08:31 | INFO: Primitives created: 1
09:08:31 | INFO: Extracting primitive: V05_RAW_RACK91_PALLET_3_1_MESH
09:08:31 | INFO: Primitives created: 1
09:08:31 | INFO: Extracting primitive: V05_RAW_RACK91_PALLET_3_2_MESH
09:08:31 | INFO: Primitives created: 1
09:08:31 | INFO: Extracting primitive: V05_RAW_RACK91_PALLET_4_0_MESH
09:08:31 | INFO: Primitives created: 1
09:08:31 | INFO: Extracting primitive: V05_RAW_RACK91_PALLET_4_1_MESH
09:08:31 | INFO: Primitives created: 1
09:08:31 | INFO: Extracting primitive: V05_RAW_RACK91_PALLET_4_2_MESH
09:08:31 | INFO: Primitives created: 1
09:08:31 | INFO: Extracting primitive: V05_RAW_RACK91_PALLET_5_0_MESH
09:08:31 | INFO: Primitives created: 1
09:08:31 | INFO: Extracting primitive: V05_RAW_RACK91_PALLET_5_1_MESH
09:08:31 | INFO: Primitives created: 1
09:08:31 | INFO: Extracting primitive: V05_RAW_RACK91_PALLET_5_2_MESH
09:08:31 | INFO: Primitives created: 1
09:08:31 | INFO: Extracting primitive: V05_RAW_RACK91_PALLET_6_0_MESH
09:08:31 | INFO: Primitives created: 1
09:08:31 | INFO: Extracting primitive: V05_RAW_RACK91_PALLET_6_1_MESH
09:08:31 | INFO: Primitives created: 1
09:08:31 | INFO: Extracting primitive: V05_RAW_RACK91_PALLET_6_2_MESH
09:08:31 | INFO: Primitives created: 1
09:08:31 | INFO: Extracting primitive: V05_RAW_RACK91_PALLET_7_0_MESH
09:08:31 | INFO: Primitives created: 1
09:08:31 | INFO: Extracting primitive: V05_RAW_RACK91_PALLET_7_1_MESH
09:08:31 | INFO: Primitives created: 1
09:08:31 | INFO: Extracting primitive: V05_RAW_RACK91_PALLET_7_2_MESH
09:08:31 | INFO: Primitives created: 1
09:08:31 | INFO: Extracting primitive: V05_RAW_RACK91_UPRIGHT_0_0_MESH
09:08:31 | INFO: Primitives created: 1
09:08:31 | INFO: Extracting primitive: V05_RAW_RACK91_UPRIGHT_0_1_MESH
09:08:31 | INFO: Primitives created: 1
09:08:31 | INFO: Extracting primitive: V05_RAW_RACK91_UPRIGHT_0_2_MESH
09:08:31 | INFO: Primitives created: 1
09:08:31 | INFO: Extracting primitive: V05_RAW_RACK91_UPRIGHT_1_0_MESH
09:08:31 | INFO: Primitives created: 1
09:08:31 | INFO: Extracting primitive: V05_RAW_RACK91_UPRIGHT_1_1_MESH
09:08:31 | INFO: Primitives created: 1
09:08:31 | INFO: Extracting primitive: V05_RAW_RACK91_UPRIGHT_1_2_MESH
09:08:31 | INFO: Primitives created: 1
09:08:31 | INFO: Extracting primitive: V05_RAW_RACK91_UPRIGHT_2_0_MESH
09:08:31 | INFO: Primitives created: 1
09:08:31 | INFO: Extracting primitive: V05_RAW_RACK91_UPRIGHT_2_1_MESH
09:08:31 | INFO: Primitives created: 1
09:08:31 | INFO: Extracting primitive: V05_RAW_RACK91_UPRIGHT_2_2_MESH
09:08:31 | INFO: Primitives created: 1
09:08:31 | INFO: Extracting primitive: V05_RAW_RACK91_UPRIGHT_3_0_MESH
09:08:31 | INFO: Primitives created: 1
09:08:31 | INFO: Extracting primitive: V05_RAW_RACK91_UPRIGHT_3_1_MESH
09:08:31 | INFO: Primitives created: 1
09:08:31 | INFO: Extracting primitive: V05_RAW_RACK91_UPRIGHT_3_2_MESH
09:08:31 | INFO: Primitives created: 1
09:08:31 | INFO: Extracting primitive: V05_RAW_RACK91_UPRIGHT_4_0_MESH
09:08:31 | INFO: Primitives created: 1
09:08:31 | INFO: Extracting primitive: V05_RAW_RACK91_UPRIGHT_4_1_MESH
09:08:31 | INFO: Primitives created: 1
09:08:31 | INFO: Extracting primitive: V05_RAW_RACK91_UPRIGHT_4_2_MESH
09:08:31 | INFO: Primitives created: 1
09:08:31 | INFO: Extracting primitive: V05_RAW_RACK91_UPRIGHT_5_0_MESH
09:08:31 | INFO: Primitives created: 1
09:08:31 | INFO: Extracting primitive: V05_RAW_RACK91_UPRIGHT_5_1_MESH
09:08:31 | INFO: Primitives created: 1
09:08:31 | INFO: Extracting primitive: V05_RAW_RACK91_UPRIGHT_5_2_MESH
09:08:31 | INFO: Primitives created: 1
09:08:31 | INFO: Extracting primitive: V05_RAW_RACK91_UPRIGHT_6_0_MESH
09:08:31 | INFO: Primitives created: 1
09:08:31 | INFO: Extracting primitive: V05_RAW_RACK91_UPRIGHT_6_1_MESH
09:08:31 | INFO: Primitives created: 1
09:08:31 | INFO: Extracting primitive: V05_RAW_RACK91_UPRIGHT_6_2_MESH
09:08:31 | INFO: Primitives created: 1
09:08:31 | INFO: Extracting primitive: V05_RAW_RACK91_UPRIGHT_7_0_MESH
09:08:31 | INFO: Primitives created: 1
09:08:31 | INFO: Extracting primitive: V05_RAW_RACK91_UPRIGHT_7_1_MESH
09:08:31 | INFO: Primitives created: 1
09:08:31 | INFO: Extracting primitive: V05_RAW_RACK91_UPRIGHT_7_2_MESH
09:08:31 | INFO: Primitives created: 1
09:08:31 | INFO: Extracting primitive: V05_RAW_RECEIVE0_BASE_MESH
09:08:31 | INFO: Primitives created: 1
09:08:31 | INFO: Extracting primitive: V05_RAW_RECEIVE0_LOAD_MESH
09:08:31 | INFO: Primitives created: 1
09:08:31 | INFO: Extracting primitive: V05_RAW_RECEIVE1_BASE_MESH
09:08:31 | INFO: Primitives created: 1
09:08:31 | INFO: Extracting primitive: V05_RAW_RECEIVE1_LOAD_MESH
09:08:31 | INFO: Primitives created: 1
09:08:31 | INFO: Extracting primitive: V05_RAW_RECEIVE2_BASE_MESH
09:08:31 | INFO: Primitives created: 1
09:08:31 | INFO: Extracting primitive: V05_RAW_RECEIVE2_LOAD_MESH
09:08:31 | INFO: Primitives created: 1
09:08:31 | INFO: Extracting primitive: V05_RAW_RECEIVE3_BASE_MESH
09:08:31 | INFO: Primitives created: 1
09:08:31 | INFO: Extracting primitive: V05_RAW_RECEIVE3_LOAD_MESH
09:08:31 | INFO: Primitives created: 1
09:08:31 | INFO: Extracting primitive: V05_RAW_RECEIVE4_BASE_MESH
09:08:31 | INFO: Primitives created: 1
09:08:31 | INFO: Extracting primitive: V05_RAW_RECEIVE4_LOAD_MESH
09:08:31 | INFO: Primitives created: 1
09:08:31 | INFO: Extracting primitive: V05_RAW_RECEIVE5_BASE_MESH
09:08:31 | INFO: Primitives created: 1
09:08:31 | INFO: Extracting primitive: V05_RAW_RECEIVE5_LOAD_MESH
09:08:31 | INFO: Primitives created: 1
09:08:31 | INFO: Extracting primitive: V05_RAW_RECEIVE_DESK_MESH
09:08:31 | INFO: Primitives created: 1
09:08:31 | INFO: Extracting primitive: V05_RAW_RIGHT_MESH
09:08:31 | INFO: Primitives created: 1
09:08:31 | INFO: Extracting primitive: V05_RAW_SOFFIT_-62.879999999999995_MESH
09:08:31 | INFO: Primitives created: 1
09:08:31 | INFO: Extracting primitive: V05_RAW_SOFFIT_-78_MESH
09:08:31 | INFO: Primitives created: 1
09:08:31 | INFO: Extracting primitive: V05_RAW_SOFFIT_-93.12_MESH
09:08:31 | INFO: Primitives created: 1
09:08:31 | INFO: Extracting primitive: V05_RESTAURANT_BACK_MESH
09:08:31 | INFO: Primitives created: 1
09:08:31 | INFO: Extracting primitive: V05_RESTAURANT_DOOR_HEADER_MESH
09:08:31 | INFO: Primitives created: 1
09:08:31 | INFO: Extracting primitive: V05_RESTAURANT_DOOR_L_MESH
09:08:31 | INFO: Primitives created: 1
09:08:31 | INFO: Extracting primitive: V05_RESTAURANT_DOOR_R_MESH
09:08:31 | INFO: Primitives created: 1
09:08:31 | INFO: Extracting primitive: V05_RESTAURANT_FLOOR_MESH
09:08:31 | INFO: Primitives created: 1
09:08:31 | INFO: Extracting primitive: V05_RESTAURANT_LEFT_MESH
09:08:31 | INFO: Primitives created: 1
09:08:31 | INFO: Extracting primitive: V05_RESTAURANT_LIGHT_0_FIXTURE_MESH
09:08:31 | INFO: Primitives created: 1
09:08:31 | INFO: Extracting primitive: V05_RESTAURANT_LIGHT_0_GLOW_MESH
09:08:31 | INFO: Primitives created: 1
09:08:31 | INFO: Extracting primitive: V05_RESTAURANT_LIGHT_1_FIXTURE_MESH
09:08:31 | INFO: Primitives created: 1
09:08:31 | INFO: Extracting primitive: V05_RESTAURANT_LIGHT_1_GLOW_MESH
09:08:31 | INFO: Primitives created: 1
09:08:31 | INFO: Extracting primitive: V05_RESTAURANT_LIGHT_2_FIXTURE_MESH
09:08:31 | INFO: Primitives created: 1
09:08:31 | INFO: Extracting primitive: V05_RESTAURANT_LIGHT_2_GLOW_MESH
09:08:31 | INFO: Primitives created: 1
09:08:31 | INFO: Extracting primitive: V05_RESTAURANT_LIGHT_3_FIXTURE_MESH
09:08:31 | INFO: Primitives created: 1
09:08:31 | INFO: Extracting primitive: V05_RESTAURANT_LIGHT_3_GLOW_MESH
09:08:31 | INFO: Primitives created: 1
09:08:31 | INFO: Extracting primitive: V05_RESTAURANT_RIGHT_MESH
09:08:31 | INFO: Primitives created: 1
09:08:31 | INFO: Extracting primitive: V05_RESTAURANT_SOFFIT_5_MESH
09:08:31 | INFO: Primitives created: 1
09:08:31 | INFO: Extracting primitive: V05_RESTAURANT_SOFFIT_17.6_MESH
09:08:31 | INFO: Primitives created: 1
09:08:31 | INFO: Extracting primitive: V05_RESTAURANT_SOFFIT_-7.600000000000001_MESH
09:08:31 | INFO: Primitives created: 1
09:08:31 | INFO: Extracting primitive: V05_SECURITY_BACK_MESH
09:08:31 | INFO: Primitives created: 1
09:08:31 | INFO: Extracting primitive: V05_SECURITY_DESK_MESH
09:08:31 | INFO: Primitives created: 1
09:08:31 | INFO: Extracting primitive: V05_SECURITY_DOOR_HEADER_MESH
09:08:31 | INFO: Primitives created: 1
09:08:31 | INFO: Extracting primitive: V05_SECURITY_DOOR_L_MESH
09:08:31 | INFO: Primitives created: 1
09:08:31 | INFO: Extracting primitive: V05_SECURITY_DOOR_R_MESH
09:08:31 | INFO: Primitives created: 1
09:08:31 | INFO: Extracting primitive: V05_SECURITY_FLOOR_MESH
09:08:31 | INFO: Primitives created: 1
09:08:31 | INFO: Extracting primitive: V05_SECURITY_LEFT_MESH
09:08:31 | INFO: Primitives created: 1
09:08:31 | INFO: Extracting primitive: V05_SECURITY_LIGHT_0_FIXTURE_MESH
09:08:31 | INFO: Primitives created: 1
09:08:31 | INFO: Extracting primitive: V05_SECURITY_LIGHT_0_GLOW_MESH
09:08:31 | INFO: Primitives created: 1
09:08:31 | INFO: Extracting primitive: V05_SECURITY_LIGHT_1_FIXTURE_MESH
09:08:31 | INFO: Primitives created: 1
09:08:31 | INFO: Extracting primitive: V05_SECURITY_LIGHT_1_GLOW_MESH
09:08:31 | INFO: Primitives created: 1
09:08:31 | INFO: Extracting primitive: V05_SECURITY_LIGHT_2_FIXTURE_MESH
09:08:31 | INFO: Primitives created: 1
09:08:31 | INFO: Extracting primitive: V05_SECURITY_LIGHT_2_GLOW_MESH
09:08:31 | INFO: Primitives created: 1
09:08:31 | INFO: Extracting primitive: V05_SECURITY_LIGHT_3_FIXTURE_MESH
09:08:31 | INFO: Primitives created: 1
09:08:31 | INFO: Extracting primitive: V05_SECURITY_LIGHT_3_GLOW_MESH
09:08:31 | INFO: Primitives created: 1
09:08:31 | INFO: Extracting primitive: V05_SECURITY_RIGHT_MESH
09:08:31 | INFO: Primitives created: 1
09:08:31 | INFO: Extracting primitive: V05_SECURITY_SCREEN_MESH
09:08:31 | INFO: Primitives created: 1
09:08:31 | INFO: Extracting primitive: V05_SECURITY_SCREENING_MESH
09:08:31 | INFO: Primitives created: 1
09:08:31 | INFO: Extracting primitive: V05_SECURITY_SOFFIT_-44.56_MESH
09:08:31 | INFO: Primitives created: 1
09:08:31 | INFO: Extracting primitive: V05_SECURITY_SOFFIT_-58_MESH
09:08:31 | INFO: Primitives created: 1
09:08:31 | INFO: Extracting primitive: V05_SECURITY_SOFFIT_-71.44_MESH
09:08:31 | INFO: Primitives created: 1
09:08:31 | INFO: Extracting primitive: V05_SECURITY_WAIT_PANEL_MESH
09:08:31 | INFO: Primitives created: 1
09:08:31 | INFO: Extracting primitive: V05_SECURITY_WAIT_POST_MESH
09:08:31 | INFO: Primitives created: 1
09:08:31 | INFO: Extracting primitive: V05_TRAINING_BACK_MESH
09:08:31 | INFO: Primitives created: 1
09:08:31 | INFO: Extracting primitive: V05_TRAINING_DOOR_HEADER_MESH
09:08:31 | INFO: Primitives created: 1
09:08:31 | INFO: Extracting primitive: V05_TRAINING_DOOR_L_MESH
09:08:31 | INFO: Primitives created: 1
09:08:31 | INFO: Extracting primitive: V05_TRAINING_DOOR_R_MESH
09:08:31 | INFO: Primitives created: 1
09:08:31 | INFO: Extracting primitive: V05_TRAINING_FLOOR_MESH
09:08:31 | INFO: Primitives created: 1
09:08:31 | INFO: Extracting primitive: V05_TRAINING_INSTRUCTOR_MESH
09:08:31 | INFO: Primitives created: 1
09:08:31 | INFO: Extracting primitive: V05_TRAINING_LEFT_MESH
09:08:31 | INFO: Primitives created: 1
09:08:31 | INFO: Extracting primitive: V05_TRAINING_LIGHT_0_FIXTURE_MESH
09:08:31 | INFO: Primitives created: 1
09:08:31 | INFO: Extracting primitive: V05_TRAINING_LIGHT_0_GLOW_MESH
09:08:31 | INFO: Primitives created: 1
09:08:31 | INFO: Extracting primitive: V05_TRAINING_LIGHT_1_FIXTURE_MESH
09:08:31 | INFO: Primitives created: 1
09:08:31 | INFO: Extracting primitive: V05_TRAINING_LIGHT_1_GLOW_MESH
09:08:31 | INFO: Primitives created: 1
09:08:31 | INFO: Extracting primitive: V05_TRAINING_RIGHT_MESH
09:08:31 | INFO: Primitives created: 1
09:08:31 | INFO: Extracting primitive: V05_TRAINING_SCREEN_MESH
09:08:31 | INFO: Primitives created: 1
09:08:31 | INFO: Extracting primitive: V05_TRAINING_SOFFIT_22.72_MESH
09:08:31 | INFO: Primitives created: 1
09:08:31 | INFO: Extracting primitive: V05_TRAINING_SOFFIT_30_MESH
09:08:31 | INFO: Primitives created: 1
09:08:31 | INFO: Extracting primitive: V05_TRAINING_SOFFIT_37.28_MESH
09:08:31 | INFO: Primitives created: 1
09:08:31 | INFO: Extracting primitive: V05_TRAINING_STORAGE_BEAM_0_MESH
09:08:31 | INFO: Primitives created: 1
09:08:31 | INFO: Extracting primitive: V05_TRAINING_STORAGE_BEAM_1_MESH
09:08:31 | INFO: Primitives created: 1
09:08:31 | INFO: Extracting primitive: V05_TRAINING_STORAGE_LOAD_0_0_MESH
09:08:31 | INFO: Primitives created: 1
09:08:31 | INFO: Extracting primitive: V05_TRAINING_STORAGE_LOAD_0_1_MESH
09:08:31 | INFO: Primitives created: 1
09:08:31 | INFO: Extracting primitive: V05_TRAINING_STORAGE_LOAD_1_0_MESH
09:08:31 | INFO: Primitives created: 1
09:08:31 | INFO: Extracting primitive: V05_TRAINING_STORAGE_LOAD_1_1_MESH
09:08:31 | INFO: Primitives created: 1
09:08:31 | INFO: Extracting primitive: V05_TRAINING_STORAGE_PALLET_0_0_MESH
09:08:31 | INFO: Primitives created: 1
09:08:31 | INFO: Extracting primitive: V05_TRAINING_STORAGE_PALLET_0_1_MESH
09:08:31 | INFO: Primitives created: 1
09:08:31 | INFO: Extracting primitive: V05_TRAINING_STORAGE_PALLET_1_0_MESH
09:08:31 | INFO: Primitives created: 1
09:08:31 | INFO: Extracting primitive: V05_TRAINING_STORAGE_PALLET_1_1_MESH
09:08:31 | INFO: Primitives created: 1
09:08:31 | INFO: Extracting primitive: V05_TRAINING_STORAGE_UPRIGHT_0_0_MESH
09:08:31 | INFO: Primitives created: 1
09:08:31 | INFO: Extracting primitive: V05_TRAINING_STORAGE_UPRIGHT_0_1_MESH
09:08:31 | INFO: Primitives created: 1
09:08:31 | INFO: Extracting primitive: V05_TRAINING_STORAGE_UPRIGHT_1_0_MESH
09:08:31 | INFO: Primitives created: 1
09:08:31 | INFO: Extracting primitive: V05_TRAINING_STORAGE_UPRIGHT_1_1_MESH
09:08:31 | INFO: Primitives created: 1
09:08:31 | INFO: Extracting primitive: V05_TURNSTILE0_MESH
09:08:31 | INFO: Primitives created: 1
09:08:31 | INFO: Extracting primitive: V05_TURNSTILE1_MESH
09:08:31 | INFO: Primitives created: 1
09:08:31 | INFO: Extracting primitive: V05_TURNSTILE2_MESH
09:08:31 | INFO: Primitives created: 1
09:08:31 | INFO: Extracting primitive: V05_TURNSTILE3_MESH
09:08:31 | INFO: Primitives created: 1
09:08:31 | INFO: Extracting primitive: V05_UTIL_BACK_MESH
09:08:31 | INFO: Primitives created: 1
09:08:31 | INFO: Extracting primitive: V05_UTIL_BOILER_LID_MESH
09:08:31 | INFO: Primitives created: 1
09:08:31 | INFO: Extracting primitive: V05_UTIL_BOILER_OUT_MESH
09:08:31 | INFO: Primitives created: 1
09:08:31 | INFO: Extracting primitive: V05_UTIL_BOILER_VESSEL_MESH
09:08:31 | INFO: Primitives created: 1
09:08:31 | INFO: Extracting primitive: V05_UTIL_COMPRESSOR_BASE_MESH
09:08:31 | INFO: Primitives created: 1
09:08:31 | INFO: Extracting primitive: V05_UTIL_COMPRESSOR_HOUSING_MESH
09:08:31 | INFO: Primitives created: 1
09:08:31 | INFO: Extracting primitive: V05_UTIL_COMPRESSOR_PANEL_MESH
09:08:31 | INFO: Primitives created: 1
09:08:31 | INFO: Extracting primitive: V05_UTIL_DOOR_HEADER_MESH
09:08:31 | INFO: Primitives created: 1
09:08:31 | INFO: Extracting primitive: V05_UTIL_DOOR_L_MESH
09:08:31 | INFO: Primitives created: 1
09:08:31 | INFO: Extracting primitive: V05_UTIL_DOOR_R_MESH
09:08:31 | INFO: Primitives created: 1
09:08:31 | INFO: Extracting primitive: V05_UTIL_FLOOR_MESH
09:08:31 | INFO: Primitives created: 1
09:08:31 | INFO: Extracting primitive: V05_UTIL_LEFT_MESH
09:08:31 | INFO: Primitives created: 1
09:08:31 | INFO: Extracting primitive: V05_UTIL_LIGHT_0_FIXTURE_MESH
09:08:31 | INFO: Primitives created: 1
09:08:31 | INFO: Extracting primitive: V05_UTIL_LIGHT_0_GLOW_MESH
09:08:31 | INFO: Primitives created: 1
09:08:31 | INFO: Extracting primitive: V05_UTIL_LIGHT_1_FIXTURE_MESH
09:08:31 | INFO: Primitives created: 1
09:08:31 | INFO: Extracting primitive: V05_UTIL_LIGHT_1_GLOW_MESH
09:08:31 | INFO: Primitives created: 1
09:08:31 | INFO: Extracting primitive: V05_UTIL_LIGHT_2_FIXTURE_MESH
09:08:31 | INFO: Primitives created: 1
09:08:31 | INFO: Extracting primitive: V05_UTIL_LIGHT_2_GLOW_MESH
09:08:31 | INFO: Primitives created: 1
09:08:31 | INFO: Extracting primitive: V05_UTIL_MAINT_BENCH_MESH
09:08:31 | INFO: Primitives created: 1
09:08:31 | INFO: Extracting primitive: V05_UTIL_MANIFOLD0_MESH
09:08:31 | INFO: Primitives created: 1
09:08:31 | INFO: Extracting primitive: V05_UTIL_MANIFOLD1_MESH
09:08:31 | INFO: Primitives created: 1
09:08:31 | INFO: Extracting primitive: V05_UTIL_MANIFOLD2_MESH
09:08:31 | INFO: Primitives created: 1
09:08:31 | INFO: Extracting primitive: V05_UTIL_MANIFOLD3_MESH
09:08:31 | INFO: Primitives created: 1
09:08:31 | INFO: Extracting primitive: V05_UTIL_RIGHT_MESH
09:08:31 | INFO: Primitives created: 1
09:08:31 | INFO: Extracting primitive: V05_UTIL_RO0_LID_MESH
09:08:31 | INFO: Primitives created: 1
09:08:31 | INFO: Extracting primitive: V05_UTIL_RO0_OUT_MESH
09:08:31 | INFO: Primitives created: 1
09:08:31 | INFO: Extracting primitive: V05_UTIL_RO0_VESSEL_MESH
09:08:31 | INFO: Primitives created: 1
09:08:31 | INFO: Extracting primitive: V05_UTIL_RO1_LID_MESH
09:08:31 | INFO: Primitives created: 1
09:08:31 | INFO: Extracting primitive: V05_UTIL_RO1_OUT_MESH
09:08:31 | INFO: Primitives created: 1
09:08:31 | INFO: Extracting primitive: V05_UTIL_RO1_VESSEL_MESH
09:08:31 | INFO: Primitives created: 1
09:08:31 | INFO: Extracting primitive: V05_UTIL_RO2_LID_MESH
09:08:31 | INFO: Primitives created: 1
09:08:31 | INFO: Extracting primitive: V05_UTIL_RO2_OUT_MESH
09:08:31 | INFO: Primitives created: 1
09:08:31 | INFO: Extracting primitive: V05_UTIL_RO2_VESSEL_MESH
09:08:31 | INFO: Primitives created: 1
09:08:31 | INFO: Extracting primitive: V05_UTIL_RO_SKID_MESH
09:08:31 | INFO: Primitives created: 1
09:08:31 | INFO: Extracting primitive: V05_UTIL_SOFFIT_86.48_MESH
09:08:31 | INFO: Primitives created: 1
09:08:31 | INFO: Extracting primitive: V05_UTIL_SOFFIT_96_MESH
09:08:31 | INFO: Primitives created: 1
09:08:31 | INFO: Extracting primitive: V05_UTIL_SOFFIT_105.52_MESH
09:08:31 | INFO: Primitives created: 1
09:08:31 | INFO: Extracting primitive: V05_UTIL_STEAM_MESH
09:08:31 | INFO: Primitives created: 1
09:08:31 | INFO: Extracting primitive: V05_VISITOR_WAIT_CHAIR_0_MESH
09:08:31 | INFO: Primitives created: 1
09:08:31 | INFO: Extracting primitive: V05_VISITOR_WAIT_CHAIR_1_MESH
09:08:31 | INFO: Primitives created: 1
09:08:31 | INFO: Extracting primitive: V05_VISITOR_WAIT_CHAIR_2_MESH
09:08:31 | INFO: Primitives created: 1
09:08:31 | INFO: Extracting primitive: V05_VISITOR_WAIT_CHAIR_3_MESH
09:08:31 | INFO: Primitives created: 1
09:08:31 | INFO: Extracting primitive: V05_VISITOR_WAIT_TABLE_MESH
09:08:31 | INFO: Primitives created: 1
09:08:31 | INFO: Extracting primitive: V05_WELLNESS_BACK_MESH
09:08:31 | INFO: Primitives created: 1
09:08:31 | INFO: Extracting primitive: V05_WELLNESS_DOOR_HEADER_MESH
09:08:31 | INFO: Primitives created: 1
09:08:31 | INFO: Extracting primitive: V05_WELLNESS_DOOR_L_MESH
09:08:31 | INFO: Primitives created: 1
09:08:31 | INFO: Extracting primitive: V05_WELLNESS_DOOR_R_MESH
09:08:31 | INFO: Primitives created: 1
09:08:31 | INFO: Extracting primitive: V05_WELLNESS_FLOOR_MESH
09:08:31 | INFO: Primitives created: 1
09:08:31 | INFO: Extracting primitive: V05_WELLNESS_LEFT_MESH
09:08:31 | INFO: Primitives created: 1
09:08:31 | INFO: Extracting primitive: V05_WELLNESS_LIGHT_0_FIXTURE_MESH
09:08:31 | INFO: Primitives created: 1
09:08:31 | INFO: Extracting primitive: V05_WELLNESS_LIGHT_0_GLOW_MESH
09:08:31 | INFO: Primitives created: 1
09:08:31 | INFO: Extracting primitive: V05_WELLNESS_LIGHT_1_FIXTURE_MESH
09:08:31 | INFO: Primitives created: 1
09:08:31 | INFO: Extracting primitive: V05_WELLNESS_LIGHT_1_GLOW_MESH
09:08:31 | INFO: Primitives created: 1
09:08:31 | INFO: Extracting primitive: V05_WELLNESS_LOCKER_BEAM_0_MESH
09:08:31 | INFO: Primitives created: 1
09:08:31 | INFO: Extracting primitive: V05_WELLNESS_LOCKER_BEAM_1_MESH
09:08:31 | INFO: Primitives created: 1
09:08:31 | INFO: Extracting primitive: V05_WELLNESS_LOCKER_LOAD_0_0_MESH
09:08:31 | INFO: Primitives created: 1
09:08:31 | INFO: Extracting primitive: V05_WELLNESS_LOCKER_LOAD_0_1_MESH
09:08:31 | INFO: Primitives created: 1
09:08:31 | INFO: Extracting primitive: V05_WELLNESS_LOCKER_LOAD_1_0_MESH
09:08:31 | INFO: Primitives created: 1
09:08:31 | INFO: Extracting primitive: V05_WELLNESS_LOCKER_LOAD_1_1_MESH
09:08:31 | INFO: Primitives created: 1
09:08:31 | INFO: Extracting primitive: V05_WELLNESS_LOCKER_LOAD_2_0_MESH
09:08:31 | INFO: Primitives created: 1
09:08:31 | INFO: Extracting primitive: V05_WELLNESS_LOCKER_LOAD_2_1_MESH
09:08:31 | INFO: Primitives created: 1
09:08:31 | INFO: Extracting primitive: V05_WELLNESS_LOCKER_PALLET_0_0_MESH
09:08:31 | INFO: Primitives created: 1
09:08:31 | INFO: Extracting primitive: V05_WELLNESS_LOCKER_PALLET_0_1_MESH
09:08:31 | INFO: Primitives created: 1
09:08:31 | INFO: Extracting primitive: V05_WELLNESS_LOCKER_PALLET_1_0_MESH
09:08:31 | INFO: Primitives created: 1
09:08:31 | INFO: Extracting primitive: V05_WELLNESS_LOCKER_PALLET_1_1_MESH
09:08:31 | INFO: Primitives created: 1
09:08:31 | INFO: Extracting primitive: V05_WELLNESS_LOCKER_PALLET_2_0_MESH
09:08:31 | INFO: Primitives created: 1
09:08:31 | INFO: Extracting primitive: V05_WELLNESS_LOCKER_PALLET_2_1_MESH
09:08:31 | INFO: Primitives created: 1
09:08:31 | INFO: Extracting primitive: V05_WELLNESS_LOCKER_UPRIGHT_0_0_MESH
09:08:31 | INFO: Primitives created: 1
09:08:31 | INFO: Extracting primitive: V05_WELLNESS_LOCKER_UPRIGHT_0_1_MESH
09:08:31 | INFO: Primitives created: 1
09:08:31 | INFO: Extracting primitive: V05_WELLNESS_LOCKER_UPRIGHT_1_0_MESH
09:08:31 | INFO: Primitives created: 1
09:08:31 | INFO: Extracting primitive: V05_WELLNESS_LOCKER_UPRIGHT_1_1_MESH
09:08:31 | INFO: Primitives created: 1
09:08:31 | INFO: Extracting primitive: V05_WELLNESS_LOCKER_UPRIGHT_2_0_MESH
09:08:31 | INFO: Primitives created: 1
09:08:31 | INFO: Extracting primitive: V05_WELLNESS_LOCKER_UPRIGHT_2_1_MESH
09:08:31 | INFO: Primitives created: 1
09:08:31 | INFO: Extracting primitive: V05_WELLNESS_RIGHT_MESH
09:08:31 | INFO: Primitives created: 1
09:08:31 | INFO: Extracting primitive: V05_WELLNESS_SOFFIT_22.16_MESH
09:08:31 | INFO: Primitives created: 1
09:08:31 | INFO: Extracting primitive: V05_WELLNESS_SOFFIT_30_MESH
09:08:31 | INFO: Primitives created: 1
09:08:31 | INFO: Extracting primitive: V05_WELLNESS_SOFFIT_37.84_MESH
09:08:31 | INFO: Primitives created: 1
09:08:31 | INFO: Extracting primitive: V05_WIPES_BACK_MESH
09:08:31 | INFO: Primitives created: 1
09:08:31 | INFO: Extracting primitive: V05_WIPES_CUT_STACK_MESH
09:08:31 | INFO: Primitives created: 1
09:08:31 | INFO: Extracting primitive: V05_WIPES_DISCHARGE_MESH
09:08:31 | INFO: Primitives created: 1
09:08:31 | INFO: Extracting primitive: V05_WIPES_DOOR_HEADER_MESH
09:08:31 | INFO: Primitives created: 1
09:08:31 | INFO: Extracting primitive: V05_WIPES_DOOR_L_MESH
09:08:31 | INFO: Primitives created: 1
09:08:31 | INFO: Extracting primitive: V05_WIPES_DOOR_R_MESH
09:08:31 | INFO: Primitives created: 1
09:08:31 | INFO: Extracting primitive: V05_WIPES_FLOOR_MESH
09:08:31 | INFO: Primitives created: 1
09:08:31 | INFO: Extracting primitive: V05_WIPES_FOLD_FRAME_MESH
09:08:31 | INFO: Primitives created: 1
09:08:31 | INFO: Extracting primitive: V05_WIPES_LEFT_MESH
09:08:31 | INFO: Primitives created: 1
09:08:31 | INFO: Extracting primitive: V05_WIPES_LIGHT_0_FIXTURE_MESH
09:08:31 | INFO: Primitives created: 1
09:08:31 | INFO: Extracting primitive: V05_WIPES_LIGHT_0_GLOW_MESH
09:08:31 | INFO: Primitives created: 1
09:08:31 | INFO: Extracting primitive: V05_WIPES_LIGHT_1_FIXTURE_MESH
09:08:31 | INFO: Primitives created: 1
09:08:31 | INFO: Extracting primitive: V05_WIPES_LIGHT_1_GLOW_MESH
09:08:31 | INFO: Primitives created: 1
09:08:31 | INFO: Extracting primitive: V05_WIPES_LIGHT_2_FIXTURE_MESH
09:08:31 | INFO: Primitives created: 1
09:08:31 | INFO: Extracting primitive: V05_WIPES_LIGHT_2_GLOW_MESH
09:08:31 | INFO: Primitives created: 1
09:08:31 | INFO: Extracting primitive: V05_WIPES_LIGHT_3_FIXTURE_MESH
09:08:31 | INFO: Primitives created: 1
09:08:31 | INFO: Extracting primitive: V05_WIPES_LIGHT_3_GLOW_MESH
09:08:31 | INFO: Primitives created: 1
09:08:31 | INFO: Extracting primitive: V05_WIPES_LIGHT_4_FIXTURE_MESH
09:08:31 | INFO: Primitives created: 1
09:08:31 | INFO: Extracting primitive: V05_WIPES_LIGHT_4_GLOW_MESH
09:08:31 | INFO: Primitives created: 1
09:08:31 | INFO: Extracting primitive: V05_WIPES_POUCH_A_MESH
09:08:31 | INFO: Primitives created: 1
09:08:31 | INFO: Extracting primitive: V05_WIPES_POUCH_B_MESH
09:08:31 | INFO: Primitives created: 1
09:08:31 | INFO: Extracting primitive: V05_WIPES_POUCH_BED_MESH
09:08:31 | INFO: Primitives created: 1
09:08:31 | INFO: Extracting primitive: V05_WIPES_POUCH_ROLLER0_MESH
09:08:31 | INFO: Primitives created: 1
09:08:31 | INFO: Extracting primitive: V05_WIPES_POUCH_ROLLER1_MESH
09:08:31 | INFO: Primitives created: 1
09:08:31 | INFO: Extracting primitive: V05_WIPES_POUCH_ROLLER2_MESH
09:08:31 | INFO: Primitives created: 1
09:08:31 | INFO: Extracting primitive: V05_WIPES_POUCH_ROLLER3_MESH
09:08:31 | INFO: Primitives created: 1
09:08:31 | INFO: Extracting primitive: V05_WIPES_POUCH_ROLLER4_MESH
09:08:31 | INFO: Primitives created: 1
09:08:31 | INFO: Extracting primitive: V05_WIPES_POUCH_ROLLER5_MESH
09:08:31 | INFO: Primitives created: 1
09:08:31 | INFO: Extracting primitive: V05_WIPES_POUCH_ROLLER6_MESH
09:08:31 | INFO: Primitives created: 1
09:08:31 | INFO: Extracting primitive: V05_WIPES_RIGHT_MESH
09:08:32 | INFO: Primitives created: 1
09:08:32 | INFO: Extracting primitive: V05_WIPES_ROLL0_MESH
09:08:32 | INFO: Primitives created: 1
09:08:32 | INFO: Extracting primitive: V05_WIPES_ROLL1_MESH
09:08:32 | INFO: Primitives created: 1
09:08:32 | INFO: Extracting primitive: V05_WIPES_SEAL_BASE_MESH
09:08:32 | INFO: Primitives created: 1
09:08:32 | INFO: Extracting primitive: V05_WIPES_SEAL_HOUSING_MESH
09:08:32 | INFO: Primitives created: 1
09:08:32 | INFO: Extracting primitive: V05_WIPES_SEAL_PANEL_MESH
09:08:32 | INFO: Primitives created: 1
09:08:32 | INFO: Extracting primitive: V05_WIPES_SOFFIT_7.999999999999998_MESH
09:08:32 | INFO: Primitives created: 1
09:08:32 | INFO: Extracting primitive: V05_WIPES_SOFFIT_22_MESH
09:08:32 | INFO: Primitives created: 1
09:08:32 | INFO: Extracting primitive: V05_WIPES_SOFFIT_36.0_MESH
09:08:32 | INFO: Primitives created: 1
09:08:32 | INFO: Extracting primitive: V05_WIPES_UNWIND_A_MESH
09:08:32 | INFO: Primitives created: 1
09:08:32 | INFO: Extracting primitive: V05_WIPES_UNWIND_B_MESH
09:08:32 | INFO: Primitives created: 1
09:08:32 | INFO: Extracting primitive: V05_WIPES_UNWIND_BED_MESH
09:08:32 | INFO: Primitives created: 1
09:08:32 | INFO: Extracting primitive: V05_WIPES_UNWIND_ROLLER0_MESH
09:08:32 | INFO: Primitives created: 1
09:08:32 | INFO: Extracting primitive: V05_WIPES_UNWIND_ROLLER1_MESH
09:08:32 | INFO: Primitives created: 1
09:08:32 | INFO: Extracting primitive: V05_WIPES_UNWIND_ROLLER2_MESH
09:08:32 | INFO: Primitives created: 1
09:08:32 | INFO: Extracting primitive: V05_WIPES_UNWIND_ROLLER3_MESH
09:08:32 | INFO: Primitives created: 1
09:08:32 | INFO: Extracting primitive: V05_WIPES_UNWIND_ROLLER4_MESH
09:08:32 | INFO: Primitives created: 1
09:08:32 | INFO: Extracting primitive: V05_WIPES_UNWIND_ROLLER5_MESH
09:08:32 | INFO: Primitives created: 1
09:08:32 | INFO: Extracting primitive: V05_WIPES_UNWIND_ROLLER6_MESH
09:08:32 | INFO: Primitives created: 1
09:08:32 | INFO: Extracting primitive: V05_WIPES_WEB_A_MESH
09:08:32 | INFO: Primitives created: 1
09:08:32 | INFO: Extracting primitive: V05_WIPES_WEB_B_MESH
09:08:32 | INFO: Primitives created: 1
09:08:32 | INFO: Extracting primitive: V05_WIPES_WEB_BED_MESH
09:08:32 | INFO: Primitives created: 1
09:08:32 | INFO: Extracting primitive: V05_WIPES_WEB_ROLLER0_MESH
09:08:32 | INFO: Primitives created: 1
09:08:32 | INFO: Extracting primitive: V05_WIPES_WEB_ROLLER1_MESH
09:08:32 | INFO: Primitives created: 1
09:08:32 | INFO: Extracting primitive: V05_WIPES_WEB_ROLLER2_MESH
09:08:32 | INFO: Primitives created: 1
09:08:32 | INFO: Extracting primitive: V05_WIPES_WEB_ROLLER3_MESH
09:08:32 | INFO: Primitives created: 1
09:08:32 | INFO: Extracting primitive: V05_WIPES_WEB_ROLLER4_MESH
09:08:32 | INFO: Primitives created: 1
09:08:32 | INFO: Extracting primitive: V05_WIPES_WEB_ROLLER5_MESH
09:08:32 | INFO: Primitives created: 1
09:08:32 | INFO: Extracting primitive: V05_WIPES_WEB_ROLLER6_MESH
09:08:32 | INFO: Primitives created: 1
09:08:32 | INFO: Extracting primitive: V05_WIPES_WETTING_MESH
09:08:32 | INFO: Primitives created: 1
09:08:32 | INFO: Extracting primitive: V05_YOGA_MAT0_MESH
09:08:32 | INFO: Primitives created: 1
09:08:32 | INFO: Extracting primitive: V05_YOGA_MAT1_MESH
09:08:32 | INFO: Primitives created: 1
09:08:32 | INFO: Extracting primitive: V05_YOGA_MAT2_MESH
09:08:32 | INFO: Primitives created: 1
09:08:32 | INFO: Extracting primitive: V05_YOGA_MAT3_MESH
09:08:32 | INFO: Primitives created: 1
09:08:32 | INFO: Extracting primitive: V06_ADMIN_BACK_MESH
09:08:32 | INFO: Primitives created: 1
09:08:32 | INFO: Extracting primitive: V06_ADMIN_COLLAB_CHAIR_0_MESH
09:08:32 | INFO: Primitives created: 1
09:08:32 | INFO: Extracting primitive: V06_ADMIN_COLLAB_CHAIR_1_MESH
09:08:32 | INFO: Primitives created: 1
09:08:32 | INFO: Extracting primitive: V06_ADMIN_COLLAB_CHAIR_2_MESH
09:08:32 | INFO: Primitives created: 1
09:08:32 | INFO: Extracting primitive: V06_ADMIN_COLLAB_CHAIR_3_MESH
09:08:32 | INFO: Primitives created: 1
09:08:32 | INFO: Extracting primitive: V06_ADMIN_COLLAB_CHAIR_4_MESH
09:08:32 | INFO: Primitives created: 1
09:08:32 | INFO: Extracting primitive: V06_ADMIN_COLLAB_CHAIR_5_MESH
09:08:32 | INFO: Primitives created: 1
09:08:32 | INFO: Extracting primitive: V06_ADMIN_COLLAB_CHAIR_6_MESH
09:08:32 | INFO: Primitives created: 1
09:08:32 | INFO: Extracting primitive: V06_ADMIN_COLLAB_CHAIR_7_MESH
09:08:32 | INFO: Primitives created: 1
09:08:32 | INFO: Extracting primitive: V06_ADMIN_COLLAB_TABLE_MESH
09:08:32 | INFO: Primitives created: 1
09:08:32 | INFO: Extracting primitive: V06_ADMIN_DOOR_HEADER_MESH
09:08:32 | INFO: Primitives created: 1
09:08:32 | INFO: Extracting primitive: V06_ADMIN_DOOR_L_MESH
09:08:32 | INFO: Primitives created: 1
09:08:32 | INFO: Extracting primitive: V06_ADMIN_DOOR_R_MESH
09:08:32 | INFO: Primitives created: 1
09:08:32 | INFO: Extracting primitive: V06_ADMIN_FLOOR_MESH
09:08:32 | INFO: Primitives created: 1
09:08:32 | INFO: Extracting primitive: V06_ADMIN_LAB_BENCH_MESH
09:08:32 | INFO: Primitives created: 1
09:08:32 | INFO: Extracting primitive: V06_ADMIN_LAB_GLASSWARE_0_MESH
09:08:32 | INFO: Primitives created: 1
09:08:32 | INFO: Extracting primitive: V06_ADMIN_LAB_GLASSWARE_1_MESH
09:08:32 | INFO: Primitives created: 1
09:08:32 | INFO: Extracting primitive: V06_ADMIN_LAB_GLASSWARE_2_MESH
09:08:32 | INFO: Primitives created: 1
09:08:32 | INFO: Extracting primitive: V06_ADMIN_LAB_GLASSWARE_3_MESH
09:08:32 | INFO: Primitives created: 1
09:08:32 | INFO: Extracting primitive: V06_ADMIN_LAB_INSTRUMENT_0_MESH
09:08:32 | INFO: Primitives created: 1
09:08:32 | INFO: Extracting primitive: V06_ADMIN_LAB_INSTRUMENT_1_MESH
09:08:32 | INFO: Primitives created: 1
09:08:32 | INFO: Extracting primitive: V06_ADMIN_LAB_INSTRUMENT_2_MESH
09:08:32 | INFO: Primitives created: 1
09:08:32 | INFO: Extracting primitive: V06_ADMIN_LAB_INSTRUMENT_3_MESH
09:08:32 | INFO: Primitives created: 1
09:08:32 | INFO: Extracting primitive: V06_ADMIN_LAB_PARTITION_PANEL_MESH
09:08:32 | INFO: Primitives created: 1
09:08:32 | INFO: Extracting primitive: V06_ADMIN_LAB_PARTITION_POST_MESH
09:08:32 | INFO: Primitives created: 1
09:08:32 | INFO: Extracting primitive: V06_ADMIN_LAB_STORAGE_BEAM_0_MESH
09:08:32 | INFO: Primitives created: 1
09:08:32 | INFO: Extracting primitive: V06_ADMIN_LAB_STORAGE_BEAM_1_MESH
09:08:32 | INFO: Primitives created: 1
09:08:32 | INFO: Extracting primitive: V06_ADMIN_LAB_STORAGE_LOAD_0_0_MESH
09:08:32 | INFO: Primitives created: 1
09:08:32 | INFO: Extracting primitive: V06_ADMIN_LAB_STORAGE_LOAD_0_1_MESH
09:08:32 | INFO: Primitives created: 1
09:08:32 | INFO: Extracting primitive: V06_ADMIN_LAB_STORAGE_LOAD_1_0_MESH
09:08:32 | INFO: Primitives created: 1
09:08:32 | INFO: Extracting primitive: V06_ADMIN_LAB_STORAGE_LOAD_1_1_MESH
09:08:32 | INFO: Primitives created: 1
09:08:32 | INFO: Extracting primitive: V06_ADMIN_LAB_STORAGE_LOAD_2_0_MESH
09:08:32 | INFO: Primitives created: 1
09:08:32 | INFO: Extracting primitive: V06_ADMIN_LAB_STORAGE_LOAD_2_1_MESH
09:08:32 | INFO: Primitives created: 1
09:08:32 | INFO: Extracting primitive: V06_ADMIN_LAB_STORAGE_LOAD_3_0_MESH
09:08:32 | INFO: Primitives created: 1
09:08:32 | INFO: Extracting primitive: V06_ADMIN_LAB_STORAGE_LOAD_3_1_MESH
09:08:32 | INFO: Primitives created: 1
09:08:32 | INFO: Extracting primitive: V06_ADMIN_LAB_STORAGE_PALLET_0_0_MESH
09:08:32 | INFO: Primitives created: 1
09:08:32 | INFO: Extracting primitive: V06_ADMIN_LAB_STORAGE_PALLET_0_1_MESH
09:08:32 | INFO: Primitives created: 1
09:08:32 | INFO: Extracting primitive: V06_ADMIN_LAB_STORAGE_PALLET_1_0_MESH
09:08:32 | INFO: Primitives created: 1
09:08:32 | INFO: Extracting primitive: V06_ADMIN_LAB_STORAGE_PALLET_1_1_MESH
09:08:32 | INFO: Primitives created: 1
09:08:32 | INFO: Extracting primitive: V06_ADMIN_LAB_STORAGE_PALLET_2_0_MESH
09:08:32 | INFO: Primitives created: 1
09:08:32 | INFO: Extracting primitive: V06_ADMIN_LAB_STORAGE_PALLET_2_1_MESH
09:08:32 | INFO: Primitives created: 1
09:08:32 | INFO: Extracting primitive: V06_ADMIN_LAB_STORAGE_PALLET_3_0_MESH
09:08:32 | INFO: Primitives created: 1
09:08:32 | INFO: Extracting primitive: V06_ADMIN_LAB_STORAGE_PALLET_3_1_MESH
09:08:32 | INFO: Primitives created: 1
09:08:32 | INFO: Extracting primitive: V06_ADMIN_LAB_STORAGE_UPRIGHT_0_0_MESH
09:08:32 | INFO: Primitives created: 1
09:08:32 | INFO: Extracting primitive: V06_ADMIN_LAB_STORAGE_UPRIGHT_0_1_MESH
09:08:32 | INFO: Primitives created: 1
09:08:32 | INFO: Extracting primitive: V06_ADMIN_LAB_STORAGE_UPRIGHT_1_0_MESH
09:08:32 | INFO: Primitives created: 1
09:08:32 | INFO: Extracting primitive: V06_ADMIN_LAB_STORAGE_UPRIGHT_1_1_MESH
09:08:32 | INFO: Primitives created: 1
09:08:32 | INFO: Extracting primitive: V06_ADMIN_LAB_STORAGE_UPRIGHT_2_0_MESH
09:08:32 | INFO: Primitives created: 1
09:08:32 | INFO: Extracting primitive: V06_ADMIN_LAB_STORAGE_UPRIGHT_2_1_MESH
09:08:32 | INFO: Primitives created: 1
09:08:32 | INFO: Extracting primitive: V06_ADMIN_LAB_STORAGE_UPRIGHT_3_0_MESH
09:08:32 | INFO: Primitives created: 1
09:08:32 | INFO: Extracting primitive: V06_ADMIN_LAB_STORAGE_UPRIGHT_3_1_MESH
09:08:32 | INFO: Primitives created: 1
09:08:32 | INFO: Extracting primitive: V06_ADMIN_LEFT_MESH
09:08:32 | INFO: Primitives created: 1
09:08:32 | INFO: Extracting primitive: V06_ADMIN_LIGHT_0_FIXTURE_MESH
09:08:32 | INFO: Primitives created: 1
09:08:32 | INFO: Extracting primitive: V06_ADMIN_LIGHT_0_GLOW_MESH
09:08:32 | INFO: Primitives created: 1
09:08:32 | INFO: Extracting primitive: V06_ADMIN_LIGHT_1_FIXTURE_MESH
09:08:32 | INFO: Primitives created: 1
09:08:32 | INFO: Extracting primitive: V06_ADMIN_LIGHT_1_GLOW_MESH
09:08:32 | INFO: Primitives created: 1
09:08:32 | INFO: Extracting primitive: V06_ADMIN_LIGHT_2_FIXTURE_MESH
09:08:32 | INFO: Primitives created: 1
09:08:32 | INFO: Extracting primitive: V06_ADMIN_LIGHT_2_GLOW_MESH
09:08:32 | INFO: Primitives created: 1
09:08:32 | INFO: Extracting primitive: V06_ADMIN_LIGHT_3_FIXTURE_MESH
09:08:32 | INFO: Primitives created: 1
09:08:32 | INFO: Extracting primitive: V06_ADMIN_LIGHT_3_GLOW_MESH
09:08:32 | INFO: Primitives created: 1
09:08:32 | INFO: Extracting primitive: V06_ADMIN_LIGHT_4_FIXTURE_MESH
09:08:32 | INFO: Primitives created: 1
09:08:32 | INFO: Extracting primitive: V06_ADMIN_LIGHT_4_GLOW_MESH
09:08:32 | INFO: Primitives created: 1
09:08:32 | INFO: Extracting primitive: V06_ADMIN_MONITOR_0_MESH
09:08:32 | INFO: Primitives created: 1
09:08:32 | INFO: Extracting primitive: V06_ADMIN_MONITOR_1_MESH
09:08:32 | INFO: Primitives created: 1
09:08:32 | INFO: Extracting primitive: V06_ADMIN_MONITOR_2_MESH
09:08:32 | INFO: Primitives created: 1
09:08:32 | INFO: Extracting primitive: V06_ADMIN_MONITOR_3_MESH
09:08:32 | INFO: Primitives created: 1
09:08:32 | INFO: Extracting primitive: V06_ADMIN_MONITOR_4_MESH
09:08:32 | INFO: Primitives created: 1
09:08:32 | INFO: Extracting primitive: V06_ADMIN_MONITOR_5_MESH
09:08:32 | INFO: Primitives created: 1
09:08:32 | INFO: Extracting primitive: V06_ADMIN_RECEPTION_DESK_MESH
09:08:32 | INFO: Primitives created: 1
09:08:32 | INFO: Extracting primitive: V06_ADMIN_RECEPTION_SCREEN_PANEL_MESH
09:08:32 | INFO: Primitives created: 1
09:08:32 | INFO: Extracting primitive: V06_ADMIN_RECEPTION_SCREEN_POST_MESH
09:08:32 | INFO: Primitives created: 1
09:08:32 | INFO: Extracting primitive: V06_ADMIN_RIGHT_MESH
09:08:32 | INFO: Primitives created: 1
09:08:32 | INFO: Extracting primitive: V06_ADMIN_SOFFIT_-43.44_MESH
09:08:32 | INFO: Primitives created: 1
09:08:32 | INFO: Extracting primitive: V06_ADMIN_SOFFIT_-58_MESH
09:08:32 | INFO: Primitives created: 1
09:08:32 | INFO: Extracting primitive: V06_ADMIN_SOFFIT_-72.56_MESH
09:08:32 | INFO: Primitives created: 1
09:08:32 | INFO: Extracting primitive: V06_ADMIN_WORKSTATION_0_MESH
09:08:32 | INFO: Primitives created: 1
09:08:32 | INFO: Extracting primitive: V06_ADMIN_WORKSTATION_1_MESH
09:08:32 | INFO: Primitives created: 1
09:08:32 | INFO: Extracting primitive: V06_ADMIN_WORKSTATION_2_MESH
09:08:32 | INFO: Primitives created: 1
09:08:32 | INFO: Extracting primitive: V06_ADMIN_WORKSTATION_3_MESH
09:08:32 | INFO: Primitives created: 1
09:08:32 | INFO: Extracting primitive: V06_ADMIN_WORKSTATION_4_MESH
09:08:32 | INFO: Primitives created: 1
09:08:32 | INFO: Extracting primitive: V06_ADMIN_WORKSTATION_5_MESH
09:08:32 | INFO: Primitives created: 1
09:08:32 | INFO: Extracting primitive: V06_BOTTLE_BACK_MESH
09:08:32 | INFO: Primitives created: 1
09:08:32 | INFO: Extracting primitive: V06_BOTTLE_BLOW_FRAME_MESH
09:08:32 | INFO: Primitives created: 1
09:08:32 | INFO: Extracting primitive: V06_BOTTLE_DOOR_HEADER_MESH
09:08:32 | INFO: Primitives created: 1
09:08:32 | INFO: Extracting primitive: V06_BOTTLE_DOOR_L_MESH
09:08:32 | INFO: Primitives created: 1
09:08:32 | INFO: Extracting primitive: V06_BOTTLE_DOOR_R_MESH
09:08:32 | INFO: Primitives created: 1
09:08:32 | INFO: Extracting primitive: V06_BOTTLE_FLOOR_MESH
09:08:32 | INFO: Primitives created: 1
09:08:32 | INFO: Extracting primitive: V06_BOTTLE_GUARD_A_MESH
09:08:32 | INFO: Primitives created: 1
09:08:32 | INFO: Extracting primitive: V06_BOTTLE_GUARD_B_MESH
09:08:32 | INFO: Primitives created: 1
09:08:32 | INFO: Extracting primitive: V06_BOTTLE_HEATER_0_MESH
09:08:32 | INFO: Primitives created: 1
09:08:32 | INFO: Extracting primitive: V06_BOTTLE_HEATER_1_MESH
09:08:32 | INFO: Primitives created: 1
09:08:32 | INFO: Extracting primitive: V06_BOTTLE_HEATER_2_MESH
09:08:32 | INFO: Primitives created: 1
09:08:32 | INFO: Extracting primitive: V06_BOTTLE_HEATER_3_MESH
09:08:32 | INFO: Primitives created: 1
09:08:32 | INFO: Extracting primitive: V06_BOTTLE_HEATER_4_MESH
09:08:32 | INFO: Primitives created: 1
09:08:32 | INFO: Extracting primitive: V06_BOTTLE_HEATER_5_MESH
09:08:32 | INFO: Primitives created: 1
09:08:32 | INFO: Extracting primitive: V06_BOTTLE_INSPECTION_HEAD_MESH
09:08:32 | INFO: Primitives created: 1
09:08:32 | INFO: Extracting primitive: V06_BOTTLE_LEFT_MESH
09:08:32 | INFO: Primitives created: 1
09:08:32 | INFO: Extracting primitive: V06_BOTTLE_LIGHT_0_FIXTURE_MESH
09:08:32 | INFO: Primitives created: 1
09:08:32 | INFO: Extracting primitive: V06_BOTTLE_LIGHT_0_GLOW_MESH
09:08:32 | INFO: Primitives created: 1
09:08:32 | INFO: Extracting primitive: V06_BOTTLE_LIGHT_1_FIXTURE_MESH
09:08:32 | INFO: Primitives created: 1
09:08:32 | INFO: Extracting primitive: V06_BOTTLE_LIGHT_1_GLOW_MESH
09:08:32 | INFO: Primitives created: 1
09:08:32 | INFO: Extracting primitive: V06_BOTTLE_LIGHT_2_FIXTURE_MESH
09:08:32 | INFO: Primitives created: 1
09:08:32 | INFO: Extracting primitive: V06_BOTTLE_LIGHT_2_GLOW_MESH
09:08:32 | INFO: Primitives created: 1
09:08:32 | INFO: Extracting primitive: V06_BOTTLE_MOULD_LEFT_MESH
09:08:32 | INFO: Primitives created: 1
09:08:32 | INFO: Extracting primitive: V06_BOTTLE_MOULD_RIGHT_MESH
09:08:32 | INFO: Primitives created: 1
09:08:32 | INFO: Extracting primitive: V06_BOTTLE_OUT_BOTTLES_0_MESH
09:08:32 | INFO: Primitives created: 1
09:08:32 | INFO: Extracting primitive: V06_BOTTLE_OUT_BOTTLES_1_MESH
09:08:32 | INFO: Primitives created: 1
09:08:32 | INFO: Extracting primitive: V06_BOTTLE_OUT_BOTTLES_2_MESH
09:08:32 | INFO: Primitives created: 1
09:08:32 | INFO: Extracting primitive: V06_BOTTLE_OUT_BOTTLES_3_MESH
09:08:32 | INFO: Primitives created: 1
09:08:32 | INFO: Extracting primitive: V06_BOTTLE_OUT_BOTTLES_4_MESH
09:08:32 | INFO: Primitives created: 1
09:08:32 | INFO: Extracting primitive: V06_BOTTLE_OUT_BOTTLES_5_MESH
09:08:32 | INFO: Primitives created: 1
09:08:32 | INFO: Extracting primitive: V06_BOTTLE_OUT_BOTTLES_6_MESH
09:08:32 | INFO: Primitives created: 1
09:08:32 | INFO: Extracting primitive: V06_BOTTLE_OUT_BOTTLES_7_MESH
09:08:32 | INFO: Primitives created: 1
09:08:32 | INFO: Extracting primitive: V06_BOTTLE_OUTFEED_A_MESH
09:08:32 | INFO: Primitives created: 1
09:08:32 | INFO: Extracting primitive: V06_BOTTLE_OUTFEED_B_MESH
09:08:32 | INFO: Primitives created: 1
09:08:32 | INFO: Extracting primitive: V06_BOTTLE_OUTFEED_BED_MESH
09:08:32 | INFO: Primitives created: 1
09:08:32 | INFO: Extracting primitive: V06_BOTTLE_OUTFEED_ROLLER0_MESH
09:08:32 | INFO: Primitives created: 1
09:08:32 | INFO: Extracting primitive: V06_BOTTLE_OUTFEED_ROLLER1_MESH
09:08:32 | INFO: Primitives created: 1
09:08:32 | INFO: Extracting primitive: V06_BOTTLE_OUTFEED_ROLLER2_MESH
09:08:32 | INFO: Primitives created: 1
09:08:32 | INFO: Extracting primitive: V06_BOTTLE_OUTFEED_ROLLER3_MESH
09:08:32 | INFO: Primitives created: 1
09:08:32 | INFO: Extracting primitive: V06_BOTTLE_OUTFEED_ROLLER4_MESH
09:08:32 | INFO: Primitives created: 1
09:08:32 | INFO: Extracting primitive: V06_BOTTLE_OUTFEED_ROLLER5_MESH
09:08:32 | INFO: Primitives created: 1
09:08:32 | INFO: Extracting primitive: V06_BOTTLE_OUTFEED_ROLLER6_MESH
09:08:32 | INFO: Primitives created: 1
09:08:32 | INFO: Extracting primitive: V06_BOTTLE_OVEN_FRAME_MESH
09:08:32 | INFO: Primitives created: 1
09:08:32 | INFO: Extracting primitive: V06_BOTTLE_PREFORM_FEED_A_MESH
09:08:32 | INFO: Primitives created: 1
09:08:32 | INFO: Extracting primitive: V06_BOTTLE_PREFORM_FEED_B_MESH
09:08:32 | INFO: Primitives created: 1
09:08:32 | INFO: Extracting primitive: V06_BOTTLE_PREFORM_FEED_BED_MESH
09:08:32 | INFO: Primitives created: 1
09:08:32 | INFO: Extracting primitive: V06_BOTTLE_PREFORM_FEED_ROLLER0_MESH
09:08:32 | INFO: Primitives created: 1
09:08:32 | INFO: Extracting primitive: V06_BOTTLE_PREFORM_FEED_ROLLER1_MESH
09:08:32 | INFO: Primitives created: 1
09:08:32 | INFO: Extracting primitive: V06_BOTTLE_PREFORM_FEED_ROLLER2_MESH
09:08:32 | INFO: Primitives created: 1
09:08:32 | INFO: Extracting primitive: V06_BOTTLE_PREFORM_FEED_ROLLER3_MESH
09:08:32 | INFO: Primitives created: 1
09:08:32 | INFO: Extracting primitive: V06_BOTTLE_PREFORM_FEED_ROLLER4_MESH
09:08:32 | INFO: Primitives created: 1
09:08:32 | INFO: Extracting primitive: V06_BOTTLE_PREFORM_FEED_ROLLER5_MESH
09:08:32 | INFO: Primitives created: 1
09:08:32 | INFO: Extracting primitive: V06_BOTTLE_PREFORM_FEED_ROLLER6_MESH
09:08:32 | INFO: Primitives created: 1
09:08:32 | INFO: Extracting primitive: V06_BOTTLE_PREFORM_HOPPER_MESH
09:08:32 | INFO: Primitives created: 1
09:08:32 | INFO: Extracting primitive: V06_BOTTLE_PREFORMS_0_MESH
09:08:32 | INFO: Primitives created: 1
09:08:32 | INFO: Extracting primitive: V06_BOTTLE_PREFORMS_1_MESH
09:08:32 | INFO: Primitives created: 1
09:08:32 | INFO: Extracting primitive: V06_BOTTLE_PREFORMS_2_MESH
09:08:32 | INFO: Primitives created: 1
09:08:32 | INFO: Extracting primitive: V06_BOTTLE_PREFORMS_3_MESH
09:08:32 | INFO: Primitives created: 1
09:08:32 | INFO: Extracting primitive: V06_BOTTLE_PREFORMS_4_MESH
09:08:32 | INFO: Primitives created: 1
09:08:32 | INFO: Extracting primitive: V06_BOTTLE_PREFORMS_5_MESH
09:08:32 | INFO: Primitives created: 1
09:08:32 | INFO: Extracting primitive: V06_BOTTLE_PREFORMS_6_MESH
09:08:32 | INFO: Primitives created: 1
09:08:32 | INFO: Extracting primitive: V06_BOTTLE_RIGHT_MESH
09:08:32 | INFO: Primitives created: 1
09:08:32 | INFO: Extracting primitive: V06_BOTTLE_SOFFIT_41.36_MESH
09:08:32 | INFO: Primitives created: 1
09:08:32 | INFO: Extracting primitive: V06_BOTTLE_SOFFIT_52_MESH
09:08:32 | INFO: Primitives created: 1
09:08:32 | INFO: Extracting primitive: V06_BOTTLE_SOFFIT_62.64_MESH
09:08:32 | INFO: Primitives created: 1
09:08:32 | INFO: Extracting primitive: V06_CHEM_BUND_WALL_0_MESH
09:08:32 | INFO: Primitives created: 1
09:08:32 | INFO: Extracting primitive: V06_CHEM_BUND_WALL_1_MESH
09:08:32 | INFO: Primitives created: 1
09:08:32 | INFO: Extracting primitive: V06_CHEM_BUND_WALL_2_MESH
09:08:32 | INFO: Primitives created: 1
09:08:32 | INFO: Extracting primitive: V06_CHEM_CONTROL_DOOR_PANEL_MESH
09:08:32 | INFO: Primitives created: 1
09:08:32 | INFO: Extracting primitive: V06_CHEM_CONTROL_DOOR_POST_MESH
09:08:32 | INFO: Primitives created: 1
09:08:32 | INFO: Extracting primitive: V06_CHEM_DRUM_PALLET_0_BASE_MESH
09:08:32 | INFO: Primitives created: 1
09:08:32 | INFO: Extracting primitive: V06_CHEM_DRUM_PALLET_0_LOAD_MESH
09:08:32 | INFO: Primitives created: 1
09:08:32 | INFO: Extracting primitive: V06_CHEM_DRUM_PALLET_1_BASE_MESH
09:08:32 | INFO: Primitives created: 1
09:08:32 | INFO: Extracting primitive: V06_CHEM_DRUM_PALLET_1_LOAD_MESH
09:08:32 | INFO: Primitives created: 1
09:08:32 | INFO: Extracting primitive: V06_CHEM_DRUM_PALLET_2_BASE_MESH
09:08:32 | INFO: Primitives created: 1
09:08:32 | INFO: Extracting primitive: V06_CHEM_DRUM_PALLET_2_LOAD_MESH
09:08:32 | INFO: Primitives created: 1
09:08:32 | INFO: Extracting primitive: V06_CHEM_DRUM_PALLET_3_BASE_MESH
09:08:32 | INFO: Primitives created: 1
09:08:32 | INFO: Extracting primitive: V06_CHEM_DRUM_PALLET_3_LOAD_MESH
09:08:32 | INFO: Primitives created: 1
09:08:32 | INFO: Extracting primitive: V06_CHEM_HOSE_MESH
09:08:32 | INFO: Primitives created: 1
09:08:32 | INFO: Extracting primitive: V06_CHEM_IBC_0_MESH
09:08:32 | INFO: Primitives created: 1
09:08:32 | INFO: Extracting primitive: V06_CHEM_IBC_1_MESH
09:08:32 | INFO: Primitives created: 1
09:08:32 | INFO: Extracting primitive: V06_CHEM_IBC_2_MESH
09:08:32 | INFO: Primitives created: 1
09:08:32 | INFO: Extracting primitive: V06_CHEM_IBC_CAGE_0_MESH
09:08:32 | INFO: Primitives created: 1
09:08:32 | INFO: Extracting primitive: V06_CHEM_IBC_CAGE_1_MESH
09:08:32 | INFO: Primitives created: 1
09:08:32 | INFO: Extracting primitive: V06_CHEM_IBC_CAGE_2_MESH
09:08:32 | INFO: Primitives created: 1
09:08:32 | INFO: Extracting primitive: V06_CHEM_RECEIVING_STAGING_MESH
09:08:32 | INFO: Primitives created: 1
09:08:32 | INFO: Extracting primitive: V06_CHEM_TANK_VALVE_0_MESH
09:08:32 | INFO: Primitives created: 1
09:08:32 | INFO: Extracting primitive: V06_CHEM_TANK_VALVE_1_MESH
09:08:32 | INFO: Primitives created: 1
09:08:32 | INFO: Extracting primitive: V06_CHEM_TANK_VALVE_2_MESH
09:08:32 | INFO: Primitives created: 1
09:08:32 | INFO: Extracting primitive: V06_CHEM_TRANSFER_PUMP_MESH
09:08:32 | INFO: Primitives created: 1
09:08:32 | INFO: Extracting primitive: V06_CHEM_TRANSFER_TANK_0_MESH
09:08:32 | INFO: Primitives created: 1
09:08:32 | INFO: Extracting primitive: V06_CHEM_TRANSFER_TANK_1_MESH
09:08:32 | INFO: Primitives created: 1
09:08:32 | INFO: Extracting primitive: V06_CHEM_TRANSFER_TANK_2_MESH
09:08:32 | INFO: Primitives created: 1
09:08:32 | INFO: Extracting primitive: V06_CHEMICAL_BACK_MESH
09:08:32 | INFO: Primitives created: 1
09:08:32 | INFO: Extracting primitive: V06_CHEMICAL_DOOR_HEADER_MESH
09:08:32 | INFO: Primitives created: 1
09:08:32 | INFO: Extracting primitive: V06_CHEMICAL_DOOR_L_MESH
09:08:32 | INFO: Primitives created: 1
09:08:32 | INFO: Extracting primitive: V06_CHEMICAL_DOOR_R_MESH
09:08:32 | INFO: Primitives created: 1
09:08:32 | INFO: Extracting primitive: V06_CHEMICAL_FLOOR_MESH
09:08:32 | INFO: Primitives created: 1
09:08:32 | INFO: Extracting primitive: V06_CHEMICAL_LEFT_MESH
09:08:32 | INFO: Primitives created: 1
09:08:32 | INFO: Extracting primitive: V06_CHEMICAL_LIGHT_0_FIXTURE_MESH
09:08:32 | INFO: Primitives created: 1
09:08:32 | INFO: Extracting primitive: V06_CHEMICAL_LIGHT_0_GLOW_MESH
09:08:32 | INFO: Primitives created: 1
09:08:32 | INFO: Extracting primitive: V06_CHEMICAL_LIGHT_1_FIXTURE_MESH
09:08:32 | INFO: Primitives created: 1
09:08:32 | INFO: Extracting primitive: V06_CHEMICAL_LIGHT_1_GLOW_MESH
09:08:32 | INFO: Primitives created: 1
09:08:32 | INFO: Extracting primitive: V06_CHEMICAL_LIGHT_2_FIXTURE_MESH
09:08:32 | INFO: Primitives created: 1
09:08:32 | INFO: Extracting primitive: V06_CHEMICAL_LIGHT_2_GLOW_MESH
09:08:32 | INFO: Primitives created: 1
09:08:32 | INFO: Extracting primitive: V06_CHEMICAL_RIGHT_MESH
09:08:32 | INFO: Primitives created: 1
09:08:32 | INFO: Extracting primitive: V06_CHEMICAL_SOFFIT_45.92_MESH
09:08:32 | INFO: Primitives created: 1
09:08:32 | INFO: Extracting primitive: V06_CHEMICAL_SOFFIT_56_MESH
09:08:32 | INFO: Primitives created: 1
09:08:32 | INFO: Extracting primitive: V06_CHEMICAL_SOFFIT_66.08_MESH
09:08:32 | INFO: Primitives created: 1
09:08:32 | INFO: Extracting primitive: V06_CLASSROOM_0_CHAIR_0_MESH
09:08:32 | INFO: Primitives created: 1
09:08:32 | INFO: Extracting primitive: V06_CLASSROOM_0_CHAIR_1_MESH
09:08:32 | INFO: Primitives created: 1
09:08:32 | INFO: Extracting primitive: V06_CLASSROOM_0_CHAIR_2_MESH
09:08:32 | INFO: Primitives created: 1
09:08:32 | INFO: Extracting primitive: V06_CLASSROOM_0_CHAIR_3_MESH
09:08:32 | INFO: Primitives created: 1
09:08:32 | INFO: Extracting primitive: V06_CLASSROOM_0_TABLE_MESH
09:08:32 | INFO: Primitives created: 1
09:08:32 | INFO: Extracting primitive: V06_CLASSROOM_1_CHAIR_0_MESH
09:08:32 | INFO: Primitives created: 1
09:08:32 | INFO: Extracting primitive: V06_CLASSROOM_1_CHAIR_1_MESH
09:08:32 | INFO: Primitives created: 1
09:08:32 | INFO: Extracting primitive: V06_CLASSROOM_1_CHAIR_2_MESH
09:08:32 | INFO: Primitives created: 1
09:08:32 | INFO: Extracting primitive: V06_CLASSROOM_1_CHAIR_3_MESH
09:08:32 | INFO: Primitives created: 1
09:08:32 | INFO: Extracting primitive: V06_CLASSROOM_1_TABLE_MESH
09:08:32 | INFO: Primitives created: 1
09:08:32 | INFO: Extracting primitive: V06_CLASSROOM_2_CHAIR_0_MESH
09:08:32 | INFO: Primitives created: 1
09:08:32 | INFO: Extracting primitive: V06_CLASSROOM_2_CHAIR_1_MESH
09:08:32 | INFO: Primitives created: 1
09:08:32 | INFO: Extracting primitive: V06_CLASSROOM_2_CHAIR_2_MESH
09:08:32 | INFO: Primitives created: 1
09:08:32 | INFO: Extracting primitive: V06_CLASSROOM_2_CHAIR_3_MESH
09:08:32 | INFO: Primitives created: 1
09:08:32 | INFO: Extracting primitive: V06_CLASSROOM_2_TABLE_MESH
09:08:32 | INFO: Primitives created: 1
09:08:32 | INFO: Extracting primitive: V06_CLASSROOM_3_CHAIR_0_MESH
09:08:32 | INFO: Primitives created: 1
09:08:32 | INFO: Extracting primitive: V06_CLASSROOM_3_CHAIR_1_MESH
09:08:32 | INFO: Primitives created: 1
09:08:32 | INFO: Extracting primitive: V06_CLASSROOM_3_CHAIR_2_MESH
09:08:32 | INFO: Primitives created: 1
09:08:32 | INFO: Extracting primitive: V06_CLASSROOM_3_CHAIR_3_MESH
09:08:32 | INFO: Primitives created: 1
09:08:32 | INFO: Extracting primitive: V06_CLASSROOM_3_TABLE_MESH
09:08:32 | INFO: Primitives created: 1
09:08:32 | INFO: Extracting primitive: V06_CLINIC_BACK_MESH
09:08:32 | INFO: Primitives created: 1
09:08:32 | INFO: Extracting primitive: V06_CLINIC_BED_HEAD_MESH
09:08:32 | INFO: Primitives created: 1
09:08:32 | INFO: Extracting primitive: V06_CLINIC_DOOR_HEADER_MESH
09:08:32 | INFO: Primitives created: 1
09:08:32 | INFO: Extracting primitive: V06_CLINIC_DOOR_L_MESH
09:08:32 | INFO: Primitives created: 1
09:08:32 | INFO: Extracting primitive: V06_CLINIC_DOOR_R_MESH
09:08:32 | INFO: Primitives created: 1
09:08:32 | INFO: Extracting primitive: V06_CLINIC_EXAM_BED_MESH
09:08:32 | INFO: Primitives created: 1
09:08:32 | INFO: Extracting primitive: V06_CLINIC_FLOOR_MESH
09:08:32 | INFO: Primitives created: 1
09:08:32 | INFO: Extracting primitive: V06_CLINIC_LEFT_MESH
09:08:32 | INFO: Primitives created: 1
09:08:32 | INFO: Extracting primitive: V06_CLINIC_LIGHT_0_FIXTURE_MESH
09:08:32 | INFO: Primitives created: 1
09:08:32 | INFO: Extracting primitive: V06_CLINIC_LIGHT_0_GLOW_MESH
09:08:32 | INFO: Primitives created: 1
09:08:32 | INFO: Extracting primitive: V06_CLINIC_LIGHT_1_FIXTURE_MESH
09:08:32 | INFO: Primitives created: 1
09:08:32 | INFO: Extracting primitive: V06_CLINIC_LIGHT_1_GLOW_MESH
09:08:32 | INFO: Primitives created: 1
09:08:32 | INFO: Extracting primitive: V06_CLINIC_MED_STORAGE_BEAM_0_MESH
09:08:32 | INFO: Primitives created: 1
09:08:32 | INFO: Extracting primitive: V06_CLINIC_MED_STORAGE_BEAM_1_MESH
09:08:32 | INFO: Primitives created: 1
09:08:32 | INFO: Extracting primitive: V06_CLINIC_MED_STORAGE_LOAD_0_0_MESH
09:08:32 | INFO: Primitives created: 1
09:08:32 | INFO: Extracting primitive: V06_CLINIC_MED_STORAGE_LOAD_0_1_MESH
09:08:32 | INFO: Primitives created: 1
09:08:32 | INFO: Extracting primitive: V06_CLINIC_MED_STORAGE_LOAD_1_0_MESH
09:08:32 | INFO: Primitives created: 1
09:08:32 | INFO: Extracting primitive: V06_CLINIC_MED_STORAGE_LOAD_1_1_MESH
09:08:32 | INFO: Primitives created: 1
09:08:32 | INFO: Extracting primitive: V06_CLINIC_MED_STORAGE_LOAD_2_0_MESH
09:08:32 | INFO: Primitives created: 1
09:08:32 | INFO: Extracting primitive: V06_CLINIC_MED_STORAGE_LOAD_2_1_MESH
09:08:32 | INFO: Primitives created: 1
09:08:32 | INFO: Extracting primitive: V06_CLINIC_MED_STORAGE_PALLET_0_0_MESH
09:08:32 | INFO: Primitives created: 1
09:08:32 | INFO: Extracting primitive: V06_CLINIC_MED_STORAGE_PALLET_0_1_MESH
09:08:32 | INFO: Primitives created: 1
09:08:32 | INFO: Extracting primitive: V06_CLINIC_MED_STORAGE_PALLET_1_0_MESH
09:08:32 | INFO: Primitives created: 1
09:08:32 | INFO: Extracting primitive: V06_CLINIC_MED_STORAGE_PALLET_1_1_MESH
09:08:32 | INFO: Primitives created: 1
09:08:32 | INFO: Extracting primitive: V06_CLINIC_MED_STORAGE_PALLET_2_0_MESH
09:08:32 | INFO: Primitives created: 1
09:08:32 | INFO: Extracting primitive: V06_CLINIC_MED_STORAGE_PALLET_2_1_MESH
09:08:32 | INFO: Primitives created: 1
09:08:32 | INFO: Extracting primitive: V06_CLINIC_MED_STORAGE_UPRIGHT_0_0_MESH
09:08:32 | INFO: Primitives created: 1
09:08:32 | INFO: Extracting primitive: V06_CLINIC_MED_STORAGE_UPRIGHT_0_1_MESH
09:08:32 | INFO: Primitives created: 1
09:08:32 | INFO: Extracting primitive: V06_CLINIC_MED_STORAGE_UPRIGHT_1_0_MESH
09:08:32 | INFO: Primitives created: 1
09:08:32 | INFO: Extracting primitive: V06_CLINIC_MED_STORAGE_UPRIGHT_1_1_MESH
09:08:32 | INFO: Primitives created: 1
09:08:32 | INFO: Extracting primitive: V06_CLINIC_MED_STORAGE_UPRIGHT_2_0_MESH
09:08:32 | INFO: Primitives created: 1
09:08:32 | INFO: Extracting primitive: V06_CLINIC_MED_STORAGE_UPRIGHT_2_1_MESH
09:08:32 | INFO: Primitives created: 1
09:08:32 | INFO: Extracting primitive: V06_CLINIC_PRIVACY_PANEL_MESH
09:08:32 | INFO: Primitives created: 1
09:08:32 | INFO: Extracting primitive: V06_CLINIC_PRIVACY_POST_MESH
09:08:32 | INFO: Primitives created: 1
09:08:32 | INFO: Extracting primitive: V06_CLINIC_RECEPTION_MESH
09:08:32 | INFO: Primitives created: 1
09:08:32 | INFO: Extracting primitive: V06_CLINIC_RIGHT_MESH
09:08:32 | INFO: Primitives created: 1
09:08:32 | INFO: Extracting primitive: V06_CLINIC_SOFFIT_-11.28_MESH
09:08:32 | INFO: Primitives created: 1
09:08:32 | INFO: Extracting primitive: V06_CLINIC_SOFFIT_-18_MESH
09:08:32 | INFO: Primitives created: 1
09:08:32 | INFO: Extracting primitive: V06_CLINIC_SOFFIT_-24.72_MESH
09:08:32 | INFO: Primitives created: 1
09:08:32 | INFO: Extracting primitive: V06_CLINIC_TREATMENT_TROLLEY_MESH
09:08:32 | INFO: Primitives created: 1
09:08:32 | INFO: Extracting primitive: V06_CLINIC_WAITING_BENCH_MESH
09:08:32 | INFO: Primitives created: 1
09:08:32 | INFO: Extracting primitive: V06_CLINIC_WASH_BASIN_MESH
09:08:32 | INFO: Primitives created: 1
09:08:32 | INFO: Extracting primitive: V06_DINING_0_CHAIR_0_MESH
09:08:32 | INFO: Primitives created: 1
09:08:32 | INFO: Extracting primitive: V06_DINING_0_CHAIR_1_MESH
09:08:32 | INFO: Primitives created: 1
09:08:32 | INFO: Extracting primitive: V06_DINING_0_CHAIR_2_MESH
09:08:32 | INFO: Primitives created: 1
09:08:32 | INFO: Extracting primitive: V06_DINING_0_CHAIR_3_MESH
09:08:32 | INFO: Primitives created: 1
09:08:32 | INFO: Extracting primitive: V06_DINING_0_TABLE_MESH
09:08:32 | INFO: Primitives created: 1
09:08:32 | INFO: Extracting primitive: V06_DINING_1_CHAIR_0_MESH
09:08:32 | INFO: Primitives created: 1
09:08:32 | INFO: Extracting primitive: V06_DINING_1_CHAIR_1_MESH
09:08:32 | INFO: Primitives created: 1
09:08:32 | INFO: Extracting primitive: V06_DINING_1_CHAIR_2_MESH
09:08:32 | INFO: Primitives created: 1
09:08:32 | INFO: Extracting primitive: V06_DINING_1_CHAIR_3_MESH
09:08:32 | INFO: Primitives created: 1
09:08:32 | INFO: Extracting primitive: V06_DINING_1_TABLE_MESH
09:08:32 | INFO: Primitives created: 1
09:08:32 | INFO: Extracting primitive: V06_DINING_2_CHAIR_0_MESH
09:08:32 | INFO: Primitives created: 1
09:08:32 | INFO: Extracting primitive: V06_DINING_2_CHAIR_1_MESH
09:08:32 | INFO: Primitives created: 1
09:08:32 | INFO: Extracting primitive: V06_DINING_2_CHAIR_2_MESH
09:08:32 | INFO: Primitives created: 1
09:08:32 | INFO: Extracting primitive: V06_DINING_2_CHAIR_3_MESH
09:08:32 | INFO: Primitives created: 1
09:08:32 | INFO: Extracting primitive: V06_DINING_2_TABLE_MESH
09:08:32 | INFO: Primitives created: 1
09:08:32 | INFO: Extracting primitive: V06_DINING_3_CHAIR_0_MESH
09:08:32 | INFO: Primitives created: 1
09:08:32 | INFO: Extracting primitive: V06_DINING_3_CHAIR_1_MESH
09:08:32 | INFO: Primitives created: 1
09:08:32 | INFO: Extracting primitive: V06_DINING_3_CHAIR_2_MESH
09:08:32 | INFO: Primitives created: 1
09:08:32 | INFO: Extracting primitive: V06_DINING_3_CHAIR_3_MESH
09:08:32 | INFO: Primitives created: 1
09:08:32 | INFO: Extracting primitive: V06_DINING_3_TABLE_MESH
09:08:32 | INFO: Primitives created: 1
09:08:32 | INFO: Extracting primitive: V06_DINING_4_CHAIR_0_MESH
09:08:32 | INFO: Primitives created: 1
09:08:32 | INFO: Extracting primitive: V06_DINING_4_CHAIR_1_MESH
09:08:32 | INFO: Primitives created: 1
09:08:32 | INFO: Extracting primitive: V06_DINING_4_CHAIR_2_MESH
09:08:32 | INFO: Primitives created: 1
09:08:32 | INFO: Extracting primitive: V06_DINING_4_CHAIR_3_MESH
09:08:32 | INFO: Primitives created: 1
09:08:32 | INFO: Extracting primitive: V06_DINING_4_TABLE_MESH
09:08:32 | INFO: Primitives created: 1
09:08:32 | INFO: Extracting primitive: V06_DINING_5_CHAIR_0_MESH
09:08:32 | INFO: Primitives created: 1
09:08:32 | INFO: Extracting primitive: V06_DINING_5_CHAIR_1_MESH
09:08:32 | INFO: Primitives created: 1
09:08:32 | INFO: Extracting primitive: V06_DINING_5_CHAIR_2_MESH
09:08:32 | INFO: Primitives created: 1
09:08:32 | INFO: Extracting primitive: V06_DINING_5_CHAIR_3_MESH
09:08:32 | INFO: Primitives created: 1
09:08:32 | INFO: Extracting primitive: V06_DINING_5_TABLE_MESH
09:08:32 | INFO: Primitives created: 1
09:08:32 | INFO: Extracting primitive: V06_ETP_AERATION_0_0_MESH
09:08:32 | INFO: Primitives created: 1
09:08:32 | INFO: Extracting primitive: V06_ETP_AERATION_0_1_MESH
09:08:32 | INFO: Primitives created: 1
09:08:32 | INFO: Extracting primitive: V06_ETP_AERATION_0_2_MESH
09:08:32 | INFO: Primitives created: 1
09:08:32 | INFO: Extracting primitive: V06_ETP_AERATION_1_0_MESH
09:08:32 | INFO: Primitives created: 1
09:08:32 | INFO: Extracting primitive: V06_ETP_AERATION_1_1_MESH
09:08:32 | INFO: Primitives created: 1
09:08:32 | INFO: Extracting primitive: V06_ETP_AERATION_1_2_MESH
09:08:32 | INFO: Primitives created: 1
09:08:32 | INFO: Extracting primitive: V06_ETP_AERATION_2_0_MESH
09:08:32 | INFO: Primitives created: 1
09:08:32 | INFO: Extracting primitive: V06_ETP_AERATION_2_1_MESH
09:08:32 | INFO: Primitives created: 1
09:08:32 | INFO: Extracting primitive: V06_ETP_AERATION_2_2_MESH
09:08:32 | INFO: Primitives created: 1
09:08:32 | INFO: Extracting primitive: V06_ETP_BACK_MESH
09:08:32 | INFO: Primitives created: 1
09:08:32 | INFO: Extracting primitive: V06_ETP_BASIN_BUND_0_MESH
09:08:32 | INFO: Primitives created: 1
09:08:32 | INFO: Extracting primitive: V06_ETP_BASIN_BUND_1_MESH
09:08:32 | INFO: Primitives created: 1
09:08:32 | INFO: Extracting primitive: V06_ETP_BASIN_BUND_2_MESH
09:08:32 | INFO: Primitives created: 1
09:08:32 | INFO: Extracting primitive: V06_ETP_DOOR_HEADER_MESH
09:08:32 | INFO: Primitives created: 1
09:08:32 | INFO: Extracting primitive: V06_ETP_DOOR_L_MESH
09:08:32 | INFO: Primitives created: 1
09:08:32 | INFO: Extracting primitive: V06_ETP_DOOR_R_MESH
09:08:32 | INFO: Primitives created: 1
09:08:32 | INFO: Extracting primitive: V06_ETP_FILTER_SKID_0_MESH
09:08:32 | INFO: Primitives created: 1
09:08:32 | INFO: Extracting primitive: V06_ETP_FILTER_SKID_1_MESH
09:08:32 | INFO: Primitives created: 1
09:08:32 | INFO: Extracting primitive: V06_ETP_FILTER_SKID_2_MESH
09:08:32 | INFO: Primitives created: 1
09:08:32 | INFO: Extracting primitive: V06_ETP_FILTER_VESSEL_0_MESH
09:08:32 | INFO: Primitives created: 1
09:08:32 | INFO: Extracting primitive: V06_ETP_FILTER_VESSEL_1_MESH
09:08:32 | INFO: Primitives created: 1
09:08:32 | INFO: Extracting primitive: V06_ETP_FILTER_VESSEL_2_MESH
09:08:32 | INFO: Primitives created: 1
09:08:32 | INFO: Extracting primitive: V06_ETP_FLOOR_MESH
09:08:32 | INFO: Primitives created: 1
09:08:32 | INFO: Extracting primitive: V06_ETP_INTERSTAGE_0_MESH
09:08:32 | INFO: Primitives created: 1
09:08:32 | INFO: Extracting primitive: V06_ETP_INTERSTAGE_1_MESH
09:08:32 | INFO: Primitives created: 1
09:08:32 | INFO: Extracting primitive: V06_ETP_INTERSTAGE_2_MESH
09:08:32 | INFO: Primitives created: 1
09:08:32 | INFO: Extracting primitive: V06_ETP_LEFT_MESH
09:08:32 | INFO: Primitives created: 1
09:08:32 | INFO: Extracting primitive: V06_ETP_LIGHT_0_FIXTURE_MESH
09:08:32 | INFO: Primitives created: 1
09:08:32 | INFO: Extracting primitive: V06_ETP_LIGHT_0_GLOW_MESH
09:08:32 | INFO: Primitives created: 1
09:08:32 | INFO: Extracting primitive: V06_ETP_LIGHT_1_FIXTURE_MESH
09:08:32 | INFO: Primitives created: 1
09:08:32 | INFO: Extracting primitive: V06_ETP_LIGHT_1_GLOW_MESH
09:08:32 | INFO: Primitives created: 1
09:08:32 | INFO: Extracting primitive: V06_ETP_LIGHT_2_FIXTURE_MESH
09:08:32 | INFO: Primitives created: 1
09:08:32 | INFO: Extracting primitive: V06_ETP_LIGHT_2_GLOW_MESH
09:08:32 | INFO: Primitives created: 1
09:08:32 | INFO: Extracting primitive: V06_ETP_PUMP_0_BASE_MESH
09:08:32 | INFO: Primitives created: 1
09:08:32 | INFO: Extracting primitive: V06_ETP_PUMP_0_HOUSING_MESH
09:08:32 | INFO: Primitives created: 1
09:08:32 | INFO: Extracting primitive: V06_ETP_PUMP_0_PANEL_MESH
09:08:32 | INFO: Primitives created: 1
09:08:32 | INFO: Extracting primitive: V06_ETP_PUMP_1_BASE_MESH
09:08:32 | INFO: Primitives created: 1
09:08:32 | INFO: Extracting primitive: V06_ETP_PUMP_1_HOUSING_MESH
09:08:32 | INFO: Primitives created: 1
09:08:32 | INFO: Extracting primitive: V06_ETP_PUMP_1_PANEL_MESH
09:08:32 | INFO: Primitives created: 1
09:08:32 | INFO: Extracting primitive: V06_ETP_PUMP_2_BASE_MESH
09:08:32 | INFO: Primitives created: 1
09:08:32 | INFO: Extracting primitive: V06_ETP_PUMP_2_HOUSING_MESH
09:08:32 | INFO: Primitives created: 1
09:08:32 | INFO: Extracting primitive: V06_ETP_PUMP_2_PANEL_MESH
09:08:32 | INFO: Primitives created: 1
09:08:32 | INFO: Extracting primitive: V06_ETP_RIGHT_MESH
09:08:32 | INFO: Primitives created: 1
09:08:32 | INFO: Extracting primitive: V06_ETP_SERVICE_WALKWAY_MESH
09:08:32 | INFO: Primitives created: 1
09:08:32 | INFO: Extracting primitive: V06_ETP_SLUDGE_SKID_MESH
09:08:32 | INFO: Primitives created: 1
09:08:32 | INFO: Extracting primitive: V06_ETP_SOFFIT_97.36_MESH
09:08:32 | INFO: Primitives created: 1
09:08:32 | INFO: Extracting primitive: V06_ETP_SOFFIT_108_MESH
09:08:32 | INFO: Primitives created: 1
09:08:32 | INFO: Extracting primitive: V06_ETP_SOFFIT_118.64_MESH
09:08:32 | INFO: Primitives created: 1
09:08:32 | INFO: Extracting primitive: V06_ETP_STAGE_VESSEL_0_MESH
09:08:32 | INFO: Primitives created: 1
09:08:32 | INFO: Extracting primitive: V06_ETP_STAGE_VESSEL_1_MESH
09:08:32 | INFO: Primitives created: 1
09:08:32 | INFO: Extracting primitive: V06_ETP_STAGE_VESSEL_2_MESH
09:08:32 | INFO: Primitives created: 1
09:08:32 | INFO: Extracting primitive: V06_ETP_WALKWAY_RAIL_POST_L_MESH
09:08:32 | INFO: Primitives created: 1
09:08:32 | INFO: Extracting primitive: V06_ETP_WALKWAY_RAIL_POST_R_MESH
09:08:32 | INFO: Primitives created: 1
09:08:32 | INFO: Extracting primitive: V06_ETP_WALKWAY_RAIL_TOP_MESH
09:08:32 | INFO: Primitives created: 1
09:08:32 | INFO: Extracting primitive: V06_FG_AMR_0_MESH
09:08:32 | INFO: Primitives created: 1
09:08:32 | INFO: Extracting primitive: V06_FG_AMR_1_MESH
09:08:32 | INFO: Primitives created: 1
09:08:32 | INFO: Extracting primitive: V06_FG_AMR_LASER_0_MESH
09:08:32 | INFO: Primitives created: 1
09:08:32 | INFO: Extracting primitive: V06_FG_AMR_LASER_1_MESH
09:08:32 | INFO: Primitives created: 1
09:08:32 | INFO: Extracting primitive: V06_FG_BACK_MESH
09:08:32 | INFO: Primitives created: 1
09:08:32 | INFO: Extracting primitive: V06_FG_DISPATCH_CONTROL_MESH
09:08:32 | INFO: Primitives created: 1
09:08:32 | INFO: Extracting primitive: V06_FG_DISPATCH_PALLET_0_BASE_MESH
09:08:32 | INFO: Primitives created: 1
09:08:32 | INFO: Extracting primitive: V06_FG_DISPATCH_PALLET_0_LOAD_MESH
09:08:32 | INFO: Primitives created: 1
09:08:32 | INFO: Extracting primitive: V06_FG_DISPATCH_PALLET_1_BASE_MESH
09:08:32 | INFO: Primitives created: 1
09:08:32 | INFO: Extracting primitive: V06_FG_DISPATCH_PALLET_1_LOAD_MESH
09:08:32 | INFO: Primitives created: 1
09:08:32 | INFO: Extracting primitive: V06_FG_DISPATCH_PALLET_2_BASE_MESH
09:08:32 | INFO: Primitives created: 1
09:08:32 | INFO: Extracting primitive: V06_FG_DISPATCH_PALLET_2_LOAD_MESH
09:08:32 | INFO: Primitives created: 1
09:08:32 | INFO: Extracting primitive: V06_FG_DISPATCH_PALLET_3_BASE_MESH
09:08:32 | INFO: Primitives created: 1
09:08:32 | INFO: Extracting primitive: V06_FG_DISPATCH_PALLET_3_LOAD_MESH
09:08:32 | INFO: Primitives created: 1
09:08:32 | INFO: Extracting primitive: V06_FG_DISPATCH_PALLET_4_BASE_MESH
09:08:32 | INFO: Primitives created: 1
09:08:32 | INFO: Extracting primitive: V06_FG_DISPATCH_PALLET_4_LOAD_MESH
09:08:32 | INFO: Primitives created: 1
09:08:32 | INFO: Extracting primitive: V06_FG_DISPATCH_PALLET_5_BASE_MESH
09:08:32 | INFO: Primitives created: 1
09:08:32 | INFO: Extracting primitive: V06_FG_DISPATCH_PALLET_5_LOAD_MESH
09:08:32 | INFO: Primitives created: 1
09:08:32 | INFO: Extracting primitive: V06_FG_DISPATCH_PALLET_6_BASE_MESH
09:08:32 | INFO: Primitives created: 1
09:08:32 | INFO: Extracting primitive: V06_FG_DISPATCH_PALLET_6_LOAD_MESH
09:08:32 | INFO: Primitives created: 1
09:08:32 | INFO: Extracting primitive: V06_FG_DOOR_HEADER_MESH
09:08:32 | INFO: Primitives created: 1
09:08:32 | INFO: Extracting primitive: V06_FG_DOOR_L_MESH
09:08:32 | INFO: Primitives created: 1
09:08:32 | INFO: Extracting primitive: V06_FG_DOOR_R_MESH
09:08:32 | INFO: Primitives created: 1
09:08:32 | INFO: Extracting primitive: V06_FG_FLOOR_MESH
09:08:32 | INFO: Primitives created: 1
09:08:32 | INFO: Extracting primitive: V06_FG_LEFT_MESH
09:08:32 | INFO: Primitives created: 1
09:08:32 | INFO: Extracting primitive: V06_FG_LIGHT_0_FIXTURE_MESH
09:08:32 | INFO: Primitives created: 1
09:08:32 | INFO: Extracting primitive: V06_FG_LIGHT_0_GLOW_MESH
09:08:32 | INFO: Primitives created: 1
09:08:32 | INFO: Extracting primitive: V06_FG_LIGHT_1_FIXTURE_MESH
09:08:32 | INFO: Primitives created: 1
09:08:32 | INFO: Extracting primitive: V06_FG_LIGHT_1_GLOW_MESH
09:08:32 | INFO: Primitives created: 1
09:08:32 | INFO: Extracting primitive: V06_FG_LIGHT_2_FIXTURE_MESH
09:08:32 | INFO: Primitives created: 1
09:08:32 | INFO: Extracting primitive: V06_FG_LIGHT_2_GLOW_MESH
09:08:32 | INFO: Primitives created: 1
09:08:32 | INFO: Extracting primitive: V06_FG_LIGHT_3_FIXTURE_MESH
09:08:32 | INFO: Primitives created: 1
09:08:32 | INFO: Extracting primitive: V06_FG_LIGHT_3_GLOW_MESH
09:08:32 | INFO: Primitives created: 1
09:08:32 | INFO: Extracting primitive: V06_FG_LIGHT_4_FIXTURE_MESH
09:08:32 | INFO: Primitives created: 1
09:08:32 | INFO: Extracting primitive: V06_FG_LIGHT_4_GLOW_MESH
09:08:32 | INFO: Primitives created: 1
09:08:32 | INFO: Extracting primitive: V06_FG_LOADING_EDGE_MESH
09:08:32 | INFO: Primitives created: 1
09:08:32 | INFO: Extracting primitive: V06_FG_RACK-44_BEAM_0_MESH
09:08:32 | INFO: Primitives created: 1
09:08:32 | INFO: Extracting primitive: V06_FG_RACK-44_BEAM_1_MESH
09:08:32 | INFO: Primitives created: 1
09:08:32 | INFO: Extracting primitive: V06_FG_RACK-44_BEAM_2_MESH
09:08:32 | INFO: Primitives created: 1
09:08:32 | INFO: Extracting primitive: V06_FG_RACK-44_BEAM_3_MESH
09:08:32 | INFO: Primitives created: 1
09:08:32 | INFO: Extracting primitive: V06_FG_RACK-44_LOAD_0_0_MESH
09:08:32 | INFO: Primitives created: 1
09:08:32 | INFO: Extracting primitive: V06_FG_RACK-44_LOAD_0_1_MESH
09:08:32 | INFO: Primitives created: 1
09:08:32 | INFO: Extracting primitive: V06_FG_RACK-44_LOAD_0_2_MESH
09:08:32 | INFO: Primitives created: 1
09:08:32 | INFO: Extracting primitive: V06_FG_RACK-44_LOAD_0_3_MESH
09:08:32 | INFO: Primitives created: 1
09:08:32 | INFO: Extracting primitive: V06_FG_RACK-44_LOAD_1_0_MESH
09:08:32 | INFO: Primitives created: 1
09:08:32 | INFO: Extracting primitive: V06_FG_RACK-44_LOAD_1_1_MESH
09:08:32 | INFO: Primitives created: 1
09:08:32 | INFO: Extracting primitive: V06_FG_RACK-44_LOAD_1_2_MESH
09:08:32 | INFO: Primitives created: 1
09:08:32 | INFO: Extracting primitive: V06_FG_RACK-44_LOAD_1_3_MESH
09:08:32 | INFO: Primitives created: 1
09:08:32 | INFO: Extracting primitive: V06_FG_RACK-44_LOAD_2_0_MESH
09:08:32 | INFO: Primitives created: 1
09:08:32 | INFO: Extracting primitive: V06_FG_RACK-44_LOAD_2_1_MESH
09:08:32 | INFO: Primitives created: 1
09:08:32 | INFO: Extracting primitive: V06_FG_RACK-44_LOAD_2_2_MESH
09:08:32 | INFO: Primitives created: 1
09:08:32 | INFO: Extracting primitive: V06_FG_RACK-44_LOAD_2_3_MESH
09:08:32 | INFO: Primitives created: 1
09:08:32 | INFO: Extracting primitive: V06_FG_RACK-44_LOAD_3_0_MESH
09:08:32 | INFO: Primitives created: 1
09:08:32 | INFO: Extracting primitive: V06_FG_RACK-44_LOAD_3_1_MESH
09:08:32 | INFO: Primitives created: 1
09:08:32 | INFO: Extracting primitive: V06_FG_RACK-44_LOAD_3_2_MESH
09:08:32 | INFO: Primitives created: 1
09:08:32 | INFO: Extracting primitive: V06_FG_RACK-44_LOAD_3_3_MESH
09:08:32 | INFO: Primitives created: 1
09:08:32 | INFO: Extracting primitive: V06_FG_RACK-44_LOAD_4_0_MESH
09:08:32 | INFO: Primitives created: 1
09:08:32 | INFO: Extracting primitive: V06_FG_RACK-44_LOAD_4_1_MESH
09:08:32 | INFO: Primitives created: 1
09:08:32 | INFO: Extracting primitive: V06_FG_RACK-44_LOAD_4_2_MESH
09:08:32 | INFO: Primitives created: 1
09:08:32 | INFO: Extracting primitive: V06_FG_RACK-44_LOAD_4_3_MESH
09:08:32 | INFO: Primitives created: 1
09:08:32 | INFO: Extracting primitive: V06_FG_RACK-44_LOAD_5_0_MESH
09:08:32 | INFO: Primitives created: 1
09:08:32 | INFO: Extracting primitive: V06_FG_RACK-44_LOAD_5_1_MESH
09:08:32 | INFO: Primitives created: 1
09:08:32 | INFO: Extracting primitive: V06_FG_RACK-44_LOAD_5_2_MESH
09:08:32 | INFO: Primitives created: 1
09:08:32 | INFO: Extracting primitive: V06_FG_RACK-44_LOAD_5_3_MESH
09:08:32 | INFO: Primitives created: 1
09:08:32 | INFO: Extracting primitive: V06_FG_RACK-44_LOAD_6_0_MESH
09:08:32 | INFO: Primitives created: 1
09:08:32 | INFO: Extracting primitive: V06_FG_RACK-44_LOAD_6_1_MESH
09:08:32 | INFO: Primitives created: 1
09:08:32 | INFO: Extracting primitive: V06_FG_RACK-44_LOAD_6_2_MESH
09:08:32 | INFO: Primitives created: 1
09:08:32 | INFO: Extracting primitive: V06_FG_RACK-44_LOAD_6_3_MESH
09:08:32 | INFO: Primitives created: 1
09:08:32 | INFO: Extracting primitive: V06_FG_RACK-44_LOAD_7_0_MESH
09:08:32 | INFO: Primitives created: 1
09:08:32 | INFO: Extracting primitive: V06_FG_RACK-44_LOAD_7_1_MESH
09:08:32 | INFO: Primitives created: 1
09:08:32 | INFO: Extracting primitive: V06_FG_RACK-44_LOAD_7_2_MESH
09:08:32 | INFO: Primitives created: 1
09:08:32 | INFO: Extracting primitive: V06_FG_RACK-44_LOAD_7_3_MESH
09:08:32 | INFO: Primitives created: 1
09:08:32 | INFO: Extracting primitive: V06_FG_RACK-44_LOAD_8_0_MESH
09:08:32 | INFO: Primitives created: 1
09:08:32 | INFO: Extracting primitive: V06_FG_RACK-44_LOAD_8_1_MESH
09:08:32 | INFO: Primitives created: 1
09:08:32 | INFO: Extracting primitive: V06_FG_RACK-44_LOAD_8_2_MESH
09:08:32 | INFO: Primitives created: 1
09:08:32 | INFO: Extracting primitive: V06_FG_RACK-44_LOAD_8_3_MESH
09:08:32 | INFO: Primitives created: 1
09:08:32 | INFO: Extracting primitive: V06_FG_RACK-44_PALLET_0_0_MESH
09:08:32 | INFO: Primitives created: 1
09:08:32 | INFO: Extracting primitive: V06_FG_RACK-44_PALLET_0_1_MESH
09:08:32 | INFO: Primitives created: 1
09:08:32 | INFO: Extracting primitive: V06_FG_RACK-44_PALLET_0_2_MESH
09:08:32 | INFO: Primitives created: 1
09:08:32 | INFO: Extracting primitive: V06_FG_RACK-44_PALLET_0_3_MESH
09:08:32 | INFO: Primitives created: 1
09:08:32 | INFO: Extracting primitive: V06_FG_RACK-44_PALLET_1_0_MESH
09:08:32 | INFO: Primitives created: 1
09:08:32 | INFO: Extracting primitive: V06_FG_RACK-44_PALLET_1_1_MESH
09:08:32 | INFO: Primitives created: 1
09:08:32 | INFO: Extracting primitive: V06_FG_RACK-44_PALLET_1_2_MESH
09:08:32 | INFO: Primitives created: 1
09:08:32 | INFO: Extracting primitive: V06_FG_RACK-44_PALLET_1_3_MESH
09:08:32 | INFO: Primitives created: 1
09:08:32 | INFO: Extracting primitive: V06_FG_RACK-44_PALLET_2_0_MESH
09:08:32 | INFO: Primitives created: 1
09:08:32 | INFO: Extracting primitive: V06_FG_RACK-44_PALLET_2_1_MESH
09:08:32 | INFO: Primitives created: 1
09:08:32 | INFO: Extracting primitive: V06_FG_RACK-44_PALLET_2_2_MESH
09:08:32 | INFO: Primitives created: 1
09:08:32 | INFO: Extracting primitive: V06_FG_RACK-44_PALLET_2_3_MESH
09:08:32 | INFO: Primitives created: 1
09:08:32 | INFO: Extracting primitive: V06_FG_RACK-44_PALLET_3_0_MESH
09:08:32 | INFO: Primitives created: 1
09:08:32 | INFO: Extracting primitive: V06_FG_RACK-44_PALLET_3_1_MESH
09:08:32 | INFO: Primitives created: 1
09:08:32 | INFO: Extracting primitive: V06_FG_RACK-44_PALLET_3_2_MESH
09:08:32 | INFO: Primitives created: 1
09:08:32 | INFO: Extracting primitive: V06_FG_RACK-44_PALLET_3_3_MESH
09:08:32 | INFO: Primitives created: 1
09:08:32 | INFO: Extracting primitive: V06_FG_RACK-44_PALLET_4_0_MESH
09:08:32 | INFO: Primitives created: 1
09:08:32 | INFO: Extracting primitive: V06_FG_RACK-44_PALLET_4_1_MESH
09:08:32 | INFO: Primitives created: 1
09:08:32 | INFO: Extracting primitive: V06_FG_RACK-44_PALLET_4_2_MESH
09:08:32 | INFO: Primitives created: 1
09:08:32 | INFO: Extracting primitive: V06_FG_RACK-44_PALLET_4_3_MESH
09:08:32 | INFO: Primitives created: 1
09:08:32 | INFO: Extracting primitive: V06_FG_RACK-44_PALLET_5_0_MESH
09:08:32 | INFO: Primitives created: 1
09:08:32 | INFO: Extracting primitive: V06_FG_RACK-44_PALLET_5_1_MESH
09:08:32 | INFO: Primitives created: 1
09:08:32 | INFO: Extracting primitive: V06_FG_RACK-44_PALLET_5_2_MESH
09:08:32 | INFO: Primitives created: 1
09:08:32 | INFO: Extracting primitive: V06_FG_RACK-44_PALLET_5_3_MESH
09:08:32 | INFO: Primitives created: 1
09:08:32 | INFO: Extracting primitive: V06_FG_RACK-44_PALLET_6_0_MESH
09:08:32 | INFO: Primitives created: 1
09:08:32 | INFO: Extracting primitive: V06_FG_RACK-44_PALLET_6_1_MESH
09:08:32 | INFO: Primitives created: 1
09:08:32 | INFO: Extracting primitive: V06_FG_RACK-44_PALLET_6_2_MESH
09:08:32 | INFO: Primitives created: 1
09:08:32 | INFO: Extracting primitive: V06_FG_RACK-44_PALLET_6_3_MESH
09:08:32 | INFO: Primitives created: 1
09:08:32 | INFO: Extracting primitive: V06_FG_RACK-44_PALLET_7_0_MESH
09:08:32 | INFO: Primitives created: 1
09:08:32 | INFO: Extracting primitive: V06_FG_RACK-44_PALLET_7_1_MESH
09:08:32 | INFO: Primitives created: 1
09:08:32 | INFO: Extracting primitive: V06_FG_RACK-44_PALLET_7_2_MESH
09:08:32 | INFO: Primitives created: 1
09:08:32 | INFO: Extracting primitive: V06_FG_RACK-44_PALLET_7_3_MESH
09:08:32 | INFO: Primitives created: 1
09:08:32 | INFO: Extracting primitive: V06_FG_RACK-44_PALLET_8_0_MESH
09:08:32 | INFO: Primitives created: 1
09:08:32 | INFO: Extracting primitive: V06_FG_RACK-44_PALLET_8_1_MESH
09:08:32 | INFO: Primitives created: 1
09:08:32 | INFO: Extracting primitive: V06_FG_RACK-44_PALLET_8_2_MESH
09:08:32 | INFO: Primitives created: 1
09:08:32 | INFO: Extracting primitive: V06_FG_RACK-44_PALLET_8_3_MESH
09:08:32 | INFO: Primitives created: 1
09:08:32 | INFO: Extracting primitive: V06_FG_RACK-44_UPRIGHT_0_0_MESH
09:08:32 | INFO: Primitives created: 1
09:08:32 | INFO: Extracting primitive: V06_FG_RACK-44_UPRIGHT_0_1_MESH
09:08:32 | INFO: Primitives created: 1
09:08:32 | INFO: Extracting primitive: V06_FG_RACK-44_UPRIGHT_0_2_MESH
09:08:32 | INFO: Primitives created: 1
09:08:32 | INFO: Extracting primitive: V06_FG_RACK-44_UPRIGHT_0_3_MESH
09:08:32 | INFO: Primitives created: 1
09:08:32 | INFO: Extracting primitive: V06_FG_RACK-44_UPRIGHT_1_0_MESH
09:08:32 | INFO: Primitives created: 1
09:08:32 | INFO: Extracting primitive: V06_FG_RACK-44_UPRIGHT_1_1_MESH
09:08:32 | INFO: Primitives created: 1
09:08:32 | INFO: Extracting primitive: V06_FG_RACK-44_UPRIGHT_1_2_MESH
09:08:32 | INFO: Primitives created: 1
09:08:32 | INFO: Extracting primitive: V06_FG_RACK-44_UPRIGHT_1_3_MESH
09:08:32 | INFO: Primitives created: 1
09:08:32 | INFO: Extracting primitive: V06_FG_RACK-44_UPRIGHT_2_0_MESH
09:08:32 | INFO: Primitives created: 1
09:08:32 | INFO: Extracting primitive: V06_FG_RACK-44_UPRIGHT_2_1_MESH
09:08:32 | INFO: Primitives created: 1
09:08:32 | INFO: Extracting primitive: V06_FG_RACK-44_UPRIGHT_2_2_MESH
09:08:32 | INFO: Primitives created: 1
09:08:32 | INFO: Extracting primitive: V06_FG_RACK-44_UPRIGHT_2_3_MESH
09:08:32 | INFO: Primitives created: 1
09:08:32 | INFO: Extracting primitive: V06_FG_RACK-44_UPRIGHT_3_0_MESH
09:08:32 | INFO: Primitives created: 1
09:08:32 | INFO: Extracting primitive: V06_FG_RACK-44_UPRIGHT_3_1_MESH
09:08:32 | INFO: Primitives created: 1
09:08:32 | INFO: Extracting primitive: V06_FG_RACK-44_UPRIGHT_3_2_MESH
09:08:32 | INFO: Primitives created: 1
09:08:32 | INFO: Extracting primitive: V06_FG_RACK-44_UPRIGHT_3_3_MESH
09:08:32 | INFO: Primitives created: 1
09:08:32 | INFO: Extracting primitive: V06_FG_RACK-44_UPRIGHT_4_0_MESH
09:08:32 | INFO: Primitives created: 1
09:08:32 | INFO: Extracting primitive: V06_FG_RACK-44_UPRIGHT_4_1_MESH
09:08:32 | INFO: Primitives created: 1
09:08:32 | INFO: Extracting primitive: V06_FG_RACK-44_UPRIGHT_4_2_MESH
09:08:32 | INFO: Primitives created: 1
09:08:32 | INFO: Extracting primitive: V06_FG_RACK-44_UPRIGHT_4_3_MESH
09:08:32 | INFO: Primitives created: 1
09:08:32 | INFO: Extracting primitive: V06_FG_RACK-44_UPRIGHT_5_0_MESH
09:08:32 | INFO: Primitives created: 1
09:08:32 | INFO: Extracting primitive: V06_FG_RACK-44_UPRIGHT_5_1_MESH
09:08:32 | INFO: Primitives created: 1
09:08:32 | INFO: Extracting primitive: V06_FG_RACK-44_UPRIGHT_5_2_MESH
09:08:32 | INFO: Primitives created: 1
09:08:32 | INFO: Extracting primitive: V06_FG_RACK-44_UPRIGHT_5_3_MESH
09:08:32 | INFO: Primitives created: 1
09:08:32 | INFO: Extracting primitive: V06_FG_RACK-44_UPRIGHT_6_0_MESH
09:08:32 | INFO: Primitives created: 1
09:08:32 | INFO: Extracting primitive: V06_FG_RACK-44_UPRIGHT_6_1_MESH
09:08:32 | INFO: Primitives created: 1
09:08:32 | INFO: Extracting primitive: V06_FG_RACK-44_UPRIGHT_6_2_MESH
09:08:32 | INFO: Primitives created: 1
09:08:32 | INFO: Extracting primitive: V06_FG_RACK-44_UPRIGHT_6_3_MESH
09:08:32 | INFO: Primitives created: 1
09:08:32 | INFO: Extracting primitive: V06_FG_RACK-44_UPRIGHT_7_0_MESH
09:08:32 | INFO: Primitives created: 1
09:08:32 | INFO: Extracting primitive: V06_FG_RACK-44_UPRIGHT_7_1_MESH
09:08:32 | INFO: Primitives created: 1
09:08:32 | INFO: Extracting primitive: V06_FG_RACK-44_UPRIGHT_7_2_MESH
09:08:32 | INFO: Primitives created: 1
09:08:32 | INFO: Extracting primitive: V06_FG_RACK-44_UPRIGHT_7_3_MESH
09:08:32 | INFO: Primitives created: 1
09:08:32 | INFO: Extracting primitive: V06_FG_RACK-44_UPRIGHT_8_0_MESH
09:08:32 | INFO: Primitives created: 1
09:08:32 | INFO: Extracting primitive: V06_FG_RACK-44_UPRIGHT_8_1_MESH
09:08:32 | INFO: Primitives created: 1
09:08:32 | INFO: Extracting primitive: V06_FG_RACK-44_UPRIGHT_8_2_MESH
09:08:32 | INFO: Primitives created: 1
09:08:32 | INFO: Extracting primitive: V06_FG_RACK-44_UPRIGHT_8_3_MESH
09:08:32 | INFO: Primitives created: 1
09:08:32 | INFO: Extracting primitive: V06_FG_RACK-51_BEAM_0_MESH
09:08:32 | INFO: Primitives created: 1
09:08:32 | INFO: Extracting primitive: V06_FG_RACK-51_BEAM_1_MESH
09:08:32 | INFO: Primitives created: 1
09:08:32 | INFO: Extracting primitive: V06_FG_RACK-51_BEAM_2_MESH
09:08:32 | INFO: Primitives created: 1
09:08:32 | INFO: Extracting primitive: V06_FG_RACK-51_BEAM_3_MESH
09:08:32 | INFO: Primitives created: 1
09:08:32 | INFO: Extracting primitive: V06_FG_RACK-51_LOAD_0_0_MESH
09:08:32 | INFO: Primitives created: 1
09:08:32 | INFO: Extracting primitive: V06_FG_RACK-51_LOAD_0_1_MESH
09:08:32 | INFO: Primitives created: 1
09:08:32 | INFO: Extracting primitive: V06_FG_RACK-51_LOAD_0_2_MESH
09:08:32 | INFO: Primitives created: 1
09:08:32 | INFO: Extracting primitive: V06_FG_RACK-51_LOAD_0_3_MESH
09:08:32 | INFO: Primitives created: 1
09:08:32 | INFO: Extracting primitive: V06_FG_RACK-51_LOAD_1_0_MESH
09:08:32 | INFO: Primitives created: 1
09:08:32 | INFO: Extracting primitive: V06_FG_RACK-51_LOAD_1_1_MESH
09:08:32 | INFO: Primitives created: 1
09:08:32 | INFO: Extracting primitive: V06_FG_RACK-51_LOAD_1_2_MESH
09:08:32 | INFO: Primitives created: 1
09:08:32 | INFO: Extracting primitive: V06_FG_RACK-51_LOAD_1_3_MESH
09:08:32 | INFO: Primitives created: 1
09:08:32 | INFO: Extracting primitive: V06_FG_RACK-51_LOAD_2_0_MESH
09:08:32 | INFO: Primitives created: 1
09:08:32 | INFO: Extracting primitive: V06_FG_RACK-51_LOAD_2_1_MESH
09:08:32 | INFO: Primitives created: 1
09:08:32 | INFO: Extracting primitive: V06_FG_RACK-51_LOAD_2_2_MESH
09:08:32 | INFO: Primitives created: 1
09:08:32 | INFO: Extracting primitive: V06_FG_RACK-51_LOAD_2_3_MESH
09:08:32 | INFO: Primitives created: 1
09:08:32 | INFO: Extracting primitive: V06_FG_RACK-51_LOAD_3_0_MESH
09:08:32 | INFO: Primitives created: 1
09:08:32 | INFO: Extracting primitive: V06_FG_RACK-51_LOAD_3_1_MESH
09:08:32 | INFO: Primitives created: 1
09:08:32 | INFO: Extracting primitive: V06_FG_RACK-51_LOAD_3_2_MESH
09:08:32 | INFO: Primitives created: 1
09:08:32 | INFO: Extracting primitive: V06_FG_RACK-51_LOAD_3_3_MESH
09:08:32 | INFO: Primitives created: 1
09:08:32 | INFO: Extracting primitive: V06_FG_RACK-51_LOAD_4_0_MESH
09:08:32 | INFO: Primitives created: 1
09:08:32 | INFO: Extracting primitive: V06_FG_RACK-51_LOAD_4_1_MESH
09:08:32 | INFO: Primitives created: 1
09:08:32 | INFO: Extracting primitive: V06_FG_RACK-51_LOAD_4_2_MESH
09:08:32 | INFO: Primitives created: 1
09:08:32 | INFO: Extracting primitive: V06_FG_RACK-51_LOAD_4_3_MESH
09:08:32 | INFO: Primitives created: 1
09:08:32 | INFO: Extracting primitive: V06_FG_RACK-51_LOAD_5_0_MESH
09:08:32 | INFO: Primitives created: 1
09:08:32 | INFO: Extracting primitive: V06_FG_RACK-51_LOAD_5_1_MESH
09:08:32 | INFO: Primitives created: 1
09:08:32 | INFO: Extracting primitive: V06_FG_RACK-51_LOAD_5_2_MESH
09:08:32 | INFO: Primitives created: 1
09:08:32 | INFO: Extracting primitive: V06_FG_RACK-51_LOAD_5_3_MESH
09:08:32 | INFO: Primitives created: 1
09:08:32 | INFO: Extracting primitive: V06_FG_RACK-51_LOAD_6_0_MESH
09:08:32 | INFO: Primitives created: 1
09:08:32 | INFO: Extracting primitive: V06_FG_RACK-51_LOAD_6_1_MESH
09:08:32 | INFO: Primitives created: 1
09:08:32 | INFO: Extracting primitive: V06_FG_RACK-51_LOAD_6_2_MESH
09:08:32 | INFO: Primitives created: 1
09:08:32 | INFO: Extracting primitive: V06_FG_RACK-51_LOAD_6_3_MESH
09:08:32 | INFO: Primitives created: 1
09:08:32 | INFO: Extracting primitive: V06_FG_RACK-51_LOAD_7_0_MESH
09:08:32 | INFO: Primitives created: 1
09:08:32 | INFO: Extracting primitive: V06_FG_RACK-51_LOAD_7_1_MESH
09:08:32 | INFO: Primitives created: 1
09:08:32 | INFO: Extracting primitive: V06_FG_RACK-51_LOAD_7_2_MESH
09:08:32 | INFO: Primitives created: 1
09:08:32 | INFO: Extracting primitive: V06_FG_RACK-51_LOAD_7_3_MESH
09:08:32 | INFO: Primitives created: 1
09:08:32 | INFO: Extracting primitive: V06_FG_RACK-51_LOAD_8_0_MESH
09:08:32 | INFO: Primitives created: 1
09:08:32 | INFO: Extracting primitive: V06_FG_RACK-51_LOAD_8_1_MESH
09:08:32 | INFO: Primitives created: 1
09:08:32 | INFO: Extracting primitive: V06_FG_RACK-51_LOAD_8_2_MESH
09:08:32 | INFO: Primitives created: 1
09:08:32 | INFO: Extracting primitive: V06_FG_RACK-51_LOAD_8_3_MESH
09:08:32 | INFO: Primitives created: 1
09:08:32 | INFO: Extracting primitive: V06_FG_RACK-51_PALLET_0_0_MESH
09:08:32 | INFO: Primitives created: 1
09:08:32 | INFO: Extracting primitive: V06_FG_RACK-51_PALLET_0_1_MESH
09:08:32 | INFO: Primitives created: 1
09:08:32 | INFO: Extracting primitive: V06_FG_RACK-51_PALLET_0_2_MESH
09:08:32 | INFO: Primitives created: 1
09:08:32 | INFO: Extracting primitive: V06_FG_RACK-51_PALLET_0_3_MESH
09:08:32 | INFO: Primitives created: 1
09:08:32 | INFO: Extracting primitive: V06_FG_RACK-51_PALLET_1_0_MESH
09:08:32 | INFO: Primitives created: 1
09:08:32 | INFO: Extracting primitive: V06_FG_RACK-51_PALLET_1_1_MESH
09:08:32 | INFO: Primitives created: 1
09:08:32 | INFO: Extracting primitive: V06_FG_RACK-51_PALLET_1_2_MESH
09:08:32 | INFO: Primitives created: 1
09:08:32 | INFO: Extracting primitive: V06_FG_RACK-51_PALLET_1_3_MESH
09:08:32 | INFO: Primitives created: 1
09:08:32 | INFO: Extracting primitive: V06_FG_RACK-51_PALLET_2_0_MESH
09:08:32 | INFO: Primitives created: 1
09:08:32 | INFO: Extracting primitive: V06_FG_RACK-51_PALLET_2_1_MESH
09:08:32 | INFO: Primitives created: 1
09:08:32 | INFO: Extracting primitive: V06_FG_RACK-51_PALLET_2_2_MESH
09:08:32 | INFO: Primitives created: 1
09:08:32 | INFO: Extracting primitive: V06_FG_RACK-51_PALLET_2_3_MESH
09:08:32 | INFO: Primitives created: 1
09:08:32 | INFO: Extracting primitive: V06_FG_RACK-51_PALLET_3_0_MESH
09:08:32 | INFO: Primitives created: 1
09:08:32 | INFO: Extracting primitive: V06_FG_RACK-51_PALLET_3_1_MESH
09:08:32 | INFO: Primitives created: 1
09:08:32 | INFO: Extracting primitive: V06_FG_RACK-51_PALLET_3_2_MESH
09:08:32 | INFO: Primitives created: 1
09:08:32 | INFO: Extracting primitive: V06_FG_RACK-51_PALLET_3_3_MESH
09:08:32 | INFO: Primitives created: 1
09:08:32 | INFO: Extracting primitive: V06_FG_RACK-51_PALLET_4_0_MESH
09:08:32 | INFO: Primitives created: 1
09:08:32 | INFO: Extracting primitive: V06_FG_RACK-51_PALLET_4_1_MESH
09:08:32 | INFO: Primitives created: 1
09:08:32 | INFO: Extracting primitive: V06_FG_RACK-51_PALLET_4_2_MESH
09:08:32 | INFO: Primitives created: 1
09:08:32 | INFO: Extracting primitive: V06_FG_RACK-51_PALLET_4_3_MESH
09:08:32 | INFO: Primitives created: 1
09:08:32 | INFO: Extracting primitive: V06_FG_RACK-51_PALLET_5_0_MESH
09:08:32 | INFO: Primitives created: 1
09:08:32 | INFO: Extracting primitive: V06_FG_RACK-51_PALLET_5_1_MESH
09:08:32 | INFO: Primitives created: 1
09:08:32 | INFO: Extracting primitive: V06_FG_RACK-51_PALLET_5_2_MESH
09:08:32 | INFO: Primitives created: 1
09:08:32 | INFO: Extracting primitive: V06_FG_RACK-51_PALLET_5_3_MESH
09:08:32 | INFO: Primitives created: 1
09:08:32 | INFO: Extracting primitive: V06_FG_RACK-51_PALLET_6_0_MESH
09:08:33 | INFO: Primitives created: 1
09:08:33 | INFO: Extracting primitive: V06_FG_RACK-51_PALLET_6_1_MESH
09:08:33 | INFO: Primitives created: 1
09:08:33 | INFO: Extracting primitive: V06_FG_RACK-51_PALLET_6_2_MESH
09:08:33 | INFO: Primitives created: 1
09:08:33 | INFO: Extracting primitive: V06_FG_RACK-51_PALLET_6_3_MESH
09:08:33 | INFO: Primitives created: 1
09:08:33 | INFO: Extracting primitive: V06_FG_RACK-51_PALLET_7_0_MESH
09:08:33 | INFO: Primitives created: 1
09:08:33 | INFO: Extracting primitive: V06_FG_RACK-51_PALLET_7_1_MESH
09:08:33 | INFO: Primitives created: 1
09:08:33 | INFO: Extracting primitive: V06_FG_RACK-51_PALLET_7_2_MESH
09:08:33 | INFO: Primitives created: 1
09:08:33 | INFO: Extracting primitive: V06_FG_RACK-51_PALLET_7_3_MESH
09:08:33 | INFO: Primitives created: 1
09:08:33 | INFO: Extracting primitive: V06_FG_RACK-51_PALLET_8_0_MESH
09:08:33 | INFO: Primitives created: 1
09:08:33 | INFO: Extracting primitive: V06_FG_RACK-51_PALLET_8_1_MESH
09:08:33 | INFO: Primitives created: 1
09:08:33 | INFO: Extracting primitive: V06_FG_RACK-51_PALLET_8_2_MESH
09:08:33 | INFO: Primitives created: 1
09:08:33 | INFO: Extracting primitive: V06_FG_RACK-51_PALLET_8_3_MESH
09:08:33 | INFO: Primitives created: 1
09:08:33 | INFO: Extracting primitive: V06_FG_RACK-51_UPRIGHT_0_0_MESH
09:08:33 | INFO: Primitives created: 1
09:08:33 | INFO: Extracting primitive: V06_FG_RACK-51_UPRIGHT_0_1_MESH
09:08:33 | INFO: Primitives created: 1
09:08:33 | INFO: Extracting primitive: V06_FG_RACK-51_UPRIGHT_0_2_MESH
09:08:33 | INFO: Primitives created: 1
09:08:33 | INFO: Extracting primitive: V06_FG_RACK-51_UPRIGHT_0_3_MESH
09:08:33 | INFO: Primitives created: 1
09:08:33 | INFO: Extracting primitive: V06_FG_RACK-51_UPRIGHT_1_0_MESH
09:08:33 | INFO: Primitives created: 1
09:08:33 | INFO: Extracting primitive: V06_FG_RACK-51_UPRIGHT_1_1_MESH
09:08:33 | INFO: Primitives created: 1
09:08:33 | INFO: Extracting primitive: V06_FG_RACK-51_UPRIGHT_1_2_MESH
09:08:33 | INFO: Primitives created: 1
09:08:33 | INFO: Extracting primitive: V06_FG_RACK-51_UPRIGHT_1_3_MESH
09:08:33 | INFO: Primitives created: 1
09:08:33 | INFO: Extracting primitive: V06_FG_RACK-51_UPRIGHT_2_0_MESH
09:08:33 | INFO: Primitives created: 1
09:08:33 | INFO: Extracting primitive: V06_FG_RACK-51_UPRIGHT_2_1_MESH
09:08:33 | INFO: Primitives created: 1
09:08:33 | INFO: Extracting primitive: V06_FG_RACK-51_UPRIGHT_2_2_MESH
09:08:33 | INFO: Primitives created: 1
09:08:33 | INFO: Extracting primitive: V06_FG_RACK-51_UPRIGHT_2_3_MESH
09:08:33 | INFO: Primitives created: 1
09:08:33 | INFO: Extracting primitive: V06_FG_RACK-51_UPRIGHT_3_0_MESH
09:08:33 | INFO: Primitives created: 1
09:08:33 | INFO: Extracting primitive: V06_FG_RACK-51_UPRIGHT_3_1_MESH
09:08:33 | INFO: Primitives created: 1
09:08:33 | INFO: Extracting primitive: V06_FG_RACK-51_UPRIGHT_3_2_MESH
09:08:33 | INFO: Primitives created: 1
09:08:33 | INFO: Extracting primitive: V06_FG_RACK-51_UPRIGHT_3_3_MESH
09:08:33 | INFO: Primitives created: 1
09:08:33 | INFO: Extracting primitive: V06_FG_RACK-51_UPRIGHT_4_0_MESH
09:08:33 | INFO: Primitives created: 1
09:08:33 | INFO: Extracting primitive: V06_FG_RACK-51_UPRIGHT_4_1_MESH
09:08:33 | INFO: Primitives created: 1
09:08:33 | INFO: Extracting primitive: V06_FG_RACK-51_UPRIGHT_4_2_MESH
09:08:33 | INFO: Primitives created: 1
09:08:33 | INFO: Extracting primitive: V06_FG_RACK-51_UPRIGHT_4_3_MESH
09:08:33 | INFO: Primitives created: 1
09:08:33 | INFO: Extracting primitive: V06_FG_RACK-51_UPRIGHT_5_0_MESH
09:08:33 | INFO: Primitives created: 1
09:08:33 | INFO: Extracting primitive: V06_FG_RACK-51_UPRIGHT_5_1_MESH
09:08:33 | INFO: Primitives created: 1
09:08:33 | INFO: Extracting primitive: V06_FG_RACK-51_UPRIGHT_5_2_MESH
09:08:33 | INFO: Primitives created: 1
09:08:33 | INFO: Extracting primitive: V06_FG_RACK-51_UPRIGHT_5_3_MESH
09:08:33 | INFO: Primitives created: 1
09:08:33 | INFO: Extracting primitive: V06_FG_RACK-51_UPRIGHT_6_0_MESH
09:08:33 | INFO: Primitives created: 1
09:08:33 | INFO: Extracting primitive: V06_FG_RACK-51_UPRIGHT_6_1_MESH
09:08:33 | INFO: Primitives created: 1
09:08:33 | INFO: Extracting primitive: V06_FG_RACK-51_UPRIGHT_6_2_MESH
09:08:33 | INFO: Primitives created: 1
09:08:33 | INFO: Extracting primitive: V06_FG_RACK-51_UPRIGHT_6_3_MESH
09:08:33 | INFO: Primitives created: 1
09:08:33 | INFO: Extracting primitive: V06_FG_RACK-51_UPRIGHT_7_0_MESH
09:08:33 | INFO: Primitives created: 1
09:08:33 | INFO: Extracting primitive: V06_FG_RACK-51_UPRIGHT_7_1_MESH
09:08:33 | INFO: Primitives created: 1
09:08:33 | INFO: Extracting primitive: V06_FG_RACK-51_UPRIGHT_7_2_MESH
09:08:33 | INFO: Primitives created: 1
09:08:33 | INFO: Extracting primitive: V06_FG_RACK-51_UPRIGHT_7_3_MESH
09:08:33 | INFO: Primitives created: 1
09:08:33 | INFO: Extracting primitive: V06_FG_RACK-51_UPRIGHT_8_0_MESH
09:08:33 | INFO: Primitives created: 1
09:08:33 | INFO: Extracting primitive: V06_FG_RACK-51_UPRIGHT_8_1_MESH
09:08:33 | INFO: Primitives created: 1
09:08:33 | INFO: Extracting primitive: V06_FG_RACK-51_UPRIGHT_8_2_MESH
09:08:33 | INFO: Primitives created: 1
09:08:33 | INFO: Extracting primitive: V06_FG_RACK-51_UPRIGHT_8_3_MESH
09:08:33 | INFO: Primitives created: 1
09:08:33 | INFO: Extracting primitive: V06_FG_RACK-58_BEAM_0_MESH
09:08:33 | INFO: Primitives created: 1
09:08:33 | INFO: Extracting primitive: V06_FG_RACK-58_BEAM_1_MESH
09:08:33 | INFO: Primitives created: 1
09:08:33 | INFO: Extracting primitive: V06_FG_RACK-58_BEAM_2_MESH
09:08:33 | INFO: Primitives created: 1
09:08:33 | INFO: Extracting primitive: V06_FG_RACK-58_BEAM_3_MESH
09:08:33 | INFO: Primitives created: 1
09:08:33 | INFO: Extracting primitive: V06_FG_RACK-58_LOAD_0_0_MESH
09:08:33 | INFO: Primitives created: 1
09:08:33 | INFO: Extracting primitive: V06_FG_RACK-58_LOAD_0_1_MESH
09:08:33 | INFO: Primitives created: 1
09:08:33 | INFO: Extracting primitive: V06_FG_RACK-58_LOAD_0_2_MESH
09:08:33 | INFO: Primitives created: 1
09:08:33 | INFO: Extracting primitive: V06_FG_RACK-58_LOAD_0_3_MESH
09:08:33 | INFO: Primitives created: 1
09:08:33 | INFO: Extracting primitive: V06_FG_RACK-58_LOAD_1_0_MESH
09:08:33 | INFO: Primitives created: 1
09:08:33 | INFO: Extracting primitive: V06_FG_RACK-58_LOAD_1_1_MESH
09:08:33 | INFO: Primitives created: 1
09:08:33 | INFO: Extracting primitive: V06_FG_RACK-58_LOAD_1_2_MESH
09:08:33 | INFO: Primitives created: 1
09:08:33 | INFO: Extracting primitive: V06_FG_RACK-58_LOAD_1_3_MESH
09:08:33 | INFO: Primitives created: 1
09:08:33 | INFO: Extracting primitive: V06_FG_RACK-58_LOAD_2_0_MESH
09:08:33 | INFO: Primitives created: 1
09:08:33 | INFO: Extracting primitive: V06_FG_RACK-58_LOAD_2_1_MESH
09:08:33 | INFO: Primitives created: 1
09:08:33 | INFO: Extracting primitive: V06_FG_RACK-58_LOAD_2_2_MESH
09:08:33 | INFO: Primitives created: 1
09:08:33 | INFO: Extracting primitive: V06_FG_RACK-58_LOAD_2_3_MESH
09:08:33 | INFO: Primitives created: 1
09:08:33 | INFO: Extracting primitive: V06_FG_RACK-58_LOAD_3_0_MESH
09:08:33 | INFO: Primitives created: 1
09:08:33 | INFO: Extracting primitive: V06_FG_RACK-58_LOAD_3_1_MESH
09:08:33 | INFO: Primitives created: 1
09:08:33 | INFO: Extracting primitive: V06_FG_RACK-58_LOAD_3_2_MESH
09:08:33 | INFO: Primitives created: 1
09:08:33 | INFO: Extracting primitive: V06_FG_RACK-58_LOAD_3_3_MESH
09:08:33 | INFO: Primitives created: 1
09:08:33 | INFO: Extracting primitive: V06_FG_RACK-58_LOAD_4_0_MESH
09:08:33 | INFO: Primitives created: 1
09:08:33 | INFO: Extracting primitive: V06_FG_RACK-58_LOAD_4_1_MESH
09:08:33 | INFO: Primitives created: 1
09:08:33 | INFO: Extracting primitive: V06_FG_RACK-58_LOAD_4_2_MESH
09:08:33 | INFO: Primitives created: 1
09:08:33 | INFO: Extracting primitive: V06_FG_RACK-58_LOAD_4_3_MESH
09:08:33 | INFO: Primitives created: 1
09:08:33 | INFO: Extracting primitive: V06_FG_RACK-58_LOAD_5_0_MESH
09:08:33 | INFO: Primitives created: 1
09:08:33 | INFO: Extracting primitive: V06_FG_RACK-58_LOAD_5_1_MESH
09:08:33 | INFO: Primitives created: 1
09:08:33 | INFO: Extracting primitive: V06_FG_RACK-58_LOAD_5_2_MESH
09:08:33 | INFO: Primitives created: 1
09:08:33 | INFO: Extracting primitive: V06_FG_RACK-58_LOAD_5_3_MESH
09:08:33 | INFO: Primitives created: 1
09:08:33 | INFO: Extracting primitive: V06_FG_RACK-58_LOAD_6_0_MESH
09:08:33 | INFO: Primitives created: 1
09:08:33 | INFO: Extracting primitive: V06_FG_RACK-58_LOAD_6_1_MESH
09:08:33 | INFO: Primitives created: 1
09:08:33 | INFO: Extracting primitive: V06_FG_RACK-58_LOAD_6_2_MESH
09:08:33 | INFO: Primitives created: 1
09:08:33 | INFO: Extracting primitive: V06_FG_RACK-58_LOAD_6_3_MESH
09:08:33 | INFO: Primitives created: 1
09:08:33 | INFO: Extracting primitive: V06_FG_RACK-58_LOAD_7_0_MESH
09:08:33 | INFO: Primitives created: 1
09:08:33 | INFO: Extracting primitive: V06_FG_RACK-58_LOAD_7_1_MESH
09:08:33 | INFO: Primitives created: 1
09:08:33 | INFO: Extracting primitive: V06_FG_RACK-58_LOAD_7_2_MESH
09:08:33 | INFO: Primitives created: 1
09:08:33 | INFO: Extracting primitive: V06_FG_RACK-58_LOAD_7_3_MESH
09:08:33 | INFO: Primitives created: 1
09:08:33 | INFO: Extracting primitive: V06_FG_RACK-58_LOAD_8_0_MESH
09:08:33 | INFO: Primitives created: 1
09:08:33 | INFO: Extracting primitive: V06_FG_RACK-58_LOAD_8_1_MESH
09:08:33 | INFO: Primitives created: 1
09:08:33 | INFO: Extracting primitive: V06_FG_RACK-58_LOAD_8_2_MESH
09:08:33 | INFO: Primitives created: 1
09:08:33 | INFO: Extracting primitive: V06_FG_RACK-58_LOAD_8_3_MESH
09:08:33 | INFO: Primitives created: 1
09:08:33 | INFO: Extracting primitive: V06_FG_RACK-58_PALLET_0_0_MESH
09:08:33 | INFO: Primitives created: 1
09:08:33 | INFO: Extracting primitive: V06_FG_RACK-58_PALLET_0_1_MESH
09:08:33 | INFO: Primitives created: 1
09:08:33 | INFO: Extracting primitive: V06_FG_RACK-58_PALLET_0_2_MESH
09:08:33 | INFO: Primitives created: 1
09:08:33 | INFO: Extracting primitive: V06_FG_RACK-58_PALLET_0_3_MESH
09:08:33 | INFO: Primitives created: 1
09:08:33 | INFO: Extracting primitive: V06_FG_RACK-58_PALLET_1_0_MESH
09:08:33 | INFO: Primitives created: 1
09:08:33 | INFO: Extracting primitive: V06_FG_RACK-58_PALLET_1_1_MESH
09:08:33 | INFO: Primitives created: 1
09:08:33 | INFO: Extracting primitive: V06_FG_RACK-58_PALLET_1_2_MESH
09:08:33 | INFO: Primitives created: 1
09:08:33 | INFO: Extracting primitive: V06_FG_RACK-58_PALLET_1_3_MESH
09:08:33 | INFO: Primitives created: 1
09:08:33 | INFO: Extracting primitive: V06_FG_RACK-58_PALLET_2_0_MESH
09:08:33 | INFO: Primitives created: 1
09:08:33 | INFO: Extracting primitive: V06_FG_RACK-58_PALLET_2_1_MESH
09:08:33 | INFO: Primitives created: 1
09:08:33 | INFO: Extracting primitive: V06_FG_RACK-58_PALLET_2_2_MESH
09:08:33 | INFO: Primitives created: 1
09:08:33 | INFO: Extracting primitive: V06_FG_RACK-58_PALLET_2_3_MESH
09:08:33 | INFO: Primitives created: 1
09:08:33 | INFO: Extracting primitive: V06_FG_RACK-58_PALLET_3_0_MESH
09:08:33 | INFO: Primitives created: 1
09:08:33 | INFO: Extracting primitive: V06_FG_RACK-58_PALLET_3_1_MESH
09:08:33 | INFO: Primitives created: 1
09:08:33 | INFO: Extracting primitive: V06_FG_RACK-58_PALLET_3_2_MESH
09:08:33 | INFO: Primitives created: 1
09:08:33 | INFO: Extracting primitive: V06_FG_RACK-58_PALLET_3_3_MESH
09:08:33 | INFO: Primitives created: 1
09:08:33 | INFO: Extracting primitive: V06_FG_RACK-58_PALLET_4_0_MESH
09:08:33 | INFO: Primitives created: 1
09:08:33 | INFO: Extracting primitive: V06_FG_RACK-58_PALLET_4_1_MESH
09:08:33 | INFO: Primitives created: 1
09:08:33 | INFO: Extracting primitive: V06_FG_RACK-58_PALLET_4_2_MESH
09:08:33 | INFO: Primitives created: 1
09:08:33 | INFO: Extracting primitive: V06_FG_RACK-58_PALLET_4_3_MESH
09:08:33 | INFO: Primitives created: 1
09:08:33 | INFO: Extracting primitive: V06_FG_RACK-58_PALLET_5_0_MESH
09:08:33 | INFO: Primitives created: 1
09:08:33 | INFO: Extracting primitive: V06_FG_RACK-58_PALLET_5_1_MESH
09:08:33 | INFO: Primitives created: 1
09:08:33 | INFO: Extracting primitive: V06_FG_RACK-58_PALLET_5_2_MESH
09:08:33 | INFO: Primitives created: 1
09:08:33 | INFO: Extracting primitive: V06_FG_RACK-58_PALLET_5_3_MESH
09:08:33 | INFO: Primitives created: 1
09:08:33 | INFO: Extracting primitive: V06_FG_RACK-58_PALLET_6_0_MESH
09:08:33 | INFO: Primitives created: 1
09:08:33 | INFO: Extracting primitive: V06_FG_RACK-58_PALLET_6_1_MESH
09:08:33 | INFO: Primitives created: 1
09:08:33 | INFO: Extracting primitive: V06_FG_RACK-58_PALLET_6_2_MESH
09:08:33 | INFO: Primitives created: 1
09:08:33 | INFO: Extracting primitive: V06_FG_RACK-58_PALLET_6_3_MESH
09:08:33 | INFO: Primitives created: 1
09:08:33 | INFO: Extracting primitive: V06_FG_RACK-58_PALLET_7_0_MESH
09:08:33 | INFO: Primitives created: 1
09:08:33 | INFO: Extracting primitive: V06_FG_RACK-58_PALLET_7_1_MESH
09:08:33 | INFO: Primitives created: 1
09:08:33 | INFO: Extracting primitive: V06_FG_RACK-58_PALLET_7_2_MESH
09:08:33 | INFO: Primitives created: 1
09:08:33 | INFO: Extracting primitive: V06_FG_RACK-58_PALLET_7_3_MESH
09:08:33 | INFO: Primitives created: 1
09:08:33 | INFO: Extracting primitive: V06_FG_RACK-58_PALLET_8_0_MESH
09:08:33 | INFO: Primitives created: 1
09:08:33 | INFO: Extracting primitive: V06_FG_RACK-58_PALLET_8_1_MESH
09:08:33 | INFO: Primitives created: 1
09:08:33 | INFO: Extracting primitive: V06_FG_RACK-58_PALLET_8_2_MESH
09:08:33 | INFO: Primitives created: 1
09:08:33 | INFO: Extracting primitive: V06_FG_RACK-58_PALLET_8_3_MESH
09:08:33 | INFO: Primitives created: 1
09:08:33 | INFO: Extracting primitive: V06_FG_RACK-58_UPRIGHT_0_0_MESH
09:08:33 | INFO: Primitives created: 1
09:08:33 | INFO: Extracting primitive: V06_FG_RACK-58_UPRIGHT_0_1_MESH
09:08:33 | INFO: Primitives created: 1
09:08:33 | INFO: Extracting primitive: V06_FG_RACK-58_UPRIGHT_0_2_MESH
09:08:33 | INFO: Primitives created: 1
09:08:33 | INFO: Extracting primitive: V06_FG_RACK-58_UPRIGHT_0_3_MESH
09:08:33 | INFO: Primitives created: 1
09:08:33 | INFO: Extracting primitive: V06_FG_RACK-58_UPRIGHT_1_0_MESH
09:08:33 | INFO: Primitives created: 1
09:08:33 | INFO: Extracting primitive: V06_FG_RACK-58_UPRIGHT_1_1_MESH
09:08:33 | INFO: Primitives created: 1
09:08:33 | INFO: Extracting primitive: V06_FG_RACK-58_UPRIGHT_1_2_MESH
09:08:33 | INFO: Primitives created: 1
09:08:33 | INFO: Extracting primitive: V06_FG_RACK-58_UPRIGHT_1_3_MESH
09:08:33 | INFO: Primitives created: 1
09:08:33 | INFO: Extracting primitive: V06_FG_RACK-58_UPRIGHT_2_0_MESH
09:08:33 | INFO: Primitives created: 1
09:08:33 | INFO: Extracting primitive: V06_FG_RACK-58_UPRIGHT_2_1_MESH
09:08:33 | INFO: Primitives created: 1
09:08:33 | INFO: Extracting primitive: V06_FG_RACK-58_UPRIGHT_2_2_MESH
09:08:33 | INFO: Primitives created: 1
09:08:33 | INFO: Extracting primitive: V06_FG_RACK-58_UPRIGHT_2_3_MESH
09:08:33 | INFO: Primitives created: 1
09:08:33 | INFO: Extracting primitive: V06_FG_RACK-58_UPRIGHT_3_0_MESH
09:08:33 | INFO: Primitives created: 1
09:08:33 | INFO: Extracting primitive: V06_FG_RACK-58_UPRIGHT_3_1_MESH
09:08:33 | INFO: Primitives created: 1
09:08:33 | INFO: Extracting primitive: V06_FG_RACK-58_UPRIGHT_3_2_MESH
09:08:33 | INFO: Primitives created: 1
09:08:33 | INFO: Extracting primitive: V06_FG_RACK-58_UPRIGHT_3_3_MESH
09:08:33 | INFO: Primitives created: 1
09:08:33 | INFO: Extracting primitive: V06_FG_RACK-58_UPRIGHT_4_0_MESH
09:08:33 | INFO: Primitives created: 1
09:08:33 | INFO: Extracting primitive: V06_FG_RACK-58_UPRIGHT_4_1_MESH
09:08:33 | INFO: Primitives created: 1
09:08:33 | INFO: Extracting primitive: V06_FG_RACK-58_UPRIGHT_4_2_MESH
09:08:33 | INFO: Primitives created: 1
09:08:33 | INFO: Extracting primitive: V06_FG_RACK-58_UPRIGHT_4_3_MESH
09:08:33 | INFO: Primitives created: 1
09:08:33 | INFO: Extracting primitive: V06_FG_RACK-58_UPRIGHT_5_0_MESH
09:08:33 | INFO: Primitives created: 1
09:08:33 | INFO: Extracting primitive: V06_FG_RACK-58_UPRIGHT_5_1_MESH
09:08:33 | INFO: Primitives created: 1
09:08:33 | INFO: Extracting primitive: V06_FG_RACK-58_UPRIGHT_5_2_MESH
09:08:33 | INFO: Primitives created: 1
09:08:33 | INFO: Extracting primitive: V06_FG_RACK-58_UPRIGHT_5_3_MESH
09:08:33 | INFO: Primitives created: 1
09:08:33 | INFO: Extracting primitive: V06_FG_RACK-58_UPRIGHT_6_0_MESH
09:08:33 | INFO: Primitives created: 1
09:08:33 | INFO: Extracting primitive: V06_FG_RACK-58_UPRIGHT_6_1_MESH
09:08:33 | INFO: Primitives created: 1
09:08:33 | INFO: Extracting primitive: V06_FG_RACK-58_UPRIGHT_6_2_MESH
09:08:33 | INFO: Primitives created: 1
09:08:33 | INFO: Extracting primitive: V06_FG_RACK-58_UPRIGHT_6_3_MESH
09:08:33 | INFO: Primitives created: 1
09:08:33 | INFO: Extracting primitive: V06_FG_RACK-58_UPRIGHT_7_0_MESH
09:08:33 | INFO: Primitives created: 1
09:08:33 | INFO: Extracting primitive: V06_FG_RACK-58_UPRIGHT_7_1_MESH
09:08:33 | INFO: Primitives created: 1
09:08:33 | INFO: Extracting primitive: V06_FG_RACK-58_UPRIGHT_7_2_MESH
09:08:33 | INFO: Primitives created: 1
09:08:33 | INFO: Extracting primitive: V06_FG_RACK-58_UPRIGHT_7_3_MESH
09:08:33 | INFO: Primitives created: 1
09:08:33 | INFO: Extracting primitive: V06_FG_RACK-58_UPRIGHT_8_0_MESH
09:08:33 | INFO: Primitives created: 1
09:08:33 | INFO: Extracting primitive: V06_FG_RACK-58_UPRIGHT_8_1_MESH
09:08:33 | INFO: Primitives created: 1
09:08:33 | INFO: Extracting primitive: V06_FG_RACK-58_UPRIGHT_8_2_MESH
09:08:33 | INFO: Primitives created: 1
09:08:33 | INFO: Extracting primitive: V06_FG_RACK-58_UPRIGHT_8_3_MESH
09:08:33 | INFO: Primitives created: 1
09:08:33 | INFO: Extracting primitive: V06_FG_RIGHT_MESH
09:08:33 | INFO: Primitives created: 1
09:08:33 | INFO: Extracting primitive: V06_FG_SOFFIT_65.44_MESH
09:08:33 | INFO: Primitives created: 1
09:08:33 | INFO: Extracting primitive: V06_FG_SOFFIT_80_MESH
09:08:33 | INFO: Primitives created: 1
09:08:33 | INFO: Extracting primitive: V06_FG_SOFFIT_94.56_MESH
09:08:33 | INFO: Primitives created: 1
09:08:33 | INFO: Extracting primitive: V06_GATEHOUSE_BACK_MESH
09:08:33 | INFO: Primitives created: 1
09:08:33 | INFO: Extracting primitive: V06_GATEHOUSE_BARRIER_ARM_MESH
09:08:33 | INFO: Primitives created: 1
09:08:33 | INFO: Extracting primitive: V06_GATEHOUSE_BARRIER_POST_MESH
09:08:33 | INFO: Primitives created: 1
09:08:33 | INFO: Extracting primitive: V06_GATEHOUSE_CCTV_WALL_MESH
09:08:33 | INFO: Primitives created: 1
09:08:33 | INFO: Extracting primitive: V06_GATEHOUSE_DOOR_HEADER_MESH
09:08:33 | INFO: Primitives created: 1
09:08:33 | INFO: Extracting primitive: V06_GATEHOUSE_DOOR_L_MESH
09:08:33 | INFO: Primitives created: 1
09:08:33 | INFO: Extracting primitive: V06_GATEHOUSE_DOOR_R_MESH
09:08:33 | INFO: Primitives created: 1
09:08:33 | INFO: Extracting primitive: V06_GATEHOUSE_FLOOR_MESH
09:08:33 | INFO: Primitives created: 1
09:08:33 | INFO: Extracting primitive: V06_GATEHOUSE_LEFT_MESH
09:08:33 | INFO: Primitives created: 1
09:08:33 | INFO: Extracting primitive: V06_GATEHOUSE_LIGHT_0_FIXTURE_MESH
09:08:33 | INFO: Primitives created: 1
09:08:33 | INFO: Extracting primitive: V06_GATEHOUSE_LIGHT_0_GLOW_MESH
09:08:33 | INFO: Primitives created: 1
09:08:33 | INFO: Extracting primitive: V06_GATEHOUSE_LIGHT_1_FIXTURE_MESH
09:08:33 | INFO: Primitives created: 1
09:08:33 | INFO: Extracting primitive: V06_GATEHOUSE_LIGHT_1_GLOW_MESH
09:08:33 | INFO: Primitives created: 1
09:08:33 | INFO: Extracting primitive: V06_GATEHOUSE_OPERATOR_DESK_MESH
09:08:33 | INFO: Primitives created: 1
09:08:33 | INFO: Extracting primitive: V06_GATEHOUSE_RIGHT_MESH
09:08:33 | INFO: Primitives created: 1
09:08:33 | INFO: Extracting primitive: V06_GATEHOUSE_SOFFIT_90.4_MESH
09:08:33 | INFO: Primitives created: 1
09:08:33 | INFO: Extracting primitive: V06_GATEHOUSE_SOFFIT_96_MESH
09:08:33 | INFO: Primitives created: 1
09:08:33 | INFO: Extracting primitive: V06_GATEHOUSE_SOFFIT_101.6_MESH
09:08:33 | INFO: Primitives created: 1
09:08:33 | INFO: Extracting primitive: V06_GATEHOUSE_VEHICLE_LANE_MESH
09:08:33 | INFO: Primitives created: 1
09:08:33 | INFO: Extracting primitive: V06_GATEHOUSE_WINDOW_0_MESH
09:08:33 | INFO: Primitives created: 1
09:08:33 | INFO: Extracting primitive: V06_GATEHOUSE_WINDOW_1_MESH
09:08:33 | INFO: Primitives created: 1
09:08:33 | INFO: Extracting primitive: V06_GATEHOUSE_WINDOW_2_MESH
09:08:33 | INFO: Primitives created: 1
09:08:33 | INFO: Extracting primitive: V06_GLASS_CAFE_BACKBAR_MESH
09:08:33 | INFO: Primitives created: 1
09:08:33 | INFO: Extracting primitive: V06_GLASS_CAFE_COUNTER_MESH
09:08:33 | INFO: Primitives created: 1
09:08:33 | INFO: Extracting primitive: V06_GLASS_CAFE_EQUIPMENT_0_BASE_MESH
09:08:33 | INFO: Primitives created: 1
09:08:33 | INFO: Extracting primitive: V06_GLASS_CAFE_EQUIPMENT_0_HOUSING_MESH
09:08:33 | INFO: Primitives created: 1
09:08:33 | INFO: Extracting primitive: V06_GLASS_CAFE_EQUIPMENT_0_PANEL_MESH
09:08:33 | INFO: Primitives created: 1
09:08:33 | INFO: Extracting primitive: V06_GLASS_CAFE_EQUIPMENT_1_BASE_MESH
09:08:33 | INFO: Primitives created: 1
09:08:33 | INFO: Extracting primitive: V06_GLASS_CAFE_EQUIPMENT_1_HOUSING_MESH
09:08:33 | INFO: Primitives created: 1
09:08:33 | INFO: Extracting primitive: V06_GLASS_CAFE_EQUIPMENT_1_PANEL_MESH
09:08:33 | INFO: Primitives created: 1
09:08:33 | INFO: Extracting primitive: V06_GLASS_CAFE_EQUIPMENT_2_BASE_MESH
09:08:33 | INFO: Primitives created: 1
09:08:33 | INFO: Extracting primitive: V06_GLASS_CAFE_EQUIPMENT_2_HOUSING_MESH
09:08:33 | INFO: Primitives created: 1
09:08:33 | INFO: Extracting primitive: V06_GLASS_CAFE_EQUIPMENT_2_PANEL_MESH
09:08:33 | INFO: Primitives created: 1
09:08:33 | INFO: Extracting primitive: V06_GLASS_CAFE_SEATING_0_CHAIR_0_MESH
09:08:33 | INFO: Primitives created: 1
09:08:33 | INFO: Extracting primitive: V06_GLASS_CAFE_SEATING_0_CHAIR_1_MESH
09:08:33 | INFO: Primitives created: 1
09:08:33 | INFO: Extracting primitive: V06_GLASS_CAFE_SEATING_0_TABLE_MESH
09:08:33 | INFO: Primitives created: 1
09:08:33 | INFO: Extracting primitive: V06_GLASS_CAFE_SEATING_1_CHAIR_0_MESH
09:08:33 | INFO: Primitives created: 1
09:08:33 | INFO: Extracting primitive: V06_GLASS_CAFE_SEATING_1_CHAIR_1_MESH
09:08:33 | INFO: Primitives created: 1
09:08:33 | INFO: Extracting primitive: V06_GLASS_CAFE_SEATING_1_TABLE_MESH
09:08:33 | INFO: Primitives created: 1
09:08:33 | INFO: Extracting primitive: V06_GLASS_CAFE_SEATING_2_CHAIR_0_MESH
09:08:33 | INFO: Primitives created: 1
09:08:33 | INFO: Extracting primitive: V06_GLASS_CAFE_SEATING_2_CHAIR_1_MESH
09:08:33 | INFO: Primitives created: 1
09:08:33 | INFO: Extracting primitive: V06_GLASS_CAFE_SEATING_2_TABLE_MESH
09:08:33 | INFO: Primitives created: 1
09:08:33 | INFO: Extracting primitive: V06_GLASS_CAFE_SEATING_3_CHAIR_0_MESH
09:08:33 | INFO: Primitives created: 1
09:08:33 | INFO: Extracting primitive: V06_GLASS_CAFE_SEATING_3_CHAIR_1_MESH
09:08:33 | INFO: Primitives created: 1
09:08:33 | INFO: Extracting primitive: V06_GLASS_CAFE_SEATING_3_TABLE_MESH
09:08:33 | INFO: Primitives created: 1
09:08:33 | INFO: Extracting primitive: V06_GLASS_COMMAND_CONSOLE_0_MESH
09:08:33 | INFO: Primitives created: 1
09:08:33 | INFO: Extracting primitive: V06_GLASS_COMMAND_CONSOLE_1_MESH
09:08:33 | INFO: Primitives created: 1
09:08:33 | INFO: Extracting primitive: V06_GLASS_COMMAND_CONSOLE_2_MESH
09:08:33 | INFO: Primitives created: 1
09:08:33 | INFO: Extracting primitive: V06_GLASS_COMMAND_CONSOLE_3_MESH
09:08:33 | INFO: Primitives created: 1
09:08:33 | INFO: Extracting primitive: V06_GLASS_COMMAND_MONITOR_WALL_MESH
09:08:33 | INFO: Primitives created: 1
09:08:33 | INFO: Extracting primitive: V06_GLASS_COMMAND_SCREEN_0_MESH
09:08:33 | INFO: Primitives created: 1
09:08:33 | INFO: Extracting primitive: V06_GLASS_COMMAND_SCREEN_1_MESH
09:08:33 | INFO: Primitives created: 1
09:08:33 | INFO: Extracting primitive: V06_GLASS_COMMAND_SCREEN_2_MESH
09:08:33 | INFO: Primitives created: 1
09:08:33 | INFO: Extracting primitive: V06_GLASS_COMMAND_SCREEN_3_MESH
09:08:33 | INFO: Primitives created: 1
09:08:33 | INFO: Extracting primitive: V06_GLASS_DECK_BACK_MESH
09:08:33 | INFO: Primitives created: 1
09:08:33 | INFO: Extracting primitive: V06_GLASS_DECK_FLOOR_MESH
09:08:33 | INFO: Primitives created: 1
09:08:33 | INFO: Extracting primitive: V06_GLASS_DECK_LEFT_MESH
09:08:33 | INFO: Primitives created: 1
09:08:33 | INFO: Extracting primitive: V06_GLASS_DECK_LIGHT_0_FIXTURE_MESH
09:08:33 | INFO: Primitives created: 1
09:08:33 | INFO: Extracting primitive: V06_GLASS_DECK_LIGHT_0_GLOW_MESH
09:08:33 | INFO: Primitives created: 1
09:08:33 | INFO: Extracting primitive: V06_GLASS_DECK_LIGHT_1_FIXTURE_MESH
09:08:33 | INFO: Primitives created: 1
09:08:33 | INFO: Extracting primitive: V06_GLASS_DECK_LIGHT_1_GLOW_MESH
09:08:33 | INFO: Primitives created: 1
09:08:33 | INFO: Extracting primitive: V06_GLASS_DECK_RIGHT_MESH
09:08:33 | INFO: Primitives created: 1
09:08:33 | INFO: Extracting primitive: V06_GLASS_DECK_SOFFIT_67.2_MESH
09:08:33 | INFO: Primitives created: 1
09:08:33 | INFO: Extracting primitive: V06_GLASS_DECK_SOFFIT_70_MESH
09:08:33 | INFO: Primitives created: 1
09:08:33 | INFO: Extracting primitive: V06_GLASS_DECK_SOFFIT_72.8_MESH
09:08:33 | INFO: Primitives created: 1
09:08:33 | INFO: Extracting primitive: V06_GLASS_GALLERY_RAIL_MESH
09:08:33 | INFO: Primitives created: 1
09:08:33 | INFO: Extracting primitive: V06_GLASS_TRAINING_CHAIR_0_MESH
09:08:33 | INFO: Primitives created: 1
09:08:33 | INFO: Extracting primitive: V06_GLASS_TRAINING_CHAIR_1_MESH
09:08:33 | INFO: Primitives created: 1
09:08:33 | INFO: Extracting primitive: V06_GLASS_TRAINING_CHAIR_2_MESH
09:08:33 | INFO: Primitives created: 1
09:08:33 | INFO: Extracting primitive: V06_GLASS_TRAINING_CHAIR_3_MESH
09:08:33 | INFO: Primitives created: 1
09:08:33 | INFO: Extracting primitive: V06_GLASS_TRAINING_CHAIR_4_MESH
09:08:33 | INFO: Primitives created: 1
09:08:33 | INFO: Extracting primitive: V06_GLASS_TRAINING_CHAIR_5_MESH
09:08:33 | INFO: Primitives created: 1
09:08:33 | INFO: Extracting primitive: V06_GLASS_TRAINING_CHAIR_6_MESH
09:08:33 | INFO: Primitives created: 1
09:08:33 | INFO: Extracting primitive: V06_GLASS_TRAINING_CHAIR_7_MESH
09:08:33 | INFO: Primitives created: 1
09:08:33 | INFO: Extracting primitive: V06_GLASS_TRAINING_PARTITION_PANEL_MESH
09:08:33 | INFO: Primitives created: 1
09:08:33 | INFO: Extracting primitive: V06_GLASS_TRAINING_PARTITION_POST_MESH
09:08:33 | INFO: Primitives created: 1
09:08:33 | INFO: Extracting primitive: V06_GLASS_TRAINING_TABLE_MESH
09:08:33 | INFO: Primitives created: 1
09:08:33 | INFO: Extracting primitive: V06_KITCHEN_APPLIANCE_0_BASE_MESH
09:08:33 | INFO: Primitives created: 1
09:08:33 | INFO: Extracting primitive: V06_KITCHEN_APPLIANCE_0_HOUSING_MESH
09:08:33 | INFO: Primitives created: 1
09:08:33 | INFO: Extracting primitive: V06_KITCHEN_APPLIANCE_0_PANEL_MESH
09:08:33 | INFO: Primitives created: 1
09:08:33 | INFO: Extracting primitive: V06_KITCHEN_APPLIANCE_1_BASE_MESH
09:08:33 | INFO: Primitives created: 1
09:08:33 | INFO: Extracting primitive: V06_KITCHEN_APPLIANCE_1_HOUSING_MESH
09:08:33 | INFO: Primitives created: 1
09:08:33 | INFO: Extracting primitive: V06_KITCHEN_APPLIANCE_1_PANEL_MESH
09:08:33 | INFO: Primitives created: 1
09:08:33 | INFO: Extracting primitive: V06_KITCHEN_APPLIANCE_2_BASE_MESH
09:08:33 | INFO: Primitives created: 1
09:08:33 | INFO: Extracting primitive: V06_KITCHEN_APPLIANCE_2_HOUSING_MESH
09:08:33 | INFO: Primitives created: 1
09:08:33 | INFO: Extracting primitive: V06_KITCHEN_APPLIANCE_2_PANEL_MESH
09:08:33 | INFO: Primitives created: 1
09:08:33 | INFO: Extracting primitive: V06_KITCHEN_APPLIANCE_3_BASE_MESH
09:08:33 | INFO: Primitives created: 1
09:08:33 | INFO: Extracting primitive: V06_KITCHEN_APPLIANCE_3_HOUSING_MESH
09:08:33 | INFO: Primitives created: 1
09:08:33 | INFO: Extracting primitive: V06_KITCHEN_APPLIANCE_3_PANEL_MESH
09:08:33 | INFO: Primitives created: 1
09:08:33 | INFO: Extracting primitive: V06_KITCHEN_APPLIANCE_4_BASE_MESH
09:08:33 | INFO: Primitives created: 1
09:08:33 | INFO: Extracting primitive: V06_KITCHEN_APPLIANCE_4_HOUSING_MESH
09:08:33 | INFO: Primitives created: 1
09:08:33 | INFO: Extracting primitive: V06_KITCHEN_APPLIANCE_4_PANEL_MESH
09:08:33 | INFO: Primitives created: 1
09:08:33 | INFO: Extracting primitive: V06_KITCHEN_STORAGE_BEAM_0_MESH
09:08:33 | INFO: Primitives created: 1
09:08:33 | INFO: Extracting primitive: V06_KITCHEN_STORAGE_BEAM_1_MESH
09:08:33 | INFO: Primitives created: 1
09:08:33 | INFO: Extracting primitive: V06_KITCHEN_STORAGE_LOAD_0_0_MESH
09:08:33 | INFO: Primitives created: 1
09:08:33 | INFO: Extracting primitive: V06_KITCHEN_STORAGE_LOAD_0_1_MESH
09:08:33 | INFO: Primitives created: 1
09:08:33 | INFO: Extracting primitive: V06_KITCHEN_STORAGE_LOAD_1_0_MESH
09:08:33 | INFO: Primitives created: 1
09:08:33 | INFO: Extracting primitive: V06_KITCHEN_STORAGE_LOAD_1_1_MESH
09:08:33 | INFO: Primitives created: 1
09:08:33 | INFO: Extracting primitive: V06_KITCHEN_STORAGE_LOAD_2_0_MESH
09:08:33 | INFO: Primitives created: 1
09:08:33 | INFO: Extracting primitive: V06_KITCHEN_STORAGE_LOAD_2_1_MESH
09:08:33 | INFO: Primitives created: 1
09:08:33 | INFO: Extracting primitive: V06_KITCHEN_STORAGE_PALLET_0_0_MESH
09:08:33 | INFO: Primitives created: 1
09:08:33 | INFO: Extracting primitive: V06_KITCHEN_STORAGE_PALLET_0_1_MESH
09:08:33 | INFO: Primitives created: 1
09:08:33 | INFO: Extracting primitive: V06_KITCHEN_STORAGE_PALLET_1_0_MESH
09:08:33 | INFO: Primitives created: 1
09:08:33 | INFO: Extracting primitive: V06_KITCHEN_STORAGE_PALLET_1_1_MESH
09:08:33 | INFO: Primitives created: 1
09:08:33 | INFO: Extracting primitive: V06_KITCHEN_STORAGE_PALLET_2_0_MESH
09:08:33 | INFO: Primitives created: 1
09:08:33 | INFO: Extracting primitive: V06_KITCHEN_STORAGE_PALLET_2_1_MESH
09:08:33 | INFO: Primitives created: 1
09:08:33 | INFO: Extracting primitive: V06_KITCHEN_STORAGE_UPRIGHT_0_0_MESH
09:08:33 | INFO: Primitives created: 1
09:08:33 | INFO: Extracting primitive: V06_KITCHEN_STORAGE_UPRIGHT_0_1_MESH
09:08:33 | INFO: Primitives created: 1
09:08:33 | INFO: Extracting primitive: V06_KITCHEN_STORAGE_UPRIGHT_1_0_MESH
09:08:33 | INFO: Primitives created: 1
09:08:33 | INFO: Extracting primitive: V06_KITCHEN_STORAGE_UPRIGHT_1_1_MESH
09:08:33 | INFO: Primitives created: 1
09:08:33 | INFO: Extracting primitive: V06_KITCHEN_STORAGE_UPRIGHT_2_0_MESH
09:08:33 | INFO: Primitives created: 1
09:08:33 | INFO: Extracting primitive: V06_KITCHEN_STORAGE_UPRIGHT_2_1_MESH
09:08:33 | INFO: Primitives created: 1
09:08:33 | INFO: Extracting primitive: V06_LIQUID_BACK_MESH
09:08:33 | INFO: Primitives created: 1
09:08:33 | INFO: Extracting primitive: V06_LIQUID_BOTTLES_0_MESH
09:08:33 | INFO: Primitives created: 1
09:08:33 | INFO: Extracting primitive: V06_LIQUID_BOTTLES_1_MESH
09:08:33 | INFO: Primitives created: 1
09:08:33 | INFO: Extracting primitive: V06_LIQUID_BOTTLES_2_MESH
09:08:33 | INFO: Primitives created: 1
09:08:33 | INFO: Extracting primitive: V06_LIQUID_BOTTLES_3_MESH
09:08:33 | INFO: Primitives created: 1
09:08:33 | INFO: Extracting primitive: V06_LIQUID_BOTTLES_4_MESH
09:08:33 | INFO: Primitives created: 1
09:08:33 | INFO: Extracting primitive: V06_LIQUID_BOTTLES_5_MESH
09:08:33 | INFO: Primitives created: 1
09:08:33 | INFO: Extracting primitive: V06_LIQUID_BOTTLES_6_MESH
09:08:33 | INFO: Primitives created: 1
09:08:33 | INFO: Extracting primitive: V06_LIQUID_BOTTLES_7_MESH
09:08:33 | INFO: Primitives created: 1
09:08:33 | INFO: Extracting primitive: V06_LIQUID_CAPPER_TURRET_MESH
09:08:33 | INFO: Primitives created: 1
09:08:33 | INFO: Extracting primitive: V06_LIQUID_CASE_PACK_A_MESH
09:08:33 | INFO: Primitives created: 1
09:08:33 | INFO: Extracting primitive: V06_LIQUID_CASE_PACK_B_MESH
09:08:33 | INFO: Primitives created: 1
09:08:33 | INFO: Extracting primitive: V06_LIQUID_CASE_PACK_BED_MESH
09:08:33 | INFO: Primitives created: 1
09:08:33 | INFO: Extracting primitive: V06_LIQUID_CASE_PACK_ROLLER0_MESH
09:08:33 | INFO: Primitives created: 1
09:08:33 | INFO: Extracting primitive: V06_LIQUID_CASE_PACK_ROLLER1_MESH
09:08:33 | INFO: Primitives created: 1
09:08:33 | INFO: Extracting primitive: V06_LIQUID_CASE_PACK_ROLLER2_MESH
09:08:33 | INFO: Primitives created: 1
09:08:33 | INFO: Extracting primitive: V06_LIQUID_CASE_PACK_ROLLER3_MESH
09:08:33 | INFO: Primitives created: 1
09:08:33 | INFO: Extracting primitive: V06_LIQUID_CASE_PACK_ROLLER4_MESH
09:08:33 | INFO: Primitives created: 1
09:08:33 | INFO: Extracting primitive: V06_LIQUID_CASE_PACK_ROLLER5_MESH
09:08:33 | INFO: Primitives created: 1
09:08:33 | INFO: Extracting primitive: V06_LIQUID_CASE_PACK_ROLLER6_MESH
09:08:33 | INFO: Primitives created: 1
09:08:33 | INFO: Extracting primitive: V06_LIQUID_CASES_0_MESH
09:08:33 | INFO: Primitives created: 1
09:08:33 | INFO: Extracting primitive: V06_LIQUID_CASES_1_MESH
09:08:33 | INFO: Primitives created: 1
09:08:33 | INFO: Extracting primitive: V06_LIQUID_CASES_2_MESH
09:08:33 | INFO: Primitives created: 1
09:08:33 | INFO: Extracting primitive: V06_LIQUID_CASES_3_MESH
09:08:33 | INFO: Primitives created: 1
09:08:33 | INFO: Extracting primitive: V06_LIQUID_CASES_4_MESH
09:08:33 | INFO: Primitives created: 1
09:08:33 | INFO: Extracting primitive: V06_LIQUID_DOOR_HEADER_MESH
09:08:33 | INFO: Primitives created: 1
09:08:33 | INFO: Extracting primitive: V06_LIQUID_DOOR_L_MESH
09:08:33 | INFO: Primitives created: 1
09:08:33 | INFO: Extracting primitive: V06_LIQUID_DOOR_R_MESH
09:08:33 | INFO: Primitives created: 1
09:08:33 | INFO: Extracting primitive: V06_LIQUID_FILL_FRAME_MESH
09:08:33 | INFO: Primitives created: 1
09:08:33 | INFO: Extracting primitive: V06_LIQUID_FILL_NOZZLE_0_MESH
09:08:33 | INFO: Primitives created: 1
09:08:33 | INFO: Extracting primitive: V06_LIQUID_FILL_NOZZLE_1_MESH
09:08:33 | INFO: Primitives created: 1
09:08:33 | INFO: Extracting primitive: V06_LIQUID_FILL_NOZZLE_2_MESH
09:08:33 | INFO: Primitives created: 1
09:08:33 | INFO: Extracting primitive: V06_LIQUID_FILL_NOZZLE_3_MESH
09:08:33 | INFO: Primitives created: 1
09:08:33 | INFO: Extracting primitive: V06_LIQUID_FILL_NOZZLE_4_MESH
09:08:33 | INFO: Primitives created: 1
09:08:33 | INFO: Extracting primitive: V06_LIQUID_FILL_NOZZLE_5_MESH
09:08:33 | INFO: Primitives created: 1
09:08:33 | INFO: Extracting primitive: V06_LIQUID_FLOOR_MESH
09:08:33 | INFO: Primitives created: 1
09:08:33 | INFO: Extracting primitive: V06_LIQUID_INFEED_A_MESH
09:08:33 | INFO: Primitives created: 1
09:08:33 | INFO: Extracting primitive: V06_LIQUID_INFEED_B_MESH
09:08:33 | INFO: Primitives created: 1
09:08:33 | INFO: Extracting primitive: V06_LIQUID_INFEED_BED_MESH
09:08:33 | INFO: Primitives created: 1
09:08:33 | INFO: Extracting primitive: V06_LIQUID_INFEED_ROLLER0_MESH
09:08:33 | INFO: Primitives created: 1
09:08:33 | INFO: Extracting primitive: V06_LIQUID_INFEED_ROLLER1_MESH
09:08:33 | INFO: Primitives created: 1
09:08:33 | INFO: Extracting primitive: V06_LIQUID_INFEED_ROLLER2_MESH
09:08:33 | INFO: Primitives created: 1
09:08:33 | INFO: Extracting primitive: V06_LIQUID_INFEED_ROLLER3_MESH
09:08:33 | INFO: Primitives created: 1
09:08:33 | INFO: Extracting primitive: V06_LIQUID_INFEED_ROLLER4_MESH
09:08:33 | INFO: Primitives created: 1
09:08:33 | INFO: Extracting primitive: V06_LIQUID_INFEED_ROLLER5_MESH
09:08:33 | INFO: Primitives created: 1
09:08:33 | INFO: Extracting primitive: V06_LIQUID_INFEED_ROLLER6_MESH
09:08:33 | INFO: Primitives created: 1
09:08:33 | INFO: Extracting primitive: V06_LIQUID_INSPECTION_FRAME_MESH
09:08:33 | INFO: Primitives created: 1
09:08:33 | INFO: Extracting primitive: V06_LIQUID_LABEL_LINE_A_MESH
09:08:33 | INFO: Primitives created: 1
09:08:33 | INFO: Extracting primitive: V06_LIQUID_LABEL_LINE_B_MESH
09:08:33 | INFO: Primitives created: 1
09:08:33 | INFO: Extracting primitive: V06_LIQUID_LABEL_LINE_BED_MESH
09:08:33 | INFO: Primitives created: 1
09:08:33 | INFO: Extracting primitive: V06_LIQUID_LABEL_LINE_ROLLER0_MESH
09:08:33 | INFO: Primitives created: 1
09:08:33 | INFO: Extracting primitive: V06_LIQUID_LABEL_LINE_ROLLER1_MESH
09:08:33 | INFO: Primitives created: 1
09:08:33 | INFO: Extracting primitive: V06_LIQUID_LABEL_LINE_ROLLER2_MESH
09:08:33 | INFO: Primitives created: 1
09:08:33 | INFO: Extracting primitive: V06_LIQUID_LABEL_LINE_ROLLER3_MESH
09:08:33 | INFO: Primitives created: 1
09:08:33 | INFO: Extracting primitive: V06_LIQUID_LABEL_LINE_ROLLER4_MESH
09:08:33 | INFO: Primitives created: 1
09:08:33 | INFO: Extracting primitive: V06_LIQUID_LABEL_LINE_ROLLER5_MESH
09:08:33 | INFO: Primitives created: 1
09:08:33 | INFO: Extracting primitive: V06_LIQUID_LABEL_LINE_ROLLER6_MESH
09:08:33 | INFO: Primitives created: 1
09:08:33 | INFO: Extracting primitive: V06_LIQUID_LABEL_ROLL_MESH
09:08:33 | INFO: Primitives created: 1
09:08:33 | INFO: Extracting primitive: V06_LIQUID_LEFT_MESH
09:08:33 | INFO: Primitives created: 1
09:08:33 | INFO: Extracting primitive: V06_LIQUID_LIGHT_0_FIXTURE_MESH
09:08:33 | INFO: Primitives created: 1
09:08:33 | INFO: Extracting primitive: V06_LIQUID_LIGHT_0_GLOW_MESH
09:08:33 | INFO: Primitives created: 1
09:08:33 | INFO: Extracting primitive: V06_LIQUID_LIGHT_1_FIXTURE_MESH
09:08:33 | INFO: Primitives created: 1
09:08:33 | INFO: Extracting primitive: V06_LIQUID_LIGHT_1_GLOW_MESH
09:08:33 | INFO: Primitives created: 1
09:08:33 | INFO: Extracting primitive: V06_LIQUID_LIGHT_2_FIXTURE_MESH
09:08:33 | INFO: Primitives created: 1
09:08:33 | INFO: Extracting primitive: V06_LIQUID_LIGHT_2_GLOW_MESH
09:08:33 | INFO: Primitives created: 1
09:08:33 | INFO: Extracting primitive: V06_LIQUID_LIGHT_3_FIXTURE_MESH
09:08:33 | INFO: Primitives created: 1
09:08:33 | INFO: Extracting primitive: V06_LIQUID_LIGHT_3_GLOW_MESH
09:08:33 | INFO: Primitives created: 1
09:08:33 | INFO: Extracting primitive: V06_LIQUID_RIGHT_MESH
09:08:33 | INFO: Primitives created: 1
09:08:33 | INFO: Extracting primitive: V06_LIQUID_SOFFIT_10_MESH
09:08:33 | INFO: Primitives created: 1
09:08:33 | INFO: Extracting primitive: V06_LIQUID_SOFFIT_22.880000000000003_MESH
09:08:33 | INFO: Primitives created: 1
09:08:33 | INFO: Extracting primitive: V06_LIQUID_SOFFIT_-2.880000000000001_MESH
09:08:33 | INFO: Primitives created: 1
09:08:33 | INFO: Extracting primitive: V06_LIQUID_TO_CAPPER_A_MESH
09:08:33 | INFO: Primitives created: 1
09:08:33 | INFO: Extracting primitive: V06_LIQUID_TO_CAPPER_B_MESH
09:08:33 | INFO: Primitives created: 1
09:08:33 | INFO: Extracting primitive: V06_LIQUID_TO_CAPPER_BED_MESH
09:08:33 | INFO: Primitives created: 1
09:08:33 | INFO: Extracting primitive: V06_LIQUID_TO_CAPPER_ROLLER0_MESH
09:08:33 | INFO: Primitives created: 1
09:08:33 | INFO: Extracting primitive: V06_LIQUID_TO_CAPPER_ROLLER1_MESH
09:08:33 | INFO: Primitives created: 1
09:08:33 | INFO: Extracting primitive: V06_LIQUID_TO_CAPPER_ROLLER2_MESH
09:08:33 | INFO: Primitives created: 1
09:08:33 | INFO: Extracting primitive: V06_LIQUID_TO_CAPPER_ROLLER3_MESH
09:08:33 | INFO: Primitives created: 1
09:08:33 | INFO: Extracting primitive: V06_LIQUID_TO_CAPPER_ROLLER4_MESH
09:08:33 | INFO: Primitives created: 1
09:08:33 | INFO: Extracting primitive: V06_LIQUID_TO_CAPPER_ROLLER5_MESH
09:08:33 | INFO: Primitives created: 1
09:08:33 | INFO: Extracting primitive: V06_LIQUID_TO_CAPPER_ROLLER6_MESH
09:08:33 | INFO: Primitives created: 1
09:08:33 | INFO: Extracting primitive: V06_PACK_BACK_MESH
09:08:33 | INFO: Primitives created: 1
09:08:33 | INFO: Extracting primitive: V06_PACK_CARTON_BIN_0_MESH
09:08:33 | INFO: Primitives created: 1
09:08:33 | INFO: Extracting primitive: V06_PACK_CARTON_BIN_1_MESH
09:08:33 | INFO: Primitives created: 1
09:08:33 | INFO: Extracting primitive: V06_PACK_CARTON_BIN_2_MESH
09:08:33 | INFO: Primitives created: 1
09:08:33 | INFO: Extracting primitive: V06_PACK_CARTON_BIN_3_MESH
09:08:33 | INFO: Primitives created: 1
09:08:33 | INFO: Extracting primitive: V06_PACK_CARTON_BIN_4_MESH
09:08:33 | INFO: Primitives created: 1
09:08:33 | INFO: Extracting primitive: V06_PACK_DOOR_HEADER_MESH
09:08:33 | INFO: Primitives created: 1
09:08:33 | INFO: Extracting primitive: V06_PACK_DOOR_L_MESH
09:08:33 | INFO: Primitives created: 1
09:08:33 | INFO: Extracting primitive: V06_PACK_DOOR_R_MESH
09:08:33 | INFO: Primitives created: 1
09:08:33 | INFO: Extracting primitive: V06_PACK_FILM_ROLL_0_MESH
09:08:33 | INFO: Primitives created: 1
09:08:33 | INFO: Extracting primitive: V06_PACK_FILM_ROLL_1_MESH
09:08:33 | INFO: Primitives created: 1
09:08:33 | INFO: Extracting primitive: V06_PACK_FILM_ROLL_2_MESH
09:08:33 | INFO: Primitives created: 1
09:08:33 | INFO: Extracting primitive: V06_PACK_FILM_ROLL_3_MESH
09:08:33 | INFO: Primitives created: 1
09:08:33 | INFO: Extracting primitive: V06_PACK_FILM_ROLL_4_MESH
09:08:33 | INFO: Primitives created: 1
09:08:33 | INFO: Extracting primitive: V06_PACK_FLOOR_MESH
09:08:33 | INFO: Primitives created: 1
09:08:33 | INFO: Extracting primitive: V06_PACK_ISSUE_WINDOW_MESH
09:08:33 | INFO: Primitives created: 1
09:08:33 | INFO: Extracting primitive: V06_PACK_LEFT_MESH
09:08:33 | INFO: Primitives created: 1
09:08:33 | INFO: Extracting primitive: V06_PACK_LIGHT_0_FIXTURE_MESH
09:08:33 | INFO: Primitives created: 1
09:08:33 | INFO: Extracting primitive: V06_PACK_LIGHT_0_GLOW_MESH
09:08:33 | INFO: Primitives created: 1
09:08:33 | INFO: Extracting primitive: V06_PACK_LIGHT_1_FIXTURE_MESH
09:08:33 | INFO: Primitives created: 1
09:08:33 | INFO: Extracting primitive: V06_PACK_LIGHT_1_GLOW_MESH
09:08:33 | INFO: Primitives created: 1
09:08:33 | INFO: Extracting primitive: V06_PACK_LIGHT_2_FIXTURE_MESH
09:08:33 | INFO: Primitives created: 1
09:08:33 | INFO: Extracting primitive: V06_PACK_LIGHT_2_GLOW_MESH
09:08:33 | INFO: Primitives created: 1
09:08:33 | INFO: Extracting primitive: V06_PACK_LIGHT_3_FIXTURE_MESH
09:08:33 | INFO: Primitives created: 1
09:08:33 | INFO: Extracting primitive: V06_PACK_LIGHT_3_GLOW_MESH
09:08:33 | INFO: Primitives created: 1
09:08:33 | INFO: Extracting primitive: V06_PACK_LIGHT_4_FIXTURE_MESH
09:08:33 | INFO: Primitives created: 1
09:08:33 | INFO: Extracting primitive: V06_PACK_LIGHT_4_GLOW_MESH
09:08:33 | INFO: Primitives created: 1
09:08:33 | INFO: Extracting primitive: V06_PACK_RACK67_BEAM_0_MESH
09:08:33 | INFO: Primitives created: 1
09:08:33 | INFO: Extracting primitive: V06_PACK_RACK67_BEAM_1_MESH
09:08:33 | INFO: Primitives created: 1
09:08:33 | INFO: Extracting primitive: V06_PACK_RACK67_BEAM_2_MESH
09:08:33 | INFO: Primitives created: 1
09:08:33 | INFO: Extracting primitive: V06_PACK_RACK67_LOAD_0_0_MESH
09:08:33 | INFO: Primitives created: 1
09:08:33 | INFO: Extracting primitive: V06_PACK_RACK67_LOAD_0_1_MESH
09:08:33 | INFO: Primitives created: 1
09:08:33 | INFO: Extracting primitive: V06_PACK_RACK67_LOAD_0_2_MESH
09:08:33 | INFO: Primitives created: 1
09:08:33 | INFO: Extracting primitive: V06_PACK_RACK67_LOAD_1_0_MESH
09:08:33 | INFO: Primitives created: 1
09:08:33 | INFO: Extracting primitive: V06_PACK_RACK67_LOAD_1_1_MESH
09:08:33 | INFO: Primitives created: 1
09:08:33 | INFO: Extracting primitive: V06_PACK_RACK67_LOAD_1_2_MESH
09:08:33 | INFO: Primitives created: 1
09:08:33 | INFO: Extracting primitive: V06_PACK_RACK67_LOAD_2_0_MESH
09:08:33 | INFO: Primitives created: 1
09:08:33 | INFO: Extracting primitive: V06_PACK_RACK67_LOAD_2_1_MESH
09:08:33 | INFO: Primitives created: 1
09:08:33 | INFO: Extracting primitive: V06_PACK_RACK67_LOAD_2_2_MESH
09:08:33 | INFO: Primitives created: 1
09:08:33 | INFO: Extracting primitive: V06_PACK_RACK67_LOAD_3_0_MESH
09:08:33 | INFO: Primitives created: 1
09:08:33 | INFO: Extracting primitive: V06_PACK_RACK67_LOAD_3_1_MESH
09:08:33 | INFO: Primitives created: 1
09:08:33 | INFO: Extracting primitive: V06_PACK_RACK67_LOAD_3_2_MESH
09:08:33 | INFO: Primitives created: 1
09:08:33 | INFO: Extracting primitive: V06_PACK_RACK67_LOAD_4_0_MESH
09:08:33 | INFO: Primitives created: 1
09:08:33 | INFO: Extracting primitive: V06_PACK_RACK67_LOAD_4_1_MESH
09:08:33 | INFO: Primitives created: 1
09:08:33 | INFO: Extracting primitive: V06_PACK_RACK67_LOAD_4_2_MESH
09:08:33 | INFO: Primitives created: 1
09:08:33 | INFO: Extracting primitive: V06_PACK_RACK67_LOAD_5_0_MESH
09:08:33 | INFO: Primitives created: 1
09:08:33 | INFO: Extracting primitive: V06_PACK_RACK67_LOAD_5_1_MESH
09:08:33 | INFO: Primitives created: 1
09:08:33 | INFO: Extracting primitive: V06_PACK_RACK67_LOAD_5_2_MESH
09:08:33 | INFO: Primitives created: 1
09:08:33 | INFO: Extracting primitive: V06_PACK_RACK67_LOAD_6_0_MESH
09:08:33 | INFO: Primitives created: 1
09:08:33 | INFO: Extracting primitive: V06_PACK_RACK67_LOAD_6_1_MESH
09:08:33 | INFO: Primitives created: 1
09:08:33 | INFO: Extracting primitive: V06_PACK_RACK67_LOAD_6_2_MESH
09:08:33 | INFO: Primitives created: 1
09:08:33 | INFO: Extracting primitive: V06_PACK_RACK67_PALLET_0_0_MESH
09:08:33 | INFO: Primitives created: 1
09:08:33 | INFO: Extracting primitive: V06_PACK_RACK67_PALLET_0_1_MESH
09:08:33 | INFO: Primitives created: 1
09:08:33 | INFO: Extracting primitive: V06_PACK_RACK67_PALLET_0_2_MESH
09:08:33 | INFO: Primitives created: 1
09:08:33 | INFO: Extracting primitive: V06_PACK_RACK67_PALLET_1_0_MESH
09:08:33 | INFO: Primitives created: 1
09:08:33 | INFO: Extracting primitive: V06_PACK_RACK67_PALLET_1_1_MESH
09:08:33 | INFO: Primitives created: 1
09:08:33 | INFO: Extracting primitive: V06_PACK_RACK67_PALLET_1_2_MESH
09:08:33 | INFO: Primitives created: 1
09:08:33 | INFO: Extracting primitive: V06_PACK_RACK67_PALLET_2_0_MESH
09:08:33 | INFO: Primitives created: 1
09:08:33 | INFO: Extracting primitive: V06_PACK_RACK67_PALLET_2_1_MESH
09:08:33 | INFO: Primitives created: 1
09:08:33 | INFO: Extracting primitive: V06_PACK_RACK67_PALLET_2_2_MESH
09:08:33 | INFO: Primitives created: 1
09:08:33 | INFO: Extracting primitive: V06_PACK_RACK67_PALLET_3_0_MESH
09:08:33 | INFO: Primitives created: 1
09:08:33 | INFO: Extracting primitive: V06_PACK_RACK67_PALLET_3_1_MESH
09:08:33 | INFO: Primitives created: 1
09:08:33 | INFO: Extracting primitive: V06_PACK_RACK67_PALLET_3_2_MESH
09:08:33 | INFO: Primitives created: 1
09:08:33 | INFO: Extracting primitive: V06_PACK_RACK67_PALLET_4_0_MESH
09:08:33 | INFO: Primitives created: 1
09:08:33 | INFO: Extracting primitive: V06_PACK_RACK67_PALLET_4_1_MESH
09:08:33 | INFO: Primitives created: 1
09:08:33 | INFO: Extracting primitive: V06_PACK_RACK67_PALLET_4_2_MESH
09:08:33 | INFO: Primitives created: 1
09:08:33 | INFO: Extracting primitive: V06_PACK_RACK67_PALLET_5_0_MESH
09:08:33 | INFO: Primitives created: 1
09:08:33 | INFO: Extracting primitive: V06_PACK_RACK67_PALLET_5_1_MESH
09:08:33 | INFO: Primitives created: 1
09:08:33 | INFO: Extracting primitive: V06_PACK_RACK67_PALLET_5_2_MESH
09:08:33 | INFO: Primitives created: 1
09:08:33 | INFO: Extracting primitive: V06_PACK_RACK67_PALLET_6_0_MESH
09:08:33 | INFO: Primitives created: 1
09:08:33 | INFO: Extracting primitive: V06_PACK_RACK67_PALLET_6_1_MESH
09:08:33 | INFO: Primitives created: 1
09:08:33 | INFO: Extracting primitive: V06_PACK_RACK67_PALLET_6_2_MESH
09:08:33 | INFO: Primitives created: 1
09:08:33 | INFO: Extracting primitive: V06_PACK_RACK67_UPRIGHT_0_0_MESH
09:08:33 | INFO: Primitives created: 1
09:08:33 | INFO: Extracting primitive: V06_PACK_RACK67_UPRIGHT_0_1_MESH
09:08:33 | INFO: Primitives created: 1
09:08:33 | INFO: Extracting primitive: V06_PACK_RACK67_UPRIGHT_0_2_MESH
09:08:33 | INFO: Primitives created: 1
09:08:33 | INFO: Extracting primitive: V06_PACK_RACK67_UPRIGHT_1_0_MESH
09:08:33 | INFO: Primitives created: 1
09:08:33 | INFO: Extracting primitive: V06_PACK_RACK67_UPRIGHT_1_1_MESH
09:08:33 | INFO: Primitives created: 1
09:08:33 | INFO: Extracting primitive: V06_PACK_RACK67_UPRIGHT_1_2_MESH
09:08:33 | INFO: Primitives created: 1
09:08:33 | INFO: Extracting primitive: V06_PACK_RACK67_UPRIGHT_2_0_MESH
09:08:33 | INFO: Primitives created: 1
09:08:33 | INFO: Extracting primitive: V06_PACK_RACK67_UPRIGHT_2_1_MESH
09:08:33 | INFO: Primitives created: 1
09:08:33 | INFO: Extracting primitive: V06_PACK_RACK67_UPRIGHT_2_2_MESH
09:08:33 | INFO: Primitives created: 1
09:08:33 | INFO: Extracting primitive: V06_PACK_RACK67_UPRIGHT_3_0_MESH
09:08:33 | INFO: Primitives created: 1
09:08:33 | INFO: Extracting primitive: V06_PACK_RACK67_UPRIGHT_3_1_MESH
09:08:33 | INFO: Primitives created: 1
09:08:33 | INFO: Extracting primitive: V06_PACK_RACK67_UPRIGHT_3_2_MESH
09:08:33 | INFO: Primitives created: 1
09:08:33 | INFO: Extracting primitive: V06_PACK_RACK67_UPRIGHT_4_0_MESH
09:08:33 | INFO: Primitives created: 1
09:08:33 | INFO: Extracting primitive: V06_PACK_RACK67_UPRIGHT_4_1_MESH
09:08:33 | INFO: Primitives created: 1
09:08:33 | INFO: Extracting primitive: V06_PACK_RACK67_UPRIGHT_4_2_MESH
09:08:33 | INFO: Primitives created: 1
09:08:33 | INFO: Extracting primitive: V06_PACK_RACK67_UPRIGHT_5_0_MESH
09:08:33 | INFO: Primitives created: 1
09:08:33 | INFO: Extracting primitive: V06_PACK_RACK67_UPRIGHT_5_1_MESH
09:08:33 | INFO: Primitives created: 1
09:08:33 | INFO: Extracting primitive: V06_PACK_RACK67_UPRIGHT_5_2_MESH
09:08:33 | INFO: Primitives created: 1
09:08:33 | INFO: Extracting primitive: V06_PACK_RACK67_UPRIGHT_6_0_MESH
09:08:33 | INFO: Primitives created: 1
09:08:33 | INFO: Extracting primitive: V06_PACK_RACK67_UPRIGHT_6_1_MESH
09:08:33 | INFO: Primitives created: 1
09:08:33 | INFO: Extracting primitive: V06_PACK_RACK67_UPRIGHT_6_2_MESH
09:08:33 | INFO: Primitives created: 1
09:08:33 | INFO: Extracting primitive: V06_PACK_RACK75_BEAM_0_MESH
09:08:33 | INFO: Primitives created: 1
09:08:33 | INFO: Extracting primitive: V06_PACK_RACK75_BEAM_1_MESH
09:08:33 | INFO: Primitives created: 1
09:08:33 | INFO: Extracting primitive: V06_PACK_RACK75_BEAM_2_MESH
09:08:33 | INFO: Primitives created: 1
09:08:33 | INFO: Extracting primitive: V06_PACK_RACK75_LOAD_0_0_MESH
09:08:33 | INFO: Primitives created: 1
09:08:33 | INFO: Extracting primitive: V06_PACK_RACK75_LOAD_0_1_MESH
09:08:33 | INFO: Primitives created: 1
09:08:33 | INFO: Extracting primitive: V06_PACK_RACK75_LOAD_0_2_MESH
09:08:33 | INFO: Primitives created: 1
09:08:33 | INFO: Extracting primitive: V06_PACK_RACK75_LOAD_1_0_MESH
09:08:33 | INFO: Primitives created: 1
09:08:33 | INFO: Extracting primitive: V06_PACK_RACK75_LOAD_1_1_MESH
09:08:33 | INFO: Primitives created: 1
09:08:33 | INFO: Extracting primitive: V06_PACK_RACK75_LOAD_1_2_MESH
09:08:33 | INFO: Primitives created: 1
09:08:33 | INFO: Extracting primitive: V06_PACK_RACK75_LOAD_2_0_MESH
09:08:33 | INFO: Primitives created: 1
09:08:33 | INFO: Extracting primitive: V06_PACK_RACK75_LOAD_2_1_MESH
09:08:33 | INFO: Primitives created: 1
09:08:33 | INFO: Extracting primitive: V06_PACK_RACK75_LOAD_2_2_MESH
09:08:33 | INFO: Primitives created: 1
09:08:33 | INFO: Extracting primitive: V06_PACK_RACK75_LOAD_3_0_MESH
09:08:33 | INFO: Primitives created: 1
09:08:33 | INFO: Extracting primitive: V06_PACK_RACK75_LOAD_3_1_MESH
09:08:33 | INFO: Primitives created: 1
09:08:33 | INFO: Extracting primitive: V06_PACK_RACK75_LOAD_3_2_MESH
09:08:33 | INFO: Primitives created: 1
09:08:33 | INFO: Extracting primitive: V06_PACK_RACK75_LOAD_4_0_MESH
09:08:33 | INFO: Primitives created: 1
09:08:33 | INFO: Extracting primitive: V06_PACK_RACK75_LOAD_4_1_MESH
09:08:33 | INFO: Primitives created: 1
09:08:33 | INFO: Extracting primitive: V06_PACK_RACK75_LOAD_4_2_MESH
09:08:33 | INFO: Primitives created: 1
09:08:33 | INFO: Extracting primitive: V06_PACK_RACK75_LOAD_5_0_MESH
09:08:33 | INFO: Primitives created: 1
09:08:33 | INFO: Extracting primitive: V06_PACK_RACK75_LOAD_5_1_MESH
09:08:33 | INFO: Primitives created: 1
09:08:33 | INFO: Extracting primitive: V06_PACK_RACK75_LOAD_5_2_MESH
09:08:33 | INFO: Primitives created: 1
09:08:33 | INFO: Extracting primitive: V06_PACK_RACK75_LOAD_6_0_MESH
09:08:33 | INFO: Primitives created: 1
09:08:33 | INFO: Extracting primitive: V06_PACK_RACK75_LOAD_6_1_MESH
09:08:33 | INFO: Primitives created: 1
09:08:33 | INFO: Extracting primitive: V06_PACK_RACK75_LOAD_6_2_MESH
09:08:33 | INFO: Primitives created: 1
09:08:33 | INFO: Extracting primitive: V06_PACK_RACK75_PALLET_0_0_MESH
09:08:33 | INFO: Primitives created: 1
09:08:33 | INFO: Extracting primitive: V06_PACK_RACK75_PALLET_0_1_MESH
09:08:33 | INFO: Primitives created: 1
09:08:33 | INFO: Extracting primitive: V06_PACK_RACK75_PALLET_0_2_MESH
09:08:33 | INFO: Primitives created: 1
09:08:33 | INFO: Extracting primitive: V06_PACK_RACK75_PALLET_1_0_MESH
09:08:33 | INFO: Primitives created: 1
09:08:33 | INFO: Extracting primitive: V06_PACK_RACK75_PALLET_1_1_MESH
09:08:33 | INFO: Primitives created: 1
09:08:33 | INFO: Extracting primitive: V06_PACK_RACK75_PALLET_1_2_MESH
09:08:33 | INFO: Primitives created: 1
09:08:33 | INFO: Extracting primitive: V06_PACK_RACK75_PALLET_2_0_MESH
09:08:33 | INFO: Primitives created: 1
09:08:33 | INFO: Extracting primitive: V06_PACK_RACK75_PALLET_2_1_MESH
09:08:33 | INFO: Primitives created: 1
09:08:33 | INFO: Extracting primitive: V06_PACK_RACK75_PALLET_2_2_MESH
09:08:33 | INFO: Primitives created: 1
09:08:33 | INFO: Extracting primitive: V06_PACK_RACK75_PALLET_3_0_MESH
09:08:33 | INFO: Primitives created: 1
09:08:33 | INFO: Extracting primitive: V06_PACK_RACK75_PALLET_3_1_MESH
09:08:33 | INFO: Primitives created: 1
09:08:33 | INFO: Extracting primitive: V06_PACK_RACK75_PALLET_3_2_MESH
09:08:33 | INFO: Primitives created: 1
09:08:33 | INFO: Extracting primitive: V06_PACK_RACK75_PALLET_4_0_MESH
09:08:33 | INFO: Primitives created: 1
09:08:33 | INFO: Extracting primitive: V06_PACK_RACK75_PALLET_4_1_MESH
09:08:33 | INFO: Primitives created: 1
09:08:33 | INFO: Extracting primitive: V06_PACK_RACK75_PALLET_4_2_MESH
09:08:33 | INFO: Primitives created: 1
09:08:33 | INFO: Extracting primitive: V06_PACK_RACK75_PALLET_5_0_MESH
09:08:33 | INFO: Primitives created: 1
09:08:33 | INFO: Extracting primitive: V06_PACK_RACK75_PALLET_5_1_MESH
09:08:33 | INFO: Primitives created: 1
09:08:33 | INFO: Extracting primitive: V06_PACK_RACK75_PALLET_5_2_MESH
09:08:33 | INFO: Primitives created: 1
09:08:33 | INFO: Extracting primitive: V06_PACK_RACK75_PALLET_6_0_MESH
09:08:33 | INFO: Primitives created: 1
09:08:33 | INFO: Extracting primitive: V06_PACK_RACK75_PALLET_6_1_MESH
09:08:33 | INFO: Primitives created: 1
09:08:33 | INFO: Extracting primitive: V06_PACK_RACK75_PALLET_6_2_MESH
09:08:33 | INFO: Primitives created: 1
09:08:33 | INFO: Extracting primitive: V06_PACK_RACK75_UPRIGHT_0_0_MESH
09:08:33 | INFO: Primitives created: 1
09:08:33 | INFO: Extracting primitive: V06_PACK_RACK75_UPRIGHT_0_1_MESH
09:08:33 | INFO: Primitives created: 1
09:08:33 | INFO: Extracting primitive: V06_PACK_RACK75_UPRIGHT_0_2_MESH
09:08:33 | INFO: Primitives created: 1
09:08:33 | INFO: Extracting primitive: V06_PACK_RACK75_UPRIGHT_1_0_MESH
09:08:33 | INFO: Primitives created: 1
09:08:33 | INFO: Extracting primitive: V06_PACK_RACK75_UPRIGHT_1_1_MESH
09:08:33 | INFO: Primitives created: 1
09:08:33 | INFO: Extracting primitive: V06_PACK_RACK75_UPRIGHT_1_2_MESH
09:08:33 | INFO: Primitives created: 1
09:08:33 | INFO: Extracting primitive: V06_PACK_RACK75_UPRIGHT_2_0_MESH
09:08:33 | INFO: Primitives created: 1
09:08:33 | INFO: Extracting primitive: V06_PACK_RACK75_UPRIGHT_2_1_MESH
09:08:33 | INFO: Primitives created: 1
09:08:33 | INFO: Extracting primitive: V06_PACK_RACK75_UPRIGHT_2_2_MESH
09:08:33 | INFO: Primitives created: 1
09:08:33 | INFO: Extracting primitive: V06_PACK_RACK75_UPRIGHT_3_0_MESH
09:08:33 | INFO: Primitives created: 1
09:08:33 | INFO: Extracting primitive: V06_PACK_RACK75_UPRIGHT_3_1_MESH
09:08:33 | INFO: Primitives created: 1
09:08:33 | INFO: Extracting primitive: V06_PACK_RACK75_UPRIGHT_3_2_MESH
09:08:33 | INFO: Primitives created: 1
09:08:33 | INFO: Extracting primitive: V06_PACK_RACK75_UPRIGHT_4_0_MESH
09:08:33 | INFO: Primitives created: 1
09:08:33 | INFO: Extracting primitive: V06_PACK_RACK75_UPRIGHT_4_1_MESH
09:08:33 | INFO: Primitives created: 1
09:08:33 | INFO: Extracting primitive: V06_PACK_RACK75_UPRIGHT_4_2_MESH
09:08:33 | INFO: Primitives created: 1
09:08:33 | INFO: Extracting primitive: V06_PACK_RACK75_UPRIGHT_5_0_MESH
09:08:33 | INFO: Primitives created: 1
09:08:33 | INFO: Extracting primitive: V06_PACK_RACK75_UPRIGHT_5_1_MESH
09:08:33 | INFO: Primitives created: 1
09:08:33 | INFO: Extracting primitive: V06_PACK_RACK75_UPRIGHT_5_2_MESH
09:08:33 | INFO: Primitives created: 1
09:08:33 | INFO: Extracting primitive: V06_PACK_RACK75_UPRIGHT_6_0_MESH
09:08:33 | INFO: Primitives created: 1
09:08:33 | INFO: Extracting primitive: V06_PACK_RACK75_UPRIGHT_6_1_MESH
09:08:33 | INFO: Primitives created: 1
09:08:33 | INFO: Extracting primitive: V06_PACK_RACK75_UPRIGHT_6_2_MESH
09:08:33 | INFO: Primitives created: 1
09:08:33 | INFO: Extracting primitive: V06_PACK_RACK83_BEAM_0_MESH
09:08:33 | INFO: Primitives created: 1
09:08:33 | INFO: Extracting primitive: V06_PACK_RACK83_BEAM_1_MESH
09:08:33 | INFO: Primitives created: 1
09:08:33 | INFO: Extracting primitive: V06_PACK_RACK83_BEAM_2_MESH
09:08:33 | INFO: Primitives created: 1
09:08:33 | INFO: Extracting primitive: V06_PACK_RACK83_LOAD_0_0_MESH
09:08:33 | INFO: Primitives created: 1
09:08:33 | INFO: Extracting primitive: V06_PACK_RACK83_LOAD_0_1_MESH
09:08:33 | INFO: Primitives created: 1
09:08:33 | INFO: Extracting primitive: V06_PACK_RACK83_LOAD_0_2_MESH
09:08:33 | INFO: Primitives created: 1
09:08:33 | INFO: Extracting primitive: V06_PACK_RACK83_LOAD_1_0_MESH
09:08:33 | INFO: Primitives created: 1
09:08:33 | INFO: Extracting primitive: V06_PACK_RACK83_LOAD_1_1_MESH
09:08:33 | INFO: Primitives created: 1
09:08:33 | INFO: Extracting primitive: V06_PACK_RACK83_LOAD_1_2_MESH
09:08:33 | INFO: Primitives created: 1
09:08:33 | INFO: Extracting primitive: V06_PACK_RACK83_LOAD_2_0_MESH
09:08:33 | INFO: Primitives created: 1
09:08:33 | INFO: Extracting primitive: V06_PACK_RACK83_LOAD_2_1_MESH
09:08:33 | INFO: Primitives created: 1
09:08:33 | INFO: Extracting primitive: V06_PACK_RACK83_LOAD_2_2_MESH
09:08:33 | INFO: Primitives created: 1
09:08:33 | INFO: Extracting primitive: V06_PACK_RACK83_LOAD_3_0_MESH
09:08:33 | INFO: Primitives created: 1
09:08:33 | INFO: Extracting primitive: V06_PACK_RACK83_LOAD_3_1_MESH
09:08:33 | INFO: Primitives created: 1
09:08:33 | INFO: Extracting primitive: V06_PACK_RACK83_LOAD_3_2_MESH
09:08:33 | INFO: Primitives created: 1
09:08:33 | INFO: Extracting primitive: V06_PACK_RACK83_LOAD_4_0_MESH
09:08:33 | INFO: Primitives created: 1
09:08:33 | INFO: Extracting primitive: V06_PACK_RACK83_LOAD_4_1_MESH
09:08:33 | INFO: Primitives created: 1
09:08:33 | INFO: Extracting primitive: V06_PACK_RACK83_LOAD_4_2_MESH
09:08:33 | INFO: Primitives created: 1
09:08:33 | INFO: Extracting primitive: V06_PACK_RACK83_LOAD_5_0_MESH
09:08:33 | INFO: Primitives created: 1
09:08:33 | INFO: Extracting primitive: V06_PACK_RACK83_LOAD_5_1_MESH
09:08:33 | INFO: Primitives created: 1
09:08:33 | INFO: Extracting primitive: V06_PACK_RACK83_LOAD_5_2_MESH
09:08:33 | INFO: Primitives created: 1
09:08:33 | INFO: Extracting primitive: V06_PACK_RACK83_LOAD_6_0_MESH
09:08:33 | INFO: Primitives created: 1
09:08:33 | INFO: Extracting primitive: V06_PACK_RACK83_LOAD_6_1_MESH
09:08:33 | INFO: Primitives created: 1
09:08:33 | INFO: Extracting primitive: V06_PACK_RACK83_LOAD_6_2_MESH
09:08:33 | INFO: Primitives created: 1
09:08:33 | INFO: Extracting primitive: V06_PACK_RACK83_PALLET_0_0_MESH
09:08:33 | INFO: Primitives created: 1
09:08:33 | INFO: Extracting primitive: V06_PACK_RACK83_PALLET_0_1_MESH
09:08:33 | INFO: Primitives created: 1
09:08:33 | INFO: Extracting primitive: V06_PACK_RACK83_PALLET_0_2_MESH
09:08:33 | INFO: Primitives created: 1
09:08:33 | INFO: Extracting primitive: V06_PACK_RACK83_PALLET_1_0_MESH
09:08:33 | INFO: Primitives created: 1
09:08:33 | INFO: Extracting primitive: V06_PACK_RACK83_PALLET_1_1_MESH
09:08:33 | INFO: Primitives created: 1
09:08:33 | INFO: Extracting primitive: V06_PACK_RACK83_PALLET_1_2_MESH
09:08:33 | INFO: Primitives created: 1
09:08:33 | INFO: Extracting primitive: V06_PACK_RACK83_PALLET_2_0_MESH
09:08:33 | INFO: Primitives created: 1
09:08:33 | INFO: Extracting primitive: V06_PACK_RACK83_PALLET_2_1_MESH
09:08:33 | INFO: Primitives created: 1
09:08:33 | INFO: Extracting primitive: V06_PACK_RACK83_PALLET_2_2_MESH
09:08:33 | INFO: Primitives created: 1
09:08:33 | INFO: Extracting primitive: V06_PACK_RACK83_PALLET_3_0_MESH
09:08:33 | INFO: Primitives created: 1
09:08:33 | INFO: Extracting primitive: V06_PACK_RACK83_PALLET_3_1_MESH
09:08:33 | INFO: Primitives created: 1
09:08:33 | INFO: Extracting primitive: V06_PACK_RACK83_PALLET_3_2_MESH
09:08:33 | INFO: Primitives created: 1
09:08:33 | INFO: Extracting primitive: V06_PACK_RACK83_PALLET_4_0_MESH
09:08:33 | INFO: Primitives created: 1
09:08:33 | INFO: Extracting primitive: V06_PACK_RACK83_PALLET_4_1_MESH
09:08:33 | INFO: Primitives created: 1
09:08:33 | INFO: Extracting primitive: V06_PACK_RACK83_PALLET_4_2_MESH
09:08:33 | INFO: Primitives created: 1
09:08:33 | INFO: Extracting primitive: V06_PACK_RACK83_PALLET_5_0_MESH
09:08:33 | INFO: Primitives created: 1
09:08:33 | INFO: Extracting primitive: V06_PACK_RACK83_PALLET_5_1_MESH
09:08:33 | INFO: Primitives created: 1
09:08:33 | INFO: Extracting primitive: V06_PACK_RACK83_PALLET_5_2_MESH
09:08:33 | INFO: Primitives created: 1
09:08:33 | INFO: Extracting primitive: V06_PACK_RACK83_PALLET_6_0_MESH
09:08:33 | INFO: Primitives created: 1
09:08:33 | INFO: Extracting primitive: V06_PACK_RACK83_PALLET_6_1_MESH
09:08:33 | INFO: Primitives created: 1
09:08:33 | INFO: Extracting primitive: V06_PACK_RACK83_PALLET_6_2_MESH
09:08:33 | INFO: Primitives created: 1
09:08:33 | INFO: Extracting primitive: V06_PACK_RACK83_UPRIGHT_0_0_MESH
09:08:33 | INFO: Primitives created: 1
09:08:33 | INFO: Extracting primitive: V06_PACK_RACK83_UPRIGHT_0_1_MESH
09:08:33 | INFO: Primitives created: 1
09:08:33 | INFO: Extracting primitive: V06_PACK_RACK83_UPRIGHT_0_2_MESH
09:08:33 | INFO: Primitives created: 1
09:08:33 | INFO: Extracting primitive: V06_PACK_RACK83_UPRIGHT_1_0_MESH
09:08:33 | INFO: Primitives created: 1
09:08:33 | INFO: Extracting primitive: V06_PACK_RACK83_UPRIGHT_1_1_MESH
09:08:33 | INFO: Primitives created: 1
09:08:33 | INFO: Extracting primitive: V06_PACK_RACK83_UPRIGHT_1_2_MESH
09:08:33 | INFO: Primitives created: 1
09:08:33 | INFO: Extracting primitive: V06_PACK_RACK83_UPRIGHT_2_0_MESH
09:08:33 | INFO: Primitives created: 1
09:08:33 | INFO: Extracting primitive: V06_PACK_RACK83_UPRIGHT_2_1_MESH
09:08:33 | INFO: Primitives created: 1
09:08:33 | INFO: Extracting primitive: V06_PACK_RACK83_UPRIGHT_2_2_MESH
09:08:33 | INFO: Primitives created: 1
09:08:33 | INFO: Extracting primitive: V06_PACK_RACK83_UPRIGHT_3_0_MESH
09:08:33 | INFO: Primitives created: 1
09:08:33 | INFO: Extracting primitive: V06_PACK_RACK83_UPRIGHT_3_1_MESH
09:08:33 | INFO: Primitives created: 1
09:08:33 | INFO: Extracting primitive: V06_PACK_RACK83_UPRIGHT_3_2_MESH
09:08:33 | INFO: Primitives created: 1
09:08:33 | INFO: Extracting primitive: V06_PACK_RACK83_UPRIGHT_4_0_MESH
09:08:33 | INFO: Primitives created: 1
09:08:33 | INFO: Extracting primitive: V06_PACK_RACK83_UPRIGHT_4_1_MESH
09:08:33 | INFO: Primitives created: 1
09:08:33 | INFO: Extracting primitive: V06_PACK_RACK83_UPRIGHT_4_2_MESH
09:08:33 | INFO: Primitives created: 1
09:08:33 | INFO: Extracting primitive: V06_PACK_RACK83_UPRIGHT_5_0_MESH
09:08:33 | INFO: Primitives created: 1
09:08:33 | INFO: Extracting primitive: V06_PACK_RACK83_UPRIGHT_5_1_MESH
09:08:33 | INFO: Primitives created: 1
09:08:33 | INFO: Extracting primitive: V06_PACK_RACK83_UPRIGHT_5_2_MESH
09:08:33 | INFO: Primitives created: 1
09:08:33 | INFO: Extracting primitive: V06_PACK_RACK83_UPRIGHT_6_0_MESH
09:08:33 | INFO: Primitives created: 1
09:08:33 | INFO: Extracting primitive: V06_PACK_RACK83_UPRIGHT_6_1_MESH
09:08:33 | INFO: Primitives created: 1
09:08:33 | INFO: Extracting primitive: V06_PACK_RACK83_UPRIGHT_6_2_MESH
09:08:33 | INFO: Primitives created: 1
09:08:33 | INFO: Extracting primitive: V06_PACK_RACK91_BEAM_0_MESH
09:08:33 | INFO: Primitives created: 1
09:08:33 | INFO: Extracting primitive: V06_PACK_RACK91_BEAM_1_MESH
09:08:33 | INFO: Primitives created: 1
09:08:33 | INFO: Extracting primitive: V06_PACK_RACK91_BEAM_2_MESH
09:08:33 | INFO: Primitives created: 1
09:08:33 | INFO: Extracting primitive: V06_PACK_RACK91_LOAD_0_0_MESH
09:08:33 | INFO: Primitives created: 1
09:08:33 | INFO: Extracting primitive: V06_PACK_RACK91_LOAD_0_1_MESH
09:08:33 | INFO: Primitives created: 1
09:08:33 | INFO: Extracting primitive: V06_PACK_RACK91_LOAD_0_2_MESH
09:08:33 | INFO: Primitives created: 1
09:08:33 | INFO: Extracting primitive: V06_PACK_RACK91_LOAD_1_0_MESH
09:08:33 | INFO: Primitives created: 1
09:08:33 | INFO: Extracting primitive: V06_PACK_RACK91_LOAD_1_1_MESH
09:08:33 | INFO: Primitives created: 1
09:08:33 | INFO: Extracting primitive: V06_PACK_RACK91_LOAD_1_2_MESH
09:08:33 | INFO: Primitives created: 1
09:08:33 | INFO: Extracting primitive: V06_PACK_RACK91_LOAD_2_0_MESH
09:08:33 | INFO: Primitives created: 1
09:08:33 | INFO: Extracting primitive: V06_PACK_RACK91_LOAD_2_1_MESH
09:08:33 | INFO: Primitives created: 1
09:08:33 | INFO: Extracting primitive: V06_PACK_RACK91_LOAD_2_2_MESH
09:08:33 | INFO: Primitives created: 1
09:08:33 | INFO: Extracting primitive: V06_PACK_RACK91_LOAD_3_0_MESH
09:08:33 | INFO: Primitives created: 1
09:08:33 | INFO: Extracting primitive: V06_PACK_RACK91_LOAD_3_1_MESH
09:08:33 | INFO: Primitives created: 1
09:08:33 | INFO: Extracting primitive: V06_PACK_RACK91_LOAD_3_2_MESH
09:08:33 | INFO: Primitives created: 1
09:08:33 | INFO: Extracting primitive: V06_PACK_RACK91_LOAD_4_0_MESH
09:08:33 | INFO: Primitives created: 1
09:08:33 | INFO: Extracting primitive: V06_PACK_RACK91_LOAD_4_1_MESH
09:08:33 | INFO: Primitives created: 1
09:08:33 | INFO: Extracting primitive: V06_PACK_RACK91_LOAD_4_2_MESH
09:08:33 | INFO: Primitives created: 1
09:08:33 | INFO: Extracting primitive: V06_PACK_RACK91_LOAD_5_0_MESH
09:08:33 | INFO: Primitives created: 1
09:08:33 | INFO: Extracting primitive: V06_PACK_RACK91_LOAD_5_1_MESH
09:08:33 | INFO: Primitives created: 1
09:08:33 | INFO: Extracting primitive: V06_PACK_RACK91_LOAD_5_2_MESH
09:08:33 | INFO: Primitives created: 1
09:08:33 | INFO: Extracting primitive: V06_PACK_RACK91_LOAD_6_0_MESH
09:08:33 | INFO: Primitives created: 1
09:08:33 | INFO: Extracting primitive: V06_PACK_RACK91_LOAD_6_1_MESH
09:08:33 | INFO: Primitives created: 1
09:08:33 | INFO: Extracting primitive: V06_PACK_RACK91_LOAD_6_2_MESH
09:08:33 | INFO: Primitives created: 1
09:08:33 | INFO: Extracting primitive: V06_PACK_RACK91_PALLET_0_0_MESH
09:08:33 | INFO: Primitives created: 1
09:08:33 | INFO: Extracting primitive: V06_PACK_RACK91_PALLET_0_1_MESH
09:08:33 | INFO: Primitives created: 1
09:08:33 | INFO: Extracting primitive: V06_PACK_RACK91_PALLET_0_2_MESH
09:08:33 | INFO: Primitives created: 1
09:08:33 | INFO: Extracting primitive: V06_PACK_RACK91_PALLET_1_0_MESH
09:08:33 | INFO: Primitives created: 1
09:08:33 | INFO: Extracting primitive: V06_PACK_RACK91_PALLET_1_1_MESH
09:08:33 | INFO: Primitives created: 1
09:08:33 | INFO: Extracting primitive: V06_PACK_RACK91_PALLET_1_2_MESH
09:08:33 | INFO: Primitives created: 1
09:08:33 | INFO: Extracting primitive: V06_PACK_RACK91_PALLET_2_0_MESH
09:08:33 | INFO: Primitives created: 1
09:08:33 | INFO: Extracting primitive: V06_PACK_RACK91_PALLET_2_1_MESH
09:08:33 | INFO: Primitives created: 1
09:08:33 | INFO: Extracting primitive: V06_PACK_RACK91_PALLET_2_2_MESH
09:08:33 | INFO: Primitives created: 1
09:08:33 | INFO: Extracting primitive: V06_PACK_RACK91_PALLET_3_0_MESH
09:08:33 | INFO: Primitives created: 1
09:08:33 | INFO: Extracting primitive: V06_PACK_RACK91_PALLET_3_1_MESH
09:08:33 | INFO: Primitives created: 1
09:08:33 | INFO: Extracting primitive: V06_PACK_RACK91_PALLET_3_2_MESH
09:08:33 | INFO: Primitives created: 1
09:08:33 | INFO: Extracting primitive: V06_PACK_RACK91_PALLET_4_0_MESH
09:08:33 | INFO: Primitives created: 1
09:08:33 | INFO: Extracting primitive: V06_PACK_RACK91_PALLET_4_1_MESH
09:08:33 | INFO: Primitives created: 1
09:08:33 | INFO: Extracting primitive: V06_PACK_RACK91_PALLET_4_2_MESH
09:08:33 | INFO: Primitives created: 1
09:08:33 | INFO: Extracting primitive: V06_PACK_RACK91_PALLET_5_0_MESH
09:08:33 | INFO: Primitives created: 1
09:08:33 | INFO: Extracting primitive: V06_PACK_RACK91_PALLET_5_1_MESH
09:08:33 | INFO: Primitives created: 1
09:08:33 | INFO: Extracting primitive: V06_PACK_RACK91_PALLET_5_2_MESH
09:08:33 | INFO: Primitives created: 1
09:08:33 | INFO: Extracting primitive: V06_PACK_RACK91_PALLET_6_0_MESH
09:08:33 | INFO: Primitives created: 1
09:08:33 | INFO: Extracting primitive: V06_PACK_RACK91_PALLET_6_1_MESH
09:08:33 | INFO: Primitives created: 1
09:08:33 | INFO: Extracting primitive: V06_PACK_RACK91_PALLET_6_2_MESH
09:08:33 | INFO: Primitives created: 1
09:08:33 | INFO: Extracting primitive: V06_PACK_RACK91_UPRIGHT_0_0_MESH
09:08:33 | INFO: Primitives created: 1
09:08:33 | INFO: Extracting primitive: V06_PACK_RACK91_UPRIGHT_0_1_MESH
09:08:33 | INFO: Primitives created: 1
09:08:33 | INFO: Extracting primitive: V06_PACK_RACK91_UPRIGHT_0_2_MESH
09:08:33 | INFO: Primitives created: 1
09:08:33 | INFO: Extracting primitive: V06_PACK_RACK91_UPRIGHT_1_0_MESH
09:08:33 | INFO: Primitives created: 1
09:08:33 | INFO: Extracting primitive: V06_PACK_RACK91_UPRIGHT_1_1_MESH
09:08:33 | INFO: Primitives created: 1
09:08:33 | INFO: Extracting primitive: V06_PACK_RACK91_UPRIGHT_1_2_MESH
09:08:33 | INFO: Primitives created: 1
09:08:33 | INFO: Extracting primitive: V06_PACK_RACK91_UPRIGHT_2_0_MESH
09:08:33 | INFO: Primitives created: 1
09:08:33 | INFO: Extracting primitive: V06_PACK_RACK91_UPRIGHT_2_1_MESH
09:08:33 | INFO: Primitives created: 1
09:08:33 | INFO: Extracting primitive: V06_PACK_RACK91_UPRIGHT_2_2_MESH
09:08:33 | INFO: Primitives created: 1
09:08:33 | INFO: Extracting primitive: V06_PACK_RACK91_UPRIGHT_3_0_MESH
09:08:33 | INFO: Primitives created: 1
09:08:33 | INFO: Extracting primitive: V06_PACK_RACK91_UPRIGHT_3_1_MESH
09:08:33 | INFO: Primitives created: 1
09:08:33 | INFO: Extracting primitive: V06_PACK_RACK91_UPRIGHT_3_2_MESH
09:08:33 | INFO: Primitives created: 1
09:08:33 | INFO: Extracting primitive: V06_PACK_RACK91_UPRIGHT_4_0_MESH
09:08:33 | INFO: Primitives created: 1
09:08:33 | INFO: Extracting primitive: V06_PACK_RACK91_UPRIGHT_4_1_MESH
09:08:33 | INFO: Primitives created: 1
09:08:33 | INFO: Extracting primitive: V06_PACK_RACK91_UPRIGHT_4_2_MESH
09:08:33 | INFO: Primitives created: 1
09:08:33 | INFO: Extracting primitive: V06_PACK_RACK91_UPRIGHT_5_0_MESH
09:08:33 | INFO: Primitives created: 1
09:08:33 | INFO: Extracting primitive: V06_PACK_RACK91_UPRIGHT_5_1_MESH
09:08:33 | INFO: Primitives created: 1
09:08:33 | INFO: Extracting primitive: V06_PACK_RACK91_UPRIGHT_5_2_MESH
09:08:33 | INFO: Primitives created: 1
09:08:33 | INFO: Extracting primitive: V06_PACK_RACK91_UPRIGHT_6_0_MESH
09:08:33 | INFO: Primitives created: 1
09:08:33 | INFO: Extracting primitive: V06_PACK_RACK91_UPRIGHT_6_1_MESH
09:08:33 | INFO: Primitives created: 1
09:08:33 | INFO: Extracting primitive: V06_PACK_RACK91_UPRIGHT_6_2_MESH
09:08:33 | INFO: Primitives created: 1
09:08:33 | INFO: Extracting primitive: V06_PACK_RECEIVING_STAGING_MESH
09:08:33 | INFO: Primitives created: 1
09:08:33 | INFO: Extracting primitive: V06_PACK_RIGHT_MESH
09:08:33 | INFO: Primitives created: 1
09:08:33 | INFO: Extracting primitive: V06_PACK_SOFFIT_6.240000000000002_MESH
09:08:33 | INFO: Primitives created: 1
09:08:33 | INFO: Extracting primitive: V06_PACK_SOFFIT_-10_MESH
09:08:33 | INFO: Primitives created: 1
09:08:33 | INFO: Extracting primitive: V06_PACK_SOFFIT_-26.240000000000002_MESH
09:08:33 | INFO: Primitives created: 1
09:08:33 | INFO: Extracting primitive: V06_PASTE_CARTONER_MESH
09:08:33 | INFO: Primitives created: 1
09:08:33 | INFO: Extracting primitive: V06_PASTE_CODE_LINE_A_MESH
09:08:33 | INFO: Primitives created: 1
09:08:33 | INFO: Extracting primitive: V06_PASTE_CODE_LINE_B_MESH
09:08:33 | INFO: Primitives created: 1
09:08:33 | INFO: Extracting primitive: V06_PASTE_CODE_LINE_BED_MESH
09:08:33 | INFO: Primitives created: 1
09:08:33 | INFO: Extracting primitive: V06_PASTE_CODE_LINE_ROLLER0_MESH
09:08:33 | INFO: Primitives created: 1
09:08:33 | INFO: Extracting primitive: V06_PASTE_CODE_LINE_ROLLER1_MESH
09:08:33 | INFO: Primitives created: 1
09:08:33 | INFO: Extracting primitive: V06_PASTE_CODE_LINE_ROLLER2_MESH
09:08:33 | INFO: Primitives created: 1
09:08:33 | INFO: Extracting primitive: V06_PASTE_CODE_LINE_ROLLER3_MESH
09:08:33 | INFO: Primitives created: 1
09:08:33 | INFO: Extracting primitive: V06_PASTE_CODE_LINE_ROLLER4_MESH
09:08:33 | INFO: Primitives created: 1
09:08:33 | INFO: Extracting primitive: V06_PASTE_CODE_LINE_ROLLER5_MESH
09:08:33 | INFO: Primitives created: 1
09:08:33 | INFO: Extracting primitive: V06_PASTE_CODE_LINE_ROLLER6_MESH
09:08:33 | INFO: Primitives created: 1
09:08:33 | INFO: Extracting primitive: V06_PASTE_CRIMP_JAWS_MESH
09:08:33 | INFO: Primitives created: 1
09:08:33 | INFO: Extracting primitive: V06_PASTE_FILL_FRAME_MESH
09:08:33 | INFO: Primitives created: 1
09:08:33 | INFO: Extracting primitive: V06_PASTE_FILL_NOZZLE_0_MESH
09:08:33 | INFO: Primitives created: 1
09:08:33 | INFO: Extracting primitive: V06_PASTE_FILL_NOZZLE_1_MESH
09:08:33 | INFO: Primitives created: 1
09:08:33 | INFO: Extracting primitive: V06_PASTE_FILL_NOZZLE_2_MESH
09:08:33 | INFO: Primitives created: 1
09:08:33 | INFO: Extracting primitive: V06_PASTE_FILL_NOZZLE_3_MESH
09:08:33 | INFO: Primitives created: 1
09:08:33 | INFO: Extracting primitive: V06_PASTE_HOLD_LID_MESH
09:08:33 | INFO: Primitives created: 1
09:08:33 | INFO: Extracting primitive: V06_PASTE_HOLD_OUT_MESH
09:08:33 | INFO: Primitives created: 1
09:08:33 | INFO: Extracting primitive: V06_PASTE_HOLD_VESSEL_MESH
09:08:33 | INFO: Primitives created: 1
09:08:33 | INFO: Extracting primitive: V06_PASTE_TRANSFER_MESH
09:08:33 | INFO: Primitives created: 1
09:08:33 | INFO: Extracting primitive: V06_PASTE_TUBE_MAGAZINE_0_MESH
09:08:33 | INFO: Primitives created: 1
09:08:33 | INFO: Extracting primitive: V06_PASTE_TUBE_MAGAZINE_1_MESH
09:08:33 | INFO: Primitives created: 1
09:08:33 | INFO: Extracting primitive: V06_PASTE_TUBE_MAGAZINE_2_MESH
09:08:33 | INFO: Primitives created: 1
09:08:33 | INFO: Extracting primitive: V06_PASTE_TUBE_MAGAZINE_3_MESH
09:08:33 | INFO: Primitives created: 1
09:08:33 | INFO: Extracting primitive: V06_PASTE_TUBE_MAGAZINE_4_MESH
09:08:33 | INFO: Primitives created: 1
09:08:33 | INFO: Extracting primitive: V06_PASTE_VACUUM_MIX_LID_MESH
09:08:33 | INFO: Primitives created: 1
09:08:33 | INFO: Extracting primitive: V06_PASTE_VACUUM_MIX_OUT_MESH
09:08:33 | INFO: Primitives created: 1
09:08:33 | INFO: Extracting primitive: V06_PASTE_VACUUM_MIX_VESSEL_MESH
09:08:33 | INFO: Primitives created: 1
09:08:33 | INFO: Extracting primitive: V06_POWDER_AUGER_MESH
09:08:33 | INFO: Primitives created: 1
09:08:33 | INFO: Extracting primitive: V06_POWDER_BACK_MESH
09:08:33 | INFO: Primitives created: 1
09:08:33 | INFO: Extracting primitive: V06_POWDER_DOOR_HEADER_MESH
09:08:33 | INFO: Primitives created: 1
09:08:33 | INFO: Extracting primitive: V06_POWDER_DOOR_L_MESH
09:08:33 | INFO: Primitives created: 1
09:08:33 | INFO: Extracting primitive: V06_POWDER_DOOR_R_MESH
09:08:33 | INFO: Primitives created: 1
09:08:33 | INFO: Extracting primitive: V06_POWDER_DOSING_FRAME_MESH
09:08:33 | INFO: Primitives created: 1
09:08:33 | INFO: Extracting primitive: V06_POWDER_DOSING_SCREW_MESH
09:08:33 | INFO: Primitives created: 1
09:08:33 | INFO: Extracting primitive: V06_POWDER_FEED_HOPPER_MESH
09:08:33 | INFO: Primitives created: 1
09:08:33 | INFO: Extracting primitive: V06_POWDER_FFS_FORMER_MESH
09:08:33 | INFO: Primitives created: 1
09:08:33 | INFO: Extracting primitive: V06_POWDER_FFS_INFEED_A_MESH
09:08:33 | INFO: Primitives created: 1
09:08:33 | INFO: Extracting primitive: V06_POWDER_FFS_INFEED_B_MESH
09:08:33 | INFO: Primitives created: 1
09:08:33 | INFO: Extracting primitive: V06_POWDER_FFS_INFEED_BED_MESH
09:08:33 | INFO: Primitives created: 1
09:08:33 | INFO: Extracting primitive: V06_POWDER_FFS_INFEED_ROLLER0_MESH
09:08:33 | INFO: Primitives created: 1
09:08:33 | INFO: Extracting primitive: V06_POWDER_FFS_INFEED_ROLLER1_MESH
09:08:33 | INFO: Primitives created: 1
09:08:33 | INFO: Extracting primitive: V06_POWDER_FFS_INFEED_ROLLER2_MESH
09:08:33 | INFO: Primitives created: 1
09:08:33 | INFO: Extracting primitive: V06_POWDER_FFS_INFEED_ROLLER3_MESH
09:08:33 | INFO: Primitives created: 1
09:08:33 | INFO: Extracting primitive: V06_POWDER_FFS_INFEED_ROLLER4_MESH
09:08:33 | INFO: Primitives created: 1
09:08:34 | INFO: Extracting primitive: V06_POWDER_FFS_INFEED_ROLLER5_MESH
09:08:34 | INFO: Primitives created: 1
09:08:34 | INFO: Extracting primitive: V06_POWDER_FFS_INFEED_ROLLER6_MESH
09:08:34 | INFO: Primitives created: 1
09:08:34 | INFO: Extracting primitive: V06_POWDER_FINISHED_SACHET_0_MESH
09:08:34 | INFO: Primitives created: 1
09:08:34 | INFO: Extracting primitive: V06_POWDER_FINISHED_SACHET_1_MESH
09:08:34 | INFO: Primitives created: 1
09:08:34 | INFO: Extracting primitive: V06_POWDER_FINISHED_SACHET_2_MESH
09:08:34 | INFO: Primitives created: 1
09:08:34 | INFO: Extracting primitive: V06_POWDER_FINISHED_SACHET_3_MESH
09:08:34 | INFO: Primitives created: 1
09:08:34 | INFO: Extracting primitive: V06_POWDER_FLOOR_MESH
09:08:34 | INFO: Primitives created: 1
09:08:34 | INFO: Extracting primitive: V06_POWDER_LEFT_MESH
09:08:34 | INFO: Primitives created: 1
09:08:34 | INFO: Extracting primitive: V06_POWDER_LIGHT_0_FIXTURE_MESH
09:08:34 | INFO: Primitives created: 1
09:08:34 | INFO: Extracting primitive: V06_POWDER_LIGHT_0_GLOW_MESH
09:08:34 | INFO: Primitives created: 1
09:08:34 | INFO: Extracting primitive: V06_POWDER_LIGHT_1_FIXTURE_MESH
09:08:34 | INFO: Primitives created: 1
09:08:34 | INFO: Extracting primitive: V06_POWDER_LIGHT_1_GLOW_MESH
09:08:34 | INFO: Primitives created: 1
09:08:34 | INFO: Extracting primitive: V06_POWDER_LIGHT_2_FIXTURE_MESH
09:08:34 | INFO: Primitives created: 1
09:08:34 | INFO: Extracting primitive: V06_POWDER_LIGHT_2_GLOW_MESH
09:08:34 | INFO: Primitives created: 1
09:08:34 | INFO: Extracting primitive: V06_POWDER_RIGHT_MESH
09:08:34 | INFO: Primitives created: 1
09:08:34 | INFO: Extracting primitive: V06_POWDER_SEAL_JAWS_MESH
09:08:34 | INFO: Primitives created: 1
09:08:34 | INFO: Extracting primitive: V06_POWDER_SOFFIT_-37.92_MESH
09:08:34 | INFO: Primitives created: 1
09:08:34 | INFO: Extracting primitive: V06_POWDER_SOFFIT_-48_MESH
09:08:34 | INFO: Primitives created: 1
09:08:34 | INFO: Extracting primitive: V06_POWDER_SOFFIT_-58.08_MESH
09:08:34 | INFO: Primitives created: 1
09:08:34 | INFO: Extracting primitive: V06_RAW_BACK_MESH
09:08:34 | INFO: Primitives created: 1
09:08:34 | INFO: Extracting primitive: V06_RAW_DOOR_HEADER_MESH
09:08:34 | INFO: Primitives created: 1
09:08:34 | INFO: Extracting primitive: V06_RAW_DOOR_L_MESH
09:08:34 | INFO: Primitives created: 1
09:08:34 | INFO: Extracting primitive: V06_RAW_DOOR_R_MESH
09:08:34 | INFO: Primitives created: 1
09:08:34 | INFO: Extracting primitive: V06_RAW_DRUM_0_MESH
09:08:34 | INFO: Primitives created: 1
09:08:34 | INFO: Extracting primitive: V06_RAW_DRUM_1_MESH
09:08:34 | INFO: Primitives created: 1
09:08:34 | INFO: Extracting primitive: V06_RAW_DRUM_2_MESH
09:08:34 | INFO: Primitives created: 1
09:08:34 | INFO: Extracting primitive: V06_RAW_DRUM_3_MESH
09:08:34 | INFO: Primitives created: 1
09:08:34 | INFO: Extracting primitive: V06_RAW_FLOOR_MESH
09:08:34 | INFO: Primitives created: 1
09:08:34 | INFO: Extracting primitive: V06_RAW_IBC_STAGING_MESH
09:08:34 | INFO: Primitives created: 1
09:08:34 | INFO: Extracting primitive: V06_RAW_INSPECTION_DESK_MESH
09:08:34 | INFO: Primitives created: 1
09:08:34 | INFO: Extracting primitive: V06_RAW_LEFT_MESH
09:08:34 | INFO: Primitives created: 1
09:08:34 | INFO: Extracting primitive: V06_RAW_LIGHT_0_FIXTURE_MESH
09:08:34 | INFO: Primitives created: 1
09:08:34 | INFO: Extracting primitive: V06_RAW_LIGHT_0_GLOW_MESH
09:08:34 | INFO: Primitives created: 1
09:08:34 | INFO: Extracting primitive: V06_RAW_LIGHT_1_FIXTURE_MESH
09:08:34 | INFO: Primitives created: 1
09:08:34 | INFO: Extracting primitive: V06_RAW_LIGHT_1_GLOW_MESH
09:08:34 | INFO: Primitives created: 1
09:08:34 | INFO: Extracting primitive: V06_RAW_LIGHT_2_FIXTURE_MESH
09:08:34 | INFO: Primitives created: 1
09:08:34 | INFO: Extracting primitive: V06_RAW_LIGHT_2_GLOW_MESH
09:08:34 | INFO: Primitives created: 1
09:08:34 | INFO: Extracting primitive: V06_RAW_LIGHT_3_FIXTURE_MESH
09:08:34 | INFO: Primitives created: 1
09:08:34 | INFO: Extracting primitive: V06_RAW_LIGHT_3_GLOW_MESH
09:08:34 | INFO: Primitives created: 1
09:08:34 | INFO: Extracting primitive: V06_RAW_LIGHT_4_FIXTURE_MESH
09:08:34 | INFO: Primitives created: 1
09:08:34 | INFO: Extracting primitive: V06_RAW_LIGHT_4_GLOW_MESH
09:08:34 | INFO: Primitives created: 1
09:08:34 | INFO: Extracting primitive: V06_RAW_RACK67_BEAM_0_MESH
09:08:34 | INFO: Primitives created: 1
09:08:34 | INFO: Extracting primitive: V06_RAW_RACK67_BEAM_1_MESH
09:08:34 | INFO: Primitives created: 1
09:08:34 | INFO: Extracting primitive: V06_RAW_RACK67_BEAM_2_MESH
09:08:34 | INFO: Primitives created: 1
09:08:34 | INFO: Extracting primitive: V06_RAW_RACK67_LOAD_0_0_MESH
09:08:34 | INFO: Primitives created: 1
09:08:34 | INFO: Extracting primitive: V06_RAW_RACK67_LOAD_0_1_MESH
09:08:34 | INFO: Primitives created: 1
09:08:34 | INFO: Extracting primitive: V06_RAW_RACK67_LOAD_0_2_MESH
09:08:34 | INFO: Primitives created: 1
09:08:34 | INFO: Extracting primitive: V06_RAW_RACK67_LOAD_1_0_MESH
09:08:34 | INFO: Primitives created: 1
09:08:34 | INFO: Extracting primitive: V06_RAW_RACK67_LOAD_1_1_MESH
09:08:34 | INFO: Primitives created: 1
09:08:34 | INFO: Extracting primitive: V06_RAW_RACK67_LOAD_1_2_MESH
09:08:34 | INFO: Primitives created: 1
09:08:34 | INFO: Extracting primitive: V06_RAW_RACK67_LOAD_2_0_MESH
09:08:34 | INFO: Primitives created: 1
09:08:34 | INFO: Extracting primitive: V06_RAW_RACK67_LOAD_2_1_MESH
09:08:34 | INFO: Primitives created: 1
09:08:34 | INFO: Extracting primitive: V06_RAW_RACK67_LOAD_2_2_MESH
09:08:34 | INFO: Primitives created: 1
09:08:34 | INFO: Extracting primitive: V06_RAW_RACK67_LOAD_3_0_MESH
09:08:34 | INFO: Primitives created: 1
09:08:34 | INFO: Extracting primitive: V06_RAW_RACK67_LOAD_3_1_MESH
09:08:34 | INFO: Primitives created: 1
09:08:34 | INFO: Extracting primitive: V06_RAW_RACK67_LOAD_3_2_MESH
09:08:34 | INFO: Primitives created: 1
09:08:34 | INFO: Extracting primitive: V06_RAW_RACK67_LOAD_4_0_MESH
09:08:34 | INFO: Primitives created: 1
09:08:34 | INFO: Extracting primitive: V06_RAW_RACK67_LOAD_4_1_MESH
09:08:34 | INFO: Primitives created: 1
09:08:34 | INFO: Extracting primitive: V06_RAW_RACK67_LOAD_4_2_MESH
09:08:34 | INFO: Primitives created: 1
09:08:34 | INFO: Extracting primitive: V06_RAW_RACK67_LOAD_5_0_MESH
09:08:34 | INFO: Primitives created: 1
09:08:34 | INFO: Extracting primitive: V06_RAW_RACK67_LOAD_5_1_MESH
09:08:34 | INFO: Primitives created: 1
09:08:34 | INFO: Extracting primitive: V06_RAW_RACK67_LOAD_5_2_MESH
09:08:34 | INFO: Primitives created: 1
09:08:34 | INFO: Extracting primitive: V06_RAW_RACK67_LOAD_6_0_MESH
09:08:34 | INFO: Primitives created: 1
09:08:34 | INFO: Extracting primitive: V06_RAW_RACK67_LOAD_6_1_MESH
09:08:34 | INFO: Primitives created: 1
09:08:34 | INFO: Extracting primitive: V06_RAW_RACK67_LOAD_6_2_MESH
09:08:34 | INFO: Primitives created: 1
09:08:34 | INFO: Extracting primitive: V06_RAW_RACK67_LOAD_7_0_MESH
09:08:34 | INFO: Primitives created: 1
09:08:34 | INFO: Extracting primitive: V06_RAW_RACK67_LOAD_7_1_MESH
09:08:34 | INFO: Primitives created: 1
09:08:34 | INFO: Extracting primitive: V06_RAW_RACK67_LOAD_7_2_MESH
09:08:34 | INFO: Primitives created: 1
09:08:34 | INFO: Extracting primitive: V06_RAW_RACK67_PALLET_0_0_MESH
09:08:34 | INFO: Primitives created: 1
09:08:34 | INFO: Extracting primitive: V06_RAW_RACK67_PALLET_0_1_MESH
09:08:34 | INFO: Primitives created: 1
09:08:34 | INFO: Extracting primitive: V06_RAW_RACK67_PALLET_0_2_MESH
09:08:34 | INFO: Primitives created: 1
09:08:34 | INFO: Extracting primitive: V06_RAW_RACK67_PALLET_1_0_MESH
09:08:34 | INFO: Primitives created: 1
09:08:34 | INFO: Extracting primitive: V06_RAW_RACK67_PALLET_1_1_MESH
09:08:34 | INFO: Primitives created: 1
09:08:34 | INFO: Extracting primitive: V06_RAW_RACK67_PALLET_1_2_MESH
09:08:34 | INFO: Primitives created: 1
09:08:34 | INFO: Extracting primitive: V06_RAW_RACK67_PALLET_2_0_MESH
09:08:34 | INFO: Primitives created: 1
09:08:34 | INFO: Extracting primitive: V06_RAW_RACK67_PALLET_2_1_MESH
09:08:34 | INFO: Primitives created: 1
09:08:34 | INFO: Extracting primitive: V06_RAW_RACK67_PALLET_2_2_MESH
09:08:34 | INFO: Primitives created: 1
09:08:34 | INFO: Extracting primitive: V06_RAW_RACK67_PALLET_3_0_MESH
09:08:34 | INFO: Primitives created: 1
09:08:34 | INFO: Extracting primitive: V06_RAW_RACK67_PALLET_3_1_MESH
09:08:34 | INFO: Primitives created: 1
09:08:34 | INFO: Extracting primitive: V06_RAW_RACK67_PALLET_3_2_MESH
09:08:34 | INFO: Primitives created: 1
09:08:34 | INFO: Extracting primitive: V06_RAW_RACK67_PALLET_4_0_MESH
09:08:34 | INFO: Primitives created: 1
09:08:34 | INFO: Extracting primitive: V06_RAW_RACK67_PALLET_4_1_MESH
09:08:34 | INFO: Primitives created: 1
09:08:34 | INFO: Extracting primitive: V06_RAW_RACK67_PALLET_4_2_MESH
09:08:34 | INFO: Primitives created: 1
09:08:34 | INFO: Extracting primitive: V06_RAW_RACK67_PALLET_5_0_MESH
09:08:34 | INFO: Primitives created: 1
09:08:34 | INFO: Extracting primitive: V06_RAW_RACK67_PALLET_5_1_MESH
09:08:34 | INFO: Primitives created: 1
09:08:34 | INFO: Extracting primitive: V06_RAW_RACK67_PALLET_5_2_MESH
09:08:34 | INFO: Primitives created: 1
09:08:34 | INFO: Extracting primitive: V06_RAW_RACK67_PALLET_6_0_MESH
09:08:34 | INFO: Primitives created: 1
09:08:34 | INFO: Extracting primitive: V06_RAW_RACK67_PALLET_6_1_MESH
09:08:34 | INFO: Primitives created: 1
09:08:34 | INFO: Extracting primitive: V06_RAW_RACK67_PALLET_6_2_MESH
09:08:34 | INFO: Primitives created: 1
09:08:34 | INFO: Extracting primitive: V06_RAW_RACK67_PALLET_7_0_MESH
09:08:34 | INFO: Primitives created: 1
09:08:34 | INFO: Extracting primitive: V06_RAW_RACK67_PALLET_7_1_MESH
09:08:34 | INFO: Primitives created: 1
09:08:34 | INFO: Extracting primitive: V06_RAW_RACK67_PALLET_7_2_MESH
09:08:34 | INFO: Primitives created: 1
09:08:34 | INFO: Extracting primitive: V06_RAW_RACK67_UPRIGHT_0_0_MESH
09:08:34 | INFO: Primitives created: 1
09:08:34 | INFO: Extracting primitive: V06_RAW_RACK67_UPRIGHT_0_1_MESH
09:08:34 | INFO: Primitives created: 1
09:08:34 | INFO: Extracting primitive: V06_RAW_RACK67_UPRIGHT_0_2_MESH
09:08:34 | INFO: Primitives created: 1
09:08:34 | INFO: Extracting primitive: V06_RAW_RACK67_UPRIGHT_1_0_MESH
09:08:34 | INFO: Primitives created: 1
09:08:34 | INFO: Extracting primitive: V06_RAW_RACK67_UPRIGHT_1_1_MESH
09:08:34 | INFO: Primitives created: 1
09:08:34 | INFO: Extracting primitive: V06_RAW_RACK67_UPRIGHT_1_2_MESH
09:08:34 | INFO: Primitives created: 1
09:08:34 | INFO: Extracting primitive: V06_RAW_RACK67_UPRIGHT_2_0_MESH
09:08:34 | INFO: Primitives created: 1
09:08:34 | INFO: Extracting primitive: V06_RAW_RACK67_UPRIGHT_2_1_MESH
09:08:34 | INFO: Primitives created: 1
09:08:34 | INFO: Extracting primitive: V06_RAW_RACK67_UPRIGHT_2_2_MESH
09:08:34 | INFO: Primitives created: 1
09:08:34 | INFO: Extracting primitive: V06_RAW_RACK67_UPRIGHT_3_0_MESH
09:08:34 | INFO: Primitives created: 1
09:08:34 | INFO: Extracting primitive: V06_RAW_RACK67_UPRIGHT_3_1_MESH
09:08:34 | INFO: Primitives created: 1
09:08:34 | INFO: Extracting primitive: V06_RAW_RACK67_UPRIGHT_3_2_MESH
09:08:34 | INFO: Primitives created: 1
09:08:34 | INFO: Extracting primitive: V06_RAW_RACK67_UPRIGHT_4_0_MESH
09:08:34 | INFO: Primitives created: 1
09:08:34 | INFO: Extracting primitive: V06_RAW_RACK67_UPRIGHT_4_1_MESH
09:08:34 | INFO: Primitives created: 1
09:08:34 | INFO: Extracting primitive: V06_RAW_RACK67_UPRIGHT_4_2_MESH
09:08:34 | INFO: Primitives created: 1
09:08:34 | INFO: Extracting primitive: V06_RAW_RACK67_UPRIGHT_5_0_MESH
09:08:34 | INFO: Primitives created: 1
09:08:34 | INFO: Extracting primitive: V06_RAW_RACK67_UPRIGHT_5_1_MESH
09:08:34 | INFO: Primitives created: 1
09:08:34 | INFO: Extracting primitive: V06_RAW_RACK67_UPRIGHT_5_2_MESH
09:08:34 | INFO: Primitives created: 1
09:08:34 | INFO: Extracting primitive: V06_RAW_RACK67_UPRIGHT_6_0_MESH
09:08:34 | INFO: Primitives created: 1
09:08:34 | INFO: Extracting primitive: V06_RAW_RACK67_UPRIGHT_6_1_MESH
09:08:34 | INFO: Primitives created: 1
09:08:34 | INFO: Extracting primitive: V06_RAW_RACK67_UPRIGHT_6_2_MESH
09:08:34 | INFO: Primitives created: 1
09:08:34 | INFO: Extracting primitive: V06_RAW_RACK67_UPRIGHT_7_0_MESH
09:08:34 | INFO: Primitives created: 1
09:08:34 | INFO: Extracting primitive: V06_RAW_RACK67_UPRIGHT_7_1_MESH
09:08:34 | INFO: Primitives created: 1
09:08:34 | INFO: Extracting primitive: V06_RAW_RACK67_UPRIGHT_7_2_MESH
09:08:34 | INFO: Primitives created: 1
09:08:34 | INFO: Extracting primitive: V06_RAW_RACK75_BEAM_0_MESH
09:08:34 | INFO: Primitives created: 1
09:08:34 | INFO: Extracting primitive: V06_RAW_RACK75_BEAM_1_MESH
09:08:34 | INFO: Primitives created: 1
09:08:34 | INFO: Extracting primitive: V06_RAW_RACK75_BEAM_2_MESH
09:08:34 | INFO: Primitives created: 1
09:08:34 | INFO: Extracting primitive: V06_RAW_RACK75_LOAD_0_0_MESH
09:08:34 | INFO: Primitives created: 1
09:08:34 | INFO: Extracting primitive: V06_RAW_RACK75_LOAD_0_1_MESH
09:08:34 | INFO: Primitives created: 1
09:08:34 | INFO: Extracting primitive: V06_RAW_RACK75_LOAD_0_2_MESH
09:08:34 | INFO: Primitives created: 1
09:08:34 | INFO: Extracting primitive: V06_RAW_RACK75_LOAD_1_0_MESH
09:08:34 | INFO: Primitives created: 1
09:08:34 | INFO: Extracting primitive: V06_RAW_RACK75_LOAD_1_1_MESH
09:08:34 | INFO: Primitives created: 1
09:08:34 | INFO: Extracting primitive: V06_RAW_RACK75_LOAD_1_2_MESH
09:08:34 | INFO: Primitives created: 1
09:08:34 | INFO: Extracting primitive: V06_RAW_RACK75_LOAD_2_0_MESH
09:08:34 | INFO: Primitives created: 1
09:08:34 | INFO: Extracting primitive: V06_RAW_RACK75_LOAD_2_1_MESH
09:08:34 | INFO: Primitives created: 1
09:08:34 | INFO: Extracting primitive: V06_RAW_RACK75_LOAD_2_2_MESH
09:08:34 | INFO: Primitives created: 1
09:08:34 | INFO: Extracting primitive: V06_RAW_RACK75_LOAD_3_0_MESH
09:08:34 | INFO: Primitives created: 1
09:08:34 | INFO: Extracting primitive: V06_RAW_RACK75_LOAD_3_1_MESH
09:08:34 | INFO: Primitives created: 1
09:08:34 | INFO: Extracting primitive: V06_RAW_RACK75_LOAD_3_2_MESH
09:08:34 | INFO: Primitives created: 1
09:08:34 | INFO: Extracting primitive: V06_RAW_RACK75_LOAD_4_0_MESH
09:08:34 | INFO: Primitives created: 1
09:08:34 | INFO: Extracting primitive: V06_RAW_RACK75_LOAD_4_1_MESH
09:08:34 | INFO: Primitives created: 1
09:08:34 | INFO: Extracting primitive: V06_RAW_RACK75_LOAD_4_2_MESH
09:08:34 | INFO: Primitives created: 1
09:08:34 | INFO: Extracting primitive: V06_RAW_RACK75_LOAD_5_0_MESH
09:08:34 | INFO: Primitives created: 1
09:08:34 | INFO: Extracting primitive: V06_RAW_RACK75_LOAD_5_1_MESH
09:08:34 | INFO: Primitives created: 1
09:08:34 | INFO: Extracting primitive: V06_RAW_RACK75_LOAD_5_2_MESH
09:08:34 | INFO: Primitives created: 1
09:08:34 | INFO: Extracting primitive: V06_RAW_RACK75_LOAD_6_0_MESH
09:08:34 | INFO: Primitives created: 1
09:08:34 | INFO: Extracting primitive: V06_RAW_RACK75_LOAD_6_1_MESH
09:08:34 | INFO: Primitives created: 1
09:08:34 | INFO: Extracting primitive: V06_RAW_RACK75_LOAD_6_2_MESH
09:08:34 | INFO: Primitives created: 1
09:08:34 | INFO: Extracting primitive: V06_RAW_RACK75_LOAD_7_0_MESH
09:08:34 | INFO: Primitives created: 1
09:08:34 | INFO: Extracting primitive: V06_RAW_RACK75_LOAD_7_1_MESH
09:08:34 | INFO: Primitives created: 1
09:08:34 | INFO: Extracting primitive: V06_RAW_RACK75_LOAD_7_2_MESH
09:08:34 | INFO: Primitives created: 1
09:08:34 | INFO: Extracting primitive: V06_RAW_RACK75_PALLET_0_0_MESH
09:08:34 | INFO: Primitives created: 1
09:08:34 | INFO: Extracting primitive: V06_RAW_RACK75_PALLET_0_1_MESH
09:08:34 | INFO: Primitives created: 1
09:08:34 | INFO: Extracting primitive: V06_RAW_RACK75_PALLET_0_2_MESH
09:08:34 | INFO: Primitives created: 1
09:08:34 | INFO: Extracting primitive: V06_RAW_RACK75_PALLET_1_0_MESH
09:08:34 | INFO: Primitives created: 1
09:08:34 | INFO: Extracting primitive: V06_RAW_RACK75_PALLET_1_1_MESH
09:08:34 | INFO: Primitives created: 1
09:08:34 | INFO: Extracting primitive: V06_RAW_RACK75_PALLET_1_2_MESH
09:08:34 | INFO: Primitives created: 1
09:08:34 | INFO: Extracting primitive: V06_RAW_RACK75_PALLET_2_0_MESH
09:08:34 | INFO: Primitives created: 1
09:08:34 | INFO: Extracting primitive: V06_RAW_RACK75_PALLET_2_1_MESH
09:08:34 | INFO: Primitives created: 1
09:08:34 | INFO: Extracting primitive: V06_RAW_RACK75_PALLET_2_2_MESH
09:08:34 | INFO: Primitives created: 1
09:08:34 | INFO: Extracting primitive: V06_RAW_RACK75_PALLET_3_0_MESH
09:08:34 | INFO: Primitives created: 1
09:08:34 | INFO: Extracting primitive: V06_RAW_RACK75_PALLET_3_1_MESH
09:08:34 | INFO: Primitives created: 1
09:08:34 | INFO: Extracting primitive: V06_RAW_RACK75_PALLET_3_2_MESH
09:08:34 | INFO: Primitives created: 1
09:08:34 | INFO: Extracting primitive: V06_RAW_RACK75_PALLET_4_0_MESH
09:08:34 | INFO: Primitives created: 1
09:08:34 | INFO: Extracting primitive: V06_RAW_RACK75_PALLET_4_1_MESH
09:08:34 | INFO: Primitives created: 1
09:08:34 | INFO: Extracting primitive: V06_RAW_RACK75_PALLET_4_2_MESH
09:08:34 | INFO: Primitives created: 1
09:08:34 | INFO: Extracting primitive: V06_RAW_RACK75_PALLET_5_0_MESH
09:08:34 | INFO: Primitives created: 1
09:08:34 | INFO: Extracting primitive: V06_RAW_RACK75_PALLET_5_1_MESH
09:08:34 | INFO: Primitives created: 1
09:08:34 | INFO: Extracting primitive: V06_RAW_RACK75_PALLET_5_2_MESH
09:08:34 | INFO: Primitives created: 1
09:08:34 | INFO: Extracting primitive: V06_RAW_RACK75_PALLET_6_0_MESH
09:08:34 | INFO: Primitives created: 1
09:08:34 | INFO: Extracting primitive: V06_RAW_RACK75_PALLET_6_1_MESH
09:08:34 | INFO: Primitives created: 1
09:08:34 | INFO: Extracting primitive: V06_RAW_RACK75_PALLET_6_2_MESH
09:08:34 | INFO: Primitives created: 1
09:08:34 | INFO: Extracting primitive: V06_RAW_RACK75_PALLET_7_0_MESH
09:08:34 | INFO: Primitives created: 1
09:08:34 | INFO: Extracting primitive: V06_RAW_RACK75_PALLET_7_1_MESH
09:08:34 | INFO: Primitives created: 1
09:08:34 | INFO: Extracting primitive: V06_RAW_RACK75_PALLET_7_2_MESH
09:08:34 | INFO: Primitives created: 1
09:08:34 | INFO: Extracting primitive: V06_RAW_RACK75_UPRIGHT_0_0_MESH
09:08:34 | INFO: Primitives created: 1
09:08:34 | INFO: Extracting primitive: V06_RAW_RACK75_UPRIGHT_0_1_MESH
09:08:34 | INFO: Primitives created: 1
09:08:34 | INFO: Extracting primitive: V06_RAW_RACK75_UPRIGHT_0_2_MESH
09:08:34 | INFO: Primitives created: 1
09:08:34 | INFO: Extracting primitive: V06_RAW_RACK75_UPRIGHT_1_0_MESH
09:08:34 | INFO: Primitives created: 1
09:08:34 | INFO: Extracting primitive: V06_RAW_RACK75_UPRIGHT_1_1_MESH
09:08:34 | INFO: Primitives created: 1
09:08:34 | INFO: Extracting primitive: V06_RAW_RACK75_UPRIGHT_1_2_MESH
09:08:34 | INFO: Primitives created: 1
09:08:34 | INFO: Extracting primitive: V06_RAW_RACK75_UPRIGHT_2_0_MESH
09:08:34 | INFO: Primitives created: 1
09:08:34 | INFO: Extracting primitive: V06_RAW_RACK75_UPRIGHT_2_1_MESH
09:08:34 | INFO: Primitives created: 1
09:08:34 | INFO: Extracting primitive: V06_RAW_RACK75_UPRIGHT_2_2_MESH
09:08:34 | INFO: Primitives created: 1
09:08:34 | INFO: Extracting primitive: V06_RAW_RACK75_UPRIGHT_3_0_MESH
09:08:34 | INFO: Primitives created: 1
09:08:34 | INFO: Extracting primitive: V06_RAW_RACK75_UPRIGHT_3_1_MESH
09:08:34 | INFO: Primitives created: 1
09:08:34 | INFO: Extracting primitive: V06_RAW_RACK75_UPRIGHT_3_2_MESH
09:08:34 | INFO: Primitives created: 1
09:08:34 | INFO: Extracting primitive: V06_RAW_RACK75_UPRIGHT_4_0_MESH
09:08:34 | INFO: Primitives created: 1
09:08:34 | INFO: Extracting primitive: V06_RAW_RACK75_UPRIGHT_4_1_MESH
09:08:34 | INFO: Primitives created: 1
09:08:34 | INFO: Extracting primitive: V06_RAW_RACK75_UPRIGHT_4_2_MESH
09:08:34 | INFO: Primitives created: 1
09:08:34 | INFO: Extracting primitive: V06_RAW_RACK75_UPRIGHT_5_0_MESH
09:08:34 | INFO: Primitives created: 1
09:08:34 | INFO: Extracting primitive: V06_RAW_RACK75_UPRIGHT_5_1_MESH
09:08:34 | INFO: Primitives created: 1
09:08:34 | INFO: Extracting primitive: V06_RAW_RACK75_UPRIGHT_5_2_MESH
09:08:34 | INFO: Primitives created: 1
09:08:34 | INFO: Extracting primitive: V06_RAW_RACK75_UPRIGHT_6_0_MESH
09:08:34 | INFO: Primitives created: 1
09:08:34 | INFO: Extracting primitive: V06_RAW_RACK75_UPRIGHT_6_1_MESH
09:08:34 | INFO: Primitives created: 1
09:08:34 | INFO: Extracting primitive: V06_RAW_RACK75_UPRIGHT_6_2_MESH
09:08:34 | INFO: Primitives created: 1
09:08:34 | INFO: Extracting primitive: V06_RAW_RACK75_UPRIGHT_7_0_MESH
09:08:34 | INFO: Primitives created: 1
09:08:34 | INFO: Extracting primitive: V06_RAW_RACK75_UPRIGHT_7_1_MESH
09:08:34 | INFO: Primitives created: 1
09:08:34 | INFO: Extracting primitive: V06_RAW_RACK75_UPRIGHT_7_2_MESH
09:08:34 | INFO: Primitives created: 1
09:08:34 | INFO: Extracting primitive: V06_RAW_RACK83_BEAM_0_MESH
09:08:34 | INFO: Primitives created: 1
09:08:34 | INFO: Extracting primitive: V06_RAW_RACK83_BEAM_1_MESH
09:08:34 | INFO: Primitives created: 1
09:08:34 | INFO: Extracting primitive: V06_RAW_RACK83_BEAM_2_MESH
09:08:34 | INFO: Primitives created: 1
09:08:34 | INFO: Extracting primitive: V06_RAW_RACK83_LOAD_0_0_MESH
09:08:34 | INFO: Primitives created: 1
09:08:34 | INFO: Extracting primitive: V06_RAW_RACK83_LOAD_0_1_MESH
09:08:34 | INFO: Primitives created: 1
09:08:34 | INFO: Extracting primitive: V06_RAW_RACK83_LOAD_0_2_MESH
09:08:34 | INFO: Primitives created: 1
09:08:34 | INFO: Extracting primitive: V06_RAW_RACK83_LOAD_1_0_MESH
09:08:34 | INFO: Primitives created: 1
09:08:34 | INFO: Extracting primitive: V06_RAW_RACK83_LOAD_1_1_MESH
09:08:34 | INFO: Primitives created: 1
09:08:34 | INFO: Extracting primitive: V06_RAW_RACK83_LOAD_1_2_MESH
09:08:34 | INFO: Primitives created: 1
09:08:34 | INFO: Extracting primitive: V06_RAW_RACK83_LOAD_2_0_MESH
09:08:34 | INFO: Primitives created: 1
09:08:34 | INFO: Extracting primitive: V06_RAW_RACK83_LOAD_2_1_MESH
09:08:34 | INFO: Primitives created: 1
09:08:34 | INFO: Extracting primitive: V06_RAW_RACK83_LOAD_2_2_MESH
09:08:34 | INFO: Primitives created: 1
09:08:34 | INFO: Extracting primitive: V06_RAW_RACK83_LOAD_3_0_MESH
09:08:34 | INFO: Primitives created: 1
09:08:34 | INFO: Extracting primitive: V06_RAW_RACK83_LOAD_3_1_MESH
09:08:34 | INFO: Primitives created: 1
09:08:34 | INFO: Extracting primitive: V06_RAW_RACK83_LOAD_3_2_MESH
09:08:34 | INFO: Primitives created: 1
09:08:34 | INFO: Extracting primitive: V06_RAW_RACK83_LOAD_4_0_MESH
09:08:34 | INFO: Primitives created: 1
09:08:34 | INFO: Extracting primitive: V06_RAW_RACK83_LOAD_4_1_MESH
09:08:34 | INFO: Primitives created: 1
09:08:34 | INFO: Extracting primitive: V06_RAW_RACK83_LOAD_4_2_MESH
09:08:34 | INFO: Primitives created: 1
09:08:34 | INFO: Extracting primitive: V06_RAW_RACK83_LOAD_5_0_MESH
09:08:34 | INFO: Primitives created: 1
09:08:34 | INFO: Extracting primitive: V06_RAW_RACK83_LOAD_5_1_MESH
09:08:34 | INFO: Primitives created: 1
09:08:34 | INFO: Extracting primitive: V06_RAW_RACK83_LOAD_5_2_MESH
09:08:34 | INFO: Primitives created: 1
09:08:34 | INFO: Extracting primitive: V06_RAW_RACK83_LOAD_6_0_MESH
09:08:34 | INFO: Primitives created: 1
09:08:34 | INFO: Extracting primitive: V06_RAW_RACK83_LOAD_6_1_MESH
09:08:34 | INFO: Primitives created: 1
09:08:34 | INFO: Extracting primitive: V06_RAW_RACK83_LOAD_6_2_MESH
09:08:34 | INFO: Primitives created: 1
09:08:34 | INFO: Extracting primitive: V06_RAW_RACK83_LOAD_7_0_MESH
09:08:34 | INFO: Primitives created: 1
09:08:34 | INFO: Extracting primitive: V06_RAW_RACK83_LOAD_7_1_MESH
09:08:34 | INFO: Primitives created: 1
09:08:34 | INFO: Extracting primitive: V06_RAW_RACK83_LOAD_7_2_MESH
09:08:34 | INFO: Primitives created: 1
09:08:34 | INFO: Extracting primitive: V06_RAW_RACK83_PALLET_0_0_MESH
09:08:34 | INFO: Primitives created: 1
09:08:34 | INFO: Extracting primitive: V06_RAW_RACK83_PALLET_0_1_MESH
09:08:34 | INFO: Primitives created: 1
09:08:34 | INFO: Extracting primitive: V06_RAW_RACK83_PALLET_0_2_MESH
09:08:34 | INFO: Primitives created: 1
09:08:34 | INFO: Extracting primitive: V06_RAW_RACK83_PALLET_1_0_MESH
09:08:34 | INFO: Primitives created: 1
09:08:34 | INFO: Extracting primitive: V06_RAW_RACK83_PALLET_1_1_MESH
09:08:34 | INFO: Primitives created: 1
09:08:34 | INFO: Extracting primitive: V06_RAW_RACK83_PALLET_1_2_MESH
09:08:34 | INFO: Primitives created: 1
09:08:34 | INFO: Extracting primitive: V06_RAW_RACK83_PALLET_2_0_MESH
09:08:34 | INFO: Primitives created: 1
09:08:34 | INFO: Extracting primitive: V06_RAW_RACK83_PALLET_2_1_MESH
09:08:34 | INFO: Primitives created: 1
09:08:34 | INFO: Extracting primitive: V06_RAW_RACK83_PALLET_2_2_MESH
09:08:34 | INFO: Primitives created: 1
09:08:34 | INFO: Extracting primitive: V06_RAW_RACK83_PALLET_3_0_MESH
09:08:34 | INFO: Primitives created: 1
09:08:34 | INFO: Extracting primitive: V06_RAW_RACK83_PALLET_3_1_MESH
09:08:34 | INFO: Primitives created: 1
09:08:34 | INFO: Extracting primitive: V06_RAW_RACK83_PALLET_3_2_MESH
09:08:34 | INFO: Primitives created: 1
09:08:34 | INFO: Extracting primitive: V06_RAW_RACK83_PALLET_4_0_MESH
09:08:34 | INFO: Primitives created: 1
09:08:34 | INFO: Extracting primitive: V06_RAW_RACK83_PALLET_4_1_MESH
09:08:34 | INFO: Primitives created: 1
09:08:34 | INFO: Extracting primitive: V06_RAW_RACK83_PALLET_4_2_MESH
09:08:34 | INFO: Primitives created: 1
09:08:34 | INFO: Extracting primitive: V06_RAW_RACK83_PALLET_5_0_MESH
09:08:34 | INFO: Primitives created: 1
09:08:34 | INFO: Extracting primitive: V06_RAW_RACK83_PALLET_5_1_MESH
09:08:34 | INFO: Primitives created: 1
09:08:34 | INFO: Extracting primitive: V06_RAW_RACK83_PALLET_5_2_MESH
09:08:34 | INFO: Primitives created: 1
09:08:34 | INFO: Extracting primitive: V06_RAW_RACK83_PALLET_6_0_MESH
09:08:34 | INFO: Primitives created: 1
09:08:34 | INFO: Extracting primitive: V06_RAW_RACK83_PALLET_6_1_MESH
09:08:34 | INFO: Primitives created: 1
09:08:34 | INFO: Extracting primitive: V06_RAW_RACK83_PALLET_6_2_MESH
09:08:34 | INFO: Primitives created: 1
09:08:34 | INFO: Extracting primitive: V06_RAW_RACK83_PALLET_7_0_MESH
09:08:34 | INFO: Primitives created: 1
09:08:34 | INFO: Extracting primitive: V06_RAW_RACK83_PALLET_7_1_MESH
09:08:34 | INFO: Primitives created: 1
09:08:34 | INFO: Extracting primitive: V06_RAW_RACK83_PALLET_7_2_MESH
09:08:34 | INFO: Primitives created: 1
09:08:34 | INFO: Extracting primitive: V06_RAW_RACK83_UPRIGHT_0_0_MESH
09:08:34 | INFO: Primitives created: 1
09:08:34 | INFO: Extracting primitive: V06_RAW_RACK83_UPRIGHT_0_1_MESH
09:08:34 | INFO: Primitives created: 1
09:08:34 | INFO: Extracting primitive: V06_RAW_RACK83_UPRIGHT_0_2_MESH
09:08:34 | INFO: Primitives created: 1
09:08:34 | INFO: Extracting primitive: V06_RAW_RACK83_UPRIGHT_1_0_MESH
09:08:34 | INFO: Primitives created: 1
09:08:34 | INFO: Extracting primitive: V06_RAW_RACK83_UPRIGHT_1_1_MESH
09:08:34 | INFO: Primitives created: 1
09:08:34 | INFO: Extracting primitive: V06_RAW_RACK83_UPRIGHT_1_2_MESH
09:08:34 | INFO: Primitives created: 1
09:08:34 | INFO: Extracting primitive: V06_RAW_RACK83_UPRIGHT_2_0_MESH
09:08:34 | INFO: Primitives created: 1
09:08:34 | INFO: Extracting primitive: V06_RAW_RACK83_UPRIGHT_2_1_MESH
09:08:34 | INFO: Primitives created: 1
09:08:34 | INFO: Extracting primitive: V06_RAW_RACK83_UPRIGHT_2_2_MESH
09:08:34 | INFO: Primitives created: 1
09:08:34 | INFO: Extracting primitive: V06_RAW_RACK83_UPRIGHT_3_0_MESH
09:08:34 | INFO: Primitives created: 1
09:08:34 | INFO: Extracting primitive: V06_RAW_RACK83_UPRIGHT_3_1_MESH
09:08:34 | INFO: Primitives created: 1
09:08:34 | INFO: Extracting primitive: V06_RAW_RACK83_UPRIGHT_3_2_MESH
09:08:34 | INFO: Primitives created: 1
09:08:34 | INFO: Extracting primitive: V06_RAW_RACK83_UPRIGHT_4_0_MESH
09:08:34 | INFO: Primitives created: 1
09:08:34 | INFO: Extracting primitive: V06_RAW_RACK83_UPRIGHT_4_1_MESH
09:08:34 | INFO: Primitives created: 1
09:08:34 | INFO: Extracting primitive: V06_RAW_RACK83_UPRIGHT_4_2_MESH
09:08:34 | INFO: Primitives created: 1
09:08:34 | INFO: Extracting primitive: V06_RAW_RACK83_UPRIGHT_5_0_MESH
09:08:34 | INFO: Primitives created: 1
09:08:34 | INFO: Extracting primitive: V06_RAW_RACK83_UPRIGHT_5_1_MESH
09:08:34 | INFO: Primitives created: 1
09:08:34 | INFO: Extracting primitive: V06_RAW_RACK83_UPRIGHT_5_2_MESH
09:08:34 | INFO: Primitives created: 1
09:08:34 | INFO: Extracting primitive: V06_RAW_RACK83_UPRIGHT_6_0_MESH
09:08:34 | INFO: Primitives created: 1
09:08:34 | INFO: Extracting primitive: V06_RAW_RACK83_UPRIGHT_6_1_MESH
09:08:34 | INFO: Primitives created: 1
09:08:34 | INFO: Extracting primitive: V06_RAW_RACK83_UPRIGHT_6_2_MESH
09:08:34 | INFO: Primitives created: 1
09:08:34 | INFO: Extracting primitive: V06_RAW_RACK83_UPRIGHT_7_0_MESH
09:08:34 | INFO: Primitives created: 1
09:08:34 | INFO: Extracting primitive: V06_RAW_RACK83_UPRIGHT_7_1_MESH
09:08:34 | INFO: Primitives created: 1
09:08:34 | INFO: Extracting primitive: V06_RAW_RACK83_UPRIGHT_7_2_MESH
09:08:34 | INFO: Primitives created: 1
09:08:34 | INFO: Extracting primitive: V06_RAW_RACK91_BEAM_0_MESH
09:08:34 | INFO: Primitives created: 1
09:08:34 | INFO: Extracting primitive: V06_RAW_RACK91_BEAM_1_MESH
09:08:34 | INFO: Primitives created: 1
09:08:34 | INFO: Extracting primitive: V06_RAW_RACK91_BEAM_2_MESH
09:08:34 | INFO: Primitives created: 1
09:08:34 | INFO: Extracting primitive: V06_RAW_RACK91_LOAD_0_0_MESH
09:08:34 | INFO: Primitives created: 1
09:08:34 | INFO: Extracting primitive: V06_RAW_RACK91_LOAD_0_1_MESH
09:08:34 | INFO: Primitives created: 1
09:08:34 | INFO: Extracting primitive: V06_RAW_RACK91_LOAD_0_2_MESH
09:08:34 | INFO: Primitives created: 1
09:08:34 | INFO: Extracting primitive: V06_RAW_RACK91_LOAD_1_0_MESH
09:08:34 | INFO: Primitives created: 1
09:08:34 | INFO: Extracting primitive: V06_RAW_RACK91_LOAD_1_1_MESH
09:08:34 | INFO: Primitives created: 1
09:08:34 | INFO: Extracting primitive: V06_RAW_RACK91_LOAD_1_2_MESH
09:08:34 | INFO: Primitives created: 1
09:08:34 | INFO: Extracting primitive: V06_RAW_RACK91_LOAD_2_0_MESH
09:08:34 | INFO: Primitives created: 1
09:08:34 | INFO: Extracting primitive: V06_RAW_RACK91_LOAD_2_1_MESH
09:08:34 | INFO: Primitives created: 1
09:08:34 | INFO: Extracting primitive: V06_RAW_RACK91_LOAD_2_2_MESH
09:08:34 | INFO: Primitives created: 1
09:08:34 | INFO: Extracting primitive: V06_RAW_RACK91_LOAD_3_0_MESH
09:08:34 | INFO: Primitives created: 1
09:08:34 | INFO: Extracting primitive: V06_RAW_RACK91_LOAD_3_1_MESH
09:08:34 | INFO: Primitives created: 1
09:08:34 | INFO: Extracting primitive: V06_RAW_RACK91_LOAD_3_2_MESH
09:08:34 | INFO: Primitives created: 1
09:08:34 | INFO: Extracting primitive: V06_RAW_RACK91_LOAD_4_0_MESH
09:08:34 | INFO: Primitives created: 1
09:08:34 | INFO: Extracting primitive: V06_RAW_RACK91_LOAD_4_1_MESH
09:08:34 | INFO: Primitives created: 1
09:08:34 | INFO: Extracting primitive: V06_RAW_RACK91_LOAD_4_2_MESH
09:08:34 | INFO: Primitives created: 1
09:08:34 | INFO: Extracting primitive: V06_RAW_RACK91_LOAD_5_0_MESH
09:08:34 | INFO: Primitives created: 1
09:08:34 | INFO: Extracting primitive: V06_RAW_RACK91_LOAD_5_1_MESH
09:08:34 | INFO: Primitives created: 1
09:08:34 | INFO: Extracting primitive: V06_RAW_RACK91_LOAD_5_2_MESH
09:08:34 | INFO: Primitives created: 1
09:08:34 | INFO: Extracting primitive: V06_RAW_RACK91_LOAD_6_0_MESH
09:08:34 | INFO: Primitives created: 1
09:08:34 | INFO: Extracting primitive: V06_RAW_RACK91_LOAD_6_1_MESH
09:08:34 | INFO: Primitives created: 1
09:08:34 | INFO: Extracting primitive: V06_RAW_RACK91_LOAD_6_2_MESH
09:08:34 | INFO: Primitives created: 1
09:08:34 | INFO: Extracting primitive: V06_RAW_RACK91_LOAD_7_0_MESH
09:08:34 | INFO: Primitives created: 1
09:08:34 | INFO: Extracting primitive: V06_RAW_RACK91_LOAD_7_1_MESH
09:08:34 | INFO: Primitives created: 1
09:08:34 | INFO: Extracting primitive: V06_RAW_RACK91_LOAD_7_2_MESH
09:08:34 | INFO: Primitives created: 1
09:08:34 | INFO: Extracting primitive: V06_RAW_RACK91_PALLET_0_0_MESH
09:08:34 | INFO: Primitives created: 1
09:08:34 | INFO: Extracting primitive: V06_RAW_RACK91_PALLET_0_1_MESH
09:08:34 | INFO: Primitives created: 1
09:08:34 | INFO: Extracting primitive: V06_RAW_RACK91_PALLET_0_2_MESH
09:08:34 | INFO: Primitives created: 1
09:08:34 | INFO: Extracting primitive: V06_RAW_RACK91_PALLET_1_0_MESH
09:08:34 | INFO: Primitives created: 1
09:08:34 | INFO: Extracting primitive: V06_RAW_RACK91_PALLET_1_1_MESH
09:08:34 | INFO: Primitives created: 1
09:08:34 | INFO: Extracting primitive: V06_RAW_RACK91_PALLET_1_2_MESH
09:08:34 | INFO: Primitives created: 1
09:08:34 | INFO: Extracting primitive: V06_RAW_RACK91_PALLET_2_0_MESH
09:08:34 | INFO: Primitives created: 1
09:08:34 | INFO: Extracting primitive: V06_RAW_RACK91_PALLET_2_1_MESH
09:08:34 | INFO: Primitives created: 1
09:08:34 | INFO: Extracting primitive: V06_RAW_RACK91_PALLET_2_2_MESH
09:08:34 | INFO: Primitives created: 1
09:08:34 | INFO: Extracting primitive: V06_RAW_RACK91_PALLET_3_0_MESH
09:08:34 | INFO: Primitives created: 1
09:08:34 | INFO: Extracting primitive: V06_RAW_RACK91_PALLET_3_1_MESH
09:08:34 | INFO: Primitives created: 1
09:08:34 | INFO: Extracting primitive: V06_RAW_RACK91_PALLET_3_2_MESH
09:08:34 | INFO: Primitives created: 1
09:08:34 | INFO: Extracting primitive: V06_RAW_RACK91_PALLET_4_0_MESH
09:08:34 | INFO: Primitives created: 1
09:08:34 | INFO: Extracting primitive: V06_RAW_RACK91_PALLET_4_1_MESH
09:08:34 | INFO: Primitives created: 1
09:08:34 | INFO: Extracting primitive: V06_RAW_RACK91_PALLET_4_2_MESH
09:08:34 | INFO: Primitives created: 1
09:08:34 | INFO: Extracting primitive: V06_RAW_RACK91_PALLET_5_0_MESH
09:08:34 | INFO: Primitives created: 1
09:08:34 | INFO: Extracting primitive: V06_RAW_RACK91_PALLET_5_1_MESH
09:08:34 | INFO: Primitives created: 1
09:08:34 | INFO: Extracting primitive: V06_RAW_RACK91_PALLET_5_2_MESH
09:08:34 | INFO: Primitives created: 1
09:08:34 | INFO: Extracting primitive: V06_RAW_RACK91_PALLET_6_0_MESH
09:08:34 | INFO: Primitives created: 1
09:08:34 | INFO: Extracting primitive: V06_RAW_RACK91_PALLET_6_1_MESH
09:08:34 | INFO: Primitives created: 1
09:08:34 | INFO: Extracting primitive: V06_RAW_RACK91_PALLET_6_2_MESH
09:08:34 | INFO: Primitives created: 1
09:08:34 | INFO: Extracting primitive: V06_RAW_RACK91_PALLET_7_0_MESH
09:08:34 | INFO: Primitives created: 1
09:08:34 | INFO: Extracting primitive: V06_RAW_RACK91_PALLET_7_1_MESH
09:08:34 | INFO: Primitives created: 1
09:08:34 | INFO: Extracting primitive: V06_RAW_RACK91_PALLET_7_2_MESH
09:08:34 | INFO: Primitives created: 1
09:08:34 | INFO: Extracting primitive: V06_RAW_RACK91_UPRIGHT_0_0_MESH
09:08:34 | INFO: Primitives created: 1
09:08:34 | INFO: Extracting primitive: V06_RAW_RACK91_UPRIGHT_0_1_MESH
09:08:34 | INFO: Primitives created: 1
09:08:34 | INFO: Extracting primitive: V06_RAW_RACK91_UPRIGHT_0_2_MESH
09:08:34 | INFO: Primitives created: 1
09:08:34 | INFO: Extracting primitive: V06_RAW_RACK91_UPRIGHT_1_0_MESH
09:08:34 | INFO: Primitives created: 1
09:08:34 | INFO: Extracting primitive: V06_RAW_RACK91_UPRIGHT_1_1_MESH
09:08:34 | INFO: Primitives created: 1
09:08:34 | INFO: Extracting primitive: V06_RAW_RACK91_UPRIGHT_1_2_MESH
09:08:34 | INFO: Primitives created: 1
09:08:34 | INFO: Extracting primitive: V06_RAW_RACK91_UPRIGHT_2_0_MESH
09:08:34 | INFO: Primitives created: 1
09:08:34 | INFO: Extracting primitive: V06_RAW_RACK91_UPRIGHT_2_1_MESH
09:08:34 | INFO: Primitives created: 1
09:08:34 | INFO: Extracting primitive: V06_RAW_RACK91_UPRIGHT_2_2_MESH
09:08:34 | INFO: Primitives created: 1
09:08:34 | INFO: Extracting primitive: V06_RAW_RACK91_UPRIGHT_3_0_MESH
09:08:34 | INFO: Primitives created: 1
09:08:34 | INFO: Extracting primitive: V06_RAW_RACK91_UPRIGHT_3_1_MESH
09:08:34 | INFO: Primitives created: 1
09:08:34 | INFO: Extracting primitive: V06_RAW_RACK91_UPRIGHT_3_2_MESH
09:08:34 | INFO: Primitives created: 1
09:08:34 | INFO: Extracting primitive: V06_RAW_RACK91_UPRIGHT_4_0_MESH
09:08:34 | INFO: Primitives created: 1
09:08:34 | INFO: Extracting primitive: V06_RAW_RACK91_UPRIGHT_4_1_MESH
09:08:34 | INFO: Primitives created: 1
09:08:34 | INFO: Extracting primitive: V06_RAW_RACK91_UPRIGHT_4_2_MESH
09:08:34 | INFO: Primitives created: 1
09:08:34 | INFO: Extracting primitive: V06_RAW_RACK91_UPRIGHT_5_0_MESH
09:08:34 | INFO: Primitives created: 1
09:08:34 | INFO: Extracting primitive: V06_RAW_RACK91_UPRIGHT_5_1_MESH
09:08:34 | INFO: Primitives created: 1
09:08:34 | INFO: Extracting primitive: V06_RAW_RACK91_UPRIGHT_5_2_MESH
09:08:34 | INFO: Primitives created: 1
09:08:34 | INFO: Extracting primitive: V06_RAW_RACK91_UPRIGHT_6_0_MESH
09:08:34 | INFO: Primitives created: 1
09:08:34 | INFO: Extracting primitive: V06_RAW_RACK91_UPRIGHT_6_1_MESH
09:08:34 | INFO: Primitives created: 1
09:08:34 | INFO: Extracting primitive: V06_RAW_RACK91_UPRIGHT_6_2_MESH
09:08:34 | INFO: Primitives created: 1
09:08:34 | INFO: Extracting primitive: V06_RAW_RACK91_UPRIGHT_7_0_MESH
09:08:34 | INFO: Primitives created: 1
09:08:34 | INFO: Extracting primitive: V06_RAW_RACK91_UPRIGHT_7_1_MESH
09:08:34 | INFO: Primitives created: 1
09:08:34 | INFO: Extracting primitive: V06_RAW_RACK91_UPRIGHT_7_2_MESH
09:08:34 | INFO: Primitives created: 1
09:08:34 | INFO: Extracting primitive: V06_RAW_RECEIVING_0_BASE_MESH
09:08:34 | INFO: Primitives created: 1
09:08:34 | INFO: Extracting primitive: V06_RAW_RECEIVING_0_LOAD_MESH
09:08:34 | INFO: Primitives created: 1
09:08:34 | INFO: Extracting primitive: V06_RAW_RECEIVING_1_BASE_MESH
09:08:34 | INFO: Primitives created: 1
09:08:34 | INFO: Extracting primitive: V06_RAW_RECEIVING_1_LOAD_MESH
09:08:34 | INFO: Primitives created: 1
09:08:34 | INFO: Extracting primitive: V06_RAW_RECEIVING_2_BASE_MESH
09:08:34 | INFO: Primitives created: 1
09:08:34 | INFO: Extracting primitive: V06_RAW_RECEIVING_2_LOAD_MESH
09:08:34 | INFO: Primitives created: 1
09:08:34 | INFO: Extracting primitive: V06_RAW_RECEIVING_3_BASE_MESH
09:08:34 | INFO: Primitives created: 1
09:08:34 | INFO: Extracting primitive: V06_RAW_RECEIVING_3_LOAD_MESH
09:08:34 | INFO: Primitives created: 1
09:08:34 | INFO: Extracting primitive: V06_RAW_RECEIVING_4_BASE_MESH
09:08:34 | INFO: Primitives created: 1
09:08:34 | INFO: Extracting primitive: V06_RAW_RECEIVING_4_LOAD_MESH
09:08:34 | INFO: Primitives created: 1
09:08:34 | INFO: Extracting primitive: V06_RAW_RECEIVING_5_BASE_MESH
09:08:34 | INFO: Primitives created: 1
09:08:34 | INFO: Extracting primitive: V06_RAW_RECEIVING_5_LOAD_MESH
09:08:34 | INFO: Primitives created: 1
09:08:34 | INFO: Extracting primitive: V06_RAW_RECEIVING_DOCK_MESH
09:08:34 | INFO: Primitives created: 1
09:08:34 | INFO: Extracting primitive: V06_RAW_RIGHT_MESH
09:08:34 | INFO: Primitives created: 1
09:08:34 | INFO: Extracting primitive: V06_RAW_SOFFIT_-62.879999999999995_MESH
09:08:34 | INFO: Primitives created: 1
09:08:34 | INFO: Extracting primitive: V06_RAW_SOFFIT_-78_MESH
09:08:34 | INFO: Primitives created: 1
09:08:34 | INFO: Extracting primitive: V06_RAW_SOFFIT_-93.12_MESH
09:08:34 | INFO: Primitives created: 1
09:08:34 | INFO: Extracting primitive: V06_RESTAURANT_BACK_MESH
09:08:34 | INFO: Primitives created: 1
09:08:34 | INFO: Extracting primitive: V06_RESTAURANT_BACKBAR_MESH
09:08:34 | INFO: Primitives created: 1
09:08:34 | INFO: Extracting primitive: V06_RESTAURANT_CAFE_COUNTER_MESH
09:08:34 | INFO: Primitives created: 1
09:08:34 | INFO: Extracting primitive: V06_RESTAURANT_COFFEE_EQUIPMENT_BASE_MESH
09:08:34 | INFO: Primitives created: 1
09:08:34 | INFO: Extracting primitive: V06_RESTAURANT_COFFEE_EQUIPMENT_HOUSING_MESH
09:08:34 | INFO: Primitives created: 1
09:08:34 | INFO: Extracting primitive: V06_RESTAURANT_COFFEE_EQUIPMENT_PANEL_MESH
09:08:34 | INFO: Primitives created: 1
09:08:34 | INFO: Extracting primitive: V06_RESTAURANT_DOOR_HEADER_MESH
09:08:34 | INFO: Primitives created: 1
09:08:34 | INFO: Extracting primitive: V06_RESTAURANT_DOOR_L_MESH
09:08:34 | INFO: Primitives created: 1
09:08:34 | INFO: Extracting primitive: V06_RESTAURANT_DOOR_R_MESH
09:08:34 | INFO: Primitives created: 1
09:08:34 | INFO: Extracting primitive: V06_RESTAURANT_FLOOR_MESH
09:08:34 | INFO: Primitives created: 1
09:08:34 | INFO: Extracting primitive: V06_RESTAURANT_KITCHEN_PARTITION_PANEL_MESH
09:08:34 | INFO: Primitives created: 1
09:08:34 | INFO: Extracting primitive: V06_RESTAURANT_KITCHEN_PARTITION_POST_MESH
09:08:34 | INFO: Primitives created: 1
09:08:34 | INFO: Extracting primitive: V06_RESTAURANT_LEFT_MESH
09:08:34 | INFO: Primitives created: 1
09:08:34 | INFO: Extracting primitive: V06_RESTAURANT_LIGHT_0_FIXTURE_MESH
09:08:34 | INFO: Primitives created: 1
09:08:34 | INFO: Extracting primitive: V06_RESTAURANT_LIGHT_0_GLOW_MESH
09:08:34 | INFO: Primitives created: 1
09:08:34 | INFO: Extracting primitive: V06_RESTAURANT_LIGHT_1_FIXTURE_MESH
09:08:34 | INFO: Primitives created: 1
09:08:34 | INFO: Extracting primitive: V06_RESTAURANT_LIGHT_1_GLOW_MESH
09:08:34 | INFO: Primitives created: 1
09:08:34 | INFO: Extracting primitive: V06_RESTAURANT_LIGHT_2_FIXTURE_MESH
09:08:34 | INFO: Primitives created: 1
09:08:34 | INFO: Extracting primitive: V06_RESTAURANT_LIGHT_2_GLOW_MESH
09:08:34 | INFO: Primitives created: 1
09:08:34 | INFO: Extracting primitive: V06_RESTAURANT_LIGHT_3_FIXTURE_MESH
09:08:34 | INFO: Primitives created: 1
09:08:34 | INFO: Extracting primitive: V06_RESTAURANT_LIGHT_3_GLOW_MESH
09:08:34 | INFO: Primitives created: 1
09:08:34 | INFO: Extracting primitive: V06_RESTAURANT_PASS_MESH
09:08:34 | INFO: Primitives created: 1
09:08:34 | INFO: Extracting primitive: V06_RESTAURANT_RIGHT_MESH
09:08:34 | INFO: Primitives created: 1
09:08:34 | INFO: Extracting primitive: V06_RESTAURANT_SINK_MESH
09:08:34 | INFO: Primitives created: 1
09:08:34 | INFO: Extracting primitive: V06_RESTAURANT_SOFFIT_5_MESH
09:08:34 | INFO: Primitives created: 1
09:08:34 | INFO: Extracting primitive: V06_RESTAURANT_SOFFIT_17.6_MESH
09:08:34 | INFO: Primitives created: 1
09:08:34 | INFO: Extracting primitive: V06_RESTAURANT_SOFFIT_-7.600000000000001_MESH
09:08:34 | INFO: Primitives created: 1
09:08:34 | INFO: Extracting primitive: V06_SECURITY_BACK_MESH
09:08:34 | INFO: Primitives created: 1
09:08:34 | INFO: Extracting primitive: V06_SECURITY_DOOR_HEADER_MESH
09:08:34 | INFO: Primitives created: 1
09:08:34 | INFO: Extracting primitive: V06_SECURITY_DOOR_L_MESH
09:08:34 | INFO: Primitives created: 1
09:08:34 | INFO: Extracting primitive: V06_SECURITY_DOOR_R_MESH
09:08:34 | INFO: Primitives created: 1
09:08:34 | INFO: Extracting primitive: V06_SECURITY_FLOOR_MESH
09:08:34 | INFO: Primitives created: 1
09:08:34 | INFO: Extracting primitive: V06_SECURITY_LEFT_MESH
09:08:34 | INFO: Primitives created: 1
09:08:34 | INFO: Extracting primitive: V06_SECURITY_LIGHT_0_FIXTURE_MESH
09:08:34 | INFO: Primitives created: 1
09:08:34 | INFO: Extracting primitive: V06_SECURITY_LIGHT_0_GLOW_MESH
09:08:34 | INFO: Primitives created: 1
09:08:34 | INFO: Extracting primitive: V06_SECURITY_LIGHT_1_FIXTURE_MESH
09:08:34 | INFO: Primitives created: 1
09:08:34 | INFO: Extracting primitive: V06_SECURITY_LIGHT_1_GLOW_MESH
09:08:34 | INFO: Primitives created: 1
09:08:34 | INFO: Extracting primitive: V06_SECURITY_LIGHT_2_FIXTURE_MESH
09:08:34 | INFO: Primitives created: 1
09:08:34 | INFO: Extracting primitive: V06_SECURITY_LIGHT_2_GLOW_MESH
09:08:34 | INFO: Primitives created: 1
09:08:34 | INFO: Extracting primitive: V06_SECURITY_LIGHT_3_FIXTURE_MESH
09:08:34 | INFO: Primitives created: 1
09:08:34 | INFO: Extracting primitive: V06_SECURITY_LIGHT_3_GLOW_MESH
09:08:34 | INFO: Primitives created: 1
09:08:34 | INFO: Extracting primitive: V06_SECURITY_MONITOR_WALL_MESH
09:08:34 | INFO: Primitives created: 1
09:08:34 | INFO: Extracting primitive: V06_SECURITY_RECEPTION_DESK_MESH
09:08:34 | INFO: Primitives created: 1
09:08:34 | INFO: Extracting primitive: V06_SECURITY_RIGHT_MESH
09:08:34 | INFO: Primitives created: 1
09:08:34 | INFO: Extracting primitive: V06_SECURITY_SCREENING_MESH
09:08:34 | INFO: Primitives created: 1
09:08:34 | INFO: Extracting primitive: V06_SECURITY_SOFFIT_-44.56_MESH
09:08:34 | INFO: Primitives created: 1
09:08:34 | INFO: Extracting primitive: V06_SECURITY_SOFFIT_-58_MESH
09:08:34 | INFO: Primitives created: 1
09:08:34 | INFO: Extracting primitive: V06_SECURITY_SOFFIT_-71.44_MESH
09:08:34 | INFO: Primitives created: 1
09:08:34 | INFO: Extracting primitive: V06_SECURITY_TURNSTILE_0_MESH
09:08:34 | INFO: Primitives created: 1
09:08:34 | INFO: Extracting primitive: V06_SECURITY_TURNSTILE_1_MESH
09:08:34 | INFO: Primitives created: 1
09:08:34 | INFO: Extracting primitive: V06_SECURITY_TURNSTILE_2_MESH
09:08:34 | INFO: Primitives created: 1
09:08:34 | INFO: Extracting primitive: V06_SECURITY_TURNSTILE_3_MESH
09:08:34 | INFO: Primitives created: 1
09:08:34 | INFO: Extracting primitive: V06_SECURITY_WAITING_PANEL_MESH
09:08:34 | INFO: Primitives created: 1
09:08:34 | INFO: Extracting primitive: V06_SECURITY_WAITING_POST_MESH
09:08:34 | INFO: Primitives created: 1
09:08:34 | INFO: Extracting primitive: V06_TOOTHPASTE_BACK_MESH
09:08:34 | INFO: Primitives created: 1
09:08:34 | INFO: Extracting primitive: V06_TOOTHPASTE_DOOR_HEADER_MESH
09:08:34 | INFO: Primitives created: 1
09:08:34 | INFO: Extracting primitive: V06_TOOTHPASTE_DOOR_L_MESH
09:08:34 | INFO: Primitives created: 1
09:08:34 | INFO: Extracting primitive: V06_TOOTHPASTE_DOOR_R_MESH
09:08:34 | INFO: Primitives created: 1
09:08:34 | INFO: Extracting primitive: V06_TOOTHPASTE_FLOOR_MESH
09:08:34 | INFO: Primitives created: 1
09:08:34 | INFO: Extracting primitive: V06_TOOTHPASTE_LEFT_MESH
09:08:34 | INFO: Primitives created: 1
09:08:34 | INFO: Extracting primitive: V06_TOOTHPASTE_LIGHT_0_FIXTURE_MESH
09:08:34 | INFO: Primitives created: 1
09:08:34 | INFO: Extracting primitive: V06_TOOTHPASTE_LIGHT_0_GLOW_MESH
09:08:34 | INFO: Primitives created: 1
09:08:34 | INFO: Extracting primitive: V06_TOOTHPASTE_LIGHT_1_FIXTURE_MESH
09:08:34 | INFO: Primitives created: 1
09:08:34 | INFO: Extracting primitive: V06_TOOTHPASTE_LIGHT_1_GLOW_MESH
09:08:34 | INFO: Primitives created: 1
09:08:34 | INFO: Extracting primitive: V06_TOOTHPASTE_LIGHT_2_FIXTURE_MESH
09:08:34 | INFO: Primitives created: 1
09:08:34 | INFO: Extracting primitive: V06_TOOTHPASTE_LIGHT_2_GLOW_MESH
09:08:34 | INFO: Primitives created: 1
09:08:34 | INFO: Extracting primitive: V06_TOOTHPASTE_LIGHT_3_FIXTURE_MESH
09:08:34 | INFO: Primitives created: 1
09:08:34 | INFO: Extracting primitive: V06_TOOTHPASTE_LIGHT_3_GLOW_MESH
09:08:34 | INFO: Primitives created: 1
09:08:34 | INFO: Extracting primitive: V06_TOOTHPASTE_RIGHT_MESH
09:08:34 | INFO: Primitives created: 1
09:08:34 | INFO: Extracting primitive: V06_TOOTHPASTE_SOFFIT_-0.7999999999999989_MESH
09:08:34 | INFO: Primitives created: 1
09:08:34 | INFO: Extracting primitive: V06_TOOTHPASTE_SOFFIT_-12_MESH
09:08:34 | INFO: Primitives created: 1
09:08:34 | INFO: Extracting primitive: V06_TOOTHPASTE_SOFFIT_-23.200000000000003_MESH
09:08:34 | INFO: Primitives created: 1
09:08:34 | INFO: Extracting primitive: V06_TRAINING_BACK_MESH
09:08:34 | INFO: Primitives created: 1
09:08:34 | INFO: Extracting primitive: V06_TRAINING_DOOR_MESH
09:08:34 | INFO: Primitives created: 1
09:08:34 | INFO: Extracting primitive: V06_TRAINING_DOOR_HEADER_MESH
09:08:34 | INFO: Primitives created: 1
09:08:34 | INFO: Extracting primitive: V06_TRAINING_DOOR_L_MESH
09:08:34 | INFO: Primitives created: 1
09:08:34 | INFO: Extracting primitive: V06_TRAINING_DOOR_R_MESH
09:08:34 | INFO: Primitives created: 1
09:08:34 | INFO: Extracting primitive: V06_TRAINING_FLOOR_MESH
09:08:34 | INFO: Primitives created: 1
09:08:34 | INFO: Extracting primitive: V06_TRAINING_INSTRUCTOR_DESK_MESH
09:08:34 | INFO: Primitives created: 1
09:08:34 | INFO: Extracting primitive: V06_TRAINING_LEFT_MESH
09:08:34 | INFO: Primitives created: 1
09:08:34 | INFO: Extracting primitive: V06_TRAINING_LIGHT_0_FIXTURE_MESH
09:08:34 | INFO: Primitives created: 1
09:08:34 | INFO: Extracting primitive: V06_TRAINING_LIGHT_0_GLOW_MESH
09:08:34 | INFO: Primitives created: 1
09:08:34 | INFO: Extracting primitive: V06_TRAINING_LIGHT_1_FIXTURE_MESH
09:08:34 | INFO: Primitives created: 1
09:08:34 | INFO: Extracting primitive: V06_TRAINING_LIGHT_1_GLOW_MESH
09:08:34 | INFO: Primitives created: 1
09:08:34 | INFO: Extracting primitive: V06_TRAINING_PRESENTATION_SCREEN_MESH
09:08:34 | INFO: Primitives created: 1
09:08:34 | INFO: Extracting primitive: V06_TRAINING_RIGHT_MESH
09:08:34 | INFO: Primitives created: 1
09:08:34 | INFO: Extracting primitive: V06_TRAINING_SOFFIT_22.72_MESH
09:08:34 | INFO: Primitives created: 1
09:08:34 | INFO: Extracting primitive: V06_TRAINING_SOFFIT_30_MESH
09:08:34 | INFO: Primitives created: 1
09:08:34 | INFO: Extracting primitive: V06_TRAINING_SOFFIT_37.28_MESH
09:08:34 | INFO: Primitives created: 1
09:08:34 | INFO: Extracting primitive: V06_TRAINING_STORAGE_BEAM_0_MESH
09:08:34 | INFO: Primitives created: 1
09:08:34 | INFO: Extracting primitive: V06_TRAINING_STORAGE_BEAM_1_MESH
09:08:34 | INFO: Primitives created: 1
09:08:34 | INFO: Extracting primitive: V06_TRAINING_STORAGE_LOAD_0_0_MESH
09:08:34 | INFO: Primitives created: 1
09:08:34 | INFO: Extracting primitive: V06_TRAINING_STORAGE_LOAD_0_1_MESH
09:08:34 | INFO: Primitives created: 1
09:08:34 | INFO: Extracting primitive: V06_TRAINING_STORAGE_LOAD_1_0_MESH
09:08:34 | INFO: Primitives created: 1
09:08:34 | INFO: Extracting primitive: V06_TRAINING_STORAGE_LOAD_1_1_MESH
09:08:34 | INFO: Primitives created: 1
09:08:34 | INFO: Extracting primitive: V06_TRAINING_STORAGE_PALLET_0_0_MESH
09:08:34 | INFO: Primitives created: 1
09:08:34 | INFO: Extracting primitive: V06_TRAINING_STORAGE_PALLET_0_1_MESH
09:08:34 | INFO: Primitives created: 1
09:08:34 | INFO: Extracting primitive: V06_TRAINING_STORAGE_PALLET_1_0_MESH
09:08:34 | INFO: Primitives created: 1
09:08:34 | INFO: Extracting primitive: V06_TRAINING_STORAGE_PALLET_1_1_MESH
09:08:34 | INFO: Primitives created: 1
09:08:34 | INFO: Extracting primitive: V06_TRAINING_STORAGE_UPRIGHT_0_0_MESH
09:08:34 | INFO: Primitives created: 1
09:08:34 | INFO: Extracting primitive: V06_TRAINING_STORAGE_UPRIGHT_0_1_MESH
09:08:34 | INFO: Primitives created: 1
09:08:34 | INFO: Extracting primitive: V06_TRAINING_STORAGE_UPRIGHT_1_0_MESH
09:08:34 | INFO: Primitives created: 1
09:08:34 | INFO: Extracting primitive: V06_TRAINING_STORAGE_UPRIGHT_1_1_MESH
09:08:34 | INFO: Primitives created: 1
09:08:34 | INFO: Extracting primitive: V06_UTIL_AIR_RECEIVER_MESH
09:08:34 | INFO: Primitives created: 1
09:08:34 | INFO: Extracting primitive: V06_UTIL_BOILER_LID_MESH
09:08:34 | INFO: Primitives created: 1
09:08:34 | INFO: Extracting primitive: V06_UTIL_BOILER_OUT_MESH
09:08:34 | INFO: Primitives created: 1
09:08:34 | INFO: Extracting primitive: V06_UTIL_BOILER_VESSEL_MESH
09:08:34 | INFO: Primitives created: 1
09:08:34 | INFO: Extracting primitive: V06_UTIL_COMPRESSOR_BASE_MESH
09:08:34 | INFO: Primitives created: 1
09:08:34 | INFO: Extracting primitive: V06_UTIL_COMPRESSOR_HOUSING_MESH
09:08:34 | INFO: Primitives created: 1
09:08:34 | INFO: Extracting primitive: V06_UTIL_COMPRESSOR_PANEL_MESH
09:08:34 | INFO: Primitives created: 1
09:08:34 | INFO: Extracting primitive: V06_UTIL_DISTRIBUTION_0_MESH
09:08:34 | INFO: Primitives created: 1
09:08:34 | INFO: Extracting primitive: V06_UTIL_DISTRIBUTION_1_MESH
09:08:34 | INFO: Primitives created: 1
09:08:34 | INFO: Extracting primitive: V06_UTIL_DISTRIBUTION_2_MESH
09:08:34 | INFO: Primitives created: 1
09:08:34 | INFO: Extracting primitive: V06_UTIL_DISTRIBUTION_3_MESH
09:08:34 | INFO: Primitives created: 1
09:08:34 | INFO: Extracting primitive: V06_UTIL_DRYER_MESH
09:08:34 | INFO: Primitives created: 1
09:08:34 | INFO: Extracting primitive: V06_UTIL_MAINTENANCE_BENCH_MESH
09:08:34 | INFO: Primitives created: 1
09:08:34 | INFO: Extracting primitive: V06_UTIL_RO_COLUMN_0_LID_MESH
09:08:34 | INFO: Primitives created: 1
09:08:34 | INFO: Extracting primitive: V06_UTIL_RO_COLUMN_0_OUT_MESH
09:08:34 | INFO: Primitives created: 1
09:08:34 | INFO: Extracting primitive: V06_UTIL_RO_COLUMN_0_VESSEL_MESH
09:08:34 | INFO: Primitives created: 1
09:08:34 | INFO: Extracting primitive: V06_UTIL_RO_COLUMN_1_LID_MESH
09:08:34 | INFO: Primitives created: 1
09:08:34 | INFO: Extracting primitive: V06_UTIL_RO_COLUMN_1_OUT_MESH
09:08:34 | INFO: Primitives created: 1
09:08:34 | INFO: Extracting primitive: V06_UTIL_RO_COLUMN_1_VESSEL_MESH
09:08:34 | INFO: Primitives created: 1
09:08:34 | INFO: Extracting primitive: V06_UTIL_RO_COLUMN_2_LID_MESH
09:08:34 | INFO: Primitives created: 1
09:08:34 | INFO: Extracting primitive: V06_UTIL_RO_COLUMN_2_OUT_MESH
09:08:34 | INFO: Primitives created: 1
09:08:34 | INFO: Extracting primitive: V06_UTIL_RO_COLUMN_2_VESSEL_MESH
09:08:34 | INFO: Primitives created: 1
09:08:34 | INFO: Extracting primitive: V06_UTIL_RO_SKID_MESH
09:08:34 | INFO: Primitives created: 1
09:08:34 | INFO: Extracting primitive: V06_UTIL_SERVICE_RAIL_POST_L_MESH
09:08:34 | INFO: Primitives created: 1
09:08:34 | INFO: Extracting primitive: V06_UTIL_SERVICE_RAIL_POST_R_MESH
09:08:34 | INFO: Primitives created: 1
09:08:34 | INFO: Extracting primitive: V06_UTIL_SERVICE_RAIL_TOP_MESH
09:08:34 | INFO: Primitives created: 1
09:08:34 | INFO: Extracting primitive: V06_UTIL_STEAM_MANIFOLD_MESH
09:08:34 | INFO: Primitives created: 1
09:08:34 | INFO: Extracting primitive: V06_UTILITIES_BACK_MESH
09:08:34 | INFO: Primitives created: 1
09:08:34 | INFO: Extracting primitive: V06_UTILITIES_DOOR_HEADER_MESH
09:08:34 | INFO: Primitives created: 1
09:08:34 | INFO: Extracting primitive: V06_UTILITIES_DOOR_L_MESH
09:08:34 | INFO: Primitives created: 1
09:08:34 | INFO: Extracting primitive: V06_UTILITIES_DOOR_R_MESH
09:08:34 | INFO: Primitives created: 1
09:08:34 | INFO: Extracting primitive: V06_UTILITIES_FLOOR_MESH
09:08:34 | INFO: Primitives created: 1
09:08:34 | INFO: Extracting primitive: V06_UTILITIES_LEFT_MESH
09:08:34 | INFO: Primitives created: 1
09:08:34 | INFO: Extracting primitive: V06_UTILITIES_LIGHT_0_FIXTURE_MESH
09:08:34 | INFO: Primitives created: 1
09:08:34 | INFO: Extracting primitive: V06_UTILITIES_LIGHT_0_GLOW_MESH
09:08:34 | INFO: Primitives created: 1
09:08:34 | INFO: Extracting primitive: V06_UTILITIES_LIGHT_1_FIXTURE_MESH
09:08:34 | INFO: Primitives created: 1
09:08:34 | INFO: Extracting primitive: V06_UTILITIES_LIGHT_1_GLOW_MESH
09:08:34 | INFO: Primitives created: 1
09:08:34 | INFO: Extracting primitive: V06_UTILITIES_LIGHT_2_FIXTURE_MESH
09:08:34 | INFO: Primitives created: 1
09:08:34 | INFO: Extracting primitive: V06_UTILITIES_LIGHT_2_GLOW_MESH
09:08:34 | INFO: Primitives created: 1
09:08:34 | INFO: Extracting primitive: V06_UTILITIES_RIGHT_MESH
09:08:34 | INFO: Primitives created: 1
09:08:34 | INFO: Extracting primitive: V06_UTILITIES_SOFFIT_86.48_MESH
09:08:34 | INFO: Primitives created: 1
09:08:34 | INFO: Extracting primitive: V06_UTILITIES_SOFFIT_96_MESH
09:08:34 | INFO: Primitives created: 1
09:08:34 | INFO: Extracting primitive: V06_UTILITIES_SOFFIT_105.52_MESH
09:08:34 | INFO: Primitives created: 1
09:08:34 | INFO: Extracting primitive: V06_VISITOR_WAITING_CHAIR_0_MESH
09:08:34 | INFO: Primitives created: 1
09:08:34 | INFO: Extracting primitive: V06_VISITOR_WAITING_CHAIR_1_MESH
09:08:34 | INFO: Primitives created: 1
09:08:34 | INFO: Extracting primitive: V06_VISITOR_WAITING_CHAIR_2_MESH
09:08:34 | INFO: Primitives created: 1
09:08:34 | INFO: Extracting primitive: V06_VISITOR_WAITING_CHAIR_3_MESH
09:08:34 | INFO: Primitives created: 1
09:08:34 | INFO: Extracting primitive: V06_VISITOR_WAITING_TABLE_MESH
09:08:34 | INFO: Primitives created: 1
09:08:34 | INFO: Extracting primitive: V06_WELLNESS_BACK_MESH
09:08:34 | INFO: Primitives created: 1
09:08:34 | INFO: Extracting primitive: V06_WELLNESS_DOOR_HEADER_MESH
09:08:34 | INFO: Primitives created: 1
09:08:34 | INFO: Extracting primitive: V06_WELLNESS_DOOR_L_MESH
09:08:34 | INFO: Primitives created: 1
09:08:34 | INFO: Extracting primitive: V06_WELLNESS_DOOR_R_MESH
09:08:34 | INFO: Primitives created: 1
09:08:34 | INFO: Extracting primitive: V06_WELLNESS_FLOOR_MESH
09:08:34 | INFO: Primitives created: 1
09:08:34 | INFO: Extracting primitive: V06_WELLNESS_LEFT_MESH
09:08:34 | INFO: Primitives created: 1
09:08:34 | INFO: Extracting primitive: V06_WELLNESS_LIGHT_0_FIXTURE_MESH
09:08:34 | INFO: Primitives created: 1
09:08:34 | INFO: Extracting primitive: V06_WELLNESS_LIGHT_0_GLOW_MESH
09:08:34 | INFO: Primitives created: 1
09:08:34 | INFO: Extracting primitive: V06_WELLNESS_LIGHT_1_FIXTURE_MESH
09:08:34 | INFO: Primitives created: 1
09:08:34 | INFO: Extracting primitive: V06_WELLNESS_LIGHT_1_GLOW_MESH
09:08:34 | INFO: Primitives created: 1
09:08:34 | INFO: Extracting primitive: V06_WELLNESS_LOCKER_BEAM_0_MESH
09:08:34 | INFO: Primitives created: 1
09:08:34 | INFO: Extracting primitive: V06_WELLNESS_LOCKER_BEAM_1_MESH
09:08:34 | INFO: Primitives created: 1
09:08:34 | INFO: Extracting primitive: V06_WELLNESS_LOCKER_LOAD_0_0_MESH
09:08:34 | INFO: Primitives created: 1
09:08:34 | INFO: Extracting primitive: V06_WELLNESS_LOCKER_LOAD_0_1_MESH
09:08:34 | INFO: Primitives created: 1
09:08:34 | INFO: Extracting primitive: V06_WELLNESS_LOCKER_LOAD_1_0_MESH
09:08:34 | INFO: Primitives created: 1
09:08:34 | INFO: Extracting primitive: V06_WELLNESS_LOCKER_LOAD_1_1_MESH
09:08:34 | INFO: Primitives created: 1
09:08:34 | INFO: Extracting primitive: V06_WELLNESS_LOCKER_LOAD_2_0_MESH
09:08:34 | INFO: Primitives created: 1
09:08:34 | INFO: Extracting primitive: V06_WELLNESS_LOCKER_LOAD_2_1_MESH
09:08:34 | INFO: Primitives created: 1
09:08:34 | INFO: Extracting primitive: V06_WELLNESS_LOCKER_PALLET_0_0_MESH
09:08:34 | INFO: Primitives created: 1
09:08:34 | INFO: Extracting primitive: V06_WELLNESS_LOCKER_PALLET_0_1_MESH
09:08:34 | INFO: Primitives created: 1
09:08:34 | INFO: Extracting primitive: V06_WELLNESS_LOCKER_PALLET_1_0_MESH
09:08:34 | INFO: Primitives created: 1
09:08:34 | INFO: Extracting primitive: V06_WELLNESS_LOCKER_PALLET_1_1_MESH
09:08:34 | INFO: Primitives created: 1
09:08:34 | INFO: Extracting primitive: V06_WELLNESS_LOCKER_PALLET_2_0_MESH
09:08:34 | INFO: Primitives created: 1
09:08:34 | INFO: Extracting primitive: V06_WELLNESS_LOCKER_PALLET_2_1_MESH
09:08:34 | INFO: Primitives created: 1
09:08:34 | INFO: Extracting primitive: V06_WELLNESS_LOCKER_UPRIGHT_0_0_MESH
09:08:34 | INFO: Primitives created: 1
09:08:34 | INFO: Extracting primitive: V06_WELLNESS_LOCKER_UPRIGHT_0_1_MESH
09:08:34 | INFO: Primitives created: 1
09:08:34 | INFO: Extracting primitive: V06_WELLNESS_LOCKER_UPRIGHT_1_0_MESH
09:08:34 | INFO: Primitives created: 1
09:08:34 | INFO: Extracting primitive: V06_WELLNESS_LOCKER_UPRIGHT_1_1_MESH
09:08:34 | INFO: Primitives created: 1
09:08:34 | INFO: Extracting primitive: V06_WELLNESS_LOCKER_UPRIGHT_2_0_MESH
09:08:34 | INFO: Primitives created: 1
09:08:34 | INFO: Extracting primitive: V06_WELLNESS_LOCKER_UPRIGHT_2_1_MESH
09:08:34 | INFO: Primitives created: 1
09:08:34 | INFO: Extracting primitive: V06_WELLNESS_MIRROR_PANEL_MESH
09:08:34 | INFO: Primitives created: 1
09:08:34 | INFO: Extracting primitive: V06_WELLNESS_MIRROR_POST_MESH
09:08:34 | INFO: Primitives created: 1
09:08:34 | INFO: Extracting primitive: V06_WELLNESS_RIGHT_MESH
09:08:34 | INFO: Primitives created: 1
09:08:34 | INFO: Extracting primitive: V06_WELLNESS_SOFFIT_22.16_MESH
09:08:34 | INFO: Primitives created: 1
09:08:34 | INFO: Extracting primitive: V06_WELLNESS_SOFFIT_30_MESH
09:08:34 | INFO: Primitives created: 1
09:08:34 | INFO: Extracting primitive: V06_WELLNESS_SOFFIT_37.84_MESH
09:08:34 | INFO: Primitives created: 1
09:08:34 | INFO: Extracting primitive: V06_WELLNESS_TREADMILL_0_MESH
09:08:34 | INFO: Primitives created: 1
09:08:34 | INFO: Extracting primitive: V06_WELLNESS_TREADMILL_1_MESH
09:08:34 | INFO: Primitives created: 1
09:08:34 | INFO: Extracting primitive: V06_WELLNESS_TREADMILL_2_MESH
09:08:34 | INFO: Primitives created: 1
09:08:34 | INFO: Extracting primitive: V06_WELLNESS_TREADMILL_HANDLE_0_MESH
09:08:34 | INFO: Primitives created: 1
09:08:34 | INFO: Extracting primitive: V06_WELLNESS_TREADMILL_HANDLE_1_MESH
09:08:34 | INFO: Primitives created: 1
09:08:34 | INFO: Extracting primitive: V06_WELLNESS_TREADMILL_HANDLE_2_MESH
09:08:34 | INFO: Primitives created: 1
09:08:34 | INFO: Extracting primitive: V06_WELLNESS_WEIGHT_0_MESH
09:08:34 | INFO: Primitives created: 1
09:08:34 | INFO: Extracting primitive: V06_WELLNESS_WEIGHT_1_MESH
09:08:34 | INFO: Primitives created: 1
09:08:34 | INFO: Extracting primitive: V06_WELLNESS_WEIGHT_2_MESH
09:08:34 | INFO: Primitives created: 1
09:08:34 | INFO: Extracting primitive: V06_WELLNESS_YOGA_MAT_0_MESH
09:08:34 | INFO: Primitives created: 1
09:08:34 | INFO: Extracting primitive: V06_WELLNESS_YOGA_MAT_1_MESH
09:08:34 | INFO: Primitives created: 1
09:08:34 | INFO: Extracting primitive: V06_WELLNESS_YOGA_MAT_2_MESH
09:08:34 | INFO: Primitives created: 1
09:08:34 | INFO: Extracting primitive: V06_WELLNESS_YOGA_MAT_3_MESH
09:08:34 | INFO: Primitives created: 1
09:08:34 | INFO: Extracting primitive: V06_WET_AGITATOR_MOTOR_0_MESH
09:08:34 | INFO: Primitives created: 1
09:08:34 | INFO: Extracting primitive: V06_WET_AGITATOR_MOTOR_1_MESH
09:08:34 | INFO: Primitives created: 1
09:08:34 | INFO: Extracting primitive: V06_WET_AGITATOR_MOTOR_2_MESH
09:08:34 | INFO: Primitives created: 1
09:08:34 | INFO: Extracting primitive: V06_WET_AGITATOR_MOTOR_3_MESH
09:08:34 | INFO: Primitives created: 1
09:08:34 | INFO: Extracting primitive: V06_WET_CIP_RETURN_MESH
09:08:34 | INFO: Primitives created: 1
09:08:34 | INFO: Extracting primitive: V06_WET_CIP_SKID_MESH
09:08:34 | INFO: Primitives created: 1
09:08:34 | INFO: Extracting primitive: V06_WET_CIP_TANK_MESH
09:08:34 | INFO: Primitives created: 1
09:08:34 | INFO: Extracting primitive: V06_WET_MANIFOLD_0_MESH
09:08:34 | INFO: Primitives created: 1
09:08:34 | INFO: Extracting primitive: V06_WET_MANIFOLD_1_MESH
09:08:34 | INFO: Primitives created: 1
09:08:34 | INFO: Extracting primitive: V06_WET_MANIFOLD_2_MESH
09:08:34 | INFO: Primitives created: 1
09:08:34 | INFO: Extracting primitive: V06_WET_MANIFOLD_3_MESH
09:08:34 | INFO: Primitives created: 1
09:08:34 | INFO: Extracting primitive: V06_WET_MIX_TANK_0_LID_MESH
09:08:34 | INFO: Primitives created: 1
09:08:34 | INFO: Extracting primitive: V06_WET_MIX_TANK_0_OUT_MESH
09:08:34 | INFO: Primitives created: 1
09:08:34 | INFO: Extracting primitive: V06_WET_MIX_TANK_0_VESSEL_MESH
09:08:34 | INFO: Primitives created: 1
09:08:34 | INFO: Extracting primitive: V06_WET_MIX_TANK_1_LID_MESH
09:08:34 | INFO: Primitives created: 1
09:08:34 | INFO: Extracting primitive: V06_WET_MIX_TANK_1_OUT_MESH
09:08:34 | INFO: Primitives created: 1
09:08:34 | INFO: Extracting primitive: V06_WET_MIX_TANK_1_VESSEL_MESH
09:08:34 | INFO: Primitives created: 1
09:08:34 | INFO: Extracting primitive: V06_WET_MIX_TANK_2_LID_MESH
09:08:34 | INFO: Primitives created: 1
09:08:34 | INFO: Extracting primitive: V06_WET_MIX_TANK_2_OUT_MESH
09:08:34 | INFO: Primitives created: 1
09:08:34 | INFO: Extracting primitive: V06_WET_MIX_TANK_2_VESSEL_MESH
09:08:34 | INFO: Primitives created: 1
09:08:34 | INFO: Extracting primitive: V06_WET_MIX_TANK_3_LID_MESH
09:08:34 | INFO: Primitives created: 1
09:08:34 | INFO: Extracting primitive: V06_WET_MIX_TANK_3_OUT_MESH
09:08:34 | INFO: Primitives created: 1
09:08:34 | INFO: Extracting primitive: V06_WET_MIX_TANK_3_VESSEL_MESH
09:08:34 | INFO: Primitives created: 1
09:08:34 | INFO: Extracting primitive: V06_WET_PLATFORM_MESH
09:08:34 | INFO: Primitives created: 1
09:08:34 | INFO: Extracting primitive: V06_WET_PLATFORM_RAIL_POST_L_MESH
09:08:34 | INFO: Primitives created: 1
09:08:34 | INFO: Extracting primitive: V06_WET_PLATFORM_RAIL_POST_R_MESH
09:08:34 | INFO: Primitives created: 1
09:08:34 | INFO: Extracting primitive: V06_WET_PLATFORM_RAIL_TOP_MESH
09:08:34 | INFO: Primitives created: 1
09:08:34 | INFO: Extracting primitive: V06_WET_PROCESS_BACK_MESH
09:08:34 | INFO: Primitives created: 1
09:08:34 | INFO: Extracting primitive: V06_WET_PROCESS_DOOR_HEADER_MESH
09:08:34 | INFO: Primitives created: 1
09:08:34 | INFO: Extracting primitive: V06_WET_PROCESS_DOOR_L_MESH
09:08:34 | INFO: Primitives created: 1
09:08:34 | INFO: Extracting primitive: V06_WET_PROCESS_DOOR_R_MESH
09:08:34 | INFO: Primitives created: 1
09:08:34 | INFO: Extracting primitive: V06_WET_PROCESS_FLOOR_MESH
09:08:34 | INFO: Primitives created: 1
09:08:34 | INFO: Extracting primitive: V06_WET_PROCESS_LEFT_MESH
09:08:34 | INFO: Primitives created: 1
09:08:34 | INFO: Extracting primitive: V06_WET_PROCESS_LIGHT_0_FIXTURE_MESH
09:08:34 | INFO: Primitives created: 1
09:08:34 | INFO: Extracting primitive: V06_WET_PROCESS_LIGHT_0_GLOW_MESH
09:08:34 | INFO: Primitives created: 1
09:08:34 | INFO: Extracting primitive: V06_WET_PROCESS_LIGHT_1_FIXTURE_MESH
09:08:34 | INFO: Primitives created: 1
09:08:34 | INFO: Extracting primitive: V06_WET_PROCESS_LIGHT_1_GLOW_MESH
09:08:34 | INFO: Primitives created: 1
09:08:34 | INFO: Extracting primitive: V06_WET_PROCESS_LIGHT_2_FIXTURE_MESH
09:08:34 | INFO: Primitives created: 1
09:08:34 | INFO: Extracting primitive: V06_WET_PROCESS_LIGHT_2_GLOW_MESH
09:08:34 | INFO: Primitives created: 1
09:08:34 | INFO: Extracting primitive: V06_WET_PROCESS_LIGHT_3_FIXTURE_MESH
09:08:34 | INFO: Primitives created: 1
09:08:34 | INFO: Extracting primitive: V06_WET_PROCESS_LIGHT_3_GLOW_MESH
09:08:34 | INFO: Primitives created: 1
09:08:34 | INFO: Extracting primitive: V06_WET_PROCESS_LIGHT_4_FIXTURE_MESH
09:08:34 | INFO: Primitives created: 1
09:08:34 | INFO: Extracting primitive: V06_WET_PROCESS_LIGHT_4_GLOW_MESH
09:08:34 | INFO: Primitives created: 1
09:08:34 | INFO: Extracting primitive: V06_WET_PROCESS_RIGHT_MESH
09:08:34 | INFO: Primitives created: 1
09:08:34 | INFO: Extracting primitive: V06_WET_PROCESS_SOFFIT_0_MESH
09:08:34 | INFO: Primitives created: 1
09:08:34 | INFO: Extracting primitive: V06_WET_PROCESS_SOFFIT_14.000000000000002_MESH
09:08:34 | INFO: Primitives created: 1
09:08:34 | INFO: Extracting primitive: V06_WET_PROCESS_SOFFIT_-14.000000000000002_MESH
09:08:34 | INFO: Primitives created: 1
09:08:34 | INFO: Extracting primitive: V06_WET_TANK_OUT_0_MESH
09:08:34 | INFO: Primitives created: 1
09:08:34 | INFO: Extracting primitive: V06_WET_TANK_OUT_1_MESH
09:08:34 | INFO: Primitives created: 1
09:08:34 | INFO: Extracting primitive: V06_WET_TANK_OUT_2_MESH
09:08:34 | INFO: Primitives created: 1
09:08:34 | INFO: Extracting primitive: V06_WET_TANK_OUT_3_MESH
09:08:34 | INFO: Primitives created: 1
09:08:34 | INFO: Extracting primitive: V06_WET_TO_FILLING_A_MESH
09:08:34 | INFO: Primitives created: 1
09:08:34 | INFO: Extracting primitive: V06_WET_TO_FILLING_B_MESH
09:08:34 | INFO: Primitives created: 1
09:08:34 | INFO: Extracting primitive: V06_WET_TO_FILLING_BED_MESH
09:08:34 | INFO: Primitives created: 1
09:08:34 | INFO: Extracting primitive: V06_WET_TO_FILLING_ROLLER0_MESH
09:08:34 | INFO: Primitives created: 1
09:08:34 | INFO: Extracting primitive: V06_WET_TO_FILLING_ROLLER1_MESH
09:08:34 | INFO: Primitives created: 1
09:08:34 | INFO: Extracting primitive: V06_WET_TO_FILLING_ROLLER2_MESH
09:08:34 | INFO: Primitives created: 1
09:08:34 | INFO: Extracting primitive: V06_WET_TO_FILLING_ROLLER3_MESH
09:08:34 | INFO: Primitives created: 1
09:08:34 | INFO: Extracting primitive: V06_WET_TO_FILLING_ROLLER4_MESH
09:08:34 | INFO: Primitives created: 1
09:08:34 | INFO: Extracting primitive: V06_WET_TO_FILLING_ROLLER5_MESH
09:08:34 | INFO: Primitives created: 1
09:08:34 | INFO: Extracting primitive: V06_WET_TO_FILLING_ROLLER6_MESH
09:08:34 | INFO: Primitives created: 1
09:08:34 | INFO: Extracting primitive: V06_WET_TRANSFER_PUMP_0_BASE_MESH
09:08:34 | INFO: Primitives created: 1
09:08:34 | INFO: Extracting primitive: V06_WET_TRANSFER_PUMP_0_HOUSING_MESH
09:08:34 | INFO: Primitives created: 1
09:08:34 | INFO: Extracting primitive: V06_WET_TRANSFER_PUMP_0_PANEL_MESH
09:08:34 | INFO: Primitives created: 1
09:08:34 | INFO: Extracting primitive: V06_WET_TRANSFER_PUMP_1_BASE_MESH
09:08:34 | INFO: Primitives created: 1
09:08:34 | INFO: Extracting primitive: V06_WET_TRANSFER_PUMP_1_HOUSING_MESH
09:08:34 | INFO: Primitives created: 1
09:08:34 | INFO: Extracting primitive: V06_WET_TRANSFER_PUMP_1_PANEL_MESH
09:08:34 | INFO: Primitives created: 1
09:08:34 | INFO: Extracting primitive: V06_WET_TRANSFER_PUMP_2_BASE_MESH
09:08:34 | INFO: Primitives created: 1
09:08:34 | INFO: Extracting primitive: V06_WET_TRANSFER_PUMP_2_HOUSING_MESH
09:08:34 | INFO: Primitives created: 1
09:08:34 | INFO: Extracting primitive: V06_WET_TRANSFER_PUMP_2_PANEL_MESH
09:08:34 | INFO: Primitives created: 1
09:08:34 | INFO: Extracting primitive: V06_WET_TRANSFER_PUMP_3_BASE_MESH
09:08:34 | INFO: Primitives created: 1
09:08:34 | INFO: Extracting primitive: V06_WET_TRANSFER_PUMP_3_HOUSING_MESH
09:08:34 | INFO: Primitives created: 1
09:08:34 | INFO: Extracting primitive: V06_WET_TRANSFER_PUMP_3_PANEL_MESH
09:08:34 | INFO: Primitives created: 1
09:08:34 | INFO: Extracting primitive: V06_WIPES_BACK_MESH
09:08:34 | INFO: Primitives created: 1
09:08:34 | INFO: Extracting primitive: V06_WIPES_CUT_STACK_MESH
09:08:34 | INFO: Primitives created: 1
09:08:34 | INFO: Extracting primitive: V06_WIPES_DISCHARGE_A_MESH
09:08:34 | INFO: Primitives created: 1
09:08:34 | INFO: Extracting primitive: V06_WIPES_DISCHARGE_B_MESH
09:08:34 | INFO: Primitives created: 1
09:08:34 | INFO: Extracting primitive: V06_WIPES_DISCHARGE_BED_MESH
09:08:34 | INFO: Primitives created: 1
09:08:34 | INFO: Extracting primitive: V06_WIPES_DISCHARGE_ROLLER0_MESH
09:08:34 | INFO: Primitives created: 1
09:08:34 | INFO: Extracting primitive: V06_WIPES_DISCHARGE_ROLLER1_MESH
09:08:34 | INFO: Primitives created: 1
09:08:34 | INFO: Extracting primitive: V06_WIPES_DISCHARGE_ROLLER2_MESH
09:08:34 | INFO: Primitives created: 1
09:08:34 | INFO: Extracting primitive: V06_WIPES_DISCHARGE_ROLLER3_MESH
09:08:34 | INFO: Primitives created: 1
09:08:34 | INFO: Extracting primitive: V06_WIPES_DISCHARGE_ROLLER4_MESH
09:08:34 | INFO: Primitives created: 1
09:08:34 | INFO: Extracting primitive: V06_WIPES_DISCHARGE_ROLLER5_MESH
09:08:34 | INFO: Primitives created: 1
09:08:34 | INFO: Extracting primitive: V06_WIPES_DISCHARGE_ROLLER6_MESH
09:08:34 | INFO: Primitives created: 1
09:08:34 | INFO: Extracting primitive: V06_WIPES_DOOR_HEADER_MESH
09:08:34 | INFO: Primitives created: 1
09:08:34 | INFO: Extracting primitive: V06_WIPES_DOOR_L_MESH
09:08:34 | INFO: Primitives created: 1
09:08:34 | INFO: Extracting primitive: V06_WIPES_DOOR_R_MESH
09:08:34 | INFO: Primitives created: 1
09:08:34 | INFO: Extracting primitive: V06_WIPES_FILM_ROLL_MESH
09:08:34 | INFO: Primitives created: 1
09:08:34 | INFO: Extracting primitive: V06_WIPES_FLOOR_MESH
09:08:34 | INFO: Primitives created: 1
09:08:34 | INFO: Extracting primitive: V06_WIPES_FOLD_FRAME_MESH
09:08:34 | INFO: Primitives created: 1
09:08:34 | INFO: Extracting primitive: V06_WIPES_LEFT_MESH
09:08:34 | INFO: Primitives created: 1
09:08:34 | INFO: Extracting primitive: V06_WIPES_LIGHT_0_FIXTURE_MESH
09:08:34 | INFO: Primitives created: 1
09:08:34 | INFO: Extracting primitive: V06_WIPES_LIGHT_0_GLOW_MESH
09:08:34 | INFO: Primitives created: 1
09:08:34 | INFO: Extracting primitive: V06_WIPES_LIGHT_1_FIXTURE_MESH
09:08:34 | INFO: Primitives created: 1
09:08:34 | INFO: Extracting primitive: V06_WIPES_LIGHT_1_GLOW_MESH
09:08:34 | INFO: Primitives created: 1
09:08:34 | INFO: Extracting primitive: V06_WIPES_LIGHT_2_FIXTURE_MESH
09:08:34 | INFO: Primitives created: 1
09:08:34 | INFO: Extracting primitive: V06_WIPES_LIGHT_2_GLOW_MESH
09:08:34 | INFO: Primitives created: 1
09:08:34 | INFO: Extracting primitive: V06_WIPES_LIGHT_3_FIXTURE_MESH
09:08:34 | INFO: Primitives created: 1
09:08:34 | INFO: Extracting primitive: V06_WIPES_LIGHT_3_GLOW_MESH
09:08:34 | INFO: Primitives created: 1
09:08:34 | INFO: Extracting primitive: V06_WIPES_LIGHT_4_FIXTURE_MESH
09:08:34 | INFO: Primitives created: 1
09:08:34 | INFO: Extracting primitive: V06_WIPES_LIGHT_4_GLOW_MESH
09:08:34 | INFO: Primitives created: 1
09:08:34 | INFO: Extracting primitive: V06_WIPES_PARENT_ROLL_0_MESH
09:08:34 | INFO: Primitives created: 1
09:08:34 | INFO: Extracting primitive: V06_WIPES_PARENT_ROLL_1_MESH
09:08:34 | INFO: Primitives created: 1
09:08:34 | INFO: Extracting primitive: V06_WIPES_POUCH_FORM_A_MESH
09:08:34 | INFO: Primitives created: 1
09:08:34 | INFO: Extracting primitive: V06_WIPES_POUCH_FORM_B_MESH
09:08:34 | INFO: Primitives created: 1
09:08:34 | INFO: Extracting primitive: V06_WIPES_POUCH_FORM_BED_MESH
09:08:34 | INFO: Primitives created: 1
09:08:34 | INFO: Extracting primitive: V06_WIPES_POUCH_FORM_ROLLER0_MESH
09:08:34 | INFO: Primitives created: 1
09:08:34 | INFO: Extracting primitive: V06_WIPES_POUCH_FORM_ROLLER1_MESH
09:08:34 | INFO: Primitives created: 1
09:08:34 | INFO: Extracting primitive: V06_WIPES_POUCH_FORM_ROLLER2_MESH
09:08:34 | INFO: Primitives created: 1
09:08:34 | INFO: Extracting primitive: V06_WIPES_POUCH_FORM_ROLLER3_MESH
09:08:34 | INFO: Primitives created: 1
09:08:34 | INFO: Extracting primitive: V06_WIPES_POUCH_FORM_ROLLER4_MESH
09:08:34 | INFO: Primitives created: 1
09:08:34 | INFO: Extracting primitive: V06_WIPES_POUCH_FORM_ROLLER5_MESH
09:08:34 | INFO: Primitives created: 1
09:08:34 | INFO: Extracting primitive: V06_WIPES_POUCH_FORM_ROLLER6_MESH
09:08:34 | INFO: Primitives created: 1
09:08:34 | INFO: Extracting primitive: V06_WIPES_RIGHT_MESH
09:08:34 | INFO: Primitives created: 1
09:08:34 | INFO: Extracting primitive: V06_WIPES_SEAL_JAWS_MESH
09:08:34 | INFO: Primitives created: 1
09:08:34 | INFO: Extracting primitive: V06_WIPES_SOFFIT_7.999999999999998_MESH
09:08:34 | INFO: Primitives created: 1
09:08:34 | INFO: Extracting primitive: V06_WIPES_SOFFIT_22_MESH
09:08:34 | INFO: Primitives created: 1
09:08:34 | INFO: Extracting primitive: V06_WIPES_SOFFIT_36.0_MESH
09:08:34 | INFO: Primitives created: 1
09:08:34 | INFO: Extracting primitive: V06_WIPES_UNWIND_A_MESH
09:08:34 | INFO: Primitives created: 1
09:08:34 | INFO: Extracting primitive: V06_WIPES_UNWIND_B_MESH
09:08:34 | INFO: Primitives created: 1
09:08:34 | INFO: Extracting primitive: V06_WIPES_UNWIND_BED_MESH
09:08:34 | INFO: Primitives created: 1
09:08:34 | INFO: Extracting primitive: V06_WIPES_UNWIND_ROLLER0_MESH
09:08:34 | INFO: Primitives created: 1
09:08:34 | INFO: Extracting primitive: V06_WIPES_UNWIND_ROLLER1_MESH
09:08:34 | INFO: Primitives created: 1
09:08:34 | INFO: Extracting primitive: V06_WIPES_UNWIND_ROLLER2_MESH
09:08:34 | INFO: Primitives created: 1
09:08:34 | INFO: Extracting primitive: V06_WIPES_UNWIND_ROLLER3_MESH
09:08:34 | INFO: Primitives created: 1
09:08:34 | INFO: Extracting primitive: V06_WIPES_UNWIND_ROLLER4_MESH
09:08:34 | INFO: Primitives created: 1
09:08:34 | INFO: Extracting primitive: V06_WIPES_UNWIND_ROLLER5_MESH
09:08:34 | INFO: Primitives created: 1
09:08:34 | INFO: Extracting primitive: V06_WIPES_UNWIND_ROLLER6_MESH
09:08:34 | INFO: Primitives created: 1
09:08:34 | INFO: Extracting primitive: V06_WIPES_WEB_PATH_A_MESH
09:08:34 | INFO: Primitives created: 1
09:08:34 | INFO: Extracting primitive: V06_WIPES_WEB_PATH_B_MESH
09:08:34 | INFO: Primitives created: 1
09:08:34 | INFO: Extracting primitive: V06_WIPES_WEB_PATH_BED_MESH
09:08:34 | INFO: Primitives created: 1
09:08:34 | INFO: Extracting primitive: V06_WIPES_WEB_PATH_ROLLER0_MESH
09:08:34 | INFO: Primitives created: 1
09:08:34 | INFO: Extracting primitive: V06_WIPES_WEB_PATH_ROLLER1_MESH
09:08:34 | INFO: Primitives created: 1
09:08:34 | INFO: Extracting primitive: V06_WIPES_WEB_PATH_ROLLER2_MESH
09:08:34 | INFO: Primitives created: 1
09:08:34 | INFO: Extracting primitive: V06_WIPES_WEB_PATH_ROLLER3_MESH
09:08:34 | INFO: Primitives created: 1
09:08:34 | INFO: Extracting primitive: V06_WIPES_WEB_PATH_ROLLER4_MESH
09:08:34 | INFO: Primitives created: 1
09:08:34 | INFO: Extracting primitive: V06_WIPES_WEB_PATH_ROLLER5_MESH
09:08:34 | INFO: Primitives created: 1
09:08:34 | INFO: Extracting primitive: V06_WIPES_WEB_PATH_ROLLER6_MESH
09:08:34 | INFO: Primitives created: 1
09:08:34 | INFO: Extracting primitive: V06_WIPES_WEB_ROLLER_0_MESH
09:08:34 | INFO: Primitives created: 1
09:08:34 | INFO: Extracting primitive: V06_WIPES_WEB_ROLLER_1_MESH
09:08:34 | INFO: Primitives created: 1
09:08:34 | INFO: Extracting primitive: V06_WIPES_WEB_ROLLER_2_MESH
09:08:34 | INFO: Primitives created: 1
09:08:34 | INFO: Extracting primitive: V06_WIPES_WEB_ROLLER_3_MESH
09:08:34 | INFO: Primitives created: 1
09:08:34 | INFO: Extracting primitive: V06_WIPES_WEB_ROLLER_4_MESH
09:08:34 | INFO: Primitives created: 1
09:08:34 | INFO: Extracting primitive: V06_WIPES_WETTING_BATH_MESH
09:08:34 | INFO: Primitives created: 1
09:08:34 | INFO: Extracting primitive: Cube.007
09:08:34 | INFO: Primitives created: 1
09:08:34 | INFO: Extracting primitive: Cube.008
09:08:34 | INFO: Primitives created: 1
09:08:34 | INFO: Extracting primitive: Cube
09:08:34 | INFO: Primitives created: 1
09:08:34 | INFO: Extracting primitive: Cube.001
09:08:34 | INFO: Primitives created: 1
09:08:34 | INFO: Extracting primitive: Cube.002
09:08:34 | INFO: Primitives created: 1
09:08:34 | INFO: Extracting primitive: Cube.003
09:08:34 | INFO: Primitives created: 1
09:08:34 | INFO: Extracting primitive: Cube.004
09:08:34 | INFO: Primitives created: 1
09:08:34 | INFO: Extracting primitive: Cube.009
09:08:34 | INFO: Primitives created: 1
09:08:34 | INFO: Extracting primitive: Cube.005
09:08:34 | INFO: Primitives created: 1
09:08:34 | INFO: Extracting primitive: VIP_ENTRANCE_SIGNAGE_CURVE
09:08:34 | INFO: Primitives created: 1
09:08:34 | INFO: Extracting primitive: Cube.006
09:08:34 | INFO: Primitives created: 1
09:08:35 | INFO: Extracting primitive: Mesh_0
09:08:35 | INFO: Primitives created: 1
09:08:35 | INFO: Extracting primitive: Mesh_1
09:08:35 | INFO: Primitives created: 1
09:08:35 | INFO: Extracting primitive: Mesh_2
09:08:35 | INFO: Primitives created: 1
09:08:35 | INFO: Extracting primitive: Mesh_3
09:08:35 | INFO: Primitives created: 1
09:08:35 | INFO: Extracting primitive: Mesh_4
09:08:35 | INFO: Primitives created: 1
09:08:35 | INFO: Extracting primitive: Mesh_5
09:08:35 | INFO: Primitives created: 1
09:08:35 | INFO: Extracting primitive: Mesh_6
09:08:35 | INFO: Primitives created: 1
09:08:35 | INFO: Extracting primitive: Mesh_7
09:08:35 | INFO: Primitives created: 1
09:08:35 | INFO: Extracting primitive: Mesh_8
09:08:35 | INFO: Primitives created: 1
09:08:35 | INFO: Extracting primitive: Mesh_9
09:08:35 | INFO: Primitives created: 1
09:08:35 | INFO: Extracting primitive: Mesh_10
09:08:35 | INFO: Primitives created: 1
09:08:35 | INFO: Extracting primitive: Mesh_11
09:08:35 | INFO: Primitives created: 1
09:08:35 | INFO: Extracting primitive: Mesh_12
09:08:35 | INFO: Primitives created: 1
09:08:35 | INFO: Extracting primitive: Mesh_13
09:08:35 | INFO: Primitives created: 1
09:08:35 | INFO: Extracting primitive: Mesh_14
09:08:35 | INFO: Primitives created: 1
09:08:35 | INFO: Extracting primitive: Mesh_15
09:08:35 | INFO: Primitives created: 1
09:08:35 | INFO: Extracting primitive: Mesh_16
09:08:35 | INFO: Primitives created: 1
09:08:35 | INFO: Extracting primitive: Mesh_17
09:08:35 | INFO: Primitives created: 1
09:08:35 | INFO: Extracting primitive: Mesh_18
09:08:35 | INFO: Primitives created: 1
09:08:35 | INFO: Extracting primitive: Mesh_19
09:08:35 | INFO: Primitives created: 1
09:08:35 | INFO: Extracting primitive: Mesh_20
09:08:35 | INFO: Primitives created: 1
09:08:35 | INFO: Extracting primitive: Mesh_21
09:08:35 | INFO: Primitives created: 1
09:08:35 | INFO: Extracting primitive: Mesh_22
09:08:35 | INFO: Primitives created: 1
09:08:35 | INFO: Extracting primitive: Mesh_23
09:08:35 | INFO: Primitives created: 1
09:08:35 | INFO: Extracting primitive: Mesh_24
09:08:35 | INFO: Primitives created: 1
09:08:35 | INFO: Extracting primitive: Mesh_25
09:08:35 | INFO: Primitives created: 1
09:08:35 | INFO: Extracting primitive: Mesh_26
09:08:35 | INFO: Primitives created: 1
09:08:35 | INFO: Extracting primitive: Mesh_27
09:08:35 | INFO: Primitives created: 1
09:08:35 | INFO: Extracting primitive: Mesh_28
09:08:35 | INFO: Primitives created: 1
09:08:35 | INFO: Extracting primitive: Mesh_29
09:08:35 | INFO: Primitives created: 1
09:08:35 | INFO: Extracting primitive: Mesh_30
09:08:35 | INFO: Primitives created: 1
09:08:35 | INFO: Extracting primitive: Mesh_31
09:08:35 | INFO: Primitives created: 1
09:08:35 | INFO: Extracting primitive: Mesh_32
09:08:35 | INFO: Primitives created: 1
09:08:35 | INFO: Extracting primitive: Mesh_33
09:08:35 | INFO: Primitives created: 1
09:08:35 | INFO: Extracting primitive: Mesh_34
09:08:35 | INFO: Primitives created: 1
09:08:35 | INFO: Extracting primitive: Mesh_35
09:08:35 | INFO: Primitives created: 1
09:08:35 | INFO: Extracting primitive: Mesh_36
09:08:35 | INFO: Primitives created: 1
09:08:35 | INFO: Extracting primitive: Mesh_37
09:08:35 | INFO: Primitives created: 1
09:08:35 | INFO: Extracting primitive: Mesh_38
09:08:35 | INFO: Primitives created: 1
09:08:35 | INFO: Extracting primitive: Mesh_39
09:08:35 | INFO: Primitives created: 1
09:08:35 | INFO: Extracting primitive: Mesh_40
09:08:35 | INFO: Primitives created: 1
09:08:35 | INFO: Extracting primitive: Mesh_41
09:08:35 | INFO: Primitives created: 1
09:08:35 | INFO: Extracting primitive: Mesh_42
09:08:35 | INFO: Primitives created: 1
09:08:35 | INFO: Extracting primitive: Mesh_43
09:08:35 | INFO: Primitives created: 1
09:08:35 | INFO: Extracting primitive: Mesh_44
09:08:35 | INFO: Primitives created: 1
09:08:35 | INFO: Extracting primitive: Mesh_45
09:08:35 | INFO: Primitives created: 1
09:08:35 | INFO: Extracting primitive: Mesh_46
09:08:35 | INFO: Primitives created: 1
09:08:35 | INFO: Extracting primitive: Mesh_47
09:08:35 | INFO: Primitives created: 1
09:08:35 | INFO: Extracting primitive: Mesh_48
09:08:35 | INFO: Primitives created: 1
09:08:35 | INFO: Extracting primitive: Mesh_49
09:08:35 | INFO: Primitives created: 1
09:08:35 | INFO: Extracting primitive: Mesh_50
09:08:35 | INFO: Primitives created: 1
09:08:35 | INFO: Extracting primitive: Mesh_51
09:08:35 | INFO: Primitives created: 1
09:08:35 | INFO: Extracting primitive: Mesh_52
09:08:35 | INFO: Primitives created: 1
09:08:35 | INFO: Extracting primitive: Mesh_53
09:08:35 | INFO: Primitives created: 1
09:08:35 | INFO: Extracting primitive: Mesh_54
09:08:35 | INFO: Primitives created: 1
09:08:35 | INFO: Extracting primitive: Mesh_55
09:08:35 | INFO: Primitives created: 1
09:08:35 | INFO: Extracting primitive: Mesh_56
09:08:35 | INFO: Primitives created: 1
09:08:35 | INFO: Extracting primitive: Mesh_57
09:08:35 | INFO: Primitives created: 1
09:08:35 | INFO: Extracting primitive: Mesh_58
09:08:35 | INFO: Primitives created: 1
09:08:35 | INFO: Extracting primitive: Mesh_59
09:08:35 | INFO: Primitives created: 1
09:08:35 | INFO: Extracting primitive: Mesh_60
09:08:35 | INFO: Primitives created: 1
09:08:35 | INFO: Extracting primitive: Mesh_61
09:08:35 | INFO: Primitives created: 1
09:08:35 | INFO: Extracting primitive: Mesh_62
09:08:35 | INFO: Primitives created: 1
09:08:35 | INFO: Extracting primitive: Mesh_63
09:08:35 | INFO: Primitives created: 1
09:08:35 | INFO: Extracting primitive: Mesh_64
09:08:35 | INFO: Primitives created: 1
09:08:35 | INFO: Extracting primitive: Mesh_65
09:08:35 | INFO: Primitives created: 1
09:08:35 | INFO: Extracting primitive: Mesh_66
09:08:35 | INFO: Primitives created: 1
09:08:35 | INFO: Extracting primitive: Mesh_67
09:08:35 | INFO: Primitives created: 1
09:08:35 | INFO: Extracting primitive: Mesh_68
09:08:35 | INFO: Primitives created: 1
09:08:35 | INFO: Extracting primitive: Mesh_69
09:08:35 | INFO: Primitives created: 1
09:08:35 | INFO: Extracting primitive: Mesh_70
09:08:35 | INFO: Primitives created: 1
09:08:35 | INFO: Extracting primitive: Mesh_71
09:08:35 | INFO: Primitives created: 1
09:08:35 | INFO: Extracting primitive: Mesh_72
09:08:35 | INFO: Primitives created: 1
09:08:35 | INFO: Extracting primitive: Mesh_73
09:08:35 | INFO: Primitives created: 1
09:08:35 | INFO: Extracting primitive: Mesh_74
09:08:35 | INFO: Primitives created: 1
09:08:35 | INFO: Extracting primitive: Mesh_75
09:08:35 | INFO: Primitives created: 1
09:08:35 | INFO: Extracting primitive: Mesh_76
09:08:35 | INFO: Primitives created: 1
09:08:35 | INFO: Extracting primitive: Mesh_77
09:08:35 | INFO: Primitives created: 1
09:08:35 | INFO: Extracting primitive: Mesh_78
09:08:35 | INFO: Primitives created: 1
09:08:35 | INFO: Extracting primitive: Mesh_79
09:08:35 | INFO: Primitives created: 1
09:08:35 | INFO: Extracting primitive: Mesh_80
09:08:35 | INFO: Primitives created: 1
09:08:35 | INFO: Extracting primitive: Mesh_81
09:08:35 | INFO: Primitives created: 1
09:08:35 | INFO: Extracting primitive: Mesh_82
09:08:35 | INFO: Primitives created: 1
09:08:35 | INFO: Extracting primitive: Mesh_83
09:08:35 | INFO: Primitives created: 1
09:08:35 | INFO: Extracting primitive: Mesh_84
09:08:35 | INFO: Primitives created: 1
09:08:35 | INFO: Extracting primitive: Mesh_85
09:08:35 | INFO: Primitives created: 1
09:08:35 | INFO: Extracting primitive: Mesh_86
09:08:35 | INFO: Primitives created: 1
09:08:35 | INFO: Extracting primitive: Mesh_87
09:08:35 | INFO: Primitives created: 1
09:08:35 | INFO: Extracting primitive: Mesh_88
09:08:35 | INFO: Primitives created: 1
09:08:35 | INFO: Extracting primitive: Mesh_89
09:08:35 | INFO: Primitives created: 1
09:08:35 | INFO: Extracting primitive: Mesh_90
09:08:35 | INFO: Primitives created: 1
09:08:35 | INFO: Extracting primitive: Mesh_91
09:08:35 | INFO: Primitives created: 1
09:08:35 | INFO: Extracting primitive: Mesh_92
09:08:35 | INFO: Primitives created: 1
09:08:35 | INFO: Extracting primitive: Mesh_93
09:08:35 | INFO: Primitives created: 1
09:08:35 | INFO: Extracting primitive: Mesh_94
09:08:35 | INFO: Primitives created: 1
09:08:35 | INFO: Extracting primitive: Mesh_95
09:08:35 | INFO: Primitives created: 1
09:08:35 | INFO: Extracting primitive: Mesh_96
09:08:35 | INFO: Primitives created: 1
09:08:35 | INFO: Extracting primitive: Mesh_97
09:08:35 | INFO: Primitives created: 1
09:08:35 | INFO: Extracting primitive: Mesh_98
09:08:35 | INFO: Primitives created: 1
09:08:35 | INFO: Extracting primitive: Mesh_99
09:08:35 | INFO: Primitives created: 1
09:08:35 | INFO: Extracting primitive: Mesh_100
09:08:35 | INFO: Primitives created: 1
09:08:35 | INFO: Extracting primitive: Mesh_101
09:08:35 | INFO: Primitives created: 1
09:08:35 | INFO: Extracting primitive: Mesh_102
09:08:35 | INFO: Primitives created: 1
09:08:35 | INFO: Extracting primitive: Mesh_103
09:08:35 | INFO: Primitives created: 1
09:08:35 | INFO: Extracting primitive: Mesh_104
09:08:35 | INFO: Primitives created: 1
09:08:35 | INFO: Extracting primitive: Mesh_105
09:08:35 | INFO: Primitives created: 1
09:08:35 | INFO: Extracting primitive: Mesh_106
09:08:35 | INFO: Primitives created: 1
09:08:35 | INFO: Extracting primitive: Mesh_107
09:08:35 | INFO: Primitives created: 1
09:08:35 | INFO: Extracting primitive: Mesh_108
09:08:35 | INFO: Primitives created: 1
09:08:35 | INFO: Extracting primitive: Mesh_109
09:08:35 | INFO: Primitives created: 1
09:08:35 | INFO: Extracting primitive: Mesh_110
09:08:35 | INFO: Primitives created: 1
09:08:35 | INFO: Extracting primitive: Mesh_111
09:08:35 | INFO: Primitives created: 1
09:08:35 | INFO: Extracting primitive: Mesh_112
09:08:35 | INFO: Primitives created: 1
09:08:35 | INFO: Extracting primitive: Mesh_113
09:08:35 | INFO: Primitives created: 1
09:08:35 | INFO: Extracting primitive: Mesh_114
09:08:35 | INFO: Primitives created: 1
09:08:35 | INFO: Extracting primitive: Mesh_115
09:08:35 | INFO: Primitives created: 1
09:08:35 | INFO: Extracting primitive: Mesh_116
09:08:35 | INFO: Primitives created: 1
09:08:35 | INFO: Extracting primitive: Mesh_117
09:08:35 | INFO: Primitives created: 1
09:08:35 | INFO: Extracting primitive: Mesh_118
09:08:35 | INFO: Primitives created: 1
09:08:35 | INFO: Extracting primitive: Mesh_119
09:08:35 | INFO: Primitives created: 1
09:08:35 | INFO: Extracting primitive: Mesh_120
09:08:35 | INFO: Primitives created: 1
09:08:35 | INFO: Extracting primitive: Mesh_121
09:08:35 | INFO: Primitives created: 1
09:08:35 | INFO: Extracting primitive: Mesh_122
09:08:35 | INFO: Primitives created: 1
09:08:35 | INFO: Extracting primitive: Mesh_123
09:08:35 | INFO: Primitives created: 1
09:08:35 | INFO: Extracting primitive: Mesh_124
09:08:35 | INFO: Primitives created: 1
09:08:35 | INFO: Extracting primitive: Mesh_125
09:08:35 | INFO: Primitives created: 1
09:08:35 | INFO: Extracting primitive: Mesh_126
09:08:35 | INFO: Primitives created: 1
09:08:35 | INFO: Extracting primitive: Mesh_127
09:08:35 | INFO: Primitives created: 1
09:08:35 | INFO: Extracting primitive: Mesh_128
09:08:35 | INFO: Primitives created: 1
09:08:35 | INFO: Extracting primitive: Mesh_129
09:08:35 | INFO: Primitives created: 1
09:08:35 | INFO: Extracting primitive: Mesh_130
09:08:35 | INFO: Primitives created: 1
09:08:35 | INFO: Extracting primitive: Mesh_131
09:08:35 | INFO: Primitives created: 1
09:08:35 | INFO: Extracting primitive: Mesh_132
09:08:35 | INFO: Primitives created: 1
09:08:35 | INFO: Extracting primitive: Mesh_133
09:08:35 | INFO: Primitives created: 1
09:08:35 | INFO: Extracting primitive: Mesh_134
09:08:35 | INFO: Primitives created: 1
09:08:35 | INFO: Extracting primitive: Mesh_135
09:08:35 | INFO: Primitives created: 1
09:08:35 | INFO: Extracting primitive: Mesh_136
09:08:35 | INFO: Primitives created: 1
09:08:35 | INFO: Extracting primitive: Mesh_137
09:08:35 | INFO: Primitives created: 1
09:08:35 | INFO: Extracting primitive: Mesh_138
09:08:35 | INFO: Primitives created: 1
09:08:35 | INFO: Extracting primitive: Mesh_139
09:08:35 | INFO: Primitives created: 1
09:08:35 | INFO: Extracting primitive: Mesh_140
09:08:35 | INFO: Primitives created: 1
09:08:35 | INFO: Extracting primitive: Mesh_141
09:08:35 | INFO: Primitives created: 1
09:08:35 | INFO: Extracting primitive: Mesh_142
09:08:35 | INFO: Primitives created: 1
09:08:35 | INFO: Extracting primitive: Mesh_143
09:08:35 | INFO: Primitives created: 1
09:08:35 | INFO: Extracting primitive: Mesh_144
09:08:35 | INFO: Primitives created: 1
09:08:35 | INFO: Extracting primitive: Mesh_145
09:08:35 | INFO: Primitives created: 1
09:08:35 | INFO: Extracting primitive: Mesh_146
09:08:35 | INFO: Primitives created: 1
09:08:35 | INFO: Extracting primitive: Mesh_147
09:08:35 | INFO: Primitives created: 1
09:08:35 | INFO: Extracting primitive: Mesh_148
09:08:35 | INFO: Primitives created: 1
09:08:35 | INFO: Extracting primitive: Mesh_149
09:08:35 | INFO: Primitives created: 1
09:08:35 | INFO: Extracting primitive: Mesh_150
09:08:35 | INFO: Primitives created: 1
09:08:35 | INFO: Extracting primitive: Mesh_151
09:08:35 | INFO: Primitives created: 1
09:08:35 | INFO: Extracting primitive: Mesh_152
09:08:35 | INFO: Primitives created: 1
09:08:35 | INFO: Extracting primitive: Mesh_153
09:08:35 | INFO: Primitives created: 1
09:08:35 | INFO: Extracting primitive: Mesh_154
09:08:35 | INFO: Primitives created: 1
09:08:35 | INFO: Extracting primitive: Mesh_155
09:08:35 | INFO: Primitives created: 1
09:08:35 | INFO: Extracting primitive: Mesh_156
09:08:35 | INFO: Primitives created: 1
09:08:35 | INFO: Extracting primitive: Mesh_157
09:08:35 | INFO: Primitives created: 1
09:08:35 | INFO: Extracting primitive: Mesh_158
09:08:35 | INFO: Primitives created: 1
09:08:35 | INFO: Extracting primitive: Mesh_159
09:08:35 | INFO: Primitives created: 1
09:08:35 | INFO: Extracting primitive: Mesh_160
09:08:35 | INFO: Primitives created: 1
09:08:35 | INFO: Extracting primitive: Mesh_161
09:08:35 | INFO: Primitives created: 1
09:08:35 | INFO: Extracting primitive: Mesh_162
09:08:35 | INFO: Primitives created: 1
09:08:35 | INFO: Extracting primitive: Mesh_163
09:08:35 | INFO: Primitives created: 1
09:08:35 | INFO: Extracting primitive: Mesh_164
09:08:35 | INFO: Primitives created: 1
09:08:35 | INFO: Extracting primitive: Mesh_165
09:08:35 | INFO: Primitives created: 1
09:08:35 | INFO: Extracting primitive: Mesh_166
09:08:35 | INFO: Primitives created: 1
09:08:35 | INFO: Extracting primitive: Mesh_167
09:08:35 | INFO: Primitives created: 1
09:08:35 | INFO: Extracting primitive: Mesh_168
09:08:35 | INFO: Primitives created: 1
09:08:35 | INFO: Extracting primitive: Mesh_169
09:08:35 | INFO: Primitives created: 1
09:08:35 | INFO: Extracting primitive: Mesh_170
09:08:35 | INFO: Primitives created: 1
09:08:35 | INFO: Extracting primitive: Mesh_171
09:08:35 | INFO: Primitives created: 1
09:08:35 | INFO: Extracting primitive: Mesh_172
09:08:35 | INFO: Primitives created: 1
09:08:35 | INFO: Extracting primitive: Mesh_173
09:08:35 | INFO: Primitives created: 1
09:08:35 | INFO: Extracting primitive: Mesh_174
09:08:35 | INFO: Primitives created: 1
09:08:35 | INFO: Extracting primitive: Mesh_175
09:08:35 | INFO: Primitives created: 1
09:08:35 | INFO: Extracting primitive: Mesh_176
09:08:35 | INFO: Primitives created: 1
09:08:35 | INFO: Extracting primitive: Mesh_177
09:08:35 | INFO: Primitives created: 1
09:08:35 | INFO: Extracting primitive: Mesh_178
09:08:35 | INFO: Primitives created: 1
09:08:35 | INFO: Extracting primitive: Mesh_179
09:08:35 | INFO: Primitives created: 1
09:08:35 | INFO: Extracting primitive: Mesh_180
09:08:35 | INFO: Primitives created: 1
09:08:35 | INFO: Extracting primitive: Mesh_181
09:08:35 | INFO: Primitives created: 1
09:08:35 | INFO: Extracting primitive: Mesh_182
09:08:35 | INFO: Primitives created: 1
09:08:35 | INFO: Extracting primitive: Mesh_183
09:08:35 | INFO: Primitives created: 1
09:08:35 | INFO: Extracting primitive: Mesh_184
09:08:35 | INFO: Primitives created: 1
09:08:35 | INFO: Extracting primitive: Mesh_185
09:08:35 | INFO: Primitives created: 1
09:08:35 | INFO: Extracting primitive: Mesh_186
09:08:35 | INFO: Primitives created: 1
09:08:35 | INFO: Extracting primitive: Mesh_187
09:08:35 | INFO: Primitives created: 1
09:08:35 | INFO: Extracting primitive: Mesh_188
09:08:35 | INFO: Primitives created: 1
09:08:35 | INFO: Extracting primitive: Mesh_189
09:08:35 | INFO: Primitives created: 1
09:08:35 | INFO: Extracting primitive: Mesh_190
09:08:35 | INFO: Primitives created: 1
09:08:35 | INFO: Extracting primitive: Mesh_191
09:08:35 | INFO: Primitives created: 1
09:08:35 | INFO: Extracting primitive: Mesh_192
09:08:35 | INFO: Primitives created: 1
09:08:35 | INFO: Extracting primitive: Mesh_193
09:08:35 | INFO: Primitives created: 1
09:08:35 | INFO: Extracting primitive: Mesh_194
09:08:35 | INFO: Primitives created: 1
09:08:35 | INFO: Extracting primitive: Mesh_195
09:08:35 | INFO: Primitives created: 1
09:08:35 | INFO: Extracting primitive: Mesh_196
09:08:35 | INFO: Primitives created: 1
09:08:35 | INFO: Extracting primitive: Mesh_197
09:08:35 | INFO: Primitives created: 1
09:08:35 | INFO: Extracting primitive: Mesh_198
09:08:35 | INFO: Primitives created: 1
09:08:35 | INFO: Extracting primitive: Mesh_199
09:08:35 | INFO: Primitives created: 1
09:08:35 | INFO: Extracting primitive: Mesh_200
09:08:35 | INFO: Primitives created: 1
09:08:35 | INFO: Extracting primitive: Mesh_201
09:08:35 | INFO: Primitives created: 1
09:08:35 | INFO: Extracting primitive: Mesh_202
09:08:35 | INFO: Primitives created: 1
09:08:35 | INFO: Extracting primitive: Mesh_203
09:08:35 | INFO: Primitives created: 1
09:08:35 | INFO: Extracting primitive: Mesh_204
09:08:35 | INFO: Primitives created: 1
09:08:35 | INFO: Extracting primitive: Mesh_205
09:08:35 | INFO: Primitives created: 1
09:08:35 | INFO: Extracting primitive: Mesh_206
09:08:35 | INFO: Primitives created: 1
09:08:35 | INFO: Extracting primitive: Mesh_207
09:08:35 | INFO: Primitives created: 1
09:08:35 | INFO: Extracting primitive: Mesh_208
09:08:35 | INFO: Primitives created: 1
09:08:35 | INFO: Extracting primitive: Mesh_209
09:08:35 | INFO: Primitives created: 1
09:08:35 | INFO: Extracting primitive: Mesh_210
09:08:35 | INFO: Primitives created: 1
09:08:35 | INFO: Extracting primitive: Mesh_211
09:08:35 | INFO: Primitives created: 1
09:08:35 | INFO: Extracting primitive: Mesh_212
09:08:35 | INFO: Primitives created: 1
09:08:35 | INFO: Extracting primitive: Mesh_213
09:08:35 | INFO: Primitives created: 1
09:08:35 | INFO: Extracting primitive: Mesh_214
09:08:35 | INFO: Primitives created: 1
09:08:35 | INFO: Extracting primitive: Mesh_215
09:08:35 | INFO: Primitives created: 1
09:08:35 | INFO: Extracting primitive: Mesh_216
09:08:35 | INFO: Primitives created: 1
09:08:35 | INFO: Extracting primitive: Mesh_217
09:08:35 | INFO: Primitives created: 1
09:08:35 | INFO: Extracting primitive: Mesh_218
09:08:35 | INFO: Primitives created: 1
09:08:35 | INFO: Extracting primitive: Mesh_219
09:08:35 | INFO: Primitives created: 1
09:08:35 | INFO: Extracting primitive: Mesh_220
09:08:35 | INFO: Primitives created: 1
09:08:35 | INFO: Extracting primitive: Mesh_221
09:08:35 | INFO: Primitives created: 1
09:08:35 | INFO: Extracting primitive: Mesh_222
09:08:35 | INFO: Primitives created: 1
09:08:35 | INFO: Extracting primitive: Mesh_223
09:08:35 | INFO: Primitives created: 1
09:08:35 | INFO: Extracting primitive: Mesh_224
09:08:35 | INFO: Primitives created: 1
09:08:35 | INFO: Extracting primitive: Mesh_225
09:08:35 | INFO: Primitives created: 1
09:08:35 | INFO: Extracting primitive: Mesh_226
09:08:35 | INFO: Primitives created: 1
09:08:35 | INFO: Extracting primitive: Mesh_227
09:08:35 | INFO: Primitives created: 1
09:08:35 | INFO: Extracting primitive: Mesh_228
09:08:35 | INFO: Primitives created: 1
09:08:35 | INFO: Extracting primitive: Mesh_229
09:08:35 | INFO: Primitives created: 1
09:08:35 | INFO: Extracting primitive: Mesh_230
09:08:35 | INFO: Primitives created: 1
09:08:35 | INFO: Extracting primitive: Mesh_231
09:08:35 | INFO: Primitives created: 1
09:08:35 | INFO: Extracting primitive: Mesh_232
09:08:35 | INFO: Primitives created: 1
09:08:35 | INFO: Extracting primitive: Mesh_233
09:08:35 | INFO: Primitives created: 1
09:08:35 | INFO: Extracting primitive: Mesh_234
09:08:35 | INFO: Primitives created: 1
09:08:35 | INFO: Extracting primitive: Mesh_235
09:08:35 | INFO: Primitives created: 1
09:08:35 | INFO: Extracting primitive: Mesh_236
09:08:35 | INFO: Primitives created: 1
09:08:35 | INFO: Extracting primitive: Mesh_237
09:08:35 | INFO: Primitives created: 1
09:08:35 | INFO: Extracting primitive: Mesh_238
09:08:35 | INFO: Primitives created: 1
09:08:35 | INFO: Extracting primitive: Mesh_239
09:08:35 | INFO: Primitives created: 1
09:08:35 | INFO: Extracting primitive: Mesh_240
09:08:35 | INFO: Primitives created: 1
09:08:35 | INFO: Extracting primitive: Mesh_241
09:08:35 | INFO: Primitives created: 1
09:08:35 | INFO: Extracting primitive: Mesh_242
09:08:35 | INFO: Primitives created: 1
09:08:35 | INFO: Extracting primitive: Mesh_243
09:08:35 | INFO: Primitives created: 1
09:08:35 | INFO: Extracting primitive: Mesh_244
09:08:35 | INFO: Primitives created: 1
09:08:35 | INFO: Extracting primitive: Mesh_245
09:08:35 | INFO: Primitives created: 1
09:08:35 | INFO: Extracting primitive: Mesh_246
09:08:35 | INFO: Primitives created: 1
09:08:35 | INFO: Extracting primitive: Mesh_247
09:08:35 | INFO: Primitives created: 1
09:08:35 | INFO: Extracting primitive: Mesh_248
09:08:35 | INFO: Primitives created: 1
09:08:35 | INFO: Extracting primitive: Mesh_249
09:08:35 | INFO: Primitives created: 1
09:08:35 | INFO: Extracting primitive: Mesh_250
09:08:35 | INFO: Primitives created: 1
09:08:35 | INFO: Extracting primitive: Mesh_251
09:08:35 | INFO: Primitives created: 1
09:08:35 | INFO: Extracting primitive: Mesh_252
09:08:35 | INFO: Primitives created: 1
09:08:35 | INFO: Extracting primitive: Mesh_253
09:08:35 | INFO: Primitives created: 1
09:08:35 | INFO: Extracting primitive: Mesh_254
09:08:35 | INFO: Primitives created: 1
09:08:35 | INFO: Extracting primitive: Mesh_255
09:08:35 | INFO: Primitives created: 1
09:08:35 | INFO: Extracting primitive: Mesh_256
09:08:35 | INFO: Primitives created: 1
09:08:35 | INFO: Extracting primitive: Mesh_257
09:08:35 | INFO: Primitives created: 1
09:08:35 | INFO: Extracting primitive: Mesh_258
09:08:35 | INFO: Primitives created: 1
09:08:35 | INFO: Extracting primitive: Mesh_259
09:08:35 | INFO: Primitives created: 1
09:08:35 | INFO: Extracting primitive: Mesh_260
09:08:35 | INFO: Primitives created: 1
09:08:35 | INFO: Extracting primitive: Mesh_261
09:08:35 | INFO: Primitives created: 1
09:08:35 | INFO: Extracting primitive: Mesh_262
09:08:35 | INFO: Primitives created: 1
09:08:35 | INFO: Extracting primitive: Mesh_263
09:08:35 | INFO: Primitives created: 1
09:08:35 | INFO: Extracting primitive: Mesh_264
09:08:35 | INFO: Primitives created: 1
09:08:35 | INFO: Extracting primitive: Mesh_265
09:08:35 | INFO: Primitives created: 1
09:08:35 | INFO: Extracting primitive: Mesh_266
09:08:35 | INFO: Primitives created: 1
09:08:35 | INFO: Extracting primitive: Mesh_267
09:08:35 | INFO: Primitives created: 1
09:08:35 | INFO: Extracting primitive: Mesh_268
09:08:35 | INFO: Primitives created: 1
09:08:35 | INFO: Extracting primitive: Mesh_269
09:08:35 | INFO: Primitives created: 1
09:08:35 | INFO: Extracting primitive: Mesh_270
09:08:35 | INFO: Primitives created: 1
09:08:35 | INFO: Extracting primitive: Mesh_271
09:08:35 | INFO: Primitives created: 1
09:08:35 | INFO: Extracting primitive: Mesh_272
09:08:35 | INFO: Primitives created: 1
09:08:35 | INFO: Extracting primitive: Mesh_273
09:08:35 | INFO: Primitives created: 1
09:08:35 | INFO: Extracting primitive: Mesh_274
09:08:35 | INFO: Primitives created: 1
09:08:35 | INFO: Extracting primitive: Mesh_275
09:08:35 | INFO: Primitives created: 1
09:08:35 | INFO: Extracting primitive: Mesh_276
09:08:35 | INFO: Primitives created: 1
09:08:35 | INFO: Extracting primitive: Mesh_277
09:08:35 | INFO: Primitives created: 1
09:08:35 | INFO: Extracting primitive: Mesh_278
09:08:35 | INFO: Primitives created: 1
09:08:35 | INFO: Extracting primitive: Mesh_279
09:08:35 | INFO: Primitives created: 1
09:08:35 | INFO: Extracting primitive: Mesh_280
09:08:35 | INFO: Primitives created: 1
09:08:35 | INFO: Extracting primitive: Mesh_281
09:08:35 | INFO: Primitives created: 1
09:08:35 | INFO: Extracting primitive: Mesh_282
09:08:35 | INFO: Primitives created: 1
09:08:35 | INFO: Extracting primitive: Mesh_283
09:08:35 | INFO: Primitives created: 1
09:08:35 | INFO: Extracting primitive: Mesh_284
09:08:35 | INFO: Primitives created: 1
09:08:35 | INFO: Extracting primitive: Mesh_285
09:08:35 | INFO: Primitives created: 1
09:08:35 | INFO: Extracting primitive: Mesh_286
09:08:35 | INFO: Primitives created: 1
09:08:35 | INFO: Extracting primitive: Mesh_287
09:08:35 | INFO: Primitives created: 1
09:08:35 | INFO: Extracting primitive: Mesh_288
09:08:35 | INFO: Primitives created: 1
09:08:35 | INFO: Extracting primitive: Mesh_289
09:08:35 | INFO: Primitives created: 1
09:08:35 | INFO: Extracting primitive: Mesh_290
09:08:35 | INFO: Primitives created: 1
09:08:35 | INFO: Extracting primitive: Mesh_291
09:08:35 | INFO: Primitives created: 1
09:08:35 | INFO: Extracting primitive: Mesh_292
09:08:35 | INFO: Primitives created: 1
09:08:35 | INFO: Extracting primitive: Mesh_293
09:08:35 | INFO: Primitives created: 1
09:08:35 | INFO: Extracting primitive: Mesh_294
09:08:35 | INFO: Primitives created: 1
09:08:35 | INFO: Extracting primitive: Mesh_295
09:08:35 | INFO: Primitives created: 1
09:08:35 | INFO: Extracting primitive: Mesh_296
09:08:35 | INFO: Primitives created: 1
09:08:35 | INFO: Extracting primitive: Mesh_297
09:08:35 | INFO: Primitives created: 1
09:08:35 | INFO: Extracting primitive: Mesh_298
09:08:35 | INFO: Primitives created: 1
09:08:35 | INFO: Extracting primitive: Mesh_299
09:08:35 | INFO: Primitives created: 1
09:08:35 | INFO: Extracting primitive: Mesh_300
09:08:35 | INFO: Primitives created: 1
09:08:35 | INFO: Extracting primitive: Mesh_301
09:08:35 | INFO: Primitives created: 1
09:08:35 | INFO: Extracting primitive: Mesh_302
09:08:35 | INFO: Primitives created: 1
09:08:35 | INFO: Extracting primitive: Mesh_303
09:08:35 | INFO: Primitives created: 1
09:08:35 | INFO: Extracting primitive: Mesh_304
09:08:35 | INFO: Primitives created: 1
09:08:35 | INFO: Extracting primitive: Mesh_305
09:08:35 | INFO: Primitives created: 1
09:08:35 | INFO: Extracting primitive: Mesh_306
09:08:35 | INFO: Primitives created: 1
09:08:35 | INFO: Extracting primitive: Mesh_307
09:08:35 | INFO: Primitives created: 1
09:08:35 | INFO: Extracting primitive: Mesh_308
09:08:35 | INFO: Primitives created: 1
09:08:35 | INFO: Extracting primitive: Mesh_309
09:08:35 | INFO: Primitives created: 1
09:08:35 | INFO: Extracting primitive: Mesh_310
09:08:35 | INFO: Primitives created: 1
09:08:35 | INFO: Extracting primitive: Mesh_311
09:08:35 | INFO: Primitives created: 1
09:08:35 | INFO: Extracting primitive: Mesh_312
09:08:35 | INFO: Primitives created: 1
09:08:35 | INFO: Extracting primitive: Mesh_313
09:08:35 | INFO: Primitives created: 1
09:08:35 | INFO: Extracting primitive: Mesh_314
09:08:35 | INFO: Primitives created: 1
09:08:35 | INFO: Extracting primitive: Mesh_315
09:08:35 | INFO: Primitives created: 1
09:08:35 | INFO: Extracting primitive: Mesh_316
09:08:35 | INFO: Primitives created: 1
09:08:35 | INFO: Extracting primitive: Mesh_317
09:08:35 | INFO: Primitives created: 1
09:08:35 | INFO: Extracting primitive: Mesh_318
09:08:35 | INFO: Primitives created: 1
09:08:35 | INFO: Extracting primitive: Mesh_319
09:08:35 | INFO: Primitives created: 1
09:08:35 | INFO: Extracting primitive: Mesh_320
09:08:35 | INFO: Primitives created: 1
09:08:35 | INFO: Extracting primitive: Mesh_321
09:08:35 | INFO: Primitives created: 1
09:08:35 | INFO: Extracting primitive: Mesh_322
09:08:35 | INFO: Primitives created: 1
09:08:35 | INFO: Extracting primitive: Mesh_323
09:08:35 | INFO: Primitives created: 1
09:08:35 | INFO: Extracting primitive: Mesh_324
09:08:35 | INFO: Primitives created: 1
09:08:35 | INFO: Extracting primitive: Mesh_325
09:08:35 | INFO: Primitives created: 1
09:08:35 | INFO: Extracting primitive: Mesh_326
09:08:35 | INFO: Primitives created: 1
09:08:35 | INFO: Extracting primitive: Mesh_327
09:08:35 | INFO: Primitives created: 1
09:08:35 | INFO: Extracting primitive: Mesh_328
09:08:35 | INFO: Primitives created: 1
09:08:35 | INFO: Extracting primitive: Mesh_329
09:08:35 | INFO: Primitives created: 1
09:08:35 | INFO: Extracting primitive: Mesh_330
09:08:35 | INFO: Primitives created: 1
09:08:35 | INFO: Extracting primitive: Mesh_331
09:08:35 | INFO: Primitives created: 1
09:08:35 | INFO: Extracting primitive: Mesh_332
09:08:35 | INFO: Primitives created: 1
09:08:35 | INFO: Extracting primitive: Mesh_333
09:08:35 | INFO: Primitives created: 1
09:08:35 | INFO: Extracting primitive: Mesh_334
09:08:35 | INFO: Primitives created: 1
09:08:35 | INFO: Extracting primitive: Mesh_335
09:08:35 | INFO: Primitives created: 1
09:08:35 | INFO: Extracting primitive: Mesh_336
09:08:35 | INFO: Primitives created: 1
09:08:35 | INFO: Extracting primitive: Mesh_337
09:08:35 | INFO: Primitives created: 1
09:08:35 | INFO: Extracting primitive: Mesh_338
09:08:35 | INFO: Primitives created: 1
09:08:35 | INFO: Extracting primitive: Mesh_339
09:08:35 | INFO: Primitives created: 1
09:08:35 | INFO: Extracting primitive: Mesh_340
09:08:35 | INFO: Primitives created: 1
09:08:35 | INFO: Extracting primitive: Mesh_341
09:08:35 | INFO: Primitives created: 1
09:08:35 | INFO: Extracting primitive: Mesh_342
09:08:35 | INFO: Primitives created: 1
09:08:35 | INFO: Extracting primitive: Mesh_343
09:08:35 | INFO: Primitives created: 1
09:08:35 | INFO: Extracting primitive: Mesh_344
09:08:35 | INFO: Primitives created: 1
09:08:35 | INFO: Extracting primitive: Mesh_345
09:08:35 | INFO: Primitives created: 1
09:08:35 | INFO: Extracting primitive: Mesh_346
09:08:35 | INFO: Primitives created: 1
09:08:35 | INFO: Extracting primitive: Mesh_347
09:08:35 | INFO: Primitives created: 1
09:08:35 | INFO: Extracting primitive: Mesh_348
09:08:35 | INFO: Primitives created: 1
09:08:35 | INFO: Extracting primitive: Mesh_349
09:08:35 | INFO: Primitives created: 1
09:08:35 | INFO: Extracting primitive: Mesh_350
09:08:35 | INFO: Primitives created: 1
09:08:35 | INFO: Extracting primitive: Mesh_351
09:08:35 | INFO: Primitives created: 1
09:08:35 | INFO: Extracting primitive: Mesh_352
09:08:35 | INFO: Primitives created: 1
09:08:35 | INFO: Extracting primitive: Mesh_353
09:08:35 | INFO: Primitives created: 1
09:08:35 | INFO: Extracting primitive: Mesh_354
09:08:35 | INFO: Primitives created: 1
09:08:35 | INFO: Extracting primitive: Mesh_355
09:08:35 | INFO: Primitives created: 1
09:08:35 | INFO: Extracting primitive: Mesh_356
09:08:35 | INFO: Primitives created: 1
09:08:35 | INFO: Extracting primitive: Mesh_357
09:08:35 | INFO: Primitives created: 1
09:08:35 | INFO: Extracting primitive: Mesh_358
09:08:35 | INFO: Primitives created: 1
09:08:35 | INFO: Extracting primitive: Mesh_359
09:08:35 | INFO: Primitives created: 1
09:08:35 | INFO: Extracting primitive: Mesh_360
09:08:35 | INFO: Primitives created: 1
09:08:35 | INFO: Extracting primitive: Mesh_361
09:08:35 | INFO: Primitives created: 1
09:08:35 | INFO: Extracting primitive: Mesh_362
09:08:35 | INFO: Primitives created: 1
09:08:35 | INFO: Extracting primitive: Mesh_363
09:08:35 | INFO: Primitives created: 1
09:08:35 | INFO: Extracting primitive: Mesh_364
09:08:35 | INFO: Primitives created: 1
09:08:35 | INFO: Extracting primitive: Mesh_365
09:08:35 | INFO: Primitives created: 1
09:08:35 | INFO: Extracting primitive: Mesh_366
09:08:35 | INFO: Primitives created: 1
09:08:35 | INFO: Extracting primitive: Mesh_367
09:08:35 | INFO: Primitives created: 1
09:08:35 | INFO: Extracting primitive: Mesh_368
09:08:35 | INFO: Primitives created: 1
09:08:35 | INFO: Extracting primitive: Mesh_369
09:08:35 | INFO: Primitives created: 1
09:08:35 | INFO: Extracting primitive: Mesh_370
09:08:35 | INFO: Primitives created: 1
09:08:35 | INFO: Extracting primitive: Mesh_371
09:08:35 | INFO: Primitives created: 1
09:08:35 | INFO: Extracting primitive: Mesh_372
09:08:35 | INFO: Primitives created: 1
09:08:35 | INFO: Extracting primitive: Mesh_373
09:08:35 | INFO: Primitives created: 1
09:08:35 | INFO: Extracting primitive: Mesh_374
09:08:35 | INFO: Primitives created: 1
09:08:35 | INFO: Extracting primitive: Mesh_375
09:08:35 | INFO: Primitives created: 1
09:08:35 | INFO: Extracting primitive: Mesh_376
09:08:35 | INFO: Primitives created: 1
09:08:35 | INFO: Extracting primitive: Mesh_377
09:08:35 | INFO: Primitives created: 1
09:08:35 | INFO: Extracting primitive: Mesh_378
09:08:35 | INFO: Primitives created: 1
09:08:35 | INFO: Extracting primitive: Mesh_379
09:08:35 | INFO: Primitives created: 1
09:08:35 | INFO: Extracting primitive: Mesh_380
09:08:35 | INFO: Primitives created: 1
09:08:35 | INFO: Extracting primitive: Mesh_381
09:08:35 | INFO: Primitives created: 1
09:08:35 | INFO: Extracting primitive: Mesh_382
09:08:35 | INFO: Primitives created: 1
09:08:35 | INFO: Extracting primitive: Mesh_383
09:08:35 | INFO: Primitives created: 1
09:08:35 | INFO: Extracting primitive: Mesh_384
09:08:35 | INFO: Primitives created: 1
09:08:35 | INFO: Extracting primitive: Mesh_385
09:08:35 | INFO: Primitives created: 1
09:08:35 | INFO: Extracting primitive: Mesh_386
09:08:35 | INFO: Primitives created: 1
09:08:35 | INFO: Extracting primitive: Mesh_387
09:08:35 | INFO: Primitives created: 1
09:08:35 | INFO: Extracting primitive: Mesh_388
09:08:35 | INFO: Primitives created: 1
09:08:35 | INFO: Extracting primitive: Mesh_389
09:08:35 | INFO: Primitives created: 1
09:08:35 | INFO: Extracting primitive: Mesh_390
09:08:35 | INFO: Primitives created: 1
09:08:35 | INFO: Extracting primitive: Mesh_391
09:08:35 | INFO: Primitives created: 1
09:08:35 | INFO: Extracting primitive: Mesh_392
09:08:35 | INFO: Primitives created: 1
09:08:35 | INFO: Extracting primitive: Mesh_393
09:08:35 | INFO: Primitives created: 1
09:08:35 | INFO: Extracting primitive: Mesh_394
09:08:35 | INFO: Primitives created: 1
09:08:35 | INFO: Extracting primitive: Mesh_395
09:08:35 | INFO: Primitives created: 1
09:08:35 | INFO: Extracting primitive: Mesh_396
09:08:35 | INFO: Primitives created: 1
09:08:35 | INFO: Extracting primitive: Mesh_397
09:08:35 | INFO: Primitives created: 1
09:08:35 | INFO: Extracting primitive: Mesh_398
09:08:35 | INFO: Primitives created: 1
09:08:35 | INFO: Extracting primitive: Mesh_399
09:08:35 | INFO: Primitives created: 1
09:08:35 | INFO: Extracting primitive: Mesh_400
09:08:35 | INFO: Primitives created: 1
09:08:35 | INFO: Extracting primitive: Mesh_401
09:08:35 | INFO: Primitives created: 1
09:08:35 | INFO: Extracting primitive: Mesh_402
09:08:35 | INFO: Primitives created: 1
09:08:35 | INFO: Extracting primitive: Mesh_403
09:08:35 | INFO: Primitives created: 1
09:08:35 | INFO: Extracting primitive: Mesh_404
09:08:35 | INFO: Primitives created: 1
09:08:35 | INFO: Extracting primitive: Mesh_405
09:08:35 | INFO: Primitives created: 1
09:08:35 | INFO: Extracting primitive: Mesh_406
09:08:35 | INFO: Primitives created: 1
09:08:35 | INFO: Extracting primitive: Mesh_407
09:08:35 | INFO: Primitives created: 1
09:08:35 | INFO: Extracting primitive: Mesh_408
09:08:35 | INFO: Primitives created: 1
09:08:35 | INFO: Extracting primitive: Mesh_409
09:08:35 | INFO: Primitives created: 1
09:08:35 | INFO: Extracting primitive: Mesh_410
09:08:35 | INFO: Primitives created: 1
09:08:35 | INFO: Extracting primitive: Mesh_411
09:08:35 | INFO: Primitives created: 1
09:08:35 | INFO: Extracting primitive: Mesh_412
09:08:35 | INFO: Primitives created: 1
09:08:35 | INFO: Extracting primitive: Mesh_413
09:08:35 | INFO: Primitives created: 1
09:08:35 | INFO: Extracting primitive: Mesh_414
09:08:35 | INFO: Primitives created: 1
09:08:35 | INFO: Extracting primitive: Mesh_415
09:08:35 | INFO: Primitives created: 1
09:08:35 | INFO: Extracting primitive: Mesh_416
09:08:35 | INFO: Primitives created: 1
09:08:35 | INFO: Extracting primitive: Mesh_417
09:08:35 | INFO: Primitives created: 1
09:08:35 | INFO: Extracting primitive: Mesh_418
09:08:35 | INFO: Primitives created: 1
09:08:35 | INFO: Extracting primitive: Mesh_419
09:08:35 | INFO: Primitives created: 1
09:08:35 | INFO: Extracting primitive: Mesh_420
09:08:35 | INFO: Primitives created: 1
09:08:35 | INFO: Extracting primitive: Mesh_421
09:08:35 | INFO: Primitives created: 1
09:08:35 | INFO: Extracting primitive: Mesh_422
09:08:35 | INFO: Primitives created: 1
09:08:35 | INFO: Extracting primitive: Mesh_423
09:08:35 | INFO: Primitives created: 1
09:08:35 | INFO: Extracting primitive: Mesh_424
09:08:35 | INFO: Primitives created: 1
09:08:35 | INFO: Extracting primitive: Mesh_425
09:08:35 | INFO: Primitives created: 1
09:08:35 | INFO: Extracting primitive: Mesh_426
09:08:35 | INFO: Primitives created: 1
09:08:35 | INFO: Extracting primitive: Mesh_427
09:08:35 | INFO: Primitives created: 1
09:08:35 | INFO: Extracting primitive: Mesh_428
09:08:35 | INFO: Primitives created: 1
09:08:35 | INFO: Extracting primitive: Mesh_429
09:08:35 | INFO: Primitives created: 1
09:08:35 | INFO: Extracting primitive: Mesh_430
09:08:35 | INFO: Primitives created: 1
09:08:35 | INFO: Extracting primitive: Mesh_431
09:08:35 | INFO: Primitives created: 1
09:08:35 | INFO: Extracting primitive: Mesh_432
09:08:35 | INFO: Primitives created: 1
09:08:35 | INFO: Extracting primitive: Mesh_433
09:08:35 | INFO: Primitives created: 1
09:08:35 | INFO: Extracting primitive: Mesh_434
09:08:35 | INFO: Primitives created: 1
09:08:35 | INFO: Extracting primitive: Mesh_435
09:08:35 | INFO: Primitives created: 1
09:08:35 | INFO: Extracting primitive: Mesh_436
09:08:35 | INFO: Primitives created: 1
09:08:35 | INFO: Extracting primitive: Mesh_437
09:08:35 | INFO: Primitives created: 1
09:08:35 | INFO: Extracting primitive: Mesh_438
09:08:35 | INFO: Primitives created: 1
09:08:35 | INFO: Extracting primitive: Mesh_439
09:08:35 | INFO: Primitives created: 1
09:08:35 | INFO: Extracting primitive: Mesh_440
09:08:35 | INFO: Primitives created: 1
09:08:35 | INFO: Extracting primitive: Mesh_441
09:08:35 | INFO: Primitives created: 1
09:08:35 | INFO: Extracting primitive: Mesh_442
09:08:35 | INFO: Primitives created: 1
09:08:35 | INFO: Extracting primitive: Mesh_443
09:08:35 | INFO: Primitives created: 1
09:08:35 | INFO: Extracting primitive: Mesh_444
09:08:35 | INFO: Primitives created: 1
09:08:35 | INFO: Extracting primitive: Mesh_445
09:08:35 | INFO: Primitives created: 1
09:08:35 | INFO: Extracting primitive: Mesh_446
09:08:35 | INFO: Primitives created: 1
09:08:35 | INFO: Extracting primitive: Mesh_447
09:08:35 | INFO: Primitives created: 1
09:08:35 | INFO: Extracting primitive: Mesh_448
09:08:35 | INFO: Primitives created: 1
09:08:35 | INFO: Extracting primitive: Mesh_449
09:08:35 | INFO: Primitives created: 1
09:08:35 | INFO: Extracting primitive: Mesh_450
09:08:35 | INFO: Primitives created: 1
09:08:35 | INFO: Extracting primitive: Mesh_451
09:08:35 | INFO: Primitives created: 1
09:08:35 | INFO: Extracting primitive: Mesh_452
09:08:35 | INFO: Primitives created: 1
09:08:35 | INFO: Extracting primitive: Mesh_453
09:08:35 | INFO: Primitives created: 1
09:08:35 | INFO: Extracting primitive: Mesh_454
09:08:35 | INFO: Primitives created: 1
09:08:35 | INFO: Extracting primitive: Mesh_455
09:08:35 | INFO: Primitives created: 1
09:08:35 | INFO: Extracting primitive: Mesh_456
09:08:35 | INFO: Primitives created: 1
09:08:35 | INFO: Extracting primitive: Mesh_457
09:08:35 | INFO: Primitives created: 1
09:08:35 | INFO: Extracting primitive: Mesh_458
09:08:35 | INFO: Primitives created: 1
09:08:35 | INFO: Extracting primitive: Mesh_459
09:08:35 | INFO: Primitives created: 1
09:08:35 | INFO: Extracting primitive: Mesh_460
09:08:35 | INFO: Primitives created: 1
09:08:35 | INFO: Extracting primitive: Mesh_461
09:08:35 | INFO: Primitives created: 1
09:08:35 | INFO: Extracting primitive: Mesh_462
09:08:35 | INFO: Primitives created: 1
09:08:35 | INFO: Extracting primitive: Mesh_463
09:08:35 | INFO: Primitives created: 1
09:08:35 | INFO: Extracting primitive: Mesh_464
09:08:35 | INFO: Primitives created: 1
09:08:35 | INFO: Extracting primitive: Mesh_465
09:08:35 | INFO: Primitives created: 1
09:08:35 | INFO: Extracting primitive: Mesh_466
09:08:35 | INFO: Primitives created: 1
09:08:35 | INFO: Extracting primitive: Mesh_467
09:08:35 | INFO: Primitives created: 1
09:08:35 | INFO: Extracting primitive: Mesh_468
09:08:35 | INFO: Primitives created: 1
09:08:35 | INFO: Extracting primitive: Mesh_469
09:08:35 | INFO: Primitives created: 1
09:08:35 | INFO: Extracting primitive: Mesh_470
09:08:35 | INFO: Primitives created: 1
09:08:35 | INFO: Extracting primitive: Mesh_471
09:08:35 | INFO: Primitives created: 1
09:08:35 | INFO: Extracting primitive: Mesh_472
09:08:35 | INFO: Primitives created: 1
09:08:35 | INFO: Extracting primitive: Mesh_473
09:08:35 | INFO: Primitives created: 1
09:08:35 | INFO: Extracting primitive: Mesh_474
09:08:35 | INFO: Primitives created: 1
09:08:35 | INFO: Extracting primitive: Mesh_475
09:08:35 | INFO: Primitives created: 1
09:08:35 | INFO: Extracting primitive: Mesh_476
09:08:35 | INFO: Primitives created: 1
09:08:35 | INFO: Extracting primitive: Mesh_477
09:08:35 | INFO: Primitives created: 1
09:08:35 | INFO: Extracting primitive: Mesh_478
09:08:35 | INFO: Primitives created: 1
09:08:35 | INFO: Extracting primitive: Mesh_479
09:08:35 | INFO: Primitives created: 1
09:08:35 | INFO: Extracting primitive: Mesh_480
09:08:35 | INFO: Primitives created: 1
09:08:35 | INFO: Extracting primitive: Mesh_481
09:08:35 | INFO: Primitives created: 1
09:08:35 | INFO: Extracting primitive: Mesh_482
09:08:35 | INFO: Primitives created: 1
09:08:35 | INFO: Extracting primitive: Mesh_483
09:08:35 | INFO: Primitives created: 1
09:08:35 | INFO: Extracting primitive: Mesh_484
09:08:35 | INFO: Primitives created: 1
09:08:35 | INFO: Extracting primitive: Mesh_485
09:08:35 | INFO: Primitives created: 1
09:08:35 | INFO: Extracting primitive: Mesh_486
09:08:35 | INFO: Primitives created: 1
09:08:35 | INFO: Extracting primitive: Mesh_487
09:08:35 | INFO: Primitives created: 1
09:08:35 | INFO: Extracting primitive: Mesh_488
09:08:35 | INFO: Primitives created: 1
09:08:35 | INFO: Extracting primitive: Mesh_489
09:08:35 | INFO: Primitives created: 1
09:08:35 | INFO: Extracting primitive: Mesh_490
09:08:35 | INFO: Primitives created: 1
09:08:35 | INFO: Extracting primitive: Mesh_491
09:08:35 | INFO: Primitives created: 1
09:08:35 | INFO: Extracting primitive: Mesh_492
09:08:35 | INFO: Primitives created: 1
09:08:35 | INFO: Extracting primitive: Mesh_493
09:08:35 | INFO: Primitives created: 1
09:08:35 | INFO: Extracting primitive: Mesh_494
09:08:35 | INFO: Primitives created: 1
09:08:35 | INFO: Extracting primitive: Mesh_495
09:08:35 | INFO: Primitives created: 1
09:08:35 | INFO: Extracting primitive: Mesh_496
09:08:35 | INFO: Primitives created: 1
09:08:35 | INFO: Extracting primitive: Mesh_497
09:08:35 | INFO: Primitives created: 1
09:08:35 | INFO: Extracting primitive: Mesh_498
09:08:36 | INFO: Primitives created: 1
09:08:36 | INFO: Extracting primitive: Mesh_499
09:08:36 | INFO: Primitives created: 1
09:08:36 | INFO: Extracting primitive: Mesh_500
09:08:36 | INFO: Primitives created: 1
09:08:36 | INFO: Extracting primitive: Mesh_501
09:08:36 | INFO: Primitives created: 1
09:08:36 | INFO: Extracting primitive: Mesh_502
09:08:36 | INFO: Primitives created: 1
09:08:36 | INFO: Extracting primitive: Mesh_503
09:08:36 | INFO: Primitives created: 1
09:08:36 | INFO: Extracting primitive: Mesh_504
09:08:36 | INFO: Primitives created: 1
09:08:36 | INFO: Extracting primitive: Mesh_505
09:08:36 | INFO: Primitives created: 1
09:08:36 | INFO: Extracting primitive: Mesh_506
09:08:36 | INFO: Primitives created: 1
09:08:36 | INFO: Extracting primitive: Mesh_507
09:08:36 | INFO: Primitives created: 1
09:08:36 | INFO: Extracting primitive: Mesh_508
09:08:36 | INFO: Primitives created: 1
09:08:36 | INFO: Extracting primitive: Mesh_509
09:08:36 | INFO: Primitives created: 1
09:08:36 | INFO: Extracting primitive: Mesh_510
09:08:36 | INFO: Primitives created: 1
09:08:36 | INFO: Extracting primitive: Mesh_511
09:08:36 | INFO: Primitives created: 1
09:08:36 | INFO: Extracting primitive: Mesh_512
09:08:36 | INFO: Primitives created: 1
09:08:36 | INFO: Extracting primitive: Mesh_513
09:08:36 | INFO: Primitives created: 1
09:08:36 | INFO: Extracting primitive: Mesh_514
09:08:36 | INFO: Primitives created: 1
09:08:36 | INFO: Extracting primitive: Mesh_515
09:08:36 | INFO: Primitives created: 1
09:08:36 | INFO: Extracting primitive: Mesh_516
09:08:36 | INFO: Primitives created: 1
09:08:36 | INFO: Extracting primitive: Mesh_517
09:08:36 | INFO: Primitives created: 1
09:08:36 | INFO: Extracting primitive: Mesh_518
09:08:36 | INFO: Primitives created: 1
09:08:36 | INFO: Extracting primitive: Mesh_519
09:08:36 | INFO: Primitives created: 1
09:08:36 | INFO: Extracting primitive: Mesh_520
09:08:36 | INFO: Primitives created: 1
09:08:36 | INFO: Extracting primitive: Mesh_521
09:08:36 | INFO: Primitives created: 1
09:08:36 | INFO: Extracting primitive: Mesh_522
09:08:36 | INFO: Primitives created: 1
09:08:36 | INFO: Extracting primitive: Mesh_523
09:08:36 | INFO: Primitives created: 1
09:08:36 | INFO: Extracting primitive: Mesh_524
09:08:36 | INFO: Primitives created: 1
09:08:36 | INFO: Extracting primitive: Mesh_525
09:08:36 | INFO: Primitives created: 1
09:08:36 | INFO: Extracting primitive: Mesh_526
09:08:36 | INFO: Primitives created: 1
09:08:36 | INFO: Extracting primitive: Mesh_527
09:08:36 | INFO: Primitives created: 1
09:08:36 | INFO: Extracting primitive: Mesh_528
09:08:36 | INFO: Primitives created: 1
09:08:36 | INFO: Extracting primitive: Mesh_529
09:08:36 | INFO: Primitives created: 1
09:08:36 | INFO: Extracting primitive: Mesh_530
09:08:36 | INFO: Primitives created: 1
09:08:36 | INFO: Extracting primitive: Mesh_531
09:08:36 | INFO: Primitives created: 1
09:08:36 | INFO: Extracting primitive: Mesh_532
09:08:36 | INFO: Primitives created: 1
09:08:36 | INFO: Extracting primitive: Mesh_533
09:08:36 | INFO: Primitives created: 1
09:08:36 | INFO: Extracting primitive: Mesh_534
09:08:36 | INFO: Primitives created: 1
09:08:36 | INFO: Extracting primitive: Mesh_535
09:08:36 | INFO: Primitives created: 1
09:08:36 | INFO: Extracting primitive: Mesh_536
09:08:36 | INFO: Primitives created: 1
09:08:36 | INFO: Extracting primitive: Mesh_537
09:08:36 | INFO: Primitives created: 1
09:08:36 | INFO: Extracting primitive: Mesh_538
09:08:36 | INFO: Primitives created: 1
09:08:36 | INFO: Extracting primitive: Mesh_539
09:08:36 | INFO: Primitives created: 1
09:08:36 | INFO: Extracting primitive: Mesh_540
09:08:36 | INFO: Primitives created: 1
09:08:36 | INFO: Extracting primitive: Mesh_541
09:08:36 | INFO: Primitives created: 1
09:08:36 | INFO: Extracting primitive: Mesh_542
09:08:36 | INFO: Primitives created: 1
09:08:36 | INFO: Extracting primitive: Mesh_543
09:08:36 | INFO: Primitives created: 1
09:08:36 | INFO: Extracting primitive: Mesh_544
09:08:36 | INFO: Primitives created: 1
09:08:36 | INFO: Extracting primitive: Mesh_545
09:08:36 | INFO: Primitives created: 1
09:08:36 | INFO: Extracting primitive: Mesh_546
09:08:36 | INFO: Primitives created: 1
09:08:36 | INFO: Extracting primitive: Mesh_547
09:08:36 | INFO: Primitives created: 1
09:08:36 | INFO: Extracting primitive: Mesh_548
09:08:36 | INFO: Primitives created: 1
09:08:36 | INFO: Extracting primitive: Mesh_549
09:08:36 | INFO: Primitives created: 1
09:08:36 | INFO: Extracting primitive: Mesh_550
09:08:36 | INFO: Primitives created: 1
09:08:36 | INFO: Extracting primitive: Mesh_551
09:08:36 | INFO: Primitives created: 1
09:08:36 | INFO: Extracting primitive: Mesh_552
09:08:36 | INFO: Primitives created: 1
09:08:36 | INFO: Extracting primitive: Mesh_553
09:08:36 | INFO: Primitives created: 1
09:08:36 | INFO: Extracting primitive: Mesh_554
09:08:36 | INFO: Primitives created: 1
09:08:36 | INFO: Extracting primitive: Mesh_555
09:08:36 | INFO: Primitives created: 1
09:08:36 | INFO: Extracting primitive: Mesh_556
09:08:36 | INFO: Primitives created: 1
09:08:36 | INFO: Extracting primitive: Mesh_557
09:08:36 | INFO: Primitives created: 1
09:08:36 | INFO: Extracting primitive: Mesh_558
09:08:36 | INFO: Primitives created: 1
09:08:36 | INFO: Extracting primitive: Mesh_559
09:08:36 | INFO: Primitives created: 1
09:08:36 | INFO: Extracting primitive: Mesh_560
09:08:36 | INFO: Primitives created: 1
09:08:36 | INFO: Extracting primitive: Mesh_561
09:08:36 | INFO: Primitives created: 1
09:08:36 | INFO: Extracting primitive: Mesh_562
09:08:36 | INFO: Primitives created: 1
09:08:36 | INFO: Extracting primitive: Mesh_563
09:08:36 | INFO: Primitives created: 1
09:08:36 | INFO: Extracting primitive: Mesh_564
09:08:36 | INFO: Primitives created: 1
09:08:36 | INFO: Extracting primitive: Mesh_565
09:08:36 | INFO: Primitives created: 1
09:08:36 | INFO: Extracting primitive: Mesh_566
09:08:36 | INFO: Primitives created: 1
09:08:36 | INFO: Extracting primitive: Mesh_567
09:08:36 | INFO: Primitives created: 1
09:08:36 | INFO: Extracting primitive: Mesh_568
09:08:36 | INFO: Primitives created: 1
09:08:36 | INFO: Extracting primitive: Mesh_569
09:08:36 | INFO: Primitives created: 1
09:08:36 | INFO: Extracting primitive: Mesh_570
09:08:36 | INFO: Primitives created: 1
09:08:36 | INFO: Extracting primitive: Mesh_571
09:08:36 | INFO: Primitives created: 1
09:08:36 | INFO: Extracting primitive: Mesh_572
09:08:36 | INFO: Primitives created: 1
09:08:36 | INFO: Extracting primitive: Mesh_573
09:08:36 | INFO: Primitives created: 1
09:08:36 | INFO: Extracting primitive: Mesh_574
09:08:36 | INFO: Primitives created: 1
09:08:36 | INFO: Extracting primitive: Mesh_575
09:08:36 | INFO: Primitives created: 1
09:08:36 | INFO: Extracting primitive: Mesh_576
09:08:36 | INFO: Primitives created: 1
09:08:36 | INFO: Extracting primitive: Mesh_577
09:08:36 | INFO: Primitives created: 1
09:08:36 | INFO: Extracting primitive: Mesh_578
09:08:36 | INFO: Primitives created: 1
09:08:36 | INFO: Extracting primitive: Mesh_579
09:08:36 | INFO: Primitives created: 1
09:08:36 | INFO: Extracting primitive: Mesh_580
09:08:36 | INFO: Primitives created: 1
09:08:36 | INFO: Extracting primitive: Mesh_581
09:08:36 | INFO: Primitives created: 1
09:08:36 | INFO: Extracting primitive: Mesh_582
09:08:36 | INFO: Primitives created: 1
09:08:36 | INFO: Extracting primitive: Mesh_583
09:08:36 | INFO: Primitives created: 1
09:08:36 | INFO: Extracting primitive: Mesh_584
09:08:36 | INFO: Primitives created: 1
09:08:36 | INFO: Extracting primitive: Mesh_585
09:08:36 | INFO: Primitives created: 1
09:08:36 | INFO: Extracting primitive: Mesh_586
09:08:36 | INFO: Primitives created: 1
09:08:36 | INFO: Extracting primitive: Mesh_587
09:08:36 | INFO: Primitives created: 1
09:08:36 | INFO: Extracting primitive: Mesh_588
09:08:36 | INFO: Primitives created: 1
09:08:36 | INFO: Extracting primitive: Mesh_589
09:08:36 | INFO: Primitives created: 1
09:08:36 | INFO: Extracting primitive: Mesh_590
09:08:36 | INFO: Primitives created: 1
09:08:36 | INFO: Extracting primitive: Mesh_591
09:08:36 | INFO: Primitives created: 1
09:08:36 | INFO: Extracting primitive: Mesh_592
09:08:36 | INFO: Primitives created: 1
09:08:36 | INFO: Extracting primitive: Mesh_593
09:08:36 | INFO: Primitives created: 1
09:08:36 | INFO: Extracting primitive: Mesh_594
09:08:36 | INFO: Primitives created: 1
09:08:36 | INFO: Extracting primitive: Mesh_595
09:08:36 | INFO: Primitives created: 1
09:08:36 | INFO: Extracting primitive: Mesh_596
09:08:36 | INFO: Primitives created: 1
09:08:36 | INFO: Extracting primitive: Mesh_597
09:08:36 | INFO: Primitives created: 1
09:08:36 | INFO: Extracting primitive: Mesh_598
09:08:36 | INFO: Primitives created: 1
09:08:36 | INFO: Extracting primitive: Mesh_599
09:08:36 | INFO: Primitives created: 1
09:08:36 | INFO: Extracting primitive: Mesh_600
09:08:36 | INFO: Primitives created: 1
09:08:36 | INFO: Extracting primitive: Mesh_601
09:08:36 | INFO: Primitives created: 1
09:08:36 | INFO: Extracting primitive: Mesh_604
09:08:36 | INFO: Primitives created: 1
09:08:36 | INFO: Extracting primitive: Mesh_605
09:08:36 | INFO: Primitives created: 1
09:08:36 | INFO: Extracting primitive: Mesh_606
09:08:36 | INFO: Primitives created: 1
09:08:36 | INFO: Extracting primitive: Mesh_607
09:08:36 | INFO: Primitives created: 1
09:08:36 | INFO: Extracting primitive: Mesh_608
09:08:36 | INFO: Primitives created: 1
09:08:36 | INFO: Extracting primitive: Mesh_609
09:08:36 | INFO: Primitives created: 1
09:08:36 | INFO: Extracting primitive: Mesh_610
09:08:36 | INFO: Primitives created: 1
09:08:36 | INFO: Extracting primitive: Mesh_611
09:08:36 | INFO: Primitives created: 1
09:08:36 | INFO: Extracting primitive: Mesh_612
09:08:36 | INFO: Primitives created: 1
09:08:36 | INFO: Extracting primitive: Mesh_613
09:08:36 | INFO: Primitives created: 1
09:08:36 | INFO: Extracting primitive: Mesh_614
09:08:36 | INFO: Primitives created: 1
09:08:36 | INFO: Extracting primitive: Mesh_615
09:08:36 | INFO: Primitives created: 1
09:08:36 | INFO: Extracting primitive: Mesh_616
09:08:36 | INFO: Primitives created: 1
09:08:36 | INFO: Extracting primitive: Mesh_617
09:08:36 | INFO: Primitives created: 1
09:08:36 | INFO: Extracting primitive: Mesh_618
09:08:36 | INFO: Primitives created: 1
09:08:36 | INFO: Extracting primitive: Mesh_619
09:08:36 | INFO: Primitives created: 1
09:08:36 | INFO: Extracting primitive: Mesh_620
09:08:36 | INFO: Primitives created: 1
09:08:36 | INFO: Extracting primitive: Mesh_621
09:08:36 | INFO: Primitives created: 1
09:08:36 | INFO: Extracting primitive: Mesh_622
09:08:36 | INFO: Primitives created: 1
09:08:36 | INFO: Extracting primitive: Mesh_623
09:08:36 | INFO: Primitives created: 1
09:08:36 | INFO: Extracting primitive: Mesh_624
09:08:36 | INFO: Primitives created: 1
09:08:36 | INFO: Extracting primitive: Mesh_625
09:08:36 | INFO: Primitives created: 1
09:08:36 | INFO: Extracting primitive: Mesh_626
09:08:36 | INFO: Primitives created: 1
09:08:36 | INFO: Extracting primitive: Mesh_627
09:08:36 | INFO: Primitives created: 1
09:08:36 | INFO: Extracting primitive: Mesh_628
09:08:36 | INFO: Primitives created: 1
09:08:36 | INFO: Extracting primitive: Mesh_629
09:08:36 | INFO: Primitives created: 1
09:08:36 | INFO: Extracting primitive: Mesh_630
09:08:36 | INFO: Primitives created: 1
09:08:36 | INFO: Extracting primitive: Mesh_631
09:08:36 | INFO: Primitives created: 1
09:08:36 | INFO: Extracting primitive: Mesh_632
09:08:36 | INFO: Primitives created: 1
09:08:36 | INFO: Extracting primitive: Mesh_633
09:08:36 | INFO: Primitives created: 1
09:08:36 | INFO: Extracting primitive: Mesh_634
09:08:36 | INFO: Primitives created: 1
09:08:36 | INFO: Extracting primitive: Mesh_635
09:08:36 | INFO: Primitives created: 1
09:08:36 | INFO: Extracting primitive: Mesh_636
09:08:36 | INFO: Primitives created: 1
09:08:36 | INFO: Extracting primitive: Mesh_637
09:08:36 | INFO: Primitives created: 1
09:08:36 | INFO: Extracting primitive: Mesh_638
09:08:36 | INFO: Primitives created: 1
09:08:36 | INFO: Extracting primitive: Mesh_639
09:08:36 | INFO: Primitives created: 1
09:08:36 | INFO: Extracting primitive: Mesh_640
09:08:36 | INFO: Primitives created: 1
09:08:36 | INFO: Extracting primitive: Mesh_641
09:08:36 | INFO: Primitives created: 1
09:08:36 | INFO: Extracting primitive: Mesh_642
09:08:36 | INFO: Primitives created: 1
09:08:36 | INFO: Extracting primitive: Mesh_643
09:08:36 | INFO: Primitives created: 1
09:08:36 | INFO: Extracting primitive: Mesh_644
09:08:36 | INFO: Primitives created: 1
09:08:36 | INFO: Extracting primitive: Mesh_645
09:08:36 | INFO: Primitives created: 1
09:08:36 | INFO: Extracting primitive: Mesh_646
09:08:36 | INFO: Primitives created: 1
09:08:36 | INFO: Extracting primitive: Mesh_647
09:08:36 | INFO: Primitives created: 1
09:08:36 | INFO: Extracting primitive: Mesh_648
09:08:36 | INFO: Primitives created: 1
09:08:36 | INFO: Extracting primitive: Mesh_649
09:08:36 | INFO: Primitives created: 1
09:08:36 | INFO: Extracting primitive: Mesh_650
09:08:36 | INFO: Primitives created: 1
09:08:36 | INFO: Extracting primitive: Mesh_651
09:08:36 | INFO: Primitives created: 1
09:08:36 | INFO: Extracting primitive: Mesh_652
09:08:36 | INFO: Primitives created: 1
09:08:36 | INFO: Extracting primitive: Mesh_653
09:08:36 | INFO: Primitives created: 1
09:08:36 | INFO: Extracting primitive: Mesh_654
09:08:36 | INFO: Primitives created: 1
09:08:36 | INFO: Extracting primitive: Mesh_655
09:08:36 | INFO: Primitives created: 1
09:08:36 | INFO: Extracting primitive: Mesh_656
09:08:36 | INFO: Primitives created: 1
09:08:36 | INFO: Extracting primitive: Mesh_657
09:08:36 | INFO: Primitives created: 1
09:08:36 | INFO: Extracting primitive: Mesh_658
09:08:36 | INFO: Primitives created: 1
09:08:36 | INFO: Extracting primitive: Mesh_659
09:08:36 | INFO: Primitives created: 1
09:08:36 | INFO: Extracting primitive: Mesh_660
09:08:36 | INFO: Primitives created: 1
09:08:36 | INFO: Extracting primitive: Mesh_661
09:08:36 | INFO: Primitives created: 1
09:08:36 | INFO: Extracting primitive: Mesh_662
09:08:36 | INFO: Primitives created: 1
09:08:36 | INFO: Extracting primitive: Mesh_663
09:08:36 | INFO: Primitives created: 1
09:08:36 | INFO: Extracting primitive: Mesh_664
09:08:36 | INFO: Primitives created: 1
09:08:36 | INFO: Extracting primitive: Mesh_665
09:08:36 | INFO: Primitives created: 1
09:08:36 | INFO: Extracting primitive: Mesh_666
09:08:36 | INFO: Primitives created: 1
09:08:36 | INFO: Extracting primitive: Mesh_667
09:08:36 | INFO: Primitives created: 1
09:08:36 | INFO: Extracting primitive: Mesh_668
09:08:36 | INFO: Primitives created: 1
09:08:36 | INFO: Extracting primitive: Mesh_669
09:08:36 | INFO: Primitives created: 1
09:08:36 | INFO: Extracting primitive: Mesh_670
09:08:36 | INFO: Primitives created: 1
09:08:36 | INFO: Extracting primitive: Mesh_671
09:08:36 | INFO: Primitives created: 1
09:08:36 | INFO: Extracting primitive: Mesh_672
09:08:36 | INFO: Primitives created: 1
09:08:36 | INFO: Extracting primitive: Mesh_673
09:08:36 | INFO: Primitives created: 1
09:08:36 | INFO: Extracting primitive: Mesh_674
09:08:36 | INFO: Primitives created: 1
09:08:36 | INFO: Extracting primitive: Mesh_675
09:08:36 | INFO: Primitives created: 1
09:08:36 | INFO: Extracting primitive: Mesh_676
09:08:36 | INFO: Primitives created: 1
09:08:36 | INFO: Extracting primitive: Mesh_677
09:08:36 | INFO: Primitives created: 1
09:08:36 | INFO: Extracting primitive: Mesh_678
09:08:36 | INFO: Primitives created: 1
09:08:36 | INFO: Extracting primitive: Mesh_679
09:08:36 | INFO: Primitives created: 1
09:08:36 | INFO: Extracting primitive: Mesh_680
09:08:36 | INFO: Primitives created: 1
09:08:36 | INFO: Extracting primitive: Mesh_681
09:08:36 | INFO: Primitives created: 1
09:08:36 | INFO: Extracting primitive: Mesh_682
09:08:36 | INFO: Primitives created: 1
09:08:36 | INFO: Extracting primitive: Mesh_683
09:08:36 | INFO: Primitives created: 1
09:08:36 | INFO: Extracting primitive: Mesh_684
09:08:36 | INFO: Primitives created: 1
09:08:36 | INFO: Extracting primitive: Mesh_685
09:08:36 | INFO: Primitives created: 1
09:08:36 | INFO: Extracting primitive: Mesh_686
09:08:36 | INFO: Primitives created: 1
09:08:36 | INFO: Extracting primitive: Mesh_687
09:08:36 | INFO: Primitives created: 1
09:08:36 | INFO: Extracting primitive: Mesh_688
09:08:36 | INFO: Primitives created: 1
09:08:36 | INFO: Extracting primitive: Mesh_689
09:08:36 | INFO: Primitives created: 1
09:08:36 | INFO: Extracting primitive: Mesh_690
09:08:36 | INFO: Primitives created: 1
09:08:36 | INFO: Extracting primitive: Mesh_691
09:08:36 | INFO: Primitives created: 1
09:08:36 | INFO: Extracting primitive: Mesh_692
09:08:36 | INFO: Primitives created: 1
09:08:36 | INFO: Extracting primitive: Mesh_696
09:08:36 | INFO: Primitives created: 1
09:08:36 | INFO: Extracting primitive: Mesh_697
09:08:36 | INFO: Primitives created: 1
09:08:36 | INFO: Extracting primitive: Mesh_698
09:08:36 | INFO: Primitives created: 1
09:08:36 | INFO: Extracting primitive: Mesh_699
09:08:36 | INFO: Primitives created: 1
09:08:36 | INFO: Extracting primitive: Mesh_700
09:08:36 | INFO: Primitives created: 1
09:08:36 | INFO: Extracting primitive: Mesh_701
09:08:36 | INFO: Primitives created: 1
09:08:36 | INFO: Extracting primitive: Mesh_702
09:08:36 | INFO: Primitives created: 1
09:08:36 | INFO: Extracting primitive: Mesh_703
09:08:36 | INFO: Primitives created: 1
09:08:36 | INFO: Extracting primitive: Mesh_704
09:08:36 | INFO: Primitives created: 1
09:08:36 | INFO: Extracting primitive: Mesh_705
09:08:36 | INFO: Primitives created: 1
09:08:36 | INFO: Extracting primitive: Mesh_706
09:08:36 | INFO: Primitives created: 1
09:08:36 | INFO: Extracting primitive: Mesh_707
09:08:36 | INFO: Primitives created: 1
09:08:36 | INFO: Extracting primitive: Mesh_708
09:08:36 | INFO: Primitives created: 1
09:08:36 | INFO: Extracting primitive: Mesh_709
09:08:36 | INFO: Primitives created: 1
09:08:36 | INFO: Extracting primitive: Mesh_710
09:08:36 | INFO: Primitives created: 1
09:08:36 | INFO: Extracting primitive: Mesh_711
09:08:36 | INFO: Primitives created: 1
09:08:36 | INFO: Extracting primitive: Mesh_712
09:08:36 | INFO: Primitives created: 1
09:08:36 | INFO: Extracting primitive: Mesh_713
09:08:36 | INFO: Primitives created: 1
09:08:36 | INFO: Extracting primitive: Mesh_714
09:08:36 | INFO: Primitives created: 1
09:08:36 | INFO: Extracting primitive: Mesh_715
09:08:36 | INFO: Primitives created: 1
09:08:36 | INFO: Extracting primitive: Mesh_716
09:08:36 | INFO: Primitives created: 1
09:08:36 | INFO: Extracting primitive: Mesh_718
09:08:36 | INFO: Primitives created: 1
09:08:36 | INFO: Extracting primitive: Mesh_719
09:08:36 | INFO: Primitives created: 1
09:08:36 | INFO: Extracting primitive: Mesh_720
09:08:36 | INFO: Primitives created: 1
09:08:36 | INFO: Extracting primitive: Mesh_721
09:08:36 | INFO: Primitives created: 1
09:08:36 | INFO: Extracting primitive: Mesh_722
09:08:36 | INFO: Primitives created: 1
09:08:36 | INFO: Extracting primitive: Mesh_723
09:08:36 | INFO: Primitives created: 1
09:08:36 | INFO: Extracting primitive: Mesh_724
09:08:36 | INFO: Primitives created: 1
09:08:36 | INFO: Extracting primitive: Mesh_725
09:08:36 | INFO: Primitives created: 1
09:08:36 | INFO: Extracting primitive: Mesh_726
09:08:36 | INFO: Primitives created: 1
09:08:36 | INFO: Extracting primitive: Mesh_727
09:08:36 | INFO: Primitives created: 1
09:08:36 | INFO: Extracting primitive: Mesh_728
09:08:36 | INFO: Primitives created: 1
09:08:36 | INFO: Extracting primitive: Mesh_729
09:08:36 | INFO: Primitives created: 1
09:08:36 | INFO: Extracting primitive: Mesh_730
09:08:36 | INFO: Primitives created: 1
09:08:36 | INFO: Extracting primitive: Mesh_731
09:08:36 | INFO: Primitives created: 1
09:08:36 | INFO: Extracting primitive: Mesh_732
09:08:36 | INFO: Primitives created: 1
09:08:36 | INFO: Extracting primitive: Mesh_733
09:08:36 | INFO: Primitives created: 1
09:08:36 | INFO: Extracting primitive: Mesh_734
09:08:36 | INFO: Primitives created: 1
09:08:36 | INFO: Extracting primitive: Mesh_735
09:08:36 | INFO: Primitives created: 1
09:08:36 | INFO: Extracting primitive: Mesh_736
09:08:36 | INFO: Primitives created: 1
09:08:36 | INFO: Extracting primitive: Mesh_737
09:08:36 | INFO: Primitives created: 1
09:08:36 | INFO: Extracting primitive: Mesh_738
09:08:36 | INFO: Primitives created: 1
09:08:36 | INFO: Extracting primitive: Mesh_739
09:08:36 | INFO: Primitives created: 1
09:08:36 | INFO: Extracting primitive: Mesh_740
09:08:36 | INFO: Primitives created: 1
09:08:36 | INFO: Extracting primitive: Mesh_741
09:08:36 | INFO: Primitives created: 1
09:08:36 | INFO: Extracting primitive: Mesh_742
09:08:36 | INFO: Primitives created: 1
09:08:36 | INFO: Extracting primitive: Mesh_743
09:08:36 | INFO: Primitives created: 1
09:08:36 | INFO: Extracting primitive: Mesh_744
09:08:36 | INFO: Primitives created: 1
09:08:36 | INFO: Extracting primitive: Mesh_745
09:08:36 | INFO: Primitives created: 1
09:08:36 | INFO: Extracting primitive: Mesh_746
09:08:36 | INFO: Primitives created: 1
09:08:36 | INFO: Extracting primitive: Mesh_747
09:08:36 | INFO: Primitives created: 1
09:08:36 | INFO: Extracting primitive: Mesh_748
09:08:36 | INFO: Primitives created: 1
09:08:36 | INFO: Extracting primitive: Mesh_749
09:08:36 | INFO: Primitives created: 1
09:08:36 | INFO: Extracting primitive: Mesh_750
09:08:36 | INFO: Primitives created: 1
09:08:36 | INFO: Extracting primitive: Mesh_751
09:08:36 | INFO: Primitives created: 1
09:08:36 | INFO: Extracting primitive: Mesh_752
09:08:36 | INFO: Primitives created: 1
09:08:36 | INFO: Extracting primitive: Mesh_753
09:08:36 | INFO: Primitives created: 1
09:08:36 | INFO: Extracting primitive: Mesh_754
09:08:36 | INFO: Primitives created: 1
09:08:36 | INFO: Extracting primitive: Mesh_755
09:08:36 | INFO: Primitives created: 1
09:08:36 | INFO: Extracting primitive: Mesh_756
09:08:36 | INFO: Primitives created: 1
09:08:36 | INFO: Extracting primitive: Mesh_757
09:08:36 | INFO: Primitives created: 1
09:08:36 | INFO: Extracting primitive: Mesh_758
09:08:36 | INFO: Primitives created: 1
09:08:36 | INFO: Extracting primitive: Mesh_759
09:08:36 | INFO: Primitives created: 1
09:08:36 | INFO: Extracting primitive: Mesh_760
09:08:36 | INFO: Primitives created: 1
09:08:36 | INFO: Extracting primitive: Mesh_761
09:08:36 | INFO: Primitives created: 1
09:08:36 | INFO: Extracting primitive: Mesh_762
09:08:36 | INFO: Primitives created: 1
09:08:36 | INFO: Extracting primitive: Mesh_763
09:08:36 | INFO: Primitives created: 1
09:08:36 | INFO: Extracting primitive: Mesh_764
09:08:36 | INFO: Primitives created: 1
09:08:36 | INFO: Extracting primitive: Mesh_765
09:08:36 | INFO: Primitives created: 1
09:08:36 | INFO: Extracting primitive: Mesh_766
09:08:36 | INFO: Primitives created: 1
09:08:36 | INFO: Extracting primitive: Mesh_767
09:08:36 | INFO: Primitives created: 1
09:08:36 | INFO: Extracting primitive: Mesh_768
09:08:36 | INFO: Primitives created: 1
09:08:36 | INFO: Extracting primitive: Mesh_769
09:08:36 | INFO: Primitives created: 1
09:08:36 | INFO: Extracting primitive: Mesh_770
09:08:36 | INFO: Primitives created: 1
09:08:36 | INFO: Extracting primitive: Mesh_771
09:08:36 | INFO: Primitives created: 1
09:08:36 | INFO: Extracting primitive: Mesh_772
09:08:36 | INFO: Primitives created: 1
09:08:36 | INFO: Extracting primitive: Mesh_773
09:08:36 | INFO: Primitives created: 1
09:08:36 | INFO: Extracting primitive: Mesh_774
09:08:36 | INFO: Primitives created: 1
09:08:36 | INFO: Extracting primitive: Mesh_775
09:08:36 | INFO: Primitives created: 1
09:08:36 | INFO: Extracting primitive: Mesh_776
09:08:36 | INFO: Primitives created: 1
09:08:36 | INFO: Extracting primitive: Mesh_777
09:08:36 | INFO: Primitives created: 1
09:08:36 | INFO: Extracting primitive: Mesh_778
09:08:36 | INFO: Primitives created: 1
09:08:36 | INFO: Extracting primitive: Mesh_779
09:08:36 | INFO: Primitives created: 1
09:08:36 | INFO: Extracting primitive: Mesh_780
09:08:36 | INFO: Primitives created: 1
09:08:36 | INFO: Extracting primitive: Mesh_781
09:08:36 | INFO: Primitives created: 1
09:08:36 | INFO: Extracting primitive: Mesh_782
09:08:36 | INFO: Primitives created: 1
09:08:36 | INFO: Extracting primitive: Mesh_783
09:08:36 | INFO: Primitives created: 1
09:08:36 | INFO: Extracting primitive: Mesh_784
09:08:36 | INFO: Primitives created: 1
09:08:36 | INFO: Extracting primitive: Mesh_785
09:08:36 | INFO: Primitives created: 1
09:08:36 | INFO: Extracting primitive: Mesh_786
09:08:36 | INFO: Primitives created: 1
09:08:36 | INFO: Extracting primitive: Mesh_787
09:08:36 | INFO: Primitives created: 1
09:08:36 | INFO: Extracting primitive: Mesh_788
09:08:36 | INFO: Primitives created: 1
09:08:36 | INFO: Extracting primitive: Mesh_789
09:08:36 | INFO: Primitives created: 1
09:08:36 | INFO: Extracting primitive: Mesh_790
09:08:36 | INFO: Primitives created: 1
09:08:36 | INFO: Extracting primitive: Mesh_791
09:08:36 | INFO: Primitives created: 1
09:08:36 | INFO: Extracting primitive: Mesh_792
09:08:36 | INFO: Primitives created: 1
09:08:36 | INFO: Extracting primitive: Mesh_793
09:08:36 | INFO: Primitives created: 1
09:08:36 | INFO: Extracting primitive: Mesh_794
09:08:36 | INFO: Primitives created: 1
09:08:36 | INFO: Extracting primitive: Mesh_795
09:08:36 | INFO: Primitives created: 1
09:08:36 | INFO: Extracting primitive: Mesh_796
09:08:36 | INFO: Primitives created: 1
09:08:36 | INFO: Extracting primitive: Mesh_797
09:08:36 | INFO: Primitives created: 1
09:08:36 | INFO: Extracting primitive: Mesh_798
09:08:36 | INFO: Primitives created: 1
09:08:36 | INFO: Extracting primitive: Mesh_799
09:08:36 | INFO: Primitives created: 1
09:08:36 | INFO: Extracting primitive: Mesh_800
09:08:36 | INFO: Primitives created: 1
09:08:36 | INFO: Extracting primitive: Mesh_801
09:08:36 | INFO: Primitives created: 1
09:08:36 | INFO: Extracting primitive: Mesh_802
09:08:36 | INFO: Primitives created: 1
09:08:36 | INFO: Extracting primitive: Mesh_803
09:08:36 | INFO: Primitives created: 1
09:08:36 | INFO: Extracting primitive: Mesh_804
09:08:36 | INFO: Primitives created: 1
09:08:36 | INFO: Extracting primitive: Mesh_805
09:08:36 | INFO: Primitives created: 1
09:08:36 | INFO: Extracting primitive: Mesh_806
09:08:36 | INFO: Primitives created: 1
09:08:36 | INFO: Extracting primitive: Mesh_807
09:08:36 | INFO: Primitives created: 1
09:08:36 | INFO: Extracting primitive: Mesh_808
09:08:36 | INFO: Primitives created: 1
09:08:36 | INFO: Extracting primitive: Mesh_809
09:08:36 | INFO: Primitives created: 1
09:08:36 | INFO: Extracting primitive: Mesh_810
09:08:36 | INFO: Primitives created: 1
09:08:36 | INFO: Extracting primitive: Mesh_811
09:08:36 | INFO: Primitives created: 1
09:08:36 | INFO: Extracting primitive: Mesh_812
09:08:36 | INFO: Primitives created: 1
09:08:36 | INFO: Extracting primitive: Mesh_813
09:08:36 | INFO: Primitives created: 1
09:08:36 | INFO: Extracting primitive: Mesh_814
09:08:36 | INFO: Primitives created: 1
09:08:36 | INFO: Extracting primitive: Mesh_815
09:08:36 | INFO: Primitives created: 1
09:08:36 | INFO: Extracting primitive: Mesh_816
09:08:36 | INFO: Primitives created: 1
09:08:36 | INFO: Extracting primitive: Mesh_817
09:08:36 | INFO: Primitives created: 1
09:08:36 | INFO: Extracting primitive: Mesh_818
09:08:36 | INFO: Primitives created: 1
09:08:36 | INFO: Extracting primitive: Mesh_819
09:08:36 | INFO: Primitives created: 1
09:08:36 | INFO: Extracting primitive: Mesh_820
09:08:36 | INFO: Primitives created: 1
09:08:36 | INFO: Extracting primitive: Mesh_821
09:08:36 | INFO: Primitives created: 1
09:08:36 | INFO: Extracting primitive: Mesh_822
09:08:36 | INFO: Primitives created: 1
09:08:36 | INFO: Extracting primitive: Mesh_823
09:08:36 | INFO: Primitives created: 1
09:08:36 | INFO: Extracting primitive: Mesh_824
09:08:36 | INFO: Primitives created: 1
09:08:36 | INFO: Extracting primitive: Mesh_825
09:08:36 | INFO: Primitives created: 1
09:08:36 | INFO: Extracting primitive: Mesh_826
09:08:36 | INFO: Primitives created: 1
09:08:36 | INFO: Extracting primitive: Mesh_827
09:08:36 | INFO: Primitives created: 1
09:08:36 | INFO: Extracting primitive: Mesh_828
09:08:36 | INFO: Primitives created: 1
09:08:36 | INFO: Extracting primitive: Mesh_829
09:08:36 | INFO: Primitives created: 1
09:08:36 | INFO: Extracting primitive: Mesh_830
09:08:36 | INFO: Primitives created: 1
09:08:36 | INFO: Extracting primitive: Mesh_831
09:08:36 | INFO: Primitives created: 1
09:08:36 | INFO: Extracting primitive: Mesh_832
09:08:36 | INFO: Primitives created: 1
09:08:36 | INFO: Extracting primitive: Mesh_833
09:08:36 | INFO: Primitives created: 1
09:08:36 | INFO: Extracting primitive: Mesh_834
09:08:36 | INFO: Primitives created: 1
09:08:36 | INFO: Extracting primitive: Mesh_835
09:08:36 | INFO: Primitives created: 1
09:08:36 | INFO: Extracting primitive: Mesh_836
09:08:36 | INFO: Primitives created: 1
09:08:36 | INFO: Extracting primitive: Mesh_837
09:08:36 | INFO: Primitives created: 1
09:08:36 | INFO: Extracting primitive: Mesh_838
09:08:36 | INFO: Primitives created: 1
09:08:36 | INFO: Extracting primitive: Mesh_839
09:08:36 | INFO: Primitives created: 1
09:08:36 | INFO: Extracting primitive: Mesh_840
09:08:36 | INFO: Primitives created: 1
09:08:36 | INFO: Extracting primitive: Mesh_841
09:08:36 | INFO: Primitives created: 1
09:08:36 | INFO: Extracting primitive: Mesh_842
09:08:36 | INFO: Primitives created: 1
09:08:36 | INFO: Extracting primitive: Mesh_843
09:08:36 | INFO: Primitives created: 1
09:08:36 | INFO: Extracting primitive: Mesh_844
09:08:36 | INFO: Primitives created: 1
09:08:36 | INFO: Extracting primitive: Mesh_845
09:08:36 | INFO: Primitives created: 1
09:08:36 | INFO: Extracting primitive: Mesh_846
09:08:36 | INFO: Primitives created: 1
09:08:36 | INFO: Extracting primitive: Mesh_847
09:08:36 | INFO: Primitives created: 1
09:08:36 | INFO: Extracting primitive: Mesh_848
09:08:36 | INFO: Primitives created: 1
09:08:36 | INFO: Extracting primitive: Mesh_849
09:08:36 | INFO: Primitives created: 1
09:08:36 | INFO: Extracting primitive: Mesh_850
09:08:36 | INFO: Primitives created: 1
09:08:36 | INFO: Extracting primitive: Mesh_851
09:08:36 | INFO: Primitives created: 1
09:08:36 | INFO: Extracting primitive: Mesh_852
09:08:36 | INFO: Primitives created: 1
09:08:36 | INFO: Extracting primitive: Mesh_853
09:08:36 | INFO: Primitives created: 1
09:08:36 | INFO: Extracting primitive: Mesh_854
09:08:36 | INFO: Primitives created: 1
09:08:36 | INFO: Extracting primitive: Mesh_855
09:08:36 | INFO: Primitives created: 1
09:08:36 | INFO: Extracting primitive: Mesh_856
09:08:36 | INFO: Primitives created: 1
09:08:36 | INFO: Extracting primitive: Mesh_857
09:08:36 | INFO: Primitives created: 1
09:08:36 | INFO: Extracting primitive: Mesh_858
09:08:36 | INFO: Primitives created: 1
09:08:36 | INFO: Extracting primitive: Mesh_859
09:08:36 | INFO: Primitives created: 1
09:08:36 | INFO: Extracting primitive: Mesh_860
09:08:36 | INFO: Primitives created: 1
09:08:36 | INFO: Extracting primitive: Mesh_861
09:08:36 | INFO: Primitives created: 1
09:08:36 | INFO: Extracting primitive: Mesh_862
09:08:36 | INFO: Primitives created: 1
09:08:36 | INFO: Extracting primitive: Mesh_863
09:08:36 | INFO: Primitives created: 1
09:08:36 | INFO: Extracting primitive: Mesh_864
09:08:36 | INFO: Primitives created: 1
09:08:36 | INFO: Extracting primitive: Mesh_865
09:08:36 | INFO: Primitives created: 1
09:08:36 | INFO: Extracting primitive: Mesh_866
09:08:36 | INFO: Primitives created: 1
09:08:36 | INFO: Extracting primitive: Mesh_867
09:08:36 | INFO: Primitives created: 1
09:08:36 | INFO: Extracting primitive: Mesh_868
09:08:36 | INFO: Primitives created: 1
09:08:36 | INFO: Extracting primitive: Mesh_869
09:08:36 | INFO: Primitives created: 1
09:08:36 | INFO: Extracting primitive: Mesh_870
09:08:36 | INFO: Primitives created: 1
09:08:36 | INFO: Extracting primitive: Mesh_871
09:08:36 | INFO: Primitives created: 1
09:08:36 | INFO: Extracting primitive: Mesh_872
09:08:36 | INFO: Primitives created: 1
09:08:36 | INFO: Extracting primitive: Mesh_873
09:08:36 | INFO: Primitives created: 1
09:08:36 | INFO: Extracting primitive: Mesh_874
09:08:36 | INFO: Primitives created: 1
09:08:36 | INFO: Extracting primitive: Mesh_875
09:08:36 | INFO: Primitives created: 1
09:08:36 | INFO: Extracting primitive: Mesh_876
09:08:36 | INFO: Primitives created: 1
09:08:36 | INFO: Extracting primitive: Mesh_877
09:08:36 | INFO: Primitives created: 1
09:08:36 | INFO: Extracting primitive: Mesh_878
09:08:36 | INFO: Primitives created: 1
09:08:36 | INFO: Extracting primitive: Mesh_879
09:08:36 | INFO: Primitives created: 1
09:08:36 | INFO: Extracting primitive: Mesh_880
09:08:36 | INFO: Primitives created: 1
09:08:36 | INFO: Extracting primitive: Mesh_881
09:08:36 | INFO: Primitives created: 1
09:08:36 | INFO: Extracting primitive: Mesh_882
09:08:36 | INFO: Primitives created: 1
09:08:36 | INFO: Extracting primitive: Mesh_883
09:08:36 | INFO: Primitives created: 1
09:08:36 | INFO: Extracting primitive: Mesh_884
09:08:36 | INFO: Primitives created: 1
09:08:36 | INFO: Extracting primitive: Mesh_885
09:08:36 | INFO: Primitives created: 1
09:08:36 | INFO: Extracting primitive: Mesh_886
09:08:36 | INFO: Primitives created: 1
09:08:36 | INFO: Extracting primitive: Mesh_887
09:08:36 | INFO: Primitives created: 1
09:08:36 | INFO: Extracting primitive: Mesh_888
09:08:36 | INFO: Primitives created: 1
09:08:36 | INFO: Extracting primitive: Mesh_889
09:08:36 | INFO: Primitives created: 1
09:08:36 | INFO: Extracting primitive: Mesh_890
09:08:36 | INFO: Primitives created: 1
09:08:36 | INFO: Extracting primitive: Mesh_891
09:08:36 | INFO: Primitives created: 1
09:08:36 | INFO: Extracting primitive: Mesh_892
09:08:36 | INFO: Primitives created: 1
09:08:36 | INFO: Extracting primitive: Mesh_893
09:08:36 | INFO: Primitives created: 1
09:08:36 | INFO: Extracting primitive: Mesh_894
09:08:36 | INFO: Primitives created: 1
09:08:36 | INFO: Extracting primitive: Mesh_895
09:08:36 | INFO: Primitives created: 1
09:08:36 | INFO: Extracting primitive: Mesh_896
09:08:36 | INFO: Primitives created: 1
09:08:36 | INFO: Extracting primitive: Mesh_897
09:08:36 | INFO: Primitives created: 1
09:08:36 | INFO: Extracting primitive: Mesh_898
09:08:36 | INFO: Primitives created: 1
09:08:36 | INFO: Extracting primitive: Mesh_899
09:08:36 | INFO: Primitives created: 1
09:08:36 | INFO: Extracting primitive: Mesh_900
09:08:36 | INFO: Primitives created: 1
09:08:36 | INFO: Extracting primitive: Mesh_901
09:08:36 | INFO: Primitives created: 1
09:08:36 | INFO: Extracting primitive: Mesh_902
09:08:36 | INFO: Primitives created: 1
09:08:36 | INFO: Extracting primitive: Mesh_903
09:08:36 | INFO: Primitives created: 1
09:08:36 | INFO: Extracting primitive: Mesh_904
09:08:36 | INFO: Primitives created: 1
09:08:36 | INFO: Extracting primitive: Mesh_905
09:08:36 | INFO: Primitives created: 1
09:08:36 | INFO: Extracting primitive: Mesh_906
09:08:36 | INFO: Primitives created: 1
09:08:36 | INFO: Extracting primitive: Mesh_907
09:08:36 | INFO: Primitives created: 1
09:08:36 | INFO: Extracting primitive: Mesh_908
09:08:36 | INFO: Primitives created: 1
09:08:36 | INFO: Extracting primitive: Mesh_909
09:08:36 | INFO: Primitives created: 1
09:08:36 | INFO: Extracting primitive: Mesh_910
09:08:36 | INFO: Primitives created: 1
09:08:36 | INFO: Extracting primitive: Mesh_911
09:08:36 | INFO: Primitives created: 1
09:08:36 | INFO: Extracting primitive: Mesh_912
09:08:36 | INFO: Primitives created: 1
09:08:36 | INFO: Extracting primitive: Mesh_913
09:08:36 | INFO: Primitives created: 1
09:08:36 | INFO: Extracting primitive: Mesh_914
09:08:36 | INFO: Primitives created: 1
09:08:36 | INFO: Extracting primitive: Mesh_915
09:08:36 | INFO: Primitives created: 1
09:08:36 | INFO: Extracting primitive: Mesh_916
09:08:36 | INFO: Primitives created: 1
09:08:36 | INFO: Extracting primitive: Mesh_917
09:08:36 | INFO: Primitives created: 1
09:08:36 | INFO: Extracting primitive: Mesh_918
09:08:36 | INFO: Primitives created: 1
09:08:36 | INFO: Extracting primitive: Mesh_919
09:08:36 | INFO: Primitives created: 1
09:08:36 | INFO: Extracting primitive: Mesh_920
09:08:36 | INFO: Primitives created: 1
09:08:36 | INFO: Extracting primitive: Mesh_921
09:08:36 | INFO: Primitives created: 1
09:08:36 | INFO: Extracting primitive: Mesh_922
09:08:36 | INFO: Primitives created: 1
09:08:36 | INFO: Extracting primitive: Mesh_923
09:08:36 | INFO: Primitives created: 1
09:08:36 | INFO: Extracting primitive: Mesh_924
09:08:36 | INFO: Primitives created: 1
09:08:36 | INFO: Extracting primitive: Mesh_925
09:08:36 | INFO: Primitives created: 1
09:08:36 | INFO: Extracting primitive: Mesh_926
09:08:36 | INFO: Primitives created: 1
09:08:36 | INFO: Extracting primitive: Mesh_927
09:08:36 | INFO: Primitives created: 1
09:08:36 | INFO: Extracting primitive: Mesh_928
09:08:36 | INFO: Primitives created: 1
09:08:36 | INFO: Extracting primitive: Mesh_929
09:08:36 | INFO: Primitives created: 1
09:08:36 | INFO: Extracting primitive: Mesh_930
09:08:36 | INFO: Primitives created: 1
09:08:36 | INFO: Extracting primitive: Mesh_931
09:08:36 | INFO: Primitives created: 1
09:08:36 | INFO: Extracting primitive: Mesh_932
09:08:36 | INFO: Primitives created: 1
09:08:36 | INFO: Extracting primitive: Mesh_933
09:08:36 | INFO: Primitives created: 1
09:08:36 | INFO: Extracting primitive: Mesh_934
09:08:36 | INFO: Primitives created: 1
09:08:36 | INFO: Extracting primitive: Mesh_935
09:08:36 | INFO: Primitives created: 1
09:08:36 | INFO: Extracting primitive: Mesh_936
09:08:36 | INFO: Primitives created: 1
09:08:36 | INFO: Extracting primitive: Mesh_937
09:08:36 | INFO: Primitives created: 1
09:08:36 | INFO: Extracting primitive: Mesh_938
09:08:36 | INFO: Primitives created: 1
09:08:36 | INFO: Extracting primitive: Mesh_939
09:08:36 | INFO: Primitives created: 1
09:08:36 | INFO: Extracting primitive: Mesh_940
09:08:36 | INFO: Primitives created: 1
09:08:36 | INFO: Extracting primitive: Mesh_941
09:08:36 | INFO: Primitives created: 1
09:08:36 | INFO: Extracting primitive: Mesh_942
09:08:36 | INFO: Primitives created: 1
09:08:36 | INFO: Extracting primitive: Mesh_943
09:08:36 | INFO: Primitives created: 1
09:08:36 | INFO: Extracting primitive: Mesh_944
09:08:36 | INFO: Primitives created: 1
09:08:36 | INFO: Extracting primitive: Mesh_945
09:08:36 | INFO: Primitives created: 1
09:08:36 | INFO: Extracting primitive: Mesh_946
09:08:36 | INFO: Primitives created: 1
09:08:36 | INFO: Extracting primitive: Mesh_947
09:08:36 | INFO: Primitives created: 1
09:08:36 | INFO: Extracting primitive: Mesh_948
09:08:36 | INFO: Primitives created: 1
09:08:36 | INFO: Extracting primitive: Mesh_949
09:08:36 | INFO: Primitives created: 1
09:08:36 | INFO: Extracting primitive: Mesh_950
09:08:36 | INFO: Primitives created: 1
09:08:36 | INFO: Extracting primitive: Mesh_951
09:08:36 | INFO: Primitives created: 1
09:08:36 | INFO: Extracting primitive: Mesh_952
09:08:36 | INFO: Primitives created: 1
09:08:36 | INFO: Extracting primitive: Mesh_953
09:08:36 | INFO: Primitives created: 1
09:08:36 | INFO: Extracting primitive: Mesh_954
09:08:36 | INFO: Primitives created: 1
09:08:36 | INFO: Extracting primitive: Mesh_955
09:08:36 | INFO: Primitives created: 1
09:08:36 | INFO: Extracting primitive: Mesh_956
09:08:36 | INFO: Primitives created: 1
09:08:36 | INFO: Extracting primitive: Mesh_957
09:08:36 | INFO: Primitives created: 1
09:08:36 | INFO: Extracting primitive: Mesh_958
09:08:36 | INFO: Primitives created: 1
09:08:36 | INFO: Extracting primitive: Mesh_959
09:08:36 | INFO: Primitives created: 1
09:08:36 | INFO: Extracting primitive: Mesh_960
09:08:36 | INFO: Primitives created: 1
09:08:36 | INFO: Extracting primitive: Mesh_961
09:08:36 | INFO: Primitives created: 1
09:08:36 | INFO: Extracting primitive: Mesh_962
09:08:36 | INFO: Primitives created: 1
09:08:36 | INFO: Extracting primitive: Mesh_963
09:08:36 | INFO: Primitives created: 1
09:08:36 | INFO: Extracting primitive: Mesh_964
09:08:36 | INFO: Primitives created: 1
09:08:36 | INFO: Extracting primitive: Mesh_965
09:08:36 | INFO: Primitives created: 1
09:08:36 | INFO: Extracting primitive: Mesh_966
09:08:36 | INFO: Primitives created: 1
09:08:36 | INFO: Extracting primitive: Mesh_967
09:08:36 | INFO: Primitives created: 1
09:08:36 | INFO: Extracting primitive: Mesh_968
09:08:36 | INFO: Primitives created: 1
09:08:36 | INFO: Extracting primitive: Mesh_969
09:08:36 | INFO: Primitives created: 1
09:08:36 | INFO: Extracting primitive: Mesh_970
09:08:36 | INFO: Primitives created: 1
09:08:36 | INFO: Extracting primitive: Mesh_971
09:08:36 | INFO: Primitives created: 1
09:08:36 | INFO: Extracting primitive: Mesh_972
09:08:36 | INFO: Primitives created: 1
09:08:36 | INFO: Extracting primitive: Mesh_973
09:08:36 | INFO: Primitives created: 1
09:08:36 | INFO: Extracting primitive: Mesh_974
09:08:36 | INFO: Primitives created: 1
09:08:36 | INFO: Extracting primitive: Mesh_975
09:08:36 | INFO: Primitives created: 1
09:08:36 | INFO: Extracting primitive: Mesh_976
09:08:36 | INFO: Primitives created: 1
09:08:36 | INFO: Extracting primitive: Mesh_977
09:08:36 | INFO: Primitives created: 1
09:08:36 | INFO: Extracting primitive: Mesh_978
09:08:36 | INFO: Primitives created: 1
09:08:36 | INFO: Extracting primitive: Mesh_979
09:08:36 | INFO: Primitives created: 1
09:08:36 | INFO: Extracting primitive: Mesh_980
09:08:36 | INFO: Primitives created: 1
09:08:36 | INFO: Extracting primitive: Mesh_981
09:08:36 | INFO: Primitives created: 1
09:08:36 | INFO: Extracting primitive: Mesh_982
09:08:36 | INFO: Primitives created: 1
09:08:36 | INFO: Extracting primitive: Mesh_983
09:08:36 | INFO: Primitives created: 1
09:08:36 | INFO: Extracting primitive: Mesh_984
09:08:36 | INFO: Primitives created: 1
09:08:36 | INFO: Extracting primitive: Mesh_985
09:08:36 | INFO: Primitives created: 1
09:08:36 | INFO: Extracting primitive: Mesh_986
09:08:36 | INFO: Primitives created: 1
09:08:36 | INFO: Extracting primitive: Mesh_987
09:08:36 | INFO: Primitives created: 1
09:08:36 | INFO: Extracting primitive: Mesh_988
09:08:36 | INFO: Primitives created: 1
09:08:36 | INFO: Extracting primitive: Mesh_989
09:08:36 | INFO: Primitives created: 1
09:08:36 | INFO: Extracting primitive: Mesh_990
09:08:36 | INFO: Primitives created: 1
09:08:36 | INFO: Extracting primitive: Mesh_991
09:08:36 | INFO: Primitives created: 1
09:08:36 | INFO: Extracting primitive: Mesh_992
09:08:36 | INFO: Primitives created: 1
09:08:36 | INFO: Extracting primitive: Mesh_993
09:08:36 | INFO: Primitives created: 1
09:08:36 | INFO: Extracting primitive: Mesh_994
09:08:36 | INFO: Primitives created: 1
09:08:36 | INFO: Extracting primitive: Mesh_995
09:08:36 | INFO: Primitives created: 1
09:08:36 | INFO: Extracting primitive: Mesh_996
09:08:36 | INFO: Primitives created: 1
09:08:36 | INFO: Extracting primitive: Mesh_997
09:08:36 | INFO: Primitives created: 1
09:08:36 | INFO: Extracting primitive: Mesh_998
09:08:36 | INFO: Primitives created: 1
09:08:36 | INFO: Extracting primitive: Mesh_999
09:08:36 | INFO: Primitives created: 1
09:08:36 | INFO: Extracting primitive: Mesh_1000
09:08:36 | INFO: Primitives created: 1
09:08:36 | INFO: Extracting primitive: Mesh_1001
09:08:36 | INFO: Primitives created: 1
09:08:36 | INFO: Extracting primitive: Mesh_1002
09:08:36 | INFO: Primitives created: 1
09:08:36 | INFO: Extracting primitive: Mesh_1003
09:08:36 | INFO: Primitives created: 1
09:08:36 | INFO: Extracting primitive: Mesh_1004
09:08:36 | INFO: Primitives created: 1
09:08:36 | INFO: Extracting primitive: Mesh_1005
09:08:36 | INFO: Primitives created: 1
09:08:36 | INFO: Extracting primitive: Mesh_1006
09:08:36 | INFO: Primitives created: 1
09:08:36 | INFO: Extracting primitive: Mesh_1007
09:08:36 | INFO: Primitives created: 1
09:08:36 | INFO: Extracting primitive: Mesh_1008
09:08:36 | INFO: Primitives created: 1
09:08:36 | INFO: Extracting primitive: Mesh_1009
09:08:36 | INFO: Primitives created: 1
09:08:36 | INFO: Extracting primitive: Mesh_1010
09:08:36 | INFO: Primitives created: 1
09:08:36 | INFO: Extracting primitive: Mesh_1011
09:08:37 | INFO: Primitives created: 1
09:08:37 | INFO: Extracting primitive: Mesh_1012
09:08:37 | INFO: Primitives created: 1
09:08:37 | INFO: Extracting primitive: Mesh_1013
09:08:37 | INFO: Primitives created: 1
09:08:37 | INFO: Extracting primitive: Mesh_1014
09:08:37 | INFO: Primitives created: 1
09:08:37 | INFO: Extracting primitive: Mesh_1015
09:08:37 | INFO: Primitives created: 1
09:08:37 | INFO: Extracting primitive: Mesh_1016
09:08:37 | INFO: Primitives created: 1
09:08:37 | INFO: Extracting primitive: Mesh_1017
09:08:37 | INFO: Primitives created: 1
09:08:37 | INFO: Extracting primitive: Mesh_1018
09:08:37 | INFO: Primitives created: 1
09:08:37 | INFO: Extracting primitive: Mesh_1019
09:08:37 | INFO: Primitives created: 1
09:08:37 | INFO: Extracting primitive: Mesh_1020
09:08:37 | INFO: Primitives created: 1
09:08:37 | INFO: Extracting primitive: Mesh_1021
09:08:37 | INFO: Primitives created: 1
09:08:37 | INFO: Extracting primitive: Mesh_1022
09:08:37 | INFO: Primitives created: 1
09:08:37 | INFO: Extracting primitive: Mesh_1023
09:08:37 | INFO: Primitives created: 1
09:08:37 | INFO: Extracting primitive: Mesh_1024
09:08:37 | INFO: Primitives created: 1
09:08:37 | INFO: Extracting primitive: Mesh_1025
09:08:37 | INFO: Primitives created: 1
09:08:37 | INFO: Extracting primitive: Mesh_1026
09:08:37 | INFO: Primitives created: 1
09:08:37 | INFO: Extracting primitive: Mesh_1027
09:08:37 | INFO: Primitives created: 1
09:08:37 | INFO: Extracting primitive: Mesh_1028
09:08:37 | INFO: Primitives created: 1
09:08:37 | INFO: Extracting primitive: Mesh_1029
09:08:37 | INFO: Primitives created: 1
09:08:37 | INFO: Extracting primitive: Mesh_1030
09:08:37 | INFO: Primitives created: 1
09:08:37 | INFO: Extracting primitive: Mesh_1031
09:08:37 | INFO: Primitives created: 1
09:08:37 | INFO: Extracting primitive: Mesh_1032
09:08:37 | INFO: Primitives created: 1
09:08:37 | INFO: Extracting primitive: Mesh_1033
09:08:37 | INFO: Primitives created: 1
09:08:37 | INFO: Extracting primitive: Mesh_1034
09:08:37 | INFO: Primitives created: 1
09:08:37 | INFO: Extracting primitive: Mesh_1035
09:08:37 | INFO: Primitives created: 1
09:08:37 | INFO: Extracting primitive: Mesh_1036
09:08:37 | INFO: Primitives created: 1
09:08:37 | INFO: Extracting primitive: Mesh_1037
09:08:37 | INFO: Primitives created: 1
09:08:37 | INFO: Extracting primitive: Mesh_1038
09:08:37 | INFO: Primitives created: 1
09:08:37 | INFO: Extracting primitive: Mesh_1039
09:08:37 | INFO: Primitives created: 1
09:08:37 | INFO: Extracting primitive: Mesh_1040
09:08:37 | INFO: Primitives created: 1
09:08:37 | INFO: Extracting primitive: Mesh_1041
09:08:37 | INFO: Primitives created: 1
09:08:37 | INFO: Extracting primitive: Mesh_1042
09:08:37 | INFO: Primitives created: 1
09:08:37 | INFO: Extracting primitive: Mesh_1043
09:08:37 | INFO: Primitives created: 1
09:08:37 | INFO: Extracting primitive: Mesh_1044
09:08:37 | INFO: Primitives created: 1
09:08:37 | INFO: Extracting primitive: Mesh_1045
09:08:37 | INFO: Primitives created: 1
09:08:37 | INFO: Extracting primitive: Mesh_1046
09:08:37 | INFO: Primitives created: 1
09:08:37 | INFO: Extracting primitive: Mesh_1047
09:08:37 | INFO: Primitives created: 1
09:08:37 | INFO: Extracting primitive: Mesh_1048
09:08:37 | INFO: Primitives created: 1
09:08:37 | INFO: Extracting primitive: Mesh_1049
09:08:37 | INFO: Primitives created: 1
09:08:37 | INFO: Extracting primitive: Mesh_1050
09:08:37 | INFO: Primitives created: 1
09:08:37 | INFO: Extracting primitive: Mesh_1051
09:08:37 | INFO: Primitives created: 1
09:08:37 | INFO: Extracting primitive: Mesh_1052
09:08:37 | INFO: Primitives created: 1
09:08:37 | INFO: Extracting primitive: Mesh_1053
09:08:37 | INFO: Primitives created: 1
09:08:37 | INFO: Extracting primitive: Mesh_1054
09:08:37 | INFO: Primitives created: 1
09:08:37 | INFO: Extracting primitive: Mesh_1055
09:08:37 | INFO: Primitives created: 1
09:08:37 | INFO: Extracting primitive: Mesh_1056
09:08:37 | INFO: Primitives created: 1
09:08:37 | INFO: Extracting primitive: Mesh_1057
09:08:37 | INFO: Primitives created: 1
09:08:37 | INFO: Extracting primitive: Mesh_1058
09:08:37 | INFO: Primitives created: 1
09:08:37 | INFO: Extracting primitive: Mesh_1059
09:08:37 | INFO: Primitives created: 1
09:08:37 | INFO: Extracting primitive: Mesh_1060
09:08:37 | INFO: Primitives created: 1
09:08:37 | INFO: Extracting primitive: Mesh_1061
09:08:37 | INFO: Primitives created: 1
09:08:37 | INFO: Extracting primitive: Mesh_1062
09:08:37 | INFO: Primitives created: 1
09:08:37 | INFO: Extracting primitive: Mesh_1063
09:08:37 | INFO: Primitives created: 1
09:08:37 | INFO: Extracting primitive: Mesh_1064
09:08:37 | INFO: Primitives created: 1
09:08:37 | INFO: Extracting primitive: Mesh_1065
09:08:37 | INFO: Primitives created: 1
09:08:37 | INFO: Extracting primitive: Mesh_1066
09:08:37 | INFO: Primitives created: 1
09:08:37 | INFO: Extracting primitive: Mesh_1067
09:08:37 | INFO: Primitives created: 1
09:08:37 | INFO: Extracting primitive: Mesh_1068
09:08:37 | INFO: Primitives created: 1
09:08:37 | INFO: Extracting primitive: Mesh_1069
09:08:37 | INFO: Primitives created: 1
09:08:37 | INFO: Extracting primitive: Mesh_1070
09:08:37 | INFO: Primitives created: 1
09:08:37 | INFO: Extracting primitive: Mesh_1071
09:08:37 | INFO: Primitives created: 1
09:08:37 | INFO: Extracting primitive: Mesh_1072
09:08:37 | INFO: Primitives created: 1
09:08:37 | INFO: Extracting primitive: Mesh_1073
09:08:37 | INFO: Primitives created: 1
09:08:37 | INFO: Extracting primitive: Mesh_1074
09:08:37 | INFO: Primitives created: 1
09:08:37 | INFO: Extracting primitive: Mesh_1075
09:08:37 | INFO: Primitives created: 1
09:08:37 | INFO: Extracting primitive: Mesh_1076
09:08:37 | INFO: Primitives created: 1
09:08:37 | INFO: Extracting primitive: Mesh_1077
09:08:37 | INFO: Primitives created: 1
09:08:37 | INFO: Extracting primitive: Mesh_1078
09:08:37 | INFO: Primitives created: 1
09:08:37 | INFO: Extracting primitive: Mesh_1079
09:08:37 | INFO: Primitives created: 1
09:08:37 | INFO: Extracting primitive: Mesh_1080
09:08:37 | INFO: Primitives created: 1
09:08:37 | INFO: Extracting primitive: Mesh_1081
09:08:37 | INFO: Primitives created: 1
09:08:37 | INFO: Extracting primitive: Mesh_1082
09:08:37 | INFO: Primitives created: 1
09:08:37 | INFO: Extracting primitive: Mesh_1083
09:08:37 | INFO: Primitives created: 1
09:08:37 | INFO: Extracting primitive: Mesh_1084
09:08:37 | INFO: Primitives created: 1
09:08:37 | INFO: Extracting primitive: Mesh_1085
09:08:37 | INFO: Primitives created: 1
09:08:37 | INFO: Extracting primitive: Mesh_1086
09:08:37 | INFO: Primitives created: 1
09:08:37 | INFO: Extracting primitive: Mesh_1087
09:08:37 | INFO: Primitives created: 1
09:08:37 | INFO: Extracting primitive: Mesh_1088
09:08:37 | INFO: Primitives created: 1
09:08:37 | INFO: Extracting primitive: Mesh_1089
09:08:37 | INFO: Primitives created: 1
09:08:37 | INFO: Extracting primitive: Mesh_1090
09:08:37 | INFO: Primitives created: 1
09:08:37 | INFO: Extracting primitive: Mesh_1091
09:08:37 | INFO: Primitives created: 1
09:08:37 | INFO: Extracting primitive: Mesh_1092
09:08:37 | INFO: Primitives created: 1
09:08:37 | INFO: Extracting primitive: Mesh_1093
09:08:37 | INFO: Primitives created: 1
09:08:37 | INFO: Extracting primitive: Mesh_1094
09:08:37 | INFO: Primitives created: 1
09:08:37 | INFO: Extracting primitive: Mesh_1095
09:08:37 | INFO: Primitives created: 1
09:08:37 | INFO: Extracting primitive: Mesh_1096
09:08:37 | INFO: Primitives created: 1
09:08:37 | INFO: Extracting primitive: Mesh_1097
09:08:37 | INFO: Primitives created: 1
09:08:37 | INFO: Extracting primitive: Mesh_1098
09:08:37 | INFO: Primitives created: 1
09:08:37 | INFO: Extracting primitive: Mesh_1099
09:08:37 | INFO: Primitives created: 1
09:08:37 | INFO: Extracting primitive: Mesh_1100
09:08:37 | INFO: Primitives created: 1
09:08:37 | INFO: Extracting primitive: Mesh_1101
09:08:37 | INFO: Primitives created: 1
09:08:37 | INFO: Extracting primitive: Mesh_1102
09:08:37 | INFO: Primitives created: 1
09:08:37 | INFO: Extracting primitive: Mesh_1103
09:08:37 | INFO: Primitives created: 1
09:08:37 | INFO: Extracting primitive: Mesh_1104
09:08:37 | INFO: Primitives created: 1
09:08:37 | INFO: Extracting primitive: Mesh_1105
09:08:37 | INFO: Primitives created: 1
09:08:37 | INFO: Extracting primitive: Mesh_1106
09:08:37 | INFO: Primitives created: 1
09:08:37 | INFO: Extracting primitive: Mesh_1107
09:08:37 | INFO: Primitives created: 1
09:08:37 | INFO: Extracting primitive: Mesh_1108
09:08:37 | INFO: Primitives created: 1
09:08:37 | INFO: Extracting primitive: Mesh_1109
09:08:37 | INFO: Primitives created: 1
09:08:37 | INFO: Extracting primitive: Mesh_1110
09:08:37 | INFO: Primitives created: 1
09:08:37 | INFO: Extracting primitive: Mesh_1111
09:08:37 | INFO: Primitives created: 1
09:08:37 | INFO: Extracting primitive: Mesh_1112
09:08:37 | INFO: Primitives created: 1
09:08:37 | INFO: Extracting primitive: Mesh_1113
09:08:37 | INFO: Primitives created: 1
09:08:37 | INFO: Extracting primitive: Mesh_1114
09:08:37 | INFO: Primitives created: 1
09:08:37 | INFO: Extracting primitive: Mesh_1115
09:08:37 | INFO: Primitives created: 1
09:08:37 | INFO: Extracting primitive: Mesh_1116
09:08:37 | INFO: Primitives created: 1
09:08:37 | INFO: Extracting primitive: Mesh_1117
09:08:37 | INFO: Primitives created: 1
09:08:37 | INFO: Extracting primitive: Mesh_1118
09:08:37 | INFO: Primitives created: 1
09:08:37 | INFO: Extracting primitive: Mesh_1119
09:08:37 | INFO: Primitives created: 1
09:08:37 | INFO: Extracting primitive: Mesh_1120
09:08:37 | INFO: Primitives created: 1
09:08:37 | INFO: Extracting primitive: Mesh_1121
09:08:37 | INFO: Primitives created: 1
09:08:37 | INFO: Extracting primitive: Mesh_1122
09:08:37 | INFO: Primitives created: 1
09:08:37 | INFO: Extracting primitive: Mesh_1123
09:08:37 | INFO: Primitives created: 1
09:08:37 | INFO: Extracting primitive: Mesh_1124
09:08:37 | INFO: Primitives created: 1
09:08:37 | INFO: Extracting primitive: Mesh_1125
09:08:37 | INFO: Primitives created: 1
09:08:37 | INFO: Extracting primitive: Mesh_1126
09:08:37 | INFO: Primitives created: 1
09:08:37 | INFO: Extracting primitive: Mesh_1127
09:08:37 | INFO: Primitives created: 1
09:08:37 | INFO: Extracting primitive: Mesh_1128
09:08:37 | INFO: Primitives created: 1
09:08:37 | INFO: Extracting primitive: Mesh_1129
09:08:37 | INFO: Primitives created: 1
09:08:37 | INFO: Extracting primitive: Mesh_1130
09:08:37 | INFO: Primitives created: 1
09:08:37 | INFO: Extracting primitive: Mesh_1131
09:08:37 | INFO: Primitives created: 1
09:08:37 | INFO: Extracting primitive: Mesh_1132
09:08:37 | INFO: Primitives created: 1
09:08:37 | INFO: Extracting primitive: Mesh_1133
09:08:37 | INFO: Primitives created: 1
09:08:37 | INFO: Extracting primitive: Mesh_1134
09:08:37 | INFO: Primitives created: 1
09:08:37 | INFO: Extracting primitive: Mesh_1135
09:08:37 | INFO: Primitives created: 1
09:08:37 | INFO: Extracting primitive: Mesh_1136
09:08:37 | INFO: Primitives created: 1
09:08:37 | INFO: Extracting primitive: Mesh_1137
09:08:37 | INFO: Primitives created: 1
09:08:37 | INFO: Extracting primitive: Mesh_1138
09:08:37 | INFO: Primitives created: 1
09:08:37 | INFO: Extracting primitive: Mesh_1139
09:08:37 | INFO: Primitives created: 1
09:08:37 | INFO: Extracting primitive: Mesh_1140
09:08:37 | INFO: Primitives created: 1
09:08:37 | INFO: Extracting primitive: Mesh_1141
09:08:37 | INFO: Primitives created: 1
09:08:37 | INFO: Extracting primitive: Mesh_1142
09:08:37 | INFO: Primitives created: 1
09:08:37 | INFO: Extracting primitive: Mesh_1143
09:08:37 | INFO: Primitives created: 1
09:08:37 | INFO: Extracting primitive: Mesh_1144
09:08:37 | INFO: Primitives created: 1
09:08:37 | INFO: Extracting primitive: Mesh_1145
09:08:37 | INFO: Primitives created: 1
09:08:37 | INFO: Extracting primitive: Mesh_1146
09:08:37 | INFO: Primitives created: 1
09:08:37 | INFO: Extracting primitive: Mesh_1147
09:08:37 | INFO: Primitives created: 1
09:08:37 | INFO: Extracting primitive: Mesh_1148
09:08:37 | INFO: Primitives created: 1
09:08:37 | INFO: Extracting primitive: Mesh_1149
09:08:37 | INFO: Primitives created: 1
09:08:37 | INFO: Extracting primitive: Mesh_1150
09:08:37 | INFO: Primitives created: 1
09:08:37 | INFO: Extracting primitive: Mesh_1151
09:08:37 | INFO: Primitives created: 1
09:08:37 | INFO: Extracting primitive: Mesh_1152
09:08:37 | INFO: Primitives created: 1
09:08:37 | INFO: Extracting primitive: Mesh_1153
09:08:37 | INFO: Primitives created: 1
09:08:37 | INFO: Extracting primitive: Mesh_1154
09:08:37 | INFO: Primitives created: 1
09:08:37 | INFO: Extracting primitive: Mesh_1155
09:08:37 | INFO: Primitives created: 1
09:08:37 | INFO: Extracting primitive: Mesh_1156
09:08:37 | INFO: Primitives created: 1
09:08:37 | INFO: Extracting primitive: Mesh_1157
09:08:37 | INFO: Primitives created: 1
09:08:37 | INFO: Extracting primitive: Mesh_1158
09:08:37 | INFO: Primitives created: 1
09:08:37 | INFO: Extracting primitive: Mesh_1159
09:08:37 | INFO: Primitives created: 1
09:08:37 | INFO: Extracting primitive: Mesh_1160
09:08:37 | INFO: Primitives created: 1
09:08:37 | INFO: Extracting primitive: Mesh_1161
09:08:37 | INFO: Primitives created: 1
09:08:37 | INFO: Extracting primitive: Mesh_1162
09:08:37 | INFO: Primitives created: 1
09:08:37 | INFO: Extracting primitive: Mesh_1163
09:08:37 | INFO: Primitives created: 1
09:08:37 | INFO: Extracting primitive: Mesh_1164
09:08:37 | INFO: Primitives created: 1
09:08:37 | INFO: Extracting primitive: Mesh_1165
09:08:37 | INFO: Primitives created: 1
09:08:37 | INFO: Extracting primitive: Mesh_1166
09:08:37 | INFO: Primitives created: 1
09:08:37 | INFO: Extracting primitive: Mesh_1167
09:08:37 | INFO: Primitives created: 1
09:08:37 | INFO: Extracting primitive: Mesh_1168
09:08:37 | INFO: Primitives created: 1
09:08:37 | INFO: Extracting primitive: Mesh_1169
09:08:37 | INFO: Primitives created: 1
09:08:37 | INFO: Extracting primitive: Mesh_1170
09:08:37 | INFO: Primitives created: 1
09:08:37 | INFO: Extracting primitive: Mesh_1171
09:08:37 | INFO: Primitives created: 1
09:08:37 | INFO: Extracting primitive: Mesh_1172
09:08:37 | INFO: Primitives created: 1
09:08:37 | INFO: Extracting primitive: Mesh_1173
09:08:37 | INFO: Primitives created: 1
09:08:37 | INFO: Extracting primitive: Mesh_1174
09:08:37 | INFO: Primitives created: 1
09:08:37 | INFO: Extracting primitive: Mesh_1175
09:08:37 | INFO: Primitives created: 1
09:08:37 | INFO: Extracting primitive: Mesh_1176
09:08:37 | INFO: Primitives created: 1
09:08:37 | INFO: Extracting primitive: Mesh_1177
09:08:37 | INFO: Primitives created: 1
09:08:37 | INFO: Extracting primitive: Mesh_1178
09:08:37 | INFO: Primitives created: 1
09:08:37 | INFO: Extracting primitive: Mesh_1179
09:08:37 | INFO: Primitives created: 1
09:08:37 | INFO: Extracting primitive: Mesh_1180
09:08:37 | INFO: Primitives created: 1
09:08:37 | INFO: Extracting primitive: Mesh_1181
09:08:37 | INFO: Primitives created: 1
09:08:37 | INFO: Extracting primitive: Mesh_1182
09:08:37 | INFO: Primitives created: 1
09:08:37 | INFO: Extracting primitive: Mesh_1183
09:08:37 | INFO: Primitives created: 1
09:08:37 | INFO: Extracting primitive: Mesh_1184
09:08:37 | INFO: Primitives created: 1
09:08:37 | INFO: Extracting primitive: Mesh_1185
09:08:37 | INFO: Primitives created: 1
09:08:37 | INFO: Extracting primitive: Mesh_1186
09:08:37 | INFO: Primitives created: 1
09:08:37 | INFO: Extracting primitive: Mesh_1187
09:08:37 | INFO: Primitives created: 1
09:08:37 | INFO: Extracting primitive: Mesh_1188
09:08:37 | INFO: Primitives created: 1
09:08:37 | INFO: Extracting primitive: Mesh_1189
09:08:37 | INFO: Primitives created: 1
09:08:37 | INFO: Extracting primitive: Mesh_1190
09:08:37 | INFO: Primitives created: 1
09:08:37 | INFO: Extracting primitive: Mesh_1191
09:08:37 | INFO: Primitives created: 1
09:08:37 | INFO: Extracting primitive: Mesh_1192
09:08:37 | INFO: Primitives created: 1
09:08:37 | INFO: Extracting primitive: Mesh_1193
09:08:37 | INFO: Primitives created: 1
09:08:37 | INFO: Extracting primitive: Mesh_1194
09:08:37 | INFO: Primitives created: 1
09:08:37 | INFO: Extracting primitive: Mesh_1195
09:08:37 | INFO: Primitives created: 1
09:08:37 | INFO: Extracting primitive: Mesh_1196
09:08:37 | INFO: Primitives created: 1
09:08:37 | INFO: Extracting primitive: Mesh_1197
09:08:37 | INFO: Primitives created: 1
09:08:37 | INFO: Extracting primitive: Mesh_1198
09:08:37 | INFO: Primitives created: 1
09:08:37 | INFO: Extracting primitive: Mesh_1199
09:08:37 | INFO: Primitives created: 1
09:08:37 | INFO: Extracting primitive: Mesh_1200
09:08:37 | INFO: Primitives created: 1
09:08:37 | INFO: Extracting primitive: Mesh_1201
09:08:37 | INFO: Primitives created: 1
09:08:37 | INFO: Extracting primitive: Mesh_1202
09:08:37 | INFO: Primitives created: 1
09:08:37 | INFO: Extracting primitive: Mesh_1203
09:08:37 | INFO: Primitives created: 1
09:08:37 | INFO: Extracting primitive: Mesh_1204
09:08:37 | INFO: Primitives created: 1
09:08:37 | INFO: Extracting primitive: Mesh_1205
09:08:37 | INFO: Primitives created: 1
09:08:37 | INFO: Extracting primitive: Mesh_1206
09:08:37 | INFO: Primitives created: 1
09:08:37 | INFO: Extracting primitive: Mesh_1207
09:08:37 | INFO: Primitives created: 1
09:08:37 | INFO: Extracting primitive: Mesh_1208
09:08:37 | INFO: Primitives created: 1
09:08:37 | INFO: Extracting primitive: Mesh_1209
09:08:37 | INFO: Primitives created: 1
09:08:37 | INFO: Extracting primitive: Mesh_1210
09:08:37 | INFO: Primitives created: 1
09:08:37 | INFO: Extracting primitive: Mesh_1211
09:08:37 | INFO: Primitives created: 1
09:08:37 | INFO: Extracting primitive: Mesh_1212
09:08:37 | INFO: Primitives created: 1
09:08:37 | INFO: Extracting primitive: Mesh_1213
09:08:37 | INFO: Primitives created: 1
09:08:37 | INFO: Extracting primitive: Mesh_1214
09:08:37 | INFO: Primitives created: 1
09:08:37 | INFO: Extracting primitive: Mesh_1215
09:08:37 | INFO: Primitives created: 1
09:08:37 | INFO: Extracting primitive: Mesh_1216
09:08:37 | INFO: Primitives created: 1
09:08:37 | INFO: Extracting primitive: Mesh_1217
09:08:37 | INFO: Primitives created: 1
09:08:37 | INFO: Extracting primitive: Mesh_1218
09:08:37 | INFO: Primitives created: 1
09:08:37 | INFO: Extracting primitive: Mesh_1219
09:08:37 | INFO: Primitives created: 1
09:08:37 | INFO: Extracting primitive: Mesh_1220
09:08:37 | INFO: Primitives created: 1
09:08:37 | INFO: Extracting primitive: Mesh_1221
09:08:37 | INFO: Primitives created: 1
09:08:37 | INFO: Extracting primitive: Mesh_1222
09:08:37 | INFO: Primitives created: 1
09:08:37 | INFO: Extracting primitive: Mesh_1223
09:08:37 | INFO: Primitives created: 1
09:08:37 | INFO: Extracting primitive: Mesh_1224
09:08:37 | INFO: Primitives created: 1
09:08:37 | INFO: Extracting primitive: Mesh_1225
09:08:37 | INFO: Primitives created: 1
09:08:37 | INFO: Extracting primitive: Mesh_1226
09:08:37 | INFO: Primitives created: 1
09:08:37 | INFO: Extracting primitive: Mesh_1227
09:08:37 | INFO: Primitives created: 1
09:08:37 | INFO: Extracting primitive: Mesh_1228
09:08:37 | INFO: Primitives created: 1
09:08:37 | INFO: Extracting primitive: Mesh_1229
09:08:37 | INFO: Primitives created: 1
09:08:37 | INFO: Extracting primitive: Mesh_1230
09:08:37 | INFO: Primitives created: 1
09:08:37 | INFO: Extracting primitive: Mesh_1231
09:08:37 | INFO: Primitives created: 1
09:08:37 | INFO: Extracting primitive: Mesh_1232
09:08:37 | INFO: Primitives created: 1
09:08:37 | INFO: Extracting primitive: Mesh_1233
09:08:37 | INFO: Primitives created: 1
09:08:37 | INFO: Extracting primitive: Mesh_1234
09:08:37 | INFO: Primitives created: 1
09:08:37 | INFO: Extracting primitive: Mesh_1235
09:08:37 | INFO: Primitives created: 1
09:08:37 | INFO: Extracting primitive: Mesh_1236
09:08:37 | INFO: Primitives created: 1
09:08:37 | INFO: Extracting primitive: Mesh_1237
09:08:37 | INFO: Primitives created: 1
09:08:37 | INFO: Extracting primitive: Mesh_1238
09:08:37 | INFO: Primitives created: 1
09:08:37 | INFO: Extracting primitive: Mesh_1239
09:08:37 | INFO: Primitives created: 1
09:08:37 | INFO: Extracting primitive: Mesh_1240
09:08:37 | INFO: Primitives created: 1
09:08:37 | INFO: Extracting primitive: Mesh_1241
09:08:37 | INFO: Primitives created: 1
09:08:37 | INFO: Extracting primitive: Mesh_1242
09:08:37 | INFO: Primitives created: 1
09:08:37 | INFO: Extracting primitive: Mesh_1243
09:08:37 | INFO: Primitives created: 1
09:08:37 | INFO: Extracting primitive: Mesh_1244
09:08:37 | INFO: Primitives created: 1
09:08:37 | INFO: Extracting primitive: Mesh_1245
09:08:37 | INFO: Primitives created: 1
09:08:37 | INFO: Extracting primitive: Mesh_1246
09:08:37 | INFO: Primitives created: 1
09:08:37 | INFO: Extracting primitive: Mesh_1247
09:08:37 | INFO: Primitives created: 1
09:08:37 | INFO: Extracting primitive: Mesh_1248
09:08:37 | INFO: Primitives created: 1
09:08:37 | INFO: Extracting primitive: Mesh_1249
09:08:37 | INFO: Primitives created: 1
09:08:37 | INFO: Extracting primitive: Mesh_1250
09:08:37 | INFO: Primitives created: 1
09:08:37 | INFO: Extracting primitive: Mesh_1251
09:08:37 | INFO: Primitives created: 1
09:08:37 | INFO: Extracting primitive: Mesh_1252
09:08:37 | INFO: Primitives created: 1
09:08:37 | INFO: Extracting primitive: Mesh_1253
09:08:37 | INFO: Primitives created: 1
09:08:37 | INFO: Extracting primitive: Mesh_1254
09:08:37 | INFO: Primitives created: 1
09:08:37 | INFO: Extracting primitive: Mesh_1255
09:08:37 | INFO: Primitives created: 1
09:08:37 | INFO: Extracting primitive: Mesh_1256
09:08:37 | INFO: Primitives created: 1
09:08:37 | INFO: Extracting primitive: Mesh_1257
09:08:37 | INFO: Primitives created: 1
09:08:37 | INFO: Extracting primitive: Mesh_1258
09:08:37 | INFO: Primitives created: 1
09:08:37 | INFO: Extracting primitive: Mesh_1259
09:08:37 | INFO: Primitives created: 1
09:08:37 | INFO: Extracting primitive: Mesh_1260
09:08:37 | INFO: Primitives created: 1
09:08:37 | INFO: Extracting primitive: Mesh_1261
09:08:37 | INFO: Primitives created: 1
09:08:37 | INFO: Extracting primitive: Mesh_1262
09:08:37 | INFO: Primitives created: 1
09:08:37 | INFO: Extracting primitive: Mesh_1263
09:08:37 | INFO: Primitives created: 1
09:08:37 | INFO: Extracting primitive: Mesh_1264
09:08:37 | INFO: Primitives created: 1
09:08:37 | INFO: Extracting primitive: Mesh_1265
09:08:37 | INFO: Primitives created: 1
09:08:37 | INFO: Extracting primitive: Mesh_1266
09:08:37 | INFO: Primitives created: 1
09:08:37 | INFO: Extracting primitive: Mesh_1267
09:08:37 | INFO: Primitives created: 1
09:08:37 | INFO: Extracting primitive: Mesh_1268
09:08:37 | INFO: Primitives created: 1
09:08:37 | INFO: Extracting primitive: Mesh_1269
09:08:37 | INFO: Primitives created: 1
09:08:37 | INFO: Extracting primitive: Mesh_1270
09:08:37 | INFO: Primitives created: 1
09:08:37 | INFO: Extracting primitive: Mesh_1271
09:08:37 | INFO: Primitives created: 1
09:08:37 | INFO: Extracting primitive: Mesh_1272
09:08:37 | INFO: Primitives created: 1
09:08:37 | INFO: Extracting primitive: Mesh_1273
09:08:37 | INFO: Primitives created: 1
09:08:37 | INFO: Extracting primitive: Mesh_1274
09:08:37 | INFO: Primitives created: 1
09:08:37 | INFO: Extracting primitive: Mesh_1275
09:08:37 | INFO: Primitives created: 1
09:08:37 | INFO: Extracting primitive: Mesh_1276
09:08:37 | INFO: Primitives created: 1
09:08:37 | INFO: Extracting primitive: Mesh_1277
09:08:37 | INFO: Primitives created: 1
09:08:37 | INFO: Extracting primitive: Mesh_1278
09:08:37 | INFO: Primitives created: 1
09:08:37 | INFO: Extracting primitive: Mesh_1279
09:08:37 | INFO: Primitives created: 1
09:08:37 | INFO: Extracting primitive: Mesh_1280
09:08:37 | INFO: Primitives created: 1
09:08:37 | INFO: Extracting primitive: Mesh_1281
09:08:37 | INFO: Primitives created: 1
09:08:37 | INFO: Extracting primitive: Mesh_1282
09:08:37 | INFO: Primitives created: 1
09:08:37 | INFO: Extracting primitive: Mesh_1283
09:08:37 | INFO: Primitives created: 1
09:08:37 | INFO: Extracting primitive: Mesh_1284
09:08:37 | INFO: Primitives created: 1
09:08:37 | INFO: Extracting primitive: Mesh_1285
09:08:37 | INFO: Primitives created: 1
09:08:37 | INFO: Extracting primitive: Mesh_1286
09:08:37 | INFO: Primitives created: 1
09:08:37 | INFO: Extracting primitive: Mesh_1287
09:08:37 | INFO: Primitives created: 1
09:08:37 | INFO: Extracting primitive: Mesh_1288
09:08:37 | INFO: Primitives created: 1
09:08:37 | INFO: Extracting primitive: Mesh_1289
09:08:37 | INFO: Primitives created: 1
09:08:37 | INFO: Extracting primitive: Mesh_1290
09:08:37 | INFO: Primitives created: 1
09:08:37 | INFO: Extracting primitive: Mesh_1291
09:08:37 | INFO: Primitives created: 1
09:08:37 | INFO: Extracting primitive: Mesh_1292
09:08:37 | INFO: Primitives created: 1
09:08:37 | INFO: Extracting primitive: Mesh_1293
09:08:37 | INFO: Primitives created: 1
09:08:37 | INFO: Extracting primitive: Mesh_1294
09:08:37 | INFO: Primitives created: 1
09:08:37 | INFO: Extracting primitive: Mesh_1295
09:08:37 | INFO: Primitives created: 1
09:08:37 | INFO: Extracting primitive: Mesh_1296
09:08:37 | INFO: Primitives created: 1
09:08:37 | INFO: Extracting primitive: Mesh_1297
09:08:37 | INFO: Primitives created: 1
09:08:37 | INFO: Extracting primitive: Mesh_1298
09:08:37 | INFO: Primitives created: 1
09:08:37 | INFO: Extracting primitive: Mesh_1299
09:08:37 | INFO: Primitives created: 1
09:08:37 | INFO: Extracting primitive: Mesh_1300
09:08:37 | INFO: Primitives created: 1
09:08:37 | INFO: Extracting primitive: Mesh_1301
09:08:37 | INFO: Primitives created: 1
09:08:37 | INFO: Extracting primitive: Mesh_1302
09:08:37 | INFO: Primitives created: 1
09:08:37 | INFO: Extracting primitive: Mesh_1303
09:08:37 | INFO: Primitives created: 1
09:08:37 | INFO: Extracting primitive: Mesh_1304
09:08:37 | INFO: Primitives created: 1
09:08:37 | INFO: Extracting primitive: Mesh_1305
09:08:37 | INFO: Primitives created: 1
09:08:37 | INFO: Extracting primitive: Mesh_1306
09:08:37 | INFO: Primitives created: 1
09:08:37 | INFO: Extracting primitive: Mesh_1307
09:08:37 | INFO: Primitives created: 1
09:08:37 | INFO: Extracting primitive: Mesh_1308
09:08:37 | INFO: Primitives created: 1
09:08:37 | INFO: Extracting primitive: Mesh_1309
09:08:37 | INFO: Primitives created: 1
09:08:37 | INFO: Extracting primitive: Mesh_1310
09:08:37 | INFO: Primitives created: 1
09:08:37 | INFO: Extracting primitive: Mesh_1311
09:08:37 | INFO: Primitives created: 1
09:08:37 | INFO: Extracting primitive: Mesh_1312
09:08:37 | INFO: Primitives created: 1
09:08:37 | INFO: Extracting primitive: Mesh_1313
09:08:37 | INFO: Primitives created: 1
09:08:37 | INFO: Extracting primitive: Mesh_1314
09:08:37 | INFO: Primitives created: 1
09:08:37 | INFO: Extracting primitive: Mesh_1315
09:08:37 | INFO: Primitives created: 1
09:08:37 | INFO: Extracting primitive: Mesh_1316
09:08:37 | INFO: Primitives created: 1
09:08:37 | INFO: Extracting primitive: Mesh_1317
09:08:37 | INFO: Primitives created: 1
09:08:37 | INFO: Extracting primitive: Mesh_1318
09:08:37 | INFO: Primitives created: 1
09:08:37 | INFO: Extracting primitive: Mesh_1319
09:08:37 | INFO: Primitives created: 1
09:08:37 | INFO: Extracting primitive: Mesh_1320
09:08:37 | INFO: Primitives created: 1
09:08:37 | INFO: Extracting primitive: Mesh_1321
09:08:37 | INFO: Primitives created: 1
09:08:37 | INFO: Extracting primitive: Mesh_1322
09:08:37 | INFO: Primitives created: 1
09:08:37 | INFO: Extracting primitive: Mesh_1323
09:08:37 | INFO: Primitives created: 1
09:08:37 | INFO: Extracting primitive: Mesh_1324
09:08:37 | INFO: Primitives created: 1
09:08:37 | INFO: Extracting primitive: Mesh_1325
09:08:37 | INFO: Primitives created: 1
09:08:37 | INFO: Extracting primitive: Mesh_1326
09:08:37 | INFO: Primitives created: 1
09:08:37 | INFO: Extracting primitive: Mesh_1327
09:08:37 | INFO: Primitives created: 1
09:08:37 | INFO: Extracting primitive: Mesh_1328
09:08:37 | INFO: Primitives created: 1
09:08:37 | INFO: Extracting primitive: Mesh_1329
09:08:37 | INFO: Primitives created: 1
09:08:37 | INFO: Extracting primitive: Mesh_1330
09:08:37 | INFO: Primitives created: 1
09:08:37 | INFO: Extracting primitive: Mesh_1331
09:08:37 | INFO: Primitives created: 1
09:08:37 | INFO: Extracting primitive: Mesh_1332
09:08:37 | INFO: Primitives created: 1
09:08:37 | INFO: Extracting primitive: Mesh_1333
09:08:37 | INFO: Primitives created: 1
09:08:37 | INFO: Extracting primitive: Mesh_1334
09:08:37 | INFO: Primitives created: 1
09:08:37 | INFO: Extracting primitive: Mesh_1335
09:08:37 | INFO: Primitives created: 1
09:08:37 | INFO: Extracting primitive: Mesh_1336
09:08:37 | INFO: Primitives created: 1
09:08:37 | INFO: Extracting primitive: Mesh_1337
09:08:37 | INFO: Primitives created: 1
09:08:37 | INFO: Extracting primitive: Mesh_1338
09:08:37 | INFO: Primitives created: 1
09:08:37 | INFO: Extracting primitive: Mesh_1339
09:08:37 | INFO: Primitives created: 1
09:08:37 | INFO: Extracting primitive: Mesh_1340
09:08:37 | INFO: Primitives created: 1
09:08:37 | INFO: Extracting primitive: Mesh_1341
09:08:37 | INFO: Primitives created: 1
09:08:37 | INFO: Extracting primitive: Mesh_1342
09:08:37 | INFO: Primitives created: 1
09:08:37 | INFO: Extracting primitive: Mesh_1343
09:08:37 | INFO: Primitives created: 1
09:08:37 | INFO: Extracting primitive: Mesh_1344
09:08:37 | INFO: Primitives created: 1
09:08:37 | INFO: Extracting primitive: Mesh_1345
09:08:37 | INFO: Primitives created: 1
09:08:37 | INFO: Extracting primitive: Mesh_1346
09:08:37 | INFO: Primitives created: 1
09:08:37 | INFO: Extracting primitive: Mesh_1347
09:08:37 | INFO: Primitives created: 1
09:08:37 | INFO: Extracting primitive: Mesh_1348
09:08:37 | INFO: Primitives created: 1
09:08:37 | INFO: Extracting primitive: Mesh_1349
09:08:37 | INFO: Primitives created: 1
09:08:37 | INFO: Extracting primitive: Mesh_1350
09:08:37 | INFO: Primitives created: 1
09:08:37 | INFO: Extracting primitive: Mesh_1351
09:08:37 | INFO: Primitives created: 1
09:08:37 | INFO: Extracting primitive: Mesh_1352
09:08:37 | INFO: Primitives created: 1
09:08:37 | INFO: Extracting primitive: Mesh_1353
09:08:37 | INFO: Primitives created: 1
09:08:37 | INFO: Extracting primitive: Mesh_1354
09:08:37 | INFO: Primitives created: 1
09:08:37 | INFO: Extracting primitive: Mesh_1355
09:08:37 | INFO: Primitives created: 1
09:08:37 | INFO: Extracting primitive: Mesh_1356
09:08:37 | INFO: Primitives created: 1
09:08:37 | INFO: Extracting primitive: Mesh_1357
09:08:37 | INFO: Primitives created: 1
09:08:37 | INFO: Extracting primitive: Mesh_1358
09:08:37 | INFO: Primitives created: 1
09:08:37 | INFO: Extracting primitive: Mesh_1359
09:08:37 | INFO: Primitives created: 1
09:08:37 | INFO: Extracting primitive: Mesh_1360
09:08:37 | INFO: Primitives created: 1
09:08:37 | INFO: Extracting primitive: Mesh_1361
09:08:37 | INFO: Primitives created: 1
09:08:37 | INFO: Extracting primitive: Mesh_1362
09:08:37 | INFO: Primitives created: 1
09:08:37 | INFO: Extracting primitive: Mesh_1363
09:08:37 | INFO: Primitives created: 1
09:08:37 | INFO: Extracting primitive: Mesh_1364
09:08:37 | INFO: Primitives created: 1
09:08:37 | INFO: Extracting primitive: Mesh_1365
09:08:37 | INFO: Primitives created: 1
09:08:37 | INFO: Extracting primitive: Mesh_1366
09:08:37 | INFO: Primitives created: 1
09:08:37 | INFO: Extracting primitive: Mesh_1367
09:08:37 | INFO: Primitives created: 1
09:08:37 | INFO: Extracting primitive: Mesh_1368
09:08:37 | INFO: Primitives created: 1
09:08:37 | INFO: Extracting primitive: Mesh_1369
09:08:37 | INFO: Primitives created: 1
09:08:37 | INFO: Extracting primitive: Mesh_1370
09:08:37 | INFO: Primitives created: 1
09:08:37 | INFO: Extracting primitive: Mesh_1371
09:08:37 | INFO: Primitives created: 1
09:08:37 | INFO: Extracting primitive: Mesh_1372
09:08:37 | INFO: Primitives created: 1
09:08:37 | INFO: Extracting primitive: Mesh_1373
09:08:37 | INFO: Primitives created: 1
09:08:37 | INFO: Extracting primitive: Mesh_1374
09:08:37 | INFO: Primitives created: 1
09:08:37 | INFO: Extracting primitive: Mesh_1375
09:08:37 | INFO: Primitives created: 1
09:08:37 | INFO: Extracting primitive: Mesh_1376
09:08:37 | INFO: Primitives created: 1
09:08:37 | INFO: Extracting primitive: Mesh_1377
09:08:37 | INFO: Primitives created: 1
09:08:37 | INFO: Extracting primitive: Mesh_1378
09:08:37 | INFO: Primitives created: 1
09:08:37 | INFO: Extracting primitive: Mesh_1379
09:08:37 | INFO: Primitives created: 1
09:08:37 | INFO: Extracting primitive: Mesh_1380
09:08:37 | INFO: Primitives created: 1
09:08:37 | INFO: Extracting primitive: Mesh_1381
09:08:37 | INFO: Primitives created: 1
09:08:37 | INFO: Extracting primitive: Mesh_1382
09:08:37 | INFO: Primitives created: 1
09:08:37 | INFO: Extracting primitive: Mesh_1383
09:08:37 | INFO: Primitives created: 1
09:08:37 | INFO: Extracting primitive: Mesh_1384
09:08:37 | INFO: Primitives created: 1
09:08:37 | INFO: Extracting primitive: Mesh_1385
09:08:37 | INFO: Primitives created: 1
09:08:37 | INFO: Extracting primitive: Mesh_1386
09:08:37 | INFO: Primitives created: 1
09:08:37 | INFO: Extracting primitive: Mesh_1387
09:08:37 | INFO: Primitives created: 1
09:08:37 | INFO: Extracting primitive: Mesh_1388
09:08:37 | INFO: Primitives created: 1
09:08:37 | INFO: Extracting primitive: Mesh_1389
09:08:37 | INFO: Primitives created: 1
09:08:37 | INFO: Extracting primitive: Mesh_1390
09:08:37 | INFO: Primitives created: 1
09:08:37 | INFO: Extracting primitive: Mesh_1391
09:08:37 | INFO: Primitives created: 1
09:08:37 | INFO: Extracting primitive: Mesh_1392
09:08:37 | INFO: Primitives created: 1
09:08:37 | INFO: Extracting primitive: Mesh_1393
09:08:37 | INFO: Primitives created: 1
09:08:37 | INFO: Extracting primitive: Mesh_1394
09:08:37 | INFO: Primitives created: 1
09:08:37 | INFO: Extracting primitive: Mesh_1395
09:08:37 | INFO: Primitives created: 1
09:08:37 | INFO: Extracting primitive: Mesh_1396
09:08:37 | INFO: Primitives created: 1
09:08:37 | INFO: Extracting primitive: Mesh_1397
09:08:37 | INFO: Primitives created: 1
09:08:37 | INFO: Extracting primitive: Mesh_1398
09:08:37 | INFO: Primitives created: 1
09:08:37 | INFO: Extracting primitive: Mesh_1399
09:08:37 | INFO: Primitives created: 1
09:08:37 | INFO: Extracting primitive: Mesh_1400
09:08:37 | INFO: Primitives created: 1
09:08:37 | INFO: Extracting primitive: Mesh_1401
09:08:37 | INFO: Primitives created: 1
09:08:37 | INFO: Extracting primitive: Mesh_1402
09:08:37 | INFO: Primitives created: 1
09:08:37 | INFO: Extracting primitive: Mesh_1403
09:08:37 | INFO: Primitives created: 1
09:08:37 | INFO: Extracting primitive: Mesh_1404
09:08:37 | INFO: Primitives created: 1
09:08:37 | INFO: Extracting primitive: Mesh_1405
09:08:37 | INFO: Primitives created: 1
09:08:37 | INFO: Extracting primitive: Mesh_1406
09:08:37 | INFO: Primitives created: 1
09:08:37 | INFO: Extracting primitive: Mesh_1407
09:08:37 | INFO: Primitives created: 1
09:08:37 | INFO: Extracting primitive: Mesh_1408
09:08:37 | INFO: Primitives created: 1
09:08:37 | INFO: Extracting primitive: Mesh_1409
09:08:37 | INFO: Primitives created: 1
09:08:37 | INFO: Extracting primitive: Mesh_1410
09:08:37 | INFO: Primitives created: 1
09:08:37 | INFO: Extracting primitive: Mesh_1411
09:08:37 | INFO: Primitives created: 1
09:08:37 | INFO: Extracting primitive: Mesh_1412
09:08:37 | INFO: Primitives created: 1
09:08:37 | INFO: Extracting primitive: Mesh_1413
09:08:37 | INFO: Primitives created: 1
09:08:37 | INFO: Extracting primitive: Mesh_1414
09:08:37 | INFO: Primitives created: 1
09:08:37 | INFO: Extracting primitive: Mesh_1415
09:08:37 | INFO: Primitives created: 1
09:08:37 | INFO: Extracting primitive: Mesh_1416
09:08:37 | INFO: Primitives created: 1
09:08:37 | INFO: Extracting primitive: Mesh_1417
09:08:37 | INFO: Primitives created: 1
09:08:37 | INFO: Extracting primitive: Mesh_1418
09:08:37 | INFO: Primitives created: 1
09:08:37 | INFO: Extracting primitive: Mesh_1419
09:08:37 | INFO: Primitives created: 1
09:08:37 | INFO: Extracting primitive: Mesh_1420
09:08:37 | INFO: Primitives created: 1
09:08:37 | INFO: Extracting primitive: Mesh_1421
09:08:37 | INFO: Primitives created: 1
09:08:37 | INFO: Extracting primitive: Mesh_1422
09:08:37 | INFO: Primitives created: 1
09:08:37 | INFO: Extracting primitive: Mesh_1423
09:08:37 | INFO: Primitives created: 1
09:08:37 | INFO: Extracting primitive: Mesh_1424
09:08:37 | INFO: Primitives created: 1
09:08:37 | INFO: Extracting primitive: Mesh_1425
09:08:37 | INFO: Primitives created: 1
09:08:37 | INFO: Extracting primitive: Mesh_1426
09:08:37 | INFO: Primitives created: 1
09:08:37 | INFO: Extracting primitive: Mesh_1427
09:08:37 | INFO: Primitives created: 1
09:08:37 | INFO: Extracting primitive: Mesh_1428
09:08:37 | INFO: Primitives created: 1
09:08:37 | INFO: Extracting primitive: Mesh_1429
09:08:37 | INFO: Primitives created: 1
09:08:37 | INFO: Extracting primitive: Mesh_1430
09:08:37 | INFO: Primitives created: 1
09:08:37 | INFO: Extracting primitive: Mesh_1431
09:08:37 | INFO: Primitives created: 1
09:08:37 | INFO: Extracting primitive: Mesh_1432
09:08:37 | INFO: Primitives created: 1
09:08:37 | INFO: Extracting primitive: Mesh_1433
09:08:37 | INFO: Primitives created: 1
09:08:37 | INFO: Extracting primitive: Mesh_1434
09:08:37 | INFO: Primitives created: 1
09:08:37 | INFO: Extracting primitive: Mesh_1435
09:08:37 | INFO: Primitives created: 1
09:08:37 | INFO: Extracting primitive: Mesh_1436
09:08:37 | INFO: Primitives created: 1
09:08:37 | INFO: Extracting primitive: Mesh_1437
09:08:37 | INFO: Primitives created: 1
09:08:37 | INFO: Extracting primitive: Mesh_1438
09:08:37 | INFO: Primitives created: 1
09:08:37 | INFO: Extracting primitive: Mesh_1439
09:08:37 | INFO: Primitives created: 1
09:08:37 | INFO: Extracting primitive: Mesh_1857
09:08:37 | INFO: Primitives created: 1
09:08:37 | INFO: Extracting primitive: Mesh_1852
09:08:37 | INFO: Primitives created: 1
09:08:37 | INFO: Extracting primitive: Mesh_1858
09:08:37 | INFO: Primitives created: 1
09:08:37 | INFO: Extracting primitive: Mesh_1853
09:08:37 | INFO: Primitives created: 1
09:08:37 | INFO: Extracting primitive: Mesh_1859
09:08:37 | INFO: Primitives created: 1
09:08:37 | INFO: Extracting primitive: Mesh_1854
09:08:37 | INFO: Primitives created: 1
09:08:37 | INFO: Extracting primitive: Mesh_1860
09:08:37 | INFO: Primitives created: 1
09:08:37 | INFO: Extracting primitive: Mesh_1855
09:08:37 | INFO: Primitives created: 1
09:08:37 | INFO: Extracting primitive: Mesh_1440
09:08:37 | INFO: Primitives created: 1
09:08:37 | INFO: Extracting primitive: Mesh_1441
09:08:37 | INFO: Primitives created: 1
09:08:37 | INFO: Extracting primitive: Mesh_1442
09:08:37 | INFO: Primitives created: 1
09:08:37 | INFO: Extracting primitive: Mesh_1443
09:08:37 | INFO: Primitives created: 1
09:08:37 | INFO: Extracting primitive: Mesh_1444
09:08:37 | INFO: Primitives created: 1
09:08:37 | INFO: Extracting primitive: Mesh_1445
09:08:37 | INFO: Primitives created: 1
09:08:37 | INFO: Extracting primitive: Mesh_1446
09:08:37 | INFO: Primitives created: 1
09:08:37 | INFO: Extracting primitive: Mesh_1447
09:08:37 | INFO: Primitives created: 1
09:08:37 | INFO: Extracting primitive: Mesh_1448
09:08:37 | INFO: Primitives created: 1
09:08:37 | INFO: Extracting primitive: Mesh_1449
09:08:37 | INFO: Primitives created: 1
09:08:37 | INFO: Extracting primitive: Mesh_1450
09:08:37 | INFO: Primitives created: 1
09:08:37 | INFO: Extracting primitive: Mesh_1451
09:08:37 | INFO: Primitives created: 1
09:08:37 | INFO: Extracting primitive: Mesh_1452
09:08:37 | INFO: Primitives created: 1
09:08:37 | INFO: Extracting primitive: Mesh_1453
09:08:37 | INFO: Primitives created: 1
09:08:37 | INFO: Extracting primitive: Mesh_1454
09:08:37 | INFO: Primitives created: 1
09:08:37 | INFO: Extracting primitive: Mesh_1455
09:08:37 | INFO: Primitives created: 1
09:08:37 | INFO: Extracting primitive: Mesh_1456
09:08:37 | INFO: Primitives created: 1
09:08:37 | INFO: Extracting primitive: Mesh_1457
09:08:37 | INFO: Primitives created: 1
09:08:37 | INFO: Extracting primitive: Mesh_1458
09:08:37 | INFO: Primitives created: 1
09:08:37 | INFO: Extracting primitive: Mesh_1459
09:08:37 | INFO: Primitives created: 1
09:08:37 | INFO: Extracting primitive: Mesh_1460
09:08:37 | INFO: Primitives created: 1
09:08:37 | INFO: Extracting primitive: Mesh_1461
09:08:37 | INFO: Primitives created: 1
09:08:37 | INFO: Extracting primitive: Mesh_1462
09:08:37 | INFO: Primitives created: 1
09:08:37 | INFO: Extracting primitive: Mesh_1463
09:08:37 | INFO: Primitives created: 1
09:08:37 | INFO: Extracting primitive: Mesh_1464
09:08:37 | INFO: Primitives created: 1
09:08:37 | INFO: Extracting primitive: Mesh_1465
09:08:37 | INFO: Primitives created: 1
09:08:37 | INFO: Extracting primitive: Mesh_1466
09:08:37 | INFO: Primitives created: 1
09:08:37 | INFO: Extracting primitive: Mesh_1467
09:08:37 | INFO: Primitives created: 1
09:08:37 | INFO: Extracting primitive: Mesh_1468
09:08:37 | INFO: Primitives created: 1
09:08:37 | INFO: Extracting primitive: Mesh_1469
09:08:37 | INFO: Primitives created: 1
09:08:37 | INFO: Extracting primitive: Mesh_1470
09:08:37 | INFO: Primitives created: 1
09:08:37 | INFO: Extracting primitive: Mesh_1471
09:08:37 | INFO: Primitives created: 1
09:08:37 | INFO: Extracting primitive: Mesh_1472
09:08:37 | INFO: Primitives created: 1
09:08:37 | INFO: Extracting primitive: Mesh_1473
09:08:37 | INFO: Primitives created: 1
09:08:37 | INFO: Extracting primitive: Mesh_1474
09:08:37 | INFO: Primitives created: 1
09:08:37 | INFO: Extracting primitive: Mesh_1475
09:08:37 | INFO: Primitives created: 1
09:08:37 | INFO: Extracting primitive: Mesh_1476
09:08:37 | INFO: Primitives created: 1
09:08:37 | INFO: Extracting primitive: Mesh_1477
09:08:37 | INFO: Primitives created: 1
09:08:37 | INFO: Extracting primitive: Mesh_1478
09:08:37 | INFO: Primitives created: 1
09:08:37 | INFO: Extracting primitive: Mesh_1479
09:08:37 | INFO: Primitives created: 1
09:08:37 | INFO: Extracting primitive: Mesh_1480
09:08:37 | INFO: Primitives created: 1
09:08:37 | INFO: Extracting primitive: Mesh_1481
09:08:37 | INFO: Primitives created: 1
09:08:38 | INFO: Extracting primitive: Mesh_1482
09:08:38 | INFO: Primitives created: 1
09:08:38 | INFO: Extracting primitive: Mesh_1483
09:08:38 | INFO: Primitives created: 1
09:08:38 | INFO: Extracting primitive: Mesh_1484
09:08:38 | INFO: Primitives created: 1
09:08:38 | INFO: Extracting primitive: Mesh_1485
09:08:38 | INFO: Primitives created: 1
09:08:38 | INFO: Extracting primitive: Mesh_1486
09:08:38 | INFO: Primitives created: 1
09:08:38 | INFO: Extracting primitive: Mesh_1487
09:08:38 | INFO: Primitives created: 1
09:08:38 | INFO: Extracting primitive: Mesh_1488
09:08:38 | INFO: Primitives created: 1
09:08:38 | INFO: Extracting primitive: Mesh_1489
09:08:38 | INFO: Primitives created: 1
09:08:38 | INFO: Extracting primitive: Mesh_1490
09:08:38 | INFO: Primitives created: 1
09:08:38 | INFO: Extracting primitive: Mesh_1491
09:08:38 | INFO: Primitives created: 1
09:08:38 | INFO: Extracting primitive: Mesh_1492
09:08:38 | INFO: Primitives created: 1
09:08:38 | INFO: Extracting primitive: Mesh_1493
09:08:38 | INFO: Primitives created: 1
09:08:38 | INFO: Extracting primitive: Mesh_1494
09:08:38 | INFO: Primitives created: 1
09:08:38 | INFO: Extracting primitive: Mesh_1495
09:08:38 | INFO: Primitives created: 1
09:08:38 | INFO: Extracting primitive: Mesh_1496
09:08:38 | INFO: Primitives created: 1
09:08:38 | INFO: Extracting primitive: Mesh_1497
09:08:38 | INFO: Primitives created: 1
09:08:38 | INFO: Extracting primitive: Mesh_1498
09:08:38 | INFO: Primitives created: 1
09:08:38 | INFO: Extracting primitive: Mesh_1499
09:08:38 | INFO: Primitives created: 1
09:08:38 | INFO: Extracting primitive: Mesh_1500
09:08:38 | INFO: Primitives created: 1
09:08:38 | INFO: Extracting primitive: Mesh_1501
09:08:38 | INFO: Primitives created: 1
09:08:38 | INFO: Extracting primitive: Mesh_1502
09:08:38 | INFO: Primitives created: 1
09:08:38 | INFO: Extracting primitive: Mesh_1503
09:08:38 | INFO: Primitives created: 1
09:08:38 | INFO: Extracting primitive: Mesh_1504
09:08:38 | INFO: Primitives created: 1
09:08:38 | INFO: Extracting primitive: Mesh_1505
09:08:38 | INFO: Primitives created: 1
09:08:38 | INFO: Extracting primitive: Mesh_1506
09:08:38 | INFO: Primitives created: 1
09:08:38 | INFO: Extracting primitive: Mesh_1507
09:08:38 | INFO: Primitives created: 1
09:08:38 | INFO: Extracting primitive: Mesh_1508
09:08:38 | INFO: Primitives created: 1
09:08:38 | INFO: Extracting primitive: Mesh_1509
09:08:38 | INFO: Primitives created: 1
09:08:38 | INFO: Extracting primitive: Mesh_1510
09:08:38 | INFO: Primitives created: 1
09:08:38 | INFO: Extracting primitive: Mesh_1511
09:08:38 | INFO: Primitives created: 1
09:08:38 | INFO: Extracting primitive: Mesh_1512
09:08:38 | INFO: Primitives created: 1
09:08:38 | INFO: Extracting primitive: Mesh_1513
09:08:38 | INFO: Primitives created: 1
09:08:38 | INFO: Extracting primitive: Mesh_1514
09:08:38 | INFO: Primitives created: 1
09:08:38 | INFO: Extracting primitive: Mesh_1515
09:08:38 | INFO: Primitives created: 1
09:08:38 | INFO: Extracting primitive: Mesh_1516
09:08:38 | INFO: Primitives created: 1
09:08:38 | INFO: Extracting primitive: Mesh_1517
09:08:38 | INFO: Primitives created: 1
09:08:38 | INFO: Extracting primitive: Mesh_1518
09:08:38 | INFO: Primitives created: 1
09:08:38 | INFO: Extracting primitive: Mesh_1519
09:08:38 | INFO: Primitives created: 1
09:08:38 | INFO: Extracting primitive: Mesh_1520
09:08:38 | INFO: Primitives created: 1
09:08:38 | INFO: Extracting primitive: Mesh_1521
09:08:38 | INFO: Primitives created: 1
09:08:38 | INFO: Extracting primitive: Mesh_1522
09:08:38 | INFO: Primitives created: 1
09:08:38 | INFO: Extracting primitive: Mesh_1523
09:08:38 | INFO: Primitives created: 1
09:08:38 | INFO: Extracting primitive: Mesh_1524
09:08:38 | INFO: Primitives created: 1
09:08:38 | INFO: Extracting primitive: Mesh_1525
09:08:38 | INFO: Primitives created: 1
09:08:38 | INFO: Extracting primitive: Mesh_1526
09:08:38 | INFO: Primitives created: 1
09:08:38 | INFO: Extracting primitive: Mesh_1527
09:08:38 | INFO: Primitives created: 1
09:08:38 | INFO: Extracting primitive: Mesh_1528
09:08:38 | INFO: Primitives created: 1
09:08:38 | INFO: Extracting primitive: Mesh_1529
09:08:38 | INFO: Primitives created: 1
09:08:38 | INFO: Extracting primitive: Mesh_1530
09:08:38 | INFO: Primitives created: 1
09:08:38 | INFO: Extracting primitive: Mesh_1531
09:08:38 | INFO: Primitives created: 1
09:08:38 | INFO: Extracting primitive: Mesh_1532
09:08:38 | INFO: Primitives created: 1
09:08:38 | INFO: Extracting primitive: Mesh_1533
09:08:38 | INFO: Primitives created: 1
09:08:38 | INFO: Extracting primitive: Mesh_1534
09:08:38 | INFO: Primitives created: 1
09:08:38 | INFO: Extracting primitive: Mesh_1535
09:08:38 | INFO: Primitives created: 1
09:08:38 | INFO: Extracting primitive: Mesh_1536
09:08:38 | INFO: Primitives created: 1
09:08:38 | INFO: Extracting primitive: Mesh_1537
09:08:38 | INFO: Primitives created: 1
09:08:38 | INFO: Extracting primitive: Mesh_1538
09:08:38 | INFO: Primitives created: 1
09:08:38 | INFO: Extracting primitive: Mesh_1539
09:08:38 | INFO: Primitives created: 1
09:08:38 | INFO: Extracting primitive: Mesh_1540
09:08:38 | INFO: Primitives created: 1
09:08:38 | INFO: Extracting primitive: Mesh_1541
09:08:38 | INFO: Primitives created: 1
09:08:38 | INFO: Extracting primitive: Mesh_1542
09:08:38 | INFO: Primitives created: 1
09:08:38 | INFO: Extracting primitive: Mesh_1543
09:08:38 | INFO: Primitives created: 1
09:08:38 | INFO: Extracting primitive: Mesh_1544
09:08:38 | INFO: Primitives created: 1
09:08:38 | INFO: Extracting primitive: Mesh_1545
09:08:38 | INFO: Primitives created: 1
09:08:38 | INFO: Extracting primitive: Mesh_1546
09:08:38 | INFO: Primitives created: 1
09:08:38 | INFO: Extracting primitive: Mesh_1547
09:08:38 | INFO: Primitives created: 1
09:08:38 | INFO: Extracting primitive: Mesh_1548
09:08:38 | INFO: Primitives created: 1
09:08:38 | INFO: Extracting primitive: Mesh_1549
09:08:38 | INFO: Primitives created: 1
09:08:38 | INFO: Extracting primitive: Mesh_1550
09:08:38 | INFO: Primitives created: 1
09:08:38 | INFO: Extracting primitive: Mesh_1551
09:08:38 | INFO: Primitives created: 1
09:08:38 | INFO: Extracting primitive: Mesh_1552
09:08:38 | INFO: Primitives created: 1
09:08:38 | INFO: Extracting primitive: Mesh_1553
09:08:38 | INFO: Primitives created: 1
09:08:38 | INFO: Extracting primitive: Mesh_1554
09:08:38 | INFO: Primitives created: 1
09:08:38 | INFO: Extracting primitive: Mesh_1555
09:08:38 | INFO: Primitives created: 1
09:08:38 | INFO: Extracting primitive: Mesh_1556
09:08:38 | INFO: Primitives created: 1
09:08:38 | INFO: Extracting primitive: Mesh_1557
09:08:38 | INFO: Primitives created: 1
09:08:38 | INFO: Extracting primitive: Mesh_1558
09:08:38 | INFO: Primitives created: 1
09:08:38 | INFO: Extracting primitive: Mesh_1559
09:08:38 | INFO: Primitives created: 1
09:08:38 | INFO: Extracting primitive: Mesh_1560
09:08:38 | INFO: Primitives created: 1
09:08:38 | INFO: Extracting primitive: Mesh_1561
09:08:38 | INFO: Primitives created: 1
09:08:38 | INFO: Extracting primitive: Mesh_1562
09:08:38 | INFO: Primitives created: 1
09:08:38 | INFO: Extracting primitive: Mesh_1563
09:08:38 | INFO: Primitives created: 1
09:08:38 | INFO: Extracting primitive: Mesh_1564
09:08:38 | INFO: Primitives created: 1
09:08:38 | INFO: Extracting primitive: Mesh_1565
09:08:38 | INFO: Primitives created: 1
09:08:38 | INFO: Extracting primitive: Mesh_1566
09:08:38 | INFO: Primitives created: 1
09:08:38 | INFO: Extracting primitive: Mesh_1567
09:08:38 | INFO: Primitives created: 1
09:08:38 | INFO: Extracting primitive: Mesh_1568
09:08:38 | INFO: Primitives created: 1
09:08:38 | INFO: Extracting primitive: Mesh_1569
09:08:38 | INFO: Primitives created: 1
09:08:38 | INFO: Extracting primitive: Mesh_1570
09:08:38 | INFO: Primitives created: 1
09:08:38 | INFO: Extracting primitive: Mesh_1571
09:08:38 | INFO: Primitives created: 1
09:08:38 | INFO: Extracting primitive: Mesh_1572
09:08:38 | INFO: Primitives created: 1
09:08:38 | INFO: Extracting primitive: Mesh_1573
09:08:38 | INFO: Primitives created: 1
09:08:38 | INFO: Extracting primitive: Mesh_1574
09:08:38 | INFO: Primitives created: 1
09:08:38 | INFO: Extracting primitive: Mesh_1575
09:08:38 | INFO: Primitives created: 1
09:08:38 | INFO: Extracting primitive: Mesh_1576
09:08:38 | INFO: Primitives created: 1
09:08:38 | INFO: Extracting primitive: Mesh_1577
09:08:38 | INFO: Primitives created: 1
09:08:38 | INFO: Extracting primitive: Mesh_1578
09:08:38 | INFO: Primitives created: 1
09:08:38 | INFO: Extracting primitive: Mesh_1579
09:08:38 | INFO: Primitives created: 1
09:08:38 | INFO: Extracting primitive: Mesh_1580
09:08:38 | INFO: Primitives created: 1
09:08:38 | INFO: Extracting primitive: Mesh_1581
09:08:38 | INFO: Primitives created: 1
09:08:38 | INFO: Extracting primitive: Mesh_1582
09:08:38 | INFO: Primitives created: 1
09:08:38 | INFO: Extracting primitive: Mesh_1583
09:08:38 | INFO: Primitives created: 1
09:08:38 | INFO: Extracting primitive: Mesh_1584
09:08:38 | INFO: Primitives created: 1
09:08:38 | INFO: Extracting primitive: Mesh_1585
09:08:38 | INFO: Primitives created: 1
09:08:38 | INFO: Extracting primitive: Mesh_1586
09:08:38 | INFO: Primitives created: 1
09:08:38 | INFO: Extracting primitive: Mesh_1587
09:08:38 | INFO: Primitives created: 1
09:08:38 | INFO: Extracting primitive: Mesh_1588
09:08:38 | INFO: Primitives created: 1
09:08:38 | INFO: Extracting primitive: Mesh_1589
09:08:38 | INFO: Primitives created: 1
09:08:38 | INFO: Extracting primitive: Mesh_1590
09:08:38 | INFO: Primitives created: 1
09:08:38 | INFO: Extracting primitive: Mesh_1591
09:08:38 | INFO: Primitives created: 1
09:08:38 | INFO: Extracting primitive: Mesh_1592
09:08:38 | INFO: Primitives created: 1
09:08:38 | INFO: Extracting primitive: Mesh_1593
09:08:38 | INFO: Primitives created: 1
09:08:38 | INFO: Extracting primitive: Mesh_1594
09:08:38 | INFO: Primitives created: 1
09:08:38 | INFO: Extracting primitive: Mesh_1595
09:08:38 | INFO: Primitives created: 1
09:08:38 | INFO: Extracting primitive: Mesh_1596
09:08:38 | INFO: Primitives created: 1
09:08:38 | INFO: Extracting primitive: Mesh_1597
09:08:38 | INFO: Primitives created: 1
09:08:38 | INFO: Extracting primitive: Mesh_1598
09:08:38 | INFO: Primitives created: 1
09:08:38 | INFO: Extracting primitive: Mesh_1599
09:08:38 | INFO: Primitives created: 1
09:08:38 | INFO: Extracting primitive: Mesh_1600
09:08:38 | INFO: Primitives created: 1
09:08:38 | INFO: Extracting primitive: Mesh_1601
09:08:38 | INFO: Primitives created: 1
09:08:38 | INFO: Extracting primitive: Mesh_1602
09:08:38 | INFO: Primitives created: 1
09:08:38 | INFO: Extracting primitive: Mesh_1603
09:08:38 | INFO: Primitives created: 1
09:08:38 | INFO: Extracting primitive: Mesh_1604
09:08:38 | INFO: Primitives created: 1
09:08:38 | INFO: Extracting primitive: Mesh_1605
09:08:38 | INFO: Primitives created: 1
09:08:38 | INFO: Extracting primitive: Mesh_1606
09:08:38 | INFO: Primitives created: 1
09:08:38 | INFO: Extracting primitive: Mesh_1607
09:08:38 | INFO: Primitives created: 1
09:08:38 | INFO: Extracting primitive: Mesh_1608
09:08:38 | INFO: Primitives created: 1
09:08:38 | INFO: Extracting primitive: Mesh_1609
09:08:38 | INFO: Primitives created: 1
09:08:38 | INFO: Extracting primitive: Mesh_1610
09:08:38 | INFO: Primitives created: 1
09:08:38 | INFO: Extracting primitive: Mesh_1611
09:08:38 | INFO: Primitives created: 1
09:08:38 | INFO: Extracting primitive: Mesh_1612
09:08:38 | INFO: Primitives created: 1
09:08:38 | INFO: Extracting primitive: Mesh_1613
09:08:38 | INFO: Primitives created: 1
09:08:38 | INFO: Extracting primitive: Mesh_1614
09:08:38 | INFO: Primitives created: 1
09:08:38 | INFO: Extracting primitive: Mesh_1615
09:08:38 | INFO: Primitives created: 1
09:08:38 | INFO: Extracting primitive: Mesh_1616
09:08:38 | INFO: Primitives created: 1
09:08:38 | INFO: Extracting primitive: Mesh_1617
09:08:38 | INFO: Primitives created: 1
09:08:38 | INFO: Extracting primitive: Mesh_1618
09:08:38 | INFO: Primitives created: 1
09:08:38 | INFO: Extracting primitive: Mesh_1619
09:08:38 | INFO: Primitives created: 1
09:08:38 | INFO: Extracting primitive: Mesh_1620
09:08:38 | INFO: Primitives created: 1
09:08:38 | INFO: Extracting primitive: Mesh_1621
09:08:38 | INFO: Primitives created: 1
09:08:38 | INFO: Extracting primitive: Mesh_1622
09:08:38 | INFO: Primitives created: 1
09:08:38 | INFO: Extracting primitive: Mesh_1623
09:08:38 | INFO: Primitives created: 1
09:08:38 | INFO: Extracting primitive: Mesh_1624
09:08:38 | INFO: Primitives created: 1
09:08:38 | INFO: Extracting primitive: Mesh_1625
09:08:38 | INFO: Primitives created: 1
09:08:38 | INFO: Extracting primitive: Mesh_1626
09:08:38 | INFO: Primitives created: 1
09:08:38 | INFO: Extracting primitive: Mesh_1627
09:08:38 | INFO: Primitives created: 1
09:08:38 | INFO: Extracting primitive: Mesh_1628
09:08:38 | INFO: Primitives created: 1
09:08:38 | INFO: Extracting primitive: Mesh_1629
09:08:38 | INFO: Primitives created: 1
09:08:38 | INFO: Extracting primitive: Mesh_1630
09:08:38 | INFO: Primitives created: 1
09:08:38 | INFO: Extracting primitive: Mesh_1631
09:08:38 | INFO: Primitives created: 1
09:08:38 | INFO: Extracting primitive: Mesh_1632
09:08:38 | INFO: Primitives created: 1
09:08:38 | INFO: Extracting primitive: Mesh_1633
09:08:38 | INFO: Primitives created: 1
09:08:38 | INFO: Extracting primitive: Mesh_1634
09:08:38 | INFO: Primitives created: 1
09:08:38 | INFO: Extracting primitive: Mesh_1635
09:08:38 | INFO: Primitives created: 1
09:08:38 | INFO: Extracting primitive: Mesh_1636
09:08:38 | INFO: Primitives created: 1
09:08:38 | INFO: Extracting primitive: Mesh_1637
09:08:38 | INFO: Primitives created: 1
09:08:38 | INFO: Extracting primitive: Mesh_1638
09:08:38 | INFO: Primitives created: 1
09:08:38 | INFO: Extracting primitive: Mesh_1639
09:08:38 | INFO: Primitives created: 1
09:08:38 | INFO: Extracting primitive: Mesh_1640
09:08:38 | INFO: Primitives created: 1
09:08:38 | INFO: Extracting primitive: Mesh_1641
09:08:38 | INFO: Primitives created: 1
09:08:38 | INFO: Extracting primitive: Mesh_1642
09:08:38 | INFO: Primitives created: 1
09:08:38 | INFO: Extracting primitive: Mesh_1643
09:08:38 | INFO: Primitives created: 1
09:08:38 | INFO: Extracting primitive: Mesh_1644
09:08:38 | INFO: Primitives created: 1
09:08:38 | INFO: Extracting primitive: Mesh_1645
09:08:38 | INFO: Primitives created: 1
09:08:38 | INFO: Extracting primitive: Mesh_1646
09:08:38 | INFO: Primitives created: 1
09:08:38 | INFO: Extracting primitive: Mesh_1647
09:08:38 | INFO: Primitives created: 1
09:08:38 | INFO: Extracting primitive: Mesh_1648
09:08:38 | INFO: Primitives created: 1
09:08:38 | INFO: Extracting primitive: Mesh_1649
09:08:38 | INFO: Primitives created: 1
09:08:38 | INFO: Extracting primitive: Mesh_1650
09:08:38 | INFO: Primitives created: 1
09:08:38 | INFO: Extracting primitive: Mesh_1651
09:08:38 | INFO: Primitives created: 1
09:08:38 | INFO: Extracting primitive: Mesh_1652
09:08:38 | INFO: Primitives created: 1
09:08:38 | INFO: Extracting primitive: Mesh_1653
09:08:38 | INFO: Primitives created: 1
09:08:38 | INFO: Extracting primitive: Mesh_1654
09:08:38 | INFO: Primitives created: 1
09:08:38 | INFO: Extracting primitive: Mesh_1655
09:08:38 | INFO: Primitives created: 1
09:08:38 | INFO: Extracting primitive: Mesh_1656
09:08:38 | INFO: Primitives created: 1
09:08:38 | INFO: Extracting primitive: Mesh_1657
09:08:38 | INFO: Primitives created: 1
09:08:38 | INFO: Extracting primitive: Mesh_1658
09:08:38 | INFO: Primitives created: 1
09:08:38 | INFO: Extracting primitive: Mesh_1659
09:08:38 | INFO: Primitives created: 1
09:08:38 | INFO: Extracting primitive: Mesh_1660
09:08:38 | INFO: Primitives created: 1
09:08:38 | INFO: Extracting primitive: Mesh_1661
09:08:38 | INFO: Primitives created: 1
09:08:38 | INFO: Extracting primitive: Mesh_1662
09:08:38 | INFO: Primitives created: 1
09:08:38 | INFO: Extracting primitive: Mesh_1663
09:08:38 | INFO: Primitives created: 1
09:08:38 | INFO: Extracting primitive: Mesh_1664
09:08:38 | INFO: Primitives created: 1
09:08:38 | INFO: Extracting primitive: Mesh_1665
09:08:38 | INFO: Primitives created: 1
09:08:38 | INFO: Extracting primitive: Mesh_1666
09:08:38 | INFO: Primitives created: 1
09:08:38 | INFO: Extracting primitive: Mesh_1667
09:08:38 | INFO: Primitives created: 1
09:08:38 | INFO: Extracting primitive: Mesh_1668
09:08:38 | INFO: Primitives created: 1
09:08:38 | INFO: Extracting primitive: Mesh_1669
09:08:38 | INFO: Primitives created: 1
09:08:38 | INFO: Extracting primitive: Mesh_1670
09:08:38 | INFO: Primitives created: 1
09:08:38 | INFO: Extracting primitive: Mesh_1671
09:08:38 | INFO: Primitives created: 1
09:08:38 | INFO: Extracting primitive: Mesh_1672
09:08:38 | INFO: Primitives created: 1
09:08:38 | INFO: Extracting primitive: Mesh_1673
09:08:38 | INFO: Primitives created: 1
09:08:38 | INFO: Extracting primitive: Mesh_1674
09:08:38 | INFO: Primitives created: 1
09:08:38 | INFO: Extracting primitive: Mesh_1675
09:08:38 | INFO: Primitives created: 1
09:08:38 | INFO: Extracting primitive: Mesh_1676
09:08:38 | INFO: Primitives created: 1
09:08:38 | INFO: Extracting primitive: Mesh_1677
09:08:38 | INFO: Primitives created: 1
09:08:38 | INFO: Extracting primitive: Mesh_1678
09:08:38 | INFO: Primitives created: 1
09:08:38 | INFO: Extracting primitive: Mesh_1679
09:08:38 | INFO: Primitives created: 1
09:08:38 | INFO: Extracting primitive: Mesh_1680
09:08:38 | INFO: Primitives created: 1
09:08:38 | INFO: Extracting primitive: Mesh_1681
09:08:38 | INFO: Primitives created: 1
09:08:38 | INFO: Extracting primitive: Mesh_1682
09:08:38 | INFO: Primitives created: 1
09:08:38 | INFO: Extracting primitive: Mesh_1683
09:08:38 | INFO: Primitives created: 1
09:08:38 | INFO: Extracting primitive: Mesh_1684
09:08:38 | INFO: Primitives created: 1
09:08:38 | INFO: Extracting primitive: Mesh_1685
09:08:38 | INFO: Primitives created: 1
09:08:38 | INFO: Extracting primitive: Mesh_1686
09:08:38 | INFO: Primitives created: 1
09:08:38 | INFO: Extracting primitive: Mesh_1687
09:08:38 | INFO: Primitives created: 1
09:08:38 | INFO: Extracting primitive: Mesh_1688
09:08:38 | INFO: Primitives created: 1
09:08:38 | INFO: Extracting primitive: Mesh_1689
09:08:38 | INFO: Primitives created: 1
09:08:38 | INFO: Extracting primitive: Mesh_1690
09:08:38 | INFO: Primitives created: 1
09:08:38 | INFO: Extracting primitive: Mesh_1691
09:08:38 | INFO: Primitives created: 1
09:08:38 | INFO: Extracting primitive: Mesh_1698
09:08:38 | INFO: Primitives created: 1
09:08:38 | INFO: Extracting primitive: Mesh_1699
09:08:38 | INFO: Primitives created: 1
09:08:38 | INFO: Extracting primitive: Mesh_1700
09:08:38 | INFO: Primitives created: 1
09:08:38 | INFO: Extracting primitive: Mesh_1701
09:08:38 | INFO: Primitives created: 1
09:08:38 | INFO: Extracting primitive: Mesh_1702
09:08:38 | INFO: Primitives created: 1
09:08:38 | INFO: Extracting primitive: Mesh_1703
09:08:38 | INFO: Primitives created: 1
09:08:38 | INFO: Extracting primitive: Mesh_1704
09:08:38 | INFO: Primitives created: 1
09:08:38 | INFO: Extracting primitive: Mesh_1705
09:08:38 | INFO: Primitives created: 1
09:08:38 | INFO: Extracting primitive: Mesh_1706
09:08:38 | INFO: Primitives created: 1
09:08:38 | INFO: Extracting primitive: Mesh_1707
09:08:38 | INFO: Primitives created: 1
09:08:38 | INFO: Extracting primitive: Mesh_1708
09:08:38 | INFO: Primitives created: 1
09:08:38 | INFO: Extracting primitive: Mesh_1709
09:08:38 | INFO: Primitives created: 1
09:08:38 | INFO: Extracting primitive: Mesh_1710
09:08:38 | INFO: Primitives created: 1
09:08:38 | INFO: Extracting primitive: Mesh_1711
09:08:38 | INFO: Primitives created: 1
09:08:38 | INFO: Extracting primitive: Mesh_1712
09:08:38 | INFO: Primitives created: 1
09:08:38 | INFO: Extracting primitive: Mesh_1713
09:08:38 | INFO: Primitives created: 1
09:08:38 | INFO: Extracting primitive: Mesh_1714
09:08:38 | INFO: Primitives created: 1
09:08:38 | INFO: Extracting primitive: Mesh_1715
09:08:38 | INFO: Primitives created: 1
09:08:38 | INFO: Extracting primitive: Mesh_1716
09:08:38 | INFO: Primitives created: 1
09:08:38 | INFO: Extracting primitive: Mesh_1717
09:08:38 | INFO: Primitives created: 1
09:08:38 | INFO: Extracting primitive: Mesh_1718
09:08:38 | INFO: Primitives created: 1
09:08:38 | INFO: Extracting primitive: Mesh_1719
09:08:38 | INFO: Primitives created: 1
09:08:38 | INFO: Extracting primitive: Mesh_1720
09:08:38 | INFO: Primitives created: 1
09:08:38 | INFO: Extracting primitive: Mesh_1721
09:08:38 | INFO: Primitives created: 1
09:08:38 | INFO: Extracting primitive: Mesh_1722
09:08:38 | INFO: Primitives created: 1
09:08:38 | INFO: Extracting primitive: Mesh_1723
09:08:38 | INFO: Primitives created: 1
09:08:38 | INFO: Extracting primitive: Mesh_1724
09:08:38 | INFO: Primitives created: 1
09:08:38 | INFO: Extracting primitive: Mesh_1725
09:08:38 | INFO: Primitives created: 1
09:08:38 | INFO: Extracting primitive: Mesh_1726
09:08:38 | INFO: Primitives created: 1
09:08:38 | INFO: Extracting primitive: Mesh_1727
09:08:38 | INFO: Primitives created: 1
09:08:38 | INFO: Extracting primitive: Mesh_1728
09:08:38 | INFO: Primitives created: 1
09:08:38 | INFO: Extracting primitive: Mesh_1729
09:08:38 | INFO: Primitives created: 1
09:08:38 | INFO: Extracting primitive: Mesh_1730
09:08:38 | INFO: Primitives created: 1
09:08:38 | INFO: Extracting primitive: Mesh_1731
09:08:38 | INFO: Primitives created: 1
09:08:38 | INFO: Extracting primitive: Mesh_1732
09:08:38 | INFO: Primitives created: 1
09:08:38 | INFO: Extracting primitive: Mesh_1733
09:08:38 | INFO: Primitives created: 1
09:08:38 | INFO: Extracting primitive: Mesh_1734
09:08:38 | INFO: Primitives created: 1
09:08:38 | INFO: Extracting primitive: Mesh_1735
09:08:38 | INFO: Primitives created: 1
09:08:38 | INFO: Extracting primitive: Mesh_1736
09:08:38 | INFO: Primitives created: 1
09:08:38 | INFO: Extracting primitive: Mesh_1737
09:08:38 | INFO: Primitives created: 1
09:08:38 | INFO: Extracting primitive: Mesh_1738
09:08:38 | INFO: Primitives created: 1
09:08:38 | INFO: Extracting primitive: Mesh_1739
09:08:38 | INFO: Primitives created: 1
09:08:38 | INFO: Extracting primitive: Mesh_1740
09:08:38 | INFO: Primitives created: 1
09:08:38 | INFO: Extracting primitive: Mesh_1741
09:08:38 | INFO: Primitives created: 1
09:08:38 | INFO: Extracting primitive: Mesh_1742
09:08:38 | INFO: Primitives created: 1
09:08:38 | INFO: Extracting primitive: Mesh_1743
09:08:38 | INFO: Primitives created: 1
09:08:38 | INFO: Extracting primitive: Mesh_1744
09:08:38 | INFO: Primitives created: 1
09:08:38 | INFO: Extracting primitive: Mesh_1745
09:08:38 | INFO: Primitives created: 1
09:08:38 | INFO: Extracting primitive: Mesh_1746
09:08:38 | INFO: Primitives created: 1
09:08:38 | INFO: Extracting primitive: Mesh_1747
09:08:38 | INFO: Primitives created: 1
09:08:38 | INFO: Extracting primitive: Mesh_1748
09:08:38 | INFO: Primitives created: 1
09:08:38 | INFO: Extracting primitive: Mesh_1749
09:08:38 | INFO: Primitives created: 1
09:08:38 | INFO: Extracting primitive: Mesh_1750
09:08:38 | INFO: Primitives created: 1
09:08:38 | INFO: Extracting primitive: Mesh_1751
09:08:38 | INFO: Primitives created: 1
09:08:38 | INFO: Extracting primitive: Mesh_1752
09:08:38 | INFO: Primitives created: 1
09:08:38 | INFO: Extracting primitive: Mesh_1753
09:08:38 | INFO: Primitives created: 1
09:08:38 | INFO: Extracting primitive: Mesh_1754
09:08:38 | INFO: Primitives created: 1
09:08:38 | INFO: Extracting primitive: Mesh_1757
09:08:38 | INFO: Primitives created: 1
09:08:38 | INFO: Extracting primitive: Mesh_1758
09:08:38 | INFO: Primitives created: 1
09:08:38 | INFO: Extracting primitive: Mesh_1759
09:08:38 | INFO: Primitives created: 1
09:08:38 | INFO: Extracting primitive: Mesh_1760
09:08:38 | INFO: Primitives created: 1
09:08:38 | INFO: Extracting primitive: Mesh_1761
09:08:38 | INFO: Primitives created: 1
09:08:38 | INFO: Extracting primitive: Mesh_1762
09:08:38 | INFO: Primitives created: 1
09:08:38 | INFO: Extracting primitive: Mesh_1763
09:08:38 | INFO: Primitives created: 1
09:08:38 | INFO: Extracting primitive: Mesh_1764
09:08:38 | INFO: Primitives created: 1
09:08:38 | INFO: Extracting primitive: Mesh_1765
09:08:38 | INFO: Primitives created: 1
09:08:38 | INFO: Extracting primitive: Mesh_1766
09:08:38 | INFO: Primitives created: 1
09:08:38 | INFO: Extracting primitive: Mesh_1767
09:08:38 | INFO: Primitives created: 1
09:08:38 | INFO: Extracting primitive: Mesh_1768
09:08:38 | INFO: Primitives created: 1
09:08:38 | INFO: Extracting primitive: Mesh_1769
09:08:38 | INFO: Primitives created: 1
09:08:38 | INFO: Extracting primitive: Mesh_1770
09:08:38 | INFO: Primitives created: 1
09:08:38 | INFO: Extracting primitive: Mesh_1771
09:08:38 | INFO: Primitives created: 1
09:08:38 | INFO: Extracting primitive: Mesh_1772
09:08:38 | INFO: Primitives created: 1
09:08:38 | INFO: Extracting primitive: Mesh_1773
09:08:38 | INFO: Primitives created: 1
09:08:38 | INFO: Extracting primitive: Mesh_1774
09:08:38 | INFO: Primitives created: 1
09:08:38 | INFO: Extracting primitive: Mesh_1775
09:08:38 | INFO: Primitives created: 1
09:08:38 | INFO: Extracting primitive: Mesh_1776
09:08:38 | INFO: Primitives created: 1
09:08:38 | INFO: Extracting primitive: Mesh_1777
09:08:38 | INFO: Primitives created: 1
09:08:38 | INFO: Extracting primitive: Mesh_1778
09:08:38 | INFO: Primitives created: 1
09:08:38 | INFO: Extracting primitive: Mesh_1779
09:08:38 | INFO: Primitives created: 1
09:08:38 | INFO: Extracting primitive: Mesh_1780
09:08:38 | INFO: Primitives created: 1
09:08:38 | INFO: Extracting primitive: Mesh_1781
09:08:38 | INFO: Primitives created: 1
09:08:38 | INFO: Extracting primitive: Mesh_1782
09:08:38 | INFO: Primitives created: 1
09:08:38 | INFO: Extracting primitive: Mesh_1783
09:08:38 | INFO: Primitives created: 1
09:08:38 | INFO: Extracting primitive: Mesh_1784
09:08:38 | INFO: Primitives created: 1
09:08:38 | INFO: Extracting primitive: Mesh_1785
09:08:38 | INFO: Primitives created: 1
09:08:38 | INFO: Extracting primitive: Mesh_1786
09:08:38 | INFO: Primitives created: 1
09:08:38 | INFO: Extracting primitive: Mesh_1787
09:08:38 | INFO: Primitives created: 1
09:08:38 | INFO: Extracting primitive: Mesh_1788
09:08:38 | INFO: Primitives created: 1
09:08:38 | INFO: Extracting primitive: Mesh_1789
09:08:38 | INFO: Primitives created: 1
09:08:38 | INFO: Extracting primitive: Mesh_1790
09:08:38 | INFO: Primitives created: 1
09:08:38 | INFO: Extracting primitive: Mesh_1791
09:08:38 | INFO: Primitives created: 1
09:08:38 | INFO: Extracting primitive: Mesh_1792
09:08:38 | INFO: Primitives created: 1
09:08:38 | INFO: Extracting primitive: Mesh_1793
09:08:38 | INFO: Primitives created: 1
09:08:38 | INFO: Extracting primitive: Mesh_1794
09:08:38 | INFO: Primitives created: 1
09:08:38 | INFO: Extracting primitive: Mesh_1795
09:08:38 | INFO: Primitives created: 1
09:08:38 | INFO: Extracting primitive: Mesh_1796
09:08:38 | INFO: Primitives created: 1
09:08:38 | INFO: Extracting primitive: Mesh_1797
09:08:38 | INFO: Primitives created: 1
09:08:38 | INFO: Extracting primitive: Mesh_1798
09:08:38 | INFO: Primitives created: 1
09:08:38 | INFO: Extracting primitive: Mesh_1799
09:08:38 | INFO: Primitives created: 1
09:08:38 | INFO: Extracting primitive: Mesh_1800
09:08:38 | INFO: Primitives created: 1
09:08:38 | INFO: Extracting primitive: Mesh_1801
09:08:38 | INFO: Primitives created: 1
09:08:38 | INFO: Extracting primitive: Mesh_1802
09:08:38 | INFO: Primitives created: 1
09:08:38 | INFO: Extracting primitive: Mesh_1803
09:08:38 | INFO: Primitives created: 1
09:08:38 | INFO: Extracting primitive: Mesh_1804
09:08:38 | INFO: Primitives created: 1
09:08:38 | INFO: Extracting primitive: Mesh_1805
09:08:38 | INFO: Primitives created: 1
09:08:38 | INFO: Extracting primitive: Mesh_1806
09:08:38 | INFO: Primitives created: 1
09:08:38 | INFO: Extracting primitive: Mesh_1807
09:08:38 | INFO: Primitives created: 1
09:08:38 | INFO: Extracting primitive: Mesh_1808
09:08:38 | INFO: Primitives created: 1
09:08:38 | INFO: Extracting primitive: Mesh_1809
09:08:38 | INFO: Primitives created: 1
09:08:38 | INFO: Extracting primitive: Mesh_1810
09:08:38 | INFO: Primitives created: 1
09:08:38 | INFO: Extracting primitive: Mesh_1811
09:08:38 | INFO: Primitives created: 1
09:08:38 | INFO: Extracting primitive: Mesh_1812
09:08:38 | INFO: Primitives created: 1
09:08:38 | INFO: Extracting primitive: Mesh_1813
09:08:38 | INFO: Primitives created: 1
09:08:38 | INFO: Extracting primitive: Mesh_1814
09:08:38 | INFO: Primitives created: 1
09:08:38 | INFO: Extracting primitive: Mesh_1815
09:08:38 | INFO: Primitives created: 1
09:08:38 | INFO: Extracting primitive: Mesh_1816
09:08:38 | INFO: Primitives created: 1
09:08:38 | INFO: Extracting primitive: Mesh_1817
09:08:38 | INFO: Primitives created: 1
09:08:38 | INFO: Extracting primitive: Mesh_1818
09:08:38 | INFO: Primitives created: 1
09:08:38 | INFO: Extracting primitive: Mesh_1819
09:08:38 | INFO: Primitives created: 1
09:08:38 | INFO: Extracting primitive: Mesh_1820
09:08:38 | INFO: Primitives created: 1
09:08:38 | INFO: Extracting primitive: Mesh_1821
09:08:38 | INFO: Primitives created: 1
09:08:38 | INFO: Extracting primitive: Mesh_1822
09:08:38 | INFO: Primitives created: 1
09:08:38 | INFO: Extracting primitive: Mesh_1823
09:08:38 | INFO: Primitives created: 1
09:08:38 | INFO: Extracting primitive: Mesh_1824
09:08:38 | INFO: Primitives created: 1
09:08:38 | INFO: Extracting primitive: Mesh_1825
09:08:38 | INFO: Primitives created: 1
09:08:38 | INFO: Extracting primitive: Mesh_1826
09:08:38 | INFO: Primitives created: 1
09:08:38 | INFO: Extracting primitive: Mesh_1827
09:08:38 | INFO: Primitives created: 1
09:08:38 | INFO: Extracting primitive: Mesh_1828
09:08:38 | INFO: Primitives created: 1
09:08:38 | INFO: Extracting primitive: Mesh_1829
09:08:38 | INFO: Primitives created: 1
09:08:38 | INFO: Extracting primitive: Mesh_1830
09:08:38 | INFO: Primitives created: 1
09:08:38 | INFO: Extracting primitive: Mesh_1831
09:08:38 | INFO: Primitives created: 1
09:08:38 | INFO: Extracting primitive: Mesh_1832
09:08:38 | INFO: Primitives created: 1
09:08:38 | INFO: Extracting primitive: Mesh_1833
09:08:38 | INFO: Primitives created: 1
09:08:38 | INFO: Extracting primitive: Mesh_1834
09:08:38 | INFO: Primitives created: 1
09:08:38 | INFO: Extracting primitive: Mesh_1835
09:08:38 | INFO: Primitives created: 1
09:08:38 | INFO: Extracting primitive: Mesh_1836
09:08:38 | INFO: Primitives created: 1
09:08:38 | INFO: Extracting primitive: Mesh_1837
09:08:38 | INFO: Primitives created: 1
09:08:38 | INFO: Extracting primitive: Mesh_1838
09:08:38 | INFO: Primitives created: 1
09:08:38 | INFO: Extracting primitive: Mesh_1839
09:08:38 | INFO: Primitives created: 1
09:08:38 | INFO: Extracting primitive: Mesh_1840
09:08:38 | INFO: Primitives created: 1
09:08:38 | INFO: Extracting primitive: Mesh_1841
09:08:38 | INFO: Primitives created: 1
09:08:38 | INFO: Extracting primitive: Mesh_1842
09:08:38 | INFO: Primitives created: 1
09:08:38 | INFO: Extracting primitive: Mesh_1843
09:08:38 | INFO: Primitives created: 1
09:08:38 | INFO: Extracting primitive: Mesh_1844
09:08:38 | INFO: Primitives created: 1
09:08:38 | INFO: Extracting primitive: Mesh_1845
09:08:38 | INFO: Primitives created: 1
09:08:38 | INFO: Extracting primitive: Mesh_1846
09:08:38 | INFO: Primitives created: 1
09:08:38 | INFO: Extracting primitive: Mesh_1847
09:08:38 | INFO: Primitives created: 1
09:08:38 | INFO: Extracting primitive: Mesh_1848
09:08:38 | INFO: Primitives created: 1
09:08:38 | INFO: Extracting primitive: Mesh_1849
09:08:38 | INFO: Primitives created: 1
09:08:38 | INFO: Extracting primitive: Mesh_1850
09:08:38 | INFO: Primitives created: 1
09:08:38 | INFO: Extracting primitive: Mesh_1851
09:08:38 | INFO: Primitives created: 1
09:08:38 | INFO: Extracting primitive: Mesh_1856
09:08:38 | INFO: Primitives created: 1
09:08:38 | INFO: Extracting primitive: Mesh_1861
09:08:38 | INFO: Primitives created: 1
09:08:38 | INFO: Extracting primitive: Mesh_1862
09:08:38 | INFO: Primitives created: 1
09:08:38 | INFO: Extracting primitive: Mesh_1863
09:08:38 | INFO: Primitives created: 1
09:08:38 | INFO: Extracting primitive: Mesh_1864
09:08:38 | INFO: Primitives created: 1
09:08:38 | INFO: Extracting primitive: Mesh_1865
09:08:38 | INFO: Primitives created: 1
09:08:38 | INFO: Extracting primitive: Mesh_1866
09:08:38 | INFO: Primitives created: 1
09:08:38 | INFO: Extracting primitive: Mesh_1867
09:08:38 | INFO: Primitives created: 1
09:08:38 | INFO: Extracting primitive: Mesh_1868
09:08:38 | INFO: Primitives created: 1
09:08:38 | INFO: Extracting primitive: Mesh_1869
09:08:38 | INFO: Primitives created: 1
09:08:38 | INFO: Extracting primitive: Mesh_1870
09:08:38 | INFO: Primitives created: 1
09:08:38 | INFO: Extracting primitive: Mesh_1871
09:08:38 | INFO: Primitives created: 1
09:08:38 | INFO: Extracting primitive: Mesh_1872
09:08:38 | INFO: Primitives created: 1
09:08:38 | INFO: Extracting primitive: Mesh_1873
09:08:38 | INFO: Primitives created: 1
09:08:38 | INFO: Extracting primitive: Mesh_1874
09:08:38 | INFO: Primitives created: 1
09:08:38 | INFO: Extracting primitive: Mesh_1875
09:08:38 | INFO: Primitives created: 1
09:08:38 | INFO: Extracting primitive: Mesh_1876
09:08:38 | INFO: Primitives created: 1
09:08:38 | INFO: Extracting primitive: Mesh_1877
09:08:38 | INFO: Primitives created: 1
09:08:38 | INFO: Extracting primitive: Mesh_1878
09:08:38 | INFO: Primitives created: 1
09:08:38 | INFO: Extracting primitive: Mesh_1879
09:08:38 | INFO: Primitives created: 1
09:08:38 | INFO: Extracting primitive: Mesh_1880
09:08:38 | INFO: Primitives created: 1
09:08:38 | INFO: Extracting primitive: Mesh_1881
09:08:38 | INFO: Primitives created: 1
09:08:38 | INFO: Extracting primitive: Mesh_1882
09:08:38 | INFO: Primitives created: 1
09:08:38 | INFO: Extracting primitive: Mesh_1883
09:08:38 | INFO: Primitives created: 1
09:08:38 | INFO: Extracting primitive: Mesh_1884
09:08:38 | INFO: Primitives created: 1
09:08:38 | INFO: Extracting primitive: Mesh_1885
09:08:38 | INFO: Primitives created: 1
09:08:38 | INFO: Extracting primitive: Mesh_1886
09:08:38 | INFO: Primitives created: 1
09:08:38 | INFO: Extracting primitive: Mesh_1887
09:08:38 | INFO: Primitives created: 1
09:08:38 | INFO: Extracting primitive: Mesh_1888
09:08:38 | INFO: Primitives created: 1
09:08:38 | INFO: Extracting primitive: Mesh_1889
09:08:38 | INFO: Primitives created: 1
09:08:38 | INFO: Extracting primitive: Mesh_1890
09:08:38 | INFO: Primitives created: 1
09:08:38 | INFO: Extracting primitive: Mesh_1891
09:08:38 | INFO: Primitives created: 1
09:08:38 | INFO: Extracting primitive: Mesh_1892
09:08:38 | INFO: Primitives created: 1
09:08:38 | INFO: Extracting primitive: Mesh_1893
09:08:38 | INFO: Primitives created: 1
09:08:38 | INFO: Extracting primitive: Mesh_1894
09:08:38 | INFO: Primitives created: 1
09:08:38 | INFO: Extracting primitive: Mesh_1895
09:08:38 | INFO: Primitives created: 1
09:08:38 | INFO: Extracting primitive: Mesh_1896
09:08:38 | INFO: Primitives created: 1
09:08:38 | INFO: Extracting primitive: Mesh_1897
09:08:38 | INFO: Primitives created: 1
09:08:38 | INFO: Extracting primitive: Mesh_1898
09:08:38 | INFO: Primitives created: 1
09:08:38 | INFO: Extracting primitive: Mesh_1899
09:08:38 | INFO: Primitives created: 1
09:08:38 | INFO: Extracting primitive: Mesh_1900
09:08:38 | INFO: Primitives created: 1
09:08:38 | INFO: Extracting primitive: Mesh_1901
09:08:38 | INFO: Primitives created: 1
09:08:38 | INFO: Extracting primitive: Mesh_1902
09:08:38 | INFO: Primitives created: 1
09:08:38 | INFO: Extracting primitive: Mesh_1903
09:08:38 | INFO: Primitives created: 1
09:08:38 | INFO: Extracting primitive: Mesh_1904
09:08:38 | INFO: Primitives created: 1
09:08:38 | INFO: Extracting primitive: Mesh_1905
09:08:38 | INFO: Primitives created: 1
09:08:38 | INFO: Extracting primitive: Mesh_1906
09:08:38 | INFO: Primitives created: 1
09:08:38 | INFO: Extracting primitive: Mesh_1907
09:08:38 | INFO: Primitives created: 1
09:08:38 | INFO: Extracting primitive: Mesh_1908
09:08:38 | INFO: Primitives created: 1
09:08:38 | INFO: Extracting primitive: Mesh_1909
09:08:38 | INFO: Primitives created: 1
09:08:38 | INFO: Extracting primitive: Mesh_1910
09:08:38 | INFO: Primitives created: 1
09:08:38 | INFO: Extracting primitive: Mesh_1911
09:08:38 | INFO: Primitives created: 1
09:08:38 | INFO: Extracting primitive: Mesh_1912
09:08:38 | INFO: Primitives created: 1
09:08:38 | INFO: Extracting primitive: Mesh_1913
09:08:38 | INFO: Primitives created: 1
09:08:38 | INFO: Extracting primitive: Mesh_1914
09:08:38 | INFO: Primitives created: 1
09:08:38 | INFO: Extracting primitive: Mesh_1915
09:08:38 | INFO: Primitives created: 1
09:08:38 | INFO: Extracting primitive: Mesh_1916
09:08:38 | INFO: Primitives created: 1
09:08:38 | INFO: Extracting primitive: Mesh_1917
09:08:38 | INFO: Primitives created: 1
09:08:38 | INFO: Extracting primitive: Mesh_1918
09:08:39 | INFO: Primitives created: 1
09:08:39 | INFO: Extracting primitive: Mesh_1919
09:08:39 | INFO: Primitives created: 1
09:08:39 | INFO: Extracting primitive: Mesh_1920
09:08:39 | INFO: Primitives created: 1
09:08:39 | INFO: Extracting primitive: Mesh_1921
09:08:39 | INFO: Primitives created: 1
09:08:39 | INFO: Extracting primitive: Mesh_1922
09:08:39 | INFO: Primitives created: 1
09:08:39 | INFO: Extracting primitive: Mesh_1923
09:08:39 | INFO: Primitives created: 1
09:08:39 | INFO: Extracting primitive: Mesh_1924
09:08:39 | INFO: Primitives created: 1
09:08:39 | INFO: Extracting primitive: Mesh_1925
09:08:39 | INFO: Primitives created: 1
09:08:39 | INFO: Extracting primitive: Mesh_1926
09:08:39 | INFO: Primitives created: 1
09:08:39 | INFO: Extracting primitive: Mesh_1927
09:08:39 | INFO: Primitives created: 1
09:08:39 | INFO: Extracting primitive: Mesh_1928
09:08:39 | INFO: Primitives created: 1
09:08:39 | INFO: Extracting primitive: Mesh_1929
09:08:39 | INFO: Primitives created: 1
09:08:39 | INFO: Extracting primitive: Mesh_1931
09:08:39 | INFO: Primitives created: 1
09:08:39 | INFO: Extracting primitive: Mesh_1933
09:08:39 | INFO: Primitives created: 1
09:08:39 | INFO: Extracting primitive: Mesh_1935
09:08:39 | INFO: Primitives created: 1
09:08:39 | INFO: Extracting primitive: Mesh_1936
09:08:39 | INFO: Primitives created: 1
09:08:39 | INFO: Extracting primitive: Mesh_1930
09:08:39 | INFO: Primitives created: 1
09:08:39 | INFO: Extracting primitive: Mesh_1932
09:08:39 | INFO: Primitives created: 1
09:08:39 | INFO: Extracting primitive: Mesh_1934
09:08:39 | INFO: Primitives created: 1
09:08:39 | INFO: Extracting primitive: Cube.044
09:08:39 | INFO: Primitives created: 1
09:08:39 | INFO: Extracting primitive: Cube.045
09:08:39 | INFO: Primitives created: 1
09:08:39 | INFO: Extracting primitive: Cube.037
09:08:39 | INFO: Primitives created: 1
09:08:39 | INFO: Extracting primitive: Cube.038
09:08:39 | INFO: Primitives created: 1
09:08:39 | INFO: Extracting primitive: Cube.039
09:08:39 | INFO: Primitives created: 1
09:08:39 | INFO: Extracting primitive: Cube.040
09:08:39 | INFO: Primitives created: 1
09:08:39 | INFO: Extracting primitive: Cube.041
09:08:39 | INFO: Primitives created: 1
09:08:39 | INFO: Extracting primitive: Cube.042
09:08:39 | INFO: Primitives created: 1
09:08:39 | INFO: Extracting primitive: WELLNESS_ENTRANCE_SIGNAGE_CURVE
09:08:39 | INFO: Primitives created: 1
09:08:39 | INFO: Extracting primitive: Cube.043
09:08:39 | INFO: Primitives created: 1
09:10:18 | INFO: Finished glTF 2.0 export in 114.40366959571838 s

{
  "status": "BUILT",
  "revision": "REV005",
  "task": "M08.12",
  "collection": "REV005_INTERIOR_REMEDIATION_V06",
  "preserved_v05_pass_groups": [
    "Caps and Trigger Assembly",
    "Daycare / Cr\u00e8che",
    "Electrical / LV-MV Room",
    "Employee Changing / Shower / Locker Support",
    "Fire Pump House",
    "Micro-ingredient Weigh / Dispense"
  ],
  "remediated_group_count": 20,
  "baseline_file": "C:\\Users\\sekip\\Desktop\\POVU-Kenya-FMCG-Campus-repo\\output\\rev005-interior-remediation-v06\\V06_BASELINE_HASHES.json",
  "before_blend_sha256": "B4F24C77EDDCCC273B6D283AAE08C49AABE0063241C17039E1C39CF4BA5D89E6",
  "before_glb_sha256": "1BF506A0EF8ADAF73D20CADAAD151258E293929440FFE681AC6A2ABD21CE4D20",
  "after_blend_sha256": "393B2CEE1523D5CEDFB28E53D081C57C78223021355B12EC6617C223CD2B96DD",
  "after_glb_sha256": "8C669893EEF13D0EC01103E5532C361FDEE5FB85AC2D11FE21D8A8F4D2B16089",
  "object_count": 1950,
  "blend": "C:\\Users\\sekip\\Desktop\\POVU-Kenya-FMCG-Campus-repo\\3d\\revisions\\REV005\\POVU_KENYA_FMCG_CAMPUS_REV005_INTERIOR_COMPLETION_MASTER.blend",
  "glb": "C:\\Users\\sekip\\Desktop\\POVU-Kenya-FMCG-Campus-repo\\3d\\revisions\\REV005\\POVU_REV005_INTERIOR_COMPLETION_MASTER.glb",
  "no_hiveai": true,
  "no_rev006": true,
  "no_tour": true
}
BlenderMCP addon unregistered
Blender 5.2.2 LTS (hash d13f752e3b9c built 2026-09-15 01:37:04)

Blender quit
