00:01.938  blend            | Read blend: "C:\Users\sekip\Desktop\POVU-Kenya-FMCG-Campus-repo\3d\revisions\REV005\POVU_KENYA_FMCG_CAMPUS_REV005_INTERIOR_COMPLETION_MASTER.blend"
C:\Users\sekip\Desktop\POVU-Kenya-FMCG-Campus-repo\3d\revisions\REV005\pipeline\build_rev005_interior_remediation_v05.py:19: DeprecationWarning: 'Material.use_nodes' is expected to be removed in Blender 6.0
  m=bpy.data.materials.get(name) or bpy.data.materials.new(name); m.diffuse_color=(*color,1); m.use_nodes=True
BlenderMCP addon registered
Info: Saved as "POVU_KENYA_FMCG_CAMPUS_REV005_INTERIOR_COMPLETION_MASTER.blend"
INFO Draco is available, use library at C:\Program Files\Blender Foundation\Blender 5.2\5.2\scripts\addons_core\io_scene_gltf2\bf_intern_draco_bridge.dll
INFO MeshOptimizer is available, use library at C:\Program Files\Blender Foundation\Blender 5.2\5.2\scripts\addons_core\io_scene_gltf2\bf_intern_meshopt_bridge.dll
01:30:38 | INFO: Starting glTF 2.0 export
01:30:38 | INFO: Extracting primitive: Cube.017
01:30:38 | INFO: Primitives created: 1
01:30:38 | INFO: Extracting primitive: Cube.018
01:30:38 | INFO: Primitives created: 1
01:30:38 | INFO: Extracting primitive: Cube.010
01:30:38 | INFO: Primitives created: 1
01:30:38 | INFO: Extracting primitive: Cube.011
01:30:38 | INFO: Primitives created: 1
01:30:38 | INFO: Extracting primitive: Cube.012
01:30:38 | INFO: Primitives created: 1
01:30:38 | INFO: Extracting primitive: Cube.013
01:30:38 | INFO: Primitives created: 1
01:30:38 | INFO: Extracting primitive: Cube.014
01:30:38 | INFO: Primitives created: 1
01:30:38 | INFO: Extracting primitive: Cube.015
01:30:38 | INFO: Primitives created: 1
01:30:38 | INFO: Extracting primitive: ADMIN_HQ_ENTRANCE_SIGNAGE_CURVE
01:30:38 | INFO: Primitives created: 1
01:30:38 | INFO: Extracting primitive: Cube.016
01:30:38 | INFO: Primitives created: 1
01:30:38 | INFO: Extracting primitive: Cube.053
01:30:38 | INFO: Primitives created: 1
01:30:38 | INFO: Extracting primitive: Cube.054
01:30:38 | INFO: Primitives created: 1
01:30:38 | INFO: Extracting primitive: Cube.046
01:30:38 | INFO: Primitives created: 1
01:30:38 | INFO: Extracting primitive: Cube.047
01:30:38 | INFO: Primitives created: 1
01:30:38 | INFO: Extracting primitive: Cube.048
01:30:38 | INFO: Primitives created: 1
01:30:38 | INFO: Extracting primitive: Cube.049
01:30:38 | INFO: Primitives created: 1
01:30:38 | INFO: Extracting primitive: Cube.050
01:30:38 | INFO: Primitives created: 1
01:30:38 | INFO: Extracting primitive: Cube.051
01:30:38 | INFO: Primitives created: 1
01:30:38 | INFO: Extracting primitive: DAYCARE_ENTRANCE_SIGNAGE_CURVE
01:30:38 | INFO: Primitives created: 1
01:30:38 | INFO: Extracting primitive: Cube.052
01:30:38 | INFO: Primitives created: 1
01:30:38 | INFO: Extracting primitive: Cube.089
01:30:38 | INFO: Primitives created: 1
01:30:38 | INFO: Extracting primitive: Cube.090
01:30:38 | INFO: Primitives created: 1
01:30:38 | INFO: Extracting primitive: Cube.082
01:30:38 | INFO: Primitives created: 1
01:30:38 | INFO: Extracting primitive: Cube.083
01:30:38 | INFO: Primitives created: 1
01:30:38 | INFO: Extracting primitive: Cube.084
01:30:38 | INFO: Primitives created: 1
01:30:38 | INFO: Extracting primitive: Cube.085
01:30:38 | INFO: Primitives created: 1
01:30:38 | INFO: Extracting primitive: Cube.086
01:30:38 | INFO: Primitives created: 1
01:30:38 | INFO: Extracting primitive: Cube.087
01:30:38 | INFO: Primitives created: 1
01:30:38 | INFO: Extracting primitive: FG_PERSONNEL_ENTRANCE_SIGNAGE_CURVE
01:30:38 | INFO: Primitives created: 1
01:30:38 | INFO: Extracting primitive: Cube.088
01:30:38 | INFO: Primitives created: 1
01:30:38 | INFO: Extracting primitive: Cube.127
01:30:38 | INFO: Primitives created: 1
01:30:38 | INFO: Extracting primitive: Cube.128
01:30:38 | INFO: Primitives created: 1
01:30:38 | INFO: Extracting primitive: Cube.115
01:30:38 | INFO: Primitives created: 1
01:30:38 | INFO: Extracting primitive: Cube.116
01:30:38 | INFO: Primitives created: 1
01:30:38 | INFO: Extracting primitive: Cube.117
01:30:38 | INFO: Primitives created: 1
01:30:38 | INFO: Extracting primitive: Cube.118
01:30:38 | INFO: Primitives created: 1
01:30:38 | INFO: Extracting primitive: Cube.119
01:30:38 | INFO: Primitives created: 1
01:30:38 | INFO: Extracting primitive: Cube.120
01:30:38 | INFO: Primitives created: 1
01:30:38 | INFO: Extracting primitive: Cube.121
01:30:38 | INFO: Primitives created: 1
01:30:38 | INFO: Extracting primitive: Cube.122
01:30:38 | INFO: Primitives created: 1
01:30:38 | INFO: Extracting primitive: Cube.123
01:30:38 | INFO: Primitives created: 1
01:30:38 | INFO: Extracting primitive: Cube.124
01:30:38 | INFO: Primitives created: 1
01:30:38 | INFO: Extracting primitive: Cube.125
01:30:38 | INFO: Primitives created: 1
01:30:38 | INFO: Extracting primitive: Cube.126
01:30:38 | INFO: Primitives created: 1
01:30:38 | INFO: Extracting primitive: Cube.080
01:30:38 | INFO: Primitives created: 1
01:30:38 | INFO: Extracting primitive: Cube.081
01:30:38 | INFO: Primitives created: 1
01:30:38 | INFO: Extracting primitive: Cube.073
01:30:38 | INFO: Primitives created: 1
01:30:38 | INFO: Extracting primitive: Cube.074
01:30:38 | INFO: Primitives created: 1
01:30:38 | INFO: Extracting primitive: Cube.075
01:30:38 | INFO: Primitives created: 1
01:30:38 | INFO: Extracting primitive: Cube.076
01:30:38 | INFO: Primitives created: 1
01:30:38 | INFO: Extracting primitive: Cube.077
01:30:38 | INFO: Primitives created: 1
01:30:38 | INFO: Extracting primitive: Cube.078
01:30:38 | INFO: Primitives created: 1
01:30:38 | INFO: Extracting primitive: PACKAGING_PERSONNEL_ENTRANCE_SIGNAGE_CURVE
01:30:38 | INFO: Primitives created: 1
01:30:38 | INFO: Extracting primitive: Cube.079
01:30:38 | INFO: Primitives created: 1
01:30:38 | INFO: Extracting primitive: PRODUCTION_FLOOR_MESH
01:30:38 | INFO: Primitives created: 1
01:30:38 | INFO: Extracting primitive: Cube.062
01:30:38 | INFO: Primitives created: 1
01:30:38 | INFO: Extracting primitive: Cube.063
01:30:38 | INFO: Primitives created: 1
01:30:38 | INFO: Extracting primitive: Cube.055
01:30:38 | INFO: Primitives created: 1
01:30:38 | INFO: Extracting primitive: Cube.056
01:30:38 | INFO: Primitives created: 1
01:30:38 | INFO: Extracting primitive: Cube.057
01:30:38 | INFO: Primitives created: 1
01:30:38 | INFO: Extracting primitive: Cube.058
01:30:38 | INFO: Primitives created: 1
01:30:38 | INFO: Extracting primitive: Cube.059
01:30:38 | INFO: Primitives created: 1
01:30:38 | INFO: Extracting primitive: Cube.060
01:30:38 | INFO: Primitives created: 1
01:30:38 | INFO: Extracting primitive: PRODUCTION_PERSONNEL_ENTRANCE_SIGNAGE_CURVE
01:30:38 | INFO: Primitives created: 1
01:30:38 | INFO: Extracting primitive: Cube.061
01:30:38 | INFO: Primitives created: 1
01:30:38 | INFO: Extracting primitive: PRODUCTION_ROOF_MESH
01:30:38 | INFO: Primitives created: 1
01:30:38 | INFO: Extracting primitive: PRODUCTION_WALL_EAST_MESH
01:30:38 | INFO: Primitives created: 1
01:30:38 | INFO: Extracting primitive: PRODUCTION_WALL_NORTH_MESH
01:30:38 | INFO: Primitives created: 1
01:30:38 | INFO: Extracting primitive: PRODUCTION_WALL_SOUTH_MESH
01:30:38 | INFO: Primitives created: 1
01:30:38 | INFO: Extracting primitive: PRODUCTION_WALL_WEST_MESH
01:30:38 | INFO: Primitives created: 1
01:30:38 | INFO: Extracting primitive: Cube.026
01:30:38 | INFO: Primitives created: 1
01:30:38 | INFO: Extracting primitive: Cube.027
01:30:38 | INFO: Primitives created: 1
01:30:38 | INFO: Extracting primitive: Cube.019
01:30:38 | INFO: Primitives created: 1
01:30:38 | INFO: Extracting primitive: Cube.020
01:30:38 | INFO: Primitives created: 1
01:30:38 | INFO: Extracting primitive: Cube.021
01:30:38 | INFO: Primitives created: 1
01:30:38 | INFO: Extracting primitive: Cube.022
01:30:38 | INFO: Primitives created: 1
01:30:38 | INFO: Extracting primitive: Cube.023
01:30:38 | INFO: Primitives created: 1
01:30:38 | INFO: Extracting primitive: Cube.024
01:30:38 | INFO: Primitives created: 1
01:30:38 | INFO: Extracting primitive: R_D_QC_ENTRANCE_SIGNAGE_CURVE
01:30:38 | INFO: Primitives created: 1
01:30:38 | INFO: Extracting primitive: Cube.025
01:30:38 | INFO: Primitives created: 1
01:30:38 | INFO: Extracting primitive: Cube.035
01:30:38 | INFO: Primitives created: 1
01:30:38 | INFO: Extracting primitive: Cube.036
01:30:38 | INFO: Primitives created: 1
01:30:38 | INFO: Extracting primitive: Cube.028
01:30:38 | INFO: Primitives created: 1
01:30:38 | INFO: Extracting primitive: Cube.029
01:30:38 | INFO: Primitives created: 1
01:30:38 | INFO: Extracting primitive: Cube.030
01:30:38 | INFO: Primitives created: 1
01:30:38 | INFO: Extracting primitive: Cube.031
01:30:38 | INFO: Primitives created: 1
01:30:38 | INFO: Extracting primitive: Cube.032
01:30:38 | INFO: Primitives created: 1
01:30:38 | INFO: Extracting primitive: Cube.033
01:30:38 | INFO: Primitives created: 1
01:30:38 | INFO: Extracting primitive: RESTAURANT_ENTRANCE_SIGNAGE_CURVE
01:30:38 | INFO: Primitives created: 1
01:30:38 | INFO: Extracting primitive: Cube.034
01:30:38 | INFO: Primitives created: 1
01:30:38 | INFO: Extracting primitive: Cube.369
01:30:38 | INFO: Primitives created: 1
01:30:38 | INFO: Extracting primitive: Cube.370
01:30:38 | INFO: Primitives created: 1
01:30:38 | INFO: Extracting primitive: Cube.368
01:30:38 | INFO: Primitives created: 1
01:30:38 | INFO: Extracting primitive: Cube.367
01:30:38 | INFO: Primitives created: 1
01:30:38 | INFO: Extracting primitive: Cube.350
01:30:38 | INFO: Primitives created: 1
01:30:38 | INFO: Extracting primitive: Cube.349
01:30:38 | INFO: Primitives created: 1
01:30:38 | INFO: Extracting primitive: Cube.352
01:30:38 | INFO: Primitives created: 1
01:30:38 | INFO: Extracting primitive: Cube.351
01:30:38 | INFO: Primitives created: 1
01:30:38 | INFO: Extracting primitive: Cube.354
01:30:38 | INFO: Primitives created: 1
01:30:38 | INFO: Extracting primitive: Cube.353
01:30:38 | INFO: Primitives created: 1
01:30:38 | INFO: Extracting primitive: Cylinder.016
01:30:38 | INFO: Primitives created: 1
01:30:38 | INFO: Extracting primitive: Cube.356
01:30:38 | INFO: Primitives created: 1
01:30:38 | INFO: Extracting primitive: Cube.355
01:30:38 | INFO: Primitives created: 1
01:30:38 | INFO: Extracting primitive: Cube.358
01:30:38 | INFO: Primitives created: 1
01:30:38 | INFO: Extracting primitive: Cube.357
01:30:38 | INFO: Primitives created: 1
01:30:38 | INFO: Extracting primitive: Cube.360
01:30:38 | INFO: Primitives created: 1
01:30:38 | INFO: Extracting primitive: Cube.359
01:30:38 | INFO: Primitives created: 1
01:30:38 | INFO: Extracting primitive: Cylinder.017
01:30:38 | INFO: Primitives created: 1
01:30:38 | INFO: Extracting primitive: Cube.362
01:30:38 | INFO: Primitives created: 1
01:30:38 | INFO: Extracting primitive: Cube.361
01:30:38 | INFO: Primitives created: 1
01:30:38 | INFO: Extracting primitive: Cube.364
01:30:38 | INFO: Primitives created: 1
01:30:38 | INFO: Extracting primitive: Cube.363
01:30:38 | INFO: Primitives created: 1
01:30:38 | INFO: Extracting primitive: Cube.366
01:30:38 | INFO: Primitives created: 1
01:30:38 | INFO: Extracting primitive: Cube.365
01:30:38 | INFO: Primitives created: 1
01:30:38 | INFO: Extracting primitive: Cylinder.018
01:30:38 | INFO: Primitives created: 1
01:30:38 | INFO: Extracting primitive: Cube.175
01:30:38 | INFO: Primitives created: 1
01:30:38 | INFO: Extracting primitive: Cube.133
01:30:38 | INFO: Primitives created: 1
01:30:38 | INFO: Extracting primitive: Cube.134
01:30:38 | INFO: Primitives created: 1
01:30:38 | INFO: Extracting primitive: Cube.131
01:30:38 | INFO: Primitives created: 1
01:30:38 | INFO: Extracting primitive: Cube.132
01:30:38 | INFO: Primitives created: 1
01:30:38 | INFO: Extracting primitive: Cube.130
01:30:38 | INFO: Primitives created: 1
01:30:38 | INFO: Extracting primitive: Cube.565
01:30:38 | INFO: Primitives created: 1
01:30:38 | INFO: Extracting primitive: Cube.566
01:30:38 | INFO: Primitives created: 1
01:30:38 | INFO: Extracting primitive: Cube.567
01:30:38 | INFO: Primitives created: 1
01:30:38 | INFO: Extracting primitive: Cylinder.023
01:30:38 | INFO: Primitives created: 1
01:30:38 | INFO: Extracting primitive: Cube.570
01:30:38 | INFO: Primitives created: 1
01:30:38 | INFO: Extracting primitive: Cube.571
01:30:38 | INFO: Primitives created: 1
01:30:38 | INFO: Extracting primitive: Cube.568
01:30:38 | INFO: Primitives created: 1
01:30:38 | INFO: Extracting primitive: Cube.569
01:30:38 | INFO: Primitives created: 1
01:30:38 | INFO: Extracting primitive: Cube.315
01:30:38 | INFO: Primitives created: 1
01:30:38 | INFO: Extracting primitive: Cube.314
01:30:38 | INFO: Primitives created: 1
01:30:38 | INFO: Extracting primitive: Cube.317
01:30:38 | INFO: Primitives created: 1
01:30:38 | INFO: Extracting primitive: Cube.316
01:30:38 | INFO: Primitives created: 1
01:30:38 | INFO: Extracting primitive: Cylinder.012
01:30:38 | INFO: Primitives created: 1
01:30:38 | INFO: Extracting primitive: Cube.319
01:30:38 | INFO: Primitives created: 1
01:30:38 | INFO: Extracting primitive: Cube.318
01:30:38 | INFO: Primitives created: 1
01:30:38 | INFO: Extracting primitive: Cube.321
01:30:38 | INFO: Primitives created: 1
01:30:38 | INFO: Extracting primitive: Cube.320
01:30:38 | INFO: Primitives created: 1
01:30:38 | INFO: Extracting primitive: Cylinder.013
01:30:38 | INFO: Primitives created: 1
01:30:38 | INFO: Extracting primitive: Cube.323
01:30:38 | INFO: Primitives created: 1
01:30:38 | INFO: Extracting primitive: Cube.322
01:30:38 | INFO: Primitives created: 1
01:30:38 | INFO: Extracting primitive: Cube.325
01:30:38 | INFO: Primitives created: 1
01:30:38 | INFO: Extracting primitive: Cube.324
01:30:38 | INFO: Primitives created: 1
01:30:38 | INFO: Extracting primitive: Cylinder.014
01:30:38 | INFO: Primitives created: 1
01:30:38 | INFO: Extracting primitive: Cube.327
01:30:38 | INFO: Primitives created: 1
01:30:38 | INFO: Extracting primitive: Cube.326
01:30:38 | INFO: Primitives created: 1
01:30:38 | INFO: Extracting primitive: Cube.329
01:30:38 | INFO: Primitives created: 1
01:30:38 | INFO: Extracting primitive: Cube.328
01:30:38 | INFO: Primitives created: 1
01:30:38 | INFO: Extracting primitive: Cylinder.015
01:30:38 | INFO: Primitives created: 1
01:30:38 | INFO: Extracting primitive: Cube.277
01:30:38 | INFO: Primitives created: 1
01:30:38 | INFO: Extracting primitive: Cube.572
01:30:38 | INFO: Primitives created: 1
01:30:38 | INFO: Extracting primitive: Cube.573
01:30:38 | INFO: Primitives created: 1
01:30:38 | INFO: Extracting primitive: Cube.574
01:30:38 | INFO: Primitives created: 1
01:30:38 | INFO: Extracting primitive: Cylinder.024
01:30:38 | INFO: Primitives created: 1
01:30:38 | INFO: Extracting primitive: Cube.577
01:30:38 | INFO: Primitives created: 1
01:30:38 | INFO: Extracting primitive: Cube.578
01:30:38 | INFO: Primitives created: 1
01:30:38 | INFO: Extracting primitive: Cube.575
01:30:38 | INFO: Primitives created: 1
01:30:38 | INFO: Extracting primitive: Cube.576
01:30:38 | INFO: Primitives created: 1
01:30:38 | INFO: Extracting primitive: Cube.542
01:30:38 | INFO: Primitives created: 1
01:30:38 | INFO: Extracting primitive: Cube.543
01:30:38 | INFO: Primitives created: 1
01:30:38 | INFO: Extracting primitive: Cube.544
01:30:38 | INFO: Primitives created: 1
01:30:38 | INFO: Extracting primitive: Cube.545
01:30:38 | INFO: Primitives created: 1
01:30:38 | INFO: Extracting primitive: Cube.546
01:30:38 | INFO: Primitives created: 1
01:30:38 | INFO: Extracting primitive: Cube.547
01:30:38 | INFO: Primitives created: 1
01:30:38 | INFO: Extracting primitive: Cube.548
01:30:38 | INFO: Primitives created: 1
01:30:38 | INFO: Extracting primitive: Cube.549
01:30:38 | INFO: Primitives created: 1
01:30:38 | INFO: Extracting primitive: Cube.550
01:30:38 | INFO: Primitives created: 1
01:30:38 | INFO: Extracting primitive: Cylinder.022
01:30:38 | INFO: Primitives created: 1
01:30:38 | INFO: Extracting primitive: Cube.551
01:30:38 | INFO: Primitives created: 1
01:30:38 | INFO: Extracting primitive: Cube.552
01:30:38 | INFO: Primitives created: 1
01:30:38 | INFO: Extracting primitive: Cylinder.019
01:30:38 | INFO: Primitives created: 1
01:30:38 | INFO: Extracting primitive: Cylinder.020
01:30:38 | INFO: Primitives created: 1
01:30:38 | INFO: Extracting primitive: Cylinder.021
01:30:38 | INFO: Primitives created: 1
01:30:38 | INFO: Extracting primitive: Cube.541
01:30:38 | INFO: Primitives created: 1
01:30:38 | INFO: Extracting primitive: Cube.271
01:30:38 | INFO: Primitives created: 1
01:30:38 | INFO: Extracting primitive: Cube.267
01:30:38 | INFO: Primitives created: 1
01:30:38 | INFO: Extracting primitive: Cylinder.007
01:30:38 | INFO: Primitives created: 1
01:30:38 | INFO: Extracting primitive: Cube.272
01:30:38 | INFO: Primitives created: 1
01:30:38 | INFO: Extracting primitive: Cube.273
01:30:38 | INFO: Primitives created: 1
01:30:38 | INFO: Extracting primitive: Cube.269
01:30:38 | INFO: Primitives created: 1
01:30:38 | INFO: Extracting primitive: Cube.270
01:30:38 | INFO: Primitives created: 1
01:30:38 | INFO: Extracting primitive: Cube.268
01:30:38 | INFO: Primitives created: 1
01:30:38 | INFO: Extracting primitive: Cube.259
01:30:38 | INFO: Primitives created: 1
01:30:38 | INFO: Extracting primitive: Cube.260
01:30:38 | INFO: Primitives created: 1
01:30:38 | INFO: Extracting primitive: Cube.258
01:30:38 | INFO: Primitives created: 1
01:30:38 | INFO: Extracting primitive: Cube.262
01:30:38 | INFO: Primitives created: 1
01:30:38 | INFO: Extracting primitive: Cube.261
01:30:38 | INFO: Primitives created: 1
01:30:38 | INFO: Extracting primitive: Cube.264
01:30:38 | INFO: Primitives created: 1
01:30:38 | INFO: Extracting primitive: Cube.263
01:30:38 | INFO: Primitives created: 1
01:30:38 | INFO: Extracting primitive: Cube.266
01:30:38 | INFO: Primitives created: 1
01:30:38 | INFO: Extracting primitive: Cube.265
01:30:38 | INFO: Primitives created: 1
01:30:38 | INFO: Extracting primitive: Cylinder.006
01:30:38 | INFO: Primitives created: 1
01:30:38 | INFO: Extracting primitive: Cube.220
01:30:38 | INFO: Primitives created: 1
01:30:38 | INFO: Extracting primitive: Cube.223
01:30:38 | INFO: Primitives created: 1
01:30:38 | INFO: Extracting primitive: Cube.222
01:30:38 | INFO: Primitives created: 1
01:30:38 | INFO: Extracting primitive: Cube.225
01:30:38 | INFO: Primitives created: 1
01:30:38 | INFO: Extracting primitive: Cube.224
01:30:38 | INFO: Primitives created: 1
01:30:38 | INFO: Extracting primitive: Cube.227
01:30:38 | INFO: Primitives created: 1
01:30:38 | INFO: Extracting primitive: Cube.226
01:30:38 | INFO: Primitives created: 1
01:30:38 | INFO: Extracting primitive: Cylinder.002
01:30:38 | INFO: Primitives created: 1
01:30:38 | INFO: Extracting primitive: Cube.229
01:30:38 | INFO: Primitives created: 1
01:30:38 | INFO: Extracting primitive: Cube.228
01:30:38 | INFO: Primitives created: 1
01:30:38 | INFO: Extracting primitive: Cube.231
01:30:38 | INFO: Primitives created: 1
01:30:38 | INFO: Extracting primitive: Cube.230
01:30:38 | INFO: Primitives created: 1
01:30:38 | INFO: Extracting primitive: Cube.233
01:30:38 | INFO: Primitives created: 1
01:30:38 | INFO: Extracting primitive: Cube.232
01:30:38 | INFO: Primitives created: 1
01:30:38 | INFO: Extracting primitive: Cylinder.003
01:30:38 | INFO: Primitives created: 1
01:30:38 | INFO: Extracting primitive: Cube.235
01:30:38 | INFO: Primitives created: 1
01:30:38 | INFO: Extracting primitive: Cube.234
01:30:38 | INFO: Primitives created: 1
01:30:38 | INFO: Extracting primitive: Cube.237
01:30:38 | INFO: Primitives created: 1
01:30:38 | INFO: Extracting primitive: Cube.236
01:30:38 | INFO: Primitives created: 1
01:30:38 | INFO: Extracting primitive: Cube.239
01:30:38 | INFO: Primitives created: 1
01:30:38 | INFO: Extracting primitive: Cube.238
01:30:38 | INFO: Primitives created: 1
01:30:38 | INFO: Extracting primitive: Cylinder.004
01:30:38 | INFO: Primitives created: 1
01:30:38 | INFO: Extracting primitive: Cube.241
01:30:38 | INFO: Primitives created: 1
01:30:38 | INFO: Extracting primitive: Cube.240
01:30:38 | INFO: Primitives created: 1
01:30:38 | INFO: Extracting primitive: Cube.243
01:30:38 | INFO: Primitives created: 1
01:30:38 | INFO: Extracting primitive: Cube.242
01:30:38 | INFO: Primitives created: 1
01:30:38 | INFO: Extracting primitive: Cube.245
01:30:38 | INFO: Primitives created: 1
01:30:38 | INFO: Extracting primitive: Cube.244
01:30:38 | INFO: Primitives created: 1
01:30:38 | INFO: Extracting primitive: Cylinder.005
01:30:38 | INFO: Primitives created: 1
01:30:38 | INFO: Extracting primitive: Cube.246
01:30:38 | INFO: Primitives created: 1
01:30:38 | INFO: Extracting primitive: Cube.247
01:30:38 | INFO: Primitives created: 1
01:30:38 | INFO: Extracting primitive: Cube.248
01:30:38 | INFO: Primitives created: 1
01:30:38 | INFO: Extracting primitive: Cube.249
01:30:38 | INFO: Primitives created: 1
01:30:38 | INFO: Extracting primitive: Cube.250
01:30:38 | INFO: Primitives created: 1
01:30:38 | INFO: Extracting primitive: Cube.251
01:30:38 | INFO: Primitives created: 1
01:30:38 | INFO: Extracting primitive: Cube.252
01:30:38 | INFO: Primitives created: 1
01:30:38 | INFO: Extracting primitive: Cube.253
01:30:38 | INFO: Primitives created: 1
01:30:38 | INFO: Extracting primitive: Cube.254
01:30:38 | INFO: Primitives created: 1
01:30:38 | INFO: Extracting primitive: Cube.255
01:30:38 | INFO: Primitives created: 1
01:30:38 | INFO: Extracting primitive: Cube.221
01:30:38 | INFO: Primitives created: 1
01:30:38 | INFO: Extracting primitive: Cube.256
01:30:38 | INFO: Primitives created: 1
01:30:38 | INFO: Extracting primitive: Cube.283
01:30:38 | INFO: Primitives created: 1
01:30:38 | INFO: Extracting primitive: Cube.282
01:30:38 | INFO: Primitives created: 1
01:30:38 | INFO: Extracting primitive: Cube.285
01:30:38 | INFO: Primitives created: 1
01:30:38 | INFO: Extracting primitive: Cube.284
01:30:38 | INFO: Primitives created: 1
01:30:38 | INFO: Extracting primitive: Cube.287
01:30:38 | INFO: Primitives created: 1
01:30:38 | INFO: Extracting primitive: Cube.286
01:30:38 | INFO: Primitives created: 1
01:30:38 | INFO: Extracting primitive: Cube.289
01:30:38 | INFO: Primitives created: 1
01:30:38 | INFO: Extracting primitive: Cube.288
01:30:38 | INFO: Primitives created: 1
01:30:38 | INFO: Extracting primitive: Cylinder.008
01:30:38 | INFO: Primitives created: 1
01:30:38 | INFO: Extracting primitive: Cube.291
01:30:38 | INFO: Primitives created: 1
01:30:38 | INFO: Extracting primitive: Cube.290
01:30:38 | INFO: Primitives created: 1
01:30:38 | INFO: Extracting primitive: Cube.293
01:30:38 | INFO: Primitives created: 1
01:30:38 | INFO: Extracting primitive: Cube.292
01:30:38 | INFO: Primitives created: 1
01:30:38 | INFO: Extracting primitive: Cube.295
01:30:38 | INFO: Primitives created: 1
01:30:38 | INFO: Extracting primitive: Cube.294
01:30:38 | INFO: Primitives created: 1
01:30:38 | INFO: Extracting primitive: Cube.297
01:30:38 | INFO: Primitives created: 1
01:30:38 | INFO: Extracting primitive: Cube.296
01:30:38 | INFO: Primitives created: 1
01:30:38 | INFO: Extracting primitive: Cylinder.009
01:30:38 | INFO: Primitives created: 1
01:30:38 | INFO: Extracting primitive: Cube.299
01:30:38 | INFO: Primitives created: 1
01:30:38 | INFO: Extracting primitive: Cube.298
01:30:38 | INFO: Primitives created: 1
01:30:38 | INFO: Extracting primitive: Cube.301
01:30:38 | INFO: Primitives created: 1
01:30:38 | INFO: Extracting primitive: Cube.300
01:30:38 | INFO: Primitives created: 1
01:30:38 | INFO: Extracting primitive: Cube.303
01:30:38 | INFO: Primitives created: 1
01:30:38 | INFO: Extracting primitive: Cube.302
01:30:38 | INFO: Primitives created: 1
01:30:38 | INFO: Extracting primitive: Cube.305
01:30:38 | INFO: Primitives created: 1
01:30:38 | INFO: Extracting primitive: Cube.304
01:30:38 | INFO: Primitives created: 1
01:30:38 | INFO: Extracting primitive: Cylinder.010
01:30:38 | INFO: Primitives created: 1
01:30:38 | INFO: Extracting primitive: Cube.307
01:30:38 | INFO: Primitives created: 1
01:30:38 | INFO: Extracting primitive: Cube.306
01:30:38 | INFO: Primitives created: 1
01:30:38 | INFO: Extracting primitive: Cube.309
01:30:38 | INFO: Primitives created: 1
01:30:38 | INFO: Extracting primitive: Cube.308
01:30:38 | INFO: Primitives created: 1
01:30:38 | INFO: Extracting primitive: Cube.311
01:30:38 | INFO: Primitives created: 1
01:30:38 | INFO: Extracting primitive: Cube.310
01:30:38 | INFO: Primitives created: 1
01:30:38 | INFO: Extracting primitive: Cube.313
01:30:38 | INFO: Primitives created: 1
01:30:38 | INFO: Extracting primitive: Cube.312
01:30:38 | INFO: Primitives created: 1
01:30:38 | INFO: Extracting primitive: Cylinder.011
01:30:38 | INFO: Primitives created: 1
01:30:38 | INFO: Extracting primitive: Cube.330
01:30:38 | INFO: Primitives created: 1
01:30:38 | INFO: Extracting primitive: Cube.624
01:30:38 | INFO: Primitives created: 1
01:30:38 | INFO: Extracting primitive: Cube.621
01:30:38 | INFO: Primitives created: 1
01:30:38 | INFO: Extracting primitive: Cube.640
01:30:38 | INFO: Primitives created: 1
01:30:38 | INFO: Extracting primitive: Cube.641
01:30:38 | INFO: Primitives created: 1
01:30:38 | INFO: Extracting primitive: Cube.642
01:30:38 | INFO: Primitives created: 1
01:30:38 | INFO: Extracting primitive: Cube.638
01:30:38 | INFO: Primitives created: 1
01:30:38 | INFO: Extracting primitive: Cube.639
01:30:38 | INFO: Primitives created: 1
01:30:38 | INFO: Extracting primitive: Cube.637
01:30:38 | INFO: Primitives created: 1
01:30:38 | INFO: Extracting primitive: Cylinder.030
01:30:38 | INFO: Primitives created: 1
01:30:38 | INFO: Extracting primitive: Cube.643
01:30:38 | INFO: Primitives created: 1
01:30:38 | INFO: Extracting primitive: Cube.644
01:30:38 | INFO: Primitives created: 1
01:30:38 | INFO: Extracting primitive: Cube.561
01:30:38 | INFO: Primitives created: 1
01:30:38 | INFO: Extracting primitive: Cube.562
01:30:38 | INFO: Primitives created: 1
01:30:38 | INFO: Extracting primitive: Cube.563
01:30:38 | INFO: Primitives created: 1
01:30:38 | INFO: Extracting primitive: Cube.564
01:30:38 | INFO: Primitives created: 1
01:30:38 | INFO: Extracting primitive: Cube.622
01:30:38 | INFO: Primitives created: 1
01:30:38 | INFO: Extracting primitive: Cube.623
01:30:38 | INFO: Primitives created: 1
01:30:38 | INFO: Extracting primitive: Cube.645
01:30:38 | INFO: Primitives created: 1
01:30:38 | INFO: Extracting primitive: Cube.649
01:30:38 | INFO: Primitives created: 1
01:30:38 | INFO: Extracting primitive: Cube.646
01:30:38 | INFO: Primitives created: 1
01:30:38 | INFO: Extracting primitive: Cube.650
01:30:38 | INFO: Primitives created: 1
01:30:38 | INFO: Extracting primitive: Cube.647
01:30:38 | INFO: Primitives created: 1
01:30:38 | INFO: Extracting primitive: Cube.651
01:30:38 | INFO: Primitives created: 1
01:30:38 | INFO: Extracting primitive: Cube.648
01:30:38 | INFO: Primitives created: 1
01:30:38 | INFO: Extracting primitive: Cube.652
01:30:38 | INFO: Primitives created: 1
01:30:38 | INFO: Extracting primitive: Cube.219
01:30:38 | INFO: Primitives created: 1
01:30:38 | INFO: Extracting primitive: Cube.214
01:30:38 | INFO: Primitives created: 1
01:30:38 | INFO: Extracting primitive: Cube.215
01:30:38 | INFO: Primitives created: 1
01:30:38 | INFO: Extracting primitive: Cube.213
01:30:38 | INFO: Primitives created: 1
01:30:38 | INFO: Extracting primitive: Cube.216
01:30:38 | INFO: Primitives created: 1
01:30:39 | INFO: Extracting primitive: Cube.217
01:30:39 | INFO: Primitives created: 1
01:30:39 | INFO: Extracting primitive: Cube.218
01:30:39 | INFO: Primitives created: 1
01:30:39 | INFO: Extracting primitive: Cube.683
01:30:39 | INFO: Primitives created: 1
01:30:39 | INFO: Extracting primitive: Cube.659
01:30:39 | INFO: Primitives created: 1
01:30:39 | INFO: Extracting primitive: Cube.665
01:30:39 | INFO: Primitives created: 1
01:30:39 | INFO: Extracting primitive: Cube.666
01:30:39 | INFO: Primitives created: 1
01:30:39 | INFO: Extracting primitive: Cube.664
01:30:39 | INFO: Primitives created: 1
01:30:39 | INFO: Extracting primitive: Cube.668
01:30:39 | INFO: Primitives created: 1
01:30:39 | INFO: Extracting primitive: Cube.667
01:30:39 | INFO: Primitives created: 1
01:30:39 | INFO: Extracting primitive: Cube.670
01:30:39 | INFO: Primitives created: 1
01:30:39 | INFO: Extracting primitive: Cube.669
01:30:39 | INFO: Primitives created: 1
01:30:39 | INFO: Extracting primitive: Cube.672
01:30:39 | INFO: Primitives created: 1
01:30:39 | INFO: Extracting primitive: Cube.671
01:30:39 | INFO: Primitives created: 1
01:30:39 | INFO: Extracting primitive: Cube.674
01:30:39 | INFO: Primitives created: 1
01:30:39 | INFO: Extracting primitive: Cube.673
01:30:39 | INFO: Primitives created: 1
01:30:39 | INFO: Extracting primitive: Cylinder.032
01:30:39 | INFO: Primitives created: 1
01:30:39 | INFO: Extracting primitive: Cube.676
01:30:39 | INFO: Primitives created: 1
01:30:39 | INFO: Extracting primitive: Cube.675
01:30:39 | INFO: Primitives created: 1
01:30:39 | INFO: Extracting primitive: Cube.678
01:30:39 | INFO: Primitives created: 1
01:30:39 | INFO: Extracting primitive: Cube.677
01:30:39 | INFO: Primitives created: 1
01:30:39 | INFO: Extracting primitive: Cube.680
01:30:39 | INFO: Primitives created: 1
01:30:39 | INFO: Extracting primitive: Cube.679
01:30:39 | INFO: Primitives created: 1
01:30:39 | INFO: Extracting primitive: Cube.682
01:30:39 | INFO: Primitives created: 1
01:30:39 | INFO: Extracting primitive: Cube.681
01:30:39 | INFO: Primitives created: 1
01:30:39 | INFO: Extracting primitive: Cylinder.033
01:30:39 | INFO: Primitives created: 1
01:30:39 | INFO: Extracting primitive: Cube.660
01:30:39 | INFO: Primitives created: 1
01:30:39 | INFO: Extracting primitive: Cube.661
01:30:39 | INFO: Primitives created: 1
01:30:39 | INFO: Extracting primitive: Cube.662
01:30:39 | INFO: Primitives created: 1
01:30:39 | INFO: Extracting primitive: Cube.663
01:30:39 | INFO: Primitives created: 1
01:30:39 | INFO: Extracting primitive: Cube.332
01:30:39 | INFO: Primitives created: 1
01:30:39 | INFO: Extracting primitive: Cube.333
01:30:39 | INFO: Primitives created: 1
01:30:39 | INFO: Extracting primitive: Cube.334
01:30:39 | INFO: Primitives created: 1
01:30:39 | INFO: Extracting primitive: Cube.335
01:30:39 | INFO: Primitives created: 1
01:30:39 | INFO: Extracting primitive: Cube.336
01:30:39 | INFO: Primitives created: 1
01:30:39 | INFO: Extracting primitive: Cube.337
01:30:39 | INFO: Primitives created: 1
01:30:39 | INFO: Extracting primitive: Cube.338
01:30:39 | INFO: Primitives created: 1
01:30:39 | INFO: Extracting primitive: Cube.339
01:30:39 | INFO: Primitives created: 1
01:30:39 | INFO: Extracting primitive: Cube.147
01:30:39 | INFO: Primitives created: 1
01:30:39 | INFO: Extracting primitive: Cube.146
01:30:39 | INFO: Primitives created: 1
01:30:39 | INFO: Extracting primitive: Cube.152
01:30:39 | INFO: Primitives created: 1
01:30:39 | INFO: Extracting primitive: Cube.151
01:30:39 | INFO: Primitives created: 1
01:30:39 | INFO: Extracting primitive: Cube.157
01:30:39 | INFO: Primitives created: 1
01:30:39 | INFO: Extracting primitive: Cube.156
01:30:39 | INFO: Primitives created: 1
01:30:39 | INFO: Extracting primitive: Cube.162
01:30:39 | INFO: Primitives created: 1
01:30:39 | INFO: Extracting primitive: Cube.161
01:30:39 | INFO: Primitives created: 1
01:30:39 | INFO: Extracting primitive: Cube.144
01:30:39 | INFO: Primitives created: 1
01:30:39 | INFO: Extracting primitive: Cube.145
01:30:39 | INFO: Primitives created: 1
01:30:39 | INFO: Extracting primitive: Cube.143
01:30:39 | INFO: Primitives created: 1
01:30:39 | INFO: Extracting primitive: Cube.149
01:30:39 | INFO: Primitives created: 1
01:30:39 | INFO: Extracting primitive: Cube.150
01:30:39 | INFO: Primitives created: 1
01:30:39 | INFO: Extracting primitive: Cube.148
01:30:39 | INFO: Primitives created: 1
01:30:39 | INFO: Extracting primitive: Cube.154
01:30:39 | INFO: Primitives created: 1
01:30:39 | INFO: Extracting primitive: Cube.155
01:30:39 | INFO: Primitives created: 1
01:30:39 | INFO: Extracting primitive: Cube.153
01:30:39 | INFO: Primitives created: 1
01:30:39 | INFO: Extracting primitive: Cube.159
01:30:39 | INFO: Primitives created: 1
01:30:39 | INFO: Extracting primitive: Cube.160
01:30:39 | INFO: Primitives created: 1
01:30:39 | INFO: Extracting primitive: Cube.158
01:30:39 | INFO: Primitives created: 1
01:30:39 | INFO: Extracting primitive: Cube.164
01:30:39 | INFO: Primitives created: 1
01:30:39 | INFO: Extracting primitive: Cube.163
01:30:39 | INFO: Primitives created: 1
01:30:39 | INFO: Extracting primitive: Cube.166
01:30:39 | INFO: Primitives created: 1
01:30:39 | INFO: Extracting primitive: Cube.165
01:30:39 | INFO: Primitives created: 1
01:30:39 | INFO: Extracting primitive: Cube.168
01:30:39 | INFO: Primitives created: 1
01:30:39 | INFO: Extracting primitive: Cube.167
01:30:39 | INFO: Primitives created: 1
01:30:39 | INFO: Extracting primitive: Cube.170
01:30:39 | INFO: Primitives created: 1
01:30:39 | INFO: Extracting primitive: Cube.169
01:30:39 | INFO: Primitives created: 1
01:30:39 | INFO: Extracting primitive: Cube.172
01:30:39 | INFO: Primitives created: 1
01:30:39 | INFO: Extracting primitive: Cube.171
01:30:39 | INFO: Primitives created: 1
01:30:39 | INFO: Extracting primitive: Cube.174
01:30:39 | INFO: Primitives created: 1
01:30:39 | INFO: Extracting primitive: Cube.173
01:30:39 | INFO: Primitives created: 1
01:30:39 | INFO: Extracting primitive: Cylinder
01:30:39 | INFO: Primitives created: 1
01:30:39 | INFO: Extracting primitive: Cube.278
01:30:39 | INFO: Primitives created: 1
01:30:39 | INFO: Extracting primitive: Cube.279
01:30:39 | INFO: Primitives created: 1
01:30:39 | INFO: Extracting primitive: Cube.280
01:30:39 | INFO: Primitives created: 1
01:30:39 | INFO: Extracting primitive: Cube.281
01:30:39 | INFO: Primitives created: 1
01:30:39 | INFO: Extracting primitive: Text.010
01:30:39 | INFO: Primitives created: 1
01:30:39 | INFO: Extracting primitive: Text.015
01:30:39 | INFO: Primitives created: 1
01:30:39 | INFO: Extracting primitive: Text.016
01:30:39 | INFO: Primitives created: 1
01:30:39 | INFO: Extracting primitive: Text.012
01:30:39 | INFO: Primitives created: 1
01:30:39 | INFO: Extracting primitive: Text.007
01:30:39 | INFO: Primitives created: 1
01:30:39 | INFO: Extracting primitive: Text.006
01:30:39 | INFO: Primitives created: 1
01:30:39 | INFO: Extracting primitive: Text.024
01:30:39 | INFO: Primitives created: 1
01:30:39 | INFO: Extracting primitive: Text.014
01:30:39 | INFO: Primitives created: 1
01:30:39 | INFO: Extracting primitive: Text.025
01:30:39 | INFO: Primitives created: 1
01:30:39 | INFO: Extracting primitive: Text.026
01:30:39 | INFO: Primitives created: 1
01:30:39 | INFO: Extracting primitive: Text.027
01:30:39 | INFO: Primitives created: 1
01:30:39 | INFO: Extracting primitive: Text.001
01:30:39 | INFO: Primitives created: 1
01:30:39 | INFO: Extracting primitive: Text.020
01:30:39 | INFO: Primitives created: 1
01:30:39 | INFO: Extracting primitive: Text.002
01:30:39 | INFO: Primitives created: 1
01:30:39 | INFO: Extracting primitive: Text.011
01:30:39 | INFO: Primitives created: 1
01:30:39 | INFO: Extracting primitive: Text.019
01:30:39 | INFO: Primitives created: 1
01:30:39 | INFO: Extracting primitive: Text.003
01:30:39 | INFO: Primitives created: 1
01:30:39 | INFO: Extracting primitive: Text
01:30:39 | INFO: Primitives created: 1
01:30:39 | INFO: Extracting primitive: Text.008
01:30:39 | INFO: Primitives created: 1
01:30:39 | INFO: Extracting primitive: Text.013
01:30:39 | INFO: Primitives created: 1
01:30:39 | INFO: Extracting primitive: Text.005
01:30:39 | INFO: Primitives created: 1
01:30:39 | INFO: Extracting primitive: Text.018
01:30:39 | INFO: Primitives created: 1
01:30:39 | INFO: Extracting primitive: Text.023
01:30:39 | INFO: Primitives created: 1
01:30:39 | INFO: Extracting primitive: Text.004
01:30:39 | INFO: Primitives created: 1
01:30:39 | INFO: Extracting primitive: Text.021
01:30:39 | INFO: Primitives created: 1
01:30:39 | INFO: Extracting primitive: Text.009
01:30:39 | INFO: Primitives created: 1
01:30:39 | INFO: Extracting primitive: Text.022
01:30:39 | INFO: Primitives created: 1
01:30:39 | INFO: Extracting primitive: Text.017
01:30:39 | INFO: Primitives created: 1
01:30:39 | INFO: Extracting primitive: Cube.600
01:30:39 | INFO: Primitives created: 1
01:30:39 | INFO: Extracting primitive: Cube.601
01:30:39 | INFO: Primitives created: 1
01:30:39 | INFO: Extracting primitive: Cube.602
01:30:39 | INFO: Primitives created: 1
01:30:39 | INFO: Extracting primitive: Cylinder.028
01:30:39 | INFO: Primitives created: 1
01:30:39 | INFO: Extracting primitive: Cube.605
01:30:39 | INFO: Primitives created: 1
01:30:39 | INFO: Extracting primitive: Cube.606
01:30:39 | INFO: Primitives created: 1
01:30:39 | INFO: Extracting primitive: Cube.603
01:30:39 | INFO: Primitives created: 1
01:30:39 | INFO: Extracting primitive: Cube.604
01:30:39 | INFO: Primitives created: 1
01:30:39 | INFO: Extracting primitive: Cube.129
01:30:39 | INFO: Primitives created: 1
01:30:39 | INFO: Extracting primitive: Cube.653
01:30:39 | INFO: Primitives created: 1
01:30:39 | INFO: Extracting primitive: Cube.654
01:30:39 | INFO: Primitives created: 1
01:30:39 | INFO: Extracting primitive: Cube.655
01:30:39 | INFO: Primitives created: 1
01:30:39 | INFO: Extracting primitive: Cube.656
01:30:39 | INFO: Primitives created: 1
01:30:39 | INFO: Extracting primitive: Cylinder.031
01:30:39 | INFO: Primitives created: 1
01:30:39 | INFO: Extracting primitive: Cube.657
01:30:39 | INFO: Primitives created: 1
01:30:39 | INFO: Extracting primitive: Cube.658
01:30:39 | INFO: Primitives created: 1
01:30:39 | INFO: Extracting primitive: Cube.607
01:30:39 | INFO: Primitives created: 1
01:30:39 | INFO: Extracting primitive: Cube.257
01:30:39 | INFO: Primitives created: 1
01:30:39 | INFO: Extracting primitive: Cube.372
01:30:39 | INFO: Primitives created: 1
01:30:39 | INFO: Extracting primitive: Cube.377
01:30:39 | INFO: Primitives created: 1
01:30:39 | INFO: Extracting primitive: Cube.382
01:30:39 | INFO: Primitives created: 1
01:30:39 | INFO: Extracting primitive: Cube.387
01:30:39 | INFO: Primitives created: 1
01:30:39 | INFO: Extracting primitive: Cube.376
01:30:39 | INFO: Primitives created: 1
01:30:39 | INFO: Extracting primitive: Cube.375
01:30:39 | INFO: Primitives created: 1
01:30:39 | INFO: Extracting primitive: Cube.381
01:30:39 | INFO: Primitives created: 1
01:30:39 | INFO: Extracting primitive: Cube.380
01:30:39 | INFO: Primitives created: 1
01:30:39 | INFO: Extracting primitive: Cube.386
01:30:39 | INFO: Primitives created: 1
01:30:39 | INFO: Extracting primitive: Cube.385
01:30:39 | INFO: Primitives created: 1
01:30:39 | INFO: Extracting primitive: Cube.391
01:30:39 | INFO: Primitives created: 1
01:30:39 | INFO: Extracting primitive: Cube.390
01:30:39 | INFO: Primitives created: 1
01:30:39 | INFO: Extracting primitive: Cube.374
01:30:39 | INFO: Primitives created: 1
01:30:39 | INFO: Extracting primitive: Cube.373
01:30:39 | INFO: Primitives created: 1
01:30:39 | INFO: Extracting primitive: Cube.379
01:30:39 | INFO: Primitives created: 1
01:30:39 | INFO: Extracting primitive: Cube.378
01:30:39 | INFO: Primitives created: 1
01:30:39 | INFO: Extracting primitive: Cube.384
01:30:39 | INFO: Primitives created: 1
01:30:39 | INFO: Extracting primitive: Cube.383
01:30:39 | INFO: Primitives created: 1
01:30:39 | INFO: Extracting primitive: Cube.389
01:30:39 | INFO: Primitives created: 1
01:30:39 | INFO: Extracting primitive: Cube.388
01:30:39 | INFO: Primitives created: 1
01:30:39 | INFO: Extracting primitive: Cube.412
01:30:39 | INFO: Primitives created: 1
01:30:39 | INFO: Extracting primitive: Cube.417
01:30:39 | INFO: Primitives created: 1
01:30:39 | INFO: Extracting primitive: Cube.422
01:30:39 | INFO: Primitives created: 1
01:30:39 | INFO: Extracting primitive: Cube.427
01:30:39 | INFO: Primitives created: 1
01:30:39 | INFO: Extracting primitive: Cube.416
01:30:39 | INFO: Primitives created: 1
01:30:39 | INFO: Extracting primitive: Cube.415
01:30:39 | INFO: Primitives created: 1
01:30:39 | INFO: Extracting primitive: Cube.421
01:30:39 | INFO: Primitives created: 1
01:30:39 | INFO: Extracting primitive: Cube.420
01:30:39 | INFO: Primitives created: 1
01:30:39 | INFO: Extracting primitive: Cube.426
01:30:39 | INFO: Primitives created: 1
01:30:39 | INFO: Extracting primitive: Cube.425
01:30:39 | INFO: Primitives created: 1
01:30:39 | INFO: Extracting primitive: Cube.431
01:30:39 | INFO: Primitives created: 1
01:30:39 | INFO: Extracting primitive: Cube.430
01:30:39 | INFO: Primitives created: 1
01:30:39 | INFO: Extracting primitive: Cube.414
01:30:39 | INFO: Primitives created: 1
01:30:39 | INFO: Extracting primitive: Cube.413
01:30:39 | INFO: Primitives created: 1
01:30:39 | INFO: Extracting primitive: Cube.419
01:30:39 | INFO: Primitives created: 1
01:30:39 | INFO: Extracting primitive: Cube.418
01:30:39 | INFO: Primitives created: 1
01:30:39 | INFO: Extracting primitive: Cube.424
01:30:39 | INFO: Primitives created: 1
01:30:39 | INFO: Extracting primitive: Cube.423
01:30:39 | INFO: Primitives created: 1
01:30:39 | INFO: Extracting primitive: Cube.429
01:30:39 | INFO: Primitives created: 1
01:30:39 | INFO: Extracting primitive: Cube.428
01:30:39 | INFO: Primitives created: 1
01:30:39 | INFO: Extracting primitive: Cube.452
01:30:39 | INFO: Primitives created: 1
01:30:39 | INFO: Extracting primitive: Cube.457
01:30:39 | INFO: Primitives created: 1
01:30:39 | INFO: Extracting primitive: Cube.462
01:30:39 | INFO: Primitives created: 1
01:30:39 | INFO: Extracting primitive: Cube.467
01:30:39 | INFO: Primitives created: 1
01:30:39 | INFO: Extracting primitive: Cube.456
01:30:39 | INFO: Primitives created: 1
01:30:39 | INFO: Extracting primitive: Cube.455
01:30:39 | INFO: Primitives created: 1
01:30:39 | INFO: Extracting primitive: Cube.461
01:30:39 | INFO: Primitives created: 1
01:30:39 | INFO: Extracting primitive: Cube.460
01:30:39 | INFO: Primitives created: 1
01:30:39 | INFO: Extracting primitive: Cube.466
01:30:39 | INFO: Primitives created: 1
01:30:39 | INFO: Extracting primitive: Cube.465
01:30:39 | INFO: Primitives created: 1
01:30:39 | INFO: Extracting primitive: Cube.471
01:30:39 | INFO: Primitives created: 1
01:30:39 | INFO: Extracting primitive: Cube.470
01:30:39 | INFO: Primitives created: 1
01:30:39 | INFO: Extracting primitive: Cube.454
01:30:39 | INFO: Primitives created: 1
01:30:39 | INFO: Extracting primitive: Cube.453
01:30:39 | INFO: Primitives created: 1
01:30:39 | INFO: Extracting primitive: Cube.459
01:30:39 | INFO: Primitives created: 1
01:30:39 | INFO: Extracting primitive: Cube.458
01:30:39 | INFO: Primitives created: 1
01:30:39 | INFO: Extracting primitive: Cube.464
01:30:39 | INFO: Primitives created: 1
01:30:39 | INFO: Extracting primitive: Cube.463
01:30:39 | INFO: Primitives created: 1
01:30:39 | INFO: Extracting primitive: Cube.469
01:30:39 | INFO: Primitives created: 1
01:30:39 | INFO: Extracting primitive: Cube.468
01:30:39 | INFO: Primitives created: 1
01:30:39 | INFO: Extracting primitive: Cube.492
01:30:39 | INFO: Primitives created: 1
01:30:39 | INFO: Extracting primitive: Cube.497
01:30:39 | INFO: Primitives created: 1
01:30:39 | INFO: Extracting primitive: Cube.502
01:30:39 | INFO: Primitives created: 1
01:30:39 | INFO: Extracting primitive: Cube.507
01:30:39 | INFO: Primitives created: 1
01:30:39 | INFO: Extracting primitive: Cube.496
01:30:39 | INFO: Primitives created: 1
01:30:39 | INFO: Extracting primitive: Cube.495
01:30:39 | INFO: Primitives created: 1
01:30:39 | INFO: Extracting primitive: Cube.501
01:30:39 | INFO: Primitives created: 1
01:30:39 | INFO: Extracting primitive: Cube.500
01:30:39 | INFO: Primitives created: 1
01:30:39 | INFO: Extracting primitive: Cube.506
01:30:39 | INFO: Primitives created: 1
01:30:39 | INFO: Extracting primitive: Cube.505
01:30:39 | INFO: Primitives created: 1
01:30:39 | INFO: Extracting primitive: Cube.511
01:30:39 | INFO: Primitives created: 1
01:30:39 | INFO: Extracting primitive: Cube.510
01:30:39 | INFO: Primitives created: 1
01:30:39 | INFO: Extracting primitive: Cube.494
01:30:39 | INFO: Primitives created: 1
01:30:39 | INFO: Extracting primitive: Cube.493
01:30:39 | INFO: Primitives created: 1
01:30:39 | INFO: Extracting primitive: Cube.499
01:30:39 | INFO: Primitives created: 1
01:30:39 | INFO: Extracting primitive: Cube.498
01:30:39 | INFO: Primitives created: 1
01:30:39 | INFO: Extracting primitive: Cube.504
01:30:39 | INFO: Primitives created: 1
01:30:39 | INFO: Extracting primitive: Cube.503
01:30:39 | INFO: Primitives created: 1
01:30:39 | INFO: Extracting primitive: Cube.509
01:30:39 | INFO: Primitives created: 1
01:30:39 | INFO: Extracting primitive: Cube.508
01:30:39 | INFO: Primitives created: 1
01:30:39 | INFO: Extracting primitive: Cube.392
01:30:39 | INFO: Primitives created: 1
01:30:39 | INFO: Extracting primitive: Cube.397
01:30:39 | INFO: Primitives created: 1
01:30:39 | INFO: Extracting primitive: Cube.402
01:30:39 | INFO: Primitives created: 1
01:30:39 | INFO: Extracting primitive: Cube.407
01:30:39 | INFO: Primitives created: 1
01:30:39 | INFO: Extracting primitive: Cube.396
01:30:39 | INFO: Primitives created: 1
01:30:39 | INFO: Extracting primitive: Cube.395
01:30:39 | INFO: Primitives created: 1
01:30:39 | INFO: Extracting primitive: Cube.401
01:30:39 | INFO: Primitives created: 1
01:30:39 | INFO: Extracting primitive: Cube.400
01:30:39 | INFO: Primitives created: 1
01:30:39 | INFO: Extracting primitive: Cube.406
01:30:39 | INFO: Primitives created: 1
01:30:39 | INFO: Extracting primitive: Cube.405
01:30:39 | INFO: Primitives created: 1
01:30:39 | INFO: Extracting primitive: Cube.411
01:30:39 | INFO: Primitives created: 1
01:30:39 | INFO: Extracting primitive: Cube.410
01:30:39 | INFO: Primitives created: 1
01:30:39 | INFO: Extracting primitive: Cube.394
01:30:39 | INFO: Primitives created: 1
01:30:39 | INFO: Extracting primitive: Cube.393
01:30:39 | INFO: Primitives created: 1
01:30:39 | INFO: Extracting primitive: Cube.399
01:30:39 | INFO: Primitives created: 1
01:30:39 | INFO: Extracting primitive: Cube.398
01:30:39 | INFO: Primitives created: 1
01:30:39 | INFO: Extracting primitive: Cube.404
01:30:39 | INFO: Primitives created: 1
01:30:39 | INFO: Extracting primitive: Cube.403
01:30:39 | INFO: Primitives created: 1
01:30:39 | INFO: Extracting primitive: Cube.409
01:30:39 | INFO: Primitives created: 1
01:30:39 | INFO: Extracting primitive: Cube.408
01:30:39 | INFO: Primitives created: 1
01:30:39 | INFO: Extracting primitive: Cube.432
01:30:39 | INFO: Primitives created: 1
01:30:39 | INFO: Extracting primitive: Cube.437
01:30:39 | INFO: Primitives created: 1
01:30:39 | INFO: Extracting primitive: Cube.442
01:30:39 | INFO: Primitives created: 1
01:30:39 | INFO: Extracting primitive: Cube.447
01:30:39 | INFO: Primitives created: 1
01:30:39 | INFO: Extracting primitive: Cube.436
01:30:39 | INFO: Primitives created: 1
01:30:39 | INFO: Extracting primitive: Cube.435
01:30:39 | INFO: Primitives created: 1
01:30:39 | INFO: Extracting primitive: Cube.441
01:30:39 | INFO: Primitives created: 1
01:30:39 | INFO: Extracting primitive: Cube.440
01:30:39 | INFO: Primitives created: 1
01:30:39 | INFO: Extracting primitive: Cube.446
01:30:39 | INFO: Primitives created: 1
01:30:39 | INFO: Extracting primitive: Cube.445
01:30:39 | INFO: Primitives created: 1
01:30:39 | INFO: Extracting primitive: Cube.451
01:30:39 | INFO: Primitives created: 1
01:30:39 | INFO: Extracting primitive: Cube.450
01:30:39 | INFO: Primitives created: 1
01:30:39 | INFO: Extracting primitive: Cube.434
01:30:39 | INFO: Primitives created: 1
01:30:39 | INFO: Extracting primitive: Cube.433
01:30:39 | INFO: Primitives created: 1
01:30:39 | INFO: Extracting primitive: Cube.439
01:30:39 | INFO: Primitives created: 1
01:30:39 | INFO: Extracting primitive: Cube.438
01:30:39 | INFO: Primitives created: 1
01:30:39 | INFO: Extracting primitive: Cube.444
01:30:39 | INFO: Primitives created: 1
01:30:39 | INFO: Extracting primitive: Cube.443
01:30:39 | INFO: Primitives created: 1
01:30:39 | INFO: Extracting primitive: Cube.449
01:30:39 | INFO: Primitives created: 1
01:30:39 | INFO: Extracting primitive: Cube.448
01:30:39 | INFO: Primitives created: 1
01:30:39 | INFO: Extracting primitive: Cube.472
01:30:39 | INFO: Primitives created: 1
01:30:39 | INFO: Extracting primitive: Cube.477
01:30:39 | INFO: Primitives created: 1
01:30:39 | INFO: Extracting primitive: Cube.482
01:30:39 | INFO: Primitives created: 1
01:30:39 | INFO: Extracting primitive: Cube.487
01:30:39 | INFO: Primitives created: 1
01:30:39 | INFO: Extracting primitive: Cube.476
01:30:39 | INFO: Primitives created: 1
01:30:39 | INFO: Extracting primitive: Cube.475
01:30:39 | INFO: Primitives created: 1
01:30:39 | INFO: Extracting primitive: Cube.481
01:30:39 | INFO: Primitives created: 1
01:30:39 | INFO: Extracting primitive: Cube.480
01:30:39 | INFO: Primitives created: 1
01:30:39 | INFO: Extracting primitive: Cube.486
01:30:39 | INFO: Primitives created: 1
01:30:39 | INFO: Extracting primitive: Cube.485
01:30:39 | INFO: Primitives created: 1
01:30:39 | INFO: Extracting primitive: Cube.491
01:30:39 | INFO: Primitives created: 1
01:30:39 | INFO: Extracting primitive: Cube.490
01:30:39 | INFO: Primitives created: 1
01:30:39 | INFO: Extracting primitive: Cube.474
01:30:39 | INFO: Primitives created: 1
01:30:39 | INFO: Extracting primitive: Cube.473
01:30:39 | INFO: Primitives created: 1
01:30:39 | INFO: Extracting primitive: Cube.479
01:30:39 | INFO: Primitives created: 1
01:30:39 | INFO: Extracting primitive: Cube.478
01:30:39 | INFO: Primitives created: 1
01:30:39 | INFO: Extracting primitive: Cube.484
01:30:39 | INFO: Primitives created: 1
01:30:39 | INFO: Extracting primitive: Cube.483
01:30:39 | INFO: Primitives created: 1
01:30:39 | INFO: Extracting primitive: Cube.489
01:30:39 | INFO: Primitives created: 1
01:30:39 | INFO: Extracting primitive: Cube.488
01:30:39 | INFO: Primitives created: 1
01:30:39 | INFO: Extracting primitive: Cube.512
01:30:39 | INFO: Primitives created: 1
01:30:39 | INFO: Extracting primitive: Cube.517
01:30:39 | INFO: Primitives created: 1
01:30:39 | INFO: Extracting primitive: Cube.522
01:30:39 | INFO: Primitives created: 1
01:30:39 | INFO: Extracting primitive: Cube.527
01:30:39 | INFO: Primitives created: 1
01:30:39 | INFO: Extracting primitive: Cube.516
01:30:39 | INFO: Primitives created: 1
01:30:39 | INFO: Extracting primitive: Cube.515
01:30:39 | INFO: Primitives created: 1
01:30:39 | INFO: Extracting primitive: Cube.521
01:30:39 | INFO: Primitives created: 1
01:30:39 | INFO: Extracting primitive: Cube.520
01:30:39 | INFO: Primitives created: 1
01:30:39 | INFO: Extracting primitive: Cube.526
01:30:39 | INFO: Primitives created: 1
01:30:39 | INFO: Extracting primitive: Cube.525
01:30:39 | INFO: Primitives created: 1
01:30:39 | INFO: Extracting primitive: Cube.531
01:30:39 | INFO: Primitives created: 1
01:30:39 | INFO: Extracting primitive: Cube.530
01:30:39 | INFO: Primitives created: 1
01:30:39 | INFO: Extracting primitive: Cube.514
01:30:39 | INFO: Primitives created: 1
01:30:39 | INFO: Extracting primitive: Cube.513
01:30:39 | INFO: Primitives created: 1
01:30:39 | INFO: Extracting primitive: Cube.519
01:30:39 | INFO: Primitives created: 1
01:30:39 | INFO: Extracting primitive: Cube.518
01:30:39 | INFO: Primitives created: 1
01:30:39 | INFO: Extracting primitive: Cube.524
01:30:39 | INFO: Primitives created: 1
01:30:39 | INFO: Extracting primitive: Cube.523
01:30:39 | INFO: Primitives created: 1
01:30:39 | INFO: Extracting primitive: Cube.529
01:30:39 | INFO: Primitives created: 1
01:30:39 | INFO: Extracting primitive: Cube.528
01:30:39 | INFO: Primitives created: 1
01:30:39 | INFO: Extracting primitive: Cube.540
01:30:39 | INFO: Primitives created: 1
01:30:39 | INFO: Extracting primitive: Cube.532
01:30:39 | INFO: Primitives created: 1
01:30:39 | INFO: Extracting primitive: Cube.533
01:30:39 | INFO: Primitives created: 1
01:30:39 | INFO: Extracting primitive: Cube.534
01:30:39 | INFO: Primitives created: 1
01:30:39 | INFO: Extracting primitive: Cube.535
01:30:39 | INFO: Primitives created: 1
01:30:39 | INFO: Extracting primitive: Cube.536
01:30:39 | INFO: Primitives created: 1
01:30:39 | INFO: Extracting primitive: Cube.537
01:30:39 | INFO: Primitives created: 1
01:30:39 | INFO: Extracting primitive: Cube.538
01:30:39 | INFO: Primitives created: 1
01:30:39 | INFO: Extracting primitive: Cube.539
01:30:39 | INFO: Primitives created: 1
01:30:39 | INFO: Extracting primitive: Cube.371
01:30:39 | INFO: Primitives created: 1
01:30:39 | INFO: Extracting primitive: Cube.593
01:30:39 | INFO: Primitives created: 1
01:30:39 | INFO: Extracting primitive: Cube.594
01:30:39 | INFO: Primitives created: 1
01:30:39 | INFO: Extracting primitive: Cube.595
01:30:39 | INFO: Primitives created: 1
01:30:39 | INFO: Extracting primitive: Cylinder.027
01:30:39 | INFO: Primitives created: 1
01:30:39 | INFO: Extracting primitive: Cube.598
01:30:39 | INFO: Primitives created: 1
01:30:39 | INFO: Extracting primitive: Cube.599
01:30:39 | INFO: Primitives created: 1
01:30:39 | INFO: Extracting primitive: Cube.596
01:30:39 | INFO: Primitives created: 1
01:30:39 | INFO: Extracting primitive: Cube.597
01:30:39 | INFO: Primitives created: 1
01:30:39 | INFO: Extracting primitive: Cube.614
01:30:39 | INFO: Primitives created: 1
01:30:39 | INFO: Extracting primitive: Cube.615
01:30:39 | INFO: Primitives created: 1
01:30:39 | INFO: Extracting primitive: Cube.616
01:30:39 | INFO: Primitives created: 1
01:30:39 | INFO: Extracting primitive: Cube.617
01:30:39 | INFO: Primitives created: 1
01:30:39 | INFO: Extracting primitive: Cube.618
01:30:39 | INFO: Primitives created: 1
01:30:39 | INFO: Extracting primitive: Cube.619
01:30:39 | INFO: Primitives created: 1
01:30:39 | INFO: Extracting primitive: Cube.177
01:30:39 | INFO: Primitives created: 1
01:30:39 | INFO: Extracting primitive: Cube.178
01:30:39 | INFO: Primitives created: 1
01:30:39 | INFO: Extracting primitive: Cube.176
01:30:39 | INFO: Primitives created: 1
01:30:39 | INFO: Extracting primitive: Cube.181
01:30:39 | INFO: Primitives created: 1
01:30:39 | INFO: Extracting primitive: Cube.182
01:30:39 | INFO: Primitives created: 1
01:30:39 | INFO: Extracting primitive: Cube.180
01:30:39 | INFO: Primitives created: 1
01:30:39 | INFO: Extracting primitive: Cube.185
01:30:39 | INFO: Primitives created: 1
01:30:39 | INFO: Extracting primitive: Cube.186
01:30:39 | INFO: Primitives created: 1
01:30:39 | INFO: Extracting primitive: Cube.184
01:30:39 | INFO: Primitives created: 1
01:30:39 | INFO: Extracting primitive: Cube.189
01:30:39 | INFO: Primitives created: 1
01:30:39 | INFO: Extracting primitive: Cube.190
01:30:39 | INFO: Primitives created: 1
01:30:39 | INFO: Extracting primitive: Cube.188
01:30:39 | INFO: Primitives created: 1
01:30:39 | INFO: Extracting primitive: Cube.193
01:30:39 | INFO: Primitives created: 1
01:30:39 | INFO: Extracting primitive: Cube.194
01:30:39 | INFO: Primitives created: 1
01:30:39 | INFO: Extracting primitive: Cube.192
01:30:39 | INFO: Primitives created: 1
01:30:39 | INFO: Extracting primitive: Cylinder.001
01:30:39 | INFO: Primitives created: 1
01:30:39 | INFO: Extracting primitive: Cube.196
01:30:39 | INFO: Primitives created: 1
01:30:39 | INFO: Extracting primitive: Cube.197
01:30:39 | INFO: Primitives created: 1
01:30:39 | INFO: Extracting primitive: Cube.179
01:30:39 | INFO: Primitives created: 1
01:30:39 | INFO: Extracting primitive: Cube.183
01:30:39 | INFO: Primitives created: 1
01:30:39 | INFO: Extracting primitive: Cube.187
01:30:39 | INFO: Primitives created: 1
01:30:39 | INFO: Extracting primitive: Cube.191
01:30:39 | INFO: Primitives created: 1
01:30:39 | INFO: Extracting primitive: Cube.195
01:30:39 | INFO: Primitives created: 1
01:30:39 | INFO: Extracting primitive: Cube.136
01:30:39 | INFO: Primitives created: 1
01:30:39 | INFO: Extracting primitive: Cube.135
01:30:39 | INFO: Primitives created: 1
01:30:39 | INFO: Extracting primitive: Cube.138
01:30:39 | INFO: Primitives created: 1
01:30:39 | INFO: Extracting primitive: Cube.137
01:30:39 | INFO: Primitives created: 1
01:30:39 | INFO: Extracting primitive: Cube.140
01:30:39 | INFO: Primitives created: 1
01:30:39 | INFO: Extracting primitive: Cube.139
01:30:39 | INFO: Primitives created: 1
01:30:39 | INFO: Extracting primitive: Cube.142
01:30:39 | INFO: Primitives created: 1
01:30:39 | INFO: Extracting primitive: Cube.141
01:30:39 | INFO: Primitives created: 1
01:30:39 | INFO: Extracting primitive: Cube.274
01:30:39 | INFO: Primitives created: 1
01:30:39 | INFO: Extracting primitive: Cube.275
01:30:39 | INFO: Primitives created: 1
01:30:39 | INFO: Extracting primitive: Cube.276
01:30:39 | INFO: Primitives created: 1
01:30:39 | INFO: Extracting primitive: Cube.553
01:30:39 | INFO: Primitives created: 1
01:30:39 | INFO: Extracting primitive: Cube.554
01:30:39 | INFO: Primitives created: 1
01:30:39 | INFO: Extracting primitive: Cube.555
01:30:39 | INFO: Primitives created: 1
01:30:39 | INFO: Extracting primitive: Cube.556
01:30:39 | INFO: Primitives created: 1
01:30:39 | INFO: Extracting primitive: Cube.557
01:30:39 | INFO: Primitives created: 1
01:30:39 | INFO: Extracting primitive: Cube.558
01:30:39 | INFO: Primitives created: 1
01:30:39 | INFO: Extracting primitive: Cube.559
01:30:39 | INFO: Primitives created: 1
01:30:39 | INFO: Extracting primitive: Cube.560
01:30:39 | INFO: Primitives created: 1
01:30:39 | INFO: Extracting primitive: Cube.198
01:30:39 | INFO: Primitives created: 1
01:30:39 | INFO: Extracting primitive: Cube.212
01:30:39 | INFO: Primitives created: 1
01:30:39 | INFO: Extracting primitive: Cube.587
01:30:39 | INFO: Primitives created: 1
01:30:39 | INFO: Extracting primitive: Cube.588
01:30:39 | INFO: Primitives created: 1
01:30:39 | INFO: Extracting primitive: Cube.586
01:30:39 | INFO: Primitives created: 1
01:30:39 | INFO: Extracting primitive: Cylinder.026
01:30:39 | INFO: Primitives created: 1
01:30:39 | INFO: Extracting primitive: Cube.591
01:30:39 | INFO: Primitives created: 1
01:30:39 | INFO: Extracting primitive: Cube.592
01:30:39 | INFO: Primitives created: 1
01:30:39 | INFO: Extracting primitive: Cube.589
01:30:39 | INFO: Primitives created: 1
01:30:39 | INFO: Extracting primitive: Cube.590
01:30:39 | INFO: Primitives created: 1
01:30:39 | INFO: Extracting primitive: Cube.348
01:30:39 | INFO: Primitives created: 1
01:30:39 | INFO: Extracting primitive: Cube.620
01:30:39 | INFO: Primitives created: 1
01:30:39 | INFO: Extracting primitive: Cube.625
01:30:39 | INFO: Primitives created: 1
01:30:39 | INFO: Extracting primitive: Cube.626
01:30:39 | INFO: Primitives created: 1
01:30:39 | INFO: Extracting primitive: Cube.627
01:30:39 | INFO: Primitives created: 1
01:30:39 | INFO: Extracting primitive: Cube.629
01:30:39 | INFO: Primitives created: 1
01:30:39 | INFO: Extracting primitive: Cube.630
01:30:39 | INFO: Primitives created: 1
01:30:39 | INFO: Extracting primitive: Cube.628
01:30:39 | INFO: Primitives created: 1
01:30:39 | INFO: Extracting primitive: Cube.632
01:30:39 | INFO: Primitives created: 1
01:30:39 | INFO: Extracting primitive: Cube.633
01:30:39 | INFO: Primitives created: 1
01:30:39 | INFO: Extracting primitive: Cube.631
01:30:39 | INFO: Primitives created: 1
01:30:39 | INFO: Extracting primitive: Cube.635
01:30:39 | INFO: Primitives created: 1
01:30:39 | INFO: Extracting primitive: Cube.636
01:30:39 | INFO: Primitives created: 1
01:30:39 | INFO: Extracting primitive: Cube.634
01:30:39 | INFO: Primitives created: 1
01:30:39 | INFO: Extracting primitive: Cube.200
01:30:39 | INFO: Primitives created: 1
01:30:39 | INFO: Extracting primitive: Cube.201
01:30:39 | INFO: Primitives created: 1
01:30:39 | INFO: Extracting primitive: Cube.199
01:30:39 | INFO: Primitives created: 1
01:30:39 | INFO: Extracting primitive: Cube.208
01:30:39 | INFO: Primitives created: 1
01:30:39 | INFO: Extracting primitive: Cube.209
01:30:39 | INFO: Primitives created: 1
01:30:39 | INFO: Extracting primitive: Cube.210
01:30:39 | INFO: Primitives created: 1
01:30:39 | INFO: Extracting primitive: Cube.211
01:30:39 | INFO: Primitives created: 1
01:30:39 | INFO: Extracting primitive: Cube.203
01:30:39 | INFO: Primitives created: 1
01:30:39 | INFO: Extracting primitive: Cube.202
01:30:39 | INFO: Primitives created: 1
01:30:39 | INFO: Extracting primitive: Cube.205
01:30:39 | INFO: Primitives created: 1
01:30:39 | INFO: Extracting primitive: Cube.204
01:30:39 | INFO: Primitives created: 1
01:30:39 | INFO: Extracting primitive: Cube.207
01:30:39 | INFO: Primitives created: 1
01:30:39 | INFO: Extracting primitive: Cube.206
01:30:39 | INFO: Primitives created: 1
01:30:39 | INFO: Extracting primitive: Cube.608
01:30:39 | INFO: Primitives created: 1
01:30:39 | INFO: Extracting primitive: Cube.609
01:30:39 | INFO: Primitives created: 1
01:30:39 | INFO: Extracting primitive: Cylinder.029
01:30:39 | INFO: Primitives created: 1
01:30:39 | INFO: Extracting primitive: Cube.612
01:30:39 | INFO: Primitives created: 1
01:30:39 | INFO: Extracting primitive: Cube.613
01:30:39 | INFO: Primitives created: 1
01:30:39 | INFO: Extracting primitive: Cube.610
01:30:39 | INFO: Primitives created: 1
01:30:39 | INFO: Extracting primitive: Cube.611
01:30:39 | INFO: Primitives created: 1
01:30:39 | INFO: Extracting primitive: Cube.100
01:30:39 | INFO: Primitives created: 1
01:30:39 | INFO: Extracting primitive: Cube.091
01:30:39 | INFO: Primitives created: 1
01:30:39 | INFO: Extracting primitive: Cube.092
01:30:39 | INFO: Primitives created: 1
01:30:39 | INFO: Extracting primitive: Cube.093
01:30:39 | INFO: Primitives created: 1
01:30:39 | INFO: Extracting primitive: Cube.094
01:30:39 | INFO: Primitives created: 1
01:30:39 | INFO: Extracting primitive: Cube.095
01:30:39 | INFO: Primitives created: 1
01:30:39 | INFO: Extracting primitive: Cube.096
01:30:39 | INFO: Primitives created: 1
01:30:39 | INFO: Extracting primitive: Cube.097
01:30:39 | INFO: Primitives created: 1
01:30:39 | INFO: Extracting primitive: Cube.098
01:30:39 | INFO: Primitives created: 1
01:30:39 | INFO: Extracting primitive: Cube.099
01:30:39 | INFO: Primitives created: 1
01:30:39 | INFO: Extracting primitive: Cube.331
01:30:39 | INFO: Primitives created: 1
01:30:39 | INFO: Extracting primitive: Cube.344
01:30:39 | INFO: Primitives created: 1
01:30:39 | INFO: Extracting primitive: Cube.345
01:30:39 | INFO: Primitives created: 1
01:30:39 | INFO: Extracting primitive: Cube.346
01:30:39 | INFO: Primitives created: 1
01:30:39 | INFO: Extracting primitive: Cube.347
01:30:39 | INFO: Primitives created: 1
01:30:39 | INFO: Extracting primitive: Cube.579
01:30:39 | INFO: Primitives created: 1
01:30:39 | INFO: Extracting primitive: Cube.580
01:30:39 | INFO: Primitives created: 1
01:30:39 | INFO: Extracting primitive: Cube.581
01:30:39 | INFO: Primitives created: 1
01:30:39 | INFO: Extracting primitive: Cylinder.025
01:30:39 | INFO: Primitives created: 1
01:30:39 | INFO: Extracting primitive: Cube.584
01:30:39 | INFO: Primitives created: 1
01:30:39 | INFO: Extracting primitive: Cube.585
01:30:39 | INFO: Primitives created: 1
01:30:39 | INFO: Extracting primitive: Cube.582
01:30:39 | INFO: Primitives created: 1
01:30:39 | INFO: Extracting primitive: Cube.583
01:30:39 | INFO: Primitives created: 1
01:30:39 | INFO: Extracting primitive: Cube.340
01:30:39 | INFO: Primitives created: 1
01:30:39 | INFO: Extracting primitive: Cube.341
01:30:39 | INFO: Primitives created: 1
01:30:39 | INFO: Extracting primitive: Cube.342
01:30:39 | INFO: Primitives created: 1
01:30:39 | INFO: Extracting primitive: Cube.343
01:30:39 | INFO: Primitives created: 1
01:30:39 | INFO: Extracting primitive: RM_BLOW_BOTTLE_OUTFEED_BED_MESH.001
01:30:39 | INFO: Primitives created: 1
01:30:39 | INFO: Extracting primitive: RM_BLOW_BOTTLE_OUTFEED_GUARD_A_MESH.001
01:30:39 | INFO: Primitives created: 1
01:30:39 | INFO: Extracting primitive: RM_BLOW_BOTTLE_OUTFEED_GUARD_B_MESH.001
01:30:39 | INFO: Primitives created: 1
01:30:39 | INFO: Extracting primitive: RM_BLOW_BOTTLE_OUTFEED_ROLLER_0_MESH.001
01:30:39 | INFO: Primitives created: 1
01:30:39 | INFO: Extracting primitive: RM_BLOW_BOTTLE_OUTFEED_ROLLER_1_MESH.001
01:30:39 | INFO: Primitives created: 1
01:30:39 | INFO: Extracting primitive: RM_BLOW_BOTTLE_OUTFEED_ROLLER_2_MESH.001
01:30:39 | INFO: Primitives created: 1
01:30:39 | INFO: Extracting primitive: RM_BLOW_BOTTLE_OUTFEED_ROLLER_3_MESH.001
01:30:39 | INFO: Primitives created: 1
01:30:39 | INFO: Extracting primitive: RM_BLOW_BOTTLE_OUTFEED_ROLLER_4_MESH.001
01:30:39 | INFO: Primitives created: 1
01:30:39 | INFO: Extracting primitive: RM_BLOW_HEATER_COLUMN_MESH.001
01:30:39 | INFO: Primitives created: 1
01:30:39 | INFO: Extracting primitive: RM_BLOW_HOPPER_FEED_MESH.001
01:30:39 | INFO: Primitives created: 1
01:30:39 | INFO: Extracting primitive: RM_BLOW_MOULDING_MOLD_STATION_MESH.001
01:30:39 | INFO: Primitives created: 1
01:30:39 | INFO: Extracting primitive: RM_BLOW_MOULDING_PRESS_CONTROL_MESH.001
01:30:39 | INFO: Primitives created: 1
01:30:39 | INFO: Extracting primitive: RM_BLOW_MOULDING_PRESS_FRAME_MESH.001
01:30:39 | INFO: Primitives created: 1
01:30:39 | INFO: Extracting primitive: RM_BLOW_PREFORM_0_MESH.001
01:30:39 | INFO: Primitives created: 1
01:30:39 | INFO: Extracting primitive: RM_BLOW_PREFORM_1_MESH.001
01:30:39 | INFO: Primitives created: 1
01:30:39 | INFO: Extracting primitive: RM_BLOW_PREFORM_2_MESH.001
01:30:39 | INFO: Primitives created: 1
01:30:39 | INFO: Extracting primitive: RM_BLOW_PREFORM_3_MESH.001
01:30:39 | INFO: Primitives created: 1
01:30:39 | INFO: Extracting primitive: RM_BLOW_PREFORM_4_MESH.001
01:30:39 | INFO: Primitives created: 1
01:30:39 | INFO: Extracting primitive: RM_BLOW_PREFORM_5_MESH.001
01:30:39 | INFO: Primitives created: 1
01:30:39 | INFO: Extracting primitive: RM_BLOW_PREFORM_HOPPER_MESH.001
01:30:39 | INFO: Primitives created: 1
01:30:39 | INFO: Extracting primitive: RM_BLOW_PROCESS_PANEL_MESH.001
01:30:39 | INFO: Primitives created: 1
01:30:39 | INFO: Extracting primitive: RM_CAP_FEEDER_0_MESH.001
01:30:39 | INFO: Primitives created: 1
01:30:39 | INFO: Extracting primitive: RM_CAP_FEEDER_1_MESH.001
01:30:39 | INFO: Primitives created: 1
01:30:39 | INFO: Extracting primitive: RM_CAP_FEEDER_2_MESH.001
01:30:39 | INFO: Primitives created: 1
01:30:39 | INFO: Extracting primitive: RM_CAP_FEEDER_3_MESH.001
01:30:39 | INFO: Primitives created: 1
01:30:39 | INFO: Extracting primitive: RM_CAP_TRIGGER_ASSEMBLY_LINE_BED_MESH.001
01:30:39 | INFO: Primitives created: 1
01:30:39 | INFO: Extracting primitive: RM_CAP_TRIGGER_ASSEMBLY_LINE_GUARD_A_MESH.001
01:30:39 | INFO: Primitives created: 1
01:30:39 | INFO: Extracting primitive: RM_CAP_TRIGGER_ASSEMBLY_LINE_GUARD_B_MESH.001
01:30:39 | INFO: Primitives created: 1
01:30:39 | INFO: Extracting primitive: RM_CAP_TRIGGER_ASSEMBLY_LINE_ROLLER_0_MESH.001
01:30:39 | INFO: Primitives created: 1
01:30:39 | INFO: Extracting primitive: RM_CAP_TRIGGER_ASSEMBLY_LINE_ROLLER_1_MESH.001
01:30:39 | INFO: Primitives created: 1
01:30:39 | INFO: Extracting primitive: RM_CAP_TRIGGER_ASSEMBLY_LINE_ROLLER_2_MESH.001
01:30:39 | INFO: Primitives created: 1
01:30:39 | INFO: Extracting primitive: RM_CAP_TRIGGER_ASSEMBLY_LINE_ROLLER_3_MESH.001
01:30:39 | INFO: Primitives created: 1
01:30:39 | INFO: Extracting primitive: RM_CAP_TRIGGER_ASSEMBLY_LINE_ROLLER_4_MESH.001
01:30:39 | INFO: Primitives created: 1
01:30:39 | INFO: Extracting primitive: RM_CAPS_BOWL_CENTER_MESH.001
01:30:39 | INFO: Primitives created: 1
01:30:39 | INFO: Extracting primitive: RM_CAPS_FEED_TRACK_MESH.001
01:30:39 | INFO: Primitives created: 1
01:30:39 | INFO: Extracting primitive: RM_CAPS_REJECT_STATION_MESH.001
01:30:39 | INFO: Primitives created: 1
01:30:39 | INFO: Extracting primitive: RM_CAPS_ROTARY_BOWL_MESH.001
01:30:39 | INFO: Primitives created: 1
01:30:39 | INFO: Extracting primitive: RM_FIRE_CONTROLLER_MESH.001
01:30:39 | INFO: Primitives created: 1
01:30:39 | INFO: Extracting primitive: RM_FIRE_MANIFOLD_MESH.001
01:30:39 | INFO: Primitives created: 1
01:30:39 | INFO: Extracting primitive: RM_FIRE_PUMP_0_BASE_MESH.001
01:30:39 | INFO: Primitives created: 1
01:30:39 | INFO: Extracting primitive: RM_FIRE_PUMP_0_DISCHARGE_MESH.001
01:30:39 | INFO: Primitives created: 1
01:30:39 | INFO: Extracting primitive: RM_FIRE_PUMP_0_MOTOR_MESH.001
01:30:39 | INFO: Primitives created: 1
01:30:39 | INFO: Extracting primitive: RM_FIRE_PUMP_0_SUCTION_MESH.001
01:30:39 | INFO: Primitives created: 1
01:30:39 | INFO: Extracting primitive: RM_FIRE_PUMP_1_BASE_MESH.001
01:30:39 | INFO: Primitives created: 1
01:30:39 | INFO: Extracting primitive: RM_FIRE_PUMP_1_DISCHARGE_MESH.001
01:30:39 | INFO: Primitives created: 1
01:30:39 | INFO: Extracting primitive: RM_FIRE_PUMP_1_MOTOR_MESH.001
01:30:39 | INFO: Primitives created: 1
01:30:39 | INFO: Extracting primitive: RM_FIRE_PUMP_1_SUCTION_MESH.001
01:30:39 | INFO: Primitives created: 1
01:30:39 | INFO: Extracting primitive: RM_FIRE_PUMP_2_BASE_MESH.001
01:30:39 | INFO: Primitives created: 1
01:30:39 | INFO: Extracting primitive: RM_FIRE_PUMP_2_DISCHARGE_MESH.001
01:30:39 | INFO: Primitives created: 1
01:30:39 | INFO: Extracting primitive: RM_FIRE_PUMP_2_MOTOR_MESH.001
01:30:39 | INFO: Primitives created: 1
01:30:39 | INFO: Extracting primitive: RM_FIRE_PUMP_2_SUCTION_MESH.001
01:30:39 | INFO: Primitives created: 1
01:30:39 | INFO: Extracting primitive: RM_FIRE_SERVICE_ACCESS_MESH.001
01:30:39 | INFO: Primitives created: 1
01:30:39 | INFO: Extracting primitive: RM_GATEHOUSE_BARRIER_CONTROL_MESH.001
01:30:39 | INFO: Primitives created: 1
01:30:39 | INFO: Extracting primitive: RM_GATEHOUSE_BOOM_BARRIER_MESH.001
01:30:39 | INFO: Primitives created: 1
01:30:39 | INFO: Extracting primitive: RM_GATEHOUSE_CONTROL_DESK_MESH.001
01:30:39 | INFO: Primitives created: 1
01:30:39 | INFO: Extracting primitive: RM_GATEHOUSE_MONITOR_0_MESH.001
01:30:39 | INFO: Primitives created: 1
01:30:39 | INFO: Extracting primitive: RM_GATEHOUSE_MONITOR_1_MESH.001
01:30:39 | INFO: Primitives created: 1
01:30:39 | INFO: Extracting primitive: RM_GATEHOUSE_MONITOR_2_MESH.001
01:30:39 | INFO: Primitives created: 1
01:30:39 | INFO: Extracting primitive: RM_GATEHOUSE_RADIO_CONSOLE_MESH.001
01:30:39 | INFO: Primitives created: 1
01:30:39 | INFO: Extracting primitive: RM_GATEHOUSE_VISITOR_WINDOW_MESH.001
01:30:39 | INFO: Primitives created: 1
01:30:39 | INFO: Extracting primitive: RM_GLASS_CAFE_COUNTER_MESH.001
01:30:39 | INFO: Primitives created: 1
01:30:39 | INFO: Extracting primitive: RM_GLASS_CAFE_STOOL_0_MESH.001
01:30:39 | INFO: Primitives created: 1
01:30:39 | INFO: Extracting primitive: RM_GLASS_CAFE_STOOL_1_MESH.001
01:30:39 | INFO: Primitives created: 1
01:30:39 | INFO: Extracting primitive: RM_GLASS_CAFE_STOOL_2_MESH.001
01:30:39 | INFO: Primitives created: 1
01:30:39 | INFO: Extracting primitive: RM_GLASS_CAFE_STOOL_3_MESH.001
01:30:39 | INFO: Primitives created: 1
01:30:39 | INFO: Extracting primitive: RM_GLASS_COMMAND_CONSOLE_MESH.001
01:30:39 | INFO: Primitives created: 1
01:30:39 | INFO: Extracting primitive: RM_GLASS_COMMAND_MONITOR_0_MESH.001
01:30:39 | INFO: Primitives created: 1
01:30:39 | INFO: Extracting primitive: RM_GLASS_COMMAND_MONITOR_1_MESH.001
01:30:39 | INFO: Primitives created: 1
01:30:39 | INFO: Extracting primitive: RM_GLASS_COMMAND_MONITOR_2_MESH.001
01:30:39 | INFO: Primitives created: 1
01:30:39 | INFO: Extracting primitive: RM_GLASS_COMMAND_MONITOR_3_MESH.001
01:30:39 | INFO: Primitives created: 1
01:30:39 | INFO: Extracting primitive: RM_GLASS_COMMAND_SCREEN_4_MESH.001
01:30:39 | INFO: Primitives created: 1
01:30:39 | INFO: Extracting primitive: RM_GLASS_COMMAND_SCREEN_14_MESH.001
01:30:39 | INFO: Primitives created: 1
01:30:39 | INFO: Extracting primitive: RM_GLASS_COMMAND_SCREEN_24_MESH.001
01:30:39 | INFO: Primitives created: 1
01:30:39 | INFO: Extracting primitive: RM_GLASS_COMMAND_SCREEN_34_MESH.001
01:30:39 | INFO: Primitives created: 1
01:30:39 | INFO: Extracting primitive: RM_GLASS_TRAINING_CHAIR_7_1.7_1.2_MESH.001
01:30:39 | INFO: Primitives created: 1
01:30:39 | INFO: Extracting primitive: RM_GLASS_TRAINING_CHAIR_7_1.7_-1.2_MESH.001
01:30:39 | INFO: Primitives created: 1
01:30:39 | INFO: Extracting primitive: RM_GLASS_TRAINING_CHAIR_7_-1.7_1.2_MESH.001
01:30:39 | INFO: Primitives created: 1
01:30:39 | INFO: Extracting primitive: RM_GLASS_TRAINING_CHAIR_7_-1.7_-1.2_MESH.001
01:30:39 | INFO: Primitives created: 1
01:30:39 | INFO: Extracting primitive: RM_GLASS_TRAINING_CHAIR_18_1.7_1.2_MESH.001
01:30:39 | INFO: Primitives created: 1
01:30:39 | INFO: Extracting primitive: RM_GLASS_TRAINING_CHAIR_18_1.7_-1.2_MESH.001
01:30:39 | INFO: Primitives created: 1
01:30:39 | INFO: Extracting primitive: RM_GLASS_TRAINING_CHAIR_18_-1.7_1.2_MESH.001
01:30:39 | INFO: Primitives created: 1
01:30:39 | INFO: Extracting primitive: RM_GLASS_TRAINING_CHAIR_18_-1.7_-1.2_MESH.001
01:30:39 | INFO: Primitives created: 1
01:30:39 | INFO: Extracting primitive: RM_GLASS_TRAINING_TABLE_7_MESH.001
01:30:39 | INFO: Primitives created: 1
01:30:39 | INFO: Extracting primitive: RM_GLASS_TRAINING_TABLE_18_MESH.001
01:30:39 | INFO: Primitives created: 1
01:30:39 | INFO: Extracting primitive: RM_LIQUID_BOTTLE_CONVEYOR_BED_MESH.001
01:30:39 | INFO: Primitives created: 1
01:30:39 | INFO: Extracting primitive: RM_LIQUID_BOTTLE_CONVEYOR_GUARD_A_MESH.001
01:30:39 | INFO: Primitives created: 1
01:30:39 | INFO: Extracting primitive: RM_LIQUID_BOTTLE_CONVEYOR_GUARD_B_MESH.001
01:30:39 | INFO: Primitives created: 1
01:30:39 | INFO: Extracting primitive: RM_LIQUID_BOTTLE_CONVEYOR_ROLLER_0_MESH.001
01:30:40 | INFO: Primitives created: 1
01:30:40 | INFO: Extracting primitive: RM_LIQUID_BOTTLE_CONVEYOR_ROLLER_1_MESH.001
01:30:40 | INFO: Primitives created: 1
01:30:40 | INFO: Extracting primitive: RM_LIQUID_BOTTLE_CONVEYOR_ROLLER_2_MESH.001
01:30:40 | INFO: Primitives created: 1
01:30:40 | INFO: Extracting primitive: RM_LIQUID_BOTTLE_CONVEYOR_ROLLER_3_MESH.001
01:30:40 | INFO: Primitives created: 1
01:30:40 | INFO: Extracting primitive: RM_LIQUID_BOTTLE_CONVEYOR_ROLLER_4_MESH.001
01:30:40 | INFO: Primitives created: 1
01:30:40 | INFO: Extracting primitive: RM_LIQUID_CAPPER_CONTROL_MESH.001
01:30:40 | INFO: Primitives created: 1
01:30:40 | INFO: Extracting primitive: RM_LIQUID_CAPPER_FRAME_MESH.001
01:30:40 | INFO: Primitives created: 1
01:30:40 | INFO: Extracting primitive: RM_LIQUID_CASE_PACKER_CONTROL_MESH.001
01:30:40 | INFO: Primitives created: 1
01:30:40 | INFO: Extracting primitive: RM_LIQUID_CASE_PACKER_FRAME_MESH.001
01:30:40 | INFO: Primitives created: 1
01:30:40 | INFO: Extracting primitive: RM_LIQUID_FILL_NOZZLE_0_MESH.001
01:30:40 | INFO: Primitives created: 1
01:30:40 | INFO: Extracting primitive: RM_LIQUID_FILL_NOZZLE_1_MESH.001
01:30:40 | INFO: Primitives created: 1
01:30:40 | INFO: Extracting primitive: RM_LIQUID_FILL_NOZZLE_2_MESH.001
01:30:40 | INFO: Primitives created: 1
01:30:40 | INFO: Extracting primitive: RM_LIQUID_FILL_NOZZLE_3_MESH.001
01:30:40 | INFO: Primitives created: 1
01:30:40 | INFO: Extracting primitive: RM_LIQUID_FILL_NOZZLE_4_MESH.001
01:30:40 | INFO: Primitives created: 1
01:30:40 | INFO: Extracting primitive: RM_LIQUID_FILL_NOZZLE_5_MESH.001
01:30:40 | INFO: Primitives created: 1
01:30:40 | INFO: Extracting primitive: RM_LIQUID_FILL_NOZZLE_6_MESH.001
01:30:40 | INFO: Primitives created: 1
01:30:40 | INFO: Extracting primitive: RM_LIQUID_FILL_NOZZLE_7_MESH.001
01:30:40 | INFO: Primitives created: 1
01:30:40 | INFO: Extracting primitive: RM_LIQUID_FILLER_CAROUSEL_MESH.001
01:30:40 | INFO: Primitives created: 1
01:30:40 | INFO: Extracting primitive: RM_LIQUID_LABELER_CONTROL_MESH.001
01:30:40 | INFO: Primitives created: 1
01:30:40 | INFO: Extracting primitive: RM_LIQUID_LABELER_FRAME_MESH.001
01:30:40 | INFO: Primitives created: 1
01:30:40 | INFO: Extracting primitive: RM_LIQUID_PRODUCT_0_MESH.001
01:30:40 | INFO: Primitives created: 1
01:30:40 | INFO: Extracting primitive: RM_LIQUID_PRODUCT_1_MESH.001
01:30:40 | INFO: Primitives created: 1
01:30:40 | INFO: Extracting primitive: RM_LIQUID_PRODUCT_2_MESH.001
01:30:40 | INFO: Primitives created: 1
01:30:40 | INFO: Extracting primitive: RM_LIQUID_PRODUCT_3_MESH.001
01:30:40 | INFO: Primitives created: 1
01:30:40 | INFO: Extracting primitive: RM_LIQUID_PRODUCT_4_MESH.001
01:30:40 | INFO: Primitives created: 1
01:30:40 | INFO: Extracting primitive: RM_LV_BREAKER_WINDOW_0_MESH.001
01:30:40 | INFO: Primitives created: 1
01:30:40 | INFO: Extracting primitive: RM_LV_BREAKER_WINDOW_1_MESH.001
01:30:40 | INFO: Primitives created: 1
01:30:40 | INFO: Extracting primitive: RM_LV_BREAKER_WINDOW_2_MESH.001
01:30:40 | INFO: Primitives created: 1
01:30:40 | INFO: Extracting primitive: RM_LV_BREAKER_WINDOW_3_MESH.001
01:30:40 | INFO: Primitives created: 1
01:30:40 | INFO: Extracting primitive: RM_LV_BREAKER_WINDOW_4_MESH.001
01:30:40 | INFO: Primitives created: 1
01:30:40 | INFO: Extracting primitive: RM_LV_BUSBAR_TRUNK_MESH.001
01:30:40 | INFO: Primitives created: 1
01:30:40 | INFO: Extracting primitive: RM_LV_CABLE_0_MESH.001
01:30:40 | INFO: Primitives created: 1
01:30:40 | INFO: Extracting primitive: RM_LV_CABLE_1_MESH.001
01:30:40 | INFO: Primitives created: 1
01:30:40 | INFO: Extracting primitive: RM_LV_CABLE_2_MESH.001
01:30:40 | INFO: Primitives created: 1
01:30:40 | INFO: Extracting primitive: RM_LV_CABLE_3_MESH.001
01:30:40 | INFO: Primitives created: 1
01:30:40 | INFO: Extracting primitive: RM_LV_CABLE_4_MESH.001
01:30:40 | INFO: Primitives created: 1
01:30:40 | INFO: Extracting primitive: RM_LV_PANEL_DOOR_0_MESH.001
01:30:40 | INFO: Primitives created: 1
01:30:40 | INFO: Extracting primitive: RM_LV_PANEL_DOOR_1_MESH.001
01:30:40 | INFO: Primitives created: 1
01:30:40 | INFO: Extracting primitive: RM_LV_PANEL_DOOR_2_MESH.001
01:30:40 | INFO: Primitives created: 1
01:30:40 | INFO: Extracting primitive: RM_LV_PANEL_DOOR_3_MESH.001
01:30:40 | INFO: Primitives created: 1
01:30:40 | INFO: Extracting primitive: RM_LV_PANEL_DOOR_4_MESH.001
01:30:40 | INFO: Primitives created: 1
01:30:40 | INFO: Extracting primitive: RM_LV_REMOTE_SERVICE_PANEL_MESH.001
01:30:40 | INFO: Primitives created: 1
01:30:40 | INFO: Extracting primitive: RM_LV_SERVICE_CLEARANCE_MESH.001
01:30:40 | INFO: Primitives created: 1
01:30:40 | INFO: Extracting primitive: RM_LV_SWITCHGEAR_0_MESH.001
01:30:40 | INFO: Primitives created: 1
01:30:40 | INFO: Extracting primitive: RM_LV_SWITCHGEAR_1_MESH.001
01:30:40 | INFO: Primitives created: 1
01:30:40 | INFO: Extracting primitive: RM_LV_SWITCHGEAR_2_MESH.001
01:30:40 | INFO: Primitives created: 1
01:30:40 | INFO: Extracting primitive: RM_LV_SWITCHGEAR_3_MESH.001
01:30:40 | INFO: Primitives created: 1
01:30:40 | INFO: Extracting primitive: RM_LV_SWITCHGEAR_4_MESH.001
01:30:40 | INFO: Primitives created: 1
01:30:40 | INFO: Extracting primitive: Cube.071
01:30:40 | INFO: Primitives created: 1
01:30:40 | INFO: Extracting primitive: Cube.072
01:30:40 | INFO: Primitives created: 1
01:30:40 | INFO: Extracting primitive: Cube.064
01:30:40 | INFO: Primitives created: 1
01:30:40 | INFO: Extracting primitive: Cube.065
01:30:40 | INFO: Primitives created: 1
01:30:40 | INFO: Extracting primitive: Cube.066
01:30:40 | INFO: Primitives created: 1
01:30:40 | INFO: Extracting primitive: Cube.067
01:30:40 | INFO: Primitives created: 1
01:30:40 | INFO: Extracting primitive: Cube.068
01:30:40 | INFO: Primitives created: 1
01:30:40 | INFO: Extracting primitive: Cube.069
01:30:40 | INFO: Primitives created: 1
01:30:40 | INFO: Extracting primitive: RM_PERSONNEL_ENTRANCE_SIGNAGE_CURVE
01:30:40 | INFO: Primitives created: 1
01:30:40 | INFO: Extracting primitive: Cube.070
01:30:40 | INFO: Primitives created: 1
01:30:40 | INFO: Extracting primitive: RM_POWDER_AUGER_MESH.001
01:30:40 | INFO: Primitives created: 1
01:30:40 | INFO: Extracting primitive: RM_POWDER_BAG_0_MESH.001
01:30:40 | INFO: Primitives created: 1
01:30:40 | INFO: Extracting primitive: RM_POWDER_BAG_1_MESH.001
01:30:40 | INFO: Primitives created: 1
01:30:40 | INFO: Extracting primitive: RM_POWDER_BAG_2_MESH.001
01:30:40 | INFO: Primitives created: 1
01:30:40 | INFO: Extracting primitive: RM_POWDER_BAG_3_MESH.001
01:30:40 | INFO: Primitives created: 1
01:30:40 | INFO: Extracting primitive: RM_POWDER_BAG_DUMP_MESH.001
01:30:40 | INFO: Primitives created: 1
01:30:40 | INFO: Extracting primitive: RM_POWDER_DUST_HOOD_MESH.001
01:30:40 | INFO: Primitives created: 1
01:30:40 | INFO: Extracting primitive: RM_POWDER_HOPPER_LID_MESH.001
01:30:40 | INFO: Primitives created: 1
01:30:40 | INFO: Extracting primitive: RM_POWDER_HOPPER_MOTOR_MESH.001
01:30:40 | INFO: Primitives created: 1
01:30:40 | INFO: Extracting primitive: RM_POWDER_HOPPER_OUTLET_MESH.001
01:30:40 | INFO: Primitives created: 1
01:30:40 | INFO: Extracting primitive: RM_POWDER_HOPPER_VESSEL_MESH.001
01:30:40 | INFO: Primitives created: 1
01:30:40 | INFO: Extracting primitive: RM_POWDER_PACKOUT_BED_MESH.001
01:30:40 | INFO: Primitives created: 1
01:30:40 | INFO: Extracting primitive: RM_POWDER_PACKOUT_GUARD_A_MESH.001
01:30:40 | INFO: Primitives created: 1
01:30:40 | INFO: Extracting primitive: RM_POWDER_PACKOUT_GUARD_B_MESH.001
01:30:40 | INFO: Primitives created: 1
01:30:40 | INFO: Extracting primitive: RM_POWDER_PACKOUT_ROLLER_0_MESH.001
01:30:40 | INFO: Primitives created: 1
01:30:40 | INFO: Extracting primitive: RM_POWDER_PACKOUT_ROLLER_1_MESH.001
01:30:40 | INFO: Primitives created: 1
01:30:40 | INFO: Extracting primitive: RM_POWDER_PACKOUT_ROLLER_2_MESH.001
01:30:40 | INFO: Primitives created: 1
01:30:40 | INFO: Extracting primitive: RM_POWDER_PACKOUT_ROLLER_3_MESH.001
01:30:40 | INFO: Primitives created: 1
01:30:40 | INFO: Extracting primitive: RM_POWDER_PACKOUT_ROLLER_4_MESH.001
01:30:40 | INFO: Primitives created: 1
01:30:40 | INFO: Extracting primitive: RM_POWDER_VFFS_BAGGER_CONTROL_MESH.001
01:30:40 | INFO: Primitives created: 1
01:30:40 | INFO: Extracting primitive: RM_POWDER_VFFS_BAGGER_FRAME_MESH.001
01:30:40 | INFO: Primitives created: 1
01:30:40 | INFO: Extracting primitive: RM_RECEPTION_CCTV_0_MESH.001
01:30:40 | INFO: Primitives created: 1
01:30:40 | INFO: Extracting primitive: RM_RECEPTION_CCTV_1_MESH.001
01:30:40 | INFO: Primitives created: 1
01:30:40 | INFO: Extracting primitive: RM_RECEPTION_CCTV_2_MESH.001
01:30:40 | INFO: Primitives created: 1
01:30:40 | INFO: Extracting primitive: RM_RECEPTION_CCTV_3_MESH.001
01:30:40 | INFO: Primitives created: 1
01:30:40 | INFO: Extracting primitive: RM_RECEPTION_CCTV_WALL_MESH.001
01:30:40 | INFO: Primitives created: 1
01:30:40 | INFO: Extracting primitive: RM_RECEPTION_CHECKIN_SCREEN_MESH.001
01:30:40 | INFO: Primitives created: 1
01:30:40 | INFO: Extracting primitive: RM_RECEPTION_SECURITY_DESK_MESH.001
01:30:40 | INFO: Primitives created: 1
01:30:40 | INFO: Extracting primitive: RM_RECEPTION_TURNSTILE_0_MESH.001
01:30:40 | INFO: Primitives created: 1
01:30:40 | INFO: Extracting primitive: RM_RECEPTION_TURNSTILE_1_MESH.001
01:30:40 | INFO: Primitives created: 1
01:30:40 | INFO: Extracting primitive: RM_RECEPTION_TURNSTILE_2_MESH.001
01:30:40 | INFO: Primitives created: 1
01:30:40 | INFO: Extracting primitive: RM_RECEPTION_TURNSTILE_ARM_0_MESH.001
01:30:40 | INFO: Primitives created: 1
01:30:40 | INFO: Extracting primitive: RM_RECEPTION_TURNSTILE_ARM_1_MESH.001
01:30:40 | INFO: Primitives created: 1
01:30:40 | INFO: Extracting primitive: RM_RECEPTION_TURNSTILE_ARM_2_MESH.001
01:30:40 | INFO: Primitives created: 1
01:30:40 | INFO: Extracting primitive: RM_RECEPTION_VISITOR_SEAT_0_MESH.001
01:30:40 | INFO: Primitives created: 1
01:30:40 | INFO: Extracting primitive: RM_RECEPTION_VISITOR_SEAT_1_MESH.001
01:30:40 | INFO: Primitives created: 1
01:30:40 | INFO: Extracting primitive: RM_RECEPTION_VISITOR_SEAT_2_MESH.001
01:30:40 | INFO: Primitives created: 1
01:30:40 | INFO: Extracting primitive: RM_RECEPTION_VISITOR_SEAT_3_MESH.001
01:30:40 | INFO: Primitives created: 1
01:30:40 | INFO: Extracting primitive: RM_TOOTHPASTE_CARTONER_CONTROL_MESH.001
01:30:40 | INFO: Primitives created: 1
01:30:40 | INFO: Extracting primitive: RM_TOOTHPASTE_CARTONER_FRAME_MESH.001
01:30:40 | INFO: Primitives created: 1
01:30:40 | INFO: Extracting primitive: RM_TOOTHPASTE_HOLDING_TANK_LID_MESH.001
01:30:40 | INFO: Primitives created: 1
01:30:40 | INFO: Extracting primitive: RM_TOOTHPASTE_HOLDING_TANK_MOTOR_MESH.001
01:30:40 | INFO: Primitives created: 1
01:30:40 | INFO: Extracting primitive: RM_TOOTHPASTE_HOLDING_TANK_OUTLET_MESH.001
01:30:40 | INFO: Primitives created: 1
01:30:40 | INFO: Extracting primitive: RM_TOOTHPASTE_HOLDING_TANK_VESSEL_MESH.001
01:30:40 | INFO: Primitives created: 1
01:30:40 | INFO: Extracting primitive: RM_TOOTHPASTE_TRANSFER_MESH.001
01:30:40 | INFO: Primitives created: 1
01:30:40 | INFO: Extracting primitive: RM_TOOTHPASTE_TUBE_0_MESH.001
01:30:40 | INFO: Primitives created: 1
01:30:40 | INFO: Extracting primitive: RM_TOOTHPASTE_TUBE_1_MESH.001
01:30:40 | INFO: Primitives created: 1
01:30:40 | INFO: Extracting primitive: RM_TOOTHPASTE_TUBE_2_MESH.001
01:30:40 | INFO: Primitives created: 1
01:30:40 | INFO: Extracting primitive: RM_TOOTHPASTE_TUBE_3_MESH.001
01:30:40 | INFO: Primitives created: 1
01:30:40 | INFO: Extracting primitive: RM_TOOTHPASTE_TUBE_4_MESH.001
01:30:40 | INFO: Primitives created: 1
01:30:40 | INFO: Extracting primitive: RM_TOOTHPASTE_TUBE_FILLER_CONTROL_MESH.001
01:30:40 | INFO: Primitives created: 1
01:30:40 | INFO: Extracting primitive: RM_TOOTHPASTE_TUBE_FILLER_FRAME_MESH.001
01:30:40 | INFO: Primitives created: 1
01:30:40 | INFO: Extracting primitive: RM_TOOTHPASTE_TUBE_LINE_BED_MESH.001
01:30:40 | INFO: Primitives created: 1
01:30:40 | INFO: Extracting primitive: RM_TOOTHPASTE_TUBE_LINE_GUARD_A_MESH.001
01:30:40 | INFO: Primitives created: 1
01:30:40 | INFO: Extracting primitive: RM_TOOTHPASTE_TUBE_LINE_GUARD_B_MESH.001
01:30:40 | INFO: Primitives created: 1
01:30:40 | INFO: Extracting primitive: RM_TOOTHPASTE_TUBE_LINE_ROLLER_0_MESH.001
01:30:40 | INFO: Primitives created: 1
01:30:40 | INFO: Extracting primitive: RM_TOOTHPASTE_TUBE_LINE_ROLLER_1_MESH.001
01:30:40 | INFO: Primitives created: 1
01:30:40 | INFO: Extracting primitive: RM_TOOTHPASTE_TUBE_LINE_ROLLER_2_MESH.001
01:30:40 | INFO: Primitives created: 1
01:30:40 | INFO: Extracting primitive: RM_TOOTHPASTE_TUBE_LINE_ROLLER_3_MESH.001
01:30:40 | INFO: Primitives created: 1
01:30:40 | INFO: Extracting primitive: RM_TOOTHPASTE_TUBE_LINE_ROLLER_4_MESH.001
01:30:40 | INFO: Primitives created: 1
01:30:40 | INFO: Extracting primitive: RM_TOOTHPASTE_VACUUM_HEAD_MESH.001
01:30:40 | INFO: Primitives created: 1
01:30:40 | INFO: Extracting primitive: RM_TOOTHPASTE_VACUUM_MIXER_LID_MESH.001
01:30:40 | INFO: Primitives created: 1
01:30:40 | INFO: Extracting primitive: RM_TOOTHPASTE_VACUUM_MIXER_MOTOR_MESH.001
01:30:40 | INFO: Primitives created: 1
01:30:40 | INFO: Extracting primitive: RM_TOOTHPASTE_VACUUM_MIXER_OUTLET_MESH.001
01:30:40 | INFO: Primitives created: 1
01:30:40 | INFO: Extracting primitive: RM_TOOTHPASTE_VACUUM_MIXER_VESSEL_MESH.001
01:30:40 | INFO: Primitives created: 1
01:30:40 | INFO: Extracting primitive: RM_TRIGGER_FEEDER_MESH.001
01:30:40 | INFO: Primitives created: 1
01:30:40 | INFO: Extracting primitive: RM_TRIGGER_PICK_PLACE_0_MESH.001
01:30:40 | INFO: Primitives created: 1
01:30:40 | INFO: Extracting primitive: RM_TRIGGER_PICK_PLACE_1_MESH.001
01:30:40 | INFO: Primitives created: 1
01:30:40 | INFO: Extracting primitive: RM_TRIGGER_PICK_PLACE_2_MESH.001
01:30:40 | INFO: Primitives created: 1
01:30:40 | INFO: Extracting primitive: RM_TRIGGER_PICK_PLACE_3_MESH.001
01:30:40 | INFO: Primitives created: 1
01:30:40 | INFO: Extracting primitive: RM_WEIGH_BALANCE_MESH.001
01:30:40 | INFO: Primitives created: 1
01:30:40 | INFO: Extracting primitive: RM_WEIGH_BIN_0_MESH.001
01:30:40 | INFO: Primitives created: 1
01:30:40 | INFO: Extracting primitive: RM_WEIGH_BIN_1_MESH.001
01:30:40 | INFO: Primitives created: 1
01:30:40 | INFO: Extracting primitive: RM_WEIGH_BIN_2_MESH.001
01:30:40 | INFO: Primitives created: 1
01:30:40 | INFO: Extracting primitive: RM_WEIGH_BIN_3_MESH.001
01:30:40 | INFO: Primitives created: 1
01:30:40 | INFO: Extracting primitive: RM_WEIGH_BOOTH_MESH.001
01:30:40 | INFO: Primitives created: 1
01:30:40 | INFO: Extracting primitive: RM_WEIGH_HOPPER_0_MESH.001
01:30:40 | INFO: Primitives created: 1
01:30:40 | INFO: Extracting primitive: RM_WEIGH_HOPPER_1_MESH.001
01:30:40 | INFO: Primitives created: 1
01:30:40 | INFO: Extracting primitive: RM_WEIGH_HOPPER_2_MESH.001
01:30:40 | INFO: Primitives created: 1
01:30:40 | INFO: Extracting primitive: RM_WEIGH_HOPPER_3_MESH.001
01:30:40 | INFO: Primitives created: 1
01:30:40 | INFO: Extracting primitive: RM_WEIGH_SCALE_TABLE_MESH.001
01:30:40 | INFO: Primitives created: 1
01:30:40 | INFO: Extracting primitive: RM_WEIGH_TRANSFER_CART_MESH.001
01:30:40 | INFO: Primitives created: 1
01:30:40 | INFO: Extracting primitive: RM_WELFARE_CHANGE_BENCH_LEG4.6_MESH.001
01:30:40 | INFO: Primitives created: 1
01:30:40 | INFO: Extracting primitive: RM_WELFARE_CHANGE_BENCH_LEG-4.6_MESH.001
01:30:40 | INFO: Primitives created: 1
01:30:40 | INFO: Extracting primitive: RM_WELFARE_CHANGE_BENCH_SEAT_MESH.001
01:30:40 | INFO: Primitives created: 1
01:30:40 | INFO: Extracting primitive: RM_WELFARE_CLEAN_ENTRY_MESH.001
01:30:40 | INFO: Primitives created: 1
01:30:40 | INFO: Extracting primitive: RM_WELFARE_DIRTY_ENTRY_MESH.001
01:30:40 | INFO: Primitives created: 1
01:30:40 | INFO: Extracting primitive: RM_WELFARE_DRAIN_0_MESH.001
01:30:40 | INFO: Primitives created: 1
01:30:40 | INFO: Extracting primitive: RM_WELFARE_DRAIN_1_MESH.001
01:30:40 | INFO: Primitives created: 1
01:30:40 | INFO: Extracting primitive: RM_WELFARE_DRAIN_2_MESH.001
01:30:40 | INFO: Primitives created: 1
01:30:40 | INFO: Extracting primitive: RM_WELFARE_DRAIN_3_MESH.001
01:30:40 | INFO: Primitives created: 1
01:30:40 | INFO: Extracting primitive: RM_WELFARE_LOCKER_BANK_0_MESH.001
01:30:40 | INFO: Primitives created: 1
01:30:40 | INFO: Extracting primitive: RM_WELFARE_LOCKER_BANK_1_MESH.001
01:30:40 | INFO: Primitives created: 1
01:30:40 | INFO: Extracting primitive: RM_WELFARE_LOCKER_BANK_2_MESH.001
01:30:40 | INFO: Primitives created: 1
01:30:40 | INFO: Extracting primitive: RM_WELFARE_LOCKER_BANK_3_MESH.001
01:30:40 | INFO: Primitives created: 1
01:30:40 | INFO: Extracting primitive: RM_WELFARE_LOCKER_BANK_4_MESH.001
01:30:40 | INFO: Primitives created: 1
01:30:40 | INFO: Extracting primitive: RM_WELFARE_LOCKER_DOOR_0_0_MESH.001
01:30:40 | INFO: Primitives created: 1
01:30:40 | INFO: Extracting primitive: RM_WELFARE_LOCKER_DOOR_0_1_MESH.001
01:30:40 | INFO: Primitives created: 1
01:30:40 | INFO: Extracting primitive: RM_WELFARE_LOCKER_DOOR_0_2_MESH.001
01:30:40 | INFO: Primitives created: 1
01:30:40 | INFO: Extracting primitive: RM_WELFARE_LOCKER_DOOR_1_0_MESH.001
01:30:40 | INFO: Primitives created: 1
01:30:40 | INFO: Extracting primitive: RM_WELFARE_LOCKER_DOOR_1_1_MESH.001
01:30:40 | INFO: Primitives created: 1
01:30:40 | INFO: Extracting primitive: RM_WELFARE_LOCKER_DOOR_1_2_MESH.001
01:30:40 | INFO: Primitives created: 1
01:30:40 | INFO: Extracting primitive: RM_WELFARE_LOCKER_DOOR_2_0_MESH.001
01:30:40 | INFO: Primitives created: 1
01:30:40 | INFO: Extracting primitive: RM_WELFARE_LOCKER_DOOR_2_1_MESH.001
01:30:40 | INFO: Primitives created: 1
01:30:40 | INFO: Extracting primitive: RM_WELFARE_LOCKER_DOOR_2_2_MESH.001
01:30:40 | INFO: Primitives created: 1
01:30:40 | INFO: Extracting primitive: RM_WELFARE_LOCKER_DOOR_3_0_MESH.001
01:30:40 | INFO: Primitives created: 1
01:30:40 | INFO: Extracting primitive: RM_WELFARE_LOCKER_DOOR_3_1_MESH.001
01:30:40 | INFO: Primitives created: 1
01:30:40 | INFO: Extracting primitive: RM_WELFARE_LOCKER_DOOR_3_2_MESH.001
01:30:40 | INFO: Primitives created: 1
01:30:40 | INFO: Extracting primitive: RM_WELFARE_LOCKER_DOOR_4_0_MESH.001
01:30:40 | INFO: Primitives created: 1
01:30:40 | INFO: Extracting primitive: RM_WELFARE_LOCKER_DOOR_4_1_MESH.001
01:30:40 | INFO: Primitives created: 1
01:30:40 | INFO: Extracting primitive: RM_WELFARE_LOCKER_DOOR_4_2_MESH.001
01:30:40 | INFO: Primitives created: 1
01:30:40 | INFO: Extracting primitive: RM_WELFARE_SHOWER_BACK_0_MESH
01:30:40 | INFO: Primitives created: 1
01:30:40 | INFO: Extracting primitive: RM_WELFARE_SHOWER_BACK_1_MESH
01:30:40 | INFO: Primitives created: 1
01:30:40 | INFO: Extracting primitive: RM_WELFARE_SHOWER_BACK_2_MESH
01:30:40 | INFO: Primitives created: 1
01:30:40 | INFO: Extracting primitive: RM_WELFARE_SHOWER_BACK_3_MESH
01:30:40 | INFO: Primitives created: 1
01:30:40 | INFO: Extracting primitive: RM_WELFARE_SHOWER_HEAD_0_MESH.001
01:30:40 | INFO: Primitives created: 1
01:30:40 | INFO: Extracting primitive: RM_WELFARE_SHOWER_HEAD_1_MESH.001
01:30:40 | INFO: Primitives created: 1
01:30:40 | INFO: Extracting primitive: RM_WELFARE_SHOWER_HEAD_2_MESH.001
01:30:40 | INFO: Primitives created: 1
01:30:40 | INFO: Extracting primitive: RM_WELFARE_SHOWER_HEAD_3_MESH.001
01:30:40 | INFO: Primitives created: 1
01:30:40 | INFO: Extracting primitive: RM_WELFARE_SHOWER_OPEN_0_MESH.001
01:30:40 | INFO: Primitives created: 1
01:30:40 | INFO: Extracting primitive: RM_WELFARE_SHOWER_OPEN_1_MESH.001
01:30:40 | INFO: Primitives created: 1
01:30:40 | INFO: Extracting primitive: RM_WELFARE_SHOWER_OPEN_2_MESH.001
01:30:40 | INFO: Primitives created: 1
01:30:40 | INFO: Extracting primitive: RM_WELFARE_SHOWER_OPEN_3_MESH.001
01:30:40 | INFO: Primitives created: 1
01:30:40 | INFO: Extracting primitive: RM_WELFARE_SHOWER_SIDE_A_0_MESH
01:30:40 | INFO: Primitives created: 1
01:30:40 | INFO: Extracting primitive: RM_WELFARE_SHOWER_SIDE_A_1_MESH
01:30:40 | INFO: Primitives created: 1
01:30:40 | INFO: Extracting primitive: RM_WELFARE_SHOWER_SIDE_A_2_MESH
01:30:40 | INFO: Primitives created: 1
01:30:40 | INFO: Extracting primitive: RM_WELFARE_SHOWER_SIDE_A_3_MESH
01:30:40 | INFO: Primitives created: 1
01:30:40 | INFO: Extracting primitive: RM_WELFARE_SHOWER_SIDE_B_0_MESH
01:30:40 | INFO: Primitives created: 1
01:30:40 | INFO: Extracting primitive: RM_WELFARE_SHOWER_SIDE_B_1_MESH
01:30:40 | INFO: Primitives created: 1
01:30:40 | INFO: Extracting primitive: RM_WELFARE_SHOWER_SIDE_B_2_MESH
01:30:40 | INFO: Primitives created: 1
01:30:40 | INFO: Extracting primitive: RM_WELFARE_SHOWER_SIDE_B_3_MESH
01:30:40 | INFO: Primitives created: 1
01:30:40 | INFO: Extracting primitive: RM_WET_CIP_PIPE_0_MESH.001
01:30:40 | INFO: Primitives created: 1
01:30:40 | INFO: Extracting primitive: RM_WET_CIP_PIPE_1_MESH.001
01:30:40 | INFO: Primitives created: 1
01:30:40 | INFO: Extracting primitive: RM_WET_CIP_PIPE_2_MESH.001
01:30:40 | INFO: Primitives created: 1
01:30:40 | INFO: Extracting primitive: RM_WET_CIP_SKID_MESH.001
01:30:40 | INFO: Primitives created: 1
01:30:40 | INFO: Extracting primitive: RM_WET_MIX_TANK_0_LID_MESH.001
01:30:40 | INFO: Primitives created: 1
01:30:40 | INFO: Extracting primitive: RM_WET_MIX_TANK_0_MOTOR_MESH.001
01:30:40 | INFO: Primitives created: 1
01:30:40 | INFO: Extracting primitive: RM_WET_MIX_TANK_0_OUTLET_MESH.001
01:30:40 | INFO: Primitives created: 1
01:30:40 | INFO: Extracting primitive: RM_WET_MIX_TANK_0_VESSEL_MESH.001
01:30:40 | INFO: Primitives created: 1
01:30:40 | INFO: Extracting primitive: RM_WET_MIX_TANK_1_LID_MESH.001
01:30:40 | INFO: Primitives created: 1
01:30:40 | INFO: Extracting primitive: RM_WET_MIX_TANK_1_MOTOR_MESH.001
01:30:40 | INFO: Primitives created: 1
01:30:40 | INFO: Extracting primitive: RM_WET_MIX_TANK_1_OUTLET_MESH.001
01:30:40 | INFO: Primitives created: 1
01:30:40 | INFO: Extracting primitive: RM_WET_MIX_TANK_1_VESSEL_MESH.001
01:30:40 | INFO: Primitives created: 1
01:30:40 | INFO: Extracting primitive: RM_WET_MIX_TANK_2_LID_MESH.001
01:30:40 | INFO: Primitives created: 1
01:30:40 | INFO: Extracting primitive: RM_WET_MIX_TANK_2_MOTOR_MESH.001
01:30:40 | INFO: Primitives created: 1
01:30:40 | INFO: Extracting primitive: RM_WET_MIX_TANK_2_OUTLET_MESH.001
01:30:40 | INFO: Primitives created: 1
01:30:40 | INFO: Extracting primitive: RM_WET_MIX_TANK_2_VESSEL_MESH.001
01:30:40 | INFO: Primitives created: 1
01:30:40 | INFO: Extracting primitive: RM_WET_MIX_TANK_3_LID_MESH.001
01:30:40 | INFO: Primitives created: 1
01:30:40 | INFO: Extracting primitive: RM_WET_MIX_TANK_3_MOTOR_MESH.001
01:30:40 | INFO: Primitives created: 1
01:30:40 | INFO: Extracting primitive: RM_WET_MIX_TANK_3_OUTLET_MESH.001
01:30:40 | INFO: Primitives created: 1
01:30:40 | INFO: Extracting primitive: RM_WET_MIX_TANK_3_VESSEL_MESH.001
01:30:40 | INFO: Primitives created: 1
01:30:40 | INFO: Extracting primitive: RM_WET_MIX_TANK_4_LID_MESH.001
01:30:40 | INFO: Primitives created: 1
01:30:40 | INFO: Extracting primitive: RM_WET_MIX_TANK_4_MOTOR_MESH.001
01:30:40 | INFO: Primitives created: 1
01:30:40 | INFO: Extracting primitive: RM_WET_MIX_TANK_4_OUTLET_MESH.001
01:30:40 | INFO: Primitives created: 1
01:30:40 | INFO: Extracting primitive: RM_WET_MIX_TANK_4_VESSEL_MESH.001
01:30:40 | INFO: Primitives created: 1
01:30:40 | INFO: Extracting primitive: RM_WET_PLATFORM_0_MESH.001
01:30:40 | INFO: Primitives created: 1
01:30:40 | INFO: Extracting primitive: RM_WET_PLATFORM_1_MESH.001
01:30:40 | INFO: Primitives created: 1
01:30:40 | INFO: Extracting primitive: RM_WET_PLATFORM_2_MESH.001
01:30:40 | INFO: Primitives created: 1
01:30:40 | INFO: Extracting primitive: RM_WET_PLATFORM_3_MESH.001
01:30:40 | INFO: Primitives created: 1
01:30:40 | INFO: Extracting primitive: RM_WET_PLATFORM_4_MESH.001
01:30:40 | INFO: Primitives created: 1
01:30:40 | INFO: Extracting primitive: RM_WET_PROCESS_OUTFEED_BED_MESH.001
01:30:40 | INFO: Primitives created: 1
01:30:40 | INFO: Extracting primitive: RM_WET_PROCESS_OUTFEED_GUARD_A_MESH.001
01:30:40 | INFO: Primitives created: 1
01:30:40 | INFO: Extracting primitive: RM_WET_PROCESS_OUTFEED_GUARD_B_MESH.001
01:30:40 | INFO: Primitives created: 1
01:30:40 | INFO: Extracting primitive: RM_WET_PROCESS_OUTFEED_ROLLER_0_MESH.001
01:30:40 | INFO: Primitives created: 1
01:30:40 | INFO: Extracting primitive: RM_WET_PROCESS_OUTFEED_ROLLER_1_MESH.001
01:30:40 | INFO: Primitives created: 1
01:30:40 | INFO: Extracting primitive: RM_WET_PROCESS_OUTFEED_ROLLER_2_MESH.001
01:30:40 | INFO: Primitives created: 1
01:30:40 | INFO: Extracting primitive: RM_WET_PROCESS_OUTFEED_ROLLER_3_MESH.001
01:30:40 | INFO: Primitives created: 1
01:30:40 | INFO: Extracting primitive: RM_WET_PROCESS_OUTFEED_ROLLER_4_MESH.001
01:30:40 | INFO: Primitives created: 1
01:30:40 | INFO: Extracting primitive: RM_WET_RAIL_0_2.8_2.4_MESH.001
01:30:40 | INFO: Primitives created: 1
01:30:40 | INFO: Extracting primitive: RM_WET_RAIL_0_2.8_-2.4_MESH.001
01:30:40 | INFO: Primitives created: 1
01:30:40 | INFO: Extracting primitive: RM_WET_RAIL_0_-2.8_2.4_MESH.001
01:30:40 | INFO: Primitives created: 1
01:30:40 | INFO: Extracting primitive: RM_WET_RAIL_0_-2.8_-2.4_MESH.001
01:30:40 | INFO: Primitives created: 1
01:30:40 | INFO: Extracting primitive: RM_WET_RAIL_1_2.8_2.4_MESH.001
01:30:40 | INFO: Primitives created: 1
01:30:40 | INFO: Extracting primitive: RM_WET_RAIL_1_2.8_-2.4_MESH.001
01:30:40 | INFO: Primitives created: 1
01:30:40 | INFO: Extracting primitive: RM_WET_RAIL_1_-2.8_2.4_MESH.001
01:30:40 | INFO: Primitives created: 1
01:30:40 | INFO: Extracting primitive: RM_WET_RAIL_1_-2.8_-2.4_MESH.001
01:30:40 | INFO: Primitives created: 1
01:30:40 | INFO: Extracting primitive: RM_WET_RAIL_2_2.8_2.4_MESH.001
01:30:40 | INFO: Primitives created: 1
01:30:40 | INFO: Extracting primitive: RM_WET_RAIL_2_2.8_-2.4_MESH.001
01:30:40 | INFO: Primitives created: 1
01:30:40 | INFO: Extracting primitive: RM_WET_RAIL_2_-2.8_2.4_MESH.001
01:30:40 | INFO: Primitives created: 1
01:30:40 | INFO: Extracting primitive: RM_WET_RAIL_2_-2.8_-2.4_MESH.001
01:30:40 | INFO: Primitives created: 1
01:30:40 | INFO: Extracting primitive: RM_WET_RAIL_3_2.8_2.4_MESH.001
01:30:40 | INFO: Primitives created: 1
01:30:40 | INFO: Extracting primitive: RM_WET_RAIL_3_2.8_-2.4_MESH.001
01:30:40 | INFO: Primitives created: 1
01:30:40 | INFO: Extracting primitive: RM_WET_RAIL_3_-2.8_2.4_MESH.001
01:30:40 | INFO: Primitives created: 1
01:30:40 | INFO: Extracting primitive: RM_WET_RAIL_3_-2.8_-2.4_MESH.001
01:30:40 | INFO: Primitives created: 1
01:30:40 | INFO: Extracting primitive: RM_WET_RAIL_4_2.8_2.4_MESH.001
01:30:40 | INFO: Primitives created: 1
01:30:40 | INFO: Extracting primitive: RM_WET_RAIL_4_2.8_-2.4_MESH.001
01:30:40 | INFO: Primitives created: 1
01:30:40 | INFO: Extracting primitive: RM_WET_RAIL_4_-2.8_2.4_MESH.001
01:30:40 | INFO: Primitives created: 1
01:30:40 | INFO: Extracting primitive: RM_WET_RAIL_4_-2.8_-2.4_MESH.001
01:30:40 | INFO: Primitives created: 1
01:30:40 | INFO: Extracting primitive: RM_WET_TRANSFER_MANIFOLD_MESH.001
01:30:40 | INFO: Primitives created: 1
01:30:40 | INFO: Extracting primitive: RM_WIPES_FOLD_CUT_CONTROL_MESH.001
01:30:40 | INFO: Primitives created: 1
01:30:40 | INFO: Extracting primitive: RM_WIPES_FOLD_CUT_FRAME_MESH.001
01:30:40 | INFO: Primitives created: 1
01:30:40 | INFO: Extracting primitive: RM_WIPES_LOTION_FEED_MESH.001
01:30:40 | INFO: Primitives created: 1
01:30:40 | INFO: Extracting primitive: RM_WIPES_LOTION_TANK_LID_MESH.001
01:30:40 | INFO: Primitives created: 1
01:30:40 | INFO: Extracting primitive: RM_WIPES_LOTION_TANK_MOTOR_MESH.001
01:30:40 | INFO: Primitives created: 1
01:30:40 | INFO: Extracting primitive: RM_WIPES_LOTION_TANK_OUTLET_MESH.001
01:30:40 | INFO: Primitives created: 1
01:30:40 | INFO: Extracting primitive: RM_WIPES_LOTION_TANK_VESSEL_MESH.001
01:30:40 | INFO: Primitives created: 1
01:30:40 | INFO: Extracting primitive: RM_WIPES_PACKOUT_BED_MESH.001
01:30:40 | INFO: Primitives created: 1
01:30:40 | INFO: Extracting primitive: RM_WIPES_PACKOUT_GUARD_A_MESH.001
01:30:40 | INFO: Primitives created: 1
01:30:40 | INFO: Extracting primitive: RM_WIPES_PACKOUT_GUARD_B_MESH.001
01:30:40 | INFO: Primitives created: 1
01:30:40 | INFO: Extracting primitive: RM_WIPES_PACKOUT_ROLLER_0_MESH.001
01:30:40 | INFO: Primitives created: 1
01:30:40 | INFO: Extracting primitive: RM_WIPES_PACKOUT_ROLLER_1_MESH.001
01:30:40 | INFO: Primitives created: 1
01:30:40 | INFO: Extracting primitive: RM_WIPES_PACKOUT_ROLLER_2_MESH.001
01:30:40 | INFO: Primitives created: 1
01:30:40 | INFO: Extracting primitive: RM_WIPES_PACKOUT_ROLLER_3_MESH.001
01:30:40 | INFO: Primitives created: 1
01:30:40 | INFO: Extracting primitive: RM_WIPES_PACKOUT_ROLLER_4_MESH.001
01:30:40 | INFO: Primitives created: 1
01:30:40 | INFO: Extracting primitive: RM_WIPES_POUCH_PACKER_CONTROL_MESH.001
01:30:40 | INFO: Primitives created: 1
01:30:40 | INFO: Extracting primitive: RM_WIPES_POUCH_PACKER_FRAME_MESH.001
01:30:40 | INFO: Primitives created: 1
01:30:40 | INFO: Extracting primitive: RM_WIPES_ROLL_MESH.001
01:30:40 | INFO: Primitives created: 1
01:30:40 | INFO: Extracting primitive: RM_WIPES_STACKER_CONTROL_MESH.001
01:30:40 | INFO: Primitives created: 1
01:30:40 | INFO: Extracting primitive: RM_WIPES_STACKER_FRAME_MESH.001
01:30:40 | INFO: Primitives created: 1
01:30:40 | INFO: Extracting primitive: RM_WIPES_UNWIND_STAND_MESH.001
01:30:40 | INFO: Primitives created: 1
01:30:40 | INFO: Extracting primitive: V02_ASSEMBLY_NEST_0_MESH
01:30:40 | INFO: Primitives created: 1
01:30:40 | INFO: Extracting primitive: V02_ASSEMBLY_NEST_1_MESH
01:30:40 | INFO: Primitives created: 1
01:30:40 | INFO: Extracting primitive: V02_ASSEMBLY_NEST_2_MESH
01:30:40 | INFO: Primitives created: 1
01:30:40 | INFO: Extracting primitive: V02_ASSEMBLY_NEST_3_MESH
01:30:40 | INFO: Primitives created: 1
01:30:40 | INFO: Extracting primitive: V02_ASSEMBLY_NEST_4_MESH
01:30:40 | INFO: Primitives created: 1
01:30:40 | INFO: Extracting primitive: V02_ASSEMBLY_NEST_5_MESH
01:30:40 | INFO: Primitives created: 1
01:30:40 | INFO: Extracting primitive: V02_BALANCE_BOWL_0_MESH
01:30:40 | INFO: Primitives created: 1
01:30:40 | INFO: Extracting primitive: V02_BALANCE_BOWL_1_MESH
01:30:40 | INFO: Primitives created: 1
01:30:40 | INFO: Extracting primitive: V02_BALANCE_BOWL_2_MESH
01:30:40 | INFO: Primitives created: 1
01:30:40 | INFO: Extracting primitive: V02_BLOW_BOTTLE_NECK_0_MESH
01:30:40 | INFO: Primitives created: 1
01:30:40 | INFO: Extracting primitive: V02_BLOW_BOTTLE_NECK_1_MESH
01:30:40 | INFO: Primitives created: 1
01:30:40 | INFO: Extracting primitive: V02_BLOW_BOTTLE_NECK_2_MESH
01:30:40 | INFO: Primitives created: 1
01:30:40 | INFO: Extracting primitive: V02_BLOW_BOTTLE_NECK_3_MESH
01:30:40 | INFO: Primitives created: 1
01:30:40 | INFO: Extracting primitive: V02_BLOW_BOTTLE_NECK_4_MESH
01:30:40 | INFO: Primitives created: 1
01:30:40 | INFO: Extracting primitive: V02_BLOW_BOTTLE_NECK_5_MESH
01:30:40 | INFO: Primitives created: 1
01:30:40 | INFO: Extracting primitive: V02_BLOW_BOTTLE_NECK_6_MESH
01:30:40 | INFO: Primitives created: 1
01:30:40 | INFO: Extracting primitive: V02_BLOW_BOTTLE_OUTFEED_FRAME_MESH
01:30:40 | INFO: Primitives created: 1
01:30:40 | INFO: Extracting primitive: V02_BLOW_BOTTLE_OUTFEED_ROLLER_0_MESH
01:30:40 | INFO: Primitives created: 1
01:30:40 | INFO: Extracting primitive: V02_BLOW_BOTTLE_OUTFEED_ROLLER_1_MESH
01:30:40 | INFO: Primitives created: 1
01:30:40 | INFO: Extracting primitive: V02_BLOW_BOTTLE_OUTFEED_ROLLER_2_MESH
01:30:40 | INFO: Primitives created: 1
01:30:40 | INFO: Extracting primitive: V02_BLOW_BOTTLE_OUTFEED_ROLLER_3_MESH
01:30:40 | INFO: Primitives created: 1
01:30:40 | INFO: Extracting primitive: V02_BLOW_BOTTLE_OUTFEED_ROLLER_4_MESH
01:30:40 | INFO: Primitives created: 1
01:30:40 | INFO: Extracting primitive: V02_BLOW_BOTTLE_OUTFEED_ROLLER_5_MESH
01:30:40 | INFO: Primitives created: 1
01:30:40 | INFO: Extracting primitive: V02_BLOW_BOTTLE_OUTFEED_ROLLER_6_MESH
01:30:40 | INFO: Primitives created: 1
01:30:40 | INFO: Extracting primitive: V02_BLOW_BOTTLE_OUTFEED_SIDE_A_MESH
01:30:40 | INFO: Primitives created: 1
01:30:40 | INFO: Extracting primitive: V02_BLOW_BOTTLE_OUTFEED_SIDE_B_MESH
01:30:40 | INFO: Primitives created: 1
01:30:40 | INFO: Extracting primitive: V02_BLOW_CLAMP_FRAME_MESH
01:30:40 | INFO: Primitives created: 1
01:30:40 | INFO: Extracting primitive: V02_BLOW_FORMED_BOTTLE_0_MESH
01:30:40 | INFO: Primitives created: 1
01:30:40 | INFO: Extracting primitive: V02_BLOW_FORMED_BOTTLE_1_MESH
01:30:40 | INFO: Primitives created: 1
01:30:40 | INFO: Extracting primitive: V02_BLOW_FORMED_BOTTLE_2_MESH
01:30:40 | INFO: Primitives created: 1
01:30:40 | INFO: Extracting primitive: V02_BLOW_FORMED_BOTTLE_3_MESH
01:30:40 | INFO: Primitives created: 1
01:30:40 | INFO: Extracting primitive: V02_BLOW_FORMED_BOTTLE_4_MESH
01:30:40 | INFO: Primitives created: 1
01:30:40 | INFO: Extracting primitive: V02_BLOW_FORMED_BOTTLE_5_MESH
01:30:40 | INFO: Primitives created: 1
01:30:40 | INFO: Extracting primitive: V02_BLOW_FORMED_BOTTLE_6_MESH
01:30:40 | INFO: Primitives created: 1
01:30:40 | INFO: Extracting primitive: V02_BLOW_HEATER_BANK_0_MESH
01:30:40 | INFO: Primitives created: 1
01:30:40 | INFO: Extracting primitive: V02_BLOW_HEATER_BANK_1_MESH
01:30:40 | INFO: Primitives created: 1
01:30:40 | INFO: Extracting primitive: V02_BLOW_HEATER_BANK_2_MESH
01:30:40 | INFO: Primitives created: 1
01:30:40 | INFO: Extracting primitive: V02_BLOW_HEATER_BANK_3_MESH
01:30:40 | INFO: Primitives created: 1
01:30:40 | INFO: Extracting primitive: V02_BLOW_HEATER_BANK_4_MESH
01:30:40 | INFO: Primitives created: 1
01:30:40 | INFO: Extracting primitive: V02_BLOW_HEATER_TUNNEL_MESH
01:30:40 | INFO: Primitives created: 1
01:30:40 | INFO: Extracting primitive: V02_BLOW_HOPPER_CONE_MESH
01:30:40 | INFO: Primitives created: 1
01:30:40 | INFO: Extracting primitive: V02_BLOW_MOULD_LEFT_MESH
01:30:40 | INFO: Primitives created: 1
01:30:40 | INFO: Extracting primitive: V02_BLOW_MOULD_RIGHT_MESH
01:30:40 | INFO: Primitives created: 1
01:30:40 | INFO: Extracting primitive: V02_BLOW_PREFORM_FEED_MESH
01:30:40 | INFO: Primitives created: 1
01:30:40 | INFO: Extracting primitive: V02_BLOW_PREFORM_HOPPER_MESH
01:30:40 | INFO: Primitives created: 1
01:30:40 | INFO: Extracting primitive: V02_BLOW_STRETCH_ROD_MESH
01:30:40 | INFO: Primitives created: 1
01:30:40 | INFO: Extracting primitive: V02_CAP_COMPONENT_0_MESH
01:30:40 | INFO: Primitives created: 1
01:30:40 | INFO: Extracting primitive: V02_CAP_COMPONENT_1_MESH
01:30:40 | INFO: Primitives created: 1
01:30:40 | INFO: Extracting primitive: V02_CAP_COMPONENT_2_MESH
01:30:40 | INFO: Primitives created: 1
01:30:40 | INFO: Extracting primitive: V02_CAP_COMPONENT_3_MESH
01:30:40 | INFO: Primitives created: 1
01:30:40 | INFO: Extracting primitive: V02_CAP_COMPONENT_4_MESH
01:30:40 | INFO: Primitives created: 1
01:30:40 | INFO: Extracting primitive: V02_CAP_COMPONENT_5_MESH
01:30:40 | INFO: Primitives created: 1
01:30:40 | INFO: Extracting primitive: V02_CAP_TRIGGER_CAROUSEL_MESH
01:30:40 | INFO: Primitives created: 1
01:30:40 | INFO: Extracting primitive: V02_CAP_TRIGGER_OUTFEED_FRAME_MESH
01:30:40 | INFO: Primitives created: 1
01:30:40 | INFO: Extracting primitive: V02_CAP_TRIGGER_OUTFEED_ROLLER_0_MESH
01:30:40 | INFO: Primitives created: 1
01:30:40 | INFO: Extracting primitive: V02_CAP_TRIGGER_OUTFEED_ROLLER_1_MESH
01:30:40 | INFO: Primitives created: 1
01:30:40 | INFO: Extracting primitive: V02_CAP_TRIGGER_OUTFEED_ROLLER_2_MESH
01:30:40 | INFO: Primitives created: 1
01:30:40 | INFO: Extracting primitive: V02_CAP_TRIGGER_OUTFEED_ROLLER_3_MESH
01:30:40 | INFO: Primitives created: 1
01:30:40 | INFO: Extracting primitive: V02_CAP_TRIGGER_OUTFEED_ROLLER_4_MESH
01:30:40 | INFO: Primitives created: 1
01:30:40 | INFO: Extracting primitive: V02_CAP_TRIGGER_OUTFEED_ROLLER_5_MESH
01:30:40 | INFO: Primitives created: 1
01:30:40 | INFO: Extracting primitive: V02_CAP_TRIGGER_OUTFEED_ROLLER_6_MESH
01:30:40 | INFO: Primitives created: 1
01:30:40 | INFO: Extracting primitive: V02_CAP_TRIGGER_OUTFEED_SIDE_A_MESH
01:30:40 | INFO: Primitives created: 1
01:30:40 | INFO: Extracting primitive: V02_CAP_TRIGGER_OUTFEED_SIDE_B_MESH
01:30:40 | INFO: Primitives created: 1
01:30:40 | INFO: Extracting primitive: V02_CAPPER_HEAD_MESH
01:30:40 | INFO: Primitives created: 1
01:30:40 | INFO: Extracting primitive: V02_CAPS_BOWL_FEEDER_MESH
01:30:40 | INFO: Primitives created: 1
01:30:40 | INFO: Extracting primitive: V02_CAPS_BOWL_RIM_MESH
01:30:40 | INFO: Primitives created: 1
01:30:40 | INFO: Extracting primitive: V02_CAPS_BOWL_TRACK_MESH
01:30:40 | INFO: Primitives created: 1
01:30:40 | INFO: Extracting primitive: V02_EMPTY_TUBE_0_MESH
01:30:40 | INFO: Primitives created: 1
01:30:40 | INFO: Extracting primitive: V02_EMPTY_TUBE_1_MESH
01:30:40 | INFO: Primitives created: 1
01:30:40 | INFO: Extracting primitive: V02_EMPTY_TUBE_2_MESH
01:30:40 | INFO: Primitives created: 1
01:30:40 | INFO: Extracting primitive: V02_EMPTY_TUBE_3_MESH
01:30:40 | INFO: Primitives created: 1
01:30:40 | INFO: Extracting primitive: V02_EMPTY_TUBE_4_MESH
01:30:40 | INFO: Primitives created: 1
01:30:40 | INFO: Extracting primitive: V02_FILL_BOTTLE_0_MESH
01:30:40 | INFO: Primitives created: 1
01:30:40 | INFO: Extracting primitive: V02_FILL_BOTTLE_1_MESH
01:30:40 | INFO: Primitives created: 1
01:30:40 | INFO: Extracting primitive: V02_FILL_BOTTLE_2_MESH
01:30:40 | INFO: Primitives created: 1
01:30:40 | INFO: Extracting primitive: V02_FILL_BOTTLE_3_MESH
01:30:40 | INFO: Primitives created: 1
01:30:40 | INFO: Extracting primitive: V02_FILL_BOTTLE_4_MESH
01:30:40 | INFO: Primitives created: 1
01:30:40 | INFO: Extracting primitive: V02_FILL_BOTTLE_5_MESH
01:30:40 | INFO: Primitives created: 1
01:30:40 | INFO: Extracting primitive: V02_FILL_BOTTLE_6_MESH
01:30:40 | INFO: Primitives created: 1
01:30:40 | INFO: Extracting primitive: V02_FILL_BOTTLE_7_MESH
01:30:40 | INFO: Primitives created: 1
01:30:40 | INFO: Extracting primitive: V02_FILL_BOTTLE_8_MESH
01:30:40 | INFO: Primitives created: 1
01:30:40 | INFO: Extracting primitive: V02_FILL_BOTTLE_9_MESH
01:30:40 | INFO: Primitives created: 1
01:30:40 | INFO: Extracting primitive: V02_FILL_NOZZLE_0_MESH
01:30:40 | INFO: Primitives created: 1
01:30:40 | INFO: Extracting primitive: V02_FILL_NOZZLE_1_MESH
01:30:40 | INFO: Primitives created: 1
01:30:40 | INFO: Extracting primitive: V02_FILL_NOZZLE_2_MESH
01:30:40 | INFO: Primitives created: 1
01:30:40 | INFO: Extracting primitive: V02_FILL_NOZZLE_3_MESH
01:30:40 | INFO: Primitives created: 1
01:30:40 | INFO: Extracting primitive: V02_FILL_NOZZLE_4_MESH
01:30:40 | INFO: Primitives created: 1
01:30:40 | INFO: Extracting primitive: V02_FILL_NOZZLE_5_MESH
01:30:40 | INFO: Primitives created: 1
01:30:40 | INFO: Extracting primitive: V02_FILL_NOZZLE_6_MESH
01:30:40 | INFO: Primitives created: 1
01:30:40 | INFO: Extracting primitive: V02_FILL_NOZZLE_7_MESH
01:30:40 | INFO: Primitives created: 1
01:30:40 | INFO: Extracting primitive: V02_FILL_NOZZLE_8_MESH
01:30:40 | INFO: Primitives created: 1
01:30:40 | INFO: Extracting primitive: V02_FILL_NOZZLE_9_MESH
01:30:40 | INFO: Primitives created: 1
01:30:40 | INFO: Extracting primitive: V02_FILLED_TUBE_0_MESH
01:30:40 | INFO: Primitives created: 1
01:30:40 | INFO: Extracting primitive: V02_FILLED_TUBE_1_MESH
01:30:40 | INFO: Primitives created: 1
01:30:40 | INFO: Extracting primitive: V02_FILLED_TUBE_2_MESH
01:30:40 | INFO: Primitives created: 1
01:30:40 | INFO: Extracting primitive: V02_FILLED_TUBE_3_MESH
01:30:40 | INFO: Primitives created: 1
01:30:40 | INFO: Extracting primitive: V02_FILLED_TUBE_4_MESH
01:30:40 | INFO: Primitives created: 1
01:30:40 | INFO: Extracting primitive: V02_FILLER_HEAD_FRAME_MESH
01:30:40 | INFO: Primitives created: 1
01:30:40 | INFO: Extracting primitive: V02_GLASS_CAFE_BACKBAR_MESH
01:30:40 | INFO: Primitives created: 1
01:30:40 | INFO: Extracting primitive: V02_GLASS_CAFE_COUNTER_MESH
01:30:40 | INFO: Primitives created: 1
01:30:40 | INFO: Extracting primitive: V02_GLASS_CAFE_STOOL_0_MESH
01:30:40 | INFO: Primitives created: 1
01:30:40 | INFO: Extracting primitive: V02_GLASS_CAFE_STOOL_1_MESH
01:30:40 | INFO: Primitives created: 1
01:30:40 | INFO: Extracting primitive: V02_GLASS_CAFE_STOOL_2_MESH
01:30:40 | INFO: Primitives created: 1
01:30:40 | INFO: Extracting primitive: V02_GLASS_CAFE_STOOL_3_MESH
01:30:40 | INFO: Primitives created: 1
01:30:40 | INFO: Extracting primitive: V02_GLASS_COMMAND_CHAIR_0_MESH
01:30:40 | INFO: Primitives created: 1
01:30:40 | INFO: Extracting primitive: V02_GLASS_COMMAND_CHAIR_1_MESH
01:30:40 | INFO: Primitives created: 1
01:30:40 | INFO: Extracting primitive: V02_GLASS_COMMAND_CHAIR_2_MESH
01:30:40 | INFO: Primitives created: 1
01:30:40 | INFO: Extracting primitive: V02_GLASS_COMMAND_CHAIR_3_MESH
01:30:40 | INFO: Primitives created: 1
01:30:40 | INFO: Extracting primitive: V02_GLASS_COMMAND_CONSOLE_MESH
01:30:40 | INFO: Primitives created: 1
01:30:40 | INFO: Extracting primitive: V02_GLASS_COMMAND_SCREEN_0_MESH
01:30:40 | INFO: Primitives created: 1
01:30:40 | INFO: Extracting primitive: V02_GLASS_COMMAND_SCREEN_1_MESH
01:30:40 | INFO: Primitives created: 1
01:30:40 | INFO: Extracting primitive: V02_GLASS_COMMAND_SCREEN_2_MESH
01:30:40 | INFO: Primitives created: 1
01:30:40 | INFO: Extracting primitive: V02_GLASS_COMMAND_SCREEN_3_MESH
01:30:40 | INFO: Primitives created: 1
01:30:40 | INFO: Extracting primitive: V02_GLASS_COMMAND_SCREEN_4_MESH
01:30:40 | INFO: Primitives created: 1
01:30:40 | INFO: Extracting primitive: V02_GLASS_COMMAND_WALL_MESH
01:30:40 | INFO: Primitives created: 1
01:30:40 | INFO: Extracting primitive: V02_GLASS_GALLERY_FLOOR_MESH
01:30:40 | INFO: Primitives created: 1
01:30:40 | INFO: Extracting primitive: V02_GLASS_TRAINING_SEAT_0_MESH
01:30:40 | INFO: Primitives created: 1
01:30:40 | INFO: Extracting primitive: V02_GLASS_TRAINING_SEAT_1_MESH
01:30:40 | INFO: Primitives created: 1
01:30:40 | INFO: Extracting primitive: V02_GLASS_TRAINING_SEAT_2_MESH
01:30:40 | INFO: Primitives created: 1
01:30:40 | INFO: Extracting primitive: V02_GLASS_TRAINING_SEAT_3_MESH
01:30:40 | INFO: Primitives created: 1
01:30:40 | INFO: Extracting primitive: V02_GLASS_TRAINING_SEAT_4_MESH
01:30:40 | INFO: Primitives created: 1
01:30:40 | INFO: Extracting primitive: V02_GLASS_TRAINING_SEAT_5_MESH
01:30:40 | INFO: Primitives created: 1
01:30:40 | INFO: Extracting primitive: V02_GLASS_TRAINING_TABLE_MESH
01:30:40 | INFO: Primitives created: 1
01:30:40 | INFO: Extracting primitive: V02_LABEL_REEL_IN_MESH
01:30:40 | INFO: Primitives created: 1
01:30:40 | INFO: Extracting primitive: V02_LABEL_REEL_OUT_MESH
01:30:40 | INFO: Primitives created: 1
01:30:40 | INFO: Extracting primitive: V02_LIQUID_CAPPER_MESH
01:30:40 | INFO: Primitives created: 1
01:30:40 | INFO: Extracting primitive: V02_LIQUID_CASE_0_MESH
01:30:40 | INFO: Primitives created: 1
01:30:40 | INFO: Extracting primitive: V02_LIQUID_CASE_1_MESH
01:30:40 | INFO: Primitives created: 1
01:30:40 | INFO: Extracting primitive: V02_LIQUID_CASE_2_MESH
01:30:40 | INFO: Primitives created: 1
01:30:40 | INFO: Extracting primitive: V02_LIQUID_CASE_3_MESH
01:30:40 | INFO: Primitives created: 1
01:30:40 | INFO: Extracting primitive: V02_LIQUID_CASE_OUTFEED_FRAME_MESH
01:30:40 | INFO: Primitives created: 1
01:30:40 | INFO: Extracting primitive: V02_LIQUID_CASE_OUTFEED_ROLLER_0_MESH
01:30:40 | INFO: Primitives created: 1
01:30:40 | INFO: Extracting primitive: V02_LIQUID_CASE_OUTFEED_ROLLER_1_MESH
01:30:40 | INFO: Primitives created: 1
01:30:40 | INFO: Extracting primitive: V02_LIQUID_CASE_OUTFEED_ROLLER_2_MESH
01:30:40 | INFO: Primitives created: 1
01:30:40 | INFO: Extracting primitive: V02_LIQUID_CASE_OUTFEED_ROLLER_3_MESH
01:30:40 | INFO: Primitives created: 1
01:30:40 | INFO: Extracting primitive: V02_LIQUID_CASE_OUTFEED_ROLLER_4_MESH
01:30:40 | INFO: Primitives created: 1
01:30:40 | INFO: Extracting primitive: V02_LIQUID_CASE_OUTFEED_ROLLER_5_MESH
01:30:40 | INFO: Primitives created: 1
01:30:40 | INFO: Extracting primitive: V02_LIQUID_CASE_OUTFEED_ROLLER_6_MESH
01:30:40 | INFO: Primitives created: 1
01:30:40 | INFO: Extracting primitive: V02_LIQUID_CASE_OUTFEED_SIDE_A_MESH
01:30:40 | INFO: Primitives created: 1
01:30:40 | INFO: Extracting primitive: V02_LIQUID_CASE_OUTFEED_SIDE_B_MESH
01:30:40 | INFO: Primitives created: 1
01:30:40 | INFO: Extracting primitive: V02_LIQUID_CASE_PACKER_MESH
01:30:40 | INFO: Primitives created: 1
01:30:40 | INFO: Extracting primitive: V02_LIQUID_FILLER_CAROUSEL_MESH
01:30:40 | INFO: Primitives created: 1
01:30:40 | INFO: Extracting primitive: V02_LIQUID_INFEED_FRAME_MESH
01:30:40 | INFO: Primitives created: 1
01:30:40 | INFO: Extracting primitive: V02_LIQUID_INFEED_ROLLER_0_MESH
01:30:40 | INFO: Primitives created: 1
01:30:40 | INFO: Extracting primitive: V02_LIQUID_INFEED_ROLLER_1_MESH
01:30:40 | INFO: Primitives created: 1
01:30:40 | INFO: Extracting primitive: V02_LIQUID_INFEED_ROLLER_2_MESH
01:30:40 | INFO: Primitives created: 1
01:30:40 | INFO: Extracting primitive: V02_LIQUID_INFEED_ROLLER_3_MESH
01:30:40 | INFO: Primitives created: 1
01:30:40 | INFO: Extracting primitive: V02_LIQUID_INFEED_ROLLER_4_MESH
01:30:40 | INFO: Primitives created: 1
01:30:40 | INFO: Extracting primitive: V02_LIQUID_INFEED_ROLLER_5_MESH
01:30:40 | INFO: Primitives created: 1
01:30:40 | INFO: Extracting primitive: V02_LIQUID_INFEED_ROLLER_6_MESH
01:30:40 | INFO: Primitives created: 1
01:30:40 | INFO: Extracting primitive: V02_LIQUID_INFEED_SIDE_A_MESH
01:30:40 | INFO: Primitives created: 1
01:30:40 | INFO: Extracting primitive: V02_LIQUID_INFEED_SIDE_B_MESH
01:30:40 | INFO: Primitives created: 1
01:30:40 | INFO: Extracting primitive: V02_LIQUID_LABELER_MESH
01:30:40 | INFO: Primitives created: 1
01:30:40 | INFO: Extracting primitive: V02_LIQUID_MAIN_CONVEYOR_FRAME_MESH
01:30:40 | INFO: Primitives created: 1
01:30:40 | INFO: Extracting primitive: V02_LIQUID_MAIN_CONVEYOR_ROLLER_0_MESH
01:30:40 | INFO: Primitives created: 1
01:30:40 | INFO: Extracting primitive: V02_LIQUID_MAIN_CONVEYOR_ROLLER_1_MESH
01:30:40 | INFO: Primitives created: 1
01:30:40 | INFO: Extracting primitive: V02_LIQUID_MAIN_CONVEYOR_ROLLER_2_MESH
01:30:40 | INFO: Primitives created: 1
01:30:40 | INFO: Extracting primitive: V02_LIQUID_MAIN_CONVEYOR_ROLLER_3_MESH
01:30:40 | INFO: Primitives created: 1
01:30:40 | INFO: Extracting primitive: V02_LIQUID_MAIN_CONVEYOR_ROLLER_4_MESH
01:30:40 | INFO: Primitives created: 1
01:30:40 | INFO: Extracting primitive: V02_LIQUID_MAIN_CONVEYOR_ROLLER_5_MESH
01:30:40 | INFO: Primitives created: 1
01:30:40 | INFO: Extracting primitive: V02_LIQUID_MAIN_CONVEYOR_ROLLER_6_MESH
01:30:40 | INFO: Primitives created: 1
01:30:40 | INFO: Extracting primitive: V02_LIQUID_MAIN_CONVEYOR_SIDE_A_MESH
01:30:40 | INFO: Primitives created: 1
01:30:40 | INFO: Extracting primitive: V02_LIQUID_MAIN_CONVEYOR_SIDE_B_MESH
01:30:40 | INFO: Primitives created: 1
01:30:40 | INFO: Extracting primitive: V02_PASTE_CARTONER_MESH
01:30:40 | INFO: Primitives created: 1
01:30:40 | INFO: Extracting primitive: V02_PASTE_CRIMPER_MESH
01:30:40 | INFO: Primitives created: 1
01:30:40 | INFO: Extracting primitive: V02_PASTE_HOLDING_MOTOR_MESH
01:30:40 | INFO: Primitives created: 1
01:30:40 | INFO: Extracting primitive: V02_PASTE_HOLDING_TANK_MESH
01:30:40 | INFO: Primitives created: 1
01:30:40 | INFO: Extracting primitive: V02_PASTE_MIXER_LID_MESH
01:30:40 | INFO: Primitives created: 1
01:30:40 | INFO: Extracting primitive: V02_PASTE_TRANSFER_MESH
01:30:40 | INFO: Primitives created: 1
01:30:40 | INFO: Extracting primitive: V02_PASTE_TUBE_CONVEYOR_FRAME_MESH
01:30:40 | INFO: Primitives created: 1
01:30:40 | INFO: Extracting primitive: V02_PASTE_TUBE_CONVEYOR_ROLLER_0_MESH
01:30:40 | INFO: Primitives created: 1
01:30:40 | INFO: Extracting primitive: V02_PASTE_TUBE_CONVEYOR_ROLLER_1_MESH
01:30:40 | INFO: Primitives created: 1
01:30:40 | INFO: Extracting primitive: V02_PASTE_TUBE_CONVEYOR_ROLLER_2_MESH
01:30:40 | INFO: Primitives created: 1
01:30:40 | INFO: Extracting primitive: V02_PASTE_TUBE_CONVEYOR_ROLLER_3_MESH
01:30:40 | INFO: Primitives created: 1
01:30:40 | INFO: Extracting primitive: V02_PASTE_TUBE_CONVEYOR_ROLLER_4_MESH
01:30:40 | INFO: Primitives created: 1
01:30:40 | INFO: Extracting primitive: V02_PASTE_TUBE_CONVEYOR_ROLLER_5_MESH
01:30:40 | INFO: Primitives created: 1
01:30:40 | INFO: Extracting primitive: V02_PASTE_TUBE_CONVEYOR_ROLLER_6_MESH
01:30:40 | INFO: Primitives created: 1
01:30:40 | INFO: Extracting primitive: V02_PASTE_TUBE_CONVEYOR_SIDE_A_MESH
01:30:40 | INFO: Primitives created: 1
01:30:40 | INFO: Extracting primitive: V02_PASTE_TUBE_CONVEYOR_SIDE_B_MESH
01:30:40 | INFO: Primitives created: 1
01:30:40 | INFO: Extracting primitive: V02_PASTE_TUBE_FILLER_MESH
01:30:40 | INFO: Primitives created: 1
01:30:40 | INFO: Extracting primitive: V02_PASTE_VACUUM_MIXER_MESH
01:30:40 | INFO: Primitives created: 1
01:30:40 | INFO: Extracting primitive: V02_PICK_HEAD_0_MESH
01:30:40 | INFO: Primitives created: 1
01:30:40 | INFO: Extracting primitive: V02_PICK_HEAD_1_MESH
01:30:40 | INFO: Primitives created: 1
01:30:40 | INFO: Extracting primitive: V02_PICK_HEAD_2_MESH
01:30:40 | INFO: Primitives created: 1
01:30:40 | INFO: Extracting primitive: V02_PICK_HEAD_COLUMN_0_MESH
01:30:40 | INFO: Primitives created: 1
01:30:40 | INFO: Extracting primitive: V02_PICK_HEAD_COLUMN_1_MESH
01:30:40 | INFO: Primitives created: 1
01:30:40 | INFO: Extracting primitive: V02_PICK_HEAD_COLUMN_2_MESH
01:30:40 | INFO: Primitives created: 1
01:30:40 | INFO: Extracting primitive: V02_PICK_HEAD_DROP_0_MESH
01:30:40 | INFO: Primitives created: 1
01:30:40 | INFO: Extracting primitive: V02_PICK_HEAD_DROP_1_MESH
01:30:40 | INFO: Primitives created: 1
01:30:40 | INFO: Extracting primitive: V02_PICK_HEAD_DROP_2_MESH
01:30:40 | INFO: Primitives created: 1
01:30:40 | INFO: Extracting primitive: V02_PRECISION_BALANCE_0_MESH
01:30:40 | INFO: Primitives created: 1
01:30:40 | INFO: Extracting primitive: V02_PRECISION_BALANCE_1_MESH
01:30:40 | INFO: Primitives created: 1
01:30:40 | INFO: Extracting primitive: V02_PRECISION_BALANCE_2_MESH
01:30:40 | INFO: Primitives created: 1
01:30:40 | INFO: Extracting primitive: V02_TRIGGER_COMPONENT_0_MESH
01:30:40 | INFO: Primitives created: 1
01:30:40 | INFO: Extracting primitive: V02_TRIGGER_COMPONENT_1_MESH
01:30:40 | INFO: Primitives created: 1
01:30:40 | INFO: Extracting primitive: V02_TRIGGER_COMPONENT_2_MESH
01:30:40 | INFO: Primitives created: 1
01:30:40 | INFO: Extracting primitive: V02_TRIGGER_COMPONENT_3_MESH
01:30:40 | INFO: Primitives created: 1
01:30:40 | INFO: Extracting primitive: V02_TRIGGER_COMPONENT_4_MESH
01:30:40 | INFO: Primitives created: 1
01:30:40 | INFO: Extracting primitive: V02_TRIGGER_COMPONENT_5_MESH
01:30:40 | INFO: Primitives created: 1
01:30:40 | INFO: Extracting primitive: V02_TRIGGER_MAGAZINE_MESH
01:30:40 | INFO: Primitives created: 1
01:30:40 | INFO: Extracting primitive: V02_TRIGGER_SLOT_0_MESH
01:30:40 | INFO: Primitives created: 1
01:30:40 | INFO: Extracting primitive: V02_TRIGGER_SLOT_1_MESH
01:30:40 | INFO: Primitives created: 1
01:30:40 | INFO: Extracting primitive: V02_TRIGGER_SLOT_2_MESH
01:30:40 | INFO: Primitives created: 1
01:30:40 | INFO: Extracting primitive: V02_TRIGGER_SLOT_3_MESH
01:30:40 | INFO: Primitives created: 1
01:30:40 | INFO: Extracting primitive: V02_TRIGGER_SLOT_4_MESH
01:30:40 | INFO: Primitives created: 1
01:30:40 | INFO: Extracting primitive: V02_TUBE_GUIDE_0_MESH
01:30:40 | INFO: Primitives created: 1
01:30:40 | INFO: Extracting primitive: V02_TUBE_GUIDE_1_MESH
01:30:40 | INFO: Primitives created: 1
01:30:40 | INFO: Extracting primitive: V02_TUBE_GUIDE_2_MESH
01:30:40 | INFO: Primitives created: 1
01:30:40 | INFO: Extracting primitive: V02_TUBE_GUIDE_3_MESH
01:30:40 | INFO: Primitives created: 1
01:30:40 | INFO: Extracting primitive: V02_TUBE_GUIDE_4_MESH
01:30:40 | INFO: Primitives created: 1
01:30:40 | INFO: Extracting primitive: V02_TUBE_MAGAZINE_MESH
01:30:40 | INFO: Primitives created: 1
01:30:40 | INFO: Extracting primitive: V02_WEIGH_BALANCE_TABLE_MESH
01:30:40 | INFO: Primitives created: 1
01:30:40 | INFO: Extracting primitive: V02_WEIGH_BOOTH_BACK_MESH
01:30:40 | INFO: Primitives created: 1
01:30:40 | INFO: Extracting primitive: V02_WEIGH_BOOTH_SIDE_MESH
01:30:40 | INFO: Primitives created: 1
01:30:40 | INFO: Extracting primitive: V02_WEIGH_DOSING_CHUTE_0_MESH
01:30:40 | INFO: Primitives created: 1
01:30:40 | INFO: Extracting primitive: V02_WEIGH_DOSING_CHUTE_1_MESH
01:30:40 | INFO: Primitives created: 1
01:30:40 | INFO: Extracting primitive: V02_WEIGH_DOSING_CHUTE_2_MESH
01:30:40 | INFO: Primitives created: 1
01:30:40 | INFO: Extracting primitive: V02_WEIGH_DOSING_CHUTE_3_MESH
01:30:40 | INFO: Primitives created: 1
01:30:40 | INFO: Extracting primitive: V02_WEIGH_HOPPER_0_MESH
01:30:40 | INFO: Primitives created: 1
01:30:40 | INFO: Extracting primitive: V02_WEIGH_HOPPER_1_MESH
01:30:40 | INFO: Primitives created: 1
01:30:40 | INFO: Extracting primitive: V02_WEIGH_HOPPER_2_MESH
01:30:40 | INFO: Primitives created: 1
01:30:40 | INFO: Extracting primitive: V02_WEIGH_HOPPER_3_MESH
01:30:40 | INFO: Primitives created: 1
01:30:40 | INFO: Extracting primitive: V02_WEIGH_HOPPER_VALVE_0_MESH
01:30:40 | INFO: Primitives created: 1
01:30:40 | INFO: Extracting primitive: V02_WEIGH_HOPPER_VALVE_1_MESH
01:30:40 | INFO: Primitives created: 1
01:30:40 | INFO: Extracting primitive: V02_WEIGH_HOPPER_VALVE_2_MESH
01:30:40 | INFO: Primitives created: 1
01:30:40 | INFO: Extracting primitive: V02_WEIGH_HOPPER_VALVE_3_MESH
01:30:40 | INFO: Primitives created: 1
01:30:40 | INFO: Extracting primitive: V02_WEIGH_OPERATOR_TABLE_MESH
01:30:40 | INFO: Primitives created: 1
01:30:40 | INFO: Extracting primitive: V02_WEIGH_TRANSFER_TOTE_MESH
01:30:40 | INFO: Primitives created: 1
01:30:40 | INFO: Extracting primitive: V02_WIPES_CONVERTING_LINE_FRAME_MESH
01:30:40 | INFO: Primitives created: 1
01:30:40 | INFO: Extracting primitive: V02_WIPES_CONVERTING_LINE_ROLLER_0_MESH
01:30:40 | INFO: Primitives created: 1
01:30:40 | INFO: Extracting primitive: V02_WIPES_CONVERTING_LINE_ROLLER_1_MESH
01:30:40 | INFO: Primitives created: 1
01:30:40 | INFO: Extracting primitive: V02_WIPES_CONVERTING_LINE_ROLLER_2_MESH
01:30:40 | INFO: Primitives created: 1
01:30:40 | INFO: Extracting primitive: V02_WIPES_CONVERTING_LINE_ROLLER_3_MESH
01:30:40 | INFO: Primitives created: 1
01:30:40 | INFO: Extracting primitive: V02_WIPES_CONVERTING_LINE_ROLLER_4_MESH
01:30:40 | INFO: Primitives created: 1
01:30:40 | INFO: Extracting primitive: V02_WIPES_CONVERTING_LINE_ROLLER_5_MESH
01:30:40 | INFO: Primitives created: 1
01:30:40 | INFO: Extracting primitive: V02_WIPES_CONVERTING_LINE_ROLLER_6_MESH
01:30:40 | INFO: Primitives created: 1
01:30:40 | INFO: Extracting primitive: V02_WIPES_CONVERTING_LINE_SIDE_A_MESH
01:30:40 | INFO: Primitives created: 1
01:30:40 | INFO: Extracting primitive: V02_WIPES_CONVERTING_LINE_SIDE_B_MESH
01:30:40 | INFO: Primitives created: 1
01:30:40 | INFO: Extracting primitive: V02_WIPES_CUTTER_MESH
01:30:40 | INFO: Primitives created: 1
01:30:40 | INFO: Extracting primitive: V02_WIPES_FOLDING_GUIDE_MESH
01:30:40 | INFO: Primitives created: 1
01:30:40 | INFO: Extracting primitive: V02_WIPES_FOLDING_PLOW_MESH
01:30:40 | INFO: Primitives created: 1
01:30:40 | INFO: Extracting primitive: V02_WIPES_LOTION_BATH_MESH
01:30:40 | INFO: Primitives created: 1
01:30:40 | INFO: Extracting primitive: V02_WIPES_LOTION_FEED_MESH
01:30:40 | INFO: Primitives created: 1
01:30:40 | INFO: Extracting primitive: V02_WIPES_MASTER_ROLL_MESH
01:30:40 | INFO: Primitives created: 1
01:30:40 | INFO: Extracting primitive: V02_WIPES_PACK_OUT_FRAME_MESH
01:30:40 | INFO: Primitives created: 1
01:30:40 | INFO: Extracting primitive: V02_WIPES_PACK_OUT_ROLLER_0_MESH
01:30:40 | INFO: Primitives created: 1
01:30:40 | INFO: Extracting primitive: V02_WIPES_PACK_OUT_ROLLER_1_MESH
01:30:40 | INFO: Primitives created: 1
01:30:40 | INFO: Extracting primitive: V02_WIPES_PACK_OUT_ROLLER_2_MESH
01:30:40 | INFO: Primitives created: 1
01:30:40 | INFO: Extracting primitive: V02_WIPES_PACK_OUT_ROLLER_3_MESH
01:30:40 | INFO: Primitives created: 1
01:30:40 | INFO: Extracting primitive: V02_WIPES_PACK_OUT_ROLLER_4_MESH
01:30:40 | INFO: Primitives created: 1
01:30:40 | INFO: Extracting primitive: V02_WIPES_PACK_OUT_ROLLER_5_MESH
01:30:40 | INFO: Primitives created: 1
01:30:40 | INFO: Extracting primitive: V02_WIPES_PACK_OUT_ROLLER_6_MESH
01:30:40 | INFO: Primitives created: 1
01:30:40 | INFO: Extracting primitive: V02_WIPES_PACK_OUT_SIDE_A_MESH
01:30:40 | INFO: Primitives created: 1
01:30:40 | INFO: Extracting primitive: V02_WIPES_PACK_OUT_SIDE_B_MESH
01:30:40 | INFO: Primitives created: 1
01:30:40 | INFO: Extracting primitive: V02_WIPES_POUCH_PACKER_MESH
01:30:40 | INFO: Primitives created: 1
01:30:40 | INFO: Extracting primitive: V02_WIPES_STACK_0_MESH
01:30:40 | INFO: Primitives created: 1
01:30:40 | INFO: Extracting primitive: V02_WIPES_STACK_1_MESH
01:30:40 | INFO: Primitives created: 1
01:30:40 | INFO: Extracting primitive: V02_WIPES_STACK_2_MESH
01:30:40 | INFO: Primitives created: 1
01:30:40 | INFO: Extracting primitive: V02_WIPES_STACK_3_MESH
01:30:40 | INFO: Primitives created: 1
01:30:40 | INFO: Extracting primitive: V02_WIPES_STACK_4_MESH
01:30:40 | INFO: Primitives created: 1
01:30:40 | INFO: Extracting primitive: V02_WIPES_STACKER_MESH
01:30:40 | INFO: Primitives created: 1
01:30:40 | INFO: Extracting primitive: V02_WIPES_UNWIND_FRAME_MESH
01:30:40 | INFO: Primitives created: 1
01:30:40 | INFO: Extracting primitive: V02_WIPES_WETTING_ROLL_A_MESH
01:30:40 | INFO: Primitives created: 1
01:30:40 | INFO: Extracting primitive: V02_WIPES_WETTING_ROLL_B_MESH
01:30:40 | INFO: Primitives created: 1
01:30:40 | INFO: Extracting primitive: V03_BLOW_AIR_DROP_00_MESH
01:30:40 | INFO: Primitives created: 1
01:30:40 | INFO: Extracting primitive: V03_BLOW_AIR_DROP_01_MESH
01:30:40 | INFO: Primitives created: 1
01:30:40 | INFO: Extracting primitive: V03_BLOW_AIR_DROP_02_MESH
01:30:40 | INFO: Primitives created: 1
01:30:40 | INFO: Extracting primitive: V03_BLOW_AIR_HEADER_MESH
01:30:40 | INFO: Primitives created: 1
01:30:40 | INFO: Extracting primitive: V03_BLOW_BACK_WALL_MESH
01:30:40 | INFO: Primitives created: 1
01:30:40 | INFO: Extracting primitive: V03_BLOW_BOTTLE_NECK_00_MESH
01:30:40 | INFO: Primitives created: 1
01:30:40 | INFO: Extracting primitive: V03_BLOW_BOTTLE_NECK_01_MESH
01:30:40 | INFO: Primitives created: 1
01:30:40 | INFO: Extracting primitive: V03_BLOW_BOTTLE_NECK_02_MESH
01:30:40 | INFO: Primitives created: 1
01:30:40 | INFO: Extracting primitive: V03_BLOW_BOTTLE_NECK_03_MESH
01:30:40 | INFO: Primitives created: 1
01:30:40 | INFO: Extracting primitive: V03_BLOW_BOTTLE_NECK_04_MESH
01:30:40 | INFO: Primitives created: 1
01:30:40 | INFO: Extracting primitive: V03_BLOW_BOTTLE_NECK_05_MESH
01:30:40 | INFO: Primitives created: 1
01:30:40 | INFO: Extracting primitive: V03_BLOW_BOTTLE_NECK_06_MESH
01:30:40 | INFO: Primitives created: 1
01:30:40 | INFO: Extracting primitive: V03_BLOW_BOTTLE_NECK_07_MESH
01:30:40 | INFO: Primitives created: 1
01:30:40 | INFO: Extracting primitive: V03_BLOW_BOTTLE_OUTFEED_FRAME_MESH
01:30:40 | INFO: Primitives created: 1
01:30:40 | INFO: Extracting primitive: V03_BLOW_BOTTLE_OUTFEED_GUARD_A_MESH
01:30:40 | INFO: Primitives created: 1
01:30:40 | INFO: Extracting primitive: V03_BLOW_BOTTLE_OUTFEED_GUARD_B_MESH
01:30:40 | INFO: Primitives created: 1
01:30:40 | INFO: Extracting primitive: V03_BLOW_BOTTLE_OUTFEED_ROLLER_00_MESH
01:30:40 | INFO: Primitives created: 1
01:30:40 | INFO: Extracting primitive: V03_BLOW_BOTTLE_OUTFEED_ROLLER_01_MESH
01:30:40 | INFO: Primitives created: 1
01:30:40 | INFO: Extracting primitive: V03_BLOW_BOTTLE_OUTFEED_ROLLER_02_MESH
01:30:40 | INFO: Primitives created: 1
01:30:40 | INFO: Extracting primitive: V03_BLOW_BOTTLE_OUTFEED_ROLLER_03_MESH
01:30:40 | INFO: Primitives created: 1
01:30:40 | INFO: Extracting primitive: V03_BLOW_BOTTLE_OUTFEED_ROLLER_04_MESH
01:30:40 | INFO: Primitives created: 1
01:30:40 | INFO: Extracting primitive: V03_BLOW_BOTTLE_OUTFEED_ROLLER_05_MESH
01:30:40 | INFO: Primitives created: 1
01:30:40 | INFO: Extracting primitive: V03_BLOW_BOTTLE_OUTFEED_ROLLER_06_MESH
01:30:40 | INFO: Primitives created: 1
01:30:40 | INFO: Extracting primitive: V03_BLOW_CASE_PACKER_MESH
01:30:40 | INFO: Primitives created: 1
01:30:40 | INFO: Extracting primitive: V03_BLOW_CLAMP_GUARD_MESH
01:30:40 | INFO: Primitives created: 1
01:30:40 | INFO: Extracting primitive: V03_BLOW_CLAMP_WINDOW_MESH
01:30:40 | INFO: Primitives created: 1
01:30:40 | INFO: Extracting primitive: V03_BLOW_FINISHED_CASE_00_MESH
01:30:40 | INFO: Primitives created: 1
01:30:40 | INFO: Extracting primitive: V03_BLOW_FINISHED_CASE_01_MESH
01:30:40 | INFO: Primitives created: 1
01:30:40 | INFO: Extracting primitive: V03_BLOW_FINISHED_CASE_02_MESH
01:30:40 | INFO: Primitives created: 1
01:30:40 | INFO: Extracting primitive: V03_BLOW_FINISHED_CASE_03_MESH
01:30:40 | INFO: Primitives created: 1
01:30:40 | INFO: Extracting primitive: V03_BLOW_FLOOR_MESH
01:30:40 | INFO: Primitives created: 1
01:30:40 | INFO: Extracting primitive: V03_BLOW_FORMED_BOTTLE_00_MESH
01:30:40 | INFO: Primitives created: 1
01:30:40 | INFO: Extracting primitive: V03_BLOW_FORMED_BOTTLE_01_MESH
01:30:40 | INFO: Primitives created: 1
01:30:40 | INFO: Extracting primitive: V03_BLOW_FORMED_BOTTLE_02_MESH
01:30:40 | INFO: Primitives created: 1
01:30:40 | INFO: Extracting primitive: V03_BLOW_FORMED_BOTTLE_03_MESH
01:30:40 | INFO: Primitives created: 1
01:30:40 | INFO: Extracting primitive: V03_BLOW_FORMED_BOTTLE_04_MESH
01:30:40 | INFO: Primitives created: 1
01:30:40 | INFO: Extracting primitive: V03_BLOW_FORMED_BOTTLE_05_MESH
01:30:40 | INFO: Primitives created: 1
01:30:40 | INFO: Extracting primitive: V03_BLOW_FORMED_BOTTLE_06_MESH
01:30:40 | INFO: Primitives created: 1
01:30:40 | INFO: Extracting primitive: V03_BLOW_FORMED_BOTTLE_07_MESH
01:30:40 | INFO: Primitives created: 1
01:30:40 | INFO: Extracting primitive: V03_BLOW_HEATED_PREFORM_00_MESH
01:30:40 | INFO: Primitives created: 1
01:30:40 | INFO: Extracting primitive: V03_BLOW_HEATED_PREFORM_01_MESH
01:30:40 | INFO: Primitives created: 1
01:30:40 | INFO: Extracting primitive: V03_BLOW_HEATED_PREFORM_02_MESH
01:30:40 | INFO: Primitives created: 1
01:30:40 | INFO: Extracting primitive: V03_BLOW_HEATED_PREFORM_03_MESH
01:30:40 | INFO: Primitives created: 1
01:30:40 | INFO: Extracting primitive: V03_BLOW_HEATED_PREFORM_04_MESH
01:30:40 | INFO: Primitives created: 1
01:30:40 | INFO: Extracting primitive: V03_BLOW_HEATED_PREFORM_05_MESH
01:30:40 | INFO: Primitives created: 1
01:30:40 | INFO: Extracting primitive: V03_BLOW_HEATER_00_MESH
01:30:40 | INFO: Primitives created: 1
01:30:40 | INFO: Extracting primitive: V03_BLOW_HEATER_01_MESH
01:30:40 | INFO: Primitives created: 1
01:30:40 | INFO: Extracting primitive: V03_BLOW_HEATER_02_MESH
01:30:40 | INFO: Primitives created: 1
01:30:40 | INFO: Extracting primitive: V03_BLOW_HEATER_03_MESH
01:30:40 | INFO: Primitives created: 1
01:30:40 | INFO: Extracting primitive: V03_BLOW_HEATER_04_MESH
01:30:40 | INFO: Primitives created: 1
01:30:40 | INFO: Extracting primitive: V03_BLOW_HEATER_05_MESH
01:30:40 | INFO: Primitives created: 1
01:30:40 | INFO: Extracting primitive: V03_BLOW_HEATER_06_MESH
01:30:41 | INFO: Primitives created: 1
01:30:41 | INFO: Extracting primitive: V03_BLOW_HOPPER_FRAME_MESH
01:30:41 | INFO: Primitives created: 1
01:30:41 | INFO: Extracting primitive: V03_BLOW_LIGHT_00_BODY_MESH
01:30:41 | INFO: Primitives created: 1
01:30:41 | INFO: Extracting primitive: V03_BLOW_LIGHT_00_GLOW_MESH
01:30:41 | INFO: Primitives created: 1
01:30:41 | INFO: Extracting primitive: V03_BLOW_LIGHT_01_BODY_MESH
01:30:41 | INFO: Primitives created: 1
01:30:41 | INFO: Extracting primitive: V03_BLOW_LIGHT_01_GLOW_MESH
01:30:41 | INFO: Primitives created: 1
01:30:41 | INFO: Extracting primitive: V03_BLOW_LIGHT_02_BODY_MESH
01:30:41 | INFO: Primitives created: 1
01:30:41 | INFO: Extracting primitive: V03_BLOW_LIGHT_02_GLOW_MESH
01:30:41 | INFO: Primitives created: 1
01:30:41 | INFO: Extracting primitive: V03_BLOW_LIGHT_03_BODY_MESH
01:30:41 | INFO: Primitives created: 1
01:30:41 | INFO: Extracting primitive: V03_BLOW_LIGHT_03_GLOW_MESH
01:30:41 | INFO: Primitives created: 1
01:30:41 | INFO: Extracting primitive: V03_BLOW_LIGHT_04_BODY_MESH
01:30:41 | INFO: Primitives created: 1
01:30:41 | INFO: Extracting primitive: V03_BLOW_LIGHT_04_GLOW_MESH
01:30:41 | INFO: Primitives created: 1
01:30:41 | INFO: Extracting primitive: V03_BLOW_MOULD_HALF_L_MESH
01:30:41 | INFO: Primitives created: 1
01:30:41 | INFO: Extracting primitive: V03_BLOW_MOULD_HALF_R_MESH
01:30:41 | INFO: Primitives created: 1
01:30:41 | INFO: Extracting primitive: V03_BLOW_OVEN_HOUSING_MESH
01:30:41 | INFO: Primitives created: 1
01:30:41 | INFO: Extracting primitive: V03_BLOW_OVEN_WINDOW_MESH
01:30:41 | INFO: Primitives created: 1
01:30:41 | INFO: Extracting primitive: V03_BLOW_PREFORM_HOPPER_MESH
01:30:41 | INFO: Primitives created: 1
01:30:41 | INFO: Extracting primitive: V03_BLOW_PREFORM_INFEED_FRAME_MESH
01:30:41 | INFO: Primitives created: 1
01:30:41 | INFO: Extracting primitive: V03_BLOW_PREFORM_INFEED_GUARD_A_MESH
01:30:41 | INFO: Primitives created: 1
01:30:41 | INFO: Extracting primitive: V03_BLOW_PREFORM_INFEED_GUARD_B_MESH
01:30:41 | INFO: Primitives created: 1
01:30:41 | INFO: Extracting primitive: V03_BLOW_PREFORM_INFEED_ROLLER_00_MESH
01:30:41 | INFO: Primitives created: 1
01:30:41 | INFO: Extracting primitive: V03_BLOW_PREFORM_INFEED_ROLLER_01_MESH
01:30:41 | INFO: Primitives created: 1
01:30:41 | INFO: Extracting primitive: V03_BLOW_PREFORM_INFEED_ROLLER_02_MESH
01:30:41 | INFO: Primitives created: 1
01:30:41 | INFO: Extracting primitive: V03_BLOW_PREFORM_INFEED_ROLLER_03_MESH
01:30:41 | INFO: Primitives created: 1
01:30:41 | INFO: Extracting primitive: V03_BLOW_PREFORM_INFEED_ROLLER_04_MESH
01:30:41 | INFO: Primitives created: 1
01:30:41 | INFO: Extracting primitive: V03_BLOW_PREFORM_INFEED_ROLLER_05_MESH
01:30:41 | INFO: Primitives created: 1
01:30:41 | INFO: Extracting primitive: V03_BLOW_PREFORM_INFEED_ROLLER_06_MESH
01:30:41 | INFO: Primitives created: 1
01:30:41 | INFO: Extracting primitive: V03_BLOW_VISION_FRAME_MESH
01:30:41 | INFO: Primitives created: 1
01:30:41 | INFO: Extracting primitive: V03_DAYCARE_CAREGIVER_DESK_MESH
01:30:41 | INFO: Primitives created: 1
01:30:41 | INFO: Extracting primitive: V03_DAYCARE_CAREGIVER_SCREEN_MESH
01:30:41 | INFO: Primitives created: 1
01:30:41 | INFO: Extracting primitive: V03_DAYCARE_CUBBY_FACE_00_MESH
01:30:41 | INFO: Primitives created: 1
01:30:41 | INFO: Extracting primitive: V03_DAYCARE_CUBBY_FACE_01_MESH
01:30:41 | INFO: Primitives created: 1
01:30:41 | INFO: Extracting primitive: V03_DAYCARE_CUBBY_FACE_02_MESH
01:30:41 | INFO: Primitives created: 1
01:30:41 | INFO: Extracting primitive: V03_DAYCARE_CUBBY_FACE_03_MESH
01:30:41 | INFO: Primitives created: 1
01:30:41 | INFO: Extracting primitive: V03_DAYCARE_CUBBY_FACE_04_MESH
01:30:41 | INFO: Primitives created: 1
01:30:41 | INFO: Extracting primitive: V03_DAYCARE_ENCLOSURE_BACK_MESH
01:30:41 | INFO: Primitives created: 1
01:30:41 | INFO: Extracting primitive: V03_DAYCARE_ENCLOSURE_LEFT_MESH
01:30:41 | INFO: Primitives created: 1
01:30:41 | INFO: Extracting primitive: V03_DAYCARE_ENCLOSURE_RIGHT_MESH
01:30:41 | INFO: Primitives created: 1
01:30:41 | INFO: Extracting primitive: V03_DAYCARE_FLOOR_MESH
01:30:41 | INFO: Primitives created: 1
01:30:41 | INFO: Extracting primitive: V03_DAYCARE_HANDWASH_MESH
01:30:41 | INFO: Primitives created: 1
01:30:41 | INFO: Extracting primitive: V03_DAYCARE_LIGHT_00_BODY_MESH
01:30:41 | INFO: Primitives created: 1
01:30:41 | INFO: Extracting primitive: V03_DAYCARE_LIGHT_00_GLOW_MESH
01:30:41 | INFO: Primitives created: 1
01:30:41 | INFO: Extracting primitive: V03_DAYCARE_LIGHT_01_BODY_MESH
01:30:41 | INFO: Primitives created: 1
01:30:41 | INFO: Extracting primitive: V03_DAYCARE_LIGHT_01_GLOW_MESH
01:30:41 | INFO: Primitives created: 1
01:30:41 | INFO: Extracting primitive: V03_DAYCARE_LIGHT_02_BODY_MESH
01:30:41 | INFO: Primitives created: 1
01:30:41 | INFO: Extracting primitive: V03_DAYCARE_LIGHT_02_GLOW_MESH
01:30:41 | INFO: Primitives created: 1
01:30:41 | INFO: Extracting primitive: V03_DAYCARE_LIGHT_03_BODY_MESH
01:30:41 | INFO: Primitives created: 1
01:30:41 | INFO: Extracting primitive: V03_DAYCARE_LIGHT_03_GLOW_MESH
01:30:41 | INFO: Primitives created: 1
01:30:41 | INFO: Extracting primitive: V03_DAYCARE_LOW_PARTITION_MESH
01:30:41 | INFO: Primitives created: 1
01:30:41 | INFO: Extracting primitive: V03_DAYCARE_PLAY_BLOCK_00_MESH
01:30:41 | INFO: Primitives created: 1
01:30:41 | INFO: Extracting primitive: V03_DAYCARE_PLAY_BLOCK_01_MESH
01:30:41 | INFO: Primitives created: 1
01:30:41 | INFO: Extracting primitive: V03_DAYCARE_PLAY_BLOCK_02_MESH
01:30:41 | INFO: Primitives created: 1
01:30:41 | INFO: Extracting primitive: V03_DAYCARE_PLAY_BLOCK_03_MESH
01:30:41 | INFO: Primitives created: 1
01:30:41 | INFO: Extracting primitive: V03_DAYCARE_PLAY_BLOCK_04_MESH
01:30:41 | INFO: Primitives created: 1
01:30:41 | INFO: Extracting primitive: V03_DAYCARE_PLAY_BLOCK_05_MESH
01:30:41 | INFO: Primitives created: 1
01:30:41 | INFO: Extracting primitive: V03_DAYCARE_PLAY_RUG_MESH
01:30:41 | INFO: Primitives created: 1
01:30:41 | INFO: Extracting primitive: V03_DAYCARE_READING_BIN_00_MESH
01:30:41 | INFO: Primitives created: 1
01:30:41 | INFO: Extracting primitive: V03_DAYCARE_READING_BIN_01_MESH
01:30:41 | INFO: Primitives created: 1
01:30:41 | INFO: Extracting primitive: V03_DAYCARE_READING_BIN_02_MESH
01:30:41 | INFO: Primitives created: 1
01:30:41 | INFO: Extracting primitive: V03_DAYCARE_READING_BIN_03_MESH
01:30:41 | INFO: Primitives created: 1
01:30:41 | INFO: Extracting primitive: V03_DAYCARE_READING_SHELF_MESH
01:30:41 | INFO: Primitives created: 1
01:30:41 | INFO: Extracting primitive: V03_DAYCARE_SOFT_BACK_00_MESH
01:30:41 | INFO: Primitives created: 1
01:30:41 | INFO: Extracting primitive: V03_DAYCARE_SOFT_BACK_01_MESH
01:30:41 | INFO: Primitives created: 1
01:30:41 | INFO: Extracting primitive: V03_DAYCARE_SOFT_BACK_02_MESH
01:30:41 | INFO: Primitives created: 1
01:30:41 | INFO: Extracting primitive: V03_DAYCARE_SOFT_BACK_03_MESH
01:30:41 | INFO: Primitives created: 1
01:30:41 | INFO: Extracting primitive: V03_DAYCARE_SOFT_NOOK_MESH
01:30:41 | INFO: Primitives created: 1
01:30:41 | INFO: Extracting primitive: V03_GLASS_CAFE_BACKBAR_MESH
01:30:41 | INFO: Primitives created: 1
01:30:41 | INFO: Extracting primitive: V03_GLASS_CAFE_COUNTER_MESH
01:30:41 | INFO: Primitives created: 1
01:30:41 | INFO: Extracting primitive: V03_GLASS_CAFE_DISPLAY_CASE_MESH
01:30:41 | INFO: Primitives created: 1
01:30:41 | INFO: Extracting primitive: V03_GLASS_CAFE_ESPRESSO_MESH
01:30:41 | INFO: Primitives created: 1
01:30:41 | INFO: Extracting primitive: V03_GLASS_CAFE_LIGHT_00_BODY_MESH
01:30:41 | INFO: Primitives created: 1
01:30:41 | INFO: Extracting primitive: V03_GLASS_CAFE_LIGHT_00_GLOW_MESH
01:30:41 | INFO: Primitives created: 1
01:30:41 | INFO: Extracting primitive: V03_GLASS_CAFE_LIGHT_01_BODY_MESH
01:30:41 | INFO: Primitives created: 1
01:30:41 | INFO: Extracting primitive: V03_GLASS_CAFE_LIGHT_01_GLOW_MESH
01:30:41 | INFO: Primitives created: 1
01:30:41 | INFO: Extracting primitive: V03_GLASS_CAFE_LIGHT_02_BODY_MESH
01:30:41 | INFO: Primitives created: 1
01:30:41 | INFO: Extracting primitive: V03_GLASS_CAFE_LIGHT_02_GLOW_MESH
01:30:41 | INFO: Primitives created: 1
01:30:41 | INFO: Extracting primitive: V03_GLASS_CAFE_SHELF_00_MESH
01:30:41 | INFO: Primitives created: 1
01:30:41 | INFO: Extracting primitive: V03_GLASS_CAFE_SHELF_01_MESH
01:30:41 | INFO: Primitives created: 1
01:30:41 | INFO: Extracting primitive: V03_GLASS_CAFE_SHELF_02_MESH
01:30:41 | INFO: Primitives created: 1
01:30:41 | INFO: Extracting primitive: V03_GLASS_CAFE_SHELF_03_MESH
01:30:41 | INFO: Primitives created: 1
01:30:41 | INFO: Extracting primitive: V03_GLASS_CAFE_STOOL_00_MESH
01:30:41 | INFO: Primitives created: 1
01:30:41 | INFO: Extracting primitive: V03_GLASS_CAFE_STOOL_01_MESH
01:30:41 | INFO: Primitives created: 1
01:30:41 | INFO: Extracting primitive: V03_GLASS_CAFE_STOOL_02_MESH
01:30:41 | INFO: Primitives created: 1
01:30:41 | INFO: Extracting primitive: V03_GLASS_CAFE_STOOL_03_MESH
01:30:41 | INFO: Primitives created: 1
01:30:41 | INFO: Extracting primitive: V03_GLASS_COMMAND_CONSOLE_1_MESH
01:30:41 | INFO: Primitives created: 1
01:30:41 | INFO: Extracting primitive: V03_GLASS_COMMAND_CONSOLE_2_MESH
01:30:41 | INFO: Primitives created: 1
01:30:41 | INFO: Extracting primitive: V03_GLASS_COMMAND_DISPLAY_00_MESH
01:30:41 | INFO: Primitives created: 1
01:30:41 | INFO: Extracting primitive: V03_GLASS_COMMAND_DISPLAY_01_MESH
01:30:41 | INFO: Primitives created: 1
01:30:41 | INFO: Extracting primitive: V03_GLASS_COMMAND_DISPLAY_02_MESH
01:30:41 | INFO: Primitives created: 1
01:30:41 | INFO: Extracting primitive: V03_GLASS_COMMAND_DISPLAY_03_MESH
01:30:41 | INFO: Primitives created: 1
01:30:41 | INFO: Extracting primitive: V03_GLASS_COMMAND_DISPLAY_04_MESH
01:30:41 | INFO: Primitives created: 1
01:30:41 | INFO: Extracting primitive: V03_GLASS_COMMAND_DISPLAY_05_MESH
01:30:41 | INFO: Primitives created: 1
01:30:41 | INFO: Extracting primitive: V03_GLASS_COMMAND_MONITOR_WALL_MESH
01:30:41 | INFO: Primitives created: 1
01:30:41 | INFO: Extracting primitive: V03_GLASS_COMMAND_OPERATOR_SEAT_00_MESH
01:30:41 | INFO: Primitives created: 1
01:30:41 | INFO: Extracting primitive: V03_GLASS_COMMAND_OPERATOR_SEAT_01_MESH
01:30:41 | INFO: Primitives created: 1
01:30:41 | INFO: Extracting primitive: V03_GLASS_COMMAND_OPERATOR_SEAT_02_MESH
01:30:41 | INFO: Primitives created: 1
01:30:41 | INFO: Extracting primitive: V03_GLASS_COMMAND_OPERATOR_SEAT_03_MESH
01:30:41 | INFO: Primitives created: 1
01:30:41 | INFO: Extracting primitive: V03_GLASS_COMMAND_OPERATOR_SEAT_04_MESH
01:30:41 | INFO: Primitives created: 1
01:30:41 | INFO: Extracting primitive: V03_GLASS_COMMAND_OPERATOR_SEAT_05_MESH
01:30:41 | INFO: Primitives created: 1
01:30:41 | INFO: Extracting primitive: V03_GLASS_COMMAND_TERMINAL_00_MESH
01:30:41 | INFO: Primitives created: 1
01:30:41 | INFO: Extracting primitive: V03_GLASS_COMMAND_TERMINAL_01_MESH
01:30:41 | INFO: Primitives created: 1
01:30:41 | INFO: Extracting primitive: V03_GLASS_COMMAND_TERMINAL_02_MESH
01:30:41 | INFO: Primitives created: 1
01:30:41 | INFO: Extracting primitive: V03_GLASS_COMMAND_TERMINAL_03_MESH
01:30:41 | INFO: Primitives created: 1
01:30:41 | INFO: Extracting primitive: V03_GLASS_COMMAND_TERMINAL_04_MESH
01:30:41 | INFO: Primitives created: 1
01:30:41 | INFO: Extracting primitive: V03_GLASS_COMMAND_TERMINAL_05_MESH
01:30:41 | INFO: Primitives created: 1
01:30:41 | INFO: Extracting primitive: V03_GLASS_DECK_FLOOR_MESH
01:30:41 | INFO: Primitives created: 1
01:30:41 | INFO: Extracting primitive: V03_GLASS_DECK_LEFT_GLASS_MESH
01:30:41 | INFO: Primitives created: 1
01:30:41 | INFO: Extracting primitive: V03_GLASS_DECK_PORTAL_LEFT_20_MESH.001
01:30:41 | INFO: Primitives created: 1
01:30:41 | INFO: Extracting primitive: V03_GLASS_DECK_PORTAL_LEFT_145_MESH.001
01:30:41 | INFO: Primitives created: 1
01:30:41 | INFO: Extracting primitive: V03_GLASS_DECK_PORTAL_LEFT_270_MESH.001
01:30:41 | INFO: Primitives created: 1
01:30:41 | INFO: Extracting primitive: V03_GLASS_DECK_PORTAL_LEFT_395_MESH.001
01:30:41 | INFO: Primitives created: 1
01:30:41 | INFO: Extracting primitive: V03_GLASS_DECK_PORTAL_RIGHT_20_MESH.001
01:30:41 | INFO: Primitives created: 1
01:30:41 | INFO: Extracting primitive: V03_GLASS_DECK_PORTAL_RIGHT_145_MESH.001
01:30:41 | INFO: Primitives created: 1
01:30:41 | INFO: Extracting primitive: V03_GLASS_DECK_PORTAL_RIGHT_270_MESH.001
01:30:41 | INFO: Primitives created: 1
01:30:41 | INFO: Extracting primitive: V03_GLASS_DECK_PORTAL_RIGHT_395_MESH.001
01:30:41 | INFO: Primitives created: 1
01:30:41 | INFO: Extracting primitive: V03_GLASS_DECK_RIGHT_GLASS_MESH
01:30:41 | INFO: Primitives created: 1
01:30:41 | INFO: Extracting primitive: V03_GLASS_GALLERY_SEAT_00_00_MESH
01:30:41 | INFO: Primitives created: 1
01:30:41 | INFO: Extracting primitive: V03_GLASS_GALLERY_SEAT_00_01_MESH
01:30:41 | INFO: Primitives created: 1
01:30:41 | INFO: Extracting primitive: V03_GLASS_GALLERY_SEAT_00_02_MESH
01:30:41 | INFO: Primitives created: 1
01:30:41 | INFO: Extracting primitive: V03_GLASS_GALLERY_SEAT_01_00_MESH
01:30:41 | INFO: Primitives created: 1
01:30:41 | INFO: Extracting primitive: V03_GLASS_GALLERY_SEAT_01_01_MESH
01:30:41 | INFO: Primitives created: 1
01:30:41 | INFO: Extracting primitive: V03_GLASS_GALLERY_SEAT_01_02_MESH
01:30:41 | INFO: Primitives created: 1
01:30:41 | INFO: Extracting primitive: V03_GLASS_GALLERY_TABLE_00_MESH
01:30:41 | INFO: Primitives created: 1
01:30:41 | INFO: Extracting primitive: V03_GLASS_GALLERY_TABLE_01_MESH
01:30:41 | INFO: Primitives created: 1
01:30:41 | INFO: Extracting primitive: V03_GLASS_TRAINING_CHAIR_00_MESH
01:30:41 | INFO: Primitives created: 1
01:30:41 | INFO: Extracting primitive: V03_GLASS_TRAINING_CHAIR_01_MESH
01:30:41 | INFO: Primitives created: 1
01:30:41 | INFO: Extracting primitive: V03_GLASS_TRAINING_CHAIR_02_MESH
01:30:41 | INFO: Primitives created: 1
01:30:41 | INFO: Extracting primitive: V03_GLASS_TRAINING_CHAIR_03_MESH
01:30:41 | INFO: Primitives created: 1
01:30:41 | INFO: Extracting primitive: V03_GLASS_TRAINING_CHAIR_04_MESH
01:30:41 | INFO: Primitives created: 1
01:30:41 | INFO: Extracting primitive: V03_GLASS_TRAINING_CHAIR_05_MESH
01:30:41 | INFO: Primitives created: 1
01:30:41 | INFO: Extracting primitive: V03_GLASS_TRAINING_CHAIR_06_MESH
01:30:41 | INFO: Primitives created: 1
01:30:41 | INFO: Extracting primitive: V03_GLASS_TRAINING_CHAIR_07_MESH
01:30:41 | INFO: Primitives created: 1
01:30:41 | INFO: Extracting primitive: V03_GLASS_TRAINING_LIGHT_00_BODY_MESH
01:30:41 | INFO: Primitives created: 1
01:30:41 | INFO: Extracting primitive: V03_GLASS_TRAINING_LIGHT_00_GLOW_MESH
01:30:41 | INFO: Primitives created: 1
01:30:41 | INFO: Extracting primitive: V03_GLASS_TRAINING_LIGHT_01_BODY_MESH
01:30:41 | INFO: Primitives created: 1
01:30:41 | INFO: Extracting primitive: V03_GLASS_TRAINING_LIGHT_01_GLOW_MESH
01:30:41 | INFO: Primitives created: 1
01:30:41 | INFO: Extracting primitive: V03_GLASS_TRAINING_LIGHT_02_BODY_MESH
01:30:41 | INFO: Primitives created: 1
01:30:41 | INFO: Extracting primitive: V03_GLASS_TRAINING_LIGHT_02_GLOW_MESH
01:30:41 | INFO: Primitives created: 1
01:30:41 | INFO: Extracting primitive: V03_GLASS_TRAINING_SCREEN_MESH
01:30:41 | INFO: Primitives created: 1
01:30:41 | INFO: Extracting primitive: V03_GLASS_TRAINING_SLIDE_00_MESH
01:30:41 | INFO: Primitives created: 1
01:30:41 | INFO: Extracting primitive: V03_GLASS_TRAINING_SLIDE_01_MESH
01:30:41 | INFO: Primitives created: 1
01:30:41 | INFO: Extracting primitive: V03_GLASS_TRAINING_SLIDE_02_MESH
01:30:41 | INFO: Primitives created: 1
01:30:41 | INFO: Extracting primitive: V03_GLASS_TRAINING_SLIDE_03_MESH
01:30:41 | INFO: Primitives created: 1
01:30:41 | INFO: Extracting primitive: V03_GLASS_TRAINING_TABLE_MAIN_MESH
01:30:41 | INFO: Primitives created: 1
01:30:41 | INFO: Extracting primitive: V03_LIQUID_BACK_WALL_MESH
01:30:41 | INFO: Primitives created: 1
01:30:41 | INFO: Extracting primitive: V03_LIQUID_BOTTLE_00_MESH
01:30:41 | INFO: Primitives created: 1
01:30:41 | INFO: Extracting primitive: V03_LIQUID_BOTTLE_01_MESH
01:30:41 | INFO: Primitives created: 1
01:30:41 | INFO: Extracting primitive: V03_LIQUID_BOTTLE_02_MESH
01:30:41 | INFO: Primitives created: 1
01:30:41 | INFO: Extracting primitive: V03_LIQUID_BOTTLE_03_MESH
01:30:41 | INFO: Primitives created: 1
01:30:41 | INFO: Extracting primitive: V03_LIQUID_BOTTLE_04_MESH
01:30:41 | INFO: Primitives created: 1
01:30:41 | INFO: Extracting primitive: V03_LIQUID_BOTTLE_05_MESH
01:30:41 | INFO: Primitives created: 1
01:30:41 | INFO: Extracting primitive: V03_LIQUID_BOTTLE_06_MESH
01:30:41 | INFO: Primitives created: 1
01:30:41 | INFO: Extracting primitive: V03_LIQUID_BOTTLE_07_MESH
01:30:41 | INFO: Primitives created: 1
01:30:41 | INFO: Extracting primitive: V03_LIQUID_BOTTLE_08_MESH
01:30:41 | INFO: Primitives created: 1
01:30:41 | INFO: Extracting primitive: V03_LIQUID_BOTTLE_09_MESH
01:30:41 | INFO: Primitives created: 1
01:30:41 | INFO: Extracting primitive: V03_LIQUID_BOTTLE_INFEED_FRAME_MESH
01:30:41 | INFO: Primitives created: 1
01:30:41 | INFO: Extracting primitive: V03_LIQUID_BOTTLE_INFEED_GUARD_A_MESH
01:30:41 | INFO: Primitives created: 1
01:30:41 | INFO: Extracting primitive: V03_LIQUID_BOTTLE_INFEED_GUARD_B_MESH
01:30:41 | INFO: Primitives created: 1
01:30:41 | INFO: Extracting primitive: V03_LIQUID_BOTTLE_INFEED_ROLLER_00_MESH
01:30:41 | INFO: Primitives created: 1
01:30:41 | INFO: Extracting primitive: V03_LIQUID_BOTTLE_INFEED_ROLLER_01_MESH
01:30:41 | INFO: Primitives created: 1
01:30:41 | INFO: Extracting primitive: V03_LIQUID_BOTTLE_INFEED_ROLLER_02_MESH
01:30:41 | INFO: Primitives created: 1
01:30:41 | INFO: Extracting primitive: V03_LIQUID_BOTTLE_INFEED_ROLLER_03_MESH
01:30:41 | INFO: Primitives created: 1
01:30:41 | INFO: Extracting primitive: V03_LIQUID_BOTTLE_INFEED_ROLLER_04_MESH
01:30:41 | INFO: Primitives created: 1
01:30:41 | INFO: Extracting primitive: V03_LIQUID_BOTTLE_INFEED_ROLLER_05_MESH
01:30:41 | INFO: Primitives created: 1
01:30:41 | INFO: Extracting primitive: V03_LIQUID_BOTTLE_INFEED_ROLLER_06_MESH
01:30:41 | INFO: Primitives created: 1
01:30:41 | INFO: Extracting primitive: V03_LIQUID_CAPPER_GUARD_MESH
01:30:41 | INFO: Primitives created: 1
01:30:41 | INFO: Extracting primitive: V03_LIQUID_CAPPER_HEAD_MESH
01:30:41 | INFO: Primitives created: 1
01:30:41 | INFO: Extracting primitive: V03_LIQUID_CASE_OUTFEED_FRAME_MESH
01:30:41 | INFO: Primitives created: 1
01:30:41 | INFO: Extracting primitive: V03_LIQUID_CASE_OUTFEED_GUARD_A_MESH
01:30:41 | INFO: Primitives created: 1
01:30:41 | INFO: Extracting primitive: V03_LIQUID_CASE_OUTFEED_GUARD_B_MESH
01:30:41 | INFO: Primitives created: 1
01:30:41 | INFO: Extracting primitive: V03_LIQUID_CASE_OUTFEED_ROLLER_00_MESH
01:30:41 | INFO: Primitives created: 1
01:30:41 | INFO: Extracting primitive: V03_LIQUID_CASE_OUTFEED_ROLLER_01_MESH
01:30:41 | INFO: Primitives created: 1
01:30:41 | INFO: Extracting primitive: V03_LIQUID_CASE_OUTFEED_ROLLER_02_MESH
01:30:41 | INFO: Primitives created: 1
01:30:41 | INFO: Extracting primitive: V03_LIQUID_CASE_OUTFEED_ROLLER_03_MESH
01:30:41 | INFO: Primitives created: 1
01:30:41 | INFO: Extracting primitive: V03_LIQUID_CASE_OUTFEED_ROLLER_04_MESH
01:30:41 | INFO: Primitives created: 1
01:30:41 | INFO: Extracting primitive: V03_LIQUID_CASE_OUTFEED_ROLLER_05_MESH
01:30:41 | INFO: Primitives created: 1
01:30:41 | INFO: Extracting primitive: V03_LIQUID_CASE_OUTFEED_ROLLER_06_MESH
01:30:41 | INFO: Primitives created: 1
01:30:41 | INFO: Extracting primitive: V03_LIQUID_CASE_PACKER_MESH
01:30:41 | INFO: Primitives created: 1
01:30:41 | INFO: Extracting primitive: V03_LIQUID_FILLER_FRONT_GUARD_MESH
01:30:41 | INFO: Primitives created: 1
01:30:41 | INFO: Extracting primitive: V03_LIQUID_FILLER_HOUSING_MESH
01:30:41 | INFO: Primitives created: 1
01:30:41 | INFO: Extracting primitive: V03_LIQUID_FLOOR_MESH
01:30:41 | INFO: Primitives created: 1
01:30:41 | INFO: Extracting primitive: V03_LIQUID_HEAD_BRIDGE_MESH
01:30:41 | INFO: Primitives created: 1
01:30:41 | INFO: Extracting primitive: V03_LIQUID_INSPECTION_CAMERA_MESH
01:30:41 | INFO: Primitives created: 1
01:30:41 | INFO: Extracting primitive: V03_LIQUID_LABEL_REEL_IN_MESH
01:30:41 | INFO: Primitives created: 1
01:30:41 | INFO: Extracting primitive: V03_LIQUID_LABEL_REEL_OUT_MESH
01:30:41 | INFO: Primitives created: 1
01:30:41 | INFO: Extracting primitive: V03_LIQUID_LABELER_HOOD_MESH
01:30:41 | INFO: Primitives created: 1
01:30:41 | INFO: Extracting primitive: V03_LIQUID_LIGHT_00_BODY_MESH
01:30:41 | INFO: Primitives created: 1
01:30:41 | INFO: Extracting primitive: V03_LIQUID_LIGHT_00_GLOW_MESH
01:30:41 | INFO: Primitives created: 1
01:30:41 | INFO: Extracting primitive: V03_LIQUID_LIGHT_01_BODY_MESH
01:30:41 | INFO: Primitives created: 1
01:30:41 | INFO: Extracting primitive: V03_LIQUID_LIGHT_01_GLOW_MESH
01:30:41 | INFO: Primitives created: 1
01:30:41 | INFO: Extracting primitive: V03_LIQUID_LIGHT_02_BODY_MESH
01:30:41 | INFO: Primitives created: 1
01:30:41 | INFO: Extracting primitive: V03_LIQUID_LIGHT_02_GLOW_MESH
01:30:41 | INFO: Primitives created: 1
01:30:41 | INFO: Extracting primitive: V03_LIQUID_LIGHT_03_BODY_MESH
01:30:41 | INFO: Primitives created: 1
01:30:41 | INFO: Extracting primitive: V03_LIQUID_LIGHT_03_GLOW_MESH
01:30:41 | INFO: Primitives created: 1
01:30:41 | INFO: Extracting primitive: V03_LIQUID_LIGHT_04_BODY_MESH
01:30:41 | INFO: Primitives created: 1
01:30:41 | INFO: Extracting primitive: V03_LIQUID_LIGHT_04_GLOW_MESH
01:30:41 | INFO: Primitives created: 1
01:30:41 | INFO: Extracting primitive: V03_LIQUID_LIGHT_05_BODY_MESH
01:30:41 | INFO: Primitives created: 1
01:30:41 | INFO: Extracting primitive: V03_LIQUID_LIGHT_05_GLOW_MESH
01:30:41 | INFO: Primitives created: 1
01:30:41 | INFO: Extracting primitive: V03_LIQUID_MAIN_LINE_FRAME_MESH
01:30:41 | INFO: Primitives created: 1
01:30:41 | INFO: Extracting primitive: V03_LIQUID_MAIN_LINE_GUARD_A_MESH
01:30:41 | INFO: Primitives created: 1
01:30:41 | INFO: Extracting primitive: V03_LIQUID_MAIN_LINE_GUARD_B_MESH
01:30:41 | INFO: Primitives created: 1
01:30:41 | INFO: Extracting primitive: V03_LIQUID_MAIN_LINE_ROLLER_00_MESH
01:30:41 | INFO: Primitives created: 1
01:30:41 | INFO: Extracting primitive: V03_LIQUID_MAIN_LINE_ROLLER_01_MESH
01:30:41 | INFO: Primitives created: 1
01:30:41 | INFO: Extracting primitive: V03_LIQUID_MAIN_LINE_ROLLER_02_MESH
01:30:41 | INFO: Primitives created: 1
01:30:41 | INFO: Extracting primitive: V03_LIQUID_MAIN_LINE_ROLLER_03_MESH
01:30:41 | INFO: Primitives created: 1
01:30:41 | INFO: Extracting primitive: V03_LIQUID_MAIN_LINE_ROLLER_04_MESH
01:30:41 | INFO: Primitives created: 1
01:30:41 | INFO: Extracting primitive: V03_LIQUID_MAIN_LINE_ROLLER_05_MESH
01:30:41 | INFO: Primitives created: 1
01:30:41 | INFO: Extracting primitive: V03_LIQUID_MAIN_LINE_ROLLER_06_MESH
01:30:41 | INFO: Primitives created: 1
01:30:41 | INFO: Extracting primitive: V03_LIQUID_NOZZLE_00_MESH
01:30:41 | INFO: Primitives created: 1
01:30:41 | INFO: Extracting primitive: V03_LIQUID_NOZZLE_01_MESH
01:30:41 | INFO: Primitives created: 1
01:30:41 | INFO: Extracting primitive: V03_LIQUID_NOZZLE_02_MESH
01:30:41 | INFO: Primitives created: 1
01:30:41 | INFO: Extracting primitive: V03_LIQUID_NOZZLE_03_MESH
01:30:41 | INFO: Primitives created: 1
01:30:41 | INFO: Extracting primitive: V03_LIQUID_NOZZLE_04_MESH
01:30:41 | INFO: Primitives created: 1
01:30:41 | INFO: Extracting primitive: V03_LIQUID_NOZZLE_05_MESH
01:30:41 | INFO: Primitives created: 1
01:30:41 | INFO: Extracting primitive: V03_LIQUID_NOZZLE_06_MESH
01:30:41 | INFO: Primitives created: 1
01:30:41 | INFO: Extracting primitive: V03_LIQUID_NOZZLE_07_MESH
01:30:41 | INFO: Primitives created: 1
01:30:41 | INFO: Extracting primitive: V03_LIQUID_NOZZLE_08_MESH
01:30:41 | INFO: Primitives created: 1
01:30:41 | INFO: Extracting primitive: V03_LIQUID_NOZZLE_09_MESH
01:30:41 | INFO: Primitives created: 1
01:30:41 | INFO: Extracting primitive: V03_LIQUID_OPERATOR_BAY_MESH
01:30:41 | INFO: Primitives created: 1
01:30:41 | INFO: Extracting primitive: V03_LIQUID_PACKED_CASE_00_MESH
01:30:41 | INFO: Primitives created: 1
01:30:41 | INFO: Extracting primitive: V03_LIQUID_PACKED_CASE_01_MESH
01:30:41 | INFO: Primitives created: 1
01:30:41 | INFO: Extracting primitive: V03_LIQUID_PACKED_CASE_02_MESH
01:30:41 | INFO: Primitives created: 1
01:30:41 | INFO: Extracting primitive: V03_LIQUID_PACKED_CASE_03_MESH
01:30:41 | INFO: Primitives created: 1
01:30:41 | INFO: Extracting primitive: V03_LIQUID_PACKED_CASE_04_MESH
01:30:41 | INFO: Primitives created: 1
01:30:41 | INFO: Extracting primitive: V03_LIQUID_PACKED_CASE_05_MESH
01:30:41 | INFO: Primitives created: 1
01:30:41 | INFO: Extracting primitive: V03_LIQUID_ROTARY_CAROUSEL_MESH
01:30:41 | INFO: Primitives created: 1
01:30:41 | INFO: Extracting primitive: V03_LIQUID_VISION_INSPECTION_MESH
01:30:41 | INFO: Primitives created: 1
01:30:41 | INFO: Extracting primitive: V03_PASTE_BACK_WALL_MESH
01:30:41 | INFO: Primitives created: 1
01:30:41 | INFO: Extracting primitive: V03_PASTE_CARTONER_MESH
01:30:41 | INFO: Primitives created: 1
01:30:41 | INFO: Extracting primitive: V03_PASTE_CASE_OUTFEED_MESH
01:30:41 | INFO: Primitives created: 1
01:30:41 | INFO: Extracting primitive: V03_PASTE_CODER_INSPECTION_MESH
01:30:41 | INFO: Primitives created: 1
01:30:41 | INFO: Extracting primitive: V03_PASTE_CRIMP_JAW_00_MESH
01:30:41 | INFO: Primitives created: 1
01:30:41 | INFO: Extracting primitive: V03_PASTE_CRIMP_JAW_01_MESH
01:30:41 | INFO: Primitives created: 1
01:30:41 | INFO: Extracting primitive: V03_PASTE_CRIMP_JAW_02_MESH
01:30:41 | INFO: Primitives created: 1
01:30:41 | INFO: Extracting primitive: V03_PASTE_CRIMP_JAW_03_MESH
01:30:41 | INFO: Primitives created: 1
01:30:41 | INFO: Extracting primitive: V03_PASTE_CRIMP_JAW_04_MESH
01:30:41 | INFO: Primitives created: 1
01:30:41 | INFO: Extracting primitive: V03_PASTE_EMPTY_TUBE_00_MESH
01:30:41 | INFO: Primitives created: 1
01:30:41 | INFO: Extracting primitive: V03_PASTE_EMPTY_TUBE_01_MESH
01:30:41 | INFO: Primitives created: 1
01:30:41 | INFO: Extracting primitive: V03_PASTE_EMPTY_TUBE_02_MESH
01:30:41 | INFO: Primitives created: 1
01:30:41 | INFO: Extracting primitive: V03_PASTE_EMPTY_TUBE_03_MESH
01:30:41 | INFO: Primitives created: 1
01:30:41 | INFO: Extracting primitive: V03_PASTE_EMPTY_TUBE_04_MESH
01:30:41 | INFO: Primitives created: 1
01:30:41 | INFO: Extracting primitive: V03_PASTE_EMPTY_TUBE_05_MESH
01:30:41 | INFO: Primitives created: 1
01:30:41 | INFO: Extracting primitive: V03_PASTE_FEED_TO_FILLER_MESH
01:30:41 | INFO: Primitives created: 1
01:30:41 | INFO: Extracting primitive: V03_PASTE_FILL_NOZZLE_00_MESH
01:30:41 | INFO: Primitives created: 1
01:30:41 | INFO: Extracting primitive: V03_PASTE_FILL_NOZZLE_01_MESH
01:30:41 | INFO: Primitives created: 1
01:30:41 | INFO: Extracting primitive: V03_PASTE_FILL_NOZZLE_02_MESH
01:30:41 | INFO: Primitives created: 1
01:30:41 | INFO: Extracting primitive: V03_PASTE_FILL_NOZZLE_03_MESH
01:30:41 | INFO: Primitives created: 1
01:30:41 | INFO: Extracting primitive: V03_PASTE_FILLED_TUBE_00_MESH
01:30:41 | INFO: Primitives created: 1
01:30:41 | INFO: Extracting primitive: V03_PASTE_FILLED_TUBE_01_MESH
01:30:41 | INFO: Primitives created: 1
01:30:41 | INFO: Extracting primitive: V03_PASTE_FILLED_TUBE_02_MESH
01:30:41 | INFO: Primitives created: 1
01:30:41 | INFO: Extracting primitive: V03_PASTE_FILLED_TUBE_03_MESH
01:30:41 | INFO: Primitives created: 1
01:30:41 | INFO: Extracting primitive: V03_PASTE_FILLED_TUBE_04_MESH
01:30:41 | INFO: Primitives created: 1
01:30:41 | INFO: Extracting primitive: V03_PASTE_FILLED_TUBE_05_MESH
01:30:41 | INFO: Primitives created: 1
01:30:41 | INFO: Extracting primitive: V03_PASTE_FILLER_GUARD_MESH
01:30:41 | INFO: Primitives created: 1
01:30:41 | INFO: Extracting primitive: V03_PASTE_FINISHED_CASE_00_MESH
01:30:41 | INFO: Primitives created: 1
01:30:41 | INFO: Extracting primitive: V03_PASTE_FINISHED_CASE_01_MESH
01:30:41 | INFO: Primitives created: 1
01:30:41 | INFO: Extracting primitive: V03_PASTE_FINISHED_CASE_02_MESH
01:30:41 | INFO: Primitives created: 1
01:30:41 | INFO: Extracting primitive: V03_PASTE_FINISHED_CASE_03_MESH
01:30:41 | INFO: Primitives created: 1
01:30:41 | INFO: Extracting primitive: V03_PASTE_FLOOR_MESH
01:30:41 | INFO: Primitives created: 1
01:30:41 | INFO: Extracting primitive: V03_PASTE_HOLDING_SKID_MESH
01:30:41 | INFO: Primitives created: 1
01:30:41 | INFO: Extracting primitive: V03_PASTE_HOLDING_TANK_MESH
01:30:41 | INFO: Primitives created: 1
01:30:41 | INFO: Extracting primitive: V03_PASTE_LIGHT_00_BODY_MESH
01:30:41 | INFO: Primitives created: 1
01:30:41 | INFO: Extracting primitive: V03_PASTE_LIGHT_00_GLOW_MESH
01:30:41 | INFO: Primitives created: 1
01:30:41 | INFO: Extracting primitive: V03_PASTE_LIGHT_01_BODY_MESH
01:30:41 | INFO: Primitives created: 1
01:30:41 | INFO: Extracting primitive: V03_PASTE_LIGHT_01_GLOW_MESH
01:30:41 | INFO: Primitives created: 1
01:30:41 | INFO: Extracting primitive: V03_PASTE_LIGHT_02_BODY_MESH
01:30:41 | INFO: Primitives created: 1
01:30:41 | INFO: Extracting primitive: V03_PASTE_LIGHT_02_GLOW_MESH
01:30:41 | INFO: Primitives created: 1
01:30:41 | INFO: Extracting primitive: V03_PASTE_LIGHT_03_BODY_MESH
01:30:41 | INFO: Primitives created: 1
01:30:41 | INFO: Extracting primitive: V03_PASTE_LIGHT_03_GLOW_MESH
01:30:41 | INFO: Primitives created: 1
01:30:41 | INFO: Extracting primitive: V03_PASTE_LIGHT_04_BODY_MESH
01:30:41 | INFO: Primitives created: 1
01:30:41 | INFO: Extracting primitive: V03_PASTE_LIGHT_04_GLOW_MESH
01:30:41 | INFO: Primitives created: 1
01:30:41 | INFO: Extracting primitive: V03_PASTE_LIGHT_05_BODY_MESH
01:30:41 | INFO: Primitives created: 1
01:30:41 | INFO: Extracting primitive: V03_PASTE_LIGHT_05_GLOW_MESH
01:30:41 | INFO: Primitives created: 1
01:30:41 | INFO: Extracting primitive: V03_PASTE_MIXER_LID_MESH
01:30:41 | INFO: Primitives created: 1
01:30:41 | INFO: Extracting primitive: V03_PASTE_MIXER_PIPE_00_MESH
01:30:41 | INFO: Primitives created: 1
01:30:41 | INFO: Extracting primitive: V03_PASTE_MIXER_PIPE_01_MESH
01:30:41 | INFO: Primitives created: 1
01:30:41 | INFO: Extracting primitive: V03_PASTE_MIXER_PIPE_02_MESH
01:30:41 | INFO: Primitives created: 1
01:30:41 | INFO: Extracting primitive: V03_PASTE_SEALER_MESH
01:30:41 | INFO: Primitives created: 1
01:30:41 | INFO: Extracting primitive: V03_PASTE_TRANSFER_MAIN_MESH
01:30:41 | INFO: Primitives created: 1
01:30:41 | INFO: Extracting primitive: V03_PASTE_TUBE_LINE_FRAME_MESH
01:30:41 | INFO: Primitives created: 1
01:30:41 | INFO: Extracting primitive: V03_PASTE_TUBE_LINE_GUARD_A_MESH
01:30:41 | INFO: Primitives created: 1
01:30:41 | INFO: Extracting primitive: V03_PASTE_TUBE_LINE_GUARD_B_MESH
01:30:41 | INFO: Primitives created: 1
01:30:41 | INFO: Extracting primitive: V03_PASTE_TUBE_LINE_ROLLER_00_MESH
01:30:41 | INFO: Primitives created: 1
01:30:41 | INFO: Extracting primitive: V03_PASTE_TUBE_LINE_ROLLER_01_MESH
01:30:41 | INFO: Primitives created: 1
01:30:41 | INFO: Extracting primitive: V03_PASTE_TUBE_LINE_ROLLER_02_MESH
01:30:41 | INFO: Primitives created: 1
01:30:41 | INFO: Extracting primitive: V03_PASTE_TUBE_LINE_ROLLER_03_MESH
01:30:41 | INFO: Primitives created: 1
01:30:41 | INFO: Extracting primitive: V03_PASTE_TUBE_LINE_ROLLER_04_MESH
01:30:41 | INFO: Primitives created: 1
01:30:41 | INFO: Extracting primitive: V03_PASTE_TUBE_LINE_ROLLER_05_MESH
01:30:41 | INFO: Primitives created: 1
01:30:41 | INFO: Extracting primitive: V03_PASTE_TUBE_LINE_ROLLER_06_MESH
01:30:41 | INFO: Primitives created: 1
01:30:41 | INFO: Extracting primitive: V03_PASTE_TUBE_MAGAZINE_MESH
01:30:41 | INFO: Primitives created: 1
01:30:41 | INFO: Extracting primitive: V03_PASTE_VACUUM_MIXER_MESH
01:30:41 | INFO: Primitives created: 1
01:30:41 | INFO: Extracting primitive: V03_RESTAURANT_BAR_STOOL_00_MESH
01:30:41 | INFO: Primitives created: 1
01:30:41 | INFO: Extracting primitive: V03_RESTAURANT_BAR_STOOL_01_MESH
01:30:41 | INFO: Primitives created: 1
01:30:41 | INFO: Extracting primitive: V03_RESTAURANT_BAR_STOOL_02_MESH
01:30:41 | INFO: Primitives created: 1
01:30:41 | INFO: Extracting primitive: V03_RESTAURANT_BAR_STOOL_03_MESH
01:30:41 | INFO: Primitives created: 1
01:30:41 | INFO: Extracting primitive: V03_RESTAURANT_BAR_STOOL_04_MESH
01:30:41 | INFO: Primitives created: 1
01:30:41 | INFO: Extracting primitive: V03_RESTAURANT_BAR_STOOL_05_MESH
01:30:41 | INFO: Primitives created: 1
01:30:41 | INFO: Extracting primitive: V03_RESTAURANT_CAFE_BAR_MESH
01:30:41 | INFO: Primitives created: 1
01:30:41 | INFO: Extracting primitive: V03_RESTAURANT_CIRCULATION_RUG_MESH
01:30:41 | INFO: Primitives created: 1
01:30:41 | INFO: Extracting primitive: V03_RESTAURANT_DINING_CHAIR_00_00_MESH
01:30:41 | INFO: Primitives created: 1
01:30:41 | INFO: Extracting primitive: V03_RESTAURANT_DINING_CHAIR_00_01_MESH
01:30:41 | INFO: Primitives created: 1
01:30:41 | INFO: Extracting primitive: V03_RESTAURANT_DINING_CHAIR_01_00_MESH
01:30:41 | INFO: Primitives created: 1
01:30:41 | INFO: Extracting primitive: V03_RESTAURANT_DINING_CHAIR_01_01_MESH
01:30:41 | INFO: Primitives created: 1
01:30:41 | INFO: Extracting primitive: V03_RESTAURANT_DINING_CHAIR_02_00_MESH
01:30:41 | INFO: Primitives created: 1
01:30:41 | INFO: Extracting primitive: V03_RESTAURANT_DINING_CHAIR_02_01_MESH
01:30:41 | INFO: Primitives created: 1
01:30:41 | INFO: Extracting primitive: V03_RESTAURANT_DINING_CHAIR_03_00_MESH
01:30:41 | INFO: Primitives created: 1
01:30:41 | INFO: Extracting primitive: V03_RESTAURANT_DINING_CHAIR_03_01_MESH
01:30:41 | INFO: Primitives created: 1
01:30:41 | INFO: Extracting primitive: V03_RESTAURANT_DINING_TABLE_00_MESH
01:30:41 | INFO: Primitives created: 1
01:30:41 | INFO: Extracting primitive: V03_RESTAURANT_DINING_TABLE_01_MESH
01:30:41 | INFO: Primitives created: 1
01:30:41 | INFO: Extracting primitive: V03_RESTAURANT_DINING_TABLE_02_MESH
01:30:41 | INFO: Primitives created: 1
01:30:41 | INFO: Extracting primitive: V03_RESTAURANT_DINING_TABLE_03_MESH
01:30:41 | INFO: Primitives created: 1
01:30:41 | INFO: Extracting primitive: V03_RESTAURANT_ENCLOSURE_BACK_MESH
01:30:41 | INFO: Primitives created: 1
01:30:41 | INFO: Extracting primitive: V03_RESTAURANT_ENCLOSURE_LEFT_MESH
01:30:41 | INFO: Primitives created: 1
01:30:41 | INFO: Extracting primitive: V03_RESTAURANT_ENCLOSURE_RIGHT_MESH
01:30:41 | INFO: Primitives created: 1
01:30:41 | INFO: Extracting primitive: V03_RESTAURANT_FLOOR_MESH
01:30:41 | INFO: Primitives created: 1
01:30:41 | INFO: Extracting primitive: V03_RESTAURANT_KITCHEN_HOOD_00_MESH
01:30:41 | INFO: Primitives created: 1
01:30:41 | INFO: Extracting primitive: V03_RESTAURANT_KITCHEN_HOOD_01_MESH
01:30:41 | INFO: Primitives created: 1
01:30:41 | INFO: Extracting primitive: V03_RESTAURANT_KITCHEN_HOOD_02_MESH
01:30:41 | INFO: Primitives created: 1
01:30:41 | INFO: Extracting primitive: V03_RESTAURANT_KITCHEN_HOOD_03_MESH
01:30:41 | INFO: Primitives created: 1
01:30:41 | INFO: Extracting primitive: V03_RESTAURANT_KITCHEN_PARTITION_MESH
01:30:41 | INFO: Primitives created: 1
01:30:41 | INFO: Extracting primitive: V03_RESTAURANT_KITCHEN_STATION_00_MESH
01:30:41 | INFO: Primitives created: 1
01:30:41 | INFO: Extracting primitive: V03_RESTAURANT_KITCHEN_STATION_01_MESH
01:30:41 | INFO: Primitives created: 1
01:30:41 | INFO: Extracting primitive: V03_RESTAURANT_KITCHEN_STATION_02_MESH
01:30:41 | INFO: Primitives created: 1
01:30:41 | INFO: Extracting primitive: V03_RESTAURANT_KITCHEN_STATION_03_MESH
01:30:41 | INFO: Primitives created: 1
01:30:41 | INFO: Extracting primitive: V03_RESTAURANT_LIGHT_00_BODY_MESH
01:30:41 | INFO: Primitives created: 1
01:30:41 | INFO: Extracting primitive: V03_RESTAURANT_LIGHT_00_GLOW_MESH
01:30:41 | INFO: Primitives created: 1
01:30:41 | INFO: Extracting primitive: V03_RESTAURANT_LIGHT_01_BODY_MESH
01:30:41 | INFO: Primitives created: 1
01:30:41 | INFO: Extracting primitive: V03_RESTAURANT_LIGHT_01_GLOW_MESH
01:30:41 | INFO: Primitives created: 1
01:30:41 | INFO: Extracting primitive: V03_RESTAURANT_LIGHT_02_BODY_MESH
01:30:41 | INFO: Primitives created: 1
01:30:41 | INFO: Extracting primitive: V03_RESTAURANT_LIGHT_02_GLOW_MESH
01:30:41 | INFO: Primitives created: 1
01:30:41 | INFO: Extracting primitive: V03_RESTAURANT_LIGHT_03_BODY_MESH
01:30:41 | INFO: Primitives created: 1
01:30:41 | INFO: Extracting primitive: V03_RESTAURANT_LIGHT_03_GLOW_MESH
01:30:41 | INFO: Primitives created: 1
01:30:41 | INFO: Extracting primitive: V03_RESTAURANT_PASS_MESH
01:30:41 | INFO: Primitives created: 1
01:30:41 | INFO: Extracting primitive: V03_RESTAURANT_SERVICE_BACKBAR_MESH
01:30:41 | INFO: Primitives created: 1
01:30:41 | INFO: Extracting primitive: V03_RESTAURANT_SERVICE_COUNTER_MESH
01:30:41 | INFO: Primitives created: 1
01:30:41 | INFO: Extracting primitive: V03_RESTAURANT_SERVICE_SHELF_00_MESH
01:30:41 | INFO: Primitives created: 1
01:30:41 | INFO: Extracting primitive: V03_RESTAURANT_SERVICE_SHELF_01_MESH
01:30:41 | INFO: Primitives created: 1
01:30:41 | INFO: Extracting primitive: V03_RESTAURANT_SERVICE_SHELF_02_MESH
01:30:41 | INFO: Primitives created: 1
01:30:41 | INFO: Extracting primitive: V03_RESTAURANT_SERVICE_SHELF_03_MESH
01:30:41 | INFO: Primitives created: 1
01:30:41 | INFO: Extracting primitive: V03_RESTAURANT_WALL_PANEL_00_MESH
01:30:41 | INFO: Primitives created: 1
01:30:41 | INFO: Extracting primitive: V03_RESTAURANT_WALL_PANEL_01_MESH
01:30:41 | INFO: Primitives created: 1
01:30:41 | INFO: Extracting primitive: V03_RESTAURANT_WALL_PANEL_02_MESH
01:30:41 | INFO: Primitives created: 1
01:30:41 | INFO: Extracting primitive: V03_RESTAURANT_WALL_PANEL_03_MESH
01:30:41 | INFO: Primitives created: 1
01:30:41 | INFO: Extracting primitive: V03_WIPES_BACK_WALL_MESH
01:30:41 | INFO: Primitives created: 1
01:30:41 | INFO: Extracting primitive: V03_WIPES_CONVERTING_LINE_FRAME_MESH
01:30:41 | INFO: Primitives created: 1
01:30:41 | INFO: Extracting primitive: V03_WIPES_CONVERTING_LINE_GUARD_A_MESH
01:30:41 | INFO: Primitives created: 1
01:30:41 | INFO: Extracting primitive: V03_WIPES_CONVERTING_LINE_GUARD_B_MESH
01:30:41 | INFO: Primitives created: 1
01:30:41 | INFO: Extracting primitive: V03_WIPES_CONVERTING_LINE_ROLLER_00_MESH
01:30:41 | INFO: Primitives created: 1
01:30:41 | INFO: Extracting primitive: V03_WIPES_CONVERTING_LINE_ROLLER_01_MESH
01:30:41 | INFO: Primitives created: 1
01:30:41 | INFO: Extracting primitive: V03_WIPES_CONVERTING_LINE_ROLLER_02_MESH
01:30:41 | INFO: Primitives created: 1
01:30:41 | INFO: Extracting primitive: V03_WIPES_CONVERTING_LINE_ROLLER_03_MESH
01:30:41 | INFO: Primitives created: 1
01:30:41 | INFO: Extracting primitive: V03_WIPES_CONVERTING_LINE_ROLLER_04_MESH
01:30:41 | INFO: Primitives created: 1
01:30:41 | INFO: Extracting primitive: V03_WIPES_CONVERTING_LINE_ROLLER_05_MESH
01:30:41 | INFO: Primitives created: 1
01:30:41 | INFO: Extracting primitive: V03_WIPES_CONVERTING_LINE_ROLLER_06_MESH
01:30:41 | INFO: Primitives created: 1
01:30:41 | INFO: Extracting primitive: V03_WIPES_CUTTER_MESH
01:30:41 | INFO: Primitives created: 1
01:30:41 | INFO: Extracting primitive: V03_WIPES_FILM_REEL_MESH
01:30:41 | INFO: Primitives created: 1
01:30:41 | INFO: Extracting primitive: V03_WIPES_FILM_REEL_FRAME_MESH
01:30:41 | INFO: Primitives created: 1
01:30:41 | INFO: Extracting primitive: V03_WIPES_FINISHED_POUCH_00_MESH
01:30:41 | INFO: Primitives created: 1
01:30:41 | INFO: Extracting primitive: V03_WIPES_FINISHED_POUCH_01_MESH
01:30:41 | INFO: Primitives created: 1
01:30:41 | INFO: Extracting primitive: V03_WIPES_FINISHED_POUCH_02_MESH
01:30:41 | INFO: Primitives created: 1
01:30:41 | INFO: Extracting primitive: V03_WIPES_FINISHED_POUCH_03_MESH
01:30:41 | INFO: Primitives created: 1
01:30:41 | INFO: Extracting primitive: V03_WIPES_FINISHED_POUCH_04_MESH
01:30:41 | INFO: Primitives created: 1
01:30:41 | INFO: Extracting primitive: V03_WIPES_FLOOR_MESH
01:30:41 | INFO: Primitives created: 1
01:30:41 | INFO: Extracting primitive: V03_WIPES_FOLDING_GUARD_MESH
01:30:41 | INFO: Primitives created: 1
01:30:41 | INFO: Extracting primitive: V03_WIPES_FOLDING_PLOW_MESH
01:30:41 | INFO: Primitives created: 1
01:30:41 | INFO: Extracting primitive: V03_WIPES_LIGHT_00_BODY_MESH
01:30:41 | INFO: Primitives created: 1
01:30:41 | INFO: Extracting primitive: V03_WIPES_LIGHT_00_GLOW_MESH
01:30:41 | INFO: Primitives created: 1
01:30:41 | INFO: Extracting primitive: V03_WIPES_LIGHT_01_BODY_MESH
01:30:41 | INFO: Primitives created: 1
01:30:41 | INFO: Extracting primitive: V03_WIPES_LIGHT_01_GLOW_MESH
01:30:41 | INFO: Primitives created: 1
01:30:41 | INFO: Extracting primitive: V03_WIPES_LIGHT_02_BODY_MESH
01:30:41 | INFO: Primitives created: 1
01:30:41 | INFO: Extracting primitive: V03_WIPES_LIGHT_02_GLOW_MESH
01:30:41 | INFO: Primitives created: 1
01:30:41 | INFO: Extracting primitive: V03_WIPES_LIGHT_03_BODY_MESH
01:30:41 | INFO: Primitives created: 1
01:30:41 | INFO: Extracting primitive: V03_WIPES_LIGHT_03_GLOW_MESH
01:30:41 | INFO: Primitives created: 1
01:30:41 | INFO: Extracting primitive: V03_WIPES_LIGHT_04_BODY_MESH
01:30:41 | INFO: Primitives created: 1
01:30:41 | INFO: Extracting primitive: V03_WIPES_LIGHT_04_GLOW_MESH
01:30:41 | INFO: Primitives created: 1
01:30:41 | INFO: Extracting primitive: V03_WIPES_LIGHT_05_BODY_MESH
01:30:41 | INFO: Primitives created: 1
01:30:41 | INFO: Extracting primitive: V03_WIPES_LIGHT_05_GLOW_MESH
01:30:41 | INFO: Primitives created: 1
01:30:41 | INFO: Extracting primitive: V03_WIPES_LIGHT_06_BODY_MESH
01:30:41 | INFO: Primitives created: 1
01:30:41 | INFO: Extracting primitive: V03_WIPES_LIGHT_06_GLOW_MESH
01:30:41 | INFO: Primitives created: 1
01:30:41 | INFO: Extracting primitive: V03_WIPES_LOTION_FEED_MESH
01:30:41 | INFO: Primitives created: 1
01:30:41 | INFO: Extracting primitive: V03_WIPES_NIP_ROLL_00_MESH
01:30:41 | INFO: Primitives created: 1
01:30:41 | INFO: Extracting primitive: V03_WIPES_NIP_ROLL_01_MESH
01:30:41 | INFO: Primitives created: 1
01:30:41 | INFO: Extracting primitive: V03_WIPES_NIP_ROLL_02_MESH
01:30:41 | INFO: Primitives created: 1
01:30:41 | INFO: Extracting primitive: V03_WIPES_PACK_OUT_FRAME_MESH
01:30:41 | INFO: Primitives created: 1
01:30:41 | INFO: Extracting primitive: V03_WIPES_PACK_OUT_GUARD_A_MESH
01:30:41 | INFO: Primitives created: 1
01:30:41 | INFO: Extracting primitive: V03_WIPES_PACK_OUT_GUARD_B_MESH
01:30:41 | INFO: Primitives created: 1
01:30:41 | INFO: Extracting primitive: V03_WIPES_PACK_OUT_ROLLER_00_MESH
01:30:41 | INFO: Primitives created: 1
01:30:41 | INFO: Extracting primitive: V03_WIPES_PACK_OUT_ROLLER_01_MESH
01:30:41 | INFO: Primitives created: 1
01:30:41 | INFO: Extracting primitive: V03_WIPES_PACK_OUT_ROLLER_02_MESH
01:30:41 | INFO: Primitives created: 1
01:30:41 | INFO: Extracting primitive: V03_WIPES_PACK_OUT_ROLLER_03_MESH
01:30:41 | INFO: Primitives created: 1
01:30:41 | INFO: Extracting primitive: V03_WIPES_PACK_OUT_ROLLER_04_MESH
01:30:41 | INFO: Primitives created: 1
01:30:41 | INFO: Extracting primitive: V03_WIPES_PACK_OUT_ROLLER_05_MESH
01:30:41 | INFO: Primitives created: 1
01:30:41 | INFO: Extracting primitive: V03_WIPES_PACK_OUT_ROLLER_06_MESH
01:30:41 | INFO: Primitives created: 1
01:30:41 | INFO: Extracting primitive: V03_WIPES_PARENT_ROLL_MESH
01:30:41 | INFO: Primitives created: 1
01:30:41 | INFO: Extracting primitive: V03_WIPES_POUCH_PACKER_MESH
01:30:41 | INFO: Primitives created: 1
01:30:41 | INFO: Extracting primitive: V03_WIPES_ROLL_CORE_MESH
01:30:41 | INFO: Primitives created: 1
01:30:41 | INFO: Extracting primitive: V03_WIPES_SEAL_BAR_00_MESH
01:30:41 | INFO: Primitives created: 1
01:30:41 | INFO: Extracting primitive: V03_WIPES_SEAL_BAR_01_MESH
01:30:41 | INFO: Primitives created: 1
01:30:41 | INFO: Extracting primitive: V03_WIPES_SEAL_BAR_02_MESH
01:30:41 | INFO: Primitives created: 1
01:30:41 | INFO: Extracting primitive: V03_WIPES_SEAL_BAR_03_MESH
01:30:41 | INFO: Primitives created: 1
01:30:41 | INFO: Extracting primitive: V03_WIPES_STACK_00_MESH
01:30:41 | INFO: Primitives created: 1
01:30:41 | INFO: Extracting primitive: V03_WIPES_STACK_01_MESH
01:30:41 | INFO: Primitives created: 1
01:30:41 | INFO: Extracting primitive: V03_WIPES_STACK_02_MESH
01:30:41 | INFO: Primitives created: 1
01:30:41 | INFO: Extracting primitive: V03_WIPES_STACK_03_MESH
01:30:41 | INFO: Primitives created: 1
01:30:41 | INFO: Extracting primitive: V03_WIPES_STACK_04_MESH
01:30:41 | INFO: Primitives created: 1
01:30:41 | INFO: Extracting primitive: V03_WIPES_STACK_05_MESH
01:30:41 | INFO: Primitives created: 1
01:30:41 | INFO: Extracting primitive: V03_WIPES_STACKER_MESH
01:30:41 | INFO: Primitives created: 1
01:30:41 | INFO: Extracting primitive: V03_WIPES_UNWIND_FRAME_MESH
01:30:41 | INFO: Primitives created: 1
01:30:41 | INFO: Extracting primitive: V03_WIPES_WEB_01_MESH
01:30:41 | INFO: Primitives created: 1
01:30:41 | INFO: Extracting primitive: V03_WIPES_WEB_02_MESH
01:30:41 | INFO: Primitives created: 1
01:30:41 | INFO: Extracting primitive: V03_WIPES_WETTING_BATH_MESH
01:30:41 | INFO: Primitives created: 1
01:30:41 | INFO: Extracting primitive: V04_ADMIN_BACK_MESH.001
01:30:41 | INFO: Primitives created: 1
01:30:41 | INFO: Extracting primitive: V04_ADMIN_FLOOR_MESH.001
01:30:41 | INFO: Primitives created: 1
01:30:41 | INFO: Extracting primitive: V04_ADMIN_LAB_PARTITION_MESH.001
01:30:41 | INFO: Primitives created: 1
01:30:41 | INFO: Extracting primitive: V04_ADMIN_LEFT_MESH.001
01:30:41 | INFO: Primitives created: 1
01:30:41 | INFO: Extracting primitive: V04_ADMIN_LIGHT_00_BODY_MESH.001
01:30:41 | INFO: Primitives created: 1
01:30:41 | INFO: Extracting primitive: V04_ADMIN_LIGHT_00_GLOW_MESH.001
01:30:41 | INFO: Primitives created: 1
01:30:41 | INFO: Extracting primitive: V04_ADMIN_LIGHT_01_BODY_MESH.001
01:30:41 | INFO: Primitives created: 1
01:30:41 | INFO: Extracting primitive: V04_ADMIN_LIGHT_01_GLOW_MESH.001
01:30:41 | INFO: Primitives created: 1
01:30:41 | INFO: Extracting primitive: V04_ADMIN_LIGHT_02_BODY_MESH.001
01:30:41 | INFO: Primitives created: 1
01:30:41 | INFO: Extracting primitive: V04_ADMIN_LIGHT_02_GLOW_MESH.001
01:30:41 | INFO: Primitives created: 1
01:30:41 | INFO: Extracting primitive: V04_ADMIN_LIGHT_03_BODY_MESH.001
01:30:41 | INFO: Primitives created: 1
01:30:41 | INFO: Extracting primitive: V04_ADMIN_LIGHT_03_GLOW_MESH.001
01:30:41 | INFO: Primitives created: 1
01:30:41 | INFO: Extracting primitive: V04_ADMIN_LIGHT_04_BODY_MESH.001
01:30:41 | INFO: Primitives created: 1
01:30:41 | INFO: Extracting primitive: V04_ADMIN_LIGHT_04_GLOW_MESH.001
01:30:41 | INFO: Primitives created: 1
01:30:41 | INFO: Extracting primitive: V04_ADMIN_LIGHT_05_BODY_MESH.001
01:30:41 | INFO: Primitives created: 1
01:30:41 | INFO: Extracting primitive: V04_ADMIN_LIGHT_05_GLOW_MESH.001
01:30:41 | INFO: Primitives created: 1
01:30:41 | INFO: Extracting primitive: V04_ADMIN_LIGHT_06_BODY_MESH.001
01:30:41 | INFO: Primitives created: 1
01:30:41 | INFO: Extracting primitive: V04_ADMIN_LIGHT_06_GLOW_MESH.001
01:30:41 | INFO: Primitives created: 1
01:30:41 | INFO: Extracting primitive: V04_ADMIN_MEETING_SEAT_00_MESH.001
01:30:41 | INFO: Primitives created: 1
01:30:41 | INFO: Extracting primitive: V04_ADMIN_MEETING_SEAT_01_MESH.001
01:30:41 | INFO: Primitives created: 1
01:30:41 | INFO: Extracting primitive: V04_ADMIN_MEETING_SEAT_02_MESH.001
01:30:41 | INFO: Primitives created: 1
01:30:41 | INFO: Extracting primitive: V04_ADMIN_MEETING_SEAT_03_MESH.001
01:30:41 | INFO: Primitives created: 1
01:30:41 | INFO: Extracting primitive: V04_ADMIN_MEETING_SEAT_04_MESH.001
01:30:41 | INFO: Primitives created: 1
01:30:41 | INFO: Extracting primitive: V04_ADMIN_MEETING_SEAT_05_MESH.001
01:30:41 | INFO: Primitives created: 1
01:30:41 | INFO: Extracting primitive: V04_ADMIN_MEETING_SEAT_06_MESH.001
01:30:41 | INFO: Primitives created: 1
01:30:41 | INFO: Extracting primitive: V04_ADMIN_MEETING_SEAT_07_MESH.001
01:30:41 | INFO: Primitives created: 1
01:30:41 | INFO: Extracting primitive: V04_ADMIN_MEETING_TABLE_MESH.001
01:30:41 | INFO: Primitives created: 1
01:30:41 | INFO: Extracting primitive: V04_ADMIN_OFFICE_POD_00_MESH.001
01:30:41 | INFO: Primitives created: 1
01:30:41 | INFO: Extracting primitive: V04_ADMIN_OFFICE_POD_01_MESH.001
01:30:41 | INFO: Primitives created: 1
01:30:41 | INFO: Extracting primitive: V04_ADMIN_OFFICE_POD_02_MESH.001
01:30:41 | INFO: Primitives created: 1
01:30:41 | INFO: Extracting primitive: V04_ADMIN_OFFICE_POD_03_MESH.001
01:30:41 | INFO: Primitives created: 1
01:30:41 | INFO: Extracting primitive: V04_ADMIN_OFFICE_POD_04_MESH.001
01:30:41 | INFO: Primitives created: 1
01:30:41 | INFO: Extracting primitive: V04_ADMIN_OFFICE_POD_05_MESH.001
01:30:41 | INFO: Primitives created: 1
01:30:41 | INFO: Extracting primitive: V04_ADMIN_QC_INSTRUMENT_00_MESH.001
01:30:41 | INFO: Primitives created: 1
01:30:41 | INFO: Extracting primitive: V04_ADMIN_QC_INSTRUMENT_01_MESH.001
01:30:41 | INFO: Primitives created: 1
01:30:41 | INFO: Extracting primitive: V04_ADMIN_QC_INSTRUMENT_02_MESH.001
01:30:41 | INFO: Primitives created: 1
01:30:41 | INFO: Extracting primitive: V04_ADMIN_QC_INSTRUMENT_03_MESH.001
01:30:41 | INFO: Primitives created: 1
01:30:41 | INFO: Extracting primitive: V04_ADMIN_QC_INSTRUMENT_04_MESH.001
01:30:41 | INFO: Primitives created: 1
01:30:41 | INFO: Extracting primitive: V04_ADMIN_QC_LAB_BENCH_MESH.001
01:30:41 | INFO: Primitives created: 1
01:30:41 | INFO: Extracting primitive: V04_ADMIN_QC_SAMPLE_00_MESH.001
01:30:41 | INFO: Primitives created: 1
01:30:41 | INFO: Extracting primitive: V04_ADMIN_QC_SAMPLE_01_MESH.001
01:30:41 | INFO: Primitives created: 1
01:30:41 | INFO: Extracting primitive: V04_ADMIN_QC_SAMPLE_02_MESH.001
01:30:41 | INFO: Primitives created: 1
01:30:41 | INFO: Extracting primitive: V04_ADMIN_QC_SAMPLE_03_MESH.001
01:30:41 | INFO: Primitives created: 1
01:30:41 | INFO: Extracting primitive: V04_ADMIN_QC_SAMPLE_04_MESH.001
01:30:41 | INFO: Primitives created: 1
01:30:41 | INFO: Extracting primitive: V04_ADMIN_QC_STORAGE_BEAM_00_MESH.001
01:30:41 | INFO: Primitives created: 1
01:30:41 | INFO: Extracting primitive: V04_ADMIN_QC_STORAGE_BEAM_01_MESH.001
01:30:41 | INFO: Primitives created: 1
01:30:41 | INFO: Extracting primitive: V04_ADMIN_QC_STORAGE_LOAD_00_00_MESH.001
01:30:41 | INFO: Primitives created: 1
01:30:41 | INFO: Extracting primitive: V04_ADMIN_QC_STORAGE_LOAD_00_01_MESH.001
01:30:41 | INFO: Primitives created: 1
01:30:41 | INFO: Extracting primitive: V04_ADMIN_QC_STORAGE_LOAD_01_00_MESH.001
01:30:41 | INFO: Primitives created: 1
01:30:41 | INFO: Extracting primitive: V04_ADMIN_QC_STORAGE_LOAD_01_01_MESH.001
01:30:41 | INFO: Primitives created: 1
01:30:41 | INFO: Extracting primitive: V04_ADMIN_QC_STORAGE_LOAD_02_00_MESH.001
01:30:41 | INFO: Primitives created: 1
01:30:41 | INFO: Extracting primitive: V04_ADMIN_QC_STORAGE_LOAD_02_01_MESH.001
01:30:41 | INFO: Primitives created: 1
01:30:41 | INFO: Extracting primitive: V04_ADMIN_QC_STORAGE_LOAD_03_00_MESH.001
01:30:41 | INFO: Primitives created: 1
01:30:41 | INFO: Extracting primitive: V04_ADMIN_QC_STORAGE_LOAD_03_01_MESH.001
01:30:41 | INFO: Primitives created: 1
01:30:41 | INFO: Extracting primitive: V04_ADMIN_QC_STORAGE_PALLET_00_00_MESH.001
01:30:41 | INFO: Primitives created: 1
01:30:41 | INFO: Extracting primitive: V04_ADMIN_QC_STORAGE_PALLET_00_01_MESH.001
01:30:41 | INFO: Primitives created: 1
01:30:41 | INFO: Extracting primitive: V04_ADMIN_QC_STORAGE_PALLET_01_00_MESH.001
01:30:41 | INFO: Primitives created: 1
01:30:41 | INFO: Extracting primitive: V04_ADMIN_QC_STORAGE_PALLET_01_01_MESH.001
01:30:41 | INFO: Primitives created: 1
01:30:41 | INFO: Extracting primitive: V04_ADMIN_QC_STORAGE_PALLET_02_00_MESH.001
01:30:41 | INFO: Primitives created: 1
01:30:41 | INFO: Extracting primitive: V04_ADMIN_QC_STORAGE_PALLET_02_01_MESH.001
01:30:41 | INFO: Primitives created: 1
01:30:41 | INFO: Extracting primitive: V04_ADMIN_QC_STORAGE_PALLET_03_00_MESH.001
01:30:41 | INFO: Primitives created: 1
01:30:41 | INFO: Extracting primitive: V04_ADMIN_QC_STORAGE_PALLET_03_01_MESH.001
01:30:41 | INFO: Primitives created: 1
01:30:41 | INFO: Extracting primitive: V04_ADMIN_QC_STORAGE_UPRIGHT_00_00_MESH.001
01:30:41 | INFO: Primitives created: 1
01:30:41 | INFO: Extracting primitive: V04_ADMIN_QC_STORAGE_UPRIGHT_00_01_MESH.001
01:30:41 | INFO: Primitives created: 1
01:30:41 | INFO: Extracting primitive: V04_ADMIN_QC_STORAGE_UPRIGHT_01_00_MESH.001
01:30:41 | INFO: Primitives created: 1
01:30:41 | INFO: Extracting primitive: V04_ADMIN_QC_STORAGE_UPRIGHT_01_01_MESH.001
01:30:41 | INFO: Primitives created: 1
01:30:41 | INFO: Extracting primitive: V04_ADMIN_QC_STORAGE_UPRIGHT_02_00_MESH.001
01:30:41 | INFO: Primitives created: 1
01:30:41 | INFO: Extracting primitive: V04_ADMIN_QC_STORAGE_UPRIGHT_02_01_MESH.001
01:30:41 | INFO: Primitives created: 1
01:30:41 | INFO: Extracting primitive: V04_ADMIN_QC_STORAGE_UPRIGHT_03_00_MESH.001
01:30:41 | INFO: Primitives created: 1
01:30:41 | INFO: Extracting primitive: V04_ADMIN_QC_STORAGE_UPRIGHT_03_01_MESH.001
01:30:41 | INFO: Primitives created: 1
01:30:41 | INFO: Extracting primitive: V04_ADMIN_RECEPTION_MESH.001
01:30:41 | INFO: Primitives created: 1
01:30:41 | INFO: Extracting primitive: V04_ADMIN_RECEPTION_BACK_MESH.001
01:30:41 | INFO: Primitives created: 1
01:30:41 | INFO: Extracting primitive: V04_ADMIN_RIGHT_MESH.001
01:30:41 | INFO: Primitives created: 1
01:30:41 | INFO: Extracting primitive: V04_BLOW_BOTTLE_INSPECTION_MESH.001
01:30:41 | INFO: Primitives created: 1
01:30:41 | INFO: Extracting primitive: V04_BLOW_CAGE_SIDE_1_MESH.001
01:30:41 | INFO: Primitives created: 1
01:30:41 | INFO: Extracting primitive: V04_BLOW_CAGE_SIDE_-1_MESH.001
01:30:41 | INFO: Primitives created: 1
01:30:41 | INFO: Extracting primitive: V04_BLOW_LIGHT_00_BODY_MESH.001
01:30:41 | INFO: Primitives created: 1
01:30:41 | INFO: Extracting primitive: V04_BLOW_LIGHT_00_GLOW_MESH.001
01:30:41 | INFO: Primitives created: 1
01:30:41 | INFO: Extracting primitive: V04_BLOW_LIGHT_01_BODY_MESH.001
01:30:41 | INFO: Primitives created: 1
01:30:41 | INFO: Extracting primitive: V04_BLOW_LIGHT_01_GLOW_MESH.001
01:30:41 | INFO: Primitives created: 1
01:30:41 | INFO: Extracting primitive: V04_BLOW_LIGHT_02_BODY_MESH.001
01:30:41 | INFO: Primitives created: 1
01:30:41 | INFO: Extracting primitive: V04_BLOW_LIGHT_02_GLOW_MESH.001
01:30:41 | INFO: Primitives created: 1
01:30:41 | INFO: Extracting primitive: V04_BLOW_LIGHT_03_BODY_MESH.001
01:30:41 | INFO: Primitives created: 1
01:30:41 | INFO: Extracting primitive: V04_BLOW_LIGHT_03_GLOW_MESH.001
01:30:41 | INFO: Primitives created: 1
01:30:41 | INFO: Extracting primitive: V04_BLOW_LIGHT_04_BODY_MESH.001
01:30:41 | INFO: Primitives created: 1
01:30:41 | INFO: Extracting primitive: V04_BLOW_LIGHT_04_GLOW_MESH.001
01:30:41 | INFO: Primitives created: 1
01:30:41 | INFO: Extracting primitive: V04_BLOW_LIGHT_05_BODY_MESH.001
01:30:41 | INFO: Primitives created: 1
01:30:41 | INFO: Extracting primitive: V04_BLOW_LIGHT_05_GLOW_MESH.001
01:30:41 | INFO: Primitives created: 1
01:30:41 | INFO: Extracting primitive: V04_BLOW_OVEN_DUCT_00_MESH.001
01:30:41 | INFO: Primitives created: 1
01:30:41 | INFO: Extracting primitive: V04_BLOW_OVEN_DUCT_01_MESH.001
01:30:41 | INFO: Primitives created: 1
01:30:41 | INFO: Extracting primitive: V04_BLOW_OVEN_DUCT_02_MESH.001
01:30:41 | INFO: Primitives created: 1
01:30:41 | INFO: Extracting primitive: V04_BLOW_OVEN_SERVICE_DECK_MESH.001
01:30:41 | INFO: Primitives created: 1
01:30:41 | INFO: Extracting primitive: V04_BLOW_PREFORM_BIN_MESH.001
01:30:41 | INFO: Primitives created: 1
01:30:41 | INFO: Extracting primitive: V04_BLOW_PREFORM_BIN_00_MESH.001
01:30:41 | INFO: Primitives created: 1
01:30:41 | INFO: Extracting primitive: V04_BLOW_PREFORM_BIN_01_MESH.001
01:30:41 | INFO: Primitives created: 1
01:30:41 | INFO: Extracting primitive: V04_BLOW_PREFORM_BIN_02_MESH.001
01:30:41 | INFO: Primitives created: 1
01:30:41 | INFO: Extracting primitive: V04_BLOW_PREFORM_BIN_03_MESH.001
01:30:41 | INFO: Primitives created: 1
01:30:41 | INFO: Extracting primitive: V04_BLOW_PREFORM_TRANSFER_FRAME_MESH.001
01:30:41 | INFO: Primitives created: 1
01:30:41 | INFO: Extracting primitive: V04_BLOW_PREFORM_TRANSFER_GUARD_A_MESH.001
01:30:41 | INFO: Primitives created: 1
01:30:41 | INFO: Extracting primitive: V04_BLOW_PREFORM_TRANSFER_GUARD_B_MESH.001
01:30:41 | INFO: Primitives created: 1
01:30:41 | INFO: Extracting primitive: V04_BLOW_PREFORM_TRANSFER_ROLLER_00_MESH.001
01:30:41 | INFO: Primitives created: 1
01:30:41 | INFO: Extracting primitive: V04_BLOW_PREFORM_TRANSFER_ROLLER_01_MESH.001
01:30:41 | INFO: Primitives created: 1
01:30:41 | INFO: Extracting primitive: V04_BLOW_PREFORM_TRANSFER_ROLLER_02_MESH.001
01:30:41 | INFO: Primitives created: 1
01:30:41 | INFO: Extracting primitive: V04_BLOW_PREFORM_TRANSFER_ROLLER_03_MESH.001
01:30:41 | INFO: Primitives created: 1
01:30:41 | INFO: Extracting primitive: V04_BLOW_PREFORM_TRANSFER_ROLLER_04_MESH.001
01:30:41 | INFO: Primitives created: 1
01:30:41 | INFO: Extracting primitive: V04_BLOW_PREFORM_TRANSFER_ROLLER_05_MESH.001
01:30:41 | INFO: Primitives created: 1
01:30:41 | INFO: Extracting primitive: V04_BLOW_PREFORM_TRANSFER_ROLLER_06_MESH.001
01:30:41 | INFO: Primitives created: 1
01:30:41 | INFO: Extracting primitive: V04_BLOW_PREFORM_TRANSFER_ROLLER_07_MESH.001
01:30:41 | INFO: Primitives created: 1
01:30:41 | INFO: Extracting primitive: V04_CLINIC_BACK_MESH.001
01:30:41 | INFO: Primitives created: 1
01:30:41 | INFO: Extracting primitive: V04_CLINIC_EXAM_BACK_MESH.001
01:30:41 | INFO: Primitives created: 1
01:30:41 | INFO: Extracting primitive: V04_CLINIC_EXAM_BED_MESH.001
01:30:41 | INFO: Primitives created: 1
01:30:41 | INFO: Extracting primitive: V04_CLINIC_FLOOR_MESH.001
01:30:41 | INFO: Primitives created: 1
01:30:41 | INFO: Extracting primitive: V04_CLINIC_LEFT_MESH.001
01:30:41 | INFO: Primitives created: 1
01:30:41 | INFO: Extracting primitive: V04_CLINIC_LIGHT_00_BODY_MESH.001
01:30:41 | INFO: Primitives created: 1
01:30:41 | INFO: Extracting primitive: V04_CLINIC_LIGHT_00_GLOW_MESH.001
01:30:41 | INFO: Primitives created: 1
01:30:41 | INFO: Extracting primitive: V04_CLINIC_LIGHT_01_BODY_MESH.001
01:30:41 | INFO: Primitives created: 1
01:30:41 | INFO: Extracting primitive: V04_CLINIC_LIGHT_01_GLOW_MESH.001
01:30:41 | INFO: Primitives created: 1
01:30:41 | INFO: Extracting primitive: V04_CLINIC_LIGHT_02_BODY_MESH.001
01:30:41 | INFO: Primitives created: 1
01:30:41 | INFO: Extracting primitive: V04_CLINIC_LIGHT_02_GLOW_MESH.001
01:30:41 | INFO: Primitives created: 1
01:30:41 | INFO: Extracting primitive: V04_CLINIC_LIGHT_03_BODY_MESH.001
01:30:41 | INFO: Primitives created: 1
01:30:41 | INFO: Extracting primitive: V04_CLINIC_LIGHT_03_GLOW_MESH.001
01:30:41 | INFO: Primitives created: 1
01:30:41 | INFO: Extracting primitive: V04_CLINIC_MEDICAL_CABINET_00_MESH.001
01:30:41 | INFO: Primitives created: 1
01:30:41 | INFO: Extracting primitive: V04_CLINIC_MEDICAL_CABINET_01_MESH.001
01:30:41 | INFO: Primitives created: 1
01:30:41 | INFO: Extracting primitive: V04_CLINIC_MEDICAL_CABINET_02_MESH.001
01:30:41 | INFO: Primitives created: 1
01:30:41 | INFO: Extracting primitive: V04_CLINIC_PRIVACY_MESH.001
01:30:41 | INFO: Primitives created: 1
01:30:41 | INFO: Extracting primitive: V04_CLINIC_RECEPTION_MESH.001
01:30:41 | INFO: Primitives created: 1
01:30:41 | INFO: Extracting primitive: V04_CLINIC_RIGHT_MESH.001
01:30:41 | INFO: Primitives created: 1
01:30:41 | INFO: Extracting primitive: V04_CLINIC_SINK_MESH.001
01:30:41 | INFO: Primitives created: 1
01:30:41 | INFO: Extracting primitive: V04_CLINIC_TREATMENT_CART_MESH.001
01:30:41 | INFO: Primitives created: 1
01:30:41 | INFO: Extracting primitive: V04_CLINIC_WAIT_SEAT_00_MESH.001
01:30:41 | INFO: Primitives created: 1
01:30:41 | INFO: Extracting primitive: V04_CLINIC_WAIT_SEAT_01_MESH.001
01:30:41 | INFO: Primitives created: 1
01:30:41 | INFO: Extracting primitive: V04_CLINIC_WAIT_SEAT_02_MESH.001
01:30:41 | INFO: Primitives created: 1
01:30:41 | INFO: Extracting primitive: V04_CLINIC_WAIT_SEAT_03_MESH.001
01:30:41 | INFO: Primitives created: 1
01:30:41 | INFO: Extracting primitive: V04_ETP_BACK_MESH.001
01:30:41 | INFO: Primitives created: 1
01:30:41 | INFO: Extracting primitive: V04_ETP_FILTER_00_MESH.001
01:30:41 | INFO: Primitives created: 1
01:30:41 | INFO: Extracting primitive: V04_ETP_FILTER_01_MESH.001
01:30:41 | INFO: Primitives created: 1
01:30:41 | INFO: Extracting primitive: V04_ETP_FILTER_02_MESH.001
01:30:41 | INFO: Primitives created: 1
01:30:41 | INFO: Extracting primitive: V04_ETP_FLOOR_MESH.001
01:30:41 | INFO: Primitives created: 1
01:30:41 | INFO: Extracting primitive: V04_ETP_HEADER_00_MESH.001
01:30:41 | INFO: Primitives created: 1
01:30:41 | INFO: Extracting primitive: V04_ETP_HEADER_01_MESH.001
01:30:41 | INFO: Primitives created: 1
01:30:41 | INFO: Extracting primitive: V04_ETP_HEADER_02_MESH.001
01:30:41 | INFO: Primitives created: 1
01:30:41 | INFO: Extracting primitive: V04_ETP_LEFT_MESH.001
01:30:41 | INFO: Primitives created: 1
01:30:41 | INFO: Extracting primitive: V04_ETP_LIGHT_00_BODY_MESH.001
01:30:41 | INFO: Primitives created: 1
01:30:41 | INFO: Extracting primitive: V04_ETP_LIGHT_00_GLOW_MESH.001
01:30:41 | INFO: Primitives created: 1
01:30:41 | INFO: Extracting primitive: V04_ETP_LIGHT_01_BODY_MESH.001
01:30:41 | INFO: Primitives created: 1
01:30:41 | INFO: Extracting primitive: V04_ETP_LIGHT_01_GLOW_MESH.001
01:30:41 | INFO: Primitives created: 1
01:30:41 | INFO: Extracting primitive: V04_ETP_LIGHT_02_BODY_MESH.001
01:30:41 | INFO: Primitives created: 1
01:30:41 | INFO: Extracting primitive: V04_ETP_LIGHT_02_GLOW_MESH.001
01:30:41 | INFO: Primitives created: 1
01:30:41 | INFO: Extracting primitive: V04_ETP_LIGHT_03_BODY_MESH.001
01:30:41 | INFO: Primitives created: 1
01:30:41 | INFO: Extracting primitive: V04_ETP_LIGHT_03_GLOW_MESH.001
01:30:41 | INFO: Primitives created: 1
01:30:41 | INFO: Extracting primitive: V04_ETP_LIGHT_04_BODY_MESH.001
01:30:41 | INFO: Primitives created: 1
01:30:41 | INFO: Extracting primitive: V04_ETP_LIGHT_04_GLOW_MESH.001
01:30:41 | INFO: Primitives created: 1
01:30:41 | INFO: Extracting primitive: V04_ETP_OPERATOR_PLATFORM_MESH.001
01:30:41 | INFO: Primitives created: 1
01:30:41 | INFO: Extracting primitive: V04_ETP_PUMP_00_MESH.001
01:30:41 | INFO: Primitives created: 1
01:30:41 | INFO: Extracting primitive: V04_ETP_PUMP_01_MESH.001
01:30:41 | INFO: Primitives created: 1
01:30:41 | INFO: Extracting primitive: V04_ETP_PUMP_02_MESH.001
01:30:41 | INFO: Primitives created: 1
01:30:41 | INFO: Extracting primitive: V04_ETP_PUMP_SKID_00_MESH.001
01:30:41 | INFO: Primitives created: 1
01:30:41 | INFO: Extracting primitive: V04_ETP_PUMP_SKID_01_MESH.001
01:30:41 | INFO: Primitives created: 1
01:30:41 | INFO: Extracting primitive: V04_ETP_PUMP_SKID_02_MESH.001
01:30:41 | INFO: Primitives created: 1
01:30:41 | INFO: Extracting primitive: V04_ETP_RIGHT_MESH.001
01:30:41 | INFO: Primitives created: 1
01:30:41 | INFO: Extracting primitive: V04_ETP_TANK_00_MESH.001
01:30:41 | INFO: Primitives created: 1
01:30:41 | INFO: Extracting primitive: V04_ETP_TANK_01_MESH.001
01:30:41 | INFO: Primitives created: 1
01:30:41 | INFO: Extracting primitive: V04_ETP_TANK_02_MESH.001
01:30:41 | INFO: Primitives created: 1
01:30:41 | INFO: Extracting primitive: V04_ETP_TANK_LID_00_MESH.001
01:30:41 | INFO: Primitives created: 1
01:30:41 | INFO: Extracting primitive: V04_ETP_TANK_LID_01_MESH.001
01:30:41 | INFO: Primitives created: 1
01:30:41 | INFO: Extracting primitive: V04_ETP_TANK_LID_02_MESH.001
01:30:41 | INFO: Primitives created: 1
01:30:41 | INFO: Extracting primitive: V04_FG_AMR_00_MESH.001
01:30:41 | INFO: Primitives created: 1
01:30:41 | INFO: Extracting primitive: V04_FG_AMR_01_MESH.001
01:30:41 | INFO: Primitives created: 1
01:30:41 | INFO: Extracting primitive: V04_FG_AMR_02_MESH.001
01:30:41 | INFO: Primitives created: 1
01:30:41 | INFO: Extracting primitive: V04_FG_AMR_WHEEL_00_MESH.001
01:30:41 | INFO: Primitives created: 1
01:30:41 | INFO: Extracting primitive: V04_FG_AMR_WHEEL_01_MESH.001
01:30:41 | INFO: Primitives created: 1
01:30:41 | INFO: Extracting primitive: V04_FG_AMR_WHEEL_02_MESH.001
01:30:41 | INFO: Primitives created: 1
01:30:41 | INFO: Extracting primitive: V04_FG_BACK_MESH.001
01:30:41 | INFO: Primitives created: 1
01:30:41 | INFO: Extracting primitive: V04_FG_DISPATCH_DESK_MESH.001
01:30:41 | INFO: Primitives created: 1
01:30:41 | INFO: Extracting primitive: V04_FG_FLOOR_MESH.001
01:30:41 | INFO: Primitives created: 1
01:30:41 | INFO: Extracting primitive: V04_FG_LEFT_MESH.001
01:30:41 | INFO: Primitives created: 1
01:30:41 | INFO: Extracting primitive: V04_FG_LIGHT_00_BODY_MESH.001
01:30:41 | INFO: Primitives created: 1
01:30:41 | INFO: Extracting primitive: V04_FG_LIGHT_00_GLOW_MESH.001
01:30:41 | INFO: Primitives created: 1
01:30:41 | INFO: Extracting primitive: V04_FG_LIGHT_01_BODY_MESH.001
01:30:41 | INFO: Primitives created: 1
01:30:41 | INFO: Extracting primitive: V04_FG_LIGHT_01_GLOW_MESH.001
01:30:41 | INFO: Primitives created: 1
01:30:41 | INFO: Extracting primitive: V04_FG_LIGHT_02_BODY_MESH.001
01:30:41 | INFO: Primitives created: 1
01:30:41 | INFO: Extracting primitive: V04_FG_LIGHT_02_GLOW_MESH.001
01:30:41 | INFO: Primitives created: 1
01:30:41 | INFO: Extracting primitive: V04_FG_LIGHT_03_BODY_MESH.001
01:30:41 | INFO: Primitives created: 1
01:30:41 | INFO: Extracting primitive: V04_FG_LIGHT_03_GLOW_MESH.001
01:30:41 | INFO: Primitives created: 1
01:30:41 | INFO: Extracting primitive: V04_FG_LIGHT_04_BODY_MESH.001
01:30:41 | INFO: Primitives created: 1
01:30:41 | INFO: Extracting primitive: V04_FG_LIGHT_04_GLOW_MESH.001
01:30:41 | INFO: Primitives created: 1
01:30:41 | INFO: Extracting primitive: V04_FG_LIGHT_05_BODY_MESH.001
01:30:41 | INFO: Primitives created: 1
01:30:41 | INFO: Extracting primitive: V04_FG_LIGHT_05_GLOW_MESH.001
01:30:41 | INFO: Primitives created: 1
01:30:41 | INFO: Extracting primitive: V04_FG_LOADING_DOCK_MESH.001
01:30:41 | INFO: Primitives created: 1
01:30:41 | INFO: Extracting primitive: V04_FG_RACK_-44_BEAM_00_MESH.001
01:30:41 | INFO: Primitives created: 1
01:30:41 | INFO: Extracting primitive: V04_FG_RACK_-44_BEAM_01_MESH.001
01:30:41 | INFO: Primitives created: 1
01:30:41 | INFO: Extracting primitive: V04_FG_RACK_-44_BEAM_02_MESH.001
01:30:41 | INFO: Primitives created: 1
01:30:41 | INFO: Extracting primitive: V04_FG_RACK_-44_LOAD_00_00_MESH.001
01:30:41 | INFO: Primitives created: 1
01:30:41 | INFO: Extracting primitive: V04_FG_RACK_-44_LOAD_00_01_MESH.001
01:30:41 | INFO: Primitives created: 1
01:30:41 | INFO: Extracting primitive: V04_FG_RACK_-44_LOAD_00_02_MESH.001
01:30:41 | INFO: Primitives created: 1
01:30:41 | INFO: Extracting primitive: V04_FG_RACK_-44_LOAD_01_00_MESH.001
01:30:41 | INFO: Primitives created: 1
01:30:41 | INFO: Extracting primitive: V04_FG_RACK_-44_LOAD_01_01_MESH.001
01:30:41 | INFO: Primitives created: 1
01:30:41 | INFO: Extracting primitive: V04_FG_RACK_-44_LOAD_01_02_MESH.001
01:30:41 | INFO: Primitives created: 1
01:30:41 | INFO: Extracting primitive: V04_FG_RACK_-44_LOAD_02_00_MESH.001
01:30:41 | INFO: Primitives created: 1
01:30:41 | INFO: Extracting primitive: V04_FG_RACK_-44_LOAD_02_01_MESH.001
01:30:41 | INFO: Primitives created: 1
01:30:41 | INFO: Extracting primitive: V04_FG_RACK_-44_LOAD_02_02_MESH.001
01:30:41 | INFO: Primitives created: 1
01:30:41 | INFO: Extracting primitive: V04_FG_RACK_-44_LOAD_03_00_MESH.001
01:30:41 | INFO: Primitives created: 1
01:30:41 | INFO: Extracting primitive: V04_FG_RACK_-44_LOAD_03_01_MESH.001
01:30:41 | INFO: Primitives created: 1
01:30:41 | INFO: Extracting primitive: V04_FG_RACK_-44_LOAD_03_02_MESH.001
01:30:41 | INFO: Primitives created: 1
01:30:41 | INFO: Extracting primitive: V04_FG_RACK_-44_LOAD_04_00_MESH.001
01:30:41 | INFO: Primitives created: 1
01:30:41 | INFO: Extracting primitive: V04_FG_RACK_-44_LOAD_04_01_MESH.001
01:30:41 | INFO: Primitives created: 1
01:30:41 | INFO: Extracting primitive: V04_FG_RACK_-44_LOAD_04_02_MESH.001
01:30:41 | INFO: Primitives created: 1
01:30:41 | INFO: Extracting primitive: V04_FG_RACK_-44_LOAD_05_00_MESH.001
01:30:41 | INFO: Primitives created: 1
01:30:41 | INFO: Extracting primitive: V04_FG_RACK_-44_LOAD_05_01_MESH.001
01:30:41 | INFO: Primitives created: 1
01:30:41 | INFO: Extracting primitive: V04_FG_RACK_-44_LOAD_05_02_MESH.001
01:30:41 | INFO: Primitives created: 1
01:30:41 | INFO: Extracting primitive: V04_FG_RACK_-44_LOAD_06_00_MESH.001
01:30:41 | INFO: Primitives created: 1
01:30:41 | INFO: Extracting primitive: V04_FG_RACK_-44_LOAD_06_01_MESH.001
01:30:41 | INFO: Primitives created: 1
01:30:41 | INFO: Extracting primitive: V04_FG_RACK_-44_LOAD_06_02_MESH.001
01:30:41 | INFO: Primitives created: 1
01:30:41 | INFO: Extracting primitive: V04_FG_RACK_-44_LOAD_07_00_MESH.001
01:30:41 | INFO: Primitives created: 1
01:30:41 | INFO: Extracting primitive: V04_FG_RACK_-44_LOAD_07_01_MESH.001
01:30:41 | INFO: Primitives created: 1
01:30:41 | INFO: Extracting primitive: V04_FG_RACK_-44_LOAD_07_02_MESH.001
01:30:41 | INFO: Primitives created: 1
01:30:41 | INFO: Extracting primitive: V04_FG_RACK_-44_LOAD_08_00_MESH.001
01:30:41 | INFO: Primitives created: 1
01:30:41 | INFO: Extracting primitive: V04_FG_RACK_-44_LOAD_08_01_MESH.001
01:30:41 | INFO: Primitives created: 1
01:30:41 | INFO: Extracting primitive: V04_FG_RACK_-44_LOAD_08_02_MESH.001
01:30:41 | INFO: Primitives created: 1
01:30:41 | INFO: Extracting primitive: V04_FG_RACK_-44_PALLET_00_00_MESH.001
01:30:41 | INFO: Primitives created: 1
01:30:41 | INFO: Extracting primitive: V04_FG_RACK_-44_PALLET_00_01_MESH.001
01:30:41 | INFO: Primitives created: 1
01:30:41 | INFO: Extracting primitive: V04_FG_RACK_-44_PALLET_00_02_MESH.001
01:30:41 | INFO: Primitives created: 1
01:30:41 | INFO: Extracting primitive: V04_FG_RACK_-44_PALLET_01_00_MESH.001
01:30:41 | INFO: Primitives created: 1
01:30:41 | INFO: Extracting primitive: V04_FG_RACK_-44_PALLET_01_01_MESH.001
01:30:41 | INFO: Primitives created: 1
01:30:41 | INFO: Extracting primitive: V04_FG_RACK_-44_PALLET_01_02_MESH.001
01:30:41 | INFO: Primitives created: 1
01:30:41 | INFO: Extracting primitive: V04_FG_RACK_-44_PALLET_02_00_MESH.001
01:30:41 | INFO: Primitives created: 1
01:30:41 | INFO: Extracting primitive: V04_FG_RACK_-44_PALLET_02_01_MESH.001
01:30:41 | INFO: Primitives created: 1
01:30:41 | INFO: Extracting primitive: V04_FG_RACK_-44_PALLET_02_02_MESH.001
01:30:41 | INFO: Primitives created: 1
01:30:41 | INFO: Extracting primitive: V04_FG_RACK_-44_PALLET_03_00_MESH.001
01:30:42 | INFO: Primitives created: 1
01:30:42 | INFO: Extracting primitive: V04_FG_RACK_-44_PALLET_03_01_MESH.001
01:30:42 | INFO: Primitives created: 1
01:30:42 | INFO: Extracting primitive: V04_FG_RACK_-44_PALLET_03_02_MESH.001
01:30:42 | INFO: Primitives created: 1
01:30:42 | INFO: Extracting primitive: V04_FG_RACK_-44_PALLET_04_00_MESH.001
01:30:42 | INFO: Primitives created: 1
01:30:42 | INFO: Extracting primitive: V04_FG_RACK_-44_PALLET_04_01_MESH.001
01:30:42 | INFO: Primitives created: 1
01:30:42 | INFO: Extracting primitive: V04_FG_RACK_-44_PALLET_04_02_MESH.001
01:30:42 | INFO: Primitives created: 1
01:30:42 | INFO: Extracting primitive: V04_FG_RACK_-44_PALLET_05_00_MESH.001
01:30:42 | INFO: Primitives created: 1
01:30:42 | INFO: Extracting primitive: V04_FG_RACK_-44_PALLET_05_01_MESH.001
01:30:42 | INFO: Primitives created: 1
01:30:42 | INFO: Extracting primitive: V04_FG_RACK_-44_PALLET_05_02_MESH.001
01:30:42 | INFO: Primitives created: 1
01:30:42 | INFO: Extracting primitive: V04_FG_RACK_-44_PALLET_06_00_MESH.001
01:30:42 | INFO: Primitives created: 1
01:30:42 | INFO: Extracting primitive: V04_FG_RACK_-44_PALLET_06_01_MESH.001
01:30:42 | INFO: Primitives created: 1
01:30:42 | INFO: Extracting primitive: V04_FG_RACK_-44_PALLET_06_02_MESH.001
01:30:42 | INFO: Primitives created: 1
01:30:42 | INFO: Extracting primitive: V04_FG_RACK_-44_PALLET_07_00_MESH.001
01:30:42 | INFO: Primitives created: 1
01:30:42 | INFO: Extracting primitive: V04_FG_RACK_-44_PALLET_07_01_MESH.001
01:30:42 | INFO: Primitives created: 1
01:30:42 | INFO: Extracting primitive: V04_FG_RACK_-44_PALLET_07_02_MESH.001
01:30:42 | INFO: Primitives created: 1
01:30:42 | INFO: Extracting primitive: V04_FG_RACK_-44_PALLET_08_00_MESH.001
01:30:42 | INFO: Primitives created: 1
01:30:42 | INFO: Extracting primitive: V04_FG_RACK_-44_PALLET_08_01_MESH.001
01:30:42 | INFO: Primitives created: 1
01:30:42 | INFO: Extracting primitive: V04_FG_RACK_-44_PALLET_08_02_MESH.001
01:30:42 | INFO: Primitives created: 1
01:30:42 | INFO: Extracting primitive: V04_FG_RACK_-44_UPRIGHT_00_00_MESH.001
01:30:42 | INFO: Primitives created: 1
01:30:42 | INFO: Extracting primitive: V04_FG_RACK_-44_UPRIGHT_00_01_MESH.001
01:30:42 | INFO: Primitives created: 1
01:30:42 | INFO: Extracting primitive: V04_FG_RACK_-44_UPRIGHT_00_02_MESH.001
01:30:42 | INFO: Primitives created: 1
01:30:42 | INFO: Extracting primitive: V04_FG_RACK_-44_UPRIGHT_01_00_MESH.001
01:30:42 | INFO: Primitives created: 1
01:30:42 | INFO: Extracting primitive: V04_FG_RACK_-44_UPRIGHT_01_01_MESH.001
01:30:42 | INFO: Primitives created: 1
01:30:42 | INFO: Extracting primitive: V04_FG_RACK_-44_UPRIGHT_01_02_MESH.001
01:30:42 | INFO: Primitives created: 1
01:30:42 | INFO: Extracting primitive: V04_FG_RACK_-44_UPRIGHT_02_00_MESH.001
01:30:42 | INFO: Primitives created: 1
01:30:42 | INFO: Extracting primitive: V04_FG_RACK_-44_UPRIGHT_02_01_MESH.001
01:30:42 | INFO: Primitives created: 1
01:30:42 | INFO: Extracting primitive: V04_FG_RACK_-44_UPRIGHT_02_02_MESH.001
01:30:42 | INFO: Primitives created: 1
01:30:42 | INFO: Extracting primitive: V04_FG_RACK_-44_UPRIGHT_03_00_MESH.001
01:30:42 | INFO: Primitives created: 1
01:30:42 | INFO: Extracting primitive: V04_FG_RACK_-44_UPRIGHT_03_01_MESH.001
01:30:42 | INFO: Primitives created: 1
01:30:42 | INFO: Extracting primitive: V04_FG_RACK_-44_UPRIGHT_03_02_MESH.001
01:30:42 | INFO: Primitives created: 1
01:30:42 | INFO: Extracting primitive: V04_FG_RACK_-44_UPRIGHT_04_00_MESH.001
01:30:42 | INFO: Primitives created: 1
01:30:42 | INFO: Extracting primitive: V04_FG_RACK_-44_UPRIGHT_04_01_MESH.001
01:30:42 | INFO: Primitives created: 1
01:30:42 | INFO: Extracting primitive: V04_FG_RACK_-44_UPRIGHT_04_02_MESH.001
01:30:42 | INFO: Primitives created: 1
01:30:42 | INFO: Extracting primitive: V04_FG_RACK_-44_UPRIGHT_05_00_MESH.001
01:30:42 | INFO: Primitives created: 1
01:30:42 | INFO: Extracting primitive: V04_FG_RACK_-44_UPRIGHT_05_01_MESH.001
01:30:42 | INFO: Primitives created: 1
01:30:42 | INFO: Extracting primitive: V04_FG_RACK_-44_UPRIGHT_05_02_MESH.001
01:30:42 | INFO: Primitives created: 1
01:30:42 | INFO: Extracting primitive: V04_FG_RACK_-44_UPRIGHT_06_00_MESH.001
01:30:42 | INFO: Primitives created: 1
01:30:42 | INFO: Extracting primitive: V04_FG_RACK_-44_UPRIGHT_06_01_MESH.001
01:30:42 | INFO: Primitives created: 1
01:30:42 | INFO: Extracting primitive: V04_FG_RACK_-44_UPRIGHT_06_02_MESH.001
01:30:42 | INFO: Primitives created: 1
01:30:42 | INFO: Extracting primitive: V04_FG_RACK_-44_UPRIGHT_07_00_MESH.001
01:30:42 | INFO: Primitives created: 1
01:30:42 | INFO: Extracting primitive: V04_FG_RACK_-44_UPRIGHT_07_01_MESH.001
01:30:42 | INFO: Primitives created: 1
01:30:42 | INFO: Extracting primitive: V04_FG_RACK_-44_UPRIGHT_07_02_MESH.001
01:30:42 | INFO: Primitives created: 1
01:30:42 | INFO: Extracting primitive: V04_FG_RACK_-44_UPRIGHT_08_00_MESH.001
01:30:42 | INFO: Primitives created: 1
01:30:42 | INFO: Extracting primitive: V04_FG_RACK_-44_UPRIGHT_08_01_MESH.001
01:30:42 | INFO: Primitives created: 1
01:30:42 | INFO: Extracting primitive: V04_FG_RACK_-44_UPRIGHT_08_02_MESH.001
01:30:42 | INFO: Primitives created: 1
01:30:42 | INFO: Extracting primitive: V04_FG_RACK_-51_BEAM_00_MESH.001
01:30:42 | INFO: Primitives created: 1
01:30:42 | INFO: Extracting primitive: V04_FG_RACK_-51_BEAM_01_MESH.001
01:30:42 | INFO: Primitives created: 1
01:30:42 | INFO: Extracting primitive: V04_FG_RACK_-51_BEAM_02_MESH.001
01:30:42 | INFO: Primitives created: 1
01:30:42 | INFO: Extracting primitive: V04_FG_RACK_-51_LOAD_00_00_MESH.001
01:30:42 | INFO: Primitives created: 1
01:30:42 | INFO: Extracting primitive: V04_FG_RACK_-51_LOAD_00_01_MESH.001
01:30:42 | INFO: Primitives created: 1
01:30:42 | INFO: Extracting primitive: V04_FG_RACK_-51_LOAD_00_02_MESH.001
01:30:42 | INFO: Primitives created: 1
01:30:42 | INFO: Extracting primitive: V04_FG_RACK_-51_LOAD_01_00_MESH.001
01:30:42 | INFO: Primitives created: 1
01:30:42 | INFO: Extracting primitive: V04_FG_RACK_-51_LOAD_01_01_MESH.001
01:30:42 | INFO: Primitives created: 1
01:30:42 | INFO: Extracting primitive: V04_FG_RACK_-51_LOAD_01_02_MESH.001
01:30:42 | INFO: Primitives created: 1
01:30:42 | INFO: Extracting primitive: V04_FG_RACK_-51_LOAD_02_00_MESH.001
01:30:42 | INFO: Primitives created: 1
01:30:42 | INFO: Extracting primitive: V04_FG_RACK_-51_LOAD_02_01_MESH.001
01:30:42 | INFO: Primitives created: 1
01:30:42 | INFO: Extracting primitive: V04_FG_RACK_-51_LOAD_02_02_MESH.001
01:30:42 | INFO: Primitives created: 1
01:30:42 | INFO: Extracting primitive: V04_FG_RACK_-51_LOAD_03_00_MESH.001
01:30:42 | INFO: Primitives created: 1
01:30:42 | INFO: Extracting primitive: V04_FG_RACK_-51_LOAD_03_01_MESH.001
01:30:42 | INFO: Primitives created: 1
01:30:42 | INFO: Extracting primitive: V04_FG_RACK_-51_LOAD_03_02_MESH.001
01:30:42 | INFO: Primitives created: 1
01:30:42 | INFO: Extracting primitive: V04_FG_RACK_-51_LOAD_04_00_MESH.001
01:30:42 | INFO: Primitives created: 1
01:30:42 | INFO: Extracting primitive: V04_FG_RACK_-51_LOAD_04_01_MESH.001
01:30:42 | INFO: Primitives created: 1
01:30:42 | INFO: Extracting primitive: V04_FG_RACK_-51_LOAD_04_02_MESH.001
01:30:42 | INFO: Primitives created: 1
01:30:42 | INFO: Extracting primitive: V04_FG_RACK_-51_LOAD_05_00_MESH.001
01:30:42 | INFO: Primitives created: 1
01:30:42 | INFO: Extracting primitive: V04_FG_RACK_-51_LOAD_05_01_MESH.001
01:30:42 | INFO: Primitives created: 1
01:30:42 | INFO: Extracting primitive: V04_FG_RACK_-51_LOAD_05_02_MESH.001
01:30:42 | INFO: Primitives created: 1
01:30:42 | INFO: Extracting primitive: V04_FG_RACK_-51_LOAD_06_00_MESH.001
01:30:42 | INFO: Primitives created: 1
01:30:42 | INFO: Extracting primitive: V04_FG_RACK_-51_LOAD_06_01_MESH.001
01:30:42 | INFO: Primitives created: 1
01:30:42 | INFO: Extracting primitive: V04_FG_RACK_-51_LOAD_06_02_MESH.001
01:30:42 | INFO: Primitives created: 1
01:30:42 | INFO: Extracting primitive: V04_FG_RACK_-51_LOAD_07_00_MESH.001
01:30:42 | INFO: Primitives created: 1
01:30:42 | INFO: Extracting primitive: V04_FG_RACK_-51_LOAD_07_01_MESH.001
01:30:42 | INFO: Primitives created: 1
01:30:42 | INFO: Extracting primitive: V04_FG_RACK_-51_LOAD_07_02_MESH.001
01:30:42 | INFO: Primitives created: 1
01:30:42 | INFO: Extracting primitive: V04_FG_RACK_-51_LOAD_08_00_MESH.001
01:30:42 | INFO: Primitives created: 1
01:30:42 | INFO: Extracting primitive: V04_FG_RACK_-51_LOAD_08_01_MESH.001
01:30:42 | INFO: Primitives created: 1
01:30:42 | INFO: Extracting primitive: V04_FG_RACK_-51_LOAD_08_02_MESH.001
01:30:42 | INFO: Primitives created: 1
01:30:42 | INFO: Extracting primitive: V04_FG_RACK_-51_PALLET_00_00_MESH.001
01:30:42 | INFO: Primitives created: 1
01:30:42 | INFO: Extracting primitive: V04_FG_RACK_-51_PALLET_00_01_MESH.001
01:30:42 | INFO: Primitives created: 1
01:30:42 | INFO: Extracting primitive: V04_FG_RACK_-51_PALLET_00_02_MESH.001
01:30:42 | INFO: Primitives created: 1
01:30:42 | INFO: Extracting primitive: V04_FG_RACK_-51_PALLET_01_00_MESH.001
01:30:42 | INFO: Primitives created: 1
01:30:42 | INFO: Extracting primitive: V04_FG_RACK_-51_PALLET_01_01_MESH.001
01:30:42 | INFO: Primitives created: 1
01:30:42 | INFO: Extracting primitive: V04_FG_RACK_-51_PALLET_01_02_MESH.001
01:30:42 | INFO: Primitives created: 1
01:30:42 | INFO: Extracting primitive: V04_FG_RACK_-51_PALLET_02_00_MESH.001
01:30:42 | INFO: Primitives created: 1
01:30:42 | INFO: Extracting primitive: V04_FG_RACK_-51_PALLET_02_01_MESH.001
01:30:42 | INFO: Primitives created: 1
01:30:42 | INFO: Extracting primitive: V04_FG_RACK_-51_PALLET_02_02_MESH.001
01:30:42 | INFO: Primitives created: 1
01:30:42 | INFO: Extracting primitive: V04_FG_RACK_-51_PALLET_03_00_MESH.001
01:30:42 | INFO: Primitives created: 1
01:30:42 | INFO: Extracting primitive: V04_FG_RACK_-51_PALLET_03_01_MESH.001
01:30:42 | INFO: Primitives created: 1
01:30:42 | INFO: Extracting primitive: V04_FG_RACK_-51_PALLET_03_02_MESH.001
01:30:42 | INFO: Primitives created: 1
01:30:42 | INFO: Extracting primitive: V04_FG_RACK_-51_PALLET_04_00_MESH.001
01:30:42 | INFO: Primitives created: 1
01:30:42 | INFO: Extracting primitive: V04_FG_RACK_-51_PALLET_04_01_MESH.001
01:30:42 | INFO: Primitives created: 1
01:30:42 | INFO: Extracting primitive: V04_FG_RACK_-51_PALLET_04_02_MESH.001
01:30:42 | INFO: Primitives created: 1
01:30:42 | INFO: Extracting primitive: V04_FG_RACK_-51_PALLET_05_00_MESH.001
01:30:42 | INFO: Primitives created: 1
01:30:42 | INFO: Extracting primitive: V04_FG_RACK_-51_PALLET_05_01_MESH.001
01:30:42 | INFO: Primitives created: 1
01:30:42 | INFO: Extracting primitive: V04_FG_RACK_-51_PALLET_05_02_MESH.001
01:30:42 | INFO: Primitives created: 1
01:30:42 | INFO: Extracting primitive: V04_FG_RACK_-51_PALLET_06_00_MESH.001
01:30:42 | INFO: Primitives created: 1
01:30:42 | INFO: Extracting primitive: V04_FG_RACK_-51_PALLET_06_01_MESH.001
01:30:42 | INFO: Primitives created: 1
01:30:42 | INFO: Extracting primitive: V04_FG_RACK_-51_PALLET_06_02_MESH.001
01:30:42 | INFO: Primitives created: 1
01:30:42 | INFO: Extracting primitive: V04_FG_RACK_-51_PALLET_07_00_MESH.001
01:30:42 | INFO: Primitives created: 1
01:30:42 | INFO: Extracting primitive: V04_FG_RACK_-51_PALLET_07_01_MESH.001
01:30:42 | INFO: Primitives created: 1
01:30:42 | INFO: Extracting primitive: V04_FG_RACK_-51_PALLET_07_02_MESH.001
01:30:42 | INFO: Primitives created: 1
01:30:42 | INFO: Extracting primitive: V04_FG_RACK_-51_PALLET_08_00_MESH.001
01:30:42 | INFO: Primitives created: 1
01:30:42 | INFO: Extracting primitive: V04_FG_RACK_-51_PALLET_08_01_MESH.001
01:30:42 | INFO: Primitives created: 1
01:30:42 | INFO: Extracting primitive: V04_FG_RACK_-51_PALLET_08_02_MESH.001
01:30:42 | INFO: Primitives created: 1
01:30:42 | INFO: Extracting primitive: V04_FG_RACK_-51_UPRIGHT_00_00_MESH.001
01:30:42 | INFO: Primitives created: 1
01:30:42 | INFO: Extracting primitive: V04_FG_RACK_-51_UPRIGHT_00_01_MESH.001
01:30:42 | INFO: Primitives created: 1
01:30:42 | INFO: Extracting primitive: V04_FG_RACK_-51_UPRIGHT_00_02_MESH.001
01:30:42 | INFO: Primitives created: 1
01:30:42 | INFO: Extracting primitive: V04_FG_RACK_-51_UPRIGHT_01_00_MESH.001
01:30:42 | INFO: Primitives created: 1
01:30:42 | INFO: Extracting primitive: V04_FG_RACK_-51_UPRIGHT_01_01_MESH.001
01:30:42 | INFO: Primitives created: 1
01:30:42 | INFO: Extracting primitive: V04_FG_RACK_-51_UPRIGHT_01_02_MESH.001
01:30:42 | INFO: Primitives created: 1
01:30:42 | INFO: Extracting primitive: V04_FG_RACK_-51_UPRIGHT_02_00_MESH.001
01:30:42 | INFO: Primitives created: 1
01:30:42 | INFO: Extracting primitive: V04_FG_RACK_-51_UPRIGHT_02_01_MESH.001
01:30:42 | INFO: Primitives created: 1
01:30:42 | INFO: Extracting primitive: V04_FG_RACK_-51_UPRIGHT_02_02_MESH.001
01:30:42 | INFO: Primitives created: 1
01:30:42 | INFO: Extracting primitive: V04_FG_RACK_-51_UPRIGHT_03_00_MESH.001
01:30:42 | INFO: Primitives created: 1
01:30:42 | INFO: Extracting primitive: V04_FG_RACK_-51_UPRIGHT_03_01_MESH.001
01:30:42 | INFO: Primitives created: 1
01:30:42 | INFO: Extracting primitive: V04_FG_RACK_-51_UPRIGHT_03_02_MESH.001
01:30:42 | INFO: Primitives created: 1
01:30:42 | INFO: Extracting primitive: V04_FG_RACK_-51_UPRIGHT_04_00_MESH.001
01:30:42 | INFO: Primitives created: 1
01:30:42 | INFO: Extracting primitive: V04_FG_RACK_-51_UPRIGHT_04_01_MESH.001
01:30:42 | INFO: Primitives created: 1
01:30:42 | INFO: Extracting primitive: V04_FG_RACK_-51_UPRIGHT_04_02_MESH.001
01:30:42 | INFO: Primitives created: 1
01:30:42 | INFO: Extracting primitive: V04_FG_RACK_-51_UPRIGHT_05_00_MESH.001
01:30:42 | INFO: Primitives created: 1
01:30:42 | INFO: Extracting primitive: V04_FG_RACK_-51_UPRIGHT_05_01_MESH.001
01:30:42 | INFO: Primitives created: 1
01:30:42 | INFO: Extracting primitive: V04_FG_RACK_-51_UPRIGHT_05_02_MESH.001
01:30:42 | INFO: Primitives created: 1
01:30:42 | INFO: Extracting primitive: V04_FG_RACK_-51_UPRIGHT_06_00_MESH.001
01:30:42 | INFO: Primitives created: 1
01:30:42 | INFO: Extracting primitive: V04_FG_RACK_-51_UPRIGHT_06_01_MESH.001
01:30:42 | INFO: Primitives created: 1
01:30:42 | INFO: Extracting primitive: V04_FG_RACK_-51_UPRIGHT_06_02_MESH.001
01:30:42 | INFO: Primitives created: 1
01:30:42 | INFO: Extracting primitive: V04_FG_RACK_-51_UPRIGHT_07_00_MESH.001
01:30:42 | INFO: Primitives created: 1
01:30:42 | INFO: Extracting primitive: V04_FG_RACK_-51_UPRIGHT_07_01_MESH.001
01:30:42 | INFO: Primitives created: 1
01:30:42 | INFO: Extracting primitive: V04_FG_RACK_-51_UPRIGHT_07_02_MESH.001
01:30:42 | INFO: Primitives created: 1
01:30:42 | INFO: Extracting primitive: V04_FG_RACK_-51_UPRIGHT_08_00_MESH.001
01:30:42 | INFO: Primitives created: 1
01:30:42 | INFO: Extracting primitive: V04_FG_RACK_-51_UPRIGHT_08_01_MESH.001
01:30:42 | INFO: Primitives created: 1
01:30:42 | INFO: Extracting primitive: V04_FG_RACK_-51_UPRIGHT_08_02_MESH.001
01:30:42 | INFO: Primitives created: 1
01:30:42 | INFO: Extracting primitive: V04_FG_RACK_-58_BEAM_00_MESH.001
01:30:42 | INFO: Primitives created: 1
01:30:42 | INFO: Extracting primitive: V04_FG_RACK_-58_BEAM_01_MESH.001
01:30:42 | INFO: Primitives created: 1
01:30:42 | INFO: Extracting primitive: V04_FG_RACK_-58_BEAM_02_MESH.001
01:30:42 | INFO: Primitives created: 1
01:30:42 | INFO: Extracting primitive: V04_FG_RACK_-58_LOAD_00_00_MESH.001
01:30:42 | INFO: Primitives created: 1
01:30:42 | INFO: Extracting primitive: V04_FG_RACK_-58_LOAD_00_01_MESH.001
01:30:42 | INFO: Primitives created: 1
01:30:42 | INFO: Extracting primitive: V04_FG_RACK_-58_LOAD_00_02_MESH.001
01:30:42 | INFO: Primitives created: 1
01:30:42 | INFO: Extracting primitive: V04_FG_RACK_-58_LOAD_01_00_MESH.001
01:30:42 | INFO: Primitives created: 1
01:30:42 | INFO: Extracting primitive: V04_FG_RACK_-58_LOAD_01_01_MESH.001
01:30:42 | INFO: Primitives created: 1
01:30:42 | INFO: Extracting primitive: V04_FG_RACK_-58_LOAD_01_02_MESH.001
01:30:42 | INFO: Primitives created: 1
01:30:42 | INFO: Extracting primitive: V04_FG_RACK_-58_LOAD_02_00_MESH.001
01:30:42 | INFO: Primitives created: 1
01:30:42 | INFO: Extracting primitive: V04_FG_RACK_-58_LOAD_02_01_MESH.001
01:30:42 | INFO: Primitives created: 1
01:30:42 | INFO: Extracting primitive: V04_FG_RACK_-58_LOAD_02_02_MESH.001
01:30:42 | INFO: Primitives created: 1
01:30:42 | INFO: Extracting primitive: V04_FG_RACK_-58_LOAD_03_00_MESH.001
01:30:42 | INFO: Primitives created: 1
01:30:42 | INFO: Extracting primitive: V04_FG_RACK_-58_LOAD_03_01_MESH.001
01:30:42 | INFO: Primitives created: 1
01:30:42 | INFO: Extracting primitive: V04_FG_RACK_-58_LOAD_03_02_MESH.001
01:30:42 | INFO: Primitives created: 1
01:30:42 | INFO: Extracting primitive: V04_FG_RACK_-58_LOAD_04_00_MESH.001
01:30:42 | INFO: Primitives created: 1
01:30:42 | INFO: Extracting primitive: V04_FG_RACK_-58_LOAD_04_01_MESH.001
01:30:42 | INFO: Primitives created: 1
01:30:42 | INFO: Extracting primitive: V04_FG_RACK_-58_LOAD_04_02_MESH.001
01:30:42 | INFO: Primitives created: 1
01:30:42 | INFO: Extracting primitive: V04_FG_RACK_-58_LOAD_05_00_MESH.001
01:30:42 | INFO: Primitives created: 1
01:30:42 | INFO: Extracting primitive: V04_FG_RACK_-58_LOAD_05_01_MESH.001
01:30:42 | INFO: Primitives created: 1
01:30:42 | INFO: Extracting primitive: V04_FG_RACK_-58_LOAD_05_02_MESH.001
01:30:42 | INFO: Primitives created: 1
01:30:42 | INFO: Extracting primitive: V04_FG_RACK_-58_LOAD_06_00_MESH.001
01:30:42 | INFO: Primitives created: 1
01:30:42 | INFO: Extracting primitive: V04_FG_RACK_-58_LOAD_06_01_MESH.001
01:30:42 | INFO: Primitives created: 1
01:30:42 | INFO: Extracting primitive: V04_FG_RACK_-58_LOAD_06_02_MESH.001
01:30:42 | INFO: Primitives created: 1
01:30:42 | INFO: Extracting primitive: V04_FG_RACK_-58_LOAD_07_00_MESH.001
01:30:42 | INFO: Primitives created: 1
01:30:42 | INFO: Extracting primitive: V04_FG_RACK_-58_LOAD_07_01_MESH.001
01:30:42 | INFO: Primitives created: 1
01:30:42 | INFO: Extracting primitive: V04_FG_RACK_-58_LOAD_07_02_MESH.001
01:30:42 | INFO: Primitives created: 1
01:30:42 | INFO: Extracting primitive: V04_FG_RACK_-58_LOAD_08_00_MESH.001
01:30:42 | INFO: Primitives created: 1
01:30:42 | INFO: Extracting primitive: V04_FG_RACK_-58_LOAD_08_01_MESH.001
01:30:42 | INFO: Primitives created: 1
01:30:42 | INFO: Extracting primitive: V04_FG_RACK_-58_LOAD_08_02_MESH.001
01:30:42 | INFO: Primitives created: 1
01:30:42 | INFO: Extracting primitive: V04_FG_RACK_-58_PALLET_00_00_MESH.001
01:30:42 | INFO: Primitives created: 1
01:30:42 | INFO: Extracting primitive: V04_FG_RACK_-58_PALLET_00_01_MESH.001
01:30:42 | INFO: Primitives created: 1
01:30:42 | INFO: Extracting primitive: V04_FG_RACK_-58_PALLET_00_02_MESH.001
01:30:42 | INFO: Primitives created: 1
01:30:42 | INFO: Extracting primitive: V04_FG_RACK_-58_PALLET_01_00_MESH.001
01:30:42 | INFO: Primitives created: 1
01:30:42 | INFO: Extracting primitive: V04_FG_RACK_-58_PALLET_01_01_MESH.001
01:30:42 | INFO: Primitives created: 1
01:30:42 | INFO: Extracting primitive: V04_FG_RACK_-58_PALLET_01_02_MESH.001
01:30:42 | INFO: Primitives created: 1
01:30:42 | INFO: Extracting primitive: V04_FG_RACK_-58_PALLET_02_00_MESH.001
01:30:42 | INFO: Primitives created: 1
01:30:42 | INFO: Extracting primitive: V04_FG_RACK_-58_PALLET_02_01_MESH.001
01:30:42 | INFO: Primitives created: 1
01:30:42 | INFO: Extracting primitive: V04_FG_RACK_-58_PALLET_02_02_MESH.001
01:30:42 | INFO: Primitives created: 1
01:30:42 | INFO: Extracting primitive: V04_FG_RACK_-58_PALLET_03_00_MESH.001
01:30:42 | INFO: Primitives created: 1
01:30:42 | INFO: Extracting primitive: V04_FG_RACK_-58_PALLET_03_01_MESH.001
01:30:42 | INFO: Primitives created: 1
01:30:42 | INFO: Extracting primitive: V04_FG_RACK_-58_PALLET_03_02_MESH.001
01:30:42 | INFO: Primitives created: 1
01:30:42 | INFO: Extracting primitive: V04_FG_RACK_-58_PALLET_04_00_MESH.001
01:30:42 | INFO: Primitives created: 1
01:30:42 | INFO: Extracting primitive: V04_FG_RACK_-58_PALLET_04_01_MESH.001
01:30:42 | INFO: Primitives created: 1
01:30:42 | INFO: Extracting primitive: V04_FG_RACK_-58_PALLET_04_02_MESH.001
01:30:42 | INFO: Primitives created: 1
01:30:42 | INFO: Extracting primitive: V04_FG_RACK_-58_PALLET_05_00_MESH.001
01:30:42 | INFO: Primitives created: 1
01:30:42 | INFO: Extracting primitive: V04_FG_RACK_-58_PALLET_05_01_MESH.001
01:30:42 | INFO: Primitives created: 1
01:30:42 | INFO: Extracting primitive: V04_FG_RACK_-58_PALLET_05_02_MESH.001
01:30:42 | INFO: Primitives created: 1
01:30:42 | INFO: Extracting primitive: V04_FG_RACK_-58_PALLET_06_00_MESH.001
01:30:42 | INFO: Primitives created: 1
01:30:42 | INFO: Extracting primitive: V04_FG_RACK_-58_PALLET_06_01_MESH.001
01:30:42 | INFO: Primitives created: 1
01:30:42 | INFO: Extracting primitive: V04_FG_RACK_-58_PALLET_06_02_MESH.001
01:30:42 | INFO: Primitives created: 1
01:30:42 | INFO: Extracting primitive: V04_FG_RACK_-58_PALLET_07_00_MESH.001
01:30:42 | INFO: Primitives created: 1
01:30:42 | INFO: Extracting primitive: V04_FG_RACK_-58_PALLET_07_01_MESH.001
01:30:42 | INFO: Primitives created: 1
01:30:42 | INFO: Extracting primitive: V04_FG_RACK_-58_PALLET_07_02_MESH.001
01:30:42 | INFO: Primitives created: 1
01:30:42 | INFO: Extracting primitive: V04_FG_RACK_-58_PALLET_08_00_MESH.001
01:30:42 | INFO: Primitives created: 1
01:30:42 | INFO: Extracting primitive: V04_FG_RACK_-58_PALLET_08_01_MESH.001
01:30:42 | INFO: Primitives created: 1
01:30:42 | INFO: Extracting primitive: V04_FG_RACK_-58_PALLET_08_02_MESH.001
01:30:42 | INFO: Primitives created: 1
01:30:42 | INFO: Extracting primitive: V04_FG_RACK_-58_UPRIGHT_00_00_MESH.001
01:30:42 | INFO: Primitives created: 1
01:30:42 | INFO: Extracting primitive: V04_FG_RACK_-58_UPRIGHT_00_01_MESH.001
01:30:42 | INFO: Primitives created: 1
01:30:42 | INFO: Extracting primitive: V04_FG_RACK_-58_UPRIGHT_00_02_MESH.001
01:30:42 | INFO: Primitives created: 1
01:30:42 | INFO: Extracting primitive: V04_FG_RACK_-58_UPRIGHT_01_00_MESH.001
01:30:42 | INFO: Primitives created: 1
01:30:42 | INFO: Extracting primitive: V04_FG_RACK_-58_UPRIGHT_01_01_MESH.001
01:30:42 | INFO: Primitives created: 1
01:30:42 | INFO: Extracting primitive: V04_FG_RACK_-58_UPRIGHT_01_02_MESH.001
01:30:42 | INFO: Primitives created: 1
01:30:42 | INFO: Extracting primitive: V04_FG_RACK_-58_UPRIGHT_02_00_MESH.001
01:30:42 | INFO: Primitives created: 1
01:30:42 | INFO: Extracting primitive: V04_FG_RACK_-58_UPRIGHT_02_01_MESH.001
01:30:42 | INFO: Primitives created: 1
01:30:42 | INFO: Extracting primitive: V04_FG_RACK_-58_UPRIGHT_02_02_MESH.001
01:30:42 | INFO: Primitives created: 1
01:30:42 | INFO: Extracting primitive: V04_FG_RACK_-58_UPRIGHT_03_00_MESH.001
01:30:42 | INFO: Primitives created: 1
01:30:42 | INFO: Extracting primitive: V04_FG_RACK_-58_UPRIGHT_03_01_MESH.001
01:30:42 | INFO: Primitives created: 1
01:30:42 | INFO: Extracting primitive: V04_FG_RACK_-58_UPRIGHT_03_02_MESH.001
01:30:42 | INFO: Primitives created: 1
01:30:42 | INFO: Extracting primitive: V04_FG_RACK_-58_UPRIGHT_04_00_MESH.001
01:30:42 | INFO: Primitives created: 1
01:30:42 | INFO: Extracting primitive: V04_FG_RACK_-58_UPRIGHT_04_01_MESH.001
01:30:42 | INFO: Primitives created: 1
01:30:42 | INFO: Extracting primitive: V04_FG_RACK_-58_UPRIGHT_04_02_MESH.001
01:30:42 | INFO: Primitives created: 1
01:30:42 | INFO: Extracting primitive: V04_FG_RACK_-58_UPRIGHT_05_00_MESH.001
01:30:42 | INFO: Primitives created: 1
01:30:42 | INFO: Extracting primitive: V04_FG_RACK_-58_UPRIGHT_05_01_MESH.001
01:30:42 | INFO: Primitives created: 1
01:30:42 | INFO: Extracting primitive: V04_FG_RACK_-58_UPRIGHT_05_02_MESH.001
01:30:42 | INFO: Primitives created: 1
01:30:42 | INFO: Extracting primitive: V04_FG_RACK_-58_UPRIGHT_06_00_MESH.001
01:30:42 | INFO: Primitives created: 1
01:30:42 | INFO: Extracting primitive: V04_FG_RACK_-58_UPRIGHT_06_01_MESH.001
01:30:42 | INFO: Primitives created: 1
01:30:42 | INFO: Extracting primitive: V04_FG_RACK_-58_UPRIGHT_06_02_MESH.001
01:30:42 | INFO: Primitives created: 1
01:30:42 | INFO: Extracting primitive: V04_FG_RACK_-58_UPRIGHT_07_00_MESH.001
01:30:42 | INFO: Primitives created: 1
01:30:42 | INFO: Extracting primitive: V04_FG_RACK_-58_UPRIGHT_07_01_MESH.001
01:30:42 | INFO: Primitives created: 1
01:30:42 | INFO: Extracting primitive: V04_FG_RACK_-58_UPRIGHT_07_02_MESH.001
01:30:42 | INFO: Primitives created: 1
01:30:42 | INFO: Extracting primitive: V04_FG_RACK_-58_UPRIGHT_08_00_MESH.001
01:30:42 | INFO: Primitives created: 1
01:30:42 | INFO: Extracting primitive: V04_FG_RACK_-58_UPRIGHT_08_01_MESH.001
01:30:42 | INFO: Primitives created: 1
01:30:42 | INFO: Extracting primitive: V04_FG_RACK_-58_UPRIGHT_08_02_MESH.001
01:30:42 | INFO: Primitives created: 1
01:30:42 | INFO: Extracting primitive: V04_FG_RIGHT_MESH.001
01:30:42 | INFO: Primitives created: 1
01:30:42 | INFO: Extracting primitive: V04_FG_STAGE_CASE_00_MESH.001
01:30:42 | INFO: Primitives created: 1
01:30:42 | INFO: Extracting primitive: V04_FG_STAGE_CASE_01_MESH.001
01:30:42 | INFO: Primitives created: 1
01:30:42 | INFO: Extracting primitive: V04_FG_STAGE_CASE_02_MESH.001
01:30:42 | INFO: Primitives created: 1
01:30:42 | INFO: Extracting primitive: V04_FG_STAGE_CASE_03_MESH.001
01:30:42 | INFO: Primitives created: 1
01:30:42 | INFO: Extracting primitive: V04_FG_STAGE_CASE_04_MESH.001
01:30:42 | INFO: Primitives created: 1
01:30:42 | INFO: Extracting primitive: V04_FG_STAGE_CASE_05_MESH.001
01:30:42 | INFO: Primitives created: 1
01:30:42 | INFO: Extracting primitive: V04_FG_STAGE_PALLET_00_MESH.001
01:30:42 | INFO: Primitives created: 1
01:30:42 | INFO: Extracting primitive: V04_FG_STAGE_PALLET_01_MESH.001
01:30:42 | INFO: Primitives created: 1
01:30:42 | INFO: Extracting primitive: V04_FG_STAGE_PALLET_02_MESH.001
01:30:42 | INFO: Primitives created: 1
01:30:42 | INFO: Extracting primitive: V04_FG_STAGE_PALLET_03_MESH.001
01:30:42 | INFO: Primitives created: 1
01:30:42 | INFO: Extracting primitive: V04_FG_STAGE_PALLET_04_MESH.001
01:30:42 | INFO: Primitives created: 1
01:30:42 | INFO: Extracting primitive: V04_FG_STAGE_PALLET_05_MESH.001
01:30:42 | INFO: Primitives created: 1
01:30:42 | INFO: Extracting primitive: V04_FIRE_00_BACK_MESH.001
01:30:42 | INFO: Primitives created: 1
01:30:42 | INFO: Extracting primitive: V04_FIRE_00_FLOOR_MESH.001
01:30:42 | INFO: Primitives created: 1
01:30:42 | INFO: Extracting primitive: V04_FIRE_00_LEFT_MESH.001
01:30:42 | INFO: Primitives created: 1
01:30:42 | INFO: Extracting primitive: V04_FIRE_00_RIGHT_MESH.001
01:30:42 | INFO: Primitives created: 1
01:30:42 | INFO: Extracting primitive: V04_FIRE_01_BACK_MESH.001
01:30:42 | INFO: Primitives created: 1
01:30:42 | INFO: Extracting primitive: V04_FIRE_01_FLOOR_MESH.001
01:30:42 | INFO: Primitives created: 1
01:30:42 | INFO: Extracting primitive: V04_FIRE_01_LEFT_MESH.001
01:30:42 | INFO: Primitives created: 1
01:30:42 | INFO: Extracting primitive: V04_FIRE_01_RIGHT_MESH.001
01:30:42 | INFO: Primitives created: 1
01:30:42 | INFO: Extracting primitive: V04_FIRE_DISCHARGE2_00_MESH.001
01:30:42 | INFO: Primitives created: 1
01:30:42 | INFO: Extracting primitive: V04_FIRE_DISCHARGE2_01_MESH.001
01:30:42 | INFO: Primitives created: 1
01:30:42 | INFO: Extracting primitive: V04_FIRE_DISCHARGE_00_MESH.001
01:30:42 | INFO: Primitives created: 1
01:30:42 | INFO: Extracting primitive: V04_FIRE_DISCHARGE_01_MESH.001
01:30:42 | INFO: Primitives created: 1
01:30:42 | INFO: Extracting primitive: V04_FIRE_LIGHT_00_00_BODY_MESH.001
01:30:42 | INFO: Primitives created: 1
01:30:42 | INFO: Extracting primitive: V04_FIRE_LIGHT_00_00_GLOW_MESH.001
01:30:42 | INFO: Primitives created: 1
01:30:42 | INFO: Extracting primitive: V04_FIRE_LIGHT_00_01_BODY_MESH.001
01:30:42 | INFO: Primitives created: 1
01:30:42 | INFO: Extracting primitive: V04_FIRE_LIGHT_00_01_GLOW_MESH.001
01:30:42 | INFO: Primitives created: 1
01:30:42 | INFO: Extracting primitive: V04_FIRE_LIGHT_00_02_BODY_MESH.001
01:30:42 | INFO: Primitives created: 1
01:30:42 | INFO: Extracting primitive: V04_FIRE_LIGHT_00_02_GLOW_MESH.001
01:30:42 | INFO: Primitives created: 1
01:30:42 | INFO: Extracting primitive: V04_FIRE_LIGHT_01_00_BODY_MESH.001
01:30:42 | INFO: Primitives created: 1
01:30:42 | INFO: Extracting primitive: V04_FIRE_LIGHT_01_00_GLOW_MESH.001
01:30:42 | INFO: Primitives created: 1
01:30:42 | INFO: Extracting primitive: V04_FIRE_LIGHT_01_01_BODY_MESH.001
01:30:42 | INFO: Primitives created: 1
01:30:42 | INFO: Extracting primitive: V04_FIRE_LIGHT_01_01_GLOW_MESH.001
01:30:42 | INFO: Primitives created: 1
01:30:42 | INFO: Extracting primitive: V04_FIRE_LIGHT_01_02_BODY_MESH.001
01:30:42 | INFO: Primitives created: 1
01:30:42 | INFO: Extracting primitive: V04_FIRE_LIGHT_01_02_GLOW_MESH.001
01:30:42 | INFO: Primitives created: 1
01:30:42 | INFO: Extracting primitive: V04_FIRE_PANEL_00_MESH.001
01:30:42 | INFO: Primitives created: 1
01:30:42 | INFO: Extracting primitive: V04_FIRE_PANEL_01_MESH.001
01:30:42 | INFO: Primitives created: 1
01:30:42 | INFO: Extracting primitive: V04_FIRE_PUMP_00_00_MESH.001
01:30:42 | INFO: Primitives created: 1
01:30:42 | INFO: Extracting primitive: V04_FIRE_PUMP_00_01_MESH.001
01:30:42 | INFO: Primitives created: 1
01:30:42 | INFO: Extracting primitive: V04_FIRE_PUMP_01_00_MESH.001
01:30:42 | INFO: Primitives created: 1
01:30:42 | INFO: Extracting primitive: V04_FIRE_PUMP_01_01_MESH.001
01:30:42 | INFO: Primitives created: 1
01:30:42 | INFO: Extracting primitive: V04_FIRE_PUMP_BASE_00_00_MESH.001
01:30:42 | INFO: Primitives created: 1
01:30:42 | INFO: Extracting primitive: V04_FIRE_PUMP_BASE_00_01_MESH.001
01:30:42 | INFO: Primitives created: 1
01:30:42 | INFO: Extracting primitive: V04_FIRE_PUMP_BASE_01_00_MESH.001
01:30:42 | INFO: Primitives created: 1
01:30:42 | INFO: Extracting primitive: V04_FIRE_PUMP_BASE_01_01_MESH.001
01:30:42 | INFO: Primitives created: 1
01:30:42 | INFO: Extracting primitive: V04_FIRE_SUCTION_00_MESH.001
01:30:42 | INFO: Primitives created: 1
01:30:42 | INFO: Extracting primitive: V04_FIRE_SUCTION_01_MESH.001
01:30:42 | INFO: Primitives created: 1
01:30:42 | INFO: Extracting primitive: V04_FIRE_VALVE_00_00_MESH.001
01:30:42 | INFO: Primitives created: 1
01:30:42 | INFO: Extracting primitive: V04_FIRE_VALVE_00_01_MESH.001
01:30:42 | INFO: Primitives created: 1
01:30:42 | INFO: Extracting primitive: V04_FIRE_VALVE_00_02_MESH.001
01:30:42 | INFO: Primitives created: 1
01:30:42 | INFO: Extracting primitive: V04_FIRE_VALVE_00_03_MESH.001
01:30:42 | INFO: Primitives created: 1
01:30:42 | INFO: Extracting primitive: V04_FIRE_VALVE_01_00_MESH.001
01:30:42 | INFO: Primitives created: 1
01:30:42 | INFO: Extracting primitive: V04_FIRE_VALVE_01_01_MESH.001
01:30:42 | INFO: Primitives created: 1
01:30:42 | INFO: Extracting primitive: V04_FIRE_VALVE_01_02_MESH.001
01:30:42 | INFO: Primitives created: 1
01:30:42 | INFO: Extracting primitive: V04_FIRE_VALVE_01_03_MESH.001
01:30:42 | INFO: Primitives created: 1
01:30:42 | INFO: Extracting primitive: V04_GLASS_DECK_CAFE_APPLIANCE_00_MESH.001
01:30:42 | INFO: Primitives created: 1
01:30:42 | INFO: Extracting primitive: V04_GLASS_DECK_CAFE_APPLIANCE_01_MESH.001
01:30:42 | INFO: Primitives created: 1
01:30:42 | INFO: Extracting primitive: V04_GLASS_DECK_CAFE_APPLIANCE_02_MESH.001
01:30:42 | INFO: Primitives created: 1
01:30:42 | INFO: Extracting primitive: V04_GLASS_DECK_CAFE_BACKBAR_MESH
01:30:42 | INFO: Primitives created: 1
01:30:42 | INFO: Extracting primitive: V04_GLASS_DECK_CAFE_COUNTER_MESH
01:30:42 | INFO: Primitives created: 1
01:30:42 | INFO: Extracting primitive: V04_GLASS_DECK_CAFE_STOOL_00_MESH.001
01:30:42 | INFO: Primitives created: 1
01:30:42 | INFO: Extracting primitive: V04_GLASS_DECK_CAFE_STOOL_01_MESH.001
01:30:42 | INFO: Primitives created: 1
01:30:42 | INFO: Extracting primitive: V04_GLASS_DECK_CAFE_STOOL_02_MESH.001
01:30:42 | INFO: Primitives created: 1
01:30:42 | INFO: Extracting primitive: V04_GLASS_DECK_CAFE_STOOL_03_MESH.001
01:30:42 | INFO: Primitives created: 1
01:30:42 | INFO: Extracting primitive: V04_GLASS_DECK_CAFE_STOOL_04_MESH.001
01:30:42 | INFO: Primitives created: 1
01:30:42 | INFO: Extracting primitive: V04_GLASS_DECK_CAFE_STOOL_05_MESH.001
01:30:42 | INFO: Primitives created: 1
01:30:42 | INFO: Extracting primitive: V04_GLASS_DECK_CEILING_BEAM_MESH.001
01:30:42 | INFO: Primitives created: 1
01:30:42 | INFO: Extracting primitive: V04_GLASS_DECK_COMMAND_CONSOLE_00_MESH
01:30:42 | INFO: Primitives created: 1
01:30:42 | INFO: Extracting primitive: V04_GLASS_DECK_COMMAND_CONSOLE_01_MESH
01:30:42 | INFO: Primitives created: 1
01:30:42 | INFO: Extracting primitive: V04_GLASS_DECK_COMMAND_CONSOLE_02_MESH
01:30:42 | INFO: Primitives created: 1
01:30:42 | INFO: Extracting primitive: V04_GLASS_DECK_COMMAND_CONSOLE_03_MESH
01:30:42 | INFO: Primitives created: 1
01:30:42 | INFO: Extracting primitive: V04_GLASS_DECK_COMMAND_MONITOR_00_MESH
01:30:42 | INFO: Primitives created: 1
01:30:42 | INFO: Extracting primitive: V04_GLASS_DECK_COMMAND_MONITOR_01_MESH
01:30:42 | INFO: Primitives created: 1
01:30:42 | INFO: Extracting primitive: V04_GLASS_DECK_COMMAND_MONITOR_02_MESH
01:30:42 | INFO: Primitives created: 1
01:30:42 | INFO: Extracting primitive: V04_GLASS_DECK_COMMAND_MONITOR_03_MESH
01:30:42 | INFO: Primitives created: 1
01:30:42 | INFO: Extracting primitive: V04_GLASS_DECK_COMMAND_RISER_MESH.001
01:30:42 | INFO: Primitives created: 1
01:30:42 | INFO: Extracting primitive: V04_GLASS_DECK_COMMAND_WALL_MESH
01:30:42 | INFO: Primitives created: 1
01:30:42 | INFO: Extracting primitive: V04_GLASS_DECK_FLOOR_MESH
01:30:42 | INFO: Primitives created: 1
01:30:42 | INFO: Extracting primitive: V04_GLASS_DECK_LEFT_WALL_MESH
01:30:42 | INFO: Primitives created: 1
01:30:42 | INFO: Extracting primitive: V04_GLASS_DECK_LIGHT_04_BODY_MESH.001
01:30:42 | INFO: Primitives created: 1
01:30:42 | INFO: Extracting primitive: V04_GLASS_DECK_LIGHT_04_GLOW_MESH.001
01:30:42 | INFO: Primitives created: 1
01:30:42 | INFO: Extracting primitive: V04_GLASS_DECK_LIGHT_14_BODY_MESH.001
01:30:42 | INFO: Primitives created: 1
01:30:42 | INFO: Extracting primitive: V04_GLASS_DECK_LIGHT_14_GLOW_MESH.001
01:30:42 | INFO: Primitives created: 1
01:30:42 | INFO: Extracting primitive: V04_GLASS_DECK_LIGHT_24_BODY_MESH.001
01:30:42 | INFO: Primitives created: 1
01:30:42 | INFO: Extracting primitive: V04_GLASS_DECK_LIGHT_24_GLOW_MESH.001
01:30:42 | INFO: Primitives created: 1
01:30:42 | INFO: Extracting primitive: V04_GLASS_DECK_LIGHT_34_BODY_MESH.001
01:30:42 | INFO: Primitives created: 1
01:30:42 | INFO: Extracting primitive: V04_GLASS_DECK_LIGHT_34_GLOW_MESH.001
01:30:42 | INFO: Primitives created: 1
01:30:42 | INFO: Extracting primitive: V04_GLASS_DECK_LIGHT_44_BODY_MESH.001
01:30:42 | INFO: Primitives created: 1
01:30:42 | INFO: Extracting primitive: V04_GLASS_DECK_LIGHT_44_GLOW_MESH.001
01:30:42 | INFO: Primitives created: 1
01:30:42 | INFO: Extracting primitive: V04_GLASS_DECK_RIGHT_WALL_MESH
01:30:42 | INFO: Primitives created: 1
01:30:42 | INFO: Extracting primitive: V04_GLASS_DECK_TRAINING_SEAT_00_MESH
01:30:42 | INFO: Primitives created: 1
01:30:42 | INFO: Extracting primitive: V04_GLASS_DECK_TRAINING_SEAT_01_MESH
01:30:42 | INFO: Primitives created: 1
01:30:42 | INFO: Extracting primitive: V04_GLASS_DECK_TRAINING_SEAT_02_MESH
01:30:42 | INFO: Primitives created: 1
01:30:42 | INFO: Extracting primitive: V04_GLASS_DECK_TRAINING_SEAT_03_MESH
01:30:42 | INFO: Primitives created: 1
01:30:42 | INFO: Extracting primitive: V04_GLASS_DECK_TRAINING_SEAT_04_MESH
01:30:42 | INFO: Primitives created: 1
01:30:42 | INFO: Extracting primitive: V04_GLASS_DECK_TRAINING_SEAT_05_MESH
01:30:42 | INFO: Primitives created: 1
01:30:42 | INFO: Extracting primitive: V04_GLASS_DECK_TRAINING_SEAT_06_MESH
01:30:42 | INFO: Primitives created: 1
01:30:42 | INFO: Extracting primitive: V04_GLASS_DECK_TRAINING_SEAT_07_MESH
01:30:42 | INFO: Primitives created: 1
01:30:42 | INFO: Extracting primitive: V04_GLASS_DECK_TRAINING_TABLE_MESH
01:30:42 | INFO: Primitives created: 1
01:30:42 | INFO: Extracting primitive: V04_GLASS_DECK_ZONE_PARTITION_11_MESH.001
01:30:42 | INFO: Primitives created: 1
01:30:42 | INFO: Extracting primitive: V04_GLASS_DECK_ZONE_PARTITION_28_MESH.001
01:30:42 | INFO: Primitives created: 1
01:30:42 | INFO: Extracting primitive: V04_LIQUID_BACK_MESH.001
01:30:42 | INFO: Primitives created: 1
01:30:42 | INFO: Extracting primitive: V04_LIQUID_CAP_DROP_00_MESH.001
01:30:42 | INFO: Primitives created: 1
01:30:42 | INFO: Extracting primitive: V04_LIQUID_CAP_DROP_01_MESH.001
01:30:42 | INFO: Primitives created: 1
01:30:42 | INFO: Extracting primitive: V04_LIQUID_CAP_DROP_02_MESH.001
01:30:42 | INFO: Primitives created: 1
01:30:42 | INFO: Extracting primitive: V04_LIQUID_CAP_DROP_03_MESH.001
01:30:42 | INFO: Primitives created: 1
01:30:42 | INFO: Extracting primitive: V04_LIQUID_CAP_HOPPER_00_MESH.001
01:30:42 | INFO: Primitives created: 1
01:30:42 | INFO: Extracting primitive: V04_LIQUID_CAP_HOPPER_01_MESH.001
01:30:42 | INFO: Primitives created: 1
01:30:42 | INFO: Extracting primitive: V04_LIQUID_CAP_HOPPER_02_MESH.001
01:30:42 | INFO: Primitives created: 1
01:30:42 | INFO: Extracting primitive: V04_LIQUID_CAP_HOPPER_03_MESH.001
01:30:42 | INFO: Primitives created: 1
01:30:42 | INFO: Extracting primitive: V04_LIQUID_CASE_MAGAZINE_MESH.001
01:30:42 | INFO: Primitives created: 1
01:30:42 | INFO: Extracting primitive: V04_LIQUID_FLOOR_MESH.001
01:30:42 | INFO: Primitives created: 1
01:30:42 | INFO: Extracting primitive: V04_LIQUID_LABEL_REEL_00_MESH.001
01:30:42 | INFO: Primitives created: 1
01:30:42 | INFO: Extracting primitive: V04_LIQUID_LABEL_REEL_01_MESH.001
01:30:42 | INFO: Primitives created: 1
01:30:42 | INFO: Extracting primitive: V04_LIQUID_LABEL_REEL_02_MESH.001
01:30:42 | INFO: Primitives created: 1
01:30:42 | INFO: Extracting primitive: V04_LIQUID_LEFT_MESH.001
01:30:42 | INFO: Primitives created: 1
01:30:42 | INFO: Extracting primitive: V04_LIQUID_LIGHT_00_BODY_MESH.001
01:30:42 | INFO: Primitives created: 1
01:30:42 | INFO: Extracting primitive: V04_LIQUID_LIGHT_00_GLOW_MESH.001
01:30:42 | INFO: Primitives created: 1
01:30:42 | INFO: Extracting primitive: V04_LIQUID_LIGHT_01_BODY_MESH.001
01:30:42 | INFO: Primitives created: 1
01:30:42 | INFO: Extracting primitive: V04_LIQUID_LIGHT_01_GLOW_MESH.001
01:30:42 | INFO: Primitives created: 1
01:30:42 | INFO: Extracting primitive: V04_LIQUID_LIGHT_02_BODY_MESH.001
01:30:42 | INFO: Primitives created: 1
01:30:42 | INFO: Extracting primitive: V04_LIQUID_LIGHT_02_GLOW_MESH.001
01:30:42 | INFO: Primitives created: 1
01:30:42 | INFO: Extracting primitive: V04_LIQUID_LIGHT_03_BODY_MESH.001
01:30:42 | INFO: Primitives created: 1
01:30:42 | INFO: Extracting primitive: V04_LIQUID_LIGHT_03_GLOW_MESH.001
01:30:42 | INFO: Primitives created: 1
01:30:42 | INFO: Extracting primitive: V04_LIQUID_LIGHT_04_BODY_MESH.001
01:30:42 | INFO: Primitives created: 1
01:30:42 | INFO: Extracting primitive: V04_LIQUID_LIGHT_04_GLOW_MESH.001
01:30:42 | INFO: Primitives created: 1
01:30:42 | INFO: Extracting primitive: V04_LIQUID_LIGHT_05_BODY_MESH.001
01:30:42 | INFO: Primitives created: 1
01:30:42 | INFO: Extracting primitive: V04_LIQUID_LIGHT_05_GLOW_MESH.001
01:30:42 | INFO: Primitives created: 1
01:30:42 | INFO: Extracting primitive: V04_LIQUID_RIGHT_MESH.001
01:30:42 | INFO: Primitives created: 1
01:30:42 | INFO: Extracting primitive: V04_LIQUID_ROBOT_ARM_MESH.001
01:30:42 | INFO: Primitives created: 1
01:30:42 | INFO: Extracting primitive: V04_LIQUID_ROBOT_BASE_MESH.001
01:30:42 | INFO: Primitives created: 1
01:30:42 | INFO: Extracting primitive: V04_PASTE_BACK_MESH.001
01:30:42 | INFO: Primitives created: 1
01:30:42 | INFO: Extracting primitive: V04_PASTE_BLEND_JACKET_MESH.001
01:30:42 | INFO: Primitives created: 1
01:30:42 | INFO: Extracting primitive: V04_PASTE_CARTON_CASE_STAGE_MESH.001
01:30:42 | INFO: Primitives created: 1
01:30:42 | INFO: Extracting primitive: V04_PASTE_CRIMPER_GUARD_MESH.001
01:30:42 | INFO: Primitives created: 1
01:30:42 | INFO: Extracting primitive: V04_PASTE_FLOOR_MESH.001
01:30:42 | INFO: Primitives created: 1
01:30:42 | INFO: Extracting primitive: V04_PASTE_JACKET_PIPE_00_MESH.001
01:30:42 | INFO: Primitives created: 1
01:30:42 | INFO: Extracting primitive: V04_PASTE_JACKET_PIPE_01_MESH.001
01:30:42 | INFO: Primitives created: 1
01:30:42 | INFO: Extracting primitive: V04_PASTE_JACKET_PIPE_02_MESH.001
01:30:42 | INFO: Primitives created: 1
01:30:42 | INFO: Extracting primitive: V04_PASTE_LEFT_MESH.001
01:30:42 | INFO: Primitives created: 1
01:30:42 | INFO: Extracting primitive: V04_PASTE_LIGHT_00_BODY_MESH.001
01:30:42 | INFO: Primitives created: 1
01:30:42 | INFO: Extracting primitive: V04_PASTE_LIGHT_00_GLOW_MESH.001
01:30:42 | INFO: Primitives created: 1
01:30:42 | INFO: Extracting primitive: V04_PASTE_LIGHT_01_BODY_MESH.001
01:30:42 | INFO: Primitives created: 1
01:30:42 | INFO: Extracting primitive: V04_PASTE_LIGHT_01_GLOW_MESH.001
01:30:42 | INFO: Primitives created: 1
01:30:42 | INFO: Extracting primitive: V04_PASTE_LIGHT_02_BODY_MESH.001
01:30:42 | INFO: Primitives created: 1
01:30:42 | INFO: Extracting primitive: V04_PASTE_LIGHT_02_GLOW_MESH.001
01:30:42 | INFO: Primitives created: 1
01:30:42 | INFO: Extracting primitive: V04_PASTE_LIGHT_03_BODY_MESH.001
01:30:42 | INFO: Primitives created: 1
01:30:42 | INFO: Extracting primitive: V04_PASTE_LIGHT_03_GLOW_MESH.001
01:30:42 | INFO: Primitives created: 1
01:30:42 | INFO: Extracting primitive: V04_PASTE_LIGHT_04_BODY_MESH.001
01:30:42 | INFO: Primitives created: 1
01:30:42 | INFO: Extracting primitive: V04_PASTE_LIGHT_04_GLOW_MESH.001
01:30:42 | INFO: Primitives created: 1
01:30:42 | INFO: Extracting primitive: V04_PASTE_LIGHT_05_BODY_MESH.001
01:30:42 | INFO: Primitives created: 1
01:30:42 | INFO: Extracting primitive: V04_PASTE_LIGHT_05_GLOW_MESH.001
01:30:42 | INFO: Primitives created: 1
01:30:42 | INFO: Extracting primitive: V04_PASTE_RIGHT_MESH.001
01:30:42 | INFO: Primitives created: 1
01:30:42 | INFO: Extracting primitive: V04_PASTE_TUBE_00_MESH.001
01:30:42 | INFO: Primitives created: 1
01:30:42 | INFO: Extracting primitive: V04_PASTE_TUBE_01_MESH.001
01:30:42 | INFO: Primitives created: 1
01:30:42 | INFO: Extracting primitive: V04_PASTE_TUBE_02_MESH.001
01:30:42 | INFO: Primitives created: 1
01:30:42 | INFO: Extracting primitive: V04_PASTE_TUBE_03_MESH.001
01:30:42 | INFO: Primitives created: 1
01:30:42 | INFO: Extracting primitive: V04_PASTE_TUBE_04_MESH.001
01:30:42 | INFO: Primitives created: 1
01:30:42 | INFO: Extracting primitive: V04_PASTE_TUBE_05_MESH.001
01:30:42 | INFO: Primitives created: 1
01:30:42 | INFO: Extracting primitive: V04_PASTE_TUBE_06_MESH.001
01:30:42 | INFO: Primitives created: 1
01:30:42 | INFO: Extracting primitive: V04_PASTE_TUBE_07_MESH.001
01:30:42 | INFO: Primitives created: 1
01:30:42 | INFO: Extracting primitive: V04_PASTE_TUBE_MAGAZINE_RACK_MESH.001
01:30:42 | INFO: Primitives created: 1
01:30:42 | INFO: Extracting primitive: V04_PASTE_TUBE_PUCK_00_MESH.001
01:30:42 | INFO: Primitives created: 1
01:30:42 | INFO: Extracting primitive: V04_PASTE_TUBE_PUCK_01_MESH.001
01:30:42 | INFO: Primitives created: 1
01:30:42 | INFO: Extracting primitive: V04_PASTE_TUBE_PUCK_02_MESH.001
01:30:42 | INFO: Primitives created: 1
01:30:42 | INFO: Extracting primitive: V04_PASTE_TUBE_PUCK_03_MESH.001
01:30:42 | INFO: Primitives created: 1
01:30:42 | INFO: Extracting primitive: V04_PASTE_TUBE_PUCK_04_MESH.001
01:30:42 | INFO: Primitives created: 1
01:30:42 | INFO: Extracting primitive: V04_PASTE_TUBE_PUCK_05_MESH.001
01:30:42 | INFO: Primitives created: 1
01:30:42 | INFO: Extracting primitive: V04_PASTE_TUBE_PUCK_06_MESH.001
01:30:42 | INFO: Primitives created: 1
01:30:42 | INFO: Extracting primitive: V04_PASTE_TUBE_PUCK_07_MESH.001
01:30:42 | INFO: Primitives created: 1
01:30:42 | INFO: Extracting primitive: V04_RESTAURANT_BACK_MESH.001
01:30:42 | INFO: Primitives created: 1
01:30:42 | INFO: Extracting primitive: V04_RESTAURANT_DISHWASH_MESH.001
01:30:42 | INFO: Primitives created: 1
01:30:42 | INFO: Extracting primitive: V04_RESTAURANT_EXHAUST_00_MESH.001
01:30:42 | INFO: Primitives created: 1
01:30:42 | INFO: Extracting primitive: V04_RESTAURANT_EXHAUST_01_MESH.001
01:30:42 | INFO: Primitives created: 1
01:30:42 | INFO: Extracting primitive: V04_RESTAURANT_EXHAUST_02_MESH.001
01:30:42 | INFO: Primitives created: 1
01:30:42 | INFO: Extracting primitive: V04_RESTAURANT_EXHAUST_03_MESH.001
01:30:42 | INFO: Primitives created: 1
01:30:42 | INFO: Extracting primitive: V04_RESTAURANT_FLOOR_MESH.001
01:30:42 | INFO: Primitives created: 1
01:30:42 | INFO: Extracting primitive: V04_RESTAURANT_KITCHEN_APPLIANCE_00_MESH.001
01:30:42 | INFO: Primitives created: 1
01:30:42 | INFO: Extracting primitive: V04_RESTAURANT_KITCHEN_APPLIANCE_01_MESH.001
01:30:42 | INFO: Primitives created: 1
01:30:42 | INFO: Extracting primitive: V04_RESTAURANT_KITCHEN_APPLIANCE_02_MESH.001
01:30:42 | INFO: Primitives created: 1
01:30:42 | INFO: Extracting primitive: V04_RESTAURANT_KITCHEN_APPLIANCE_03_MESH.001
01:30:42 | INFO: Primitives created: 1
01:30:42 | INFO: Extracting primitive: V04_RESTAURANT_LEFT_MESH.001
01:30:42 | INFO: Primitives created: 1
01:30:42 | INFO: Extracting primitive: V04_RESTAURANT_LIGHT_00_BODY_MESH.001
01:30:42 | INFO: Primitives created: 1
01:30:42 | INFO: Extracting primitive: V04_RESTAURANT_LIGHT_00_GLOW_MESH.001
01:30:42 | INFO: Primitives created: 1
01:30:42 | INFO: Extracting primitive: V04_RESTAURANT_LIGHT_01_BODY_MESH.001
01:30:42 | INFO: Primitives created: 1
01:30:42 | INFO: Extracting primitive: V04_RESTAURANT_LIGHT_01_GLOW_MESH.001
01:30:42 | INFO: Primitives created: 1
01:30:42 | INFO: Extracting primitive: V04_RESTAURANT_LIGHT_02_BODY_MESH.001
01:30:42 | INFO: Primitives created: 1
01:30:42 | INFO: Extracting primitive: V04_RESTAURANT_LIGHT_02_GLOW_MESH.001
01:30:42 | INFO: Primitives created: 1
01:30:42 | INFO: Extracting primitive: V04_RESTAURANT_LIGHT_03_BODY_MESH.001
01:30:42 | INFO: Primitives created: 1
01:30:42 | INFO: Extracting primitive: V04_RESTAURANT_LIGHT_03_GLOW_MESH.001
01:30:42 | INFO: Primitives created: 1
01:30:42 | INFO: Extracting primitive: V04_RESTAURANT_PASS_WINDOW_MESH.001
01:30:42 | INFO: Primitives created: 1
01:30:42 | INFO: Extracting primitive: V04_RESTAURANT_RIGHT_MESH.001
01:30:42 | INFO: Primitives created: 1
01:30:42 | INFO: Extracting primitive: V04_RESTAURANT_TABLE_RUNNER_00_MESH.001
01:30:42 | INFO: Primitives created: 1
01:30:42 | INFO: Extracting primitive: V04_RESTAURANT_TABLE_RUNNER_01_MESH.001
01:30:42 | INFO: Primitives created: 1
01:30:42 | INFO: Extracting primitive: V04_RESTAURANT_TABLE_RUNNER_02_MESH.001
01:30:42 | INFO: Primitives created: 1
01:30:42 | INFO: Extracting primitive: V04_RESTAURANT_TABLE_RUNNER_03_MESH.001
01:30:42 | INFO: Primitives created: 1
01:30:42 | INFO: Extracting primitive: V04_RM_BACK_MESH.001
01:30:42 | INFO: Primitives created: 1
01:30:42 | INFO: Extracting primitive: V04_RM_FLOOR_MESH.001
01:30:42 | INFO: Primitives created: 1
01:30:42 | INFO: Extracting primitive: V04_RM_LEFT_MESH.001
01:30:42 | INFO: Primitives created: 1
01:30:42 | INFO: Extracting primitive: V04_RM_LIGHT_00_BODY_MESH.001
01:30:42 | INFO: Primitives created: 1
01:30:42 | INFO: Extracting primitive: V04_RM_LIGHT_00_GLOW_MESH.001
01:30:42 | INFO: Primitives created: 1
01:30:42 | INFO: Extracting primitive: V04_RM_LIGHT_01_BODY_MESH.001
01:30:42 | INFO: Primitives created: 1
01:30:42 | INFO: Extracting primitive: V04_RM_LIGHT_01_GLOW_MESH.001
01:30:42 | INFO: Primitives created: 1
01:30:42 | INFO: Extracting primitive: V04_RM_LIGHT_02_BODY_MESH.001
01:30:42 | INFO: Primitives created: 1
01:30:42 | INFO: Extracting primitive: V04_RM_LIGHT_02_GLOW_MESH.001
01:30:42 | INFO: Primitives created: 1
01:30:42 | INFO: Extracting primitive: V04_RM_LIGHT_03_BODY_MESH.001
01:30:42 | INFO: Primitives created: 1
01:30:42 | INFO: Extracting primitive: V04_RM_LIGHT_03_GLOW_MESH.001
01:30:42 | INFO: Primitives created: 1
01:30:42 | INFO: Extracting primitive: V04_RM_LIGHT_04_BODY_MESH.001
01:30:42 | INFO: Primitives created: 1
01:30:42 | INFO: Extracting primitive: V04_RM_LIGHT_04_GLOW_MESH.001
01:30:42 | INFO: Primitives created: 1
01:30:42 | INFO: Extracting primitive: V04_RM_RACK_67_BEAM_00_MESH.001
01:30:42 | INFO: Primitives created: 1
01:30:42 | INFO: Extracting primitive: V04_RM_RACK_67_BEAM_01_MESH.001
01:30:42 | INFO: Primitives created: 1
01:30:42 | INFO: Extracting primitive: V04_RM_RACK_67_BEAM_02_MESH.001
01:30:42 | INFO: Primitives created: 1
01:30:42 | INFO: Extracting primitive: V04_RM_RACK_67_LOAD_00_00_MESH.001
01:30:42 | INFO: Primitives created: 1
01:30:42 | INFO: Extracting primitive: V04_RM_RACK_67_LOAD_00_01_MESH.001
01:30:42 | INFO: Primitives created: 1
01:30:42 | INFO: Extracting primitive: V04_RM_RACK_67_LOAD_00_02_MESH.001
01:30:42 | INFO: Primitives created: 1
01:30:42 | INFO: Extracting primitive: V04_RM_RACK_67_LOAD_01_00_MESH.001
01:30:42 | INFO: Primitives created: 1
01:30:42 | INFO: Extracting primitive: V04_RM_RACK_67_LOAD_01_01_MESH.001
01:30:42 | INFO: Primitives created: 1
01:30:42 | INFO: Extracting primitive: V04_RM_RACK_67_LOAD_01_02_MESH.001
01:30:42 | INFO: Primitives created: 1
01:30:42 | INFO: Extracting primitive: V04_RM_RACK_67_LOAD_02_00_MESH.001
01:30:42 | INFO: Primitives created: 1
01:30:42 | INFO: Extracting primitive: V04_RM_RACK_67_LOAD_02_01_MESH.001
01:30:42 | INFO: Primitives created: 1
01:30:42 | INFO: Extracting primitive: V04_RM_RACK_67_LOAD_02_02_MESH.001
01:30:42 | INFO: Primitives created: 1
01:30:42 | INFO: Extracting primitive: V04_RM_RACK_67_LOAD_03_00_MESH.001
01:30:42 | INFO: Primitives created: 1
01:30:42 | INFO: Extracting primitive: V04_RM_RACK_67_LOAD_03_01_MESH.001
01:30:42 | INFO: Primitives created: 1
01:30:42 | INFO: Extracting primitive: V04_RM_RACK_67_LOAD_03_02_MESH.001
01:30:42 | INFO: Primitives created: 1
01:30:42 | INFO: Extracting primitive: V04_RM_RACK_67_LOAD_04_00_MESH.001
01:30:42 | INFO: Primitives created: 1
01:30:42 | INFO: Extracting primitive: V04_RM_RACK_67_LOAD_04_01_MESH.001
01:30:42 | INFO: Primitives created: 1
01:30:42 | INFO: Extracting primitive: V04_RM_RACK_67_LOAD_04_02_MESH.001
01:30:42 | INFO: Primitives created: 1
01:30:42 | INFO: Extracting primitive: V04_RM_RACK_67_LOAD_05_00_MESH.001
01:30:42 | INFO: Primitives created: 1
01:30:42 | INFO: Extracting primitive: V04_RM_RACK_67_LOAD_05_01_MESH.001
01:30:42 | INFO: Primitives created: 1
01:30:42 | INFO: Extracting primitive: V04_RM_RACK_67_LOAD_05_02_MESH.001
01:30:42 | INFO: Primitives created: 1
01:30:42 | INFO: Extracting primitive: V04_RM_RACK_67_LOAD_06_00_MESH.001
01:30:42 | INFO: Primitives created: 1
01:30:42 | INFO: Extracting primitive: V04_RM_RACK_67_LOAD_06_01_MESH.001
01:30:42 | INFO: Primitives created: 1
01:30:42 | INFO: Extracting primitive: V04_RM_RACK_67_LOAD_06_02_MESH.001
01:30:42 | INFO: Primitives created: 1
01:30:42 | INFO: Extracting primitive: V04_RM_RACK_67_LOAD_07_00_MESH.001
01:30:42 | INFO: Primitives created: 1
01:30:42 | INFO: Extracting primitive: V04_RM_RACK_67_LOAD_07_01_MESH.001
01:30:42 | INFO: Primitives created: 1
01:30:42 | INFO: Extracting primitive: V04_RM_RACK_67_LOAD_07_02_MESH.001
01:30:42 | INFO: Primitives created: 1
01:30:42 | INFO: Extracting primitive: V04_RM_RACK_67_LOAD_08_00_MESH.001
01:30:42 | INFO: Primitives created: 1
01:30:42 | INFO: Extracting primitive: V04_RM_RACK_67_LOAD_08_01_MESH.001
01:30:42 | INFO: Primitives created: 1
01:30:42 | INFO: Extracting primitive: V04_RM_RACK_67_LOAD_08_02_MESH.001
01:30:42 | INFO: Primitives created: 1
01:30:42 | INFO: Extracting primitive: V04_RM_RACK_67_PALLET_00_00_MESH.001
01:30:42 | INFO: Primitives created: 1
01:30:42 | INFO: Extracting primitive: V04_RM_RACK_67_PALLET_00_01_MESH.001
01:30:42 | INFO: Primitives created: 1
01:30:42 | INFO: Extracting primitive: V04_RM_RACK_67_PALLET_00_02_MESH.001
01:30:42 | INFO: Primitives created: 1
01:30:42 | INFO: Extracting primitive: V04_RM_RACK_67_PALLET_01_00_MESH.001
01:30:42 | INFO: Primitives created: 1
01:30:42 | INFO: Extracting primitive: V04_RM_RACK_67_PALLET_01_01_MESH.001
01:30:42 | INFO: Primitives created: 1
01:30:42 | INFO: Extracting primitive: V04_RM_RACK_67_PALLET_01_02_MESH.001
01:30:42 | INFO: Primitives created: 1
01:30:42 | INFO: Extracting primitive: V04_RM_RACK_67_PALLET_02_00_MESH.001
01:30:42 | INFO: Primitives created: 1
01:30:42 | INFO: Extracting primitive: V04_RM_RACK_67_PALLET_02_01_MESH.001
01:30:42 | INFO: Primitives created: 1
01:30:42 | INFO: Extracting primitive: V04_RM_RACK_67_PALLET_02_02_MESH.001
01:30:42 | INFO: Primitives created: 1
01:30:42 | INFO: Extracting primitive: V04_RM_RACK_67_PALLET_03_00_MESH.001
01:30:42 | INFO: Primitives created: 1
01:30:42 | INFO: Extracting primitive: V04_RM_RACK_67_PALLET_03_01_MESH.001
01:30:42 | INFO: Primitives created: 1
01:30:42 | INFO: Extracting primitive: V04_RM_RACK_67_PALLET_03_02_MESH.001
01:30:42 | INFO: Primitives created: 1
01:30:42 | INFO: Extracting primitive: V04_RM_RACK_67_PALLET_04_00_MESH.001
01:30:42 | INFO: Primitives created: 1
01:30:42 | INFO: Extracting primitive: V04_RM_RACK_67_PALLET_04_01_MESH.001
01:30:42 | INFO: Primitives created: 1
01:30:42 | INFO: Extracting primitive: V04_RM_RACK_67_PALLET_04_02_MESH.001
01:30:42 | INFO: Primitives created: 1
01:30:42 | INFO: Extracting primitive: V04_RM_RACK_67_PALLET_05_00_MESH.001
01:30:42 | INFO: Primitives created: 1
01:30:42 | INFO: Extracting primitive: V04_RM_RACK_67_PALLET_05_01_MESH.001
01:30:42 | INFO: Primitives created: 1
01:30:42 | INFO: Extracting primitive: V04_RM_RACK_67_PALLET_05_02_MESH.001
01:30:42 | INFO: Primitives created: 1
01:30:42 | INFO: Extracting primitive: V04_RM_RACK_67_PALLET_06_00_MESH.001
01:30:42 | INFO: Primitives created: 1
01:30:42 | INFO: Extracting primitive: V04_RM_RACK_67_PALLET_06_01_MESH.001
01:30:42 | INFO: Primitives created: 1
01:30:42 | INFO: Extracting primitive: V04_RM_RACK_67_PALLET_06_02_MESH.001
01:30:42 | INFO: Primitives created: 1
01:30:42 | INFO: Extracting primitive: V04_RM_RACK_67_PALLET_07_00_MESH.001
01:30:42 | INFO: Primitives created: 1
01:30:42 | INFO: Extracting primitive: V04_RM_RACK_67_PALLET_07_01_MESH.001
01:30:42 | INFO: Primitives created: 1
01:30:42 | INFO: Extracting primitive: V04_RM_RACK_67_PALLET_07_02_MESH.001
01:30:42 | INFO: Primitives created: 1
01:30:42 | INFO: Extracting primitive: V04_RM_RACK_67_PALLET_08_00_MESH.001
01:30:42 | INFO: Primitives created: 1
01:30:42 | INFO: Extracting primitive: V04_RM_RACK_67_PALLET_08_01_MESH.001
01:30:42 | INFO: Primitives created: 1
01:30:42 | INFO: Extracting primitive: V04_RM_RACK_67_PALLET_08_02_MESH.001
01:30:42 | INFO: Primitives created: 1
01:30:42 | INFO: Extracting primitive: V04_RM_RACK_67_UPRIGHT_00_00_MESH.001
01:30:42 | INFO: Primitives created: 1
01:30:42 | INFO: Extracting primitive: V04_RM_RACK_67_UPRIGHT_00_01_MESH.001
01:30:42 | INFO: Primitives created: 1
01:30:42 | INFO: Extracting primitive: V04_RM_RACK_67_UPRIGHT_00_02_MESH.001
01:30:42 | INFO: Primitives created: 1
01:30:42 | INFO: Extracting primitive: V04_RM_RACK_67_UPRIGHT_01_00_MESH.001
01:30:42 | INFO: Primitives created: 1
01:30:42 | INFO: Extracting primitive: V04_RM_RACK_67_UPRIGHT_01_01_MESH.001
01:30:42 | INFO: Primitives created: 1
01:30:42 | INFO: Extracting primitive: V04_RM_RACK_67_UPRIGHT_01_02_MESH.001
01:30:42 | INFO: Primitives created: 1
01:30:42 | INFO: Extracting primitive: V04_RM_RACK_67_UPRIGHT_02_00_MESH.001
01:30:42 | INFO: Primitives created: 1
01:30:42 | INFO: Extracting primitive: V04_RM_RACK_67_UPRIGHT_02_01_MESH.001
01:30:42 | INFO: Primitives created: 1
01:30:42 | INFO: Extracting primitive: V04_RM_RACK_67_UPRIGHT_02_02_MESH.001
01:30:42 | INFO: Primitives created: 1
01:30:42 | INFO: Extracting primitive: V04_RM_RACK_67_UPRIGHT_03_00_MESH.001
01:30:42 | INFO: Primitives created: 1
01:30:42 | INFO: Extracting primitive: V04_RM_RACK_67_UPRIGHT_03_01_MESH.001
01:30:42 | INFO: Primitives created: 1
01:30:42 | INFO: Extracting primitive: V04_RM_RACK_67_UPRIGHT_03_02_MESH.001
01:30:42 | INFO: Primitives created: 1
01:30:42 | INFO: Extracting primitive: V04_RM_RACK_67_UPRIGHT_04_00_MESH.001
01:30:42 | INFO: Primitives created: 1
01:30:42 | INFO: Extracting primitive: V04_RM_RACK_67_UPRIGHT_04_01_MESH.001
01:30:42 | INFO: Primitives created: 1
01:30:42 | INFO: Extracting primitive: V04_RM_RACK_67_UPRIGHT_04_02_MESH.001
01:30:42 | INFO: Primitives created: 1
01:30:42 | INFO: Extracting primitive: V04_RM_RACK_67_UPRIGHT_05_00_MESH.001
01:30:42 | INFO: Primitives created: 1
01:30:42 | INFO: Extracting primitive: V04_RM_RACK_67_UPRIGHT_05_01_MESH.001
01:30:42 | INFO: Primitives created: 1
01:30:42 | INFO: Extracting primitive: V04_RM_RACK_67_UPRIGHT_05_02_MESH.001
01:30:42 | INFO: Primitives created: 1
01:30:42 | INFO: Extracting primitive: V04_RM_RACK_67_UPRIGHT_06_00_MESH.001
01:30:42 | INFO: Primitives created: 1
01:30:42 | INFO: Extracting primitive: V04_RM_RACK_67_UPRIGHT_06_01_MESH.001
01:30:42 | INFO: Primitives created: 1
01:30:42 | INFO: Extracting primitive: V04_RM_RACK_67_UPRIGHT_06_02_MESH.001
01:30:42 | INFO: Primitives created: 1
01:30:42 | INFO: Extracting primitive: V04_RM_RACK_67_UPRIGHT_07_00_MESH.001
01:30:42 | INFO: Primitives created: 1
01:30:42 | INFO: Extracting primitive: V04_RM_RACK_67_UPRIGHT_07_01_MESH.001
01:30:42 | INFO: Primitives created: 1
01:30:42 | INFO: Extracting primitive: V04_RM_RACK_67_UPRIGHT_07_02_MESH.001
01:30:42 | INFO: Primitives created: 1
01:30:42 | INFO: Extracting primitive: V04_RM_RACK_67_UPRIGHT_08_00_MESH.001
01:30:42 | INFO: Primitives created: 1
01:30:42 | INFO: Extracting primitive: V04_RM_RACK_67_UPRIGHT_08_01_MESH.001
01:30:42 | INFO: Primitives created: 1
01:30:42 | INFO: Extracting primitive: V04_RM_RACK_67_UPRIGHT_08_02_MESH.001
01:30:42 | INFO: Primitives created: 1
01:30:42 | INFO: Extracting primitive: V04_RM_RACK_75_BEAM_00_MESH.001
01:30:42 | INFO: Primitives created: 1
01:30:42 | INFO: Extracting primitive: V04_RM_RACK_75_BEAM_01_MESH.001
01:30:42 | INFO: Primitives created: 1
01:30:42 | INFO: Extracting primitive: V04_RM_RACK_75_BEAM_02_MESH.001
01:30:42 | INFO: Primitives created: 1
01:30:42 | INFO: Extracting primitive: V04_RM_RACK_75_LOAD_00_00_MESH.001
01:30:42 | INFO: Primitives created: 1
01:30:42 | INFO: Extracting primitive: V04_RM_RACK_75_LOAD_00_01_MESH.001
01:30:42 | INFO: Primitives created: 1
01:30:42 | INFO: Extracting primitive: V04_RM_RACK_75_LOAD_00_02_MESH.001
01:30:42 | INFO: Primitives created: 1
01:30:42 | INFO: Extracting primitive: V04_RM_RACK_75_LOAD_01_00_MESH.001
01:30:42 | INFO: Primitives created: 1
01:30:42 | INFO: Extracting primitive: V04_RM_RACK_75_LOAD_01_01_MESH.001
01:30:42 | INFO: Primitives created: 1
01:30:42 | INFO: Extracting primitive: V04_RM_RACK_75_LOAD_01_02_MESH.001
01:30:42 | INFO: Primitives created: 1
01:30:42 | INFO: Extracting primitive: V04_RM_RACK_75_LOAD_02_00_MESH.001
01:30:42 | INFO: Primitives created: 1
01:30:42 | INFO: Extracting primitive: V04_RM_RACK_75_LOAD_02_01_MESH.001
01:30:42 | INFO: Primitives created: 1
01:30:42 | INFO: Extracting primitive: V04_RM_RACK_75_LOAD_02_02_MESH.001
01:30:42 | INFO: Primitives created: 1
01:30:42 | INFO: Extracting primitive: V04_RM_RACK_75_LOAD_03_00_MESH.001
01:30:42 | INFO: Primitives created: 1
01:30:42 | INFO: Extracting primitive: V04_RM_RACK_75_LOAD_03_01_MESH.001
01:30:42 | INFO: Primitives created: 1
01:30:42 | INFO: Extracting primitive: V04_RM_RACK_75_LOAD_03_02_MESH.001
01:30:42 | INFO: Primitives created: 1
01:30:42 | INFO: Extracting primitive: V04_RM_RACK_75_LOAD_04_00_MESH.001
01:30:42 | INFO: Primitives created: 1
01:30:42 | INFO: Extracting primitive: V04_RM_RACK_75_LOAD_04_01_MESH.001
01:30:42 | INFO: Primitives created: 1
01:30:42 | INFO: Extracting primitive: V04_RM_RACK_75_LOAD_04_02_MESH.001
01:30:42 | INFO: Primitives created: 1
01:30:42 | INFO: Extracting primitive: V04_RM_RACK_75_LOAD_05_00_MESH.001
01:30:42 | INFO: Primitives created: 1
01:30:42 | INFO: Extracting primitive: V04_RM_RACK_75_LOAD_05_01_MESH.001
01:30:42 | INFO: Primitives created: 1
01:30:42 | INFO: Extracting primitive: V04_RM_RACK_75_LOAD_05_02_MESH.001
01:30:42 | INFO: Primitives created: 1
01:30:42 | INFO: Extracting primitive: V04_RM_RACK_75_LOAD_06_00_MESH.001
01:30:42 | INFO: Primitives created: 1
01:30:42 | INFO: Extracting primitive: V04_RM_RACK_75_LOAD_06_01_MESH.001
01:30:42 | INFO: Primitives created: 1
01:30:42 | INFO: Extracting primitive: V04_RM_RACK_75_LOAD_06_02_MESH.001
01:30:42 | INFO: Primitives created: 1
01:30:42 | INFO: Extracting primitive: V04_RM_RACK_75_LOAD_07_00_MESH.001
01:30:42 | INFO: Primitives created: 1
01:30:42 | INFO: Extracting primitive: V04_RM_RACK_75_LOAD_07_01_MESH.001
01:30:42 | INFO: Primitives created: 1
01:30:42 | INFO: Extracting primitive: V04_RM_RACK_75_LOAD_07_02_MESH.001
01:30:42 | INFO: Primitives created: 1
01:30:42 | INFO: Extracting primitive: V04_RM_RACK_75_LOAD_08_00_MESH.001
01:30:42 | INFO: Primitives created: 1
01:30:42 | INFO: Extracting primitive: V04_RM_RACK_75_LOAD_08_01_MESH.001
01:30:42 | INFO: Primitives created: 1
01:30:42 | INFO: Extracting primitive: V04_RM_RACK_75_LOAD_08_02_MESH.001
01:30:42 | INFO: Primitives created: 1
01:30:42 | INFO: Extracting primitive: V04_RM_RACK_75_PALLET_00_00_MESH.001
01:30:42 | INFO: Primitives created: 1
01:30:42 | INFO: Extracting primitive: V04_RM_RACK_75_PALLET_00_01_MESH.001
01:30:42 | INFO: Primitives created: 1
01:30:42 | INFO: Extracting primitive: V04_RM_RACK_75_PALLET_00_02_MESH.001
01:30:42 | INFO: Primitives created: 1
01:30:42 | INFO: Extracting primitive: V04_RM_RACK_75_PALLET_01_00_MESH.001
01:30:42 | INFO: Primitives created: 1
01:30:42 | INFO: Extracting primitive: V04_RM_RACK_75_PALLET_01_01_MESH.001
01:30:42 | INFO: Primitives created: 1
01:30:42 | INFO: Extracting primitive: V04_RM_RACK_75_PALLET_01_02_MESH.001
01:30:42 | INFO: Primitives created: 1
01:30:42 | INFO: Extracting primitive: V04_RM_RACK_75_PALLET_02_00_MESH.001
01:30:42 | INFO: Primitives created: 1
01:30:42 | INFO: Extracting primitive: V04_RM_RACK_75_PALLET_02_01_MESH.001
01:30:42 | INFO: Primitives created: 1
01:30:42 | INFO: Extracting primitive: V04_RM_RACK_75_PALLET_02_02_MESH.001
01:30:42 | INFO: Primitives created: 1
01:30:42 | INFO: Extracting primitive: V04_RM_RACK_75_PALLET_03_00_MESH.001
01:30:42 | INFO: Primitives created: 1
01:30:42 | INFO: Extracting primitive: V04_RM_RACK_75_PALLET_03_01_MESH.001
01:30:42 | INFO: Primitives created: 1
01:30:42 | INFO: Extracting primitive: V04_RM_RACK_75_PALLET_03_02_MESH.001
01:30:42 | INFO: Primitives created: 1
01:30:42 | INFO: Extracting primitive: V04_RM_RACK_75_PALLET_04_00_MESH.001
01:30:42 | INFO: Primitives created: 1
01:30:42 | INFO: Extracting primitive: V04_RM_RACK_75_PALLET_04_01_MESH.001
01:30:42 | INFO: Primitives created: 1
01:30:42 | INFO: Extracting primitive: V04_RM_RACK_75_PALLET_04_02_MESH.001
01:30:42 | INFO: Primitives created: 1
01:30:42 | INFO: Extracting primitive: V04_RM_RACK_75_PALLET_05_00_MESH.001
01:30:42 | INFO: Primitives created: 1
01:30:42 | INFO: Extracting primitive: V04_RM_RACK_75_PALLET_05_01_MESH.001
01:30:42 | INFO: Primitives created: 1
01:30:42 | INFO: Extracting primitive: V04_RM_RACK_75_PALLET_05_02_MESH.001
01:30:42 | INFO: Primitives created: 1
01:30:42 | INFO: Extracting primitive: V04_RM_RACK_75_PALLET_06_00_MESH.001
01:30:42 | INFO: Primitives created: 1
01:30:42 | INFO: Extracting primitive: V04_RM_RACK_75_PALLET_06_01_MESH.001
01:30:42 | INFO: Primitives created: 1
01:30:42 | INFO: Extracting primitive: V04_RM_RACK_75_PALLET_06_02_MESH.001
01:30:42 | INFO: Primitives created: 1
01:30:42 | INFO: Extracting primitive: V04_RM_RACK_75_PALLET_07_00_MESH.001
01:30:42 | INFO: Primitives created: 1
01:30:42 | INFO: Extracting primitive: V04_RM_RACK_75_PALLET_07_01_MESH.001
01:30:42 | INFO: Primitives created: 1
01:30:42 | INFO: Extracting primitive: V04_RM_RACK_75_PALLET_07_02_MESH.001
01:30:42 | INFO: Primitives created: 1
01:30:42 | INFO: Extracting primitive: V04_RM_RACK_75_PALLET_08_00_MESH.001
01:30:42 | INFO: Primitives created: 1
01:30:42 | INFO: Extracting primitive: V04_RM_RACK_75_PALLET_08_01_MESH.001
01:30:42 | INFO: Primitives created: 1
01:30:42 | INFO: Extracting primitive: V04_RM_RACK_75_PALLET_08_02_MESH.001
01:30:42 | INFO: Primitives created: 1
01:30:42 | INFO: Extracting primitive: V04_RM_RACK_75_UPRIGHT_00_00_MESH.001
01:30:42 | INFO: Primitives created: 1
01:30:42 | INFO: Extracting primitive: V04_RM_RACK_75_UPRIGHT_00_01_MESH.001
01:30:42 | INFO: Primitives created: 1
01:30:42 | INFO: Extracting primitive: V04_RM_RACK_75_UPRIGHT_00_02_MESH.001
01:30:42 | INFO: Primitives created: 1
01:30:42 | INFO: Extracting primitive: V04_RM_RACK_75_UPRIGHT_01_00_MESH.001
01:30:42 | INFO: Primitives created: 1
01:30:42 | INFO: Extracting primitive: V04_RM_RACK_75_UPRIGHT_01_01_MESH.001
01:30:42 | INFO: Primitives created: 1
01:30:42 | INFO: Extracting primitive: V04_RM_RACK_75_UPRIGHT_01_02_MESH.001
01:30:42 | INFO: Primitives created: 1
01:30:42 | INFO: Extracting primitive: V04_RM_RACK_75_UPRIGHT_02_00_MESH.001
01:30:42 | INFO: Primitives created: 1
01:30:42 | INFO: Extracting primitive: V04_RM_RACK_75_UPRIGHT_02_01_MESH.001
01:30:42 | INFO: Primitives created: 1
01:30:42 | INFO: Extracting primitive: V04_RM_RACK_75_UPRIGHT_02_02_MESH.001
01:30:42 | INFO: Primitives created: 1
01:30:42 | INFO: Extracting primitive: V04_RM_RACK_75_UPRIGHT_03_00_MESH.001
01:30:42 | INFO: Primitives created: 1
01:30:42 | INFO: Extracting primitive: V04_RM_RACK_75_UPRIGHT_03_01_MESH.001
01:30:42 | INFO: Primitives created: 1
01:30:42 | INFO: Extracting primitive: V04_RM_RACK_75_UPRIGHT_03_02_MESH.001
01:30:42 | INFO: Primitives created: 1
01:30:42 | INFO: Extracting primitive: V04_RM_RACK_75_UPRIGHT_04_00_MESH.001
01:30:42 | INFO: Primitives created: 1
01:30:42 | INFO: Extracting primitive: V04_RM_RACK_75_UPRIGHT_04_01_MESH.001
01:30:42 | INFO: Primitives created: 1
01:30:42 | INFO: Extracting primitive: V04_RM_RACK_75_UPRIGHT_04_02_MESH.001
01:30:42 | INFO: Primitives created: 1
01:30:42 | INFO: Extracting primitive: V04_RM_RACK_75_UPRIGHT_05_00_MESH.001
01:30:42 | INFO: Primitives created: 1
01:30:42 | INFO: Extracting primitive: V04_RM_RACK_75_UPRIGHT_05_01_MESH.001
01:30:42 | INFO: Primitives created: 1
01:30:42 | INFO: Extracting primitive: V04_RM_RACK_75_UPRIGHT_05_02_MESH.001
01:30:42 | INFO: Primitives created: 1
01:30:42 | INFO: Extracting primitive: V04_RM_RACK_75_UPRIGHT_06_00_MESH.001
01:30:42 | INFO: Primitives created: 1
01:30:42 | INFO: Extracting primitive: V04_RM_RACK_75_UPRIGHT_06_01_MESH.001
01:30:42 | INFO: Primitives created: 1
01:30:42 | INFO: Extracting primitive: V04_RM_RACK_75_UPRIGHT_06_02_MESH.001
01:30:42 | INFO: Primitives created: 1
01:30:42 | INFO: Extracting primitive: V04_RM_RACK_75_UPRIGHT_07_00_MESH.001
01:30:42 | INFO: Primitives created: 1
01:30:42 | INFO: Extracting primitive: V04_RM_RACK_75_UPRIGHT_07_01_MESH.001
01:30:42 | INFO: Primitives created: 1
01:30:42 | INFO: Extracting primitive: V04_RM_RACK_75_UPRIGHT_07_02_MESH.001
01:30:42 | INFO: Primitives created: 1
01:30:42 | INFO: Extracting primitive: V04_RM_RACK_75_UPRIGHT_08_00_MESH.001
01:30:42 | INFO: Primitives created: 1
01:30:42 | INFO: Extracting primitive: V04_RM_RACK_75_UPRIGHT_08_01_MESH.001
01:30:42 | INFO: Primitives created: 1
01:30:42 | INFO: Extracting primitive: V04_RM_RACK_75_UPRIGHT_08_02_MESH.001
01:30:42 | INFO: Primitives created: 1
01:30:42 | INFO: Extracting primitive: V04_RM_RACK_83_BEAM_00_MESH.001
01:30:42 | INFO: Primitives created: 1
01:30:42 | INFO: Extracting primitive: V04_RM_RACK_83_BEAM_01_MESH.001
01:30:42 | INFO: Primitives created: 1
01:30:42 | INFO: Extracting primitive: V04_RM_RACK_83_BEAM_02_MESH.001
01:30:42 | INFO: Primitives created: 1
01:30:42 | INFO: Extracting primitive: V04_RM_RACK_83_LOAD_00_00_MESH.001
01:30:42 | INFO: Primitives created: 1
01:30:42 | INFO: Extracting primitive: V04_RM_RACK_83_LOAD_00_01_MESH.001
01:30:42 | INFO: Primitives created: 1
01:30:42 | INFO: Extracting primitive: V04_RM_RACK_83_LOAD_00_02_MESH.001
01:30:42 | INFO: Primitives created: 1
01:30:42 | INFO: Extracting primitive: V04_RM_RACK_83_LOAD_01_00_MESH.001
01:30:42 | INFO: Primitives created: 1
01:30:42 | INFO: Extracting primitive: V04_RM_RACK_83_LOAD_01_01_MESH.001
01:30:42 | INFO: Primitives created: 1
01:30:42 | INFO: Extracting primitive: V04_RM_RACK_83_LOAD_01_02_MESH.001
01:30:42 | INFO: Primitives created: 1
01:30:42 | INFO: Extracting primitive: V04_RM_RACK_83_LOAD_02_00_MESH.001
01:30:42 | INFO: Primitives created: 1
01:30:42 | INFO: Extracting primitive: V04_RM_RACK_83_LOAD_02_01_MESH.001
01:30:42 | INFO: Primitives created: 1
01:30:42 | INFO: Extracting primitive: V04_RM_RACK_83_LOAD_02_02_MESH.001
01:30:42 | INFO: Primitives created: 1
01:30:42 | INFO: Extracting primitive: V04_RM_RACK_83_LOAD_03_00_MESH.001
01:30:42 | INFO: Primitives created: 1
01:30:42 | INFO: Extracting primitive: V04_RM_RACK_83_LOAD_03_01_MESH.001
01:30:42 | INFO: Primitives created: 1
01:30:42 | INFO: Extracting primitive: V04_RM_RACK_83_LOAD_03_02_MESH.001
01:30:42 | INFO: Primitives created: 1
01:30:42 | INFO: Extracting primitive: V04_RM_RACK_83_LOAD_04_00_MESH.001
01:30:42 | INFO: Primitives created: 1
01:30:42 | INFO: Extracting primitive: V04_RM_RACK_83_LOAD_04_01_MESH.001
01:30:42 | INFO: Primitives created: 1
01:30:42 | INFO: Extracting primitive: V04_RM_RACK_83_LOAD_04_02_MESH.001
01:30:42 | INFO: Primitives created: 1
01:30:42 | INFO: Extracting primitive: V04_RM_RACK_83_LOAD_05_00_MESH.001
01:30:42 | INFO: Primitives created: 1
01:30:42 | INFO: Extracting primitive: V04_RM_RACK_83_LOAD_05_01_MESH.001
01:30:42 | INFO: Primitives created: 1
01:30:42 | INFO: Extracting primitive: V04_RM_RACK_83_LOAD_05_02_MESH.001
01:30:42 | INFO: Primitives created: 1
01:30:42 | INFO: Extracting primitive: V04_RM_RACK_83_LOAD_06_00_MESH.001
01:30:42 | INFO: Primitives created: 1
01:30:42 | INFO: Extracting primitive: V04_RM_RACK_83_LOAD_06_01_MESH.001
01:30:42 | INFO: Primitives created: 1
01:30:42 | INFO: Extracting primitive: V04_RM_RACK_83_LOAD_06_02_MESH.001
01:30:42 | INFO: Primitives created: 1
01:30:42 | INFO: Extracting primitive: V04_RM_RACK_83_LOAD_07_00_MESH.001
01:30:42 | INFO: Primitives created: 1
01:30:42 | INFO: Extracting primitive: V04_RM_RACK_83_LOAD_07_01_MESH.001
01:30:42 | INFO: Primitives created: 1
01:30:42 | INFO: Extracting primitive: V04_RM_RACK_83_LOAD_07_02_MESH.001
01:30:42 | INFO: Primitives created: 1
01:30:42 | INFO: Extracting primitive: V04_RM_RACK_83_LOAD_08_00_MESH.001
01:30:42 | INFO: Primitives created: 1
01:30:42 | INFO: Extracting primitive: V04_RM_RACK_83_LOAD_08_01_MESH.001
01:30:42 | INFO: Primitives created: 1
01:30:42 | INFO: Extracting primitive: V04_RM_RACK_83_LOAD_08_02_MESH.001
01:30:42 | INFO: Primitives created: 1
01:30:42 | INFO: Extracting primitive: V04_RM_RACK_83_PALLET_00_00_MESH.001
01:30:42 | INFO: Primitives created: 1
01:30:42 | INFO: Extracting primitive: V04_RM_RACK_83_PALLET_00_01_MESH.001
01:30:42 | INFO: Primitives created: 1
01:30:42 | INFO: Extracting primitive: V04_RM_RACK_83_PALLET_00_02_MESH.001
01:30:42 | INFO: Primitives created: 1
01:30:42 | INFO: Extracting primitive: V04_RM_RACK_83_PALLET_01_00_MESH.001
01:30:42 | INFO: Primitives created: 1
01:30:42 | INFO: Extracting primitive: V04_RM_RACK_83_PALLET_01_01_MESH.001
01:30:42 | INFO: Primitives created: 1
01:30:42 | INFO: Extracting primitive: V04_RM_RACK_83_PALLET_01_02_MESH.001
01:30:42 | INFO: Primitives created: 1
01:30:42 | INFO: Extracting primitive: V04_RM_RACK_83_PALLET_02_00_MESH.001
01:30:42 | INFO: Primitives created: 1
01:30:42 | INFO: Extracting primitive: V04_RM_RACK_83_PALLET_02_01_MESH.001
01:30:42 | INFO: Primitives created: 1
01:30:42 | INFO: Extracting primitive: V04_RM_RACK_83_PALLET_02_02_MESH.001
01:30:42 | INFO: Primitives created: 1
01:30:42 | INFO: Extracting primitive: V04_RM_RACK_83_PALLET_03_00_MESH.001
01:30:42 | INFO: Primitives created: 1
01:30:42 | INFO: Extracting primitive: V04_RM_RACK_83_PALLET_03_01_MESH.001
01:30:42 | INFO: Primitives created: 1
01:30:42 | INFO: Extracting primitive: V04_RM_RACK_83_PALLET_03_02_MESH.001
01:30:42 | INFO: Primitives created: 1
01:30:42 | INFO: Extracting primitive: V04_RM_RACK_83_PALLET_04_00_MESH.001
01:30:42 | INFO: Primitives created: 1
01:30:42 | INFO: Extracting primitive: V04_RM_RACK_83_PALLET_04_01_MESH.001
01:30:42 | INFO: Primitives created: 1
01:30:42 | INFO: Extracting primitive: V04_RM_RACK_83_PALLET_04_02_MESH.001
01:30:42 | INFO: Primitives created: 1
01:30:42 | INFO: Extracting primitive: V04_RM_RACK_83_PALLET_05_00_MESH.001
01:30:42 | INFO: Primitives created: 1
01:30:42 | INFO: Extracting primitive: V04_RM_RACK_83_PALLET_05_01_MESH.001
01:30:42 | INFO: Primitives created: 1
01:30:42 | INFO: Extracting primitive: V04_RM_RACK_83_PALLET_05_02_MESH.001
01:30:42 | INFO: Primitives created: 1
01:30:42 | INFO: Extracting primitive: V04_RM_RACK_83_PALLET_06_00_MESH.001
01:30:42 | INFO: Primitives created: 1
01:30:42 | INFO: Extracting primitive: V04_RM_RACK_83_PALLET_06_01_MESH.001
01:30:42 | INFO: Primitives created: 1
01:30:42 | INFO: Extracting primitive: V04_RM_RACK_83_PALLET_06_02_MESH.001
01:30:42 | INFO: Primitives created: 1
01:30:42 | INFO: Extracting primitive: V04_RM_RACK_83_PALLET_07_00_MESH.001
01:30:42 | INFO: Primitives created: 1
01:30:42 | INFO: Extracting primitive: V04_RM_RACK_83_PALLET_07_01_MESH.001
01:30:42 | INFO: Primitives created: 1
01:30:42 | INFO: Extracting primitive: V04_RM_RACK_83_PALLET_07_02_MESH.001
01:30:42 | INFO: Primitives created: 1
01:30:42 | INFO: Extracting primitive: V04_RM_RACK_83_PALLET_08_00_MESH.001
01:30:42 | INFO: Primitives created: 1
01:30:42 | INFO: Extracting primitive: V04_RM_RACK_83_PALLET_08_01_MESH.001
01:30:42 | INFO: Primitives created: 1
01:30:42 | INFO: Extracting primitive: V04_RM_RACK_83_PALLET_08_02_MESH.001
01:30:42 | INFO: Primitives created: 1
01:30:42 | INFO: Extracting primitive: V04_RM_RACK_83_UPRIGHT_00_00_MESH.001
01:30:42 | INFO: Primitives created: 1
01:30:42 | INFO: Extracting primitive: V04_RM_RACK_83_UPRIGHT_00_01_MESH.001
01:30:42 | INFO: Primitives created: 1
01:30:42 | INFO: Extracting primitive: V04_RM_RACK_83_UPRIGHT_00_02_MESH.001
01:30:42 | INFO: Primitives created: 1
01:30:42 | INFO: Extracting primitive: V04_RM_RACK_83_UPRIGHT_01_00_MESH.001
01:30:42 | INFO: Primitives created: 1
01:30:42 | INFO: Extracting primitive: V04_RM_RACK_83_UPRIGHT_01_01_MESH.001
01:30:42 | INFO: Primitives created: 1
01:30:42 | INFO: Extracting primitive: V04_RM_RACK_83_UPRIGHT_01_02_MESH.001
01:30:42 | INFO: Primitives created: 1
01:30:42 | INFO: Extracting primitive: V04_RM_RACK_83_UPRIGHT_02_00_MESH.001
01:30:42 | INFO: Primitives created: 1
01:30:42 | INFO: Extracting primitive: V04_RM_RACK_83_UPRIGHT_02_01_MESH.001
01:30:42 | INFO: Primitives created: 1
01:30:42 | INFO: Extracting primitive: V04_RM_RACK_83_UPRIGHT_02_02_MESH.001
01:30:42 | INFO: Primitives created: 1
01:30:42 | INFO: Extracting primitive: V04_RM_RACK_83_UPRIGHT_03_00_MESH.001
01:30:42 | INFO: Primitives created: 1
01:30:42 | INFO: Extracting primitive: V04_RM_RACK_83_UPRIGHT_03_01_MESH.001
01:30:42 | INFO: Primitives created: 1
01:30:42 | INFO: Extracting primitive: V04_RM_RACK_83_UPRIGHT_03_02_MESH.001
01:30:42 | INFO: Primitives created: 1
01:30:42 | INFO: Extracting primitive: V04_RM_RACK_83_UPRIGHT_04_00_MESH.001
01:30:42 | INFO: Primitives created: 1
01:30:42 | INFO: Extracting primitive: V04_RM_RACK_83_UPRIGHT_04_01_MESH.001
01:30:42 | INFO: Primitives created: 1
01:30:42 | INFO: Extracting primitive: V04_RM_RACK_83_UPRIGHT_04_02_MESH.001
01:30:42 | INFO: Primitives created: 1
01:30:42 | INFO: Extracting primitive: V04_RM_RACK_83_UPRIGHT_05_00_MESH.001
01:30:42 | INFO: Primitives created: 1
01:30:42 | INFO: Extracting primitive: V04_RM_RACK_83_UPRIGHT_05_01_MESH.001
01:30:42 | INFO: Primitives created: 1
01:30:42 | INFO: Extracting primitive: V04_RM_RACK_83_UPRIGHT_05_02_MESH.001
01:30:42 | INFO: Primitives created: 1
01:30:42 | INFO: Extracting primitive: V04_RM_RACK_83_UPRIGHT_06_00_MESH.001
01:30:42 | INFO: Primitives created: 1
01:30:42 | INFO: Extracting primitive: V04_RM_RACK_83_UPRIGHT_06_01_MESH.001
01:30:42 | INFO: Primitives created: 1
01:30:42 | INFO: Extracting primitive: V04_RM_RACK_83_UPRIGHT_06_02_MESH.001
01:30:42 | INFO: Primitives created: 1
01:30:42 | INFO: Extracting primitive: V04_RM_RACK_83_UPRIGHT_07_00_MESH.001
01:30:42 | INFO: Primitives created: 1
01:30:42 | INFO: Extracting primitive: V04_RM_RACK_83_UPRIGHT_07_01_MESH.001
01:30:42 | INFO: Primitives created: 1
01:30:42 | INFO: Extracting primitive: V04_RM_RACK_83_UPRIGHT_07_02_MESH.001
01:30:42 | INFO: Primitives created: 1
01:30:42 | INFO: Extracting primitive: V04_RM_RACK_83_UPRIGHT_08_00_MESH.001
01:30:42 | INFO: Primitives created: 1
01:30:42 | INFO: Extracting primitive: V04_RM_RACK_83_UPRIGHT_08_01_MESH.001
01:30:42 | INFO: Primitives created: 1
01:30:42 | INFO: Extracting primitive: V04_RM_RACK_83_UPRIGHT_08_02_MESH.001
01:30:42 | INFO: Primitives created: 1
01:30:42 | INFO: Extracting primitive: V04_RM_RACK_91_BEAM_00_MESH.001
01:30:42 | INFO: Primitives created: 1
01:30:42 | INFO: Extracting primitive: V04_RM_RACK_91_BEAM_01_MESH.001
01:30:42 | INFO: Primitives created: 1
01:30:42 | INFO: Extracting primitive: V04_RM_RACK_91_BEAM_02_MESH.001
01:30:42 | INFO: Primitives created: 1
01:30:42 | INFO: Extracting primitive: V04_RM_RACK_91_LOAD_00_00_MESH.001
01:30:42 | INFO: Primitives created: 1
01:30:42 | INFO: Extracting primitive: V04_RM_RACK_91_LOAD_00_01_MESH.001
01:30:43 | INFO: Primitives created: 1
01:30:43 | INFO: Extracting primitive: V04_RM_RACK_91_LOAD_00_02_MESH.001
01:30:43 | INFO: Primitives created: 1
01:30:43 | INFO: Extracting primitive: V04_RM_RACK_91_LOAD_01_00_MESH.001
01:30:43 | INFO: Primitives created: 1
01:30:43 | INFO: Extracting primitive: V04_RM_RACK_91_LOAD_01_01_MESH.001
01:30:43 | INFO: Primitives created: 1
01:30:43 | INFO: Extracting primitive: V04_RM_RACK_91_LOAD_01_02_MESH.001
01:30:43 | INFO: Primitives created: 1
01:30:43 | INFO: Extracting primitive: V04_RM_RACK_91_LOAD_02_00_MESH.001
01:30:43 | INFO: Primitives created: 1
01:30:43 | INFO: Extracting primitive: V04_RM_RACK_91_LOAD_02_01_MESH.001
01:30:43 | INFO: Primitives created: 1
01:30:43 | INFO: Extracting primitive: V04_RM_RACK_91_LOAD_02_02_MESH.001
01:30:43 | INFO: Primitives created: 1
01:30:43 | INFO: Extracting primitive: V04_RM_RACK_91_LOAD_03_00_MESH.001
01:30:43 | INFO: Primitives created: 1
01:30:43 | INFO: Extracting primitive: V04_RM_RACK_91_LOAD_03_01_MESH.001
01:30:43 | INFO: Primitives created: 1
01:30:43 | INFO: Extracting primitive: V04_RM_RACK_91_LOAD_03_02_MESH.001
01:30:43 | INFO: Primitives created: 1
01:30:43 | INFO: Extracting primitive: V04_RM_RACK_91_LOAD_04_00_MESH.001
01:30:43 | INFO: Primitives created: 1
01:30:43 | INFO: Extracting primitive: V04_RM_RACK_91_LOAD_04_01_MESH.001
01:30:43 | INFO: Primitives created: 1
01:30:43 | INFO: Extracting primitive: V04_RM_RACK_91_LOAD_04_02_MESH.001
01:30:43 | INFO: Primitives created: 1
01:30:43 | INFO: Extracting primitive: V04_RM_RACK_91_LOAD_05_00_MESH.001
01:30:43 | INFO: Primitives created: 1
01:30:43 | INFO: Extracting primitive: V04_RM_RACK_91_LOAD_05_01_MESH.001
01:30:43 | INFO: Primitives created: 1
01:30:43 | INFO: Extracting primitive: V04_RM_RACK_91_LOAD_05_02_MESH.001
01:30:43 | INFO: Primitives created: 1
01:30:43 | INFO: Extracting primitive: V04_RM_RACK_91_LOAD_06_00_MESH.001
01:30:43 | INFO: Primitives created: 1
01:30:43 | INFO: Extracting primitive: V04_RM_RACK_91_LOAD_06_01_MESH.001
01:30:43 | INFO: Primitives created: 1
01:30:43 | INFO: Extracting primitive: V04_RM_RACK_91_LOAD_06_02_MESH.001
01:30:43 | INFO: Primitives created: 1
01:30:43 | INFO: Extracting primitive: V04_RM_RACK_91_LOAD_07_00_MESH.001
01:30:43 | INFO: Primitives created: 1
01:30:43 | INFO: Extracting primitive: V04_RM_RACK_91_LOAD_07_01_MESH.001
01:30:43 | INFO: Primitives created: 1
01:30:43 | INFO: Extracting primitive: V04_RM_RACK_91_LOAD_07_02_MESH.001
01:30:43 | INFO: Primitives created: 1
01:30:43 | INFO: Extracting primitive: V04_RM_RACK_91_LOAD_08_00_MESH.001
01:30:43 | INFO: Primitives created: 1
01:30:43 | INFO: Extracting primitive: V04_RM_RACK_91_LOAD_08_01_MESH.001
01:30:43 | INFO: Primitives created: 1
01:30:43 | INFO: Extracting primitive: V04_RM_RACK_91_LOAD_08_02_MESH.001
01:30:43 | INFO: Primitives created: 1
01:30:43 | INFO: Extracting primitive: V04_RM_RACK_91_PALLET_00_00_MESH.001
01:30:43 | INFO: Primitives created: 1
01:30:43 | INFO: Extracting primitive: V04_RM_RACK_91_PALLET_00_01_MESH.001
01:30:43 | INFO: Primitives created: 1
01:30:43 | INFO: Extracting primitive: V04_RM_RACK_91_PALLET_00_02_MESH.001
01:30:43 | INFO: Primitives created: 1
01:30:43 | INFO: Extracting primitive: V04_RM_RACK_91_PALLET_01_00_MESH.001
01:30:43 | INFO: Primitives created: 1
01:30:43 | INFO: Extracting primitive: V04_RM_RACK_91_PALLET_01_01_MESH.001
01:30:43 | INFO: Primitives created: 1
01:30:43 | INFO: Extracting primitive: V04_RM_RACK_91_PALLET_01_02_MESH.001
01:30:43 | INFO: Primitives created: 1
01:30:43 | INFO: Extracting primitive: V04_RM_RACK_91_PALLET_02_00_MESH.001
01:30:43 | INFO: Primitives created: 1
01:30:43 | INFO: Extracting primitive: V04_RM_RACK_91_PALLET_02_01_MESH.001
01:30:43 | INFO: Primitives created: 1
01:30:43 | INFO: Extracting primitive: V04_RM_RACK_91_PALLET_02_02_MESH.001
01:30:43 | INFO: Primitives created: 1
01:30:43 | INFO: Extracting primitive: V04_RM_RACK_91_PALLET_03_00_MESH.001
01:30:43 | INFO: Primitives created: 1
01:30:43 | INFO: Extracting primitive: V04_RM_RACK_91_PALLET_03_01_MESH.001
01:30:43 | INFO: Primitives created: 1
01:30:43 | INFO: Extracting primitive: V04_RM_RACK_91_PALLET_03_02_MESH.001
01:30:43 | INFO: Primitives created: 1
01:30:43 | INFO: Extracting primitive: V04_RM_RACK_91_PALLET_04_00_MESH.001
01:30:43 | INFO: Primitives created: 1
01:30:43 | INFO: Extracting primitive: V04_RM_RACK_91_PALLET_04_01_MESH.001
01:30:43 | INFO: Primitives created: 1
01:30:43 | INFO: Extracting primitive: V04_RM_RACK_91_PALLET_04_02_MESH.001
01:30:43 | INFO: Primitives created: 1
01:30:43 | INFO: Extracting primitive: V04_RM_RACK_91_PALLET_05_00_MESH.001
01:30:43 | INFO: Primitives created: 1
01:30:43 | INFO: Extracting primitive: V04_RM_RACK_91_PALLET_05_01_MESH.001
01:30:43 | INFO: Primitives created: 1
01:30:43 | INFO: Extracting primitive: V04_RM_RACK_91_PALLET_05_02_MESH.001
01:30:43 | INFO: Primitives created: 1
01:30:43 | INFO: Extracting primitive: V04_RM_RACK_91_PALLET_06_00_MESH.001
01:30:43 | INFO: Primitives created: 1
01:30:43 | INFO: Extracting primitive: V04_RM_RACK_91_PALLET_06_01_MESH.001
01:30:43 | INFO: Primitives created: 1
01:30:43 | INFO: Extracting primitive: V04_RM_RACK_91_PALLET_06_02_MESH.001
01:30:43 | INFO: Primitives created: 1
01:30:43 | INFO: Extracting primitive: V04_RM_RACK_91_PALLET_07_00_MESH.001
01:30:43 | INFO: Primitives created: 1
01:30:43 | INFO: Extracting primitive: V04_RM_RACK_91_PALLET_07_01_MESH.001
01:30:43 | INFO: Primitives created: 1
01:30:43 | INFO: Extracting primitive: V04_RM_RACK_91_PALLET_07_02_MESH.001
01:30:43 | INFO: Primitives created: 1
01:30:43 | INFO: Extracting primitive: V04_RM_RACK_91_PALLET_08_00_MESH.001
01:30:43 | INFO: Primitives created: 1
01:30:43 | INFO: Extracting primitive: V04_RM_RACK_91_PALLET_08_01_MESH.001
01:30:43 | INFO: Primitives created: 1
01:30:43 | INFO: Extracting primitive: V04_RM_RACK_91_PALLET_08_02_MESH.001
01:30:43 | INFO: Primitives created: 1
01:30:43 | INFO: Extracting primitive: V04_RM_RACK_91_UPRIGHT_00_00_MESH.001
01:30:43 | INFO: Primitives created: 1
01:30:43 | INFO: Extracting primitive: V04_RM_RACK_91_UPRIGHT_00_01_MESH.001
01:30:43 | INFO: Primitives created: 1
01:30:43 | INFO: Extracting primitive: V04_RM_RACK_91_UPRIGHT_00_02_MESH.001
01:30:43 | INFO: Primitives created: 1
01:30:43 | INFO: Extracting primitive: V04_RM_RACK_91_UPRIGHT_01_00_MESH.001
01:30:43 | INFO: Primitives created: 1
01:30:43 | INFO: Extracting primitive: V04_RM_RACK_91_UPRIGHT_01_01_MESH.001
01:30:43 | INFO: Primitives created: 1
01:30:43 | INFO: Extracting primitive: V04_RM_RACK_91_UPRIGHT_01_02_MESH.001
01:30:43 | INFO: Primitives created: 1
01:30:43 | INFO: Extracting primitive: V04_RM_RACK_91_UPRIGHT_02_00_MESH.001
01:30:43 | INFO: Primitives created: 1
01:30:43 | INFO: Extracting primitive: V04_RM_RACK_91_UPRIGHT_02_01_MESH.001
01:30:43 | INFO: Primitives created: 1
01:30:43 | INFO: Extracting primitive: V04_RM_RACK_91_UPRIGHT_02_02_MESH.001
01:30:43 | INFO: Primitives created: 1
01:30:43 | INFO: Extracting primitive: V04_RM_RACK_91_UPRIGHT_03_00_MESH.001
01:30:43 | INFO: Primitives created: 1
01:30:43 | INFO: Extracting primitive: V04_RM_RACK_91_UPRIGHT_03_01_MESH.001
01:30:43 | INFO: Primitives created: 1
01:30:43 | INFO: Extracting primitive: V04_RM_RACK_91_UPRIGHT_03_02_MESH.001
01:30:43 | INFO: Primitives created: 1
01:30:43 | INFO: Extracting primitive: V04_RM_RACK_91_UPRIGHT_04_00_MESH.001
01:30:43 | INFO: Primitives created: 1
01:30:43 | INFO: Extracting primitive: V04_RM_RACK_91_UPRIGHT_04_01_MESH.001
01:30:43 | INFO: Primitives created: 1
01:30:43 | INFO: Extracting primitive: V04_RM_RACK_91_UPRIGHT_04_02_MESH.001
01:30:43 | INFO: Primitives created: 1
01:30:43 | INFO: Extracting primitive: V04_RM_RACK_91_UPRIGHT_05_00_MESH.001
01:30:43 | INFO: Primitives created: 1
01:30:43 | INFO: Extracting primitive: V04_RM_RACK_91_UPRIGHT_05_01_MESH.001
01:30:43 | INFO: Primitives created: 1
01:30:43 | INFO: Extracting primitive: V04_RM_RACK_91_UPRIGHT_05_02_MESH.001
01:30:43 | INFO: Primitives created: 1
01:30:43 | INFO: Extracting primitive: V04_RM_RACK_91_UPRIGHT_06_00_MESH.001
01:30:43 | INFO: Primitives created: 1
01:30:43 | INFO: Extracting primitive: V04_RM_RACK_91_UPRIGHT_06_01_MESH.001
01:30:43 | INFO: Primitives created: 1
01:30:43 | INFO: Extracting primitive: V04_RM_RACK_91_UPRIGHT_06_02_MESH.001
01:30:43 | INFO: Primitives created: 1
01:30:43 | INFO: Extracting primitive: V04_RM_RACK_91_UPRIGHT_07_00_MESH.001
01:30:43 | INFO: Primitives created: 1
01:30:43 | INFO: Extracting primitive: V04_RM_RACK_91_UPRIGHT_07_01_MESH.001
01:30:43 | INFO: Primitives created: 1
01:30:43 | INFO: Extracting primitive: V04_RM_RACK_91_UPRIGHT_07_02_MESH.001
01:30:43 | INFO: Primitives created: 1
01:30:43 | INFO: Extracting primitive: V04_RM_RACK_91_UPRIGHT_08_00_MESH.001
01:30:43 | INFO: Primitives created: 1
01:30:43 | INFO: Extracting primitive: V04_RM_RACK_91_UPRIGHT_08_01_MESH.001
01:30:43 | INFO: Primitives created: 1
01:30:43 | INFO: Extracting primitive: V04_RM_RACK_91_UPRIGHT_08_02_MESH.001
01:30:43 | INFO: Primitives created: 1
01:30:43 | INFO: Extracting primitive: V04_RM_RECEIVING_DOCK_MESH.001
01:30:43 | INFO: Primitives created: 1
01:30:43 | INFO: Extracting primitive: V04_RM_RECEIVING_PALLET_00_MESH.001
01:30:43 | INFO: Primitives created: 1
01:30:43 | INFO: Extracting primitive: V04_RM_RECEIVING_PALLET_01_MESH.001
01:30:43 | INFO: Primitives created: 1
01:30:43 | INFO: Extracting primitive: V04_RM_RECEIVING_PALLET_02_MESH.001
01:30:43 | INFO: Primitives created: 1
01:30:43 | INFO: Extracting primitive: V04_RM_RECEIVING_PALLET_03_MESH.001
01:30:43 | INFO: Primitives created: 1
01:30:43 | INFO: Extracting primitive: V04_RM_RECEIVING_PALLET_04_MESH.001
01:30:43 | INFO: Primitives created: 1
01:30:43 | INFO: Extracting primitive: V04_RM_RECEIVING_PALLET_05_MESH.001
01:30:43 | INFO: Primitives created: 1
01:30:43 | INFO: Extracting primitive: V04_RM_RECEIVING_SACK_00_MESH.001
01:30:43 | INFO: Primitives created: 1
01:30:43 | INFO: Extracting primitive: V04_RM_RECEIVING_SACK_01_MESH.001
01:30:43 | INFO: Primitives created: 1
01:30:43 | INFO: Extracting primitive: V04_RM_RECEIVING_SACK_02_MESH.001
01:30:43 | INFO: Primitives created: 1
01:30:43 | INFO: Extracting primitive: V04_RM_RECEIVING_SACK_03_MESH.001
01:30:43 | INFO: Primitives created: 1
01:30:43 | INFO: Extracting primitive: V04_RM_RECEIVING_SACK_04_MESH.001
01:30:43 | INFO: Primitives created: 1
01:30:43 | INFO: Extracting primitive: V04_RM_RECEIVING_SACK_05_MESH.001
01:30:43 | INFO: Primitives created: 1
01:30:43 | INFO: Extracting primitive: V04_RM_RIGHT_MESH.001
01:30:43 | INFO: Primitives created: 1
01:30:43 | INFO: Extracting primitive: V04_RM_SAMPLING_BOOTH_MESH.001
01:30:43 | INFO: Primitives created: 1
01:30:43 | INFO: Extracting primitive: V04_UTIL_BACK_MESH.001
01:30:43 | INFO: Primitives created: 1
01:30:43 | INFO: Extracting primitive: V04_UTIL_BOILER_MESH.001
01:30:43 | INFO: Primitives created: 1
01:30:43 | INFO: Extracting primitive: V04_UTIL_COMPRESSOR_MESH.001
01:30:43 | INFO: Primitives created: 1
01:30:43 | INFO: Extracting primitive: V04_UTIL_COMPRESSOR_SKID_MESH.001
01:30:43 | INFO: Primitives created: 1
01:30:43 | INFO: Extracting primitive: V04_UTIL_FLOOR_MESH.001
01:30:43 | INFO: Primitives created: 1
01:30:43 | INFO: Extracting primitive: V04_UTIL_LEFT_MESH.001
01:30:43 | INFO: Primitives created: 1
01:30:43 | INFO: Extracting primitive: V04_UTIL_LIGHT_00_BODY_MESH.001
01:30:43 | INFO: Primitives created: 1
01:30:43 | INFO: Extracting primitive: V04_UTIL_LIGHT_00_GLOW_MESH.001
01:30:43 | INFO: Primitives created: 1
01:30:43 | INFO: Extracting primitive: V04_UTIL_LIGHT_01_BODY_MESH.001
01:30:43 | INFO: Primitives created: 1
01:30:43 | INFO: Extracting primitive: V04_UTIL_LIGHT_01_GLOW_MESH.001
01:30:43 | INFO: Primitives created: 1
01:30:43 | INFO: Extracting primitive: V04_UTIL_LIGHT_02_BODY_MESH.001
01:30:43 | INFO: Primitives created: 1
01:30:43 | INFO: Extracting primitive: V04_UTIL_LIGHT_02_GLOW_MESH.001
01:30:43 | INFO: Primitives created: 1
01:30:43 | INFO: Extracting primitive: V04_UTIL_LIGHT_03_BODY_MESH.001
01:30:43 | INFO: Primitives created: 1
01:30:43 | INFO: Extracting primitive: V04_UTIL_LIGHT_03_GLOW_MESH.001
01:30:43 | INFO: Primitives created: 1
01:30:43 | INFO: Extracting primitive: V04_UTIL_LIGHT_04_BODY_MESH.001
01:30:43 | INFO: Primitives created: 1
01:30:43 | INFO: Extracting primitive: V04_UTIL_LIGHT_04_GLOW_MESH.001
01:30:43 | INFO: Primitives created: 1
01:30:43 | INFO: Extracting primitive: V04_UTIL_MAINT_BENCH_MESH.001
01:30:43 | INFO: Primitives created: 1
01:30:43 | INFO: Extracting primitive: V04_UTIL_MANIFOLD_00_MESH.001
01:30:43 | INFO: Primitives created: 1
01:30:43 | INFO: Extracting primitive: V04_UTIL_MANIFOLD_01_MESH.001
01:30:43 | INFO: Primitives created: 1
01:30:43 | INFO: Extracting primitive: V04_UTIL_MANIFOLD_02_MESH.001
01:30:43 | INFO: Primitives created: 1
01:30:43 | INFO: Extracting primitive: V04_UTIL_MANIFOLD_03_MESH.001
01:30:43 | INFO: Primitives created: 1
01:30:43 | INFO: Extracting primitive: V04_UTIL_RIGHT_MESH.001
01:30:43 | INFO: Primitives created: 1
01:30:43 | INFO: Extracting primitive: V04_UTIL_RO_COLUMN_00_MESH.001
01:30:43 | INFO: Primitives created: 1
01:30:43 | INFO: Extracting primitive: V04_UTIL_RO_COLUMN_01_MESH.001
01:30:43 | INFO: Primitives created: 1
01:30:43 | INFO: Extracting primitive: V04_UTIL_RO_COLUMN_02_MESH.001
01:30:43 | INFO: Primitives created: 1
01:30:43 | INFO: Extracting primitive: V04_UTIL_RO_SKID_MESH.001
01:30:43 | INFO: Primitives created: 1
01:30:43 | INFO: Extracting primitive: V04_UTIL_STEAM_HEADER_MESH.001
01:30:43 | INFO: Primitives created: 1
01:30:43 | INFO: Extracting primitive: V04_UTIL_TOOL_00_MESH.001
01:30:43 | INFO: Primitives created: 1
01:30:43 | INFO: Extracting primitive: V04_UTIL_TOOL_01_MESH.001
01:30:43 | INFO: Primitives created: 1
01:30:43 | INFO: Extracting primitive: V04_UTIL_TOOL_02_MESH.001
01:30:43 | INFO: Primitives created: 1
01:30:43 | INFO: Extracting primitive: V04_UTIL_TOOL_03_MESH.001
01:30:43 | INFO: Primitives created: 1
01:30:43 | INFO: Extracting primitive: V04_UTIL_TOOL_04_MESH.001
01:30:43 | INFO: Primitives created: 1
01:30:43 | INFO: Extracting primitive: V04_WIPES_BACK_MESH.001
01:30:43 | INFO: Primitives created: 1
01:30:43 | INFO: Extracting primitive: V04_WIPES_FLOOR_MESH.001
01:30:43 | INFO: Primitives created: 1
01:30:43 | INFO: Extracting primitive: V04_WIPES_FOLDING_BLADE_00_MESH.001
01:30:43 | INFO: Primitives created: 1
01:30:43 | INFO: Extracting primitive: V04_WIPES_FOLDING_BLADE_01_MESH.001
01:30:43 | INFO: Primitives created: 1
01:30:43 | INFO: Extracting primitive: V04_WIPES_FOLDING_BLADE_02_MESH.001
01:30:43 | INFO: Primitives created: 1
01:30:43 | INFO: Extracting primitive: V04_WIPES_FOLDING_PLOW_FRAME_MESH.001
01:30:43 | INFO: Primitives created: 1
01:30:43 | INFO: Extracting primitive: V04_WIPES_LEFT_MESH.001
01:30:43 | INFO: Primitives created: 1
01:30:43 | INFO: Extracting primitive: V04_WIPES_LIGHT_00_BODY_MESH.001
01:30:43 | INFO: Primitives created: 1
01:30:43 | INFO: Extracting primitive: V04_WIPES_LIGHT_00_GLOW_MESH.001
01:30:43 | INFO: Primitives created: 1
01:30:43 | INFO: Extracting primitive: V04_WIPES_LIGHT_01_BODY_MESH.001
01:30:43 | INFO: Primitives created: 1
01:30:43 | INFO: Extracting primitive: V04_WIPES_LIGHT_01_GLOW_MESH.001
01:30:43 | INFO: Primitives created: 1
01:30:43 | INFO: Extracting primitive: V04_WIPES_LIGHT_02_BODY_MESH.001
01:30:43 | INFO: Primitives created: 1
01:30:43 | INFO: Extracting primitive: V04_WIPES_LIGHT_02_GLOW_MESH.001
01:30:43 | INFO: Primitives created: 1
01:30:43 | INFO: Extracting primitive: V04_WIPES_LIGHT_03_BODY_MESH.001
01:30:43 | INFO: Primitives created: 1
01:30:43 | INFO: Extracting primitive: V04_WIPES_LIGHT_03_GLOW_MESH.001
01:30:43 | INFO: Primitives created: 1
01:30:43 | INFO: Extracting primitive: V04_WIPES_LIGHT_04_BODY_MESH.001
01:30:43 | INFO: Primitives created: 1
01:30:43 | INFO: Extracting primitive: V04_WIPES_LIGHT_04_GLOW_MESH.001
01:30:43 | INFO: Primitives created: 1
01:30:43 | INFO: Extracting primitive: V04_WIPES_LIGHT_05_BODY_MESH.001
01:30:43 | INFO: Primitives created: 1
01:30:43 | INFO: Extracting primitive: V04_WIPES_LIGHT_05_GLOW_MESH.001
01:30:43 | INFO: Primitives created: 1
01:30:43 | INFO: Extracting primitive: V04_WIPES_POUCH_FILM_PATH_MESH.001
01:30:43 | INFO: Primitives created: 1
01:30:43 | INFO: Extracting primitive: V04_WIPES_RIGHT_MESH.001
01:30:43 | INFO: Primitives created: 1
01:30:43 | INFO: Extracting primitive: V04_WIPES_SEALING_JAWS_MESH.001
01:30:43 | INFO: Primitives created: 1
01:30:43 | INFO: Extracting primitive: V04_WIPES_WEB_GUIDE_00_MESH.001
01:30:43 | INFO: Primitives created: 1
01:30:43 | INFO: Extracting primitive: V04_WIPES_WEB_GUIDE_01_MESH.001
01:30:43 | INFO: Primitives created: 1
01:30:43 | INFO: Extracting primitive: V04_WIPES_WEB_GUIDE_02_MESH.001
01:30:43 | INFO: Primitives created: 1
01:30:43 | INFO: Extracting primitive: V04_WIPES_WEB_GUIDE_03_MESH.001
01:30:43 | INFO: Primitives created: 1
01:30:43 | INFO: Extracting primitive: V04_WIPES_WEB_GUIDE_04_MESH.001
01:30:43 | INFO: Primitives created: 1
01:30:43 | INFO: Extracting primitive: V04_WIPES_WEB_GUIDE_05_MESH.001
01:30:43 | INFO: Primitives created: 1
01:30:43 | INFO: Extracting primitive: V04_WIPES_WEB_TABLE_MESH.001
01:30:43 | INFO: Primitives created: 1
01:30:43 | INFO: Extracting primitive: V05_ADMIN_BACK_MESH
01:30:43 | INFO: Primitives created: 1
01:30:43 | INFO: Extracting primitive: V05_ADMIN_DOOR_HEADER_MESH
01:30:43 | INFO: Primitives created: 1
01:30:43 | INFO: Extracting primitive: V05_ADMIN_DOOR_L_MESH
01:30:43 | INFO: Primitives created: 1
01:30:43 | INFO: Extracting primitive: V05_ADMIN_DOOR_R_MESH
01:30:43 | INFO: Primitives created: 1
01:30:43 | INFO: Extracting primitive: V05_ADMIN_FLOOR_MESH
01:30:43 | INFO: Primitives created: 1
01:30:43 | INFO: Extracting primitive: V05_ADMIN_LAB_PARTITION_PANEL_MESH
01:30:43 | INFO: Primitives created: 1
01:30:43 | INFO: Extracting primitive: V05_ADMIN_LAB_PARTITION_POST_MESH
01:30:43 | INFO: Primitives created: 1
01:30:43 | INFO: Extracting primitive: V05_ADMIN_LAB_STORAGE_BEAM_0_MESH
01:30:43 | INFO: Primitives created: 1
01:30:43 | INFO: Extracting primitive: V05_ADMIN_LAB_STORAGE_BEAM_1_MESH
01:30:43 | INFO: Primitives created: 1
01:30:43 | INFO: Extracting primitive: V05_ADMIN_LAB_STORAGE_LOAD_0_0_MESH
01:30:43 | INFO: Primitives created: 1
01:30:43 | INFO: Extracting primitive: V05_ADMIN_LAB_STORAGE_LOAD_0_1_MESH
01:30:43 | INFO: Primitives created: 1
01:30:43 | INFO: Extracting primitive: V05_ADMIN_LAB_STORAGE_LOAD_1_0_MESH
01:30:43 | INFO: Primitives created: 1
01:30:43 | INFO: Extracting primitive: V05_ADMIN_LAB_STORAGE_LOAD_1_1_MESH
01:30:43 | INFO: Primitives created: 1
01:30:43 | INFO: Extracting primitive: V05_ADMIN_LAB_STORAGE_LOAD_2_0_MESH
01:30:43 | INFO: Primitives created: 1
01:30:43 | INFO: Extracting primitive: V05_ADMIN_LAB_STORAGE_LOAD_2_1_MESH
01:30:43 | INFO: Primitives created: 1
01:30:43 | INFO: Extracting primitive: V05_ADMIN_LAB_STORAGE_LOAD_3_0_MESH
01:30:43 | INFO: Primitives created: 1
01:30:43 | INFO: Extracting primitive: V05_ADMIN_LAB_STORAGE_LOAD_3_1_MESH
01:30:43 | INFO: Primitives created: 1
01:30:43 | INFO: Extracting primitive: V05_ADMIN_LAB_STORAGE_PALLET_0_0_MESH
01:30:43 | INFO: Primitives created: 1
01:30:43 | INFO: Extracting primitive: V05_ADMIN_LAB_STORAGE_PALLET_0_1_MESH
01:30:43 | INFO: Primitives created: 1
01:30:43 | INFO: Extracting primitive: V05_ADMIN_LAB_STORAGE_PALLET_1_0_MESH
01:30:43 | INFO: Primitives created: 1
01:30:43 | INFO: Extracting primitive: V05_ADMIN_LAB_STORAGE_PALLET_1_1_MESH
01:30:43 | INFO: Primitives created: 1
01:30:43 | INFO: Extracting primitive: V05_ADMIN_LAB_STORAGE_PALLET_2_0_MESH
01:30:43 | INFO: Primitives created: 1
01:30:43 | INFO: Extracting primitive: V05_ADMIN_LAB_STORAGE_PALLET_2_1_MESH
01:30:43 | INFO: Primitives created: 1
01:30:43 | INFO: Extracting primitive: V05_ADMIN_LAB_STORAGE_PALLET_3_0_MESH
01:30:43 | INFO: Primitives created: 1
01:30:43 | INFO: Extracting primitive: V05_ADMIN_LAB_STORAGE_PALLET_3_1_MESH
01:30:43 | INFO: Primitives created: 1
01:30:43 | INFO: Extracting primitive: V05_ADMIN_LAB_STORAGE_UPRIGHT_0_0_MESH
01:30:43 | INFO: Primitives created: 1
01:30:43 | INFO: Extracting primitive: V05_ADMIN_LAB_STORAGE_UPRIGHT_0_1_MESH
01:30:43 | INFO: Primitives created: 1
01:30:43 | INFO: Extracting primitive: V05_ADMIN_LAB_STORAGE_UPRIGHT_1_0_MESH
01:30:43 | INFO: Primitives created: 1
01:30:43 | INFO: Extracting primitive: V05_ADMIN_LAB_STORAGE_UPRIGHT_1_1_MESH
01:30:43 | INFO: Primitives created: 1
01:30:43 | INFO: Extracting primitive: V05_ADMIN_LAB_STORAGE_UPRIGHT_2_0_MESH
01:30:43 | INFO: Primitives created: 1
01:30:43 | INFO: Extracting primitive: V05_ADMIN_LAB_STORAGE_UPRIGHT_2_1_MESH
01:30:43 | INFO: Primitives created: 1
01:30:43 | INFO: Extracting primitive: V05_ADMIN_LAB_STORAGE_UPRIGHT_3_0_MESH
01:30:43 | INFO: Primitives created: 1
01:30:43 | INFO: Extracting primitive: V05_ADMIN_LAB_STORAGE_UPRIGHT_3_1_MESH
01:30:43 | INFO: Primitives created: 1
01:30:43 | INFO: Extracting primitive: V05_ADMIN_LEFT_MESH
01:30:43 | INFO: Primitives created: 1
01:30:43 | INFO: Extracting primitive: V05_ADMIN_LIGHT_0_FIXTURE_MESH
01:30:43 | INFO: Primitives created: 1
01:30:43 | INFO: Extracting primitive: V05_ADMIN_LIGHT_0_GLOW_MESH
01:30:43 | INFO: Primitives created: 1
01:30:43 | INFO: Extracting primitive: V05_ADMIN_LIGHT_1_FIXTURE_MESH
01:30:43 | INFO: Primitives created: 1
01:30:43 | INFO: Extracting primitive: V05_ADMIN_LIGHT_1_GLOW_MESH
01:30:43 | INFO: Primitives created: 1
01:30:43 | INFO: Extracting primitive: V05_ADMIN_LIGHT_2_FIXTURE_MESH
01:30:43 | INFO: Primitives created: 1
01:30:43 | INFO: Extracting primitive: V05_ADMIN_LIGHT_2_GLOW_MESH
01:30:43 | INFO: Primitives created: 1
01:30:43 | INFO: Extracting primitive: V05_ADMIN_LIGHT_3_FIXTURE_MESH
01:30:43 | INFO: Primitives created: 1
01:30:43 | INFO: Extracting primitive: V05_ADMIN_LIGHT_3_GLOW_MESH
01:30:43 | INFO: Primitives created: 1
01:30:43 | INFO: Extracting primitive: V05_ADMIN_LIGHT_4_FIXTURE_MESH
01:30:43 | INFO: Primitives created: 1
01:30:43 | INFO: Extracting primitive: V05_ADMIN_LIGHT_4_GLOW_MESH
01:30:43 | INFO: Primitives created: 1
01:30:43 | INFO: Extracting primitive: V05_ADMIN_MEETING_CHAIR_0_MESH
01:30:43 | INFO: Primitives created: 1
01:30:43 | INFO: Extracting primitive: V05_ADMIN_MEETING_CHAIR_1_MESH
01:30:43 | INFO: Primitives created: 1
01:30:43 | INFO: Extracting primitive: V05_ADMIN_MEETING_CHAIR_2_MESH
01:30:43 | INFO: Primitives created: 1
01:30:43 | INFO: Extracting primitive: V05_ADMIN_MEETING_CHAIR_3_MESH
01:30:43 | INFO: Primitives created: 1
01:30:43 | INFO: Extracting primitive: V05_ADMIN_MEETING_CHAIR_4_MESH
01:30:43 | INFO: Primitives created: 1
01:30:43 | INFO: Extracting primitive: V05_ADMIN_MEETING_CHAIR_5_MESH
01:30:43 | INFO: Primitives created: 1
01:30:43 | INFO: Extracting primitive: V05_ADMIN_MEETING_CHAIR_6_MESH
01:30:43 | INFO: Primitives created: 1
01:30:43 | INFO: Extracting primitive: V05_ADMIN_MEETING_CHAIR_7_MESH
01:30:43 | INFO: Primitives created: 1
01:30:43 | INFO: Extracting primitive: V05_ADMIN_MEETING_TABLE_MESH
01:30:43 | INFO: Primitives created: 1
01:30:43 | INFO: Extracting primitive: V05_ADMIN_QC_BENCH_MESH
01:30:43 | INFO: Primitives created: 1
01:30:43 | INFO: Extracting primitive: V05_ADMIN_QC_INSTR0_MESH
01:30:43 | INFO: Primitives created: 1
01:30:43 | INFO: Extracting primitive: V05_ADMIN_QC_INSTR1_MESH
01:30:43 | INFO: Primitives created: 1
01:30:43 | INFO: Extracting primitive: V05_ADMIN_QC_INSTR2_MESH
01:30:43 | INFO: Primitives created: 1
01:30:43 | INFO: Extracting primitive: V05_ADMIN_QC_INSTR3_MESH
01:30:43 | INFO: Primitives created: 1
01:30:43 | INFO: Extracting primitive: V05_ADMIN_QC_INSTR4_MESH
01:30:43 | INFO: Primitives created: 1
01:30:43 | INFO: Extracting primitive: V05_ADMIN_QC_INSTR5_MESH
01:30:43 | INFO: Primitives created: 1
01:30:43 | INFO: Extracting primitive: V05_ADMIN_RECEPTION_MESH
01:30:43 | INFO: Primitives created: 1
01:30:43 | INFO: Extracting primitive: V05_ADMIN_RECEPTION_GLASS_PANEL_MESH
01:30:43 | INFO: Primitives created: 1
01:30:43 | INFO: Extracting primitive: V05_ADMIN_RECEPTION_GLASS_POST_MESH
01:30:43 | INFO: Primitives created: 1
01:30:43 | INFO: Extracting primitive: V05_ADMIN_RIGHT_MESH
01:30:43 | INFO: Primitives created: 1
01:30:43 | INFO: Extracting primitive: V05_ADMIN_SOFFIT_-43.44_MESH
01:30:43 | INFO: Primitives created: 1
01:30:43 | INFO: Extracting primitive: V05_ADMIN_SOFFIT_-58_MESH
01:30:43 | INFO: Primitives created: 1
01:30:43 | INFO: Extracting primitive: V05_ADMIN_SOFFIT_-72.56_MESH
01:30:43 | INFO: Primitives created: 1
01:30:43 | INFO: Extracting primitive: V05_ADMIN_WORKPOD0_MESH
01:30:43 | INFO: Primitives created: 1
01:30:43 | INFO: Extracting primitive: V05_ADMIN_WORKPOD1_MESH
01:30:43 | INFO: Primitives created: 1
01:30:43 | INFO: Extracting primitive: V05_ADMIN_WORKPOD2_MESH
01:30:43 | INFO: Primitives created: 1
01:30:43 | INFO: Extracting primitive: V05_ADMIN_WORKPOD3_MESH
01:30:43 | INFO: Primitives created: 1
01:30:43 | INFO: Extracting primitive: V05_ADMIN_WORKPOD4_MESH
01:30:43 | INFO: Primitives created: 1
01:30:43 | INFO: Extracting primitive: V05_ADMIN_WORKPOD5_MESH
01:30:43 | INFO: Primitives created: 1
01:30:43 | INFO: Extracting primitive: V05_BLOW_GUARD_A_MESH
01:30:43 | INFO: Primitives created: 1
01:30:43 | INFO: Extracting primitive: V05_BLOW_GUARD_B_MESH
01:30:43 | INFO: Primitives created: 1
01:30:43 | INFO: Extracting primitive: V05_BLOW_HEAT_DUCT0_MESH
01:30:43 | INFO: Primitives created: 1
01:30:43 | INFO: Extracting primitive: V05_BLOW_HEAT_DUCT1_MESH
01:30:43 | INFO: Primitives created: 1
01:30:43 | INFO: Extracting primitive: V05_BLOW_HEAT_DUCT2_MESH
01:30:43 | INFO: Primitives created: 1
01:30:43 | INFO: Extracting primitive: V05_BLOW_INSPECTION_BASE_MESH
01:30:43 | INFO: Primitives created: 1
01:30:43 | INFO: Extracting primitive: V05_BLOW_INSPECTION_HOUSING_MESH
01:30:43 | INFO: Primitives created: 1
01:30:43 | INFO: Extracting primitive: V05_BLOW_INSPECTION_PANEL_MESH
01:30:43 | INFO: Primitives created: 1
01:30:43 | INFO: Extracting primitive: V05_BLOW_MOULD_CLAMP_BASE_MESH
01:30:43 | INFO: Primitives created: 1
01:30:43 | INFO: Extracting primitive: V05_BLOW_MOULD_CLAMP_HOUSING_MESH
01:30:43 | INFO: Primitives created: 1
01:30:43 | INFO: Extracting primitive: V05_BLOW_MOULD_CLAMP_PANEL_MESH
01:30:43 | INFO: Primitives created: 1
01:30:43 | INFO: Extracting primitive: V05_BLOW_OUTFEED_A_MESH
01:30:43 | INFO: Primitives created: 1
01:30:43 | INFO: Extracting primitive: V05_BLOW_OUTFEED_B_MESH
01:30:43 | INFO: Primitives created: 1
01:30:43 | INFO: Extracting primitive: V05_BLOW_OUTFEED_BED_MESH
01:30:43 | INFO: Primitives created: 1
01:30:43 | INFO: Extracting primitive: V05_BLOW_OUTFEED_ROLLER0_MESH
01:30:43 | INFO: Primitives created: 1
01:30:43 | INFO: Extracting primitive: V05_BLOW_OUTFEED_ROLLER1_MESH
01:30:43 | INFO: Primitives created: 1
01:30:43 | INFO: Extracting primitive: V05_BLOW_OUTFEED_ROLLER2_MESH
01:30:43 | INFO: Primitives created: 1
01:30:43 | INFO: Extracting primitive: V05_BLOW_OUTFEED_ROLLER3_MESH
01:30:43 | INFO: Primitives created: 1
01:30:43 | INFO: Extracting primitive: V05_BLOW_OUTFEED_ROLLER4_MESH
01:30:43 | INFO: Primitives created: 1
01:30:43 | INFO: Extracting primitive: V05_BLOW_OUTFEED_ROLLER5_MESH
01:30:43 | INFO: Primitives created: 1
01:30:43 | INFO: Extracting primitive: V05_BLOW_OUTFEED_ROLLER6_MESH
01:30:43 | INFO: Primitives created: 1
01:30:43 | INFO: Extracting primitive: V05_BLOW_OVEN_BASE_MESH
01:30:43 | INFO: Primitives created: 1
01:30:43 | INFO: Extracting primitive: V05_BLOW_OVEN_HOUSING_MESH
01:30:43 | INFO: Primitives created: 1
01:30:43 | INFO: Extracting primitive: V05_BLOW_OVEN_PANEL_MESH
01:30:43 | INFO: Primitives created: 1
01:30:43 | INFO: Extracting primitive: V05_BLOW_PREFORM_FEED_A_MESH
01:30:43 | INFO: Primitives created: 1
01:30:43 | INFO: Extracting primitive: V05_BLOW_PREFORM_FEED_B_MESH
01:30:43 | INFO: Primitives created: 1
01:30:43 | INFO: Extracting primitive: V05_BLOW_PREFORM_FEED_BED_MESH
01:30:43 | INFO: Primitives created: 1
01:30:43 | INFO: Extracting primitive: V05_BLOW_PREFORM_FEED_ROLLER0_MESH
01:30:43 | INFO: Primitives created: 1
01:30:43 | INFO: Extracting primitive: V05_BLOW_PREFORM_FEED_ROLLER1_MESH
01:30:43 | INFO: Primitives created: 1
01:30:43 | INFO: Extracting primitive: V05_BLOW_PREFORM_FEED_ROLLER2_MESH
01:30:43 | INFO: Primitives created: 1
01:30:43 | INFO: Extracting primitive: V05_BLOW_PREFORM_FEED_ROLLER3_MESH
01:30:43 | INFO: Primitives created: 1
01:30:43 | INFO: Extracting primitive: V05_BLOW_PREFORM_FEED_ROLLER4_MESH
01:30:43 | INFO: Primitives created: 1
01:30:43 | INFO: Extracting primitive: V05_BLOW_PREFORM_FEED_ROLLER5_MESH
01:30:43 | INFO: Primitives created: 1
01:30:43 | INFO: Extracting primitive: V05_BLOW_PREFORM_FEED_ROLLER6_MESH
01:30:43 | INFO: Primitives created: 1
01:30:43 | INFO: Extracting primitive: V05_BLOW_PREFORM_HOPPER_BASE_MESH
01:30:43 | INFO: Primitives created: 1
01:30:43 | INFO: Extracting primitive: V05_BLOW_PREFORM_HOPPER_HOUSING_MESH
01:30:43 | INFO: Primitives created: 1
01:30:43 | INFO: Extracting primitive: V05_BLOW_PREFORM_HOPPER_PANEL_MESH
01:30:43 | INFO: Primitives created: 1
01:30:43 | INFO: Extracting primitive: V05_BOTTLE_BACK_MESH
01:30:43 | INFO: Primitives created: 1
01:30:43 | INFO: Extracting primitive: V05_BOTTLE_DOOR_HEADER_MESH
01:30:43 | INFO: Primitives created: 1
01:30:43 | INFO: Extracting primitive: V05_BOTTLE_DOOR_L_MESH
01:30:43 | INFO: Primitives created: 1
01:30:43 | INFO: Extracting primitive: V05_BOTTLE_DOOR_R_MESH
01:30:43 | INFO: Primitives created: 1
01:30:43 | INFO: Extracting primitive: V05_BOTTLE_FLOOR_MESH
01:30:43 | INFO: Primitives created: 1
01:30:43 | INFO: Extracting primitive: V05_BOTTLE_LEFT_MESH
01:30:43 | INFO: Primitives created: 1
01:30:43 | INFO: Extracting primitive: V05_BOTTLE_LIGHT_0_FIXTURE_MESH
01:30:43 | INFO: Primitives created: 1
01:30:43 | INFO: Extracting primitive: V05_BOTTLE_LIGHT_0_GLOW_MESH
01:30:43 | INFO: Primitives created: 1
01:30:43 | INFO: Extracting primitive: V05_BOTTLE_LIGHT_1_FIXTURE_MESH
01:30:43 | INFO: Primitives created: 1
01:30:43 | INFO: Extracting primitive: V05_BOTTLE_LIGHT_1_GLOW_MESH
01:30:43 | INFO: Primitives created: 1
01:30:43 | INFO: Extracting primitive: V05_BOTTLE_LIGHT_2_FIXTURE_MESH
01:30:43 | INFO: Primitives created: 1
01:30:43 | INFO: Extracting primitive: V05_BOTTLE_LIGHT_2_GLOW_MESH
01:30:43 | INFO: Primitives created: 1
01:30:43 | INFO: Extracting primitive: V05_BOTTLE_RIGHT_MESH
01:30:43 | INFO: Primitives created: 1
01:30:43 | INFO: Extracting primitive: V05_BOTTLE_SOFFIT_41.36_MESH
01:30:43 | INFO: Primitives created: 1
01:30:43 | INFO: Extracting primitive: V05_BOTTLE_SOFFIT_52_MESH
01:30:43 | INFO: Primitives created: 1
01:30:43 | INFO: Extracting primitive: V05_BOTTLE_SOFFIT_62.64_MESH
01:30:43 | INFO: Primitives created: 1
01:30:43 | INFO: Extracting primitive: V05_CAFE_BACKBAR_MESH
01:30:43 | INFO: Primitives created: 1
01:30:43 | INFO: Extracting primitive: V05_CAFE_POS_MESH
01:30:43 | INFO: Primitives created: 1
01:30:43 | INFO: Extracting primitive: V05_CAFE_SERVICE_COUNTER_MESH
01:30:43 | INFO: Primitives created: 1
01:30:43 | INFO: Extracting primitive: V05_CHEM_BACK_MESH
01:30:43 | INFO: Primitives created: 1
01:30:43 | INFO: Extracting primitive: V05_CHEM_BUND0_MESH
01:30:43 | INFO: Primitives created: 1
01:30:43 | INFO: Extracting primitive: V05_CHEM_BUND1_MESH
01:30:43 | INFO: Primitives created: 1
01:30:43 | INFO: Extracting primitive: V05_CHEM_BUND2_MESH
01:30:43 | INFO: Primitives created: 1
01:30:43 | INFO: Extracting primitive: V05_CHEM_CONTROL_PANEL_MESH
01:30:43 | INFO: Primitives created: 1
01:30:43 | INFO: Extracting primitive: V05_CHEM_CONTROL_POST_MESH
01:30:43 | INFO: Primitives created: 1
01:30:43 | INFO: Extracting primitive: V05_CHEM_DOCK_MESH
01:30:43 | INFO: Primitives created: 1
01:30:43 | INFO: Extracting primitive: V05_CHEM_DOOR_HEADER_MESH
01:30:43 | INFO: Primitives created: 1
01:30:43 | INFO: Extracting primitive: V05_CHEM_DOOR_L_MESH
01:30:43 | INFO: Primitives created: 1
01:30:43 | INFO: Extracting primitive: V05_CHEM_DOOR_R_MESH
01:30:43 | INFO: Primitives created: 1
01:30:43 | INFO: Extracting primitive: V05_CHEM_FLOOR_MESH
01:30:43 | INFO: Primitives created: 1
01:30:43 | INFO: Extracting primitive: V05_CHEM_LEFT_MESH
01:30:43 | INFO: Primitives created: 1
01:30:43 | INFO: Extracting primitive: V05_CHEM_LIGHT_0_FIXTURE_MESH
01:30:43 | INFO: Primitives created: 1
01:30:43 | INFO: Extracting primitive: V05_CHEM_LIGHT_0_GLOW_MESH
01:30:43 | INFO: Primitives created: 1
01:30:43 | INFO: Extracting primitive: V05_CHEM_LIGHT_1_FIXTURE_MESH
01:30:43 | INFO: Primitives created: 1
01:30:43 | INFO: Extracting primitive: V05_CHEM_LIGHT_1_GLOW_MESH
01:30:43 | INFO: Primitives created: 1
01:30:43 | INFO: Extracting primitive: V05_CHEM_LIGHT_2_FIXTURE_MESH
01:30:43 | INFO: Primitives created: 1
01:30:43 | INFO: Extracting primitive: V05_CHEM_LIGHT_2_GLOW_MESH
01:30:43 | INFO: Primitives created: 1
01:30:43 | INFO: Extracting primitive: V05_CHEM_RECEIVE0_BASE_MESH
01:30:43 | INFO: Primitives created: 1
01:30:43 | INFO: Extracting primitive: V05_CHEM_RECEIVE0_LOAD_MESH
01:30:43 | INFO: Primitives created: 1
01:30:43 | INFO: Extracting primitive: V05_CHEM_RECEIVE1_BASE_MESH
01:30:43 | INFO: Primitives created: 1
01:30:43 | INFO: Extracting primitive: V05_CHEM_RECEIVE1_LOAD_MESH
01:30:43 | INFO: Primitives created: 1
01:30:43 | INFO: Extracting primitive: V05_CHEM_RECEIVE2_BASE_MESH
01:30:43 | INFO: Primitives created: 1
01:30:43 | INFO: Extracting primitive: V05_CHEM_RECEIVE2_LOAD_MESH
01:30:43 | INFO: Primitives created: 1
01:30:43 | INFO: Extracting primitive: V05_CHEM_RECEIVE3_BASE_MESH
01:30:43 | INFO: Primitives created: 1
01:30:43 | INFO: Extracting primitive: V05_CHEM_RECEIVE3_LOAD_MESH
01:30:43 | INFO: Primitives created: 1
01:30:43 | INFO: Extracting primitive: V05_CHEM_RECEIVE4_BASE_MESH
01:30:43 | INFO: Primitives created: 1
01:30:43 | INFO: Extracting primitive: V05_CHEM_RECEIVE4_LOAD_MESH
01:30:43 | INFO: Primitives created: 1
01:30:43 | INFO: Extracting primitive: V05_CHEM_RIGHT_MESH
01:30:43 | INFO: Primitives created: 1
01:30:43 | INFO: Extracting primitive: V05_CHEM_SOFFIT_45.92_MESH
01:30:43 | INFO: Primitives created: 1
01:30:43 | INFO: Extracting primitive: V05_CHEM_SOFFIT_56_MESH
01:30:43 | INFO: Primitives created: 1
01:30:43 | INFO: Extracting primitive: V05_CHEM_SOFFIT_66.08_MESH
01:30:43 | INFO: Primitives created: 1
01:30:43 | INFO: Extracting primitive: V05_CHEM_TANK0_LID_MESH
01:30:43 | INFO: Primitives created: 1
01:30:43 | INFO: Extracting primitive: V05_CHEM_TANK0_OUT_MESH
01:30:43 | INFO: Primitives created: 1
01:30:43 | INFO: Extracting primitive: V05_CHEM_TANK0_VESSEL_MESH
01:30:43 | INFO: Primitives created: 1
01:30:43 | INFO: Extracting primitive: V05_CHEM_TANK1_LID_MESH
01:30:43 | INFO: Primitives created: 1
01:30:43 | INFO: Extracting primitive: V05_CHEM_TANK1_OUT_MESH
01:30:43 | INFO: Primitives created: 1
01:30:43 | INFO: Extracting primitive: V05_CHEM_TANK1_VESSEL_MESH
01:30:43 | INFO: Primitives created: 1
01:30:43 | INFO: Extracting primitive: V05_CHEM_TANK2_LID_MESH
01:30:43 | INFO: Primitives created: 1
01:30:43 | INFO: Extracting primitive: V05_CHEM_TANK2_OUT_MESH
01:30:43 | INFO: Primitives created: 1
01:30:43 | INFO: Extracting primitive: V05_CHEM_TANK2_VESSEL_MESH
01:30:43 | INFO: Primitives created: 1
01:30:43 | INFO: Extracting primitive: V05_CHEM_TRANSFER_MESH
01:30:43 | INFO: Primitives created: 1
01:30:43 | INFO: Extracting primitive: V05_CHEM_TRANSFER_PIPE_MESH
01:30:43 | INFO: Primitives created: 1
01:30:43 | INFO: Extracting primitive: V05_CLASS0_CHAIR_0_MESH
01:30:43 | INFO: Primitives created: 1
01:30:43 | INFO: Extracting primitive: V05_CLASS0_CHAIR_1_MESH
01:30:43 | INFO: Primitives created: 1
01:30:43 | INFO: Extracting primitive: V05_CLASS0_CHAIR_2_MESH
01:30:43 | INFO: Primitives created: 1
01:30:43 | INFO: Extracting primitive: V05_CLASS0_CHAIR_3_MESH
01:30:43 | INFO: Primitives created: 1
01:30:43 | INFO: Extracting primitive: V05_CLASS0_TABLE_MESH
01:30:43 | INFO: Primitives created: 1
01:30:43 | INFO: Extracting primitive: V05_CLASS1_CHAIR_0_MESH
01:30:43 | INFO: Primitives created: 1
01:30:43 | INFO: Extracting primitive: V05_CLASS1_CHAIR_1_MESH
01:30:43 | INFO: Primitives created: 1
01:30:43 | INFO: Extracting primitive: V05_CLASS1_CHAIR_2_MESH
01:30:43 | INFO: Primitives created: 1
01:30:43 | INFO: Extracting primitive: V05_CLASS1_CHAIR_3_MESH
01:30:43 | INFO: Primitives created: 1
01:30:43 | INFO: Extracting primitive: V05_CLASS1_TABLE_MESH
01:30:43 | INFO: Primitives created: 1
01:30:43 | INFO: Extracting primitive: V05_CLASS2_CHAIR_0_MESH
01:30:43 | INFO: Primitives created: 1
01:30:43 | INFO: Extracting primitive: V05_CLASS2_CHAIR_1_MESH
01:30:43 | INFO: Primitives created: 1
01:30:43 | INFO: Extracting primitive: V05_CLASS2_CHAIR_2_MESH
01:30:43 | INFO: Primitives created: 1
01:30:43 | INFO: Extracting primitive: V05_CLASS2_CHAIR_3_MESH
01:30:43 | INFO: Primitives created: 1
01:30:43 | INFO: Extracting primitive: V05_CLASS2_TABLE_MESH
01:30:43 | INFO: Primitives created: 1
01:30:43 | INFO: Extracting primitive: V05_CLASS3_CHAIR_0_MESH
01:30:43 | INFO: Primitives created: 1
01:30:43 | INFO: Extracting primitive: V05_CLASS3_CHAIR_1_MESH
01:30:43 | INFO: Primitives created: 1
01:30:43 | INFO: Extracting primitive: V05_CLASS3_CHAIR_2_MESH
01:30:43 | INFO: Primitives created: 1
01:30:43 | INFO: Extracting primitive: V05_CLASS3_CHAIR_3_MESH
01:30:43 | INFO: Primitives created: 1
01:30:43 | INFO: Extracting primitive: V05_CLASS3_TABLE_MESH
01:30:43 | INFO: Primitives created: 1
01:30:43 | INFO: Extracting primitive: V05_CLINIC_BACK_MESH
01:30:43 | INFO: Primitives created: 1
01:30:43 | INFO: Extracting primitive: V05_CLINIC_BACK_MESH.001
01:30:43 | INFO: Primitives created: 1
01:30:43 | INFO: Extracting primitive: V05_CLINIC_BED_MESH
01:30:43 | INFO: Primitives created: 1
01:30:43 | INFO: Extracting primitive: V05_CLINIC_DOOR_HEADER_MESH
01:30:43 | INFO: Primitives created: 1
01:30:43 | INFO: Extracting primitive: V05_CLINIC_DOOR_L_MESH
01:30:43 | INFO: Primitives created: 1
01:30:43 | INFO: Extracting primitive: V05_CLINIC_DOOR_R_MESH
01:30:43 | INFO: Primitives created: 1
01:30:43 | INFO: Extracting primitive: V05_CLINIC_FLOOR_MESH
01:30:43 | INFO: Primitives created: 1
01:30:43 | INFO: Extracting primitive: V05_CLINIC_LEFT_MESH
01:30:43 | INFO: Primitives created: 1
01:30:43 | INFO: Extracting primitive: V05_CLINIC_LIGHT_0_FIXTURE_MESH
01:30:43 | INFO: Primitives created: 1
01:30:43 | INFO: Extracting primitive: V05_CLINIC_LIGHT_0_GLOW_MESH
01:30:43 | INFO: Primitives created: 1
01:30:43 | INFO: Extracting primitive: V05_CLINIC_LIGHT_1_FIXTURE_MESH
01:30:43 | INFO: Primitives created: 1
01:30:43 | INFO: Extracting primitive: V05_CLINIC_LIGHT_1_GLOW_MESH
01:30:43 | INFO: Primitives created: 1
01:30:43 | INFO: Extracting primitive: V05_CLINIC_MED_STORAGE_BEAM_0_MESH
01:30:43 | INFO: Primitives created: 1
01:30:43 | INFO: Extracting primitive: V05_CLINIC_MED_STORAGE_BEAM_1_MESH
01:30:43 | INFO: Primitives created: 1
01:30:43 | INFO: Extracting primitive: V05_CLINIC_MED_STORAGE_LOAD_0_0_MESH
01:30:43 | INFO: Primitives created: 1
01:30:43 | INFO: Extracting primitive: V05_CLINIC_MED_STORAGE_LOAD_0_1_MESH
01:30:43 | INFO: Primitives created: 1
01:30:43 | INFO: Extracting primitive: V05_CLINIC_MED_STORAGE_LOAD_1_0_MESH
01:30:43 | INFO: Primitives created: 1
01:30:43 | INFO: Extracting primitive: V05_CLINIC_MED_STORAGE_LOAD_1_1_MESH
01:30:43 | INFO: Primitives created: 1
01:30:43 | INFO: Extracting primitive: V05_CLINIC_MED_STORAGE_LOAD_2_0_MESH
01:30:43 | INFO: Primitives created: 1
01:30:43 | INFO: Extracting primitive: V05_CLINIC_MED_STORAGE_LOAD_2_1_MESH
01:30:43 | INFO: Primitives created: 1
01:30:43 | INFO: Extracting primitive: V05_CLINIC_MED_STORAGE_PALLET_0_0_MESH
01:30:43 | INFO: Primitives created: 1
01:30:43 | INFO: Extracting primitive: V05_CLINIC_MED_STORAGE_PALLET_0_1_MESH
01:30:43 | INFO: Primitives created: 1
01:30:43 | INFO: Extracting primitive: V05_CLINIC_MED_STORAGE_PALLET_1_0_MESH
01:30:43 | INFO: Primitives created: 1
01:30:43 | INFO: Extracting primitive: V05_CLINIC_MED_STORAGE_PALLET_1_1_MESH
01:30:43 | INFO: Primitives created: 1
01:30:43 | INFO: Extracting primitive: V05_CLINIC_MED_STORAGE_PALLET_2_0_MESH
01:30:43 | INFO: Primitives created: 1
01:30:43 | INFO: Extracting primitive: V05_CLINIC_MED_STORAGE_PALLET_2_1_MESH
01:30:43 | INFO: Primitives created: 1
01:30:43 | INFO: Extracting primitive: V05_CLINIC_MED_STORAGE_UPRIGHT_0_0_MESH
01:30:43 | INFO: Primitives created: 1
01:30:43 | INFO: Extracting primitive: V05_CLINIC_MED_STORAGE_UPRIGHT_0_1_MESH
01:30:43 | INFO: Primitives created: 1
01:30:43 | INFO: Extracting primitive: V05_CLINIC_MED_STORAGE_UPRIGHT_1_0_MESH
01:30:43 | INFO: Primitives created: 1
01:30:43 | INFO: Extracting primitive: V05_CLINIC_MED_STORAGE_UPRIGHT_1_1_MESH
01:30:43 | INFO: Primitives created: 1
01:30:43 | INFO: Extracting primitive: V05_CLINIC_MED_STORAGE_UPRIGHT_2_0_MESH
01:30:43 | INFO: Primitives created: 1
01:30:43 | INFO: Extracting primitive: V05_CLINIC_MED_STORAGE_UPRIGHT_2_1_MESH
01:30:43 | INFO: Primitives created: 1
01:30:43 | INFO: Extracting primitive: V05_CLINIC_PRIVACY_PANEL_MESH
01:30:43 | INFO: Primitives created: 1
01:30:43 | INFO: Extracting primitive: V05_CLINIC_PRIVACY_POST_MESH
01:30:43 | INFO: Primitives created: 1
01:30:43 | INFO: Extracting primitive: V05_CLINIC_RECEPTION_MESH
01:30:43 | INFO: Primitives created: 1
01:30:43 | INFO: Extracting primitive: V05_CLINIC_RIGHT_MESH
01:30:43 | INFO: Primitives created: 1
01:30:43 | INFO: Extracting primitive: V05_CLINIC_SOFFIT_-11.28_MESH
01:30:43 | INFO: Primitives created: 1
01:30:43 | INFO: Extracting primitive: V05_CLINIC_SOFFIT_-18_MESH
01:30:43 | INFO: Primitives created: 1
01:30:43 | INFO: Extracting primitive: V05_CLINIC_SOFFIT_-24.72_MESH
01:30:43 | INFO: Primitives created: 1
01:30:43 | INFO: Extracting primitive: V05_CLINIC_TREATMENT_CART_MESH
01:30:43 | INFO: Primitives created: 1
01:30:43 | INFO: Extracting primitive: V05_CLINIC_WAIT0_MESH
01:30:43 | INFO: Primitives created: 1
01:30:43 | INFO: Extracting primitive: V05_CLINIC_WAIT1_MESH
01:30:43 | INFO: Primitives created: 1
01:30:43 | INFO: Extracting primitive: V05_CLINIC_WAIT2_MESH
01:30:43 | INFO: Primitives created: 1
01:30:43 | INFO: Extracting primitive: V05_CLINIC_WAIT_TABLE_MESH
01:30:43 | INFO: Primitives created: 1
01:30:43 | INFO: Extracting primitive: V05_DINING0_CHAIR_0_MESH
01:30:43 | INFO: Primitives created: 1
01:30:43 | INFO: Extracting primitive: V05_DINING0_CHAIR_1_MESH
01:30:43 | INFO: Primitives created: 1
01:30:43 | INFO: Extracting primitive: V05_DINING0_CHAIR_2_MESH
01:30:43 | INFO: Primitives created: 1
01:30:43 | INFO: Extracting primitive: V05_DINING0_CHAIR_3_MESH
01:30:43 | INFO: Primitives created: 1
01:30:43 | INFO: Extracting primitive: V05_DINING0_TABLE_MESH
01:30:43 | INFO: Primitives created: 1
01:30:43 | INFO: Extracting primitive: V05_DINING1_CHAIR_0_MESH
01:30:43 | INFO: Primitives created: 1
01:30:43 | INFO: Extracting primitive: V05_DINING1_CHAIR_1_MESH
01:30:43 | INFO: Primitives created: 1
01:30:43 | INFO: Extracting primitive: V05_DINING1_CHAIR_2_MESH
01:30:43 | INFO: Primitives created: 1
01:30:43 | INFO: Extracting primitive: V05_DINING1_CHAIR_3_MESH
01:30:43 | INFO: Primitives created: 1
01:30:43 | INFO: Extracting primitive: V05_DINING1_TABLE_MESH
01:30:43 | INFO: Primitives created: 1
01:30:43 | INFO: Extracting primitive: V05_DINING2_CHAIR_0_MESH
01:30:43 | INFO: Primitives created: 1
01:30:43 | INFO: Extracting primitive: V05_DINING2_CHAIR_1_MESH
01:30:43 | INFO: Primitives created: 1
01:30:43 | INFO: Extracting primitive: V05_DINING2_CHAIR_2_MESH
01:30:43 | INFO: Primitives created: 1
01:30:43 | INFO: Extracting primitive: V05_DINING2_CHAIR_3_MESH
01:30:43 | INFO: Primitives created: 1
01:30:43 | INFO: Extracting primitive: V05_DINING2_TABLE_MESH
01:30:43 | INFO: Primitives created: 1
01:30:43 | INFO: Extracting primitive: V05_DINING3_CHAIR_0_MESH
01:30:43 | INFO: Primitives created: 1
01:30:43 | INFO: Extracting primitive: V05_DINING3_CHAIR_1_MESH
01:30:43 | INFO: Primitives created: 1
01:30:43 | INFO: Extracting primitive: V05_DINING3_CHAIR_2_MESH
01:30:43 | INFO: Primitives created: 1
01:30:43 | INFO: Extracting primitive: V05_DINING3_CHAIR_3_MESH
01:30:43 | INFO: Primitives created: 1
01:30:43 | INFO: Extracting primitive: V05_DINING3_TABLE_MESH
01:30:43 | INFO: Primitives created: 1
01:30:43 | INFO: Extracting primitive: V05_DINING4_CHAIR_0_MESH
01:30:43 | INFO: Primitives created: 1
01:30:43 | INFO: Extracting primitive: V05_DINING4_CHAIR_1_MESH
01:30:43 | INFO: Primitives created: 1
01:30:43 | INFO: Extracting primitive: V05_DINING4_CHAIR_2_MESH
01:30:43 | INFO: Primitives created: 1
01:30:43 | INFO: Extracting primitive: V05_DINING4_CHAIR_3_MESH
01:30:43 | INFO: Primitives created: 1
01:30:43 | INFO: Extracting primitive: V05_DINING4_TABLE_MESH
01:30:43 | INFO: Primitives created: 1
01:30:43 | INFO: Extracting primitive: V05_DINING5_CHAIR_0_MESH
01:30:43 | INFO: Primitives created: 1
01:30:43 | INFO: Extracting primitive: V05_DINING5_CHAIR_1_MESH
01:30:43 | INFO: Primitives created: 1
01:30:43 | INFO: Extracting primitive: V05_DINING5_CHAIR_2_MESH
01:30:43 | INFO: Primitives created: 1
01:30:43 | INFO: Extracting primitive: V05_DINING5_CHAIR_3_MESH
01:30:43 | INFO: Primitives created: 1
01:30:43 | INFO: Extracting primitive: V05_DINING5_TABLE_MESH
01:30:43 | INFO: Primitives created: 1
01:30:43 | INFO: Extracting primitive: V05_ETP_BACK_MESH
01:30:43 | INFO: Primitives created: 1
01:30:43 | INFO: Extracting primitive: V05_ETP_BUND0_MESH
01:30:43 | INFO: Primitives created: 1
01:30:43 | INFO: Extracting primitive: V05_ETP_BUND1_MESH
01:30:43 | INFO: Primitives created: 1
01:30:43 | INFO: Extracting primitive: V05_ETP_BUND2_MESH
01:30:43 | INFO: Primitives created: 1
01:30:43 | INFO: Extracting primitive: V05_ETP_DISCHARGE_MESH
01:30:43 | INFO: Primitives created: 1
01:30:43 | INFO: Extracting primitive: V05_ETP_DOOR_HEADER_MESH
01:30:43 | INFO: Primitives created: 1
01:30:43 | INFO: Extracting primitive: V05_ETP_DOOR_L_MESH
01:30:43 | INFO: Primitives created: 1
01:30:43 | INFO: Extracting primitive: V05_ETP_DOOR_R_MESH
01:30:43 | INFO: Primitives created: 1
01:30:43 | INFO: Extracting primitive: V05_ETP_FILTER0_LID_MESH
01:30:43 | INFO: Primitives created: 1
01:30:43 | INFO: Extracting primitive: V05_ETP_FILTER0_OUT_MESH
01:30:43 | INFO: Primitives created: 1
01:30:43 | INFO: Extracting primitive: V05_ETP_FILTER0_VESSEL_MESH
01:30:43 | INFO: Primitives created: 1
01:30:43 | INFO: Extracting primitive: V05_ETP_FILTER1_LID_MESH
01:30:43 | INFO: Primitives created: 1
01:30:43 | INFO: Extracting primitive: V05_ETP_FILTER1_OUT_MESH
01:30:43 | INFO: Primitives created: 1
01:30:43 | INFO: Extracting primitive: V05_ETP_FILTER1_VESSEL_MESH
01:30:43 | INFO: Primitives created: 1
01:30:43 | INFO: Extracting primitive: V05_ETP_FILTER2_LID_MESH
01:30:43 | INFO: Primitives created: 1
01:30:43 | INFO: Extracting primitive: V05_ETP_FILTER2_OUT_MESH
01:30:43 | INFO: Primitives created: 1
01:30:43 | INFO: Extracting primitive: V05_ETP_FILTER2_VESSEL_MESH
01:30:43 | INFO: Primitives created: 1
01:30:43 | INFO: Extracting primitive: V05_ETP_FLOOR_MESH
01:30:43 | INFO: Primitives created: 1
01:30:43 | INFO: Extracting primitive: V05_ETP_HEADER0_MESH
01:30:43 | INFO: Primitives created: 1
01:30:43 | INFO: Extracting primitive: V05_ETP_HEADER1_MESH
01:30:43 | INFO: Primitives created: 1
01:30:43 | INFO: Extracting primitive: V05_ETP_HEADER2_MESH
01:30:43 | INFO: Primitives created: 1
01:30:43 | INFO: Extracting primitive: V05_ETP_LEFT_MESH
01:30:43 | INFO: Primitives created: 1
01:30:43 | INFO: Extracting primitive: V05_ETP_LIGHT_0_FIXTURE_MESH
01:30:43 | INFO: Primitives created: 1
01:30:43 | INFO: Extracting primitive: V05_ETP_LIGHT_0_GLOW_MESH
01:30:43 | INFO: Primitives created: 1
01:30:43 | INFO: Extracting primitive: V05_ETP_LIGHT_1_FIXTURE_MESH
01:30:43 | INFO: Primitives created: 1
01:30:43 | INFO: Extracting primitive: V05_ETP_LIGHT_1_GLOW_MESH
01:30:43 | INFO: Primitives created: 1
01:30:43 | INFO: Extracting primitive: V05_ETP_LIGHT_2_FIXTURE_MESH
01:30:43 | INFO: Primitives created: 1
01:30:43 | INFO: Extracting primitive: V05_ETP_LIGHT_2_GLOW_MESH
01:30:43 | INFO: Primitives created: 1
01:30:43 | INFO: Extracting primitive: V05_ETP_RIGHT_MESH
01:30:43 | INFO: Primitives created: 1
01:30:43 | INFO: Extracting primitive: V05_ETP_SOFFIT_97.36_MESH
01:30:43 | INFO: Primitives created: 1
01:30:43 | INFO: Extracting primitive: V05_ETP_SOFFIT_108_MESH
01:30:43 | INFO: Primitives created: 1
01:30:43 | INFO: Extracting primitive: V05_ETP_SOFFIT_118.64_MESH
01:30:43 | INFO: Primitives created: 1
01:30:43 | INFO: Extracting primitive: V05_ETP_TANK0_LID_MESH
01:30:43 | INFO: Primitives created: 1
01:30:43 | INFO: Extracting primitive: V05_ETP_TANK0_OUT_MESH
01:30:43 | INFO: Primitives created: 1
01:30:43 | INFO: Extracting primitive: V05_ETP_TANK0_VESSEL_MESH
01:30:43 | INFO: Primitives created: 1
01:30:43 | INFO: Extracting primitive: V05_ETP_TANK1_LID_MESH
01:30:43 | INFO: Primitives created: 1
01:30:43 | INFO: Extracting primitive: V05_ETP_TANK1_OUT_MESH
01:30:43 | INFO: Primitives created: 1
01:30:43 | INFO: Extracting primitive: V05_ETP_TANK1_VESSEL_MESH
01:30:43 | INFO: Primitives created: 1
01:30:43 | INFO: Extracting primitive: V05_ETP_TANK2_LID_MESH
01:30:43 | INFO: Primitives created: 1
01:30:43 | INFO: Extracting primitive: V05_ETP_TANK2_OUT_MESH
01:30:43 | INFO: Primitives created: 1
01:30:43 | INFO: Extracting primitive: V05_ETP_TANK2_VESSEL_MESH
01:30:43 | INFO: Primitives created: 1
01:30:43 | INFO: Extracting primitive: V05_ETP_WALKWAY_MESH
01:30:43 | INFO: Primitives created: 1
01:30:43 | INFO: Extracting primitive: V05_EVIDENCE_ANCHOR_CAPS_MESH
01:30:43 | INFO: Primitives created: 1
01:30:43 | INFO: Extracting primitive: V05_EVIDENCE_ANCHOR_MICR_MESH
01:30:43 | INFO: Primitives created: 1
01:30:43 | INFO: Extracting primitive: V05_EVIDENCE_ANCHOR_PROD_MESH
01:30:43 | INFO: Primitives created: 1
01:30:43 | INFO: Extracting primitive: V05_FG_AMR0_MESH
01:30:43 | INFO: Primitives created: 1
01:30:43 | INFO: Extracting primitive: V05_FG_AMR1_MESH
01:30:43 | INFO: Primitives created: 1
01:30:43 | INFO: Extracting primitive: V05_FG_BACK_MESH
01:30:43 | INFO: Primitives created: 1
01:30:43 | INFO: Extracting primitive: V05_FG_DISPATCH_DESK_MESH
01:30:43 | INFO: Primitives created: 1
01:30:43 | INFO: Extracting primitive: V05_FG_DOOR_HEADER_MESH
01:30:43 | INFO: Primitives created: 1
01:30:43 | INFO: Extracting primitive: V05_FG_DOOR_L_MESH
01:30:43 | INFO: Primitives created: 1
01:30:43 | INFO: Extracting primitive: V05_FG_DOOR_R_MESH
01:30:43 | INFO: Primitives created: 1
01:30:43 | INFO: Extracting primitive: V05_FG_FLOOR_MESH
01:30:43 | INFO: Primitives created: 1
01:30:43 | INFO: Extracting primitive: V05_FG_LEFT_MESH
01:30:43 | INFO: Primitives created: 1
01:30:43 | INFO: Extracting primitive: V05_FG_LIGHT_0_FIXTURE_MESH
01:30:43 | INFO: Primitives created: 1
01:30:43 | INFO: Extracting primitive: V05_FG_LIGHT_0_GLOW_MESH
01:30:43 | INFO: Primitives created: 1
01:30:43 | INFO: Extracting primitive: V05_FG_LIGHT_1_FIXTURE_MESH
01:30:43 | INFO: Primitives created: 1
01:30:43 | INFO: Extracting primitive: V05_FG_LIGHT_1_GLOW_MESH
01:30:43 | INFO: Primitives created: 1
01:30:43 | INFO: Extracting primitive: V05_FG_LIGHT_2_FIXTURE_MESH
01:30:43 | INFO: Primitives created: 1
01:30:43 | INFO: Extracting primitive: V05_FG_LIGHT_2_GLOW_MESH
01:30:43 | INFO: Primitives created: 1
01:30:43 | INFO: Extracting primitive: V05_FG_LIGHT_3_FIXTURE_MESH
01:30:43 | INFO: Primitives created: 1
01:30:43 | INFO: Extracting primitive: V05_FG_LIGHT_3_GLOW_MESH
01:30:43 | INFO: Primitives created: 1
01:30:43 | INFO: Extracting primitive: V05_FG_LIGHT_4_FIXTURE_MESH
01:30:43 | INFO: Primitives created: 1
01:30:43 | INFO: Extracting primitive: V05_FG_LIGHT_4_GLOW_MESH
01:30:43 | INFO: Primitives created: 1
01:30:43 | INFO: Extracting primitive: V05_FG_LOADOUT_MESH
01:30:43 | INFO: Primitives created: 1
01:30:43 | INFO: Extracting primitive: V05_FG_RACK-44_BEAM_0_MESH
01:30:43 | INFO: Primitives created: 1
01:30:43 | INFO: Extracting primitive: V05_FG_RACK-44_BEAM_1_MESH
01:30:43 | INFO: Primitives created: 1
01:30:43 | INFO: Extracting primitive: V05_FG_RACK-44_BEAM_2_MESH
01:30:43 | INFO: Primitives created: 1
01:30:43 | INFO: Extracting primitive: V05_FG_RACK-44_BEAM_3_MESH
01:30:43 | INFO: Primitives created: 1
01:30:43 | INFO: Extracting primitive: V05_FG_RACK-44_LOAD_0_0_MESH
01:30:43 | INFO: Primitives created: 1
01:30:43 | INFO: Extracting primitive: V05_FG_RACK-44_LOAD_0_1_MESH
01:30:43 | INFO: Primitives created: 1
01:30:43 | INFO: Extracting primitive: V05_FG_RACK-44_LOAD_0_2_MESH
01:30:43 | INFO: Primitives created: 1
01:30:43 | INFO: Extracting primitive: V05_FG_RACK-44_LOAD_0_3_MESH
01:30:43 | INFO: Primitives created: 1
01:30:43 | INFO: Extracting primitive: V05_FG_RACK-44_LOAD_1_0_MESH
01:30:43 | INFO: Primitives created: 1
01:30:43 | INFO: Extracting primitive: V05_FG_RACK-44_LOAD_1_1_MESH
01:30:43 | INFO: Primitives created: 1
01:30:43 | INFO: Extracting primitive: V05_FG_RACK-44_LOAD_1_2_MESH
01:30:43 | INFO: Primitives created: 1
01:30:43 | INFO: Extracting primitive: V05_FG_RACK-44_LOAD_1_3_MESH
01:30:43 | INFO: Primitives created: 1
01:30:43 | INFO: Extracting primitive: V05_FG_RACK-44_LOAD_2_0_MESH
01:30:43 | INFO: Primitives created: 1
01:30:43 | INFO: Extracting primitive: V05_FG_RACK-44_LOAD_2_1_MESH
01:30:43 | INFO: Primitives created: 1
01:30:43 | INFO: Extracting primitive: V05_FG_RACK-44_LOAD_2_2_MESH
01:30:43 | INFO: Primitives created: 1
01:30:43 | INFO: Extracting primitive: V05_FG_RACK-44_LOAD_2_3_MESH
01:30:43 | INFO: Primitives created: 1
01:30:43 | INFO: Extracting primitive: V05_FG_RACK-44_LOAD_3_0_MESH
01:30:43 | INFO: Primitives created: 1
01:30:43 | INFO: Extracting primitive: V05_FG_RACK-44_LOAD_3_1_MESH
01:30:43 | INFO: Primitives created: 1
01:30:43 | INFO: Extracting primitive: V05_FG_RACK-44_LOAD_3_2_MESH
01:30:43 | INFO: Primitives created: 1
01:30:43 | INFO: Extracting primitive: V05_FG_RACK-44_LOAD_3_3_MESH
01:30:43 | INFO: Primitives created: 1
01:30:43 | INFO: Extracting primitive: V05_FG_RACK-44_LOAD_4_0_MESH
01:30:43 | INFO: Primitives created: 1
01:30:43 | INFO: Extracting primitive: V05_FG_RACK-44_LOAD_4_1_MESH
01:30:43 | INFO: Primitives created: 1
01:30:43 | INFO: Extracting primitive: V05_FG_RACK-44_LOAD_4_2_MESH
01:30:43 | INFO: Primitives created: 1
01:30:43 | INFO: Extracting primitive: V05_FG_RACK-44_LOAD_4_3_MESH
01:30:43 | INFO: Primitives created: 1
01:30:43 | INFO: Extracting primitive: V05_FG_RACK-44_LOAD_5_0_MESH
01:30:43 | INFO: Primitives created: 1
01:30:43 | INFO: Extracting primitive: V05_FG_RACK-44_LOAD_5_1_MESH
01:30:43 | INFO: Primitives created: 1
01:30:43 | INFO: Extracting primitive: V05_FG_RACK-44_LOAD_5_2_MESH
01:30:43 | INFO: Primitives created: 1
01:30:43 | INFO: Extracting primitive: V05_FG_RACK-44_LOAD_5_3_MESH
01:30:43 | INFO: Primitives created: 1
01:30:43 | INFO: Extracting primitive: V05_FG_RACK-44_LOAD_6_0_MESH
01:30:43 | INFO: Primitives created: 1
01:30:43 | INFO: Extracting primitive: V05_FG_RACK-44_LOAD_6_1_MESH
01:30:43 | INFO: Primitives created: 1
01:30:43 | INFO: Extracting primitive: V05_FG_RACK-44_LOAD_6_2_MESH
01:30:43 | INFO: Primitives created: 1
01:30:43 | INFO: Extracting primitive: V05_FG_RACK-44_LOAD_6_3_MESH
01:30:43 | INFO: Primitives created: 1
01:30:43 | INFO: Extracting primitive: V05_FG_RACK-44_LOAD_7_0_MESH
01:30:43 | INFO: Primitives created: 1
01:30:43 | INFO: Extracting primitive: V05_FG_RACK-44_LOAD_7_1_MESH
01:30:43 | INFO: Primitives created: 1
01:30:43 | INFO: Extracting primitive: V05_FG_RACK-44_LOAD_7_2_MESH
01:30:43 | INFO: Primitives created: 1
01:30:43 | INFO: Extracting primitive: V05_FG_RACK-44_LOAD_7_3_MESH
01:30:43 | INFO: Primitives created: 1
01:30:43 | INFO: Extracting primitive: V05_FG_RACK-44_LOAD_8_0_MESH
01:30:43 | INFO: Primitives created: 1
01:30:43 | INFO: Extracting primitive: V05_FG_RACK-44_LOAD_8_1_MESH
01:30:43 | INFO: Primitives created: 1
01:30:43 | INFO: Extracting primitive: V05_FG_RACK-44_LOAD_8_2_MESH
01:30:43 | INFO: Primitives created: 1
01:30:43 | INFO: Extracting primitive: V05_FG_RACK-44_LOAD_8_3_MESH
01:30:43 | INFO: Primitives created: 1
01:30:43 | INFO: Extracting primitive: V05_FG_RACK-44_PALLET_0_0_MESH
01:30:43 | INFO: Primitives created: 1
01:30:43 | INFO: Extracting primitive: V05_FG_RACK-44_PALLET_0_1_MESH
01:30:43 | INFO: Primitives created: 1
01:30:43 | INFO: Extracting primitive: V05_FG_RACK-44_PALLET_0_2_MESH
01:30:43 | INFO: Primitives created: 1
01:30:43 | INFO: Extracting primitive: V05_FG_RACK-44_PALLET_0_3_MESH
01:30:43 | INFO: Primitives created: 1
01:30:43 | INFO: Extracting primitive: V05_FG_RACK-44_PALLET_1_0_MESH
01:30:43 | INFO: Primitives created: 1
01:30:43 | INFO: Extracting primitive: V05_FG_RACK-44_PALLET_1_1_MESH
01:30:43 | INFO: Primitives created: 1
01:30:43 | INFO: Extracting primitive: V05_FG_RACK-44_PALLET_1_2_MESH
01:30:43 | INFO: Primitives created: 1
01:30:43 | INFO: Extracting primitive: V05_FG_RACK-44_PALLET_1_3_MESH
01:30:43 | INFO: Primitives created: 1
01:30:43 | INFO: Extracting primitive: V05_FG_RACK-44_PALLET_2_0_MESH
01:30:43 | INFO: Primitives created: 1
01:30:43 | INFO: Extracting primitive: V05_FG_RACK-44_PALLET_2_1_MESH
01:30:43 | INFO: Primitives created: 1
01:30:43 | INFO: Extracting primitive: V05_FG_RACK-44_PALLET_2_2_MESH
01:30:43 | INFO: Primitives created: 1
01:30:43 | INFO: Extracting primitive: V05_FG_RACK-44_PALLET_2_3_MESH
01:30:43 | INFO: Primitives created: 1
01:30:43 | INFO: Extracting primitive: V05_FG_RACK-44_PALLET_3_0_MESH
01:30:43 | INFO: Primitives created: 1
01:30:43 | INFO: Extracting primitive: V05_FG_RACK-44_PALLET_3_1_MESH
01:30:43 | INFO: Primitives created: 1
01:30:43 | INFO: Extracting primitive: V05_FG_RACK-44_PALLET_3_2_MESH
01:30:43 | INFO: Primitives created: 1
01:30:43 | INFO: Extracting primitive: V05_FG_RACK-44_PALLET_3_3_MESH
01:30:43 | INFO: Primitives created: 1
01:30:43 | INFO: Extracting primitive: V05_FG_RACK-44_PALLET_4_0_MESH
01:30:43 | INFO: Primitives created: 1
01:30:43 | INFO: Extracting primitive: V05_FG_RACK-44_PALLET_4_1_MESH
01:30:43 | INFO: Primitives created: 1
01:30:43 | INFO: Extracting primitive: V05_FG_RACK-44_PALLET_4_2_MESH
01:30:43 | INFO: Primitives created: 1
01:30:43 | INFO: Extracting primitive: V05_FG_RACK-44_PALLET_4_3_MESH
01:30:43 | INFO: Primitives created: 1
01:30:43 | INFO: Extracting primitive: V05_FG_RACK-44_PALLET_5_0_MESH
01:30:43 | INFO: Primitives created: 1
01:30:43 | INFO: Extracting primitive: V05_FG_RACK-44_PALLET_5_1_MESH
01:30:43 | INFO: Primitives created: 1
01:30:43 | INFO: Extracting primitive: V05_FG_RACK-44_PALLET_5_2_MESH
01:30:43 | INFO: Primitives created: 1
01:30:43 | INFO: Extracting primitive: V05_FG_RACK-44_PALLET_5_3_MESH
01:30:43 | INFO: Primitives created: 1
01:30:43 | INFO: Extracting primitive: V05_FG_RACK-44_PALLET_6_0_MESH
01:30:43 | INFO: Primitives created: 1
01:30:43 | INFO: Extracting primitive: V05_FG_RACK-44_PALLET_6_1_MESH
01:30:43 | INFO: Primitives created: 1
01:30:43 | INFO: Extracting primitive: V05_FG_RACK-44_PALLET_6_2_MESH
01:30:43 | INFO: Primitives created: 1
01:30:43 | INFO: Extracting primitive: V05_FG_RACK-44_PALLET_6_3_MESH
01:30:43 | INFO: Primitives created: 1
01:30:43 | INFO: Extracting primitive: V05_FG_RACK-44_PALLET_7_0_MESH
01:30:43 | INFO: Primitives created: 1
01:30:43 | INFO: Extracting primitive: V05_FG_RACK-44_PALLET_7_1_MESH
01:30:43 | INFO: Primitives created: 1
01:30:43 | INFO: Extracting primitive: V05_FG_RACK-44_PALLET_7_2_MESH
01:30:43 | INFO: Primitives created: 1
01:30:43 | INFO: Extracting primitive: V05_FG_RACK-44_PALLET_7_3_MESH
01:30:43 | INFO: Primitives created: 1
01:30:43 | INFO: Extracting primitive: V05_FG_RACK-44_PALLET_8_0_MESH
01:30:43 | INFO: Primitives created: 1
01:30:43 | INFO: Extracting primitive: V05_FG_RACK-44_PALLET_8_1_MESH
01:30:43 | INFO: Primitives created: 1
01:30:43 | INFO: Extracting primitive: V05_FG_RACK-44_PALLET_8_2_MESH
01:30:43 | INFO: Primitives created: 1
01:30:43 | INFO: Extracting primitive: V05_FG_RACK-44_PALLET_8_3_MESH
01:30:43 | INFO: Primitives created: 1
01:30:43 | INFO: Extracting primitive: V05_FG_RACK-44_UPRIGHT_0_0_MESH
01:30:43 | INFO: Primitives created: 1
01:30:43 | INFO: Extracting primitive: V05_FG_RACK-44_UPRIGHT_0_1_MESH
01:30:43 | INFO: Primitives created: 1
01:30:43 | INFO: Extracting primitive: V05_FG_RACK-44_UPRIGHT_0_2_MESH
01:30:43 | INFO: Primitives created: 1
01:30:43 | INFO: Extracting primitive: V05_FG_RACK-44_UPRIGHT_0_3_MESH
01:30:43 | INFO: Primitives created: 1
01:30:43 | INFO: Extracting primitive: V05_FG_RACK-44_UPRIGHT_1_0_MESH
01:30:43 | INFO: Primitives created: 1
01:30:43 | INFO: Extracting primitive: V05_FG_RACK-44_UPRIGHT_1_1_MESH
01:30:43 | INFO: Primitives created: 1
01:30:43 | INFO: Extracting primitive: V05_FG_RACK-44_UPRIGHT_1_2_MESH
01:30:43 | INFO: Primitives created: 1
01:30:43 | INFO: Extracting primitive: V05_FG_RACK-44_UPRIGHT_1_3_MESH
01:30:43 | INFO: Primitives created: 1
01:30:43 | INFO: Extracting primitive: V05_FG_RACK-44_UPRIGHT_2_0_MESH
01:30:43 | INFO: Primitives created: 1
01:30:43 | INFO: Extracting primitive: V05_FG_RACK-44_UPRIGHT_2_1_MESH
01:30:43 | INFO: Primitives created: 1
01:30:43 | INFO: Extracting primitive: V05_FG_RACK-44_UPRIGHT_2_2_MESH
01:30:43 | INFO: Primitives created: 1
01:30:43 | INFO: Extracting primitive: V05_FG_RACK-44_UPRIGHT_2_3_MESH
01:30:43 | INFO: Primitives created: 1
01:30:43 | INFO: Extracting primitive: V05_FG_RACK-44_UPRIGHT_3_0_MESH
01:30:43 | INFO: Primitives created: 1
01:30:43 | INFO: Extracting primitive: V05_FG_RACK-44_UPRIGHT_3_1_MESH
01:30:43 | INFO: Primitives created: 1
01:30:43 | INFO: Extracting primitive: V05_FG_RACK-44_UPRIGHT_3_2_MESH
01:30:43 | INFO: Primitives created: 1
01:30:43 | INFO: Extracting primitive: V05_FG_RACK-44_UPRIGHT_3_3_MESH
01:30:43 | INFO: Primitives created: 1
01:30:43 | INFO: Extracting primitive: V05_FG_RACK-44_UPRIGHT_4_0_MESH
01:30:43 | INFO: Primitives created: 1
01:30:43 | INFO: Extracting primitive: V05_FG_RACK-44_UPRIGHT_4_1_MESH
01:30:43 | INFO: Primitives created: 1
01:30:43 | INFO: Extracting primitive: V05_FG_RACK-44_UPRIGHT_4_2_MESH
01:30:43 | INFO: Primitives created: 1
01:30:43 | INFO: Extracting primitive: V05_FG_RACK-44_UPRIGHT_4_3_MESH
01:30:43 | INFO: Primitives created: 1
01:30:43 | INFO: Extracting primitive: V05_FG_RACK-44_UPRIGHT_5_0_MESH
01:30:43 | INFO: Primitives created: 1
01:30:43 | INFO: Extracting primitive: V05_FG_RACK-44_UPRIGHT_5_1_MESH
01:30:43 | INFO: Primitives created: 1
01:30:43 | INFO: Extracting primitive: V05_FG_RACK-44_UPRIGHT_5_2_MESH
01:30:43 | INFO: Primitives created: 1
01:30:43 | INFO: Extracting primitive: V05_FG_RACK-44_UPRIGHT_5_3_MESH
01:30:43 | INFO: Primitives created: 1
01:30:43 | INFO: Extracting primitive: V05_FG_RACK-44_UPRIGHT_6_0_MESH
01:30:43 | INFO: Primitives created: 1
01:30:43 | INFO: Extracting primitive: V05_FG_RACK-44_UPRIGHT_6_1_MESH
01:30:43 | INFO: Primitives created: 1
01:30:43 | INFO: Extracting primitive: V05_FG_RACK-44_UPRIGHT_6_2_MESH
01:30:43 | INFO: Primitives created: 1
01:30:43 | INFO: Extracting primitive: V05_FG_RACK-44_UPRIGHT_6_3_MESH
01:30:43 | INFO: Primitives created: 1
01:30:43 | INFO: Extracting primitive: V05_FG_RACK-44_UPRIGHT_7_0_MESH
01:30:43 | INFO: Primitives created: 1
01:30:43 | INFO: Extracting primitive: V05_FG_RACK-44_UPRIGHT_7_1_MESH
01:30:43 | INFO: Primitives created: 1
01:30:43 | INFO: Extracting primitive: V05_FG_RACK-44_UPRIGHT_7_2_MESH
01:30:43 | INFO: Primitives created: 1
01:30:43 | INFO: Extracting primitive: V05_FG_RACK-44_UPRIGHT_7_3_MESH
01:30:43 | INFO: Primitives created: 1
01:30:43 | INFO: Extracting primitive: V05_FG_RACK-44_UPRIGHT_8_0_MESH
01:30:43 | INFO: Primitives created: 1
01:30:43 | INFO: Extracting primitive: V05_FG_RACK-44_UPRIGHT_8_1_MESH
01:30:43 | INFO: Primitives created: 1
01:30:43 | INFO: Extracting primitive: V05_FG_RACK-44_UPRIGHT_8_2_MESH
01:30:43 | INFO: Primitives created: 1
01:30:43 | INFO: Extracting primitive: V05_FG_RACK-44_UPRIGHT_8_3_MESH
01:30:43 | INFO: Primitives created: 1
01:30:43 | INFO: Extracting primitive: V05_FG_RACK-51_BEAM_0_MESH
01:30:43 | INFO: Primitives created: 1
01:30:43 | INFO: Extracting primitive: V05_FG_RACK-51_BEAM_1_MESH
01:30:43 | INFO: Primitives created: 1
01:30:43 | INFO: Extracting primitive: V05_FG_RACK-51_BEAM_2_MESH
01:30:43 | INFO: Primitives created: 1
01:30:43 | INFO: Extracting primitive: V05_FG_RACK-51_BEAM_3_MESH
01:30:43 | INFO: Primitives created: 1
01:30:43 | INFO: Extracting primitive: V05_FG_RACK-51_LOAD_0_0_MESH
01:30:43 | INFO: Primitives created: 1
01:30:43 | INFO: Extracting primitive: V05_FG_RACK-51_LOAD_0_1_MESH
01:30:43 | INFO: Primitives created: 1
01:30:43 | INFO: Extracting primitive: V05_FG_RACK-51_LOAD_0_2_MESH
01:30:43 | INFO: Primitives created: 1
01:30:43 | INFO: Extracting primitive: V05_FG_RACK-51_LOAD_0_3_MESH
01:30:43 | INFO: Primitives created: 1
01:30:43 | INFO: Extracting primitive: V05_FG_RACK-51_LOAD_1_0_MESH
01:30:43 | INFO: Primitives created: 1
01:30:43 | INFO: Extracting primitive: V05_FG_RACK-51_LOAD_1_1_MESH
01:30:43 | INFO: Primitives created: 1
01:30:43 | INFO: Extracting primitive: V05_FG_RACK-51_LOAD_1_2_MESH
01:30:43 | INFO: Primitives created: 1
01:30:43 | INFO: Extracting primitive: V05_FG_RACK-51_LOAD_1_3_MESH
01:30:43 | INFO: Primitives created: 1
01:30:43 | INFO: Extracting primitive: V05_FG_RACK-51_LOAD_2_0_MESH
01:30:43 | INFO: Primitives created: 1
01:30:43 | INFO: Extracting primitive: V05_FG_RACK-51_LOAD_2_1_MESH
01:30:43 | INFO: Primitives created: 1
01:30:43 | INFO: Extracting primitive: V05_FG_RACK-51_LOAD_2_2_MESH
01:30:43 | INFO: Primitives created: 1
01:30:43 | INFO: Extracting primitive: V05_FG_RACK-51_LOAD_2_3_MESH
01:30:43 | INFO: Primitives created: 1
01:30:43 | INFO: Extracting primitive: V05_FG_RACK-51_LOAD_3_0_MESH
01:30:43 | INFO: Primitives created: 1
01:30:43 | INFO: Extracting primitive: V05_FG_RACK-51_LOAD_3_1_MESH
01:30:43 | INFO: Primitives created: 1
01:30:43 | INFO: Extracting primitive: V05_FG_RACK-51_LOAD_3_2_MESH
01:30:43 | INFO: Primitives created: 1
01:30:43 | INFO: Extracting primitive: V05_FG_RACK-51_LOAD_3_3_MESH
01:30:43 | INFO: Primitives created: 1
01:30:43 | INFO: Extracting primitive: V05_FG_RACK-51_LOAD_4_0_MESH
01:30:43 | INFO: Primitives created: 1
01:30:43 | INFO: Extracting primitive: V05_FG_RACK-51_LOAD_4_1_MESH
01:30:43 | INFO: Primitives created: 1
01:30:43 | INFO: Extracting primitive: V05_FG_RACK-51_LOAD_4_2_MESH
01:30:43 | INFO: Primitives created: 1
01:30:43 | INFO: Extracting primitive: V05_FG_RACK-51_LOAD_4_3_MESH
01:30:43 | INFO: Primitives created: 1
01:30:43 | INFO: Extracting primitive: V05_FG_RACK-51_LOAD_5_0_MESH
01:30:43 | INFO: Primitives created: 1
01:30:43 | INFO: Extracting primitive: V05_FG_RACK-51_LOAD_5_1_MESH
01:30:43 | INFO: Primitives created: 1
01:30:43 | INFO: Extracting primitive: V05_FG_RACK-51_LOAD_5_2_MESH
01:30:43 | INFO: Primitives created: 1
01:30:43 | INFO: Extracting primitive: V05_FG_RACK-51_LOAD_5_3_MESH
01:30:43 | INFO: Primitives created: 1
01:30:43 | INFO: Extracting primitive: V05_FG_RACK-51_LOAD_6_0_MESH
01:30:43 | INFO: Primitives created: 1
01:30:43 | INFO: Extracting primitive: V05_FG_RACK-51_LOAD_6_1_MESH
01:30:43 | INFO: Primitives created: 1
01:30:43 | INFO: Extracting primitive: V05_FG_RACK-51_LOAD_6_2_MESH
01:30:43 | INFO: Primitives created: 1
01:30:43 | INFO: Extracting primitive: V05_FG_RACK-51_LOAD_6_3_MESH
01:30:43 | INFO: Primitives created: 1
01:30:43 | INFO: Extracting primitive: V05_FG_RACK-51_LOAD_7_0_MESH
01:30:43 | INFO: Primitives created: 1
01:30:43 | INFO: Extracting primitive: V05_FG_RACK-51_LOAD_7_1_MESH
01:30:43 | INFO: Primitives created: 1
01:30:43 | INFO: Extracting primitive: V05_FG_RACK-51_LOAD_7_2_MESH
01:30:43 | INFO: Primitives created: 1
01:30:43 | INFO: Extracting primitive: V05_FG_RACK-51_LOAD_7_3_MESH
01:30:43 | INFO: Primitives created: 1
01:30:43 | INFO: Extracting primitive: V05_FG_RACK-51_LOAD_8_0_MESH
01:30:43 | INFO: Primitives created: 1
01:30:43 | INFO: Extracting primitive: V05_FG_RACK-51_LOAD_8_1_MESH
01:30:43 | INFO: Primitives created: 1
01:30:43 | INFO: Extracting primitive: V05_FG_RACK-51_LOAD_8_2_MESH
01:30:43 | INFO: Primitives created: 1
01:30:43 | INFO: Extracting primitive: V05_FG_RACK-51_LOAD_8_3_MESH
01:30:43 | INFO: Primitives created: 1
01:30:43 | INFO: Extracting primitive: V05_FG_RACK-51_PALLET_0_0_MESH
01:30:43 | INFO: Primitives created: 1
01:30:43 | INFO: Extracting primitive: V05_FG_RACK-51_PALLET_0_1_MESH
01:30:43 | INFO: Primitives created: 1
01:30:43 | INFO: Extracting primitive: V05_FG_RACK-51_PALLET_0_2_MESH
01:30:43 | INFO: Primitives created: 1
01:30:43 | INFO: Extracting primitive: V05_FG_RACK-51_PALLET_0_3_MESH
01:30:43 | INFO: Primitives created: 1
01:30:43 | INFO: Extracting primitive: V05_FG_RACK-51_PALLET_1_0_MESH
01:30:43 | INFO: Primitives created: 1
01:30:43 | INFO: Extracting primitive: V05_FG_RACK-51_PALLET_1_1_MESH
01:30:43 | INFO: Primitives created: 1
01:30:43 | INFO: Extracting primitive: V05_FG_RACK-51_PALLET_1_2_MESH
01:30:43 | INFO: Primitives created: 1
01:30:43 | INFO: Extracting primitive: V05_FG_RACK-51_PALLET_1_3_MESH
01:30:43 | INFO: Primitives created: 1
01:30:43 | INFO: Extracting primitive: V05_FG_RACK-51_PALLET_2_0_MESH
01:30:43 | INFO: Primitives created: 1
01:30:43 | INFO: Extracting primitive: V05_FG_RACK-51_PALLET_2_1_MESH
01:30:43 | INFO: Primitives created: 1
01:30:43 | INFO: Extracting primitive: V05_FG_RACK-51_PALLET_2_2_MESH
01:30:43 | INFO: Primitives created: 1
01:30:43 | INFO: Extracting primitive: V05_FG_RACK-51_PALLET_2_3_MESH
01:30:43 | INFO: Primitives created: 1
01:30:43 | INFO: Extracting primitive: V05_FG_RACK-51_PALLET_3_0_MESH
01:30:43 | INFO: Primitives created: 1
01:30:43 | INFO: Extracting primitive: V05_FG_RACK-51_PALLET_3_1_MESH
01:30:43 | INFO: Primitives created: 1
01:30:43 | INFO: Extracting primitive: V05_FG_RACK-51_PALLET_3_2_MESH
01:30:43 | INFO: Primitives created: 1
01:30:43 | INFO: Extracting primitive: V05_FG_RACK-51_PALLET_3_3_MESH
01:30:43 | INFO: Primitives created: 1
01:30:43 | INFO: Extracting primitive: V05_FG_RACK-51_PALLET_4_0_MESH
01:30:43 | INFO: Primitives created: 1
01:30:43 | INFO: Extracting primitive: V05_FG_RACK-51_PALLET_4_1_MESH
01:30:43 | INFO: Primitives created: 1
01:30:43 | INFO: Extracting primitive: V05_FG_RACK-51_PALLET_4_2_MESH
01:30:43 | INFO: Primitives created: 1
01:30:43 | INFO: Extracting primitive: V05_FG_RACK-51_PALLET_4_3_MESH
01:30:43 | INFO: Primitives created: 1
01:30:43 | INFO: Extracting primitive: V05_FG_RACK-51_PALLET_5_0_MESH
01:30:43 | INFO: Primitives created: 1
01:30:43 | INFO: Extracting primitive: V05_FG_RACK-51_PALLET_5_1_MESH
01:30:43 | INFO: Primitives created: 1
01:30:43 | INFO: Extracting primitive: V05_FG_RACK-51_PALLET_5_2_MESH
01:30:43 | INFO: Primitives created: 1
01:30:43 | INFO: Extracting primitive: V05_FG_RACK-51_PALLET_5_3_MESH
01:30:43 | INFO: Primitives created: 1
01:30:43 | INFO: Extracting primitive: V05_FG_RACK-51_PALLET_6_0_MESH
01:30:43 | INFO: Primitives created: 1
01:30:43 | INFO: Extracting primitive: V05_FG_RACK-51_PALLET_6_1_MESH
01:30:43 | INFO: Primitives created: 1
01:30:43 | INFO: Extracting primitive: V05_FG_RACK-51_PALLET_6_2_MESH
01:30:43 | INFO: Primitives created: 1
01:30:43 | INFO: Extracting primitive: V05_FG_RACK-51_PALLET_6_3_MESH
01:30:43 | INFO: Primitives created: 1
01:30:43 | INFO: Extracting primitive: V05_FG_RACK-51_PALLET_7_0_MESH
01:30:43 | INFO: Primitives created: 1
01:30:43 | INFO: Extracting primitive: V05_FG_RACK-51_PALLET_7_1_MESH
01:30:43 | INFO: Primitives created: 1
01:30:43 | INFO: Extracting primitive: V05_FG_RACK-51_PALLET_7_2_MESH
01:30:43 | INFO: Primitives created: 1
01:30:43 | INFO: Extracting primitive: V05_FG_RACK-51_PALLET_7_3_MESH
01:30:43 | INFO: Primitives created: 1
01:30:43 | INFO: Extracting primitive: V05_FG_RACK-51_PALLET_8_0_MESH
01:30:43 | INFO: Primitives created: 1
01:30:43 | INFO: Extracting primitive: V05_FG_RACK-51_PALLET_8_1_MESH
01:30:43 | INFO: Primitives created: 1
01:30:43 | INFO: Extracting primitive: V05_FG_RACK-51_PALLET_8_2_MESH
01:30:43 | INFO: Primitives created: 1
01:30:44 | INFO: Extracting primitive: V05_FG_RACK-51_PALLET_8_3_MESH
01:30:44 | INFO: Primitives created: 1
01:30:44 | INFO: Extracting primitive: V05_FG_RACK-51_UPRIGHT_0_0_MESH
01:30:44 | INFO: Primitives created: 1
01:30:44 | INFO: Extracting primitive: V05_FG_RACK-51_UPRIGHT_0_1_MESH
01:30:44 | INFO: Primitives created: 1
01:30:44 | INFO: Extracting primitive: V05_FG_RACK-51_UPRIGHT_0_2_MESH
01:30:44 | INFO: Primitives created: 1
01:30:44 | INFO: Extracting primitive: V05_FG_RACK-51_UPRIGHT_0_3_MESH
01:30:44 | INFO: Primitives created: 1
01:30:44 | INFO: Extracting primitive: V05_FG_RACK-51_UPRIGHT_1_0_MESH
01:30:44 | INFO: Primitives created: 1
01:30:44 | INFO: Extracting primitive: V05_FG_RACK-51_UPRIGHT_1_1_MESH
01:30:44 | INFO: Primitives created: 1
01:30:44 | INFO: Extracting primitive: V05_FG_RACK-51_UPRIGHT_1_2_MESH
01:30:44 | INFO: Primitives created: 1
01:30:44 | INFO: Extracting primitive: V05_FG_RACK-51_UPRIGHT_1_3_MESH
01:30:44 | INFO: Primitives created: 1
01:30:44 | INFO: Extracting primitive: V05_FG_RACK-51_UPRIGHT_2_0_MESH
01:30:44 | INFO: Primitives created: 1
01:30:44 | INFO: Extracting primitive: V05_FG_RACK-51_UPRIGHT_2_1_MESH
01:30:44 | INFO: Primitives created: 1
01:30:44 | INFO: Extracting primitive: V05_FG_RACK-51_UPRIGHT_2_2_MESH
01:30:44 | INFO: Primitives created: 1
01:30:44 | INFO: Extracting primitive: V05_FG_RACK-51_UPRIGHT_2_3_MESH
01:30:44 | INFO: Primitives created: 1
01:30:44 | INFO: Extracting primitive: V05_FG_RACK-51_UPRIGHT_3_0_MESH
01:30:44 | INFO: Primitives created: 1
01:30:44 | INFO: Extracting primitive: V05_FG_RACK-51_UPRIGHT_3_1_MESH
01:30:44 | INFO: Primitives created: 1
01:30:44 | INFO: Extracting primitive: V05_FG_RACK-51_UPRIGHT_3_2_MESH
01:30:44 | INFO: Primitives created: 1
01:30:44 | INFO: Extracting primitive: V05_FG_RACK-51_UPRIGHT_3_3_MESH
01:30:44 | INFO: Primitives created: 1
01:30:44 | INFO: Extracting primitive: V05_FG_RACK-51_UPRIGHT_4_0_MESH
01:30:44 | INFO: Primitives created: 1
01:30:44 | INFO: Extracting primitive: V05_FG_RACK-51_UPRIGHT_4_1_MESH
01:30:44 | INFO: Primitives created: 1
01:30:44 | INFO: Extracting primitive: V05_FG_RACK-51_UPRIGHT_4_2_MESH
01:30:44 | INFO: Primitives created: 1
01:30:44 | INFO: Extracting primitive: V05_FG_RACK-51_UPRIGHT_4_3_MESH
01:30:44 | INFO: Primitives created: 1
01:30:44 | INFO: Extracting primitive: V05_FG_RACK-51_UPRIGHT_5_0_MESH
01:30:44 | INFO: Primitives created: 1
01:30:44 | INFO: Extracting primitive: V05_FG_RACK-51_UPRIGHT_5_1_MESH
01:30:44 | INFO: Primitives created: 1
01:30:44 | INFO: Extracting primitive: V05_FG_RACK-51_UPRIGHT_5_2_MESH
01:30:44 | INFO: Primitives created: 1
01:30:44 | INFO: Extracting primitive: V05_FG_RACK-51_UPRIGHT_5_3_MESH
01:30:44 | INFO: Primitives created: 1
01:30:44 | INFO: Extracting primitive: V05_FG_RACK-51_UPRIGHT_6_0_MESH
01:30:44 | INFO: Primitives created: 1
01:30:44 | INFO: Extracting primitive: V05_FG_RACK-51_UPRIGHT_6_1_MESH
01:30:44 | INFO: Primitives created: 1
01:30:44 | INFO: Extracting primitive: V05_FG_RACK-51_UPRIGHT_6_2_MESH
01:30:44 | INFO: Primitives created: 1
01:30:44 | INFO: Extracting primitive: V05_FG_RACK-51_UPRIGHT_6_3_MESH
01:30:44 | INFO: Primitives created: 1
01:30:44 | INFO: Extracting primitive: V05_FG_RACK-51_UPRIGHT_7_0_MESH
01:30:44 | INFO: Primitives created: 1
01:30:44 | INFO: Extracting primitive: V05_FG_RACK-51_UPRIGHT_7_1_MESH
01:30:44 | INFO: Primitives created: 1
01:30:44 | INFO: Extracting primitive: V05_FG_RACK-51_UPRIGHT_7_2_MESH
01:30:44 | INFO: Primitives created: 1
01:30:44 | INFO: Extracting primitive: V05_FG_RACK-51_UPRIGHT_7_3_MESH
01:30:44 | INFO: Primitives created: 1
01:30:44 | INFO: Extracting primitive: V05_FG_RACK-51_UPRIGHT_8_0_MESH
01:30:44 | INFO: Primitives created: 1
01:30:44 | INFO: Extracting primitive: V05_FG_RACK-51_UPRIGHT_8_1_MESH
01:30:44 | INFO: Primitives created: 1
01:30:44 | INFO: Extracting primitive: V05_FG_RACK-51_UPRIGHT_8_2_MESH
01:30:44 | INFO: Primitives created: 1
01:30:44 | INFO: Extracting primitive: V05_FG_RACK-51_UPRIGHT_8_3_MESH
01:30:44 | INFO: Primitives created: 1
01:30:44 | INFO: Extracting primitive: V05_FG_RACK-58_BEAM_0_MESH
01:30:44 | INFO: Primitives created: 1
01:30:44 | INFO: Extracting primitive: V05_FG_RACK-58_BEAM_1_MESH
01:30:44 | INFO: Primitives created: 1
01:30:44 | INFO: Extracting primitive: V05_FG_RACK-58_BEAM_2_MESH
01:30:44 | INFO: Primitives created: 1
01:30:44 | INFO: Extracting primitive: V05_FG_RACK-58_BEAM_3_MESH
01:30:44 | INFO: Primitives created: 1
01:30:44 | INFO: Extracting primitive: V05_FG_RACK-58_LOAD_0_0_MESH
01:30:44 | INFO: Primitives created: 1
01:30:44 | INFO: Extracting primitive: V05_FG_RACK-58_LOAD_0_1_MESH
01:30:44 | INFO: Primitives created: 1
01:30:44 | INFO: Extracting primitive: V05_FG_RACK-58_LOAD_0_2_MESH
01:30:44 | INFO: Primitives created: 1
01:30:44 | INFO: Extracting primitive: V05_FG_RACK-58_LOAD_0_3_MESH
01:30:44 | INFO: Primitives created: 1
01:30:44 | INFO: Extracting primitive: V05_FG_RACK-58_LOAD_1_0_MESH
01:30:44 | INFO: Primitives created: 1
01:30:44 | INFO: Extracting primitive: V05_FG_RACK-58_LOAD_1_1_MESH
01:30:44 | INFO: Primitives created: 1
01:30:44 | INFO: Extracting primitive: V05_FG_RACK-58_LOAD_1_2_MESH
01:30:44 | INFO: Primitives created: 1
01:30:44 | INFO: Extracting primitive: V05_FG_RACK-58_LOAD_1_3_MESH
01:30:44 | INFO: Primitives created: 1
01:30:44 | INFO: Extracting primitive: V05_FG_RACK-58_LOAD_2_0_MESH
01:30:44 | INFO: Primitives created: 1
01:30:44 | INFO: Extracting primitive: V05_FG_RACK-58_LOAD_2_1_MESH
01:30:44 | INFO: Primitives created: 1
01:30:44 | INFO: Extracting primitive: V05_FG_RACK-58_LOAD_2_2_MESH
01:30:44 | INFO: Primitives created: 1
01:30:44 | INFO: Extracting primitive: V05_FG_RACK-58_LOAD_2_3_MESH
01:30:44 | INFO: Primitives created: 1
01:30:44 | INFO: Extracting primitive: V05_FG_RACK-58_LOAD_3_0_MESH
01:30:44 | INFO: Primitives created: 1
01:30:44 | INFO: Extracting primitive: V05_FG_RACK-58_LOAD_3_1_MESH
01:30:44 | INFO: Primitives created: 1
01:30:44 | INFO: Extracting primitive: V05_FG_RACK-58_LOAD_3_2_MESH
01:30:44 | INFO: Primitives created: 1
01:30:44 | INFO: Extracting primitive: V05_FG_RACK-58_LOAD_3_3_MESH
01:30:44 | INFO: Primitives created: 1
01:30:44 | INFO: Extracting primitive: V05_FG_RACK-58_LOAD_4_0_MESH
01:30:44 | INFO: Primitives created: 1
01:30:44 | INFO: Extracting primitive: V05_FG_RACK-58_LOAD_4_1_MESH
01:30:44 | INFO: Primitives created: 1
01:30:44 | INFO: Extracting primitive: V05_FG_RACK-58_LOAD_4_2_MESH
01:30:44 | INFO: Primitives created: 1
01:30:44 | INFO: Extracting primitive: V05_FG_RACK-58_LOAD_4_3_MESH
01:30:44 | INFO: Primitives created: 1
01:30:44 | INFO: Extracting primitive: V05_FG_RACK-58_LOAD_5_0_MESH
01:30:44 | INFO: Primitives created: 1
01:30:44 | INFO: Extracting primitive: V05_FG_RACK-58_LOAD_5_1_MESH
01:30:44 | INFO: Primitives created: 1
01:30:44 | INFO: Extracting primitive: V05_FG_RACK-58_LOAD_5_2_MESH
01:30:44 | INFO: Primitives created: 1
01:30:44 | INFO: Extracting primitive: V05_FG_RACK-58_LOAD_5_3_MESH
01:30:44 | INFO: Primitives created: 1
01:30:44 | INFO: Extracting primitive: V05_FG_RACK-58_LOAD_6_0_MESH
01:30:44 | INFO: Primitives created: 1
01:30:44 | INFO: Extracting primitive: V05_FG_RACK-58_LOAD_6_1_MESH
01:30:44 | INFO: Primitives created: 1
01:30:44 | INFO: Extracting primitive: V05_FG_RACK-58_LOAD_6_2_MESH
01:30:44 | INFO: Primitives created: 1
01:30:44 | INFO: Extracting primitive: V05_FG_RACK-58_LOAD_6_3_MESH
01:30:44 | INFO: Primitives created: 1
01:30:44 | INFO: Extracting primitive: V05_FG_RACK-58_LOAD_7_0_MESH
01:30:44 | INFO: Primitives created: 1
01:30:44 | INFO: Extracting primitive: V05_FG_RACK-58_LOAD_7_1_MESH
01:30:44 | INFO: Primitives created: 1
01:30:44 | INFO: Extracting primitive: V05_FG_RACK-58_LOAD_7_2_MESH
01:30:44 | INFO: Primitives created: 1
01:30:44 | INFO: Extracting primitive: V05_FG_RACK-58_LOAD_7_3_MESH
01:30:44 | INFO: Primitives created: 1
01:30:44 | INFO: Extracting primitive: V05_FG_RACK-58_LOAD_8_0_MESH
01:30:44 | INFO: Primitives created: 1
01:30:44 | INFO: Extracting primitive: V05_FG_RACK-58_LOAD_8_1_MESH
01:30:44 | INFO: Primitives created: 1
01:30:44 | INFO: Extracting primitive: V05_FG_RACK-58_LOAD_8_2_MESH
01:30:44 | INFO: Primitives created: 1
01:30:44 | INFO: Extracting primitive: V05_FG_RACK-58_LOAD_8_3_MESH
01:30:44 | INFO: Primitives created: 1
01:30:44 | INFO: Extracting primitive: V05_FG_RACK-58_PALLET_0_0_MESH
01:30:44 | INFO: Primitives created: 1
01:30:44 | INFO: Extracting primitive: V05_FG_RACK-58_PALLET_0_1_MESH
01:30:44 | INFO: Primitives created: 1
01:30:44 | INFO: Extracting primitive: V05_FG_RACK-58_PALLET_0_2_MESH
01:30:44 | INFO: Primitives created: 1
01:30:44 | INFO: Extracting primitive: V05_FG_RACK-58_PALLET_0_3_MESH
01:30:44 | INFO: Primitives created: 1
01:30:44 | INFO: Extracting primitive: V05_FG_RACK-58_PALLET_1_0_MESH
01:30:44 | INFO: Primitives created: 1
01:30:44 | INFO: Extracting primitive: V05_FG_RACK-58_PALLET_1_1_MESH
01:30:44 | INFO: Primitives created: 1
01:30:44 | INFO: Extracting primitive: V05_FG_RACK-58_PALLET_1_2_MESH
01:30:44 | INFO: Primitives created: 1
01:30:44 | INFO: Extracting primitive: V05_FG_RACK-58_PALLET_1_3_MESH
01:30:44 | INFO: Primitives created: 1
01:30:44 | INFO: Extracting primitive: V05_FG_RACK-58_PALLET_2_0_MESH
01:30:44 | INFO: Primitives created: 1
01:30:44 | INFO: Extracting primitive: V05_FG_RACK-58_PALLET_2_1_MESH
01:30:44 | INFO: Primitives created: 1
01:30:44 | INFO: Extracting primitive: V05_FG_RACK-58_PALLET_2_2_MESH
01:30:44 | INFO: Primitives created: 1
01:30:44 | INFO: Extracting primitive: V05_FG_RACK-58_PALLET_2_3_MESH
01:30:44 | INFO: Primitives created: 1
01:30:44 | INFO: Extracting primitive: V05_FG_RACK-58_PALLET_3_0_MESH
01:30:44 | INFO: Primitives created: 1
01:30:44 | INFO: Extracting primitive: V05_FG_RACK-58_PALLET_3_1_MESH
01:30:44 | INFO: Primitives created: 1
01:30:44 | INFO: Extracting primitive: V05_FG_RACK-58_PALLET_3_2_MESH
01:30:44 | INFO: Primitives created: 1
01:30:44 | INFO: Extracting primitive: V05_FG_RACK-58_PALLET_3_3_MESH
01:30:44 | INFO: Primitives created: 1
01:30:44 | INFO: Extracting primitive: V05_FG_RACK-58_PALLET_4_0_MESH
01:30:44 | INFO: Primitives created: 1
01:30:44 | INFO: Extracting primitive: V05_FG_RACK-58_PALLET_4_1_MESH
01:30:44 | INFO: Primitives created: 1
01:30:44 | INFO: Extracting primitive: V05_FG_RACK-58_PALLET_4_2_MESH
01:30:44 | INFO: Primitives created: 1
01:30:44 | INFO: Extracting primitive: V05_FG_RACK-58_PALLET_4_3_MESH
01:30:44 | INFO: Primitives created: 1
01:30:44 | INFO: Extracting primitive: V05_FG_RACK-58_PALLET_5_0_MESH
01:30:44 | INFO: Primitives created: 1
01:30:44 | INFO: Extracting primitive: V05_FG_RACK-58_PALLET_5_1_MESH
01:30:44 | INFO: Primitives created: 1
01:30:44 | INFO: Extracting primitive: V05_FG_RACK-58_PALLET_5_2_MESH
01:30:44 | INFO: Primitives created: 1
01:30:44 | INFO: Extracting primitive: V05_FG_RACK-58_PALLET_5_3_MESH
01:30:44 | INFO: Primitives created: 1
01:30:44 | INFO: Extracting primitive: V05_FG_RACK-58_PALLET_6_0_MESH
01:30:44 | INFO: Primitives created: 1
01:30:44 | INFO: Extracting primitive: V05_FG_RACK-58_PALLET_6_1_MESH
01:30:44 | INFO: Primitives created: 1
01:30:44 | INFO: Extracting primitive: V05_FG_RACK-58_PALLET_6_2_MESH
01:30:44 | INFO: Primitives created: 1
01:30:44 | INFO: Extracting primitive: V05_FG_RACK-58_PALLET_6_3_MESH
01:30:44 | INFO: Primitives created: 1
01:30:44 | INFO: Extracting primitive: V05_FG_RACK-58_PALLET_7_0_MESH
01:30:44 | INFO: Primitives created: 1
01:30:44 | INFO: Extracting primitive: V05_FG_RACK-58_PALLET_7_1_MESH
01:30:44 | INFO: Primitives created: 1
01:30:44 | INFO: Extracting primitive: V05_FG_RACK-58_PALLET_7_2_MESH
01:30:44 | INFO: Primitives created: 1
01:30:44 | INFO: Extracting primitive: V05_FG_RACK-58_PALLET_7_3_MESH
01:30:44 | INFO: Primitives created: 1
01:30:44 | INFO: Extracting primitive: V05_FG_RACK-58_PALLET_8_0_MESH
01:30:44 | INFO: Primitives created: 1
01:30:44 | INFO: Extracting primitive: V05_FG_RACK-58_PALLET_8_1_MESH
01:30:44 | INFO: Primitives created: 1
01:30:44 | INFO: Extracting primitive: V05_FG_RACK-58_PALLET_8_2_MESH
01:30:44 | INFO: Primitives created: 1
01:30:44 | INFO: Extracting primitive: V05_FG_RACK-58_PALLET_8_3_MESH
01:30:44 | INFO: Primitives created: 1
01:30:44 | INFO: Extracting primitive: V05_FG_RACK-58_UPRIGHT_0_0_MESH
01:30:44 | INFO: Primitives created: 1
01:30:44 | INFO: Extracting primitive: V05_FG_RACK-58_UPRIGHT_0_1_MESH
01:30:44 | INFO: Primitives created: 1
01:30:44 | INFO: Extracting primitive: V05_FG_RACK-58_UPRIGHT_0_2_MESH
01:30:44 | INFO: Primitives created: 1
01:30:44 | INFO: Extracting primitive: V05_FG_RACK-58_UPRIGHT_0_3_MESH
01:30:44 | INFO: Primitives created: 1
01:30:44 | INFO: Extracting primitive: V05_FG_RACK-58_UPRIGHT_1_0_MESH
01:30:44 | INFO: Primitives created: 1
01:30:44 | INFO: Extracting primitive: V05_FG_RACK-58_UPRIGHT_1_1_MESH
01:30:44 | INFO: Primitives created: 1
01:30:44 | INFO: Extracting primitive: V05_FG_RACK-58_UPRIGHT_1_2_MESH
01:30:44 | INFO: Primitives created: 1
01:30:44 | INFO: Extracting primitive: V05_FG_RACK-58_UPRIGHT_1_3_MESH
01:30:44 | INFO: Primitives created: 1
01:30:44 | INFO: Extracting primitive: V05_FG_RACK-58_UPRIGHT_2_0_MESH
01:30:44 | INFO: Primitives created: 1
01:30:44 | INFO: Extracting primitive: V05_FG_RACK-58_UPRIGHT_2_1_MESH
01:30:44 | INFO: Primitives created: 1
01:30:44 | INFO: Extracting primitive: V05_FG_RACK-58_UPRIGHT_2_2_MESH
01:30:44 | INFO: Primitives created: 1
01:30:44 | INFO: Extracting primitive: V05_FG_RACK-58_UPRIGHT_2_3_MESH
01:30:44 | INFO: Primitives created: 1
01:30:44 | INFO: Extracting primitive: V05_FG_RACK-58_UPRIGHT_3_0_MESH
01:30:44 | INFO: Primitives created: 1
01:30:44 | INFO: Extracting primitive: V05_FG_RACK-58_UPRIGHT_3_1_MESH
01:30:44 | INFO: Primitives created: 1
01:30:44 | INFO: Extracting primitive: V05_FG_RACK-58_UPRIGHT_3_2_MESH
01:30:44 | INFO: Primitives created: 1
01:30:44 | INFO: Extracting primitive: V05_FG_RACK-58_UPRIGHT_3_3_MESH
01:30:44 | INFO: Primitives created: 1
01:30:44 | INFO: Extracting primitive: V05_FG_RACK-58_UPRIGHT_4_0_MESH
01:30:44 | INFO: Primitives created: 1
01:30:44 | INFO: Extracting primitive: V05_FG_RACK-58_UPRIGHT_4_1_MESH
01:30:44 | INFO: Primitives created: 1
01:30:44 | INFO: Extracting primitive: V05_FG_RACK-58_UPRIGHT_4_2_MESH
01:30:44 | INFO: Primitives created: 1
01:30:44 | INFO: Extracting primitive: V05_FG_RACK-58_UPRIGHT_4_3_MESH
01:30:44 | INFO: Primitives created: 1
01:30:44 | INFO: Extracting primitive: V05_FG_RACK-58_UPRIGHT_5_0_MESH
01:30:44 | INFO: Primitives created: 1
01:30:44 | INFO: Extracting primitive: V05_FG_RACK-58_UPRIGHT_5_1_MESH
01:30:44 | INFO: Primitives created: 1
01:30:44 | INFO: Extracting primitive: V05_FG_RACK-58_UPRIGHT_5_2_MESH
01:30:44 | INFO: Primitives created: 1
01:30:44 | INFO: Extracting primitive: V05_FG_RACK-58_UPRIGHT_5_3_MESH
01:30:44 | INFO: Primitives created: 1
01:30:44 | INFO: Extracting primitive: V05_FG_RACK-58_UPRIGHT_6_0_MESH
01:30:44 | INFO: Primitives created: 1
01:30:44 | INFO: Extracting primitive: V05_FG_RACK-58_UPRIGHT_6_1_MESH
01:30:44 | INFO: Primitives created: 1
01:30:44 | INFO: Extracting primitive: V05_FG_RACK-58_UPRIGHT_6_2_MESH
01:30:44 | INFO: Primitives created: 1
01:30:44 | INFO: Extracting primitive: V05_FG_RACK-58_UPRIGHT_6_3_MESH
01:30:44 | INFO: Primitives created: 1
01:30:44 | INFO: Extracting primitive: V05_FG_RACK-58_UPRIGHT_7_0_MESH
01:30:44 | INFO: Primitives created: 1
01:30:44 | INFO: Extracting primitive: V05_FG_RACK-58_UPRIGHT_7_1_MESH
01:30:44 | INFO: Primitives created: 1
01:30:44 | INFO: Extracting primitive: V05_FG_RACK-58_UPRIGHT_7_2_MESH
01:30:44 | INFO: Primitives created: 1
01:30:44 | INFO: Extracting primitive: V05_FG_RACK-58_UPRIGHT_7_3_MESH
01:30:44 | INFO: Primitives created: 1
01:30:44 | INFO: Extracting primitive: V05_FG_RACK-58_UPRIGHT_8_0_MESH
01:30:44 | INFO: Primitives created: 1
01:30:44 | INFO: Extracting primitive: V05_FG_RACK-58_UPRIGHT_8_1_MESH
01:30:44 | INFO: Primitives created: 1
01:30:44 | INFO: Extracting primitive: V05_FG_RACK-58_UPRIGHT_8_2_MESH
01:30:44 | INFO: Primitives created: 1
01:30:44 | INFO: Extracting primitive: V05_FG_RACK-58_UPRIGHT_8_3_MESH
01:30:44 | INFO: Primitives created: 1
01:30:44 | INFO: Extracting primitive: V05_FG_RIGHT_MESH
01:30:44 | INFO: Primitives created: 1
01:30:44 | INFO: Extracting primitive: V05_FG_SOFFIT_65.44_MESH
01:30:44 | INFO: Primitives created: 1
01:30:44 | INFO: Extracting primitive: V05_FG_SOFFIT_80_MESH
01:30:44 | INFO: Primitives created: 1
01:30:44 | INFO: Extracting primitive: V05_FG_SOFFIT_94.56_MESH
01:30:44 | INFO: Primitives created: 1
01:30:44 | INFO: Extracting primitive: V05_FG_STAGE0_BASE_MESH
01:30:44 | INFO: Primitives created: 1
01:30:44 | INFO: Extracting primitive: V05_FG_STAGE0_LOAD_MESH
01:30:44 | INFO: Primitives created: 1
01:30:44 | INFO: Extracting primitive: V05_FG_STAGE1_BASE_MESH
01:30:44 | INFO: Primitives created: 1
01:30:44 | INFO: Extracting primitive: V05_FG_STAGE1_LOAD_MESH
01:30:44 | INFO: Primitives created: 1
01:30:44 | INFO: Extracting primitive: V05_FG_STAGE2_BASE_MESH
01:30:44 | INFO: Primitives created: 1
01:30:44 | INFO: Extracting primitive: V05_FG_STAGE2_LOAD_MESH
01:30:44 | INFO: Primitives created: 1
01:30:44 | INFO: Extracting primitive: V05_FG_STAGE3_BASE_MESH
01:30:44 | INFO: Primitives created: 1
01:30:44 | INFO: Extracting primitive: V05_FG_STAGE3_LOAD_MESH
01:30:44 | INFO: Primitives created: 1
01:30:44 | INFO: Extracting primitive: V05_FG_STAGE4_BASE_MESH
01:30:44 | INFO: Primitives created: 1
01:30:44 | INFO: Extracting primitive: V05_FG_STAGE4_LOAD_MESH
01:30:44 | INFO: Primitives created: 1
01:30:44 | INFO: Extracting primitive: V05_FG_STAGE5_BASE_MESH
01:30:44 | INFO: Primitives created: 1
01:30:44 | INFO: Extracting primitive: V05_FG_STAGE5_LOAD_MESH
01:30:44 | INFO: Primitives created: 1
01:30:44 | INFO: Extracting primitive: V05_FG_STAGE6_BASE_MESH
01:30:44 | INFO: Primitives created: 1
01:30:44 | INFO: Extracting primitive: V05_FG_STAGE6_LOAD_MESH
01:30:44 | INFO: Primitives created: 1
01:30:44 | INFO: Extracting primitive: V05_FIRE0_BACK_MESH
01:30:44 | INFO: Primitives created: 1
01:30:44 | INFO: Extracting primitive: V05_FIRE0_DOOR_HEADER_MESH
01:30:44 | INFO: Primitives created: 1
01:30:44 | INFO: Extracting primitive: V05_FIRE0_DOOR_L_MESH
01:30:44 | INFO: Primitives created: 1
01:30:44 | INFO: Extracting primitive: V05_FIRE0_DOOR_R_MESH
01:30:44 | INFO: Primitives created: 1
01:30:44 | INFO: Extracting primitive: V05_FIRE0_FLOOR_MESH
01:30:44 | INFO: Primitives created: 1
01:30:44 | INFO: Extracting primitive: V05_FIRE0_LEFT_MESH
01:30:44 | INFO: Primitives created: 1
01:30:44 | INFO: Extracting primitive: V05_FIRE0_LIGHT_0_FIXTURE_MESH
01:30:44 | INFO: Primitives created: 1
01:30:44 | INFO: Extracting primitive: V05_FIRE0_LIGHT_0_GLOW_MESH
01:30:44 | INFO: Primitives created: 1
01:30:44 | INFO: Extracting primitive: V05_FIRE0_LIGHT_1_FIXTURE_MESH
01:30:44 | INFO: Primitives created: 1
01:30:44 | INFO: Extracting primitive: V05_FIRE0_LIGHT_1_GLOW_MESH
01:30:44 | INFO: Primitives created: 1
01:30:44 | INFO: Extracting primitive: V05_FIRE0_RIGHT_MESH
01:30:44 | INFO: Primitives created: 1
01:30:44 | INFO: Extracting primitive: V05_FIRE0_SOFFIT_88.4_MESH
01:30:44 | INFO: Primitives created: 1
01:30:44 | INFO: Extracting primitive: V05_FIRE0_SOFFIT_94_MESH
01:30:44 | INFO: Primitives created: 1
01:30:44 | INFO: Extracting primitive: V05_FIRE0_SOFFIT_99.6_MESH
01:30:44 | INFO: Primitives created: 1
01:30:44 | INFO: Extracting primitive: V05_FIRE1_BACK_MESH
01:30:44 | INFO: Primitives created: 1
01:30:44 | INFO: Extracting primitive: V05_FIRE1_DOOR_HEADER_MESH
01:30:44 | INFO: Primitives created: 1
01:30:44 | INFO: Extracting primitive: V05_FIRE1_DOOR_L_MESH
01:30:44 | INFO: Primitives created: 1
01:30:44 | INFO: Extracting primitive: V05_FIRE1_DOOR_R_MESH
01:30:44 | INFO: Primitives created: 1
01:30:44 | INFO: Extracting primitive: V05_FIRE1_FLOOR_MESH
01:30:44 | INFO: Primitives created: 1
01:30:44 | INFO: Extracting primitive: V05_FIRE1_LEFT_MESH
01:30:44 | INFO: Primitives created: 1
01:30:44 | INFO: Extracting primitive: V05_FIRE1_LIGHT_0_FIXTURE_MESH
01:30:44 | INFO: Primitives created: 1
01:30:44 | INFO: Extracting primitive: V05_FIRE1_LIGHT_0_GLOW_MESH
01:30:44 | INFO: Primitives created: 1
01:30:44 | INFO: Extracting primitive: V05_FIRE1_LIGHT_1_FIXTURE_MESH
01:30:44 | INFO: Primitives created: 1
01:30:44 | INFO: Extracting primitive: V05_FIRE1_LIGHT_1_GLOW_MESH
01:30:44 | INFO: Primitives created: 1
01:30:44 | INFO: Extracting primitive: V05_FIRE1_RIGHT_MESH
01:30:44 | INFO: Primitives created: 1
01:30:44 | INFO: Extracting primitive: V05_FIRE1_SOFFIT_88.4_MESH
01:30:44 | INFO: Primitives created: 1
01:30:44 | INFO: Extracting primitive: V05_FIRE1_SOFFIT_94_MESH
01:30:44 | INFO: Primitives created: 1
01:30:44 | INFO: Extracting primitive: V05_FIRE1_SOFFIT_99.6_MESH
01:30:44 | INFO: Primitives created: 1
01:30:44 | INFO: Extracting primitive: V05_FIRE_HEADER0_MESH
01:30:44 | INFO: Primitives created: 1
01:30:44 | INFO: Extracting primitive: V05_FIRE_HEADER1_MESH
01:30:44 | INFO: Primitives created: 1
01:30:44 | INFO: Extracting primitive: V05_FIRE_PANEL0_MESH
01:30:44 | INFO: Primitives created: 1
01:30:44 | INFO: Extracting primitive: V05_FIRE_PANEL1_MESH
01:30:44 | INFO: Primitives created: 1
01:30:44 | INFO: Extracting primitive: V05_FIRE_PUMP0_0_BASE_MESH
01:30:44 | INFO: Primitives created: 1
01:30:44 | INFO: Extracting primitive: V05_FIRE_PUMP0_0_HOUSING_MESH
01:30:44 | INFO: Primitives created: 1
01:30:44 | INFO: Extracting primitive: V05_FIRE_PUMP0_0_PANEL_MESH
01:30:44 | INFO: Primitives created: 1
01:30:44 | INFO: Extracting primitive: V05_FIRE_PUMP0_1_BASE_MESH
01:30:44 | INFO: Primitives created: 1
01:30:44 | INFO: Extracting primitive: V05_FIRE_PUMP0_1_HOUSING_MESH
01:30:44 | INFO: Primitives created: 1
01:30:44 | INFO: Extracting primitive: V05_FIRE_PUMP0_1_PANEL_MESH
01:30:44 | INFO: Primitives created: 1
01:30:44 | INFO: Extracting primitive: V05_FIRE_PUMP1_0_BASE_MESH
01:30:44 | INFO: Primitives created: 1
01:30:44 | INFO: Extracting primitive: V05_FIRE_PUMP1_0_HOUSING_MESH
01:30:44 | INFO: Primitives created: 1
01:30:44 | INFO: Extracting primitive: V05_FIRE_PUMP1_0_PANEL_MESH
01:30:44 | INFO: Primitives created: 1
01:30:44 | INFO: Extracting primitive: V05_FIRE_PUMP1_1_BASE_MESH
01:30:44 | INFO: Primitives created: 1
01:30:44 | INFO: Extracting primitive: V05_FIRE_PUMP1_1_HOUSING_MESH
01:30:44 | INFO: Primitives created: 1
01:30:44 | INFO: Extracting primitive: V05_FIRE_PUMP1_1_PANEL_MESH
01:30:44 | INFO: Primitives created: 1
01:30:44 | INFO: Extracting primitive: V05_FIRE_SUCTION0_MESH
01:30:44 | INFO: Primitives created: 1
01:30:44 | INFO: Extracting primitive: V05_FIRE_SUCTION1_MESH
01:30:44 | INFO: Primitives created: 1
01:30:44 | INFO: Extracting primitive: V05_FIRE_VALVE0_0_MESH
01:30:44 | INFO: Primitives created: 1
01:30:44 | INFO: Extracting primitive: V05_FIRE_VALVE0_1_MESH
01:30:44 | INFO: Primitives created: 1
01:30:44 | INFO: Extracting primitive: V05_FIRE_VALVE0_2_MESH
01:30:44 | INFO: Primitives created: 1
01:30:44 | INFO: Extracting primitive: V05_FIRE_VALVE0_3_MESH
01:30:44 | INFO: Primitives created: 1
01:30:44 | INFO: Extracting primitive: V05_FIRE_VALVE1_0_MESH
01:30:44 | INFO: Primitives created: 1
01:30:44 | INFO: Extracting primitive: V05_FIRE_VALVE1_1_MESH
01:30:44 | INFO: Primitives created: 1
01:30:44 | INFO: Extracting primitive: V05_FIRE_VALVE1_2_MESH
01:30:44 | INFO: Primitives created: 1
01:30:44 | INFO: Extracting primitive: V05_FIRE_VALVE1_3_MESH
01:30:44 | INFO: Primitives created: 1
01:30:44 | INFO: Extracting primitive: V05_GATE_BARRIER0_MESH
01:30:44 | INFO: Primitives created: 1
01:30:44 | INFO: Extracting primitive: V05_GATE_BARRIER1_MESH
01:30:44 | INFO: Primitives created: 1
01:30:44 | INFO: Extracting primitive: V05_GATE_DESK_MESH
01:30:44 | INFO: Primitives created: 1
01:30:44 | INFO: Extracting primitive: V05_GATE_MONITOR_WALL_MESH
01:30:44 | INFO: Primitives created: 1
01:30:44 | INFO: Extracting primitive: V05_GATE_WINDOW0_MESH
01:30:44 | INFO: Primitives created: 1
01:30:44 | INFO: Extracting primitive: V05_GATE_WINDOW1_MESH
01:30:44 | INFO: Primitives created: 1
01:30:44 | INFO: Extracting primitive: V05_GATE_WINDOW2_MESH
01:30:44 | INFO: Primitives created: 1
01:30:44 | INFO: Extracting primitive: V05_GATEHOUSE_BACK_MESH
01:30:44 | INFO: Primitives created: 1
01:30:44 | INFO: Extracting primitive: V05_GATEHOUSE_DOOR_HEADER_MESH
01:30:44 | INFO: Primitives created: 1
01:30:44 | INFO: Extracting primitive: V05_GATEHOUSE_DOOR_L_MESH
01:30:44 | INFO: Primitives created: 1
01:30:44 | INFO: Extracting primitive: V05_GATEHOUSE_DOOR_R_MESH
01:30:44 | INFO: Primitives created: 1
01:30:44 | INFO: Extracting primitive: V05_GATEHOUSE_FLOOR_MESH
01:30:44 | INFO: Primitives created: 1
01:30:44 | INFO: Extracting primitive: V05_GATEHOUSE_LEFT_MESH
01:30:44 | INFO: Primitives created: 1
01:30:44 | INFO: Extracting primitive: V05_GATEHOUSE_LIGHT_0_FIXTURE_MESH
01:30:44 | INFO: Primitives created: 1
01:30:44 | INFO: Extracting primitive: V05_GATEHOUSE_LIGHT_0_GLOW_MESH
01:30:44 | INFO: Primitives created: 1
01:30:44 | INFO: Extracting primitive: V05_GATEHOUSE_LIGHT_1_FIXTURE_MESH
01:30:44 | INFO: Primitives created: 1
01:30:44 | INFO: Extracting primitive: V05_GATEHOUSE_LIGHT_1_GLOW_MESH
01:30:44 | INFO: Primitives created: 1
01:30:44 | INFO: Extracting primitive: V05_GATEHOUSE_RIGHT_MESH
01:30:44 | INFO: Primitives created: 1
01:30:44 | INFO: Extracting primitive: V05_GATEHOUSE_SOFFIT_90.4_MESH
01:30:44 | INFO: Primitives created: 1
01:30:44 | INFO: Extracting primitive: V05_GATEHOUSE_SOFFIT_96_MESH
01:30:44 | INFO: Primitives created: 1
01:30:44 | INFO: Extracting primitive: V05_GATEHOUSE_SOFFIT_101.6_MESH
01:30:44 | INFO: Primitives created: 1
01:30:44 | INFO: Extracting primitive: V05_GLASS_BACK_MESH
01:30:44 | INFO: Primitives created: 1
01:30:44 | INFO: Extracting primitive: V05_GLASS_CAFE_BACKBAR_MESH
01:30:44 | INFO: Primitives created: 1
01:30:44 | INFO: Extracting primitive: V05_GLASS_CAFE_COUNTER_MESH
01:30:44 | INFO: Primitives created: 1
01:30:44 | INFO: Extracting primitive: V05_GLASS_CAFE_SEAT0_MESH
01:30:44 | INFO: Primitives created: 1
01:30:44 | INFO: Extracting primitive: V05_GLASS_CAFE_SEAT1_MESH
01:30:44 | INFO: Primitives created: 1
01:30:44 | INFO: Extracting primitive: V05_GLASS_CAFE_SEAT2_MESH
01:30:44 | INFO: Primitives created: 1
01:30:44 | INFO: Extracting primitive: V05_GLASS_CAFE_SEAT3_MESH
01:30:44 | INFO: Primitives created: 1
01:30:44 | INFO: Extracting primitive: V05_GLASS_COMMAND_WALL_MESH
01:30:44 | INFO: Primitives created: 1
01:30:44 | INFO: Extracting primitive: V05_GLASS_CONSOLE0_MESH
01:30:44 | INFO: Primitives created: 1
01:30:44 | INFO: Extracting primitive: V05_GLASS_CONSOLE1_MESH
01:30:44 | INFO: Primitives created: 1
01:30:44 | INFO: Extracting primitive: V05_GLASS_CONSOLE2_MESH
01:30:44 | INFO: Primitives created: 1
01:30:44 | INFO: Extracting primitive: V05_GLASS_CONSOLE3_MESH
01:30:44 | INFO: Primitives created: 1
01:30:44 | INFO: Extracting primitive: V05_GLASS_FLOOR_MESH
01:30:44 | INFO: Primitives created: 1
01:30:44 | INFO: Extracting primitive: V05_GLASS_LEFT_MESH
01:30:44 | INFO: Primitives created: 1
01:30:44 | INFO: Extracting primitive: V05_GLASS_LIGHT_0_FIXTURE_MESH
01:30:44 | INFO: Primitives created: 1
01:30:44 | INFO: Extracting primitive: V05_GLASS_LIGHT_0_GLOW_MESH
01:30:44 | INFO: Primitives created: 1
01:30:44 | INFO: Extracting primitive: V05_GLASS_LIGHT_1_FIXTURE_MESH
01:30:44 | INFO: Primitives created: 1
01:30:44 | INFO: Extracting primitive: V05_GLASS_LIGHT_1_GLOW_MESH
01:30:44 | INFO: Primitives created: 1
01:30:44 | INFO: Extracting primitive: V05_GLASS_MONITOR0_MESH
01:30:44 | INFO: Primitives created: 1
01:30:44 | INFO: Extracting primitive: V05_GLASS_MONITOR1_MESH
01:30:44 | INFO: Primitives created: 1
01:30:44 | INFO: Extracting primitive: V05_GLASS_MONITOR2_MESH
01:30:44 | INFO: Primitives created: 1
01:30:44 | INFO: Extracting primitive: V05_GLASS_MONITOR3_MESH
01:30:44 | INFO: Primitives created: 1
01:30:44 | INFO: Extracting primitive: V05_GLASS_RIGHT_MESH
01:30:44 | INFO: Primitives created: 1
01:30:44 | INFO: Extracting primitive: V05_GLASS_SOFFIT_67.2_MESH
01:30:44 | INFO: Primitives created: 1
01:30:44 | INFO: Extracting primitive: V05_GLASS_SOFFIT_70_MESH
01:30:44 | INFO: Primitives created: 1
01:30:44 | INFO: Extracting primitive: V05_GLASS_SOFFIT_72.8_MESH
01:30:44 | INFO: Primitives created: 1
01:30:44 | INFO: Extracting primitive: V05_GLASS_TRAINING_CHAIR_0_MESH
01:30:44 | INFO: Primitives created: 1
01:30:44 | INFO: Extracting primitive: V05_GLASS_TRAINING_CHAIR_1_MESH
01:30:44 | INFO: Primitives created: 1
01:30:44 | INFO: Extracting primitive: V05_GLASS_TRAINING_CHAIR_2_MESH
01:30:44 | INFO: Primitives created: 1
01:30:44 | INFO: Extracting primitive: V05_GLASS_TRAINING_CHAIR_3_MESH
01:30:44 | INFO: Primitives created: 1
01:30:44 | INFO: Extracting primitive: V05_GLASS_TRAINING_CHAIR_4_MESH
01:30:44 | INFO: Primitives created: 1
01:30:44 | INFO: Extracting primitive: V05_GLASS_TRAINING_CHAIR_5_MESH
01:30:44 | INFO: Primitives created: 1
01:30:44 | INFO: Extracting primitive: V05_GLASS_TRAINING_CHAIR_6_MESH
01:30:44 | INFO: Primitives created: 1
01:30:44 | INFO: Extracting primitive: V05_GLASS_TRAINING_CHAIR_7_MESH
01:30:44 | INFO: Primitives created: 1
01:30:44 | INFO: Extracting primitive: V05_GLASS_TRAINING_TABLE_MESH
01:30:44 | INFO: Primitives created: 1
01:30:44 | INFO: Extracting primitive: V05_GYM_MACHINE0_BASE_MESH
01:30:44 | INFO: Primitives created: 1
01:30:44 | INFO: Extracting primitive: V05_GYM_MACHINE0_HOUSING_MESH
01:30:44 | INFO: Primitives created: 1
01:30:44 | INFO: Extracting primitive: V05_GYM_MACHINE0_PANEL_MESH
01:30:44 | INFO: Primitives created: 1
01:30:44 | INFO: Extracting primitive: V05_GYM_MACHINE1_BASE_MESH
01:30:44 | INFO: Primitives created: 1
01:30:44 | INFO: Extracting primitive: V05_GYM_MACHINE1_HOUSING_MESH
01:30:44 | INFO: Primitives created: 1
01:30:44 | INFO: Extracting primitive: V05_GYM_MACHINE1_PANEL_MESH
01:30:44 | INFO: Primitives created: 1
01:30:44 | INFO: Extracting primitive: V05_GYM_MACHINE2_BASE_MESH
01:30:44 | INFO: Primitives created: 1
01:30:44 | INFO: Extracting primitive: V05_GYM_MACHINE2_HOUSING_MESH
01:30:44 | INFO: Primitives created: 1
01:30:44 | INFO: Extracting primitive: V05_GYM_MACHINE2_PANEL_MESH
01:30:44 | INFO: Primitives created: 1
01:30:44 | INFO: Extracting primitive: V05_KITCHEN_APPLIANCE0_BASE_MESH
01:30:44 | INFO: Primitives created: 1
01:30:44 | INFO: Extracting primitive: V05_KITCHEN_APPLIANCE0_HOUSING_MESH
01:30:44 | INFO: Primitives created: 1
01:30:44 | INFO: Extracting primitive: V05_KITCHEN_APPLIANCE0_PANEL_MESH
01:30:44 | INFO: Primitives created: 1
01:30:44 | INFO: Extracting primitive: V05_KITCHEN_APPLIANCE1_BASE_MESH
01:30:44 | INFO: Primitives created: 1
01:30:44 | INFO: Extracting primitive: V05_KITCHEN_APPLIANCE1_HOUSING_MESH
01:30:44 | INFO: Primitives created: 1
01:30:44 | INFO: Extracting primitive: V05_KITCHEN_APPLIANCE1_PANEL_MESH
01:30:44 | INFO: Primitives created: 1
01:30:44 | INFO: Extracting primitive: V05_KITCHEN_APPLIANCE2_BASE_MESH
01:30:44 | INFO: Primitives created: 1
01:30:44 | INFO: Extracting primitive: V05_KITCHEN_APPLIANCE2_HOUSING_MESH
01:30:44 | INFO: Primitives created: 1
01:30:44 | INFO: Extracting primitive: V05_KITCHEN_APPLIANCE2_PANEL_MESH
01:30:44 | INFO: Primitives created: 1
01:30:44 | INFO: Extracting primitive: V05_KITCHEN_APPLIANCE3_BASE_MESH
01:30:44 | INFO: Primitives created: 1
01:30:44 | INFO: Extracting primitive: V05_KITCHEN_APPLIANCE3_HOUSING_MESH
01:30:44 | INFO: Primitives created: 1
01:30:44 | INFO: Extracting primitive: V05_KITCHEN_APPLIANCE3_PANEL_MESH
01:30:44 | INFO: Primitives created: 1
01:30:44 | INFO: Extracting primitive: V05_KITCHEN_APPLIANCE4_BASE_MESH
01:30:44 | INFO: Primitives created: 1
01:30:44 | INFO: Extracting primitive: V05_KITCHEN_APPLIANCE4_HOUSING_MESH
01:30:44 | INFO: Primitives created: 1
01:30:44 | INFO: Extracting primitive: V05_KITCHEN_APPLIANCE4_PANEL_MESH
01:30:44 | INFO: Primitives created: 1
01:30:44 | INFO: Extracting primitive: V05_KITCHEN_PARTITION_PANEL_MESH
01:30:44 | INFO: Primitives created: 1
01:30:44 | INFO: Extracting primitive: V05_KITCHEN_PARTITION_POST_MESH
01:30:44 | INFO: Primitives created: 1
01:30:44 | INFO: Extracting primitive: V05_KITCHEN_STORAGE_BEAM_0_MESH
01:30:44 | INFO: Primitives created: 1
01:30:44 | INFO: Extracting primitive: V05_KITCHEN_STORAGE_BEAM_1_MESH
01:30:44 | INFO: Primitives created: 1
01:30:44 | INFO: Extracting primitive: V05_KITCHEN_STORAGE_LOAD_0_0_MESH
01:30:44 | INFO: Primitives created: 1
01:30:44 | INFO: Extracting primitive: V05_KITCHEN_STORAGE_LOAD_0_1_MESH
01:30:44 | INFO: Primitives created: 1
01:30:44 | INFO: Extracting primitive: V05_KITCHEN_STORAGE_LOAD_1_0_MESH
01:30:44 | INFO: Primitives created: 1
01:30:44 | INFO: Extracting primitive: V05_KITCHEN_STORAGE_LOAD_1_1_MESH
01:30:44 | INFO: Primitives created: 1
01:30:44 | INFO: Extracting primitive: V05_KITCHEN_STORAGE_LOAD_2_0_MESH
01:30:44 | INFO: Primitives created: 1
01:30:44 | INFO: Extracting primitive: V05_KITCHEN_STORAGE_LOAD_2_1_MESH
01:30:44 | INFO: Primitives created: 1
01:30:44 | INFO: Extracting primitive: V05_KITCHEN_STORAGE_PALLET_0_0_MESH
01:30:44 | INFO: Primitives created: 1
01:30:44 | INFO: Extracting primitive: V05_KITCHEN_STORAGE_PALLET_0_1_MESH
01:30:44 | INFO: Primitives created: 1
01:30:44 | INFO: Extracting primitive: V05_KITCHEN_STORAGE_PALLET_1_0_MESH
01:30:44 | INFO: Primitives created: 1
01:30:44 | INFO: Extracting primitive: V05_KITCHEN_STORAGE_PALLET_1_1_MESH
01:30:44 | INFO: Primitives created: 1
01:30:44 | INFO: Extracting primitive: V05_KITCHEN_STORAGE_PALLET_2_0_MESH
01:30:44 | INFO: Primitives created: 1
01:30:44 | INFO: Extracting primitive: V05_KITCHEN_STORAGE_PALLET_2_1_MESH
01:30:44 | INFO: Primitives created: 1
01:30:44 | INFO: Extracting primitive: V05_KITCHEN_STORAGE_UPRIGHT_0_0_MESH
01:30:44 | INFO: Primitives created: 1
01:30:44 | INFO: Extracting primitive: V05_KITCHEN_STORAGE_UPRIGHT_0_1_MESH
01:30:44 | INFO: Primitives created: 1
01:30:44 | INFO: Extracting primitive: V05_KITCHEN_STORAGE_UPRIGHT_1_0_MESH
01:30:44 | INFO: Primitives created: 1
01:30:44 | INFO: Extracting primitive: V05_KITCHEN_STORAGE_UPRIGHT_1_1_MESH
01:30:44 | INFO: Primitives created: 1
01:30:44 | INFO: Extracting primitive: V05_KITCHEN_STORAGE_UPRIGHT_2_0_MESH
01:30:44 | INFO: Primitives created: 1
01:30:44 | INFO: Extracting primitive: V05_KITCHEN_STORAGE_UPRIGHT_2_1_MESH
01:30:44 | INFO: Primitives created: 1
01:30:44 | INFO: Extracting primitive: V05_LIQUID_BACK_MESH
01:30:44 | INFO: Primitives created: 1
01:30:44 | INFO: Extracting primitive: V05_LIQUID_CAPPER_BASE_MESH
01:30:44 | INFO: Primitives created: 1
01:30:44 | INFO: Extracting primitive: V05_LIQUID_CAPPER_HOUSING_MESH
01:30:44 | INFO: Primitives created: 1
01:30:44 | INFO: Extracting primitive: V05_LIQUID_CAPPER_PANEL_MESH
01:30:44 | INFO: Primitives created: 1
01:30:44 | INFO: Extracting primitive: V05_LIQUID_CASE_A_MESH
01:30:44 | INFO: Primitives created: 1
01:30:44 | INFO: Extracting primitive: V05_LIQUID_CASE_B_MESH
01:30:44 | INFO: Primitives created: 1
01:30:44 | INFO: Extracting primitive: V05_LIQUID_CASE_BED_MESH
01:30:44 | INFO: Primitives created: 1
01:30:44 | INFO: Extracting primitive: V05_LIQUID_CASE_PACK_BASE_MESH
01:30:44 | INFO: Primitives created: 1
01:30:44 | INFO: Extracting primitive: V05_LIQUID_CASE_PACK_HOUSING_MESH
01:30:44 | INFO: Primitives created: 1
01:30:44 | INFO: Extracting primitive: V05_LIQUID_CASE_PACK_PANEL_MESH
01:30:44 | INFO: Primitives created: 1
01:30:44 | INFO: Extracting primitive: V05_LIQUID_CASE_ROLLER0_MESH
01:30:44 | INFO: Primitives created: 1
01:30:44 | INFO: Extracting primitive: V05_LIQUID_CASE_ROLLER1_MESH
01:30:44 | INFO: Primitives created: 1
01:30:44 | INFO: Extracting primitive: V05_LIQUID_CASE_ROLLER2_MESH
01:30:44 | INFO: Primitives created: 1
01:30:44 | INFO: Extracting primitive: V05_LIQUID_CASE_ROLLER3_MESH
01:30:44 | INFO: Primitives created: 1
01:30:44 | INFO: Extracting primitive: V05_LIQUID_CASE_ROLLER4_MESH
01:30:44 | INFO: Primitives created: 1
01:30:44 | INFO: Extracting primitive: V05_LIQUID_CASE_ROLLER5_MESH
01:30:44 | INFO: Primitives created: 1
01:30:44 | INFO: Extracting primitive: V05_LIQUID_CASE_ROLLER6_MESH
01:30:44 | INFO: Primitives created: 1
01:30:44 | INFO: Extracting primitive: V05_LIQUID_DOOR_HEADER_MESH
01:30:44 | INFO: Primitives created: 1
01:30:44 | INFO: Extracting primitive: V05_LIQUID_DOOR_L_MESH
01:30:44 | INFO: Primitives created: 1
01:30:44 | INFO: Extracting primitive: V05_LIQUID_DOOR_R_MESH
01:30:44 | INFO: Primitives created: 1
01:30:44 | INFO: Extracting primitive: V05_LIQUID_FILLER_BASE_MESH
01:30:44 | INFO: Primitives created: 1
01:30:44 | INFO: Extracting primitive: V05_LIQUID_FILLER_HOUSING_MESH
01:30:44 | INFO: Primitives created: 1
01:30:44 | INFO: Extracting primitive: V05_LIQUID_FILLER_PANEL_MESH
01:30:44 | INFO: Primitives created: 1
01:30:44 | INFO: Extracting primitive: V05_LIQUID_FLOOR_MESH
01:30:44 | INFO: Primitives created: 1
01:30:44 | INFO: Extracting primitive: V05_LIQUID_INFEED_A_MESH
01:30:44 | INFO: Primitives created: 1
01:30:44 | INFO: Extracting primitive: V05_LIQUID_INFEED_B_MESH
01:30:44 | INFO: Primitives created: 1
01:30:44 | INFO: Extracting primitive: V05_LIQUID_INFEED_BED_MESH
01:30:44 | INFO: Primitives created: 1
01:30:44 | INFO: Extracting primitive: V05_LIQUID_INFEED_ROLLER0_MESH
01:30:44 | INFO: Primitives created: 1
01:30:44 | INFO: Extracting primitive: V05_LIQUID_INFEED_ROLLER1_MESH
01:30:44 | INFO: Primitives created: 1
01:30:44 | INFO: Extracting primitive: V05_LIQUID_INFEED_ROLLER2_MESH
01:30:44 | INFO: Primitives created: 1
01:30:44 | INFO: Extracting primitive: V05_LIQUID_INFEED_ROLLER3_MESH
01:30:44 | INFO: Primitives created: 1
01:30:44 | INFO: Extracting primitive: V05_LIQUID_INFEED_ROLLER4_MESH
01:30:44 | INFO: Primitives created: 1
01:30:44 | INFO: Extracting primitive: V05_LIQUID_INFEED_ROLLER5_MESH
01:30:44 | INFO: Primitives created: 1
01:30:44 | INFO: Extracting primitive: V05_LIQUID_INFEED_ROLLER6_MESH
01:30:44 | INFO: Primitives created: 1
01:30:44 | INFO: Extracting primitive: V05_LIQUID_INSPECT_BASE_MESH
01:30:44 | INFO: Primitives created: 1
01:30:44 | INFO: Extracting primitive: V05_LIQUID_INSPECT_HOUSING_MESH
01:30:44 | INFO: Primitives created: 1
01:30:44 | INFO: Extracting primitive: V05_LIQUID_INSPECT_PANEL_MESH
01:30:44 | INFO: Primitives created: 1
01:30:44 | INFO: Extracting primitive: V05_LIQUID_LABEL_A_MESH
01:30:44 | INFO: Primitives created: 1
01:30:44 | INFO: Extracting primitive: V05_LIQUID_LABEL_B_MESH
01:30:44 | INFO: Primitives created: 1
01:30:44 | INFO: Extracting primitive: V05_LIQUID_LABEL_BED_MESH
01:30:44 | INFO: Primitives created: 1
01:30:44 | INFO: Extracting primitive: V05_LIQUID_LABEL_ROLLER0_MESH
01:30:44 | INFO: Primitives created: 1
01:30:44 | INFO: Extracting primitive: V05_LIQUID_LABEL_ROLLER1_MESH
01:30:44 | INFO: Primitives created: 1
01:30:44 | INFO: Extracting primitive: V05_LIQUID_LABEL_ROLLER2_MESH
01:30:44 | INFO: Primitives created: 1
01:30:44 | INFO: Extracting primitive: V05_LIQUID_LABEL_ROLLER3_MESH
01:30:44 | INFO: Primitives created: 1
01:30:44 | INFO: Extracting primitive: V05_LIQUID_LABEL_ROLLER4_MESH
01:30:44 | INFO: Primitives created: 1
01:30:44 | INFO: Extracting primitive: V05_LIQUID_LABEL_ROLLER5_MESH
01:30:44 | INFO: Primitives created: 1
01:30:44 | INFO: Extracting primitive: V05_LIQUID_LABEL_ROLLER6_MESH
01:30:44 | INFO: Primitives created: 1
01:30:44 | INFO: Extracting primitive: V05_LIQUID_LEFT_MESH
01:30:44 | INFO: Primitives created: 1
01:30:44 | INFO: Extracting primitive: V05_LIQUID_LIGHT_0_FIXTURE_MESH
01:30:44 | INFO: Primitives created: 1
01:30:44 | INFO: Extracting primitive: V05_LIQUID_LIGHT_0_GLOW_MESH
01:30:44 | INFO: Primitives created: 1
01:30:44 | INFO: Extracting primitive: V05_LIQUID_LIGHT_1_FIXTURE_MESH
01:30:44 | INFO: Primitives created: 1
01:30:44 | INFO: Extracting primitive: V05_LIQUID_LIGHT_1_GLOW_MESH
01:30:44 | INFO: Primitives created: 1
01:30:44 | INFO: Extracting primitive: V05_LIQUID_LIGHT_2_FIXTURE_MESH
01:30:44 | INFO: Primitives created: 1
01:30:44 | INFO: Extracting primitive: V05_LIQUID_LIGHT_2_GLOW_MESH
01:30:44 | INFO: Primitives created: 1
01:30:44 | INFO: Extracting primitive: V05_LIQUID_LIGHT_3_FIXTURE_MESH
01:30:44 | INFO: Primitives created: 1
01:30:44 | INFO: Extracting primitive: V05_LIQUID_LIGHT_3_GLOW_MESH
01:30:44 | INFO: Primitives created: 1
01:30:44 | INFO: Extracting primitive: V05_LIQUID_NOZZLE0_MESH
01:30:44 | INFO: Primitives created: 1
01:30:44 | INFO: Extracting primitive: V05_LIQUID_NOZZLE1_MESH
01:30:44 | INFO: Primitives created: 1
01:30:44 | INFO: Extracting primitive: V05_LIQUID_NOZZLE2_MESH
01:30:44 | INFO: Primitives created: 1
01:30:44 | INFO: Extracting primitive: V05_LIQUID_NOZZLE3_MESH
01:30:44 | INFO: Primitives created: 1
01:30:44 | INFO: Extracting primitive: V05_LIQUID_NOZZLE4_MESH
01:30:44 | INFO: Primitives created: 1
01:30:44 | INFO: Extracting primitive: V05_LIQUID_NOZZLE5_MESH
01:30:44 | INFO: Primitives created: 1
01:30:44 | INFO: Extracting primitive: V05_LIQUID_RIGHT_MESH
01:30:44 | INFO: Primitives created: 1
01:30:44 | INFO: Extracting primitive: V05_LIQUID_SOFFIT_10_MESH
01:30:44 | INFO: Primitives created: 1
01:30:44 | INFO: Extracting primitive: V05_LIQUID_SOFFIT_22.880000000000003_MESH
01:30:44 | INFO: Primitives created: 1
01:30:44 | INFO: Extracting primitive: V05_LIQUID_SOFFIT_-2.880000000000001_MESH
01:30:44 | INFO: Primitives created: 1
01:30:44 | INFO: Extracting primitive: V05_LIQUID_TO_CAPPER_A_MESH
01:30:44 | INFO: Primitives created: 1
01:30:44 | INFO: Extracting primitive: V05_LIQUID_TO_CAPPER_B_MESH
01:30:44 | INFO: Primitives created: 1
01:30:44 | INFO: Extracting primitive: V05_LIQUID_TO_CAPPER_BED_MESH
01:30:44 | INFO: Primitives created: 1
01:30:44 | INFO: Extracting primitive: V05_LIQUID_TO_CAPPER_ROLLER0_MESH
01:30:44 | INFO: Primitives created: 1
01:30:44 | INFO: Extracting primitive: V05_LIQUID_TO_CAPPER_ROLLER1_MESH
01:30:44 | INFO: Primitives created: 1
01:30:44 | INFO: Extracting primitive: V05_LIQUID_TO_CAPPER_ROLLER2_MESH
01:30:44 | INFO: Primitives created: 1
01:30:44 | INFO: Extracting primitive: V05_LIQUID_TO_CAPPER_ROLLER3_MESH
01:30:44 | INFO: Primitives created: 1
01:30:44 | INFO: Extracting primitive: V05_LIQUID_TO_CAPPER_ROLLER4_MESH
01:30:44 | INFO: Primitives created: 1
01:30:44 | INFO: Extracting primitive: V05_LIQUID_TO_CAPPER_ROLLER5_MESH
01:30:44 | INFO: Primitives created: 1
01:30:44 | INFO: Extracting primitive: V05_LIQUID_TO_CAPPER_ROLLER6_MESH
01:30:44 | INFO: Primitives created: 1
01:30:44 | INFO: Extracting primitive: V05_PACK_BACK_MESH
01:30:44 | INFO: Primitives created: 1
01:30:44 | INFO: Extracting primitive: V05_PACK_CARTON0_BASE_MESH
01:30:44 | INFO: Primitives created: 1
01:30:44 | INFO: Extracting primitive: V05_PACK_CARTON0_LOAD_MESH
01:30:44 | INFO: Primitives created: 1
01:30:44 | INFO: Extracting primitive: V05_PACK_CARTON1_BASE_MESH
01:30:44 | INFO: Primitives created: 1
01:30:44 | INFO: Extracting primitive: V05_PACK_CARTON1_LOAD_MESH
01:30:44 | INFO: Primitives created: 1
01:30:44 | INFO: Extracting primitive: V05_PACK_CARTON2_BASE_MESH
01:30:44 | INFO: Primitives created: 1
01:30:44 | INFO: Extracting primitive: V05_PACK_CARTON2_LOAD_MESH
01:30:44 | INFO: Primitives created: 1
01:30:44 | INFO: Extracting primitive: V05_PACK_CARTON3_BASE_MESH
01:30:44 | INFO: Primitives created: 1
01:30:44 | INFO: Extracting primitive: V05_PACK_CARTON3_LOAD_MESH
01:30:44 | INFO: Primitives created: 1
01:30:44 | INFO: Extracting primitive: V05_PACK_CARTON4_BASE_MESH
01:30:44 | INFO: Primitives created: 1
01:30:44 | INFO: Extracting primitive: V05_PACK_CARTON4_LOAD_MESH
01:30:44 | INFO: Primitives created: 1
01:30:44 | INFO: Extracting primitive: V05_PACK_DOOR_HEADER_MESH
01:30:44 | INFO: Primitives created: 1
01:30:44 | INFO: Extracting primitive: V05_PACK_DOOR_L_MESH
01:30:44 | INFO: Primitives created: 1
01:30:44 | INFO: Extracting primitive: V05_PACK_DOOR_R_MESH
01:30:44 | INFO: Primitives created: 1
01:30:44 | INFO: Extracting primitive: V05_PACK_FLOOR_MESH
01:30:44 | INFO: Primitives created: 1
01:30:44 | INFO: Extracting primitive: V05_PACK_LEFT_MESH
01:30:44 | INFO: Primitives created: 1
01:30:44 | INFO: Extracting primitive: V05_PACK_LIGHT_0_FIXTURE_MESH
01:30:44 | INFO: Primitives created: 1
01:30:44 | INFO: Extracting primitive: V05_PACK_LIGHT_0_GLOW_MESH
01:30:44 | INFO: Primitives created: 1
01:30:44 | INFO: Extracting primitive: V05_PACK_LIGHT_1_FIXTURE_MESH
01:30:44 | INFO: Primitives created: 1
01:30:44 | INFO: Extracting primitive: V05_PACK_LIGHT_1_GLOW_MESH
01:30:44 | INFO: Primitives created: 1
01:30:44 | INFO: Extracting primitive: V05_PACK_LIGHT_2_FIXTURE_MESH
01:30:44 | INFO: Primitives created: 1
01:30:44 | INFO: Extracting primitive: V05_PACK_LIGHT_2_GLOW_MESH
01:30:44 | INFO: Primitives created: 1
01:30:44 | INFO: Extracting primitive: V05_PACK_LIGHT_3_FIXTURE_MESH
01:30:44 | INFO: Primitives created: 1
01:30:44 | INFO: Extracting primitive: V05_PACK_LIGHT_3_GLOW_MESH
01:30:44 | INFO: Primitives created: 1
01:30:44 | INFO: Extracting primitive: V05_PACK_LIGHT_4_FIXTURE_MESH
01:30:44 | INFO: Primitives created: 1
01:30:44 | INFO: Extracting primitive: V05_PACK_LIGHT_4_GLOW_MESH
01:30:44 | INFO: Primitives created: 1
01:30:44 | INFO: Extracting primitive: V05_PACK_RACK67_BEAM_0_MESH
01:30:44 | INFO: Primitives created: 1
01:30:44 | INFO: Extracting primitive: V05_PACK_RACK67_BEAM_1_MESH
01:30:44 | INFO: Primitives created: 1
01:30:44 | INFO: Extracting primitive: V05_PACK_RACK67_BEAM_2_MESH
01:30:44 | INFO: Primitives created: 1
01:30:44 | INFO: Extracting primitive: V05_PACK_RACK67_LOAD_0_0_MESH
01:30:44 | INFO: Primitives created: 1
01:30:44 | INFO: Extracting primitive: V05_PACK_RACK67_LOAD_0_1_MESH
01:30:44 | INFO: Primitives created: 1
01:30:44 | INFO: Extracting primitive: V05_PACK_RACK67_LOAD_0_2_MESH
01:30:44 | INFO: Primitives created: 1
01:30:44 | INFO: Extracting primitive: V05_PACK_RACK67_LOAD_1_0_MESH
01:30:44 | INFO: Primitives created: 1
01:30:44 | INFO: Extracting primitive: V05_PACK_RACK67_LOAD_1_1_MESH
01:30:44 | INFO: Primitives created: 1
01:30:44 | INFO: Extracting primitive: V05_PACK_RACK67_LOAD_1_2_MESH
01:30:44 | INFO: Primitives created: 1
01:30:44 | INFO: Extracting primitive: V05_PACK_RACK67_LOAD_2_0_MESH
01:30:44 | INFO: Primitives created: 1
01:30:44 | INFO: Extracting primitive: V05_PACK_RACK67_LOAD_2_1_MESH
01:30:44 | INFO: Primitives created: 1
01:30:44 | INFO: Extracting primitive: V05_PACK_RACK67_LOAD_2_2_MESH
01:30:44 | INFO: Primitives created: 1
01:30:44 | INFO: Extracting primitive: V05_PACK_RACK67_LOAD_3_0_MESH
01:30:44 | INFO: Primitives created: 1
01:30:44 | INFO: Extracting primitive: V05_PACK_RACK67_LOAD_3_1_MESH
01:30:44 | INFO: Primitives created: 1
01:30:44 | INFO: Extracting primitive: V05_PACK_RACK67_LOAD_3_2_MESH
01:30:44 | INFO: Primitives created: 1
01:30:44 | INFO: Extracting primitive: V05_PACK_RACK67_LOAD_4_0_MESH
01:30:44 | INFO: Primitives created: 1
01:30:44 | INFO: Extracting primitive: V05_PACK_RACK67_LOAD_4_1_MESH
01:30:44 | INFO: Primitives created: 1
01:30:44 | INFO: Extracting primitive: V05_PACK_RACK67_LOAD_4_2_MESH
01:30:44 | INFO: Primitives created: 1
01:30:44 | INFO: Extracting primitive: V05_PACK_RACK67_LOAD_5_0_MESH
01:30:44 | INFO: Primitives created: 1
01:30:44 | INFO: Extracting primitive: V05_PACK_RACK67_LOAD_5_1_MESH
01:30:44 | INFO: Primitives created: 1
01:30:44 | INFO: Extracting primitive: V05_PACK_RACK67_LOAD_5_2_MESH
01:30:44 | INFO: Primitives created: 1
01:30:44 | INFO: Extracting primitive: V05_PACK_RACK67_LOAD_6_0_MESH
01:30:44 | INFO: Primitives created: 1
01:30:44 | INFO: Extracting primitive: V05_PACK_RACK67_LOAD_6_1_MESH
01:30:44 | INFO: Primitives created: 1
01:30:44 | INFO: Extracting primitive: V05_PACK_RACK67_LOAD_6_2_MESH
01:30:44 | INFO: Primitives created: 1
01:30:44 | INFO: Extracting primitive: V05_PACK_RACK67_PALLET_0_0_MESH
01:30:44 | INFO: Primitives created: 1
01:30:44 | INFO: Extracting primitive: V05_PACK_RACK67_PALLET_0_1_MESH
01:30:44 | INFO: Primitives created: 1
01:30:44 | INFO: Extracting primitive: V05_PACK_RACK67_PALLET_0_2_MESH
01:30:44 | INFO: Primitives created: 1
01:30:44 | INFO: Extracting primitive: V05_PACK_RACK67_PALLET_1_0_MESH
01:30:44 | INFO: Primitives created: 1
01:30:44 | INFO: Extracting primitive: V05_PACK_RACK67_PALLET_1_1_MESH
01:30:44 | INFO: Primitives created: 1
01:30:44 | INFO: Extracting primitive: V05_PACK_RACK67_PALLET_1_2_MESH
01:30:44 | INFO: Primitives created: 1
01:30:44 | INFO: Extracting primitive: V05_PACK_RACK67_PALLET_2_0_MESH
01:30:44 | INFO: Primitives created: 1
01:30:44 | INFO: Extracting primitive: V05_PACK_RACK67_PALLET_2_1_MESH
01:30:44 | INFO: Primitives created: 1
01:30:44 | INFO: Extracting primitive: V05_PACK_RACK67_PALLET_2_2_MESH
01:30:44 | INFO: Primitives created: 1
01:30:44 | INFO: Extracting primitive: V05_PACK_RACK67_PALLET_3_0_MESH
01:30:44 | INFO: Primitives created: 1
01:30:44 | INFO: Extracting primitive: V05_PACK_RACK67_PALLET_3_1_MESH
01:30:44 | INFO: Primitives created: 1
01:30:44 | INFO: Extracting primitive: V05_PACK_RACK67_PALLET_3_2_MESH
01:30:44 | INFO: Primitives created: 1
01:30:44 | INFO: Extracting primitive: V05_PACK_RACK67_PALLET_4_0_MESH
01:30:44 | INFO: Primitives created: 1
01:30:44 | INFO: Extracting primitive: V05_PACK_RACK67_PALLET_4_1_MESH
01:30:44 | INFO: Primitives created: 1
01:30:44 | INFO: Extracting primitive: V05_PACK_RACK67_PALLET_4_2_MESH
01:30:44 | INFO: Primitives created: 1
01:30:44 | INFO: Extracting primitive: V05_PACK_RACK67_PALLET_5_0_MESH
01:30:44 | INFO: Primitives created: 1
01:30:44 | INFO: Extracting primitive: V05_PACK_RACK67_PALLET_5_1_MESH
01:30:44 | INFO: Primitives created: 1
01:30:44 | INFO: Extracting primitive: V05_PACK_RACK67_PALLET_5_2_MESH
01:30:44 | INFO: Primitives created: 1
01:30:44 | INFO: Extracting primitive: V05_PACK_RACK67_PALLET_6_0_MESH
01:30:44 | INFO: Primitives created: 1
01:30:44 | INFO: Extracting primitive: V05_PACK_RACK67_PALLET_6_1_MESH
01:30:44 | INFO: Primitives created: 1
01:30:44 | INFO: Extracting primitive: V05_PACK_RACK67_PALLET_6_2_MESH
01:30:44 | INFO: Primitives created: 1
01:30:44 | INFO: Extracting primitive: V05_PACK_RACK67_UPRIGHT_0_0_MESH
01:30:44 | INFO: Primitives created: 1
01:30:44 | INFO: Extracting primitive: V05_PACK_RACK67_UPRIGHT_0_1_MESH
01:30:44 | INFO: Primitives created: 1
01:30:44 | INFO: Extracting primitive: V05_PACK_RACK67_UPRIGHT_0_2_MESH
01:30:44 | INFO: Primitives created: 1
01:30:44 | INFO: Extracting primitive: V05_PACK_RACK67_UPRIGHT_1_0_MESH
01:30:44 | INFO: Primitives created: 1
01:30:44 | INFO: Extracting primitive: V05_PACK_RACK67_UPRIGHT_1_1_MESH
01:30:44 | INFO: Primitives created: 1
01:30:44 | INFO: Extracting primitive: V05_PACK_RACK67_UPRIGHT_1_2_MESH
01:30:44 | INFO: Primitives created: 1
01:30:44 | INFO: Extracting primitive: V05_PACK_RACK67_UPRIGHT_2_0_MESH
01:30:44 | INFO: Primitives created: 1
01:30:44 | INFO: Extracting primitive: V05_PACK_RACK67_UPRIGHT_2_1_MESH
01:30:44 | INFO: Primitives created: 1
01:30:44 | INFO: Extracting primitive: V05_PACK_RACK67_UPRIGHT_2_2_MESH
01:30:44 | INFO: Primitives created: 1
01:30:44 | INFO: Extracting primitive: V05_PACK_RACK67_UPRIGHT_3_0_MESH
01:30:44 | INFO: Primitives created: 1
01:30:44 | INFO: Extracting primitive: V05_PACK_RACK67_UPRIGHT_3_1_MESH
01:30:44 | INFO: Primitives created: 1
01:30:44 | INFO: Extracting primitive: V05_PACK_RACK67_UPRIGHT_3_2_MESH
01:30:44 | INFO: Primitives created: 1
01:30:44 | INFO: Extracting primitive: V05_PACK_RACK67_UPRIGHT_4_0_MESH
01:30:44 | INFO: Primitives created: 1
01:30:44 | INFO: Extracting primitive: V05_PACK_RACK67_UPRIGHT_4_1_MESH
01:30:44 | INFO: Primitives created: 1
01:30:44 | INFO: Extracting primitive: V05_PACK_RACK67_UPRIGHT_4_2_MESH
01:30:44 | INFO: Primitives created: 1
01:30:44 | INFO: Extracting primitive: V05_PACK_RACK67_UPRIGHT_5_0_MESH
01:30:44 | INFO: Primitives created: 1
01:30:44 | INFO: Extracting primitive: V05_PACK_RACK67_UPRIGHT_5_1_MESH
01:30:44 | INFO: Primitives created: 1
01:30:44 | INFO: Extracting primitive: V05_PACK_RACK67_UPRIGHT_5_2_MESH
01:30:44 | INFO: Primitives created: 1
01:30:44 | INFO: Extracting primitive: V05_PACK_RACK67_UPRIGHT_6_0_MESH
01:30:44 | INFO: Primitives created: 1
01:30:44 | INFO: Extracting primitive: V05_PACK_RACK67_UPRIGHT_6_1_MESH
01:30:44 | INFO: Primitives created: 1
01:30:44 | INFO: Extracting primitive: V05_PACK_RACK67_UPRIGHT_6_2_MESH
01:30:44 | INFO: Primitives created: 1
01:30:44 | INFO: Extracting primitive: V05_PACK_RACK75_BEAM_0_MESH
01:30:44 | INFO: Primitives created: 1
01:30:44 | INFO: Extracting primitive: V05_PACK_RACK75_BEAM_1_MESH
01:30:44 | INFO: Primitives created: 1
01:30:44 | INFO: Extracting primitive: V05_PACK_RACK75_BEAM_2_MESH
01:30:44 | INFO: Primitives created: 1
01:30:44 | INFO: Extracting primitive: V05_PACK_RACK75_LOAD_0_0_MESH
01:30:44 | INFO: Primitives created: 1
01:30:44 | INFO: Extracting primitive: V05_PACK_RACK75_LOAD_0_1_MESH
01:30:44 | INFO: Primitives created: 1
01:30:44 | INFO: Extracting primitive: V05_PACK_RACK75_LOAD_0_2_MESH
01:30:44 | INFO: Primitives created: 1
01:30:44 | INFO: Extracting primitive: V05_PACK_RACK75_LOAD_1_0_MESH
01:30:44 | INFO: Primitives created: 1
01:30:44 | INFO: Extracting primitive: V05_PACK_RACK75_LOAD_1_1_MESH
01:30:44 | INFO: Primitives created: 1
01:30:44 | INFO: Extracting primitive: V05_PACK_RACK75_LOAD_1_2_MESH
01:30:44 | INFO: Primitives created: 1
01:30:44 | INFO: Extracting primitive: V05_PACK_RACK75_LOAD_2_0_MESH
01:30:44 | INFO: Primitives created: 1
01:30:44 | INFO: Extracting primitive: V05_PACK_RACK75_LOAD_2_1_MESH
01:30:44 | INFO: Primitives created: 1
01:30:44 | INFO: Extracting primitive: V05_PACK_RACK75_LOAD_2_2_MESH
01:30:44 | INFO: Primitives created: 1
01:30:44 | INFO: Extracting primitive: V05_PACK_RACK75_LOAD_3_0_MESH
01:30:44 | INFO: Primitives created: 1
01:30:44 | INFO: Extracting primitive: V05_PACK_RACK75_LOAD_3_1_MESH
01:30:44 | INFO: Primitives created: 1
01:30:44 | INFO: Extracting primitive: V05_PACK_RACK75_LOAD_3_2_MESH
01:30:44 | INFO: Primitives created: 1
01:30:44 | INFO: Extracting primitive: V05_PACK_RACK75_LOAD_4_0_MESH
01:30:44 | INFO: Primitives created: 1
01:30:44 | INFO: Extracting primitive: V05_PACK_RACK75_LOAD_4_1_MESH
01:30:44 | INFO: Primitives created: 1
01:30:44 | INFO: Extracting primitive: V05_PACK_RACK75_LOAD_4_2_MESH
01:30:44 | INFO: Primitives created: 1
01:30:44 | INFO: Extracting primitive: V05_PACK_RACK75_LOAD_5_0_MESH
01:30:44 | INFO: Primitives created: 1
01:30:44 | INFO: Extracting primitive: V05_PACK_RACK75_LOAD_5_1_MESH
01:30:44 | INFO: Primitives created: 1
01:30:44 | INFO: Extracting primitive: V05_PACK_RACK75_LOAD_5_2_MESH
01:30:44 | INFO: Primitives created: 1
01:30:44 | INFO: Extracting primitive: V05_PACK_RACK75_LOAD_6_0_MESH
01:30:44 | INFO: Primitives created: 1
01:30:44 | INFO: Extracting primitive: V05_PACK_RACK75_LOAD_6_1_MESH
01:30:44 | INFO: Primitives created: 1
01:30:44 | INFO: Extracting primitive: V05_PACK_RACK75_LOAD_6_2_MESH
01:30:44 | INFO: Primitives created: 1
01:30:44 | INFO: Extracting primitive: V05_PACK_RACK75_PALLET_0_0_MESH
01:30:44 | INFO: Primitives created: 1
01:30:44 | INFO: Extracting primitive: V05_PACK_RACK75_PALLET_0_1_MESH
01:30:44 | INFO: Primitives created: 1
01:30:44 | INFO: Extracting primitive: V05_PACK_RACK75_PALLET_0_2_MESH
01:30:44 | INFO: Primitives created: 1
01:30:44 | INFO: Extracting primitive: V05_PACK_RACK75_PALLET_1_0_MESH
01:30:44 | INFO: Primitives created: 1
01:30:44 | INFO: Extracting primitive: V05_PACK_RACK75_PALLET_1_1_MESH
01:30:44 | INFO: Primitives created: 1
01:30:44 | INFO: Extracting primitive: V05_PACK_RACK75_PALLET_1_2_MESH
01:30:44 | INFO: Primitives created: 1
01:30:44 | INFO: Extracting primitive: V05_PACK_RACK75_PALLET_2_0_MESH
01:30:44 | INFO: Primitives created: 1
01:30:44 | INFO: Extracting primitive: V05_PACK_RACK75_PALLET_2_1_MESH
01:30:44 | INFO: Primitives created: 1
01:30:44 | INFO: Extracting primitive: V05_PACK_RACK75_PALLET_2_2_MESH
01:30:44 | INFO: Primitives created: 1
01:30:44 | INFO: Extracting primitive: V05_PACK_RACK75_PALLET_3_0_MESH
01:30:44 | INFO: Primitives created: 1
01:30:44 | INFO: Extracting primitive: V05_PACK_RACK75_PALLET_3_1_MESH
01:30:44 | INFO: Primitives created: 1
01:30:44 | INFO: Extracting primitive: V05_PACK_RACK75_PALLET_3_2_MESH
01:30:44 | INFO: Primitives created: 1
01:30:44 | INFO: Extracting primitive: V05_PACK_RACK75_PALLET_4_0_MESH
01:30:44 | INFO: Primitives created: 1
01:30:44 | INFO: Extracting primitive: V05_PACK_RACK75_PALLET_4_1_MESH
01:30:44 | INFO: Primitives created: 1
01:30:44 | INFO: Extracting primitive: V05_PACK_RACK75_PALLET_4_2_MESH
01:30:44 | INFO: Primitives created: 1
01:30:44 | INFO: Extracting primitive: V05_PACK_RACK75_PALLET_5_0_MESH
01:30:44 | INFO: Primitives created: 1
01:30:44 | INFO: Extracting primitive: V05_PACK_RACK75_PALLET_5_1_MESH
01:30:44 | INFO: Primitives created: 1
01:30:44 | INFO: Extracting primitive: V05_PACK_RACK75_PALLET_5_2_MESH
01:30:44 | INFO: Primitives created: 1
01:30:44 | INFO: Extracting primitive: V05_PACK_RACK75_PALLET_6_0_MESH
01:30:44 | INFO: Primitives created: 1
01:30:44 | INFO: Extracting primitive: V05_PACK_RACK75_PALLET_6_1_MESH
01:30:44 | INFO: Primitives created: 1
01:30:44 | INFO: Extracting primitive: V05_PACK_RACK75_PALLET_6_2_MESH
01:30:44 | INFO: Primitives created: 1
01:30:44 | INFO: Extracting primitive: V05_PACK_RACK75_UPRIGHT_0_0_MESH
01:30:44 | INFO: Primitives created: 1
01:30:44 | INFO: Extracting primitive: V05_PACK_RACK75_UPRIGHT_0_1_MESH
01:30:44 | INFO: Primitives created: 1
01:30:44 | INFO: Extracting primitive: V05_PACK_RACK75_UPRIGHT_0_2_MESH
01:30:44 | INFO: Primitives created: 1
01:30:44 | INFO: Extracting primitive: V05_PACK_RACK75_UPRIGHT_1_0_MESH
01:30:44 | INFO: Primitives created: 1
01:30:44 | INFO: Extracting primitive: V05_PACK_RACK75_UPRIGHT_1_1_MESH
01:30:44 | INFO: Primitives created: 1
01:30:44 | INFO: Extracting primitive: V05_PACK_RACK75_UPRIGHT_1_2_MESH
01:30:44 | INFO: Primitives created: 1
01:30:44 | INFO: Extracting primitive: V05_PACK_RACK75_UPRIGHT_2_0_MESH
01:30:44 | INFO: Primitives created: 1
01:30:44 | INFO: Extracting primitive: V05_PACK_RACK75_UPRIGHT_2_1_MESH
01:30:44 | INFO: Primitives created: 1
01:30:44 | INFO: Extracting primitive: V05_PACK_RACK75_UPRIGHT_2_2_MESH
01:30:44 | INFO: Primitives created: 1
01:30:44 | INFO: Extracting primitive: V05_PACK_RACK75_UPRIGHT_3_0_MESH
01:30:44 | INFO: Primitives created: 1
01:30:44 | INFO: Extracting primitive: V05_PACK_RACK75_UPRIGHT_3_1_MESH
01:30:44 | INFO: Primitives created: 1
01:30:44 | INFO: Extracting primitive: V05_PACK_RACK75_UPRIGHT_3_2_MESH
01:30:44 | INFO: Primitives created: 1
01:30:44 | INFO: Extracting primitive: V05_PACK_RACK75_UPRIGHT_4_0_MESH
01:30:44 | INFO: Primitives created: 1
01:30:44 | INFO: Extracting primitive: V05_PACK_RACK75_UPRIGHT_4_1_MESH
01:30:44 | INFO: Primitives created: 1
01:30:44 | INFO: Extracting primitive: V05_PACK_RACK75_UPRIGHT_4_2_MESH
01:30:44 | INFO: Primitives created: 1
01:30:44 | INFO: Extracting primitive: V05_PACK_RACK75_UPRIGHT_5_0_MESH
01:30:44 | INFO: Primitives created: 1
01:30:44 | INFO: Extracting primitive: V05_PACK_RACK75_UPRIGHT_5_1_MESH
01:30:44 | INFO: Primitives created: 1
01:30:44 | INFO: Extracting primitive: V05_PACK_RACK75_UPRIGHT_5_2_MESH
01:30:44 | INFO: Primitives created: 1
01:30:44 | INFO: Extracting primitive: V05_PACK_RACK75_UPRIGHT_6_0_MESH
01:30:44 | INFO: Primitives created: 1
01:30:44 | INFO: Extracting primitive: V05_PACK_RACK75_UPRIGHT_6_1_MESH
01:30:44 | INFO: Primitives created: 1
01:30:44 | INFO: Extracting primitive: V05_PACK_RACK75_UPRIGHT_6_2_MESH
01:30:44 | INFO: Primitives created: 1
01:30:44 | INFO: Extracting primitive: V05_PACK_RACK83_BEAM_0_MESH
01:30:44 | INFO: Primitives created: 1
01:30:44 | INFO: Extracting primitive: V05_PACK_RACK83_BEAM_1_MESH
01:30:44 | INFO: Primitives created: 1
01:30:44 | INFO: Extracting primitive: V05_PACK_RACK83_BEAM_2_MESH
01:30:44 | INFO: Primitives created: 1
01:30:44 | INFO: Extracting primitive: V05_PACK_RACK83_LOAD_0_0_MESH
01:30:44 | INFO: Primitives created: 1
01:30:44 | INFO: Extracting primitive: V05_PACK_RACK83_LOAD_0_1_MESH
01:30:44 | INFO: Primitives created: 1
01:30:44 | INFO: Extracting primitive: V05_PACK_RACK83_LOAD_0_2_MESH
01:30:44 | INFO: Primitives created: 1
01:30:44 | INFO: Extracting primitive: V05_PACK_RACK83_LOAD_1_0_MESH
01:30:44 | INFO: Primitives created: 1
01:30:44 | INFO: Extracting primitive: V05_PACK_RACK83_LOAD_1_1_MESH
01:30:44 | INFO: Primitives created: 1
01:30:44 | INFO: Extracting primitive: V05_PACK_RACK83_LOAD_1_2_MESH
01:30:44 | INFO: Primitives created: 1
01:30:44 | INFO: Extracting primitive: V05_PACK_RACK83_LOAD_2_0_MESH
01:30:44 | INFO: Primitives created: 1
01:30:44 | INFO: Extracting primitive: V05_PACK_RACK83_LOAD_2_1_MESH
01:30:44 | INFO: Primitives created: 1
01:30:44 | INFO: Extracting primitive: V05_PACK_RACK83_LOAD_2_2_MESH
01:30:44 | INFO: Primitives created: 1
01:30:44 | INFO: Extracting primitive: V05_PACK_RACK83_LOAD_3_0_MESH
01:30:44 | INFO: Primitives created: 1
01:30:44 | INFO: Extracting primitive: V05_PACK_RACK83_LOAD_3_1_MESH
01:30:44 | INFO: Primitives created: 1
01:30:44 | INFO: Extracting primitive: V05_PACK_RACK83_LOAD_3_2_MESH
01:30:44 | INFO: Primitives created: 1
01:30:44 | INFO: Extracting primitive: V05_PACK_RACK83_LOAD_4_0_MESH
01:30:44 | INFO: Primitives created: 1
01:30:44 | INFO: Extracting primitive: V05_PACK_RACK83_LOAD_4_1_MESH
01:30:44 | INFO: Primitives created: 1
01:30:44 | INFO: Extracting primitive: V05_PACK_RACK83_LOAD_4_2_MESH
01:30:44 | INFO: Primitives created: 1
01:30:44 | INFO: Extracting primitive: V05_PACK_RACK83_LOAD_5_0_MESH
01:30:44 | INFO: Primitives created: 1
01:30:44 | INFO: Extracting primitive: V05_PACK_RACK83_LOAD_5_1_MESH
01:30:44 | INFO: Primitives created: 1
01:30:44 | INFO: Extracting primitive: V05_PACK_RACK83_LOAD_5_2_MESH
01:30:44 | INFO: Primitives created: 1
01:30:44 | INFO: Extracting primitive: V05_PACK_RACK83_LOAD_6_0_MESH
01:30:44 | INFO: Primitives created: 1
01:30:44 | INFO: Extracting primitive: V05_PACK_RACK83_LOAD_6_1_MESH
01:30:44 | INFO: Primitives created: 1
01:30:44 | INFO: Extracting primitive: V05_PACK_RACK83_LOAD_6_2_MESH
01:30:44 | INFO: Primitives created: 1
01:30:44 | INFO: Extracting primitive: V05_PACK_RACK83_PALLET_0_0_MESH
01:30:44 | INFO: Primitives created: 1
01:30:44 | INFO: Extracting primitive: V05_PACK_RACK83_PALLET_0_1_MESH
01:30:44 | INFO: Primitives created: 1
01:30:44 | INFO: Extracting primitive: V05_PACK_RACK83_PALLET_0_2_MESH
01:30:44 | INFO: Primitives created: 1
01:30:44 | INFO: Extracting primitive: V05_PACK_RACK83_PALLET_1_0_MESH
01:30:44 | INFO: Primitives created: 1
01:30:44 | INFO: Extracting primitive: V05_PACK_RACK83_PALLET_1_1_MESH
01:30:44 | INFO: Primitives created: 1
01:30:44 | INFO: Extracting primitive: V05_PACK_RACK83_PALLET_1_2_MESH
01:30:44 | INFO: Primitives created: 1
01:30:44 | INFO: Extracting primitive: V05_PACK_RACK83_PALLET_2_0_MESH
01:30:44 | INFO: Primitives created: 1
01:30:44 | INFO: Extracting primitive: V05_PACK_RACK83_PALLET_2_1_MESH
01:30:44 | INFO: Primitives created: 1
01:30:44 | INFO: Extracting primitive: V05_PACK_RACK83_PALLET_2_2_MESH
01:30:44 | INFO: Primitives created: 1
01:30:44 | INFO: Extracting primitive: V05_PACK_RACK83_PALLET_3_0_MESH
01:30:44 | INFO: Primitives created: 1
01:30:44 | INFO: Extracting primitive: V05_PACK_RACK83_PALLET_3_1_MESH
01:30:44 | INFO: Primitives created: 1
01:30:44 | INFO: Extracting primitive: V05_PACK_RACK83_PALLET_3_2_MESH
01:30:44 | INFO: Primitives created: 1
01:30:44 | INFO: Extracting primitive: V05_PACK_RACK83_PALLET_4_0_MESH
01:30:44 | INFO: Primitives created: 1
01:30:44 | INFO: Extracting primitive: V05_PACK_RACK83_PALLET_4_1_MESH
01:30:44 | INFO: Primitives created: 1
01:30:44 | INFO: Extracting primitive: V05_PACK_RACK83_PALLET_4_2_MESH
01:30:44 | INFO: Primitives created: 1
01:30:44 | INFO: Extracting primitive: V05_PACK_RACK83_PALLET_5_0_MESH
01:30:44 | INFO: Primitives created: 1
01:30:44 | INFO: Extracting primitive: V05_PACK_RACK83_PALLET_5_1_MESH
01:30:44 | INFO: Primitives created: 1
01:30:44 | INFO: Extracting primitive: V05_PACK_RACK83_PALLET_5_2_MESH
01:30:44 | INFO: Primitives created: 1
01:30:44 | INFO: Extracting primitive: V05_PACK_RACK83_PALLET_6_0_MESH
01:30:44 | INFO: Primitives created: 1
01:30:44 | INFO: Extracting primitive: V05_PACK_RACK83_PALLET_6_1_MESH
01:30:44 | INFO: Primitives created: 1
01:30:44 | INFO: Extracting primitive: V05_PACK_RACK83_PALLET_6_2_MESH
01:30:44 | INFO: Primitives created: 1
01:30:44 | INFO: Extracting primitive: V05_PACK_RACK83_UPRIGHT_0_0_MESH
01:30:44 | INFO: Primitives created: 1
01:30:44 | INFO: Extracting primitive: V05_PACK_RACK83_UPRIGHT_0_1_MESH
01:30:44 | INFO: Primitives created: 1
01:30:44 | INFO: Extracting primitive: V05_PACK_RACK83_UPRIGHT_0_2_MESH
01:30:44 | INFO: Primitives created: 1
01:30:44 | INFO: Extracting primitive: V05_PACK_RACK83_UPRIGHT_1_0_MESH
01:30:44 | INFO: Primitives created: 1
01:30:44 | INFO: Extracting primitive: V05_PACK_RACK83_UPRIGHT_1_1_MESH
01:30:44 | INFO: Primitives created: 1
01:30:44 | INFO: Extracting primitive: V05_PACK_RACK83_UPRIGHT_1_2_MESH
01:30:44 | INFO: Primitives created: 1
01:30:44 | INFO: Extracting primitive: V05_PACK_RACK83_UPRIGHT_2_0_MESH
01:30:44 | INFO: Primitives created: 1
01:30:44 | INFO: Extracting primitive: V05_PACK_RACK83_UPRIGHT_2_1_MESH
01:30:44 | INFO: Primitives created: 1
01:30:44 | INFO: Extracting primitive: V05_PACK_RACK83_UPRIGHT_2_2_MESH
01:30:44 | INFO: Primitives created: 1
01:30:44 | INFO: Extracting primitive: V05_PACK_RACK83_UPRIGHT_3_0_MESH
01:30:44 | INFO: Primitives created: 1
01:30:44 | INFO: Extracting primitive: V05_PACK_RACK83_UPRIGHT_3_1_MESH
01:30:44 | INFO: Primitives created: 1
01:30:44 | INFO: Extracting primitive: V05_PACK_RACK83_UPRIGHT_3_2_MESH
01:30:44 | INFO: Primitives created: 1
01:30:44 | INFO: Extracting primitive: V05_PACK_RACK83_UPRIGHT_4_0_MESH
01:30:44 | INFO: Primitives created: 1
01:30:44 | INFO: Extracting primitive: V05_PACK_RACK83_UPRIGHT_4_1_MESH
01:30:44 | INFO: Primitives created: 1
01:30:44 | INFO: Extracting primitive: V05_PACK_RACK83_UPRIGHT_4_2_MESH
01:30:44 | INFO: Primitives created: 1
01:30:44 | INFO: Extracting primitive: V05_PACK_RACK83_UPRIGHT_5_0_MESH
01:30:44 | INFO: Primitives created: 1
01:30:44 | INFO: Extracting primitive: V05_PACK_RACK83_UPRIGHT_5_1_MESH
01:30:44 | INFO: Primitives created: 1
01:30:44 | INFO: Extracting primitive: V05_PACK_RACK83_UPRIGHT_5_2_MESH
01:30:44 | INFO: Primitives created: 1
01:30:44 | INFO: Extracting primitive: V05_PACK_RACK83_UPRIGHT_6_0_MESH
01:30:44 | INFO: Primitives created: 1
01:30:44 | INFO: Extracting primitive: V05_PACK_RACK83_UPRIGHT_6_1_MESH
01:30:44 | INFO: Primitives created: 1
01:30:44 | INFO: Extracting primitive: V05_PACK_RACK83_UPRIGHT_6_2_MESH
01:30:44 | INFO: Primitives created: 1
01:30:44 | INFO: Extracting primitive: V05_PACK_RACK91_BEAM_0_MESH
01:30:44 | INFO: Primitives created: 1
01:30:44 | INFO: Extracting primitive: V05_PACK_RACK91_BEAM_1_MESH
01:30:44 | INFO: Primitives created: 1
01:30:44 | INFO: Extracting primitive: V05_PACK_RACK91_BEAM_2_MESH
01:30:44 | INFO: Primitives created: 1
01:30:44 | INFO: Extracting primitive: V05_PACK_RACK91_LOAD_0_0_MESH
01:30:44 | INFO: Primitives created: 1
01:30:44 | INFO: Extracting primitive: V05_PACK_RACK91_LOAD_0_1_MESH
01:30:44 | INFO: Primitives created: 1
01:30:44 | INFO: Extracting primitive: V05_PACK_RACK91_LOAD_0_2_MESH
01:30:44 | INFO: Primitives created: 1
01:30:44 | INFO: Extracting primitive: V05_PACK_RACK91_LOAD_1_0_MESH
01:30:44 | INFO: Primitives created: 1
01:30:44 | INFO: Extracting primitive: V05_PACK_RACK91_LOAD_1_1_MESH
01:30:44 | INFO: Primitives created: 1
01:30:44 | INFO: Extracting primitive: V05_PACK_RACK91_LOAD_1_2_MESH
01:30:44 | INFO: Primitives created: 1
01:30:44 | INFO: Extracting primitive: V05_PACK_RACK91_LOAD_2_0_MESH
01:30:44 | INFO: Primitives created: 1
01:30:44 | INFO: Extracting primitive: V05_PACK_RACK91_LOAD_2_1_MESH
01:30:44 | INFO: Primitives created: 1
01:30:44 | INFO: Extracting primitive: V05_PACK_RACK91_LOAD_2_2_MESH
01:30:44 | INFO: Primitives created: 1
01:30:44 | INFO: Extracting primitive: V05_PACK_RACK91_LOAD_3_0_MESH
01:30:44 | INFO: Primitives created: 1
01:30:44 | INFO: Extracting primitive: V05_PACK_RACK91_LOAD_3_1_MESH
01:30:44 | INFO: Primitives created: 1
01:30:44 | INFO: Extracting primitive: V05_PACK_RACK91_LOAD_3_2_MESH
01:30:44 | INFO: Primitives created: 1
01:30:44 | INFO: Extracting primitive: V05_PACK_RACK91_LOAD_4_0_MESH
01:30:44 | INFO: Primitives created: 1
01:30:44 | INFO: Extracting primitive: V05_PACK_RACK91_LOAD_4_1_MESH
01:30:44 | INFO: Primitives created: 1
01:30:44 | INFO: Extracting primitive: V05_PACK_RACK91_LOAD_4_2_MESH
01:30:44 | INFO: Primitives created: 1
01:30:44 | INFO: Extracting primitive: V05_PACK_RACK91_LOAD_5_0_MESH
01:30:44 | INFO: Primitives created: 1
01:30:44 | INFO: Extracting primitive: V05_PACK_RACK91_LOAD_5_1_MESH
01:30:44 | INFO: Primitives created: 1
01:30:44 | INFO: Extracting primitive: V05_PACK_RACK91_LOAD_5_2_MESH
01:30:44 | INFO: Primitives created: 1
01:30:44 | INFO: Extracting primitive: V05_PACK_RACK91_LOAD_6_0_MESH
01:30:44 | INFO: Primitives created: 1
01:30:44 | INFO: Extracting primitive: V05_PACK_RACK91_LOAD_6_1_MESH
01:30:44 | INFO: Primitives created: 1
01:30:44 | INFO: Extracting primitive: V05_PACK_RACK91_LOAD_6_2_MESH
01:30:44 | INFO: Primitives created: 1
01:30:44 | INFO: Extracting primitive: V05_PACK_RACK91_PALLET_0_0_MESH
01:30:44 | INFO: Primitives created: 1
01:30:44 | INFO: Extracting primitive: V05_PACK_RACK91_PALLET_0_1_MESH
01:30:44 | INFO: Primitives created: 1
01:30:44 | INFO: Extracting primitive: V05_PACK_RACK91_PALLET_0_2_MESH
01:30:44 | INFO: Primitives created: 1
01:30:44 | INFO: Extracting primitive: V05_PACK_RACK91_PALLET_1_0_MESH
01:30:44 | INFO: Primitives created: 1
01:30:44 | INFO: Extracting primitive: V05_PACK_RACK91_PALLET_1_1_MESH
01:30:44 | INFO: Primitives created: 1
01:30:44 | INFO: Extracting primitive: V05_PACK_RACK91_PALLET_1_2_MESH
01:30:44 | INFO: Primitives created: 1
01:30:44 | INFO: Extracting primitive: V05_PACK_RACK91_PALLET_2_0_MESH
01:30:44 | INFO: Primitives created: 1
01:30:44 | INFO: Extracting primitive: V05_PACK_RACK91_PALLET_2_1_MESH
01:30:44 | INFO: Primitives created: 1
01:30:44 | INFO: Extracting primitive: V05_PACK_RACK91_PALLET_2_2_MESH
01:30:44 | INFO: Primitives created: 1
01:30:44 | INFO: Extracting primitive: V05_PACK_RACK91_PALLET_3_0_MESH
01:30:44 | INFO: Primitives created: 1
01:30:44 | INFO: Extracting primitive: V05_PACK_RACK91_PALLET_3_1_MESH
01:30:44 | INFO: Primitives created: 1
01:30:44 | INFO: Extracting primitive: V05_PACK_RACK91_PALLET_3_2_MESH
01:30:44 | INFO: Primitives created: 1
01:30:44 | INFO: Extracting primitive: V05_PACK_RACK91_PALLET_4_0_MESH
01:30:44 | INFO: Primitives created: 1
01:30:44 | INFO: Extracting primitive: V05_PACK_RACK91_PALLET_4_1_MESH
01:30:44 | INFO: Primitives created: 1
01:30:44 | INFO: Extracting primitive: V05_PACK_RACK91_PALLET_4_2_MESH
01:30:44 | INFO: Primitives created: 1
01:30:44 | INFO: Extracting primitive: V05_PACK_RACK91_PALLET_5_0_MESH
01:30:44 | INFO: Primitives created: 1
01:30:44 | INFO: Extracting primitive: V05_PACK_RACK91_PALLET_5_1_MESH
01:30:44 | INFO: Primitives created: 1
01:30:44 | INFO: Extracting primitive: V05_PACK_RACK91_PALLET_5_2_MESH
01:30:44 | INFO: Primitives created: 1
01:30:44 | INFO: Extracting primitive: V05_PACK_RACK91_PALLET_6_0_MESH
01:30:44 | INFO: Primitives created: 1
01:30:44 | INFO: Extracting primitive: V05_PACK_RACK91_PALLET_6_1_MESH
01:30:44 | INFO: Primitives created: 1
01:30:44 | INFO: Extracting primitive: V05_PACK_RACK91_PALLET_6_2_MESH
01:30:44 | INFO: Primitives created: 1
01:30:44 | INFO: Extracting primitive: V05_PACK_RACK91_UPRIGHT_0_0_MESH
01:30:44 | INFO: Primitives created: 1
01:30:44 | INFO: Extracting primitive: V05_PACK_RACK91_UPRIGHT_0_1_MESH
01:30:44 | INFO: Primitives created: 1
01:30:44 | INFO: Extracting primitive: V05_PACK_RACK91_UPRIGHT_0_2_MESH
01:30:44 | INFO: Primitives created: 1
01:30:44 | INFO: Extracting primitive: V05_PACK_RACK91_UPRIGHT_1_0_MESH
01:30:44 | INFO: Primitives created: 1
01:30:44 | INFO: Extracting primitive: V05_PACK_RACK91_UPRIGHT_1_1_MESH
01:30:44 | INFO: Primitives created: 1
01:30:44 | INFO: Extracting primitive: V05_PACK_RACK91_UPRIGHT_1_2_MESH
01:30:44 | INFO: Primitives created: 1
01:30:44 | INFO: Extracting primitive: V05_PACK_RACK91_UPRIGHT_2_0_MESH
01:30:44 | INFO: Primitives created: 1
01:30:44 | INFO: Extracting primitive: V05_PACK_RACK91_UPRIGHT_2_1_MESH
01:30:44 | INFO: Primitives created: 1
01:30:44 | INFO: Extracting primitive: V05_PACK_RACK91_UPRIGHT_2_2_MESH
01:30:44 | INFO: Primitives created: 1
01:30:44 | INFO: Extracting primitive: V05_PACK_RACK91_UPRIGHT_3_0_MESH
01:30:44 | INFO: Primitives created: 1
01:30:44 | INFO: Extracting primitive: V05_PACK_RACK91_UPRIGHT_3_1_MESH
01:30:44 | INFO: Primitives created: 1
01:30:44 | INFO: Extracting primitive: V05_PACK_RACK91_UPRIGHT_3_2_MESH
01:30:44 | INFO: Primitives created: 1
01:30:44 | INFO: Extracting primitive: V05_PACK_RACK91_UPRIGHT_4_0_MESH
01:30:44 | INFO: Primitives created: 1
01:30:44 | INFO: Extracting primitive: V05_PACK_RACK91_UPRIGHT_4_1_MESH
01:30:44 | INFO: Primitives created: 1
01:30:45 | INFO: Extracting primitive: V05_PACK_RACK91_UPRIGHT_4_2_MESH
01:30:45 | INFO: Primitives created: 1
01:30:45 | INFO: Extracting primitive: V05_PACK_RACK91_UPRIGHT_5_0_MESH
01:30:45 | INFO: Primitives created: 1
01:30:45 | INFO: Extracting primitive: V05_PACK_RACK91_UPRIGHT_5_1_MESH
01:30:45 | INFO: Primitives created: 1
01:30:45 | INFO: Extracting primitive: V05_PACK_RACK91_UPRIGHT_5_2_MESH
01:30:45 | INFO: Primitives created: 1
01:30:45 | INFO: Extracting primitive: V05_PACK_RACK91_UPRIGHT_6_0_MESH
01:30:45 | INFO: Primitives created: 1
01:30:45 | INFO: Extracting primitive: V05_PACK_RACK91_UPRIGHT_6_1_MESH
01:30:45 | INFO: Primitives created: 1
01:30:45 | INFO: Extracting primitive: V05_PACK_RACK91_UPRIGHT_6_2_MESH
01:30:45 | INFO: Primitives created: 1
01:30:45 | INFO: Extracting primitive: V05_PACK_RIGHT_MESH
01:30:45 | INFO: Primitives created: 1
01:30:45 | INFO: Extracting primitive: V05_PACK_ROLL0_MESH
01:30:45 | INFO: Primitives created: 1
01:30:45 | INFO: Extracting primitive: V05_PACK_ROLL1_MESH
01:30:45 | INFO: Primitives created: 1
01:30:45 | INFO: Extracting primitive: V05_PACK_ROLL2_MESH
01:30:45 | INFO: Primitives created: 1
01:30:45 | INFO: Extracting primitive: V05_PACK_ROLL3_MESH
01:30:45 | INFO: Primitives created: 1
01:30:45 | INFO: Extracting primitive: V05_PACK_ROLL4_MESH
01:30:45 | INFO: Primitives created: 1
01:30:45 | INFO: Extracting primitive: V05_PACK_SOFFIT_6.240000000000002_MESH
01:30:45 | INFO: Primitives created: 1
01:30:45 | INFO: Extracting primitive: V05_PACK_SOFFIT_-10_MESH
01:30:45 | INFO: Primitives created: 1
01:30:45 | INFO: Extracting primitive: V05_PACK_SOFFIT_-26.240000000000002_MESH
01:30:45 | INFO: Primitives created: 1
01:30:45 | INFO: Extracting primitive: V05_PACK_STAGING_MESH
01:30:45 | INFO: Primitives created: 1
01:30:45 | INFO: Extracting primitive: V05_PASS_MESH
01:30:45 | INFO: Primitives created: 1
01:30:45 | INFO: Extracting primitive: V05_PASTE_BACK_MESH
01:30:45 | INFO: Primitives created: 1
01:30:45 | INFO: Extracting primitive: V05_PASTE_CARTON_BASE_MESH
01:30:45 | INFO: Primitives created: 1
01:30:45 | INFO: Extracting primitive: V05_PASTE_CARTON_HOUSING_MESH
01:30:45 | INFO: Primitives created: 1
01:30:45 | INFO: Extracting primitive: V05_PASTE_CARTON_PANEL_MESH
01:30:45 | INFO: Primitives created: 1
01:30:45 | INFO: Extracting primitive: V05_PASTE_CODE_A_MESH
01:30:45 | INFO: Primitives created: 1
01:30:45 | INFO: Extracting primitive: V05_PASTE_CODE_B_MESH
01:30:45 | INFO: Primitives created: 1
01:30:45 | INFO: Extracting primitive: V05_PASTE_CODE_BED_MESH
01:30:45 | INFO: Primitives created: 1
01:30:45 | INFO: Extracting primitive: V05_PASTE_CODE_ROLLER0_MESH
01:30:45 | INFO: Primitives created: 1
01:30:45 | INFO: Extracting primitive: V05_PASTE_CODE_ROLLER1_MESH
01:30:45 | INFO: Primitives created: 1
01:30:45 | INFO: Extracting primitive: V05_PASTE_CODE_ROLLER2_MESH
01:30:45 | INFO: Primitives created: 1
01:30:45 | INFO: Extracting primitive: V05_PASTE_CODE_ROLLER3_MESH
01:30:45 | INFO: Primitives created: 1
01:30:45 | INFO: Extracting primitive: V05_PASTE_CODE_ROLLER4_MESH
01:30:45 | INFO: Primitives created: 1
01:30:45 | INFO: Extracting primitive: V05_PASTE_CODE_ROLLER5_MESH
01:30:45 | INFO: Primitives created: 1
01:30:45 | INFO: Extracting primitive: V05_PASTE_CODE_ROLLER6_MESH
01:30:45 | INFO: Primitives created: 1
01:30:45 | INFO: Extracting primitive: V05_PASTE_CRIMP_BASE_MESH
01:30:45 | INFO: Primitives created: 1
01:30:45 | INFO: Extracting primitive: V05_PASTE_CRIMP_HOUSING_MESH
01:30:45 | INFO: Primitives created: 1
01:30:45 | INFO: Extracting primitive: V05_PASTE_CRIMP_PANEL_MESH
01:30:45 | INFO: Primitives created: 1
01:30:45 | INFO: Extracting primitive: V05_PASTE_DOOR_HEADER_MESH
01:30:45 | INFO: Primitives created: 1
01:30:45 | INFO: Extracting primitive: V05_PASTE_DOOR_L_MESH
01:30:45 | INFO: Primitives created: 1
01:30:45 | INFO: Extracting primitive: V05_PASTE_DOOR_R_MESH
01:30:45 | INFO: Primitives created: 1
01:30:45 | INFO: Extracting primitive: V05_PASTE_FILL_BASE_MESH
01:30:45 | INFO: Primitives created: 1
01:30:45 | INFO: Extracting primitive: V05_PASTE_FILL_HOUSING_MESH
01:30:45 | INFO: Primitives created: 1
01:30:45 | INFO: Extracting primitive: V05_PASTE_FILL_PANEL_MESH
01:30:45 | INFO: Primitives created: 1
01:30:45 | INFO: Extracting primitive: V05_PASTE_FLOOR_MESH
01:30:45 | INFO: Primitives created: 1
01:30:45 | INFO: Extracting primitive: V05_PASTE_HOLD_LID_MESH
01:30:45 | INFO: Primitives created: 1
01:30:45 | INFO: Extracting primitive: V05_PASTE_HOLD_OUT_MESH
01:30:45 | INFO: Primitives created: 1
01:30:45 | INFO: Extracting primitive: V05_PASTE_HOLD_VESSEL_MESH
01:30:45 | INFO: Primitives created: 1
01:30:45 | INFO: Extracting primitive: V05_PASTE_LEFT_MESH
01:30:45 | INFO: Primitives created: 1
01:30:45 | INFO: Extracting primitive: V05_PASTE_LIGHT_0_FIXTURE_MESH
01:30:45 | INFO: Primitives created: 1
01:30:45 | INFO: Extracting primitive: V05_PASTE_LIGHT_0_GLOW_MESH
01:30:45 | INFO: Primitives created: 1
01:30:45 | INFO: Extracting primitive: V05_PASTE_LIGHT_1_FIXTURE_MESH
01:30:45 | INFO: Primitives created: 1
01:30:45 | INFO: Extracting primitive: V05_PASTE_LIGHT_1_GLOW_MESH
01:30:45 | INFO: Primitives created: 1
01:30:45 | INFO: Extracting primitive: V05_PASTE_LIGHT_2_FIXTURE_MESH
01:30:45 | INFO: Primitives created: 1
01:30:45 | INFO: Extracting primitive: V05_PASTE_LIGHT_2_GLOW_MESH
01:30:45 | INFO: Primitives created: 1
01:30:45 | INFO: Extracting primitive: V05_PASTE_LIGHT_3_FIXTURE_MESH
01:30:45 | INFO: Primitives created: 1
01:30:45 | INFO: Extracting primitive: V05_PASTE_LIGHT_3_GLOW_MESH
01:30:45 | INFO: Primitives created: 1
01:30:45 | INFO: Extracting primitive: V05_PASTE_RIGHT_MESH
01:30:45 | INFO: Primitives created: 1
01:30:45 | INFO: Extracting primitive: V05_PASTE_SOFFIT_-0.7999999999999989_MESH
01:30:45 | INFO: Primitives created: 1
01:30:45 | INFO: Extracting primitive: V05_PASTE_SOFFIT_-12_MESH
01:30:45 | INFO: Primitives created: 1
01:30:45 | INFO: Extracting primitive: V05_PASTE_SOFFIT_-23.200000000000003_MESH
01:30:45 | INFO: Primitives created: 1
01:30:45 | INFO: Extracting primitive: V05_PASTE_TRANSFER_MESH
01:30:45 | INFO: Primitives created: 1
01:30:45 | INFO: Extracting primitive: V05_PASTE_TUBE_MAG_MESH
01:30:45 | INFO: Primitives created: 1
01:30:45 | INFO: Extracting primitive: V05_PASTE_VACUUM_MIX_LID_MESH
01:30:45 | INFO: Primitives created: 1
01:30:45 | INFO: Extracting primitive: V05_PASTE_VACUUM_MIX_OUT_MESH
01:30:45 | INFO: Primitives created: 1
01:30:45 | INFO: Extracting primitive: V05_PASTE_VACUUM_MIX_VESSEL_MESH
01:30:45 | INFO: Primitives created: 1
01:30:45 | INFO: Extracting primitive: V05_POWDER_BACK_MESH
01:30:45 | INFO: Primitives created: 1
01:30:45 | INFO: Extracting primitive: V05_POWDER_DOOR_HEADER_MESH
01:30:45 | INFO: Primitives created: 1
01:30:45 | INFO: Extracting primitive: V05_POWDER_DOOR_L_MESH
01:30:45 | INFO: Primitives created: 1
01:30:45 | INFO: Extracting primitive: V05_POWDER_DOOR_R_MESH
01:30:45 | INFO: Primitives created: 1
01:30:45 | INFO: Extracting primitive: V05_POWDER_DOSER_BASE_MESH
01:30:45 | INFO: Primitives created: 1
01:30:45 | INFO: Extracting primitive: V05_POWDER_DOSER_HOUSING_MESH
01:30:45 | INFO: Primitives created: 1
01:30:45 | INFO: Extracting primitive: V05_POWDER_DOSER_PANEL_MESH
01:30:45 | INFO: Primitives created: 1
01:30:45 | INFO: Extracting primitive: V05_POWDER_FEED_MESH
01:30:45 | INFO: Primitives created: 1
01:30:45 | INFO: Extracting primitive: V05_POWDER_FLOOR_MESH
01:30:45 | INFO: Primitives created: 1
01:30:45 | INFO: Extracting primitive: V05_POWDER_HOPPER_LID_MESH
01:30:45 | INFO: Primitives created: 1
01:30:45 | INFO: Extracting primitive: V05_POWDER_HOPPER_OUT_MESH
01:30:45 | INFO: Primitives created: 1
01:30:45 | INFO: Extracting primitive: V05_POWDER_HOPPER_VESSEL_MESH
01:30:45 | INFO: Primitives created: 1
01:30:45 | INFO: Extracting primitive: V05_POWDER_LEFT_MESH
01:30:45 | INFO: Primitives created: 1
01:30:45 | INFO: Extracting primitive: V05_POWDER_LIGHT_0_FIXTURE_MESH
01:30:45 | INFO: Primitives created: 1
01:30:45 | INFO: Extracting primitive: V05_POWDER_LIGHT_0_GLOW_MESH
01:30:45 | INFO: Primitives created: 1
01:30:45 | INFO: Extracting primitive: V05_POWDER_LIGHT_1_FIXTURE_MESH
01:30:45 | INFO: Primitives created: 1
01:30:45 | INFO: Extracting primitive: V05_POWDER_LIGHT_1_GLOW_MESH
01:30:45 | INFO: Primitives created: 1
01:30:45 | INFO: Extracting primitive: V05_POWDER_LIGHT_2_FIXTURE_MESH
01:30:45 | INFO: Primitives created: 1
01:30:45 | INFO: Extracting primitive: V05_POWDER_LIGHT_2_GLOW_MESH
01:30:45 | INFO: Primitives created: 1
01:30:45 | INFO: Extracting primitive: V05_POWDER_PACK_A_MESH
01:30:45 | INFO: Primitives created: 1
01:30:45 | INFO: Extracting primitive: V05_POWDER_PACK_B_MESH
01:30:45 | INFO: Primitives created: 1
01:30:45 | INFO: Extracting primitive: V05_POWDER_PACK_BED_MESH
01:30:45 | INFO: Primitives created: 1
01:30:45 | INFO: Extracting primitive: V05_POWDER_PACK_ROLLER0_MESH
01:30:45 | INFO: Primitives created: 1
01:30:45 | INFO: Extracting primitive: V05_POWDER_PACK_ROLLER1_MESH
01:30:45 | INFO: Primitives created: 1
01:30:45 | INFO: Extracting primitive: V05_POWDER_PACK_ROLLER2_MESH
01:30:45 | INFO: Primitives created: 1
01:30:45 | INFO: Extracting primitive: V05_POWDER_PACK_ROLLER3_MESH
01:30:45 | INFO: Primitives created: 1
01:30:45 | INFO: Extracting primitive: V05_POWDER_PACK_ROLLER4_MESH
01:30:45 | INFO: Primitives created: 1
01:30:45 | INFO: Extracting primitive: V05_POWDER_PACK_ROLLER5_MESH
01:30:45 | INFO: Primitives created: 1
01:30:45 | INFO: Extracting primitive: V05_POWDER_PACK_ROLLER6_MESH
01:30:45 | INFO: Primitives created: 1
01:30:45 | INFO: Extracting primitive: V05_POWDER_RIGHT_MESH
01:30:45 | INFO: Primitives created: 1
01:30:45 | INFO: Extracting primitive: V05_POWDER_SEAL_BASE_MESH
01:30:45 | INFO: Primitives created: 1
01:30:45 | INFO: Extracting primitive: V05_POWDER_SEAL_HOUSING_MESH
01:30:45 | INFO: Primitives created: 1
01:30:45 | INFO: Extracting primitive: V05_POWDER_SEAL_PANEL_MESH
01:30:45 | INFO: Primitives created: 1
01:30:45 | INFO: Extracting primitive: V05_POWDER_SOFFIT_-37.92_MESH
01:30:45 | INFO: Primitives created: 1
01:30:45 | INFO: Extracting primitive: V05_POWDER_SOFFIT_-48_MESH
01:30:45 | INFO: Primitives created: 1
01:30:45 | INFO: Extracting primitive: V05_POWDER_SOFFIT_-58.08_MESH
01:30:45 | INFO: Primitives created: 1
01:30:45 | INFO: Extracting primitive: V05_POWDER_TRANSFER_MESH
01:30:45 | INFO: Primitives created: 1
01:30:45 | INFO: Extracting primitive: V05_RAW_BACK_MESH
01:30:45 | INFO: Primitives created: 1
01:30:45 | INFO: Extracting primitive: V05_RAW_DOCK_MESH
01:30:45 | INFO: Primitives created: 1
01:30:45 | INFO: Extracting primitive: V05_RAW_DOOR_HEADER_MESH
01:30:45 | INFO: Primitives created: 1
01:30:45 | INFO: Extracting primitive: V05_RAW_DOOR_L_MESH
01:30:45 | INFO: Primitives created: 1
01:30:45 | INFO: Extracting primitive: V05_RAW_DOOR_R_MESH
01:30:45 | INFO: Primitives created: 1
01:30:45 | INFO: Extracting primitive: V05_RAW_DRUM0_MESH
01:30:45 | INFO: Primitives created: 1
01:30:45 | INFO: Extracting primitive: V05_RAW_DRUM1_MESH
01:30:45 | INFO: Primitives created: 1
01:30:45 | INFO: Extracting primitive: V05_RAW_DRUM2_MESH
01:30:45 | INFO: Primitives created: 1
01:30:45 | INFO: Extracting primitive: V05_RAW_DRUM3_MESH
01:30:45 | INFO: Primitives created: 1
01:30:45 | INFO: Extracting primitive: V05_RAW_FLOOR_MESH
01:30:45 | INFO: Primitives created: 1
01:30:45 | INFO: Extracting primitive: V05_RAW_LEFT_MESH
01:30:45 | INFO: Primitives created: 1
01:30:45 | INFO: Extracting primitive: V05_RAW_LIGHT_0_FIXTURE_MESH
01:30:45 | INFO: Primitives created: 1
01:30:45 | INFO: Extracting primitive: V05_RAW_LIGHT_0_GLOW_MESH
01:30:45 | INFO: Primitives created: 1
01:30:45 | INFO: Extracting primitive: V05_RAW_LIGHT_1_FIXTURE_MESH
01:30:45 | INFO: Primitives created: 1
01:30:45 | INFO: Extracting primitive: V05_RAW_LIGHT_1_GLOW_MESH
01:30:45 | INFO: Primitives created: 1
01:30:45 | INFO: Extracting primitive: V05_RAW_LIGHT_2_FIXTURE_MESH
01:30:45 | INFO: Primitives created: 1
01:30:45 | INFO: Extracting primitive: V05_RAW_LIGHT_2_GLOW_MESH
01:30:45 | INFO: Primitives created: 1
01:30:45 | INFO: Extracting primitive: V05_RAW_LIGHT_3_FIXTURE_MESH
01:30:45 | INFO: Primitives created: 1
01:30:45 | INFO: Extracting primitive: V05_RAW_LIGHT_3_GLOW_MESH
01:30:45 | INFO: Primitives created: 1
01:30:45 | INFO: Extracting primitive: V05_RAW_LIGHT_4_FIXTURE_MESH
01:30:45 | INFO: Primitives created: 1
01:30:45 | INFO: Extracting primitive: V05_RAW_LIGHT_4_GLOW_MESH
01:30:45 | INFO: Primitives created: 1
01:30:45 | INFO: Extracting primitive: V05_RAW_RACK67_BEAM_0_MESH
01:30:45 | INFO: Primitives created: 1
01:30:45 | INFO: Extracting primitive: V05_RAW_RACK67_BEAM_1_MESH
01:30:45 | INFO: Primitives created: 1
01:30:45 | INFO: Extracting primitive: V05_RAW_RACK67_BEAM_2_MESH
01:30:45 | INFO: Primitives created: 1
01:30:45 | INFO: Extracting primitive: V05_RAW_RACK67_LOAD_0_0_MESH
01:30:45 | INFO: Primitives created: 1
01:30:45 | INFO: Extracting primitive: V05_RAW_RACK67_LOAD_0_1_MESH
01:30:45 | INFO: Primitives created: 1
01:30:45 | INFO: Extracting primitive: V05_RAW_RACK67_LOAD_0_2_MESH
01:30:45 | INFO: Primitives created: 1
01:30:45 | INFO: Extracting primitive: V05_RAW_RACK67_LOAD_1_0_MESH
01:30:45 | INFO: Primitives created: 1
01:30:45 | INFO: Extracting primitive: V05_RAW_RACK67_LOAD_1_1_MESH
01:30:45 | INFO: Primitives created: 1
01:30:45 | INFO: Extracting primitive: V05_RAW_RACK67_LOAD_1_2_MESH
01:30:45 | INFO: Primitives created: 1
01:30:45 | INFO: Extracting primitive: V05_RAW_RACK67_LOAD_2_0_MESH
01:30:45 | INFO: Primitives created: 1
01:30:45 | INFO: Extracting primitive: V05_RAW_RACK67_LOAD_2_1_MESH
01:30:45 | INFO: Primitives created: 1
01:30:45 | INFO: Extracting primitive: V05_RAW_RACK67_LOAD_2_2_MESH
01:30:45 | INFO: Primitives created: 1
01:30:45 | INFO: Extracting primitive: V05_RAW_RACK67_LOAD_3_0_MESH
01:30:45 | INFO: Primitives created: 1
01:30:45 | INFO: Extracting primitive: V05_RAW_RACK67_LOAD_3_1_MESH
01:30:45 | INFO: Primitives created: 1
01:30:45 | INFO: Extracting primitive: V05_RAW_RACK67_LOAD_3_2_MESH
01:30:45 | INFO: Primitives created: 1
01:30:45 | INFO: Extracting primitive: V05_RAW_RACK67_LOAD_4_0_MESH
01:30:45 | INFO: Primitives created: 1
01:30:45 | INFO: Extracting primitive: V05_RAW_RACK67_LOAD_4_1_MESH
01:30:45 | INFO: Primitives created: 1
01:30:45 | INFO: Extracting primitive: V05_RAW_RACK67_LOAD_4_2_MESH
01:30:45 | INFO: Primitives created: 1
01:30:45 | INFO: Extracting primitive: V05_RAW_RACK67_LOAD_5_0_MESH
01:30:45 | INFO: Primitives created: 1
01:30:45 | INFO: Extracting primitive: V05_RAW_RACK67_LOAD_5_1_MESH
01:30:45 | INFO: Primitives created: 1
01:30:45 | INFO: Extracting primitive: V05_RAW_RACK67_LOAD_5_2_MESH
01:30:45 | INFO: Primitives created: 1
01:30:45 | INFO: Extracting primitive: V05_RAW_RACK67_LOAD_6_0_MESH
01:30:45 | INFO: Primitives created: 1
01:30:45 | INFO: Extracting primitive: V05_RAW_RACK67_LOAD_6_1_MESH
01:30:45 | INFO: Primitives created: 1
01:30:45 | INFO: Extracting primitive: V05_RAW_RACK67_LOAD_6_2_MESH
01:30:45 | INFO: Primitives created: 1
01:30:45 | INFO: Extracting primitive: V05_RAW_RACK67_LOAD_7_0_MESH
01:30:45 | INFO: Primitives created: 1
01:30:45 | INFO: Extracting primitive: V05_RAW_RACK67_LOAD_7_1_MESH
01:30:45 | INFO: Primitives created: 1
01:30:45 | INFO: Extracting primitive: V05_RAW_RACK67_LOAD_7_2_MESH
01:30:45 | INFO: Primitives created: 1
01:30:45 | INFO: Extracting primitive: V05_RAW_RACK67_PALLET_0_0_MESH
01:30:45 | INFO: Primitives created: 1
01:30:45 | INFO: Extracting primitive: V05_RAW_RACK67_PALLET_0_1_MESH
01:30:45 | INFO: Primitives created: 1
01:30:45 | INFO: Extracting primitive: V05_RAW_RACK67_PALLET_0_2_MESH
01:30:45 | INFO: Primitives created: 1
01:30:45 | INFO: Extracting primitive: V05_RAW_RACK67_PALLET_1_0_MESH
01:30:45 | INFO: Primitives created: 1
01:30:45 | INFO: Extracting primitive: V05_RAW_RACK67_PALLET_1_1_MESH
01:30:45 | INFO: Primitives created: 1
01:30:45 | INFO: Extracting primitive: V05_RAW_RACK67_PALLET_1_2_MESH
01:30:45 | INFO: Primitives created: 1
01:30:45 | INFO: Extracting primitive: V05_RAW_RACK67_PALLET_2_0_MESH
01:30:45 | INFO: Primitives created: 1
01:30:45 | INFO: Extracting primitive: V05_RAW_RACK67_PALLET_2_1_MESH
01:30:45 | INFO: Primitives created: 1
01:30:45 | INFO: Extracting primitive: V05_RAW_RACK67_PALLET_2_2_MESH
01:30:45 | INFO: Primitives created: 1
01:30:45 | INFO: Extracting primitive: V05_RAW_RACK67_PALLET_3_0_MESH
01:30:45 | INFO: Primitives created: 1
01:30:45 | INFO: Extracting primitive: V05_RAW_RACK67_PALLET_3_1_MESH
01:30:45 | INFO: Primitives created: 1
01:30:45 | INFO: Extracting primitive: V05_RAW_RACK67_PALLET_3_2_MESH
01:30:45 | INFO: Primitives created: 1
01:30:45 | INFO: Extracting primitive: V05_RAW_RACK67_PALLET_4_0_MESH
01:30:45 | INFO: Primitives created: 1
01:30:45 | INFO: Extracting primitive: V05_RAW_RACK67_PALLET_4_1_MESH
01:30:45 | INFO: Primitives created: 1
01:30:45 | INFO: Extracting primitive: V05_RAW_RACK67_PALLET_4_2_MESH
01:30:45 | INFO: Primitives created: 1
01:30:45 | INFO: Extracting primitive: V05_RAW_RACK67_PALLET_5_0_MESH
01:30:45 | INFO: Primitives created: 1
01:30:45 | INFO: Extracting primitive: V05_RAW_RACK67_PALLET_5_1_MESH
01:30:45 | INFO: Primitives created: 1
01:30:45 | INFO: Extracting primitive: V05_RAW_RACK67_PALLET_5_2_MESH
01:30:45 | INFO: Primitives created: 1
01:30:45 | INFO: Extracting primitive: V05_RAW_RACK67_PALLET_6_0_MESH
01:30:45 | INFO: Primitives created: 1
01:30:45 | INFO: Extracting primitive: V05_RAW_RACK67_PALLET_6_1_MESH
01:30:45 | INFO: Primitives created: 1
01:30:45 | INFO: Extracting primitive: V05_RAW_RACK67_PALLET_6_2_MESH
01:30:45 | INFO: Primitives created: 1
01:30:45 | INFO: Extracting primitive: V05_RAW_RACK67_PALLET_7_0_MESH
01:30:45 | INFO: Primitives created: 1
01:30:45 | INFO: Extracting primitive: V05_RAW_RACK67_PALLET_7_1_MESH
01:30:45 | INFO: Primitives created: 1
01:30:45 | INFO: Extracting primitive: V05_RAW_RACK67_PALLET_7_2_MESH
01:30:45 | INFO: Primitives created: 1
01:30:45 | INFO: Extracting primitive: V05_RAW_RACK67_UPRIGHT_0_0_MESH
01:30:45 | INFO: Primitives created: 1
01:30:45 | INFO: Extracting primitive: V05_RAW_RACK67_UPRIGHT_0_1_MESH
01:30:45 | INFO: Primitives created: 1
01:30:45 | INFO: Extracting primitive: V05_RAW_RACK67_UPRIGHT_0_2_MESH
01:30:45 | INFO: Primitives created: 1
01:30:45 | INFO: Extracting primitive: V05_RAW_RACK67_UPRIGHT_1_0_MESH
01:30:45 | INFO: Primitives created: 1
01:30:45 | INFO: Extracting primitive: V05_RAW_RACK67_UPRIGHT_1_1_MESH
01:30:45 | INFO: Primitives created: 1
01:30:45 | INFO: Extracting primitive: V05_RAW_RACK67_UPRIGHT_1_2_MESH
01:30:45 | INFO: Primitives created: 1
01:30:45 | INFO: Extracting primitive: V05_RAW_RACK67_UPRIGHT_2_0_MESH
01:30:45 | INFO: Primitives created: 1
01:30:45 | INFO: Extracting primitive: V05_RAW_RACK67_UPRIGHT_2_1_MESH
01:30:45 | INFO: Primitives created: 1
01:30:45 | INFO: Extracting primitive: V05_RAW_RACK67_UPRIGHT_2_2_MESH
01:30:45 | INFO: Primitives created: 1
01:30:45 | INFO: Extracting primitive: V05_RAW_RACK67_UPRIGHT_3_0_MESH
01:30:45 | INFO: Primitives created: 1
01:30:45 | INFO: Extracting primitive: V05_RAW_RACK67_UPRIGHT_3_1_MESH
01:30:45 | INFO: Primitives created: 1
01:30:45 | INFO: Extracting primitive: V05_RAW_RACK67_UPRIGHT_3_2_MESH
01:30:45 | INFO: Primitives created: 1
01:30:45 | INFO: Extracting primitive: V05_RAW_RACK67_UPRIGHT_4_0_MESH
01:30:45 | INFO: Primitives created: 1
01:30:45 | INFO: Extracting primitive: V05_RAW_RACK67_UPRIGHT_4_1_MESH
01:30:45 | INFO: Primitives created: 1
01:30:45 | INFO: Extracting primitive: V05_RAW_RACK67_UPRIGHT_4_2_MESH
01:30:45 | INFO: Primitives created: 1
01:30:45 | INFO: Extracting primitive: V05_RAW_RACK67_UPRIGHT_5_0_MESH
01:30:45 | INFO: Primitives created: 1
01:30:45 | INFO: Extracting primitive: V05_RAW_RACK67_UPRIGHT_5_1_MESH
01:30:45 | INFO: Primitives created: 1
01:30:45 | INFO: Extracting primitive: V05_RAW_RACK67_UPRIGHT_5_2_MESH
01:30:45 | INFO: Primitives created: 1
01:30:45 | INFO: Extracting primitive: V05_RAW_RACK67_UPRIGHT_6_0_MESH
01:30:45 | INFO: Primitives created: 1
01:30:45 | INFO: Extracting primitive: V05_RAW_RACK67_UPRIGHT_6_1_MESH
01:30:45 | INFO: Primitives created: 1
01:30:45 | INFO: Extracting primitive: V05_RAW_RACK67_UPRIGHT_6_2_MESH
01:30:45 | INFO: Primitives created: 1
01:30:45 | INFO: Extracting primitive: V05_RAW_RACK67_UPRIGHT_7_0_MESH
01:30:45 | INFO: Primitives created: 1
01:30:45 | INFO: Extracting primitive: V05_RAW_RACK67_UPRIGHT_7_1_MESH
01:30:45 | INFO: Primitives created: 1
01:30:45 | INFO: Extracting primitive: V05_RAW_RACK67_UPRIGHT_7_2_MESH
01:30:45 | INFO: Primitives created: 1
01:30:45 | INFO: Extracting primitive: V05_RAW_RACK75_BEAM_0_MESH
01:30:45 | INFO: Primitives created: 1
01:30:45 | INFO: Extracting primitive: V05_RAW_RACK75_BEAM_1_MESH
01:30:45 | INFO: Primitives created: 1
01:30:45 | INFO: Extracting primitive: V05_RAW_RACK75_BEAM_2_MESH
01:30:45 | INFO: Primitives created: 1
01:30:45 | INFO: Extracting primitive: V05_RAW_RACK75_LOAD_0_0_MESH
01:30:45 | INFO: Primitives created: 1
01:30:45 | INFO: Extracting primitive: V05_RAW_RACK75_LOAD_0_1_MESH
01:30:45 | INFO: Primitives created: 1
01:30:45 | INFO: Extracting primitive: V05_RAW_RACK75_LOAD_0_2_MESH
01:30:45 | INFO: Primitives created: 1
01:30:45 | INFO: Extracting primitive: V05_RAW_RACK75_LOAD_1_0_MESH
01:30:45 | INFO: Primitives created: 1
01:30:45 | INFO: Extracting primitive: V05_RAW_RACK75_LOAD_1_1_MESH
01:30:45 | INFO: Primitives created: 1
01:30:45 | INFO: Extracting primitive: V05_RAW_RACK75_LOAD_1_2_MESH
01:30:45 | INFO: Primitives created: 1
01:30:45 | INFO: Extracting primitive: V05_RAW_RACK75_LOAD_2_0_MESH
01:30:45 | INFO: Primitives created: 1
01:30:45 | INFO: Extracting primitive: V05_RAW_RACK75_LOAD_2_1_MESH
01:30:45 | INFO: Primitives created: 1
01:30:45 | INFO: Extracting primitive: V05_RAW_RACK75_LOAD_2_2_MESH
01:30:45 | INFO: Primitives created: 1
01:30:45 | INFO: Extracting primitive: V05_RAW_RACK75_LOAD_3_0_MESH
01:30:45 | INFO: Primitives created: 1
01:30:45 | INFO: Extracting primitive: V05_RAW_RACK75_LOAD_3_1_MESH
01:30:45 | INFO: Primitives created: 1
01:30:45 | INFO: Extracting primitive: V05_RAW_RACK75_LOAD_3_2_MESH
01:30:45 | INFO: Primitives created: 1
01:30:45 | INFO: Extracting primitive: V05_RAW_RACK75_LOAD_4_0_MESH
01:30:45 | INFO: Primitives created: 1
01:30:45 | INFO: Extracting primitive: V05_RAW_RACK75_LOAD_4_1_MESH
01:30:45 | INFO: Primitives created: 1
01:30:45 | INFO: Extracting primitive: V05_RAW_RACK75_LOAD_4_2_MESH
01:30:45 | INFO: Primitives created: 1
01:30:45 | INFO: Extracting primitive: V05_RAW_RACK75_LOAD_5_0_MESH
01:30:45 | INFO: Primitives created: 1
01:30:45 | INFO: Extracting primitive: V05_RAW_RACK75_LOAD_5_1_MESH
01:30:45 | INFO: Primitives created: 1
01:30:45 | INFO: Extracting primitive: V05_RAW_RACK75_LOAD_5_2_MESH
01:30:45 | INFO: Primitives created: 1
01:30:45 | INFO: Extracting primitive: V05_RAW_RACK75_LOAD_6_0_MESH
01:30:45 | INFO: Primitives created: 1
01:30:45 | INFO: Extracting primitive: V05_RAW_RACK75_LOAD_6_1_MESH
01:30:45 | INFO: Primitives created: 1
01:30:45 | INFO: Extracting primitive: V05_RAW_RACK75_LOAD_6_2_MESH
01:30:45 | INFO: Primitives created: 1
01:30:45 | INFO: Extracting primitive: V05_RAW_RACK75_LOAD_7_0_MESH
01:30:45 | INFO: Primitives created: 1
01:30:45 | INFO: Extracting primitive: V05_RAW_RACK75_LOAD_7_1_MESH
01:30:45 | INFO: Primitives created: 1
01:30:45 | INFO: Extracting primitive: V05_RAW_RACK75_LOAD_7_2_MESH
01:30:45 | INFO: Primitives created: 1
01:30:45 | INFO: Extracting primitive: V05_RAW_RACK75_PALLET_0_0_MESH
01:30:45 | INFO: Primitives created: 1
01:30:45 | INFO: Extracting primitive: V05_RAW_RACK75_PALLET_0_1_MESH
01:30:45 | INFO: Primitives created: 1
01:30:45 | INFO: Extracting primitive: V05_RAW_RACK75_PALLET_0_2_MESH
01:30:45 | INFO: Primitives created: 1
01:30:45 | INFO: Extracting primitive: V05_RAW_RACK75_PALLET_1_0_MESH
01:30:45 | INFO: Primitives created: 1
01:30:45 | INFO: Extracting primitive: V05_RAW_RACK75_PALLET_1_1_MESH
01:30:45 | INFO: Primitives created: 1
01:30:45 | INFO: Extracting primitive: V05_RAW_RACK75_PALLET_1_2_MESH
01:30:45 | INFO: Primitives created: 1
01:30:45 | INFO: Extracting primitive: V05_RAW_RACK75_PALLET_2_0_MESH
01:30:45 | INFO: Primitives created: 1
01:30:45 | INFO: Extracting primitive: V05_RAW_RACK75_PALLET_2_1_MESH
01:30:45 | INFO: Primitives created: 1
01:30:45 | INFO: Extracting primitive: V05_RAW_RACK75_PALLET_2_2_MESH
01:30:45 | INFO: Primitives created: 1
01:30:45 | INFO: Extracting primitive: V05_RAW_RACK75_PALLET_3_0_MESH
01:30:45 | INFO: Primitives created: 1
01:30:45 | INFO: Extracting primitive: V05_RAW_RACK75_PALLET_3_1_MESH
01:30:45 | INFO: Primitives created: 1
01:30:45 | INFO: Extracting primitive: V05_RAW_RACK75_PALLET_3_2_MESH
01:30:45 | INFO: Primitives created: 1
01:30:45 | INFO: Extracting primitive: V05_RAW_RACK75_PALLET_4_0_MESH
01:30:45 | INFO: Primitives created: 1
01:30:45 | INFO: Extracting primitive: V05_RAW_RACK75_PALLET_4_1_MESH
01:30:45 | INFO: Primitives created: 1
01:30:45 | INFO: Extracting primitive: V05_RAW_RACK75_PALLET_4_2_MESH
01:30:45 | INFO: Primitives created: 1
01:30:45 | INFO: Extracting primitive: V05_RAW_RACK75_PALLET_5_0_MESH
01:30:45 | INFO: Primitives created: 1
01:30:45 | INFO: Extracting primitive: V05_RAW_RACK75_PALLET_5_1_MESH
01:30:45 | INFO: Primitives created: 1
01:30:45 | INFO: Extracting primitive: V05_RAW_RACK75_PALLET_5_2_MESH
01:30:45 | INFO: Primitives created: 1
01:30:45 | INFO: Extracting primitive: V05_RAW_RACK75_PALLET_6_0_MESH
01:30:45 | INFO: Primitives created: 1
01:30:45 | INFO: Extracting primitive: V05_RAW_RACK75_PALLET_6_1_MESH
01:30:45 | INFO: Primitives created: 1
01:30:45 | INFO: Extracting primitive: V05_RAW_RACK75_PALLET_6_2_MESH
01:30:45 | INFO: Primitives created: 1
01:30:45 | INFO: Extracting primitive: V05_RAW_RACK75_PALLET_7_0_MESH
01:30:45 | INFO: Primitives created: 1
01:30:45 | INFO: Extracting primitive: V05_RAW_RACK75_PALLET_7_1_MESH
01:30:45 | INFO: Primitives created: 1
01:30:45 | INFO: Extracting primitive: V05_RAW_RACK75_PALLET_7_2_MESH
01:30:45 | INFO: Primitives created: 1
01:30:45 | INFO: Extracting primitive: V05_RAW_RACK75_UPRIGHT_0_0_MESH
01:30:45 | INFO: Primitives created: 1
01:30:45 | INFO: Extracting primitive: V05_RAW_RACK75_UPRIGHT_0_1_MESH
01:30:45 | INFO: Primitives created: 1
01:30:45 | INFO: Extracting primitive: V05_RAW_RACK75_UPRIGHT_0_2_MESH
01:30:45 | INFO: Primitives created: 1
01:30:45 | INFO: Extracting primitive: V05_RAW_RACK75_UPRIGHT_1_0_MESH
01:30:45 | INFO: Primitives created: 1
01:30:45 | INFO: Extracting primitive: V05_RAW_RACK75_UPRIGHT_1_1_MESH
01:30:45 | INFO: Primitives created: 1
01:30:45 | INFO: Extracting primitive: V05_RAW_RACK75_UPRIGHT_1_2_MESH
01:30:45 | INFO: Primitives created: 1
01:30:45 | INFO: Extracting primitive: V05_RAW_RACK75_UPRIGHT_2_0_MESH
01:30:45 | INFO: Primitives created: 1
01:30:45 | INFO: Extracting primitive: V05_RAW_RACK75_UPRIGHT_2_1_MESH
01:30:45 | INFO: Primitives created: 1
01:30:45 | INFO: Extracting primitive: V05_RAW_RACK75_UPRIGHT_2_2_MESH
01:30:45 | INFO: Primitives created: 1
01:30:45 | INFO: Extracting primitive: V05_RAW_RACK75_UPRIGHT_3_0_MESH
01:30:45 | INFO: Primitives created: 1
01:30:45 | INFO: Extracting primitive: V05_RAW_RACK75_UPRIGHT_3_1_MESH
01:30:45 | INFO: Primitives created: 1
01:30:45 | INFO: Extracting primitive: V05_RAW_RACK75_UPRIGHT_3_2_MESH
01:30:45 | INFO: Primitives created: 1
01:30:45 | INFO: Extracting primitive: V05_RAW_RACK75_UPRIGHT_4_0_MESH
01:30:45 | INFO: Primitives created: 1
01:30:45 | INFO: Extracting primitive: V05_RAW_RACK75_UPRIGHT_4_1_MESH
01:30:45 | INFO: Primitives created: 1
01:30:45 | INFO: Extracting primitive: V05_RAW_RACK75_UPRIGHT_4_2_MESH
01:30:45 | INFO: Primitives created: 1
01:30:45 | INFO: Extracting primitive: V05_RAW_RACK75_UPRIGHT_5_0_MESH
01:30:45 | INFO: Primitives created: 1
01:30:45 | INFO: Extracting primitive: V05_RAW_RACK75_UPRIGHT_5_1_MESH
01:30:45 | INFO: Primitives created: 1
01:30:45 | INFO: Extracting primitive: V05_RAW_RACK75_UPRIGHT_5_2_MESH
01:30:45 | INFO: Primitives created: 1
01:30:45 | INFO: Extracting primitive: V05_RAW_RACK75_UPRIGHT_6_0_MESH
01:30:45 | INFO: Primitives created: 1
01:30:45 | INFO: Extracting primitive: V05_RAW_RACK75_UPRIGHT_6_1_MESH
01:30:45 | INFO: Primitives created: 1
01:30:45 | INFO: Extracting primitive: V05_RAW_RACK75_UPRIGHT_6_2_MESH
01:30:45 | INFO: Primitives created: 1
01:30:45 | INFO: Extracting primitive: V05_RAW_RACK75_UPRIGHT_7_0_MESH
01:30:45 | INFO: Primitives created: 1
01:30:45 | INFO: Extracting primitive: V05_RAW_RACK75_UPRIGHT_7_1_MESH
01:30:45 | INFO: Primitives created: 1
01:30:45 | INFO: Extracting primitive: V05_RAW_RACK75_UPRIGHT_7_2_MESH
01:30:45 | INFO: Primitives created: 1
01:30:45 | INFO: Extracting primitive: V05_RAW_RACK83_BEAM_0_MESH
01:30:45 | INFO: Primitives created: 1
01:30:45 | INFO: Extracting primitive: V05_RAW_RACK83_BEAM_1_MESH
01:30:45 | INFO: Primitives created: 1
01:30:45 | INFO: Extracting primitive: V05_RAW_RACK83_BEAM_2_MESH
01:30:45 | INFO: Primitives created: 1
01:30:45 | INFO: Extracting primitive: V05_RAW_RACK83_LOAD_0_0_MESH
01:30:45 | INFO: Primitives created: 1
01:30:45 | INFO: Extracting primitive: V05_RAW_RACK83_LOAD_0_1_MESH
01:30:45 | INFO: Primitives created: 1
01:30:45 | INFO: Extracting primitive: V05_RAW_RACK83_LOAD_0_2_MESH
01:30:45 | INFO: Primitives created: 1
01:30:45 | INFO: Extracting primitive: V05_RAW_RACK83_LOAD_1_0_MESH
01:30:45 | INFO: Primitives created: 1
01:30:45 | INFO: Extracting primitive: V05_RAW_RACK83_LOAD_1_1_MESH
01:30:45 | INFO: Primitives created: 1
01:30:45 | INFO: Extracting primitive: V05_RAW_RACK83_LOAD_1_2_MESH
01:30:45 | INFO: Primitives created: 1
01:30:45 | INFO: Extracting primitive: V05_RAW_RACK83_LOAD_2_0_MESH
01:30:45 | INFO: Primitives created: 1
01:30:45 | INFO: Extracting primitive: V05_RAW_RACK83_LOAD_2_1_MESH
01:30:45 | INFO: Primitives created: 1
01:30:45 | INFO: Extracting primitive: V05_RAW_RACK83_LOAD_2_2_MESH
01:30:45 | INFO: Primitives created: 1
01:30:45 | INFO: Extracting primitive: V05_RAW_RACK83_LOAD_3_0_MESH
01:30:45 | INFO: Primitives created: 1
01:30:45 | INFO: Extracting primitive: V05_RAW_RACK83_LOAD_3_1_MESH
01:30:45 | INFO: Primitives created: 1
01:30:45 | INFO: Extracting primitive: V05_RAW_RACK83_LOAD_3_2_MESH
01:30:45 | INFO: Primitives created: 1
01:30:45 | INFO: Extracting primitive: V05_RAW_RACK83_LOAD_4_0_MESH
01:30:45 | INFO: Primitives created: 1
01:30:45 | INFO: Extracting primitive: V05_RAW_RACK83_LOAD_4_1_MESH
01:30:45 | INFO: Primitives created: 1
01:30:45 | INFO: Extracting primitive: V05_RAW_RACK83_LOAD_4_2_MESH
01:30:45 | INFO: Primitives created: 1
01:30:45 | INFO: Extracting primitive: V05_RAW_RACK83_LOAD_5_0_MESH
01:30:45 | INFO: Primitives created: 1
01:30:45 | INFO: Extracting primitive: V05_RAW_RACK83_LOAD_5_1_MESH
01:30:45 | INFO: Primitives created: 1
01:30:45 | INFO: Extracting primitive: V05_RAW_RACK83_LOAD_5_2_MESH
01:30:45 | INFO: Primitives created: 1
01:30:45 | INFO: Extracting primitive: V05_RAW_RACK83_LOAD_6_0_MESH
01:30:45 | INFO: Primitives created: 1
01:30:45 | INFO: Extracting primitive: V05_RAW_RACK83_LOAD_6_1_MESH
01:30:45 | INFO: Primitives created: 1
01:30:45 | INFO: Extracting primitive: V05_RAW_RACK83_LOAD_6_2_MESH
01:30:45 | INFO: Primitives created: 1
01:30:45 | INFO: Extracting primitive: V05_RAW_RACK83_LOAD_7_0_MESH
01:30:45 | INFO: Primitives created: 1
01:30:45 | INFO: Extracting primitive: V05_RAW_RACK83_LOAD_7_1_MESH
01:30:45 | INFO: Primitives created: 1
01:30:45 | INFO: Extracting primitive: V05_RAW_RACK83_LOAD_7_2_MESH
01:30:45 | INFO: Primitives created: 1
01:30:45 | INFO: Extracting primitive: V05_RAW_RACK83_PALLET_0_0_MESH
01:30:45 | INFO: Primitives created: 1
01:30:45 | INFO: Extracting primitive: V05_RAW_RACK83_PALLET_0_1_MESH
01:30:45 | INFO: Primitives created: 1
01:30:45 | INFO: Extracting primitive: V05_RAW_RACK83_PALLET_0_2_MESH
01:30:45 | INFO: Primitives created: 1
01:30:45 | INFO: Extracting primitive: V05_RAW_RACK83_PALLET_1_0_MESH
01:30:45 | INFO: Primitives created: 1
01:30:45 | INFO: Extracting primitive: V05_RAW_RACK83_PALLET_1_1_MESH
01:30:45 | INFO: Primitives created: 1
01:30:45 | INFO: Extracting primitive: V05_RAW_RACK83_PALLET_1_2_MESH
01:30:45 | INFO: Primitives created: 1
01:30:45 | INFO: Extracting primitive: V05_RAW_RACK83_PALLET_2_0_MESH
01:30:45 | INFO: Primitives created: 1
01:30:45 | INFO: Extracting primitive: V05_RAW_RACK83_PALLET_2_1_MESH
01:30:45 | INFO: Primitives created: 1
01:30:45 | INFO: Extracting primitive: V05_RAW_RACK83_PALLET_2_2_MESH
01:30:45 | INFO: Primitives created: 1
01:30:45 | INFO: Extracting primitive: V05_RAW_RACK83_PALLET_3_0_MESH
01:30:45 | INFO: Primitives created: 1
01:30:45 | INFO: Extracting primitive: V05_RAW_RACK83_PALLET_3_1_MESH
01:30:45 | INFO: Primitives created: 1
01:30:45 | INFO: Extracting primitive: V05_RAW_RACK83_PALLET_3_2_MESH
01:30:45 | INFO: Primitives created: 1
01:30:45 | INFO: Extracting primitive: V05_RAW_RACK83_PALLET_4_0_MESH
01:30:45 | INFO: Primitives created: 1
01:30:45 | INFO: Extracting primitive: V05_RAW_RACK83_PALLET_4_1_MESH
01:30:45 | INFO: Primitives created: 1
01:30:45 | INFO: Extracting primitive: V05_RAW_RACK83_PALLET_4_2_MESH
01:30:45 | INFO: Primitives created: 1
01:30:45 | INFO: Extracting primitive: V05_RAW_RACK83_PALLET_5_0_MESH
01:30:45 | INFO: Primitives created: 1
01:30:45 | INFO: Extracting primitive: V05_RAW_RACK83_PALLET_5_1_MESH
01:30:45 | INFO: Primitives created: 1
01:30:45 | INFO: Extracting primitive: V05_RAW_RACK83_PALLET_5_2_MESH
01:30:45 | INFO: Primitives created: 1
01:30:45 | INFO: Extracting primitive: V05_RAW_RACK83_PALLET_6_0_MESH
01:30:45 | INFO: Primitives created: 1
01:30:45 | INFO: Extracting primitive: V05_RAW_RACK83_PALLET_6_1_MESH
01:30:45 | INFO: Primitives created: 1
01:30:45 | INFO: Extracting primitive: V05_RAW_RACK83_PALLET_6_2_MESH
01:30:45 | INFO: Primitives created: 1
01:30:45 | INFO: Extracting primitive: V05_RAW_RACK83_PALLET_7_0_MESH
01:30:45 | INFO: Primitives created: 1
01:30:45 | INFO: Extracting primitive: V05_RAW_RACK83_PALLET_7_1_MESH
01:30:45 | INFO: Primitives created: 1
01:30:45 | INFO: Extracting primitive: V05_RAW_RACK83_PALLET_7_2_MESH
01:30:45 | INFO: Primitives created: 1
01:30:45 | INFO: Extracting primitive: V05_RAW_RACK83_UPRIGHT_0_0_MESH
01:30:45 | INFO: Primitives created: 1
01:30:45 | INFO: Extracting primitive: V05_RAW_RACK83_UPRIGHT_0_1_MESH
01:30:45 | INFO: Primitives created: 1
01:30:45 | INFO: Extracting primitive: V05_RAW_RACK83_UPRIGHT_0_2_MESH
01:30:45 | INFO: Primitives created: 1
01:30:45 | INFO: Extracting primitive: V05_RAW_RACK83_UPRIGHT_1_0_MESH
01:30:45 | INFO: Primitives created: 1
01:30:45 | INFO: Extracting primitive: V05_RAW_RACK83_UPRIGHT_1_1_MESH
01:30:45 | INFO: Primitives created: 1
01:30:45 | INFO: Extracting primitive: V05_RAW_RACK83_UPRIGHT_1_2_MESH
01:30:45 | INFO: Primitives created: 1
01:30:45 | INFO: Extracting primitive: V05_RAW_RACK83_UPRIGHT_2_0_MESH
01:30:45 | INFO: Primitives created: 1
01:30:45 | INFO: Extracting primitive: V05_RAW_RACK83_UPRIGHT_2_1_MESH
01:30:45 | INFO: Primitives created: 1
01:30:45 | INFO: Extracting primitive: V05_RAW_RACK83_UPRIGHT_2_2_MESH
01:30:45 | INFO: Primitives created: 1
01:30:45 | INFO: Extracting primitive: V05_RAW_RACK83_UPRIGHT_3_0_MESH
01:30:45 | INFO: Primitives created: 1
01:30:45 | INFO: Extracting primitive: V05_RAW_RACK83_UPRIGHT_3_1_MESH
01:30:45 | INFO: Primitives created: 1
01:30:45 | INFO: Extracting primitive: V05_RAW_RACK83_UPRIGHT_3_2_MESH
01:30:45 | INFO: Primitives created: 1
01:30:45 | INFO: Extracting primitive: V05_RAW_RACK83_UPRIGHT_4_0_MESH
01:30:45 | INFO: Primitives created: 1
01:30:45 | INFO: Extracting primitive: V05_RAW_RACK83_UPRIGHT_4_1_MESH
01:30:45 | INFO: Primitives created: 1
01:30:45 | INFO: Extracting primitive: V05_RAW_RACK83_UPRIGHT_4_2_MESH
01:30:45 | INFO: Primitives created: 1
01:30:45 | INFO: Extracting primitive: V05_RAW_RACK83_UPRIGHT_5_0_MESH
01:30:45 | INFO: Primitives created: 1
01:30:45 | INFO: Extracting primitive: V05_RAW_RACK83_UPRIGHT_5_1_MESH
01:30:45 | INFO: Primitives created: 1
01:30:45 | INFO: Extracting primitive: V05_RAW_RACK83_UPRIGHT_5_2_MESH
01:30:45 | INFO: Primitives created: 1
01:30:45 | INFO: Extracting primitive: V05_RAW_RACK83_UPRIGHT_6_0_MESH
01:30:45 | INFO: Primitives created: 1
01:30:45 | INFO: Extracting primitive: V05_RAW_RACK83_UPRIGHT_6_1_MESH
01:30:45 | INFO: Primitives created: 1
01:30:45 | INFO: Extracting primitive: V05_RAW_RACK83_UPRIGHT_6_2_MESH
01:30:45 | INFO: Primitives created: 1
01:30:45 | INFO: Extracting primitive: V05_RAW_RACK83_UPRIGHT_7_0_MESH
01:30:45 | INFO: Primitives created: 1
01:30:45 | INFO: Extracting primitive: V05_RAW_RACK83_UPRIGHT_7_1_MESH
01:30:45 | INFO: Primitives created: 1
01:30:45 | INFO: Extracting primitive: V05_RAW_RACK83_UPRIGHT_7_2_MESH
01:30:45 | INFO: Primitives created: 1
01:30:45 | INFO: Extracting primitive: V05_RAW_RACK91_BEAM_0_MESH
01:30:45 | INFO: Primitives created: 1
01:30:45 | INFO: Extracting primitive: V05_RAW_RACK91_BEAM_1_MESH
01:30:45 | INFO: Primitives created: 1
01:30:45 | INFO: Extracting primitive: V05_RAW_RACK91_BEAM_2_MESH
01:30:45 | INFO: Primitives created: 1
01:30:45 | INFO: Extracting primitive: V05_RAW_RACK91_LOAD_0_0_MESH
01:30:45 | INFO: Primitives created: 1
01:30:45 | INFO: Extracting primitive: V05_RAW_RACK91_LOAD_0_1_MESH
01:30:45 | INFO: Primitives created: 1
01:30:45 | INFO: Extracting primitive: V05_RAW_RACK91_LOAD_0_2_MESH
01:30:45 | INFO: Primitives created: 1
01:30:45 | INFO: Extracting primitive: V05_RAW_RACK91_LOAD_1_0_MESH
01:30:45 | INFO: Primitives created: 1
01:30:45 | INFO: Extracting primitive: V05_RAW_RACK91_LOAD_1_1_MESH
01:30:45 | INFO: Primitives created: 1
01:30:45 | INFO: Extracting primitive: V05_RAW_RACK91_LOAD_1_2_MESH
01:30:45 | INFO: Primitives created: 1
01:30:45 | INFO: Extracting primitive: V05_RAW_RACK91_LOAD_2_0_MESH
01:30:45 | INFO: Primitives created: 1
01:30:45 | INFO: Extracting primitive: V05_RAW_RACK91_LOAD_2_1_MESH
01:30:45 | INFO: Primitives created: 1
01:30:45 | INFO: Extracting primitive: V05_RAW_RACK91_LOAD_2_2_MESH
01:30:45 | INFO: Primitives created: 1
01:30:45 | INFO: Extracting primitive: V05_RAW_RACK91_LOAD_3_0_MESH
01:30:45 | INFO: Primitives created: 1
01:30:45 | INFO: Extracting primitive: V05_RAW_RACK91_LOAD_3_1_MESH
01:30:45 | INFO: Primitives created: 1
01:30:45 | INFO: Extracting primitive: V05_RAW_RACK91_LOAD_3_2_MESH
01:30:45 | INFO: Primitives created: 1
01:30:45 | INFO: Extracting primitive: V05_RAW_RACK91_LOAD_4_0_MESH
01:30:45 | INFO: Primitives created: 1
01:30:45 | INFO: Extracting primitive: V05_RAW_RACK91_LOAD_4_1_MESH
01:30:45 | INFO: Primitives created: 1
01:30:45 | INFO: Extracting primitive: V05_RAW_RACK91_LOAD_4_2_MESH
01:30:45 | INFO: Primitives created: 1
01:30:45 | INFO: Extracting primitive: V05_RAW_RACK91_LOAD_5_0_MESH
01:30:45 | INFO: Primitives created: 1
01:30:45 | INFO: Extracting primitive: V05_RAW_RACK91_LOAD_5_1_MESH
01:30:45 | INFO: Primitives created: 1
01:30:45 | INFO: Extracting primitive: V05_RAW_RACK91_LOAD_5_2_MESH
01:30:45 | INFO: Primitives created: 1
01:30:45 | INFO: Extracting primitive: V05_RAW_RACK91_LOAD_6_0_MESH
01:30:45 | INFO: Primitives created: 1
01:30:45 | INFO: Extracting primitive: V05_RAW_RACK91_LOAD_6_1_MESH
01:30:45 | INFO: Primitives created: 1
01:30:45 | INFO: Extracting primitive: V05_RAW_RACK91_LOAD_6_2_MESH
01:30:45 | INFO: Primitives created: 1
01:30:45 | INFO: Extracting primitive: V05_RAW_RACK91_LOAD_7_0_MESH
01:30:45 | INFO: Primitives created: 1
01:30:45 | INFO: Extracting primitive: V05_RAW_RACK91_LOAD_7_1_MESH
01:30:45 | INFO: Primitives created: 1
01:30:45 | INFO: Extracting primitive: V05_RAW_RACK91_LOAD_7_2_MESH
01:30:45 | INFO: Primitives created: 1
01:30:45 | INFO: Extracting primitive: V05_RAW_RACK91_PALLET_0_0_MESH
01:30:45 | INFO: Primitives created: 1
01:30:45 | INFO: Extracting primitive: V05_RAW_RACK91_PALLET_0_1_MESH
01:30:45 | INFO: Primitives created: 1
01:30:45 | INFO: Extracting primitive: V05_RAW_RACK91_PALLET_0_2_MESH
01:30:45 | INFO: Primitives created: 1
01:30:45 | INFO: Extracting primitive: V05_RAW_RACK91_PALLET_1_0_MESH
01:30:45 | INFO: Primitives created: 1
01:30:45 | INFO: Extracting primitive: V05_RAW_RACK91_PALLET_1_1_MESH
01:30:45 | INFO: Primitives created: 1
01:30:45 | INFO: Extracting primitive: V05_RAW_RACK91_PALLET_1_2_MESH
01:30:45 | INFO: Primitives created: 1
01:30:45 | INFO: Extracting primitive: V05_RAW_RACK91_PALLET_2_0_MESH
01:30:45 | INFO: Primitives created: 1
01:30:45 | INFO: Extracting primitive: V05_RAW_RACK91_PALLET_2_1_MESH
01:30:45 | INFO: Primitives created: 1
01:30:45 | INFO: Extracting primitive: V05_RAW_RACK91_PALLET_2_2_MESH
01:30:45 | INFO: Primitives created: 1
01:30:45 | INFO: Extracting primitive: V05_RAW_RACK91_PALLET_3_0_MESH
01:30:45 | INFO: Primitives created: 1
01:30:45 | INFO: Extracting primitive: V05_RAW_RACK91_PALLET_3_1_MESH
01:30:45 | INFO: Primitives created: 1
01:30:45 | INFO: Extracting primitive: V05_RAW_RACK91_PALLET_3_2_MESH
01:30:45 | INFO: Primitives created: 1
01:30:45 | INFO: Extracting primitive: V05_RAW_RACK91_PALLET_4_0_MESH
01:30:45 | INFO: Primitives created: 1
01:30:45 | INFO: Extracting primitive: V05_RAW_RACK91_PALLET_4_1_MESH
01:30:45 | INFO: Primitives created: 1
01:30:45 | INFO: Extracting primitive: V05_RAW_RACK91_PALLET_4_2_MESH
01:30:45 | INFO: Primitives created: 1
01:30:45 | INFO: Extracting primitive: V05_RAW_RACK91_PALLET_5_0_MESH
01:30:45 | INFO: Primitives created: 1
01:30:45 | INFO: Extracting primitive: V05_RAW_RACK91_PALLET_5_1_MESH
01:30:45 | INFO: Primitives created: 1
01:30:45 | INFO: Extracting primitive: V05_RAW_RACK91_PALLET_5_2_MESH
01:30:45 | INFO: Primitives created: 1
01:30:45 | INFO: Extracting primitive: V05_RAW_RACK91_PALLET_6_0_MESH
01:30:45 | INFO: Primitives created: 1
01:30:45 | INFO: Extracting primitive: V05_RAW_RACK91_PALLET_6_1_MESH
01:30:45 | INFO: Primitives created: 1
01:30:45 | INFO: Extracting primitive: V05_RAW_RACK91_PALLET_6_2_MESH
01:30:45 | INFO: Primitives created: 1
01:30:45 | INFO: Extracting primitive: V05_RAW_RACK91_PALLET_7_0_MESH
01:30:45 | INFO: Primitives created: 1
01:30:45 | INFO: Extracting primitive: V05_RAW_RACK91_PALLET_7_1_MESH
01:30:45 | INFO: Primitives created: 1
01:30:45 | INFO: Extracting primitive: V05_RAW_RACK91_PALLET_7_2_MESH
01:30:45 | INFO: Primitives created: 1
01:30:45 | INFO: Extracting primitive: V05_RAW_RACK91_UPRIGHT_0_0_MESH
01:30:45 | INFO: Primitives created: 1
01:30:45 | INFO: Extracting primitive: V05_RAW_RACK91_UPRIGHT_0_1_MESH
01:30:45 | INFO: Primitives created: 1
01:30:45 | INFO: Extracting primitive: V05_RAW_RACK91_UPRIGHT_0_2_MESH
01:30:45 | INFO: Primitives created: 1
01:30:45 | INFO: Extracting primitive: V05_RAW_RACK91_UPRIGHT_1_0_MESH
01:30:45 | INFO: Primitives created: 1
01:30:45 | INFO: Extracting primitive: V05_RAW_RACK91_UPRIGHT_1_1_MESH
01:30:45 | INFO: Primitives created: 1
01:30:45 | INFO: Extracting primitive: V05_RAW_RACK91_UPRIGHT_1_2_MESH
01:30:45 | INFO: Primitives created: 1
01:30:45 | INFO: Extracting primitive: V05_RAW_RACK91_UPRIGHT_2_0_MESH
01:30:45 | INFO: Primitives created: 1
01:30:45 | INFO: Extracting primitive: V05_RAW_RACK91_UPRIGHT_2_1_MESH
01:30:45 | INFO: Primitives created: 1
01:30:45 | INFO: Extracting primitive: V05_RAW_RACK91_UPRIGHT_2_2_MESH
01:30:45 | INFO: Primitives created: 1
01:30:45 | INFO: Extracting primitive: V05_RAW_RACK91_UPRIGHT_3_0_MESH
01:30:45 | INFO: Primitives created: 1
01:30:45 | INFO: Extracting primitive: V05_RAW_RACK91_UPRIGHT_3_1_MESH
01:30:45 | INFO: Primitives created: 1
01:30:45 | INFO: Extracting primitive: V05_RAW_RACK91_UPRIGHT_3_2_MESH
01:30:45 | INFO: Primitives created: 1
01:30:45 | INFO: Extracting primitive: V05_RAW_RACK91_UPRIGHT_4_0_MESH
01:30:45 | INFO: Primitives created: 1
01:30:45 | INFO: Extracting primitive: V05_RAW_RACK91_UPRIGHT_4_1_MESH
01:30:45 | INFO: Primitives created: 1
01:30:45 | INFO: Extracting primitive: V05_RAW_RACK91_UPRIGHT_4_2_MESH
01:30:45 | INFO: Primitives created: 1
01:30:45 | INFO: Extracting primitive: V05_RAW_RACK91_UPRIGHT_5_0_MESH
01:30:45 | INFO: Primitives created: 1
01:30:45 | INFO: Extracting primitive: V05_RAW_RACK91_UPRIGHT_5_1_MESH
01:30:45 | INFO: Primitives created: 1
01:30:45 | INFO: Extracting primitive: V05_RAW_RACK91_UPRIGHT_5_2_MESH
01:30:45 | INFO: Primitives created: 1
01:30:45 | INFO: Extracting primitive: V05_RAW_RACK91_UPRIGHT_6_0_MESH
01:30:45 | INFO: Primitives created: 1
01:30:45 | INFO: Extracting primitive: V05_RAW_RACK91_UPRIGHT_6_1_MESH
01:30:45 | INFO: Primitives created: 1
01:30:45 | INFO: Extracting primitive: V05_RAW_RACK91_UPRIGHT_6_2_MESH
01:30:45 | INFO: Primitives created: 1
01:30:45 | INFO: Extracting primitive: V05_RAW_RACK91_UPRIGHT_7_0_MESH
01:30:45 | INFO: Primitives created: 1
01:30:45 | INFO: Extracting primitive: V05_RAW_RACK91_UPRIGHT_7_1_MESH
01:30:45 | INFO: Primitives created: 1
01:30:45 | INFO: Extracting primitive: V05_RAW_RACK91_UPRIGHT_7_2_MESH
01:30:45 | INFO: Primitives created: 1
01:30:45 | INFO: Extracting primitive: V05_RAW_RECEIVE0_BASE_MESH
01:30:45 | INFO: Primitives created: 1
01:30:45 | INFO: Extracting primitive: V05_RAW_RECEIVE0_LOAD_MESH
01:30:45 | INFO: Primitives created: 1
01:30:45 | INFO: Extracting primitive: V05_RAW_RECEIVE1_BASE_MESH
01:30:45 | INFO: Primitives created: 1
01:30:45 | INFO: Extracting primitive: V05_RAW_RECEIVE1_LOAD_MESH
01:30:45 | INFO: Primitives created: 1
01:30:45 | INFO: Extracting primitive: V05_RAW_RECEIVE2_BASE_MESH
01:30:45 | INFO: Primitives created: 1
01:30:45 | INFO: Extracting primitive: V05_RAW_RECEIVE2_LOAD_MESH
01:30:45 | INFO: Primitives created: 1
01:30:45 | INFO: Extracting primitive: V05_RAW_RECEIVE3_BASE_MESH
01:30:45 | INFO: Primitives created: 1
01:30:45 | INFO: Extracting primitive: V05_RAW_RECEIVE3_LOAD_MESH
01:30:45 | INFO: Primitives created: 1
01:30:45 | INFO: Extracting primitive: V05_RAW_RECEIVE4_BASE_MESH
01:30:45 | INFO: Primitives created: 1
01:30:45 | INFO: Extracting primitive: V05_RAW_RECEIVE4_LOAD_MESH
01:30:45 | INFO: Primitives created: 1
01:30:45 | INFO: Extracting primitive: V05_RAW_RECEIVE5_BASE_MESH
01:30:45 | INFO: Primitives created: 1
01:30:45 | INFO: Extracting primitive: V05_RAW_RECEIVE5_LOAD_MESH
01:30:45 | INFO: Primitives created: 1
01:30:45 | INFO: Extracting primitive: V05_RAW_RECEIVE_DESK_MESH
01:30:45 | INFO: Primitives created: 1
01:30:45 | INFO: Extracting primitive: V05_RAW_RIGHT_MESH
01:30:45 | INFO: Primitives created: 1
01:30:45 | INFO: Extracting primitive: V05_RAW_SOFFIT_-62.879999999999995_MESH
01:30:45 | INFO: Primitives created: 1
01:30:45 | INFO: Extracting primitive: V05_RAW_SOFFIT_-78_MESH
01:30:45 | INFO: Primitives created: 1
01:30:45 | INFO: Extracting primitive: V05_RAW_SOFFIT_-93.12_MESH
01:30:45 | INFO: Primitives created: 1
01:30:45 | INFO: Extracting primitive: V05_RESTAURANT_BACK_MESH
01:30:45 | INFO: Primitives created: 1
01:30:45 | INFO: Extracting primitive: V05_RESTAURANT_DOOR_HEADER_MESH
01:30:45 | INFO: Primitives created: 1
01:30:45 | INFO: Extracting primitive: V05_RESTAURANT_DOOR_L_MESH
01:30:45 | INFO: Primitives created: 1
01:30:45 | INFO: Extracting primitive: V05_RESTAURANT_DOOR_R_MESH
01:30:45 | INFO: Primitives created: 1
01:30:45 | INFO: Extracting primitive: V05_RESTAURANT_FLOOR_MESH
01:30:45 | INFO: Primitives created: 1
01:30:45 | INFO: Extracting primitive: V05_RESTAURANT_LEFT_MESH
01:30:45 | INFO: Primitives created: 1
01:30:45 | INFO: Extracting primitive: V05_RESTAURANT_LIGHT_0_FIXTURE_MESH
01:30:45 | INFO: Primitives created: 1
01:30:45 | INFO: Extracting primitive: V05_RESTAURANT_LIGHT_0_GLOW_MESH
01:30:45 | INFO: Primitives created: 1
01:30:45 | INFO: Extracting primitive: V05_RESTAURANT_LIGHT_1_FIXTURE_MESH
01:30:45 | INFO: Primitives created: 1
01:30:45 | INFO: Extracting primitive: V05_RESTAURANT_LIGHT_1_GLOW_MESH
01:30:45 | INFO: Primitives created: 1
01:30:45 | INFO: Extracting primitive: V05_RESTAURANT_LIGHT_2_FIXTURE_MESH
01:30:45 | INFO: Primitives created: 1
01:30:45 | INFO: Extracting primitive: V05_RESTAURANT_LIGHT_2_GLOW_MESH
01:30:45 | INFO: Primitives created: 1
01:30:45 | INFO: Extracting primitive: V05_RESTAURANT_LIGHT_3_FIXTURE_MESH
01:30:45 | INFO: Primitives created: 1
01:30:45 | INFO: Extracting primitive: V05_RESTAURANT_LIGHT_3_GLOW_MESH
01:30:45 | INFO: Primitives created: 1
01:30:45 | INFO: Extracting primitive: V05_RESTAURANT_RIGHT_MESH
01:30:45 | INFO: Primitives created: 1
01:30:45 | INFO: Extracting primitive: V05_RESTAURANT_SOFFIT_5_MESH
01:30:45 | INFO: Primitives created: 1
01:30:45 | INFO: Extracting primitive: V05_RESTAURANT_SOFFIT_17.6_MESH
01:30:45 | INFO: Primitives created: 1
01:30:45 | INFO: Extracting primitive: V05_RESTAURANT_SOFFIT_-7.600000000000001_MESH
01:30:45 | INFO: Primitives created: 1
01:30:45 | INFO: Extracting primitive: V05_SECURITY_BACK_MESH
01:30:45 | INFO: Primitives created: 1
01:30:45 | INFO: Extracting primitive: V05_SECURITY_DESK_MESH
01:30:45 | INFO: Primitives created: 1
01:30:45 | INFO: Extracting primitive: V05_SECURITY_DOOR_HEADER_MESH
01:30:45 | INFO: Primitives created: 1
01:30:45 | INFO: Extracting primitive: V05_SECURITY_DOOR_L_MESH
01:30:45 | INFO: Primitives created: 1
01:30:45 | INFO: Extracting primitive: V05_SECURITY_DOOR_R_MESH
01:30:45 | INFO: Primitives created: 1
01:30:45 | INFO: Extracting primitive: V05_SECURITY_FLOOR_MESH
01:30:45 | INFO: Primitives created: 1
01:30:45 | INFO: Extracting primitive: V05_SECURITY_LEFT_MESH
01:30:45 | INFO: Primitives created: 1
01:30:45 | INFO: Extracting primitive: V05_SECURITY_LIGHT_0_FIXTURE_MESH
01:30:45 | INFO: Primitives created: 1
01:30:45 | INFO: Extracting primitive: V05_SECURITY_LIGHT_0_GLOW_MESH
01:30:45 | INFO: Primitives created: 1
01:30:45 | INFO: Extracting primitive: V05_SECURITY_LIGHT_1_FIXTURE_MESH
01:30:45 | INFO: Primitives created: 1
01:30:45 | INFO: Extracting primitive: V05_SECURITY_LIGHT_1_GLOW_MESH
01:30:45 | INFO: Primitives created: 1
01:30:45 | INFO: Extracting primitive: V05_SECURITY_LIGHT_2_FIXTURE_MESH
01:30:45 | INFO: Primitives created: 1
01:30:45 | INFO: Extracting primitive: V05_SECURITY_LIGHT_2_GLOW_MESH
01:30:45 | INFO: Primitives created: 1
01:30:45 | INFO: Extracting primitive: V05_SECURITY_LIGHT_3_FIXTURE_MESH
01:30:45 | INFO: Primitives created: 1
01:30:45 | INFO: Extracting primitive: V05_SECURITY_LIGHT_3_GLOW_MESH
01:30:45 | INFO: Primitives created: 1
01:30:45 | INFO: Extracting primitive: V05_SECURITY_RIGHT_MESH
01:30:45 | INFO: Primitives created: 1
01:30:45 | INFO: Extracting primitive: V05_SECURITY_SCREEN_MESH
01:30:45 | INFO: Primitives created: 1
01:30:45 | INFO: Extracting primitive: V05_SECURITY_SCREENING_MESH
01:30:45 | INFO: Primitives created: 1
01:30:45 | INFO: Extracting primitive: V05_SECURITY_SOFFIT_-44.56_MESH
01:30:45 | INFO: Primitives created: 1
01:30:45 | INFO: Extracting primitive: V05_SECURITY_SOFFIT_-58_MESH
01:30:45 | INFO: Primitives created: 1
01:30:45 | INFO: Extracting primitive: V05_SECURITY_SOFFIT_-71.44_MESH
01:30:45 | INFO: Primitives created: 1
01:30:45 | INFO: Extracting primitive: V05_SECURITY_WAIT_PANEL_MESH
01:30:45 | INFO: Primitives created: 1
01:30:45 | INFO: Extracting primitive: V05_SECURITY_WAIT_POST_MESH
01:30:45 | INFO: Primitives created: 1
01:30:45 | INFO: Extracting primitive: V05_TRAINING_BACK_MESH
01:30:45 | INFO: Primitives created: 1
01:30:45 | INFO: Extracting primitive: V05_TRAINING_DOOR_HEADER_MESH
01:30:45 | INFO: Primitives created: 1
01:30:45 | INFO: Extracting primitive: V05_TRAINING_DOOR_L_MESH
01:30:45 | INFO: Primitives created: 1
01:30:45 | INFO: Extracting primitive: V05_TRAINING_DOOR_R_MESH
01:30:45 | INFO: Primitives created: 1
01:30:45 | INFO: Extracting primitive: V05_TRAINING_FLOOR_MESH
01:30:45 | INFO: Primitives created: 1
01:30:45 | INFO: Extracting primitive: V05_TRAINING_INSTRUCTOR_MESH
01:30:45 | INFO: Primitives created: 1
01:30:45 | INFO: Extracting primitive: V05_TRAINING_LEFT_MESH
01:30:45 | INFO: Primitives created: 1
01:30:45 | INFO: Extracting primitive: V05_TRAINING_LIGHT_0_FIXTURE_MESH
01:30:45 | INFO: Primitives created: 1
01:30:45 | INFO: Extracting primitive: V05_TRAINING_LIGHT_0_GLOW_MESH
01:30:45 | INFO: Primitives created: 1
01:30:45 | INFO: Extracting primitive: V05_TRAINING_LIGHT_1_FIXTURE_MESH
01:30:45 | INFO: Primitives created: 1
01:30:45 | INFO: Extracting primitive: V05_TRAINING_LIGHT_1_GLOW_MESH
01:30:45 | INFO: Primitives created: 1
01:30:45 | INFO: Extracting primitive: V05_TRAINING_RIGHT_MESH
01:30:45 | INFO: Primitives created: 1
01:30:45 | INFO: Extracting primitive: V05_TRAINING_SCREEN_MESH
01:30:45 | INFO: Primitives created: 1
01:30:45 | INFO: Extracting primitive: V05_TRAINING_SOFFIT_22.72_MESH
01:30:45 | INFO: Primitives created: 1
01:30:45 | INFO: Extracting primitive: V05_TRAINING_SOFFIT_30_MESH
01:30:45 | INFO: Primitives created: 1
01:30:45 | INFO: Extracting primitive: V05_TRAINING_SOFFIT_37.28_MESH
01:30:45 | INFO: Primitives created: 1
01:30:45 | INFO: Extracting primitive: V05_TRAINING_STORAGE_BEAM_0_MESH
01:30:45 | INFO: Primitives created: 1
01:30:45 | INFO: Extracting primitive: V05_TRAINING_STORAGE_BEAM_1_MESH
01:30:45 | INFO: Primitives created: 1
01:30:45 | INFO: Extracting primitive: V05_TRAINING_STORAGE_LOAD_0_0_MESH
01:30:45 | INFO: Primitives created: 1
01:30:45 | INFO: Extracting primitive: V05_TRAINING_STORAGE_LOAD_0_1_MESH
01:30:45 | INFO: Primitives created: 1
01:30:45 | INFO: Extracting primitive: V05_TRAINING_STORAGE_LOAD_1_0_MESH
01:30:45 | INFO: Primitives created: 1
01:30:45 | INFO: Extracting primitive: V05_TRAINING_STORAGE_LOAD_1_1_MESH
01:30:45 | INFO: Primitives created: 1
01:30:45 | INFO: Extracting primitive: V05_TRAINING_STORAGE_PALLET_0_0_MESH
01:30:45 | INFO: Primitives created: 1
01:30:45 | INFO: Extracting primitive: V05_TRAINING_STORAGE_PALLET_0_1_MESH
01:30:45 | INFO: Primitives created: 1
01:30:45 | INFO: Extracting primitive: V05_TRAINING_STORAGE_PALLET_1_0_MESH
01:30:45 | INFO: Primitives created: 1
01:30:45 | INFO: Extracting primitive: V05_TRAINING_STORAGE_PALLET_1_1_MESH
01:30:45 | INFO: Primitives created: 1
01:30:45 | INFO: Extracting primitive: V05_TRAINING_STORAGE_UPRIGHT_0_0_MESH
01:30:45 | INFO: Primitives created: 1
01:30:45 | INFO: Extracting primitive: V05_TRAINING_STORAGE_UPRIGHT_0_1_MESH
01:30:45 | INFO: Primitives created: 1
01:30:45 | INFO: Extracting primitive: V05_TRAINING_STORAGE_UPRIGHT_1_0_MESH
01:30:45 | INFO: Primitives created: 1
01:30:45 | INFO: Extracting primitive: V05_TRAINING_STORAGE_UPRIGHT_1_1_MESH
01:30:45 | INFO: Primitives created: 1
01:30:45 | INFO: Extracting primitive: V05_TURNSTILE0_MESH
01:30:45 | INFO: Primitives created: 1
01:30:45 | INFO: Extracting primitive: V05_TURNSTILE1_MESH
01:30:45 | INFO: Primitives created: 1
01:30:45 | INFO: Extracting primitive: V05_TURNSTILE2_MESH
01:30:45 | INFO: Primitives created: 1
01:30:45 | INFO: Extracting primitive: V05_TURNSTILE3_MESH
01:30:45 | INFO: Primitives created: 1
01:30:45 | INFO: Extracting primitive: V05_UTIL_BACK_MESH
01:30:45 | INFO: Primitives created: 1
01:30:45 | INFO: Extracting primitive: V05_UTIL_BOILER_LID_MESH
01:30:45 | INFO: Primitives created: 1
01:30:45 | INFO: Extracting primitive: V05_UTIL_BOILER_OUT_MESH
01:30:45 | INFO: Primitives created: 1
01:30:45 | INFO: Extracting primitive: V05_UTIL_BOILER_VESSEL_MESH
01:30:45 | INFO: Primitives created: 1
01:30:45 | INFO: Extracting primitive: V05_UTIL_COMPRESSOR_BASE_MESH
01:30:45 | INFO: Primitives created: 1
01:30:45 | INFO: Extracting primitive: V05_UTIL_COMPRESSOR_HOUSING_MESH
01:30:45 | INFO: Primitives created: 1
01:30:45 | INFO: Extracting primitive: V05_UTIL_COMPRESSOR_PANEL_MESH
01:30:45 | INFO: Primitives created: 1
01:30:45 | INFO: Extracting primitive: V05_UTIL_DOOR_HEADER_MESH
01:30:45 | INFO: Primitives created: 1
01:30:45 | INFO: Extracting primitive: V05_UTIL_DOOR_L_MESH
01:30:45 | INFO: Primitives created: 1
01:30:45 | INFO: Extracting primitive: V05_UTIL_DOOR_R_MESH
01:30:45 | INFO: Primitives created: 1
01:30:45 | INFO: Extracting primitive: V05_UTIL_FLOOR_MESH
01:30:45 | INFO: Primitives created: 1
01:30:45 | INFO: Extracting primitive: V05_UTIL_LEFT_MESH
01:30:45 | INFO: Primitives created: 1
01:30:45 | INFO: Extracting primitive: V05_UTIL_LIGHT_0_FIXTURE_MESH
01:30:45 | INFO: Primitives created: 1
01:30:45 | INFO: Extracting primitive: V05_UTIL_LIGHT_0_GLOW_MESH
01:30:45 | INFO: Primitives created: 1
01:30:45 | INFO: Extracting primitive: V05_UTIL_LIGHT_1_FIXTURE_MESH
01:30:45 | INFO: Primitives created: 1
01:30:45 | INFO: Extracting primitive: V05_UTIL_LIGHT_1_GLOW_MESH
01:30:45 | INFO: Primitives created: 1
01:30:45 | INFO: Extracting primitive: V05_UTIL_LIGHT_2_FIXTURE_MESH
01:30:45 | INFO: Primitives created: 1
01:30:45 | INFO: Extracting primitive: V05_UTIL_LIGHT_2_GLOW_MESH
01:30:45 | INFO: Primitives created: 1
01:30:45 | INFO: Extracting primitive: V05_UTIL_MAINT_BENCH_MESH
01:30:45 | INFO: Primitives created: 1
01:30:45 | INFO: Extracting primitive: V05_UTIL_MANIFOLD0_MESH
01:30:45 | INFO: Primitives created: 1
01:30:45 | INFO: Extracting primitive: V05_UTIL_MANIFOLD1_MESH
01:30:45 | INFO: Primitives created: 1
01:30:45 | INFO: Extracting primitive: V05_UTIL_MANIFOLD2_MESH
01:30:45 | INFO: Primitives created: 1
01:30:45 | INFO: Extracting primitive: V05_UTIL_MANIFOLD3_MESH
01:30:45 | INFO: Primitives created: 1
01:30:45 | INFO: Extracting primitive: V05_UTIL_RIGHT_MESH
01:30:45 | INFO: Primitives created: 1
01:30:45 | INFO: Extracting primitive: V05_UTIL_RO0_LID_MESH
01:30:45 | INFO: Primitives created: 1
01:30:45 | INFO: Extracting primitive: V05_UTIL_RO0_OUT_MESH
01:30:45 | INFO: Primitives created: 1
01:30:45 | INFO: Extracting primitive: V05_UTIL_RO0_VESSEL_MESH
01:30:45 | INFO: Primitives created: 1
01:30:45 | INFO: Extracting primitive: V05_UTIL_RO1_LID_MESH
01:30:45 | INFO: Primitives created: 1
01:30:45 | INFO: Extracting primitive: V05_UTIL_RO1_OUT_MESH
01:30:45 | INFO: Primitives created: 1
01:30:45 | INFO: Extracting primitive: V05_UTIL_RO1_VESSEL_MESH
01:30:45 | INFO: Primitives created: 1
01:30:45 | INFO: Extracting primitive: V05_UTIL_RO2_LID_MESH
01:30:45 | INFO: Primitives created: 1
01:30:45 | INFO: Extracting primitive: V05_UTIL_RO2_OUT_MESH
01:30:45 | INFO: Primitives created: 1
01:30:45 | INFO: Extracting primitive: V05_UTIL_RO2_VESSEL_MESH
01:30:45 | INFO: Primitives created: 1
01:30:45 | INFO: Extracting primitive: V05_UTIL_RO_SKID_MESH
01:30:45 | INFO: Primitives created: 1
01:30:45 | INFO: Extracting primitive: V05_UTIL_SOFFIT_86.48_MESH
01:30:45 | INFO: Primitives created: 1
01:30:45 | INFO: Extracting primitive: V05_UTIL_SOFFIT_96_MESH
01:30:45 | INFO: Primitives created: 1
01:30:45 | INFO: Extracting primitive: V05_UTIL_SOFFIT_105.52_MESH
01:30:45 | INFO: Primitives created: 1
01:30:45 | INFO: Extracting primitive: V05_UTIL_STEAM_MESH
01:30:45 | INFO: Primitives created: 1
01:30:45 | INFO: Extracting primitive: V05_VISITOR_WAIT_CHAIR_0_MESH
01:30:45 | INFO: Primitives created: 1
01:30:45 | INFO: Extracting primitive: V05_VISITOR_WAIT_CHAIR_1_MESH
01:30:45 | INFO: Primitives created: 1
01:30:45 | INFO: Extracting primitive: V05_VISITOR_WAIT_CHAIR_2_MESH
01:30:45 | INFO: Primitives created: 1
01:30:45 | INFO: Extracting primitive: V05_VISITOR_WAIT_CHAIR_3_MESH
01:30:45 | INFO: Primitives created: 1
01:30:45 | INFO: Extracting primitive: V05_VISITOR_WAIT_TABLE_MESH
01:30:45 | INFO: Primitives created: 1
01:30:45 | INFO: Extracting primitive: V05_WELLNESS_BACK_MESH
01:30:45 | INFO: Primitives created: 1
01:30:45 | INFO: Extracting primitive: V05_WELLNESS_DOOR_HEADER_MESH
01:30:45 | INFO: Primitives created: 1
01:30:45 | INFO: Extracting primitive: V05_WELLNESS_DOOR_L_MESH
01:30:45 | INFO: Primitives created: 1
01:30:45 | INFO: Extracting primitive: V05_WELLNESS_DOOR_R_MESH
01:30:45 | INFO: Primitives created: 1
01:30:45 | INFO: Extracting primitive: V05_WELLNESS_FLOOR_MESH
01:30:45 | INFO: Primitives created: 1
01:30:45 | INFO: Extracting primitive: V05_WELLNESS_LEFT_MESH
01:30:45 | INFO: Primitives created: 1
01:30:45 | INFO: Extracting primitive: V05_WELLNESS_LIGHT_0_FIXTURE_MESH
01:30:45 | INFO: Primitives created: 1
01:30:45 | INFO: Extracting primitive: V05_WELLNESS_LIGHT_0_GLOW_MESH
01:30:45 | INFO: Primitives created: 1
01:30:45 | INFO: Extracting primitive: V05_WELLNESS_LIGHT_1_FIXTURE_MESH
01:30:45 | INFO: Primitives created: 1
01:30:45 | INFO: Extracting primitive: V05_WELLNESS_LIGHT_1_GLOW_MESH
01:30:45 | INFO: Primitives created: 1
01:30:45 | INFO: Extracting primitive: V05_WELLNESS_LOCKER_BEAM_0_MESH
01:30:45 | INFO: Primitives created: 1
01:30:45 | INFO: Extracting primitive: V05_WELLNESS_LOCKER_BEAM_1_MESH
01:30:45 | INFO: Primitives created: 1
01:30:45 | INFO: Extracting primitive: V05_WELLNESS_LOCKER_LOAD_0_0_MESH
01:30:45 | INFO: Primitives created: 1
01:30:45 | INFO: Extracting primitive: V05_WELLNESS_LOCKER_LOAD_0_1_MESH
01:30:45 | INFO: Primitives created: 1
01:30:45 | INFO: Extracting primitive: V05_WELLNESS_LOCKER_LOAD_1_0_MESH
01:30:45 | INFO: Primitives created: 1
01:30:45 | INFO: Extracting primitive: V05_WELLNESS_LOCKER_LOAD_1_1_MESH
01:30:45 | INFO: Primitives created: 1
01:30:45 | INFO: Extracting primitive: V05_WELLNESS_LOCKER_LOAD_2_0_MESH
01:30:45 | INFO: Primitives created: 1
01:30:45 | INFO: Extracting primitive: V05_WELLNESS_LOCKER_LOAD_2_1_MESH
01:30:45 | INFO: Primitives created: 1
01:30:45 | INFO: Extracting primitive: V05_WELLNESS_LOCKER_PALLET_0_0_MESH
01:30:45 | INFO: Primitives created: 1
01:30:45 | INFO: Extracting primitive: V05_WELLNESS_LOCKER_PALLET_0_1_MESH
01:30:45 | INFO: Primitives created: 1
01:30:45 | INFO: Extracting primitive: V05_WELLNESS_LOCKER_PALLET_1_0_MESH
01:30:45 | INFO: Primitives created: 1
01:30:45 | INFO: Extracting primitive: V05_WELLNESS_LOCKER_PALLET_1_1_MESH
01:30:45 | INFO: Primitives created: 1
01:30:45 | INFO: Extracting primitive: V05_WELLNESS_LOCKER_PALLET_2_0_MESH
01:30:45 | INFO: Primitives created: 1
01:30:45 | INFO: Extracting primitive: V05_WELLNESS_LOCKER_PALLET_2_1_MESH
01:30:45 | INFO: Primitives created: 1
01:30:45 | INFO: Extracting primitive: V05_WELLNESS_LOCKER_UPRIGHT_0_0_MESH
01:30:45 | INFO: Primitives created: 1
01:30:45 | INFO: Extracting primitive: V05_WELLNESS_LOCKER_UPRIGHT_0_1_MESH
01:30:45 | INFO: Primitives created: 1
01:30:45 | INFO: Extracting primitive: V05_WELLNESS_LOCKER_UPRIGHT_1_0_MESH
01:30:45 | INFO: Primitives created: 1
01:30:46 | INFO: Extracting primitive: V05_WELLNESS_LOCKER_UPRIGHT_1_1_MESH
01:30:46 | INFO: Primitives created: 1
01:30:46 | INFO: Extracting primitive: V05_WELLNESS_LOCKER_UPRIGHT_2_0_MESH
01:30:46 | INFO: Primitives created: 1
01:30:46 | INFO: Extracting primitive: V05_WELLNESS_LOCKER_UPRIGHT_2_1_MESH
01:30:46 | INFO: Primitives created: 1
01:30:46 | INFO: Extracting primitive: V05_WELLNESS_RIGHT_MESH
01:30:46 | INFO: Primitives created: 1
01:30:46 | INFO: Extracting primitive: V05_WELLNESS_SOFFIT_22.16_MESH
01:30:46 | INFO: Primitives created: 1
01:30:46 | INFO: Extracting primitive: V05_WELLNESS_SOFFIT_30_MESH
01:30:46 | INFO: Primitives created: 1
01:30:46 | INFO: Extracting primitive: V05_WELLNESS_SOFFIT_37.84_MESH
01:30:46 | INFO: Primitives created: 1
01:30:46 | INFO: Extracting primitive: V05_WIPES_BACK_MESH
01:30:46 | INFO: Primitives created: 1
01:30:46 | INFO: Extracting primitive: V05_WIPES_CUT_STACK_MESH
01:30:46 | INFO: Primitives created: 1
01:30:46 | INFO: Extracting primitive: V05_WIPES_DISCHARGE_MESH
01:30:46 | INFO: Primitives created: 1
01:30:46 | INFO: Extracting primitive: V05_WIPES_DOOR_HEADER_MESH
01:30:46 | INFO: Primitives created: 1
01:30:46 | INFO: Extracting primitive: V05_WIPES_DOOR_L_MESH
01:30:46 | INFO: Primitives created: 1
01:30:46 | INFO: Extracting primitive: V05_WIPES_DOOR_R_MESH
01:30:46 | INFO: Primitives created: 1
01:30:46 | INFO: Extracting primitive: V05_WIPES_FLOOR_MESH
01:30:46 | INFO: Primitives created: 1
01:30:46 | INFO: Extracting primitive: V05_WIPES_FOLD_FRAME_MESH
01:30:46 | INFO: Primitives created: 1
01:30:46 | INFO: Extracting primitive: V05_WIPES_LEFT_MESH
01:30:46 | INFO: Primitives created: 1
01:30:46 | INFO: Extracting primitive: V05_WIPES_LIGHT_0_FIXTURE_MESH
01:30:46 | INFO: Primitives created: 1
01:30:46 | INFO: Extracting primitive: V05_WIPES_LIGHT_0_GLOW_MESH
01:30:46 | INFO: Primitives created: 1
01:30:46 | INFO: Extracting primitive: V05_WIPES_LIGHT_1_FIXTURE_MESH
01:30:46 | INFO: Primitives created: 1
01:30:46 | INFO: Extracting primitive: V05_WIPES_LIGHT_1_GLOW_MESH
01:30:46 | INFO: Primitives created: 1
01:30:46 | INFO: Extracting primitive: V05_WIPES_LIGHT_2_FIXTURE_MESH
01:30:46 | INFO: Primitives created: 1
01:30:46 | INFO: Extracting primitive: V05_WIPES_LIGHT_2_GLOW_MESH
01:30:46 | INFO: Primitives created: 1
01:30:46 | INFO: Extracting primitive: V05_WIPES_LIGHT_3_FIXTURE_MESH
01:30:46 | INFO: Primitives created: 1
01:30:46 | INFO: Extracting primitive: V05_WIPES_LIGHT_3_GLOW_MESH
01:30:46 | INFO: Primitives created: 1
01:30:46 | INFO: Extracting primitive: V05_WIPES_LIGHT_4_FIXTURE_MESH
01:30:46 | INFO: Primitives created: 1
01:30:46 | INFO: Extracting primitive: V05_WIPES_LIGHT_4_GLOW_MESH
01:30:46 | INFO: Primitives created: 1
01:30:46 | INFO: Extracting primitive: V05_WIPES_POUCH_A_MESH
01:30:46 | INFO: Primitives created: 1
01:30:46 | INFO: Extracting primitive: V05_WIPES_POUCH_B_MESH
01:30:46 | INFO: Primitives created: 1
01:30:46 | INFO: Extracting primitive: V05_WIPES_POUCH_BED_MESH
01:30:46 | INFO: Primitives created: 1
01:30:46 | INFO: Extracting primitive: V05_WIPES_POUCH_ROLLER0_MESH
01:30:46 | INFO: Primitives created: 1
01:30:46 | INFO: Extracting primitive: V05_WIPES_POUCH_ROLLER1_MESH
01:30:46 | INFO: Primitives created: 1
01:30:46 | INFO: Extracting primitive: V05_WIPES_POUCH_ROLLER2_MESH
01:30:46 | INFO: Primitives created: 1
01:30:46 | INFO: Extracting primitive: V05_WIPES_POUCH_ROLLER3_MESH
01:30:46 | INFO: Primitives created: 1
01:30:46 | INFO: Extracting primitive: V05_WIPES_POUCH_ROLLER4_MESH
01:30:46 | INFO: Primitives created: 1
01:30:46 | INFO: Extracting primitive: V05_WIPES_POUCH_ROLLER5_MESH
01:30:46 | INFO: Primitives created: 1
01:30:46 | INFO: Extracting primitive: V05_WIPES_POUCH_ROLLER6_MESH
01:30:46 | INFO: Primitives created: 1
01:30:46 | INFO: Extracting primitive: V05_WIPES_RIGHT_MESH
01:30:46 | INFO: Primitives created: 1
01:30:46 | INFO: Extracting primitive: V05_WIPES_ROLL0_MESH
01:30:46 | INFO: Primitives created: 1
01:30:46 | INFO: Extracting primitive: V05_WIPES_ROLL1_MESH
01:30:46 | INFO: Primitives created: 1
01:30:46 | INFO: Extracting primitive: V05_WIPES_SEAL_BASE_MESH
01:30:46 | INFO: Primitives created: 1
01:30:46 | INFO: Extracting primitive: V05_WIPES_SEAL_HOUSING_MESH
01:30:46 | INFO: Primitives created: 1
01:30:46 | INFO: Extracting primitive: V05_WIPES_SEAL_PANEL_MESH
01:30:46 | INFO: Primitives created: 1
01:30:46 | INFO: Extracting primitive: V05_WIPES_SOFFIT_7.999999999999998_MESH
01:30:46 | INFO: Primitives created: 1
01:30:46 | INFO: Extracting primitive: V05_WIPES_SOFFIT_22_MESH
01:30:46 | INFO: Primitives created: 1
01:30:46 | INFO: Extracting primitive: V05_WIPES_SOFFIT_36.0_MESH
01:30:46 | INFO: Primitives created: 1
01:30:46 | INFO: Extracting primitive: V05_WIPES_UNWIND_A_MESH
01:30:46 | INFO: Primitives created: 1
01:30:46 | INFO: Extracting primitive: V05_WIPES_UNWIND_B_MESH
01:30:46 | INFO: Primitives created: 1
01:30:46 | INFO: Extracting primitive: V05_WIPES_UNWIND_BED_MESH
01:30:46 | INFO: Primitives created: 1
01:30:46 | INFO: Extracting primitive: V05_WIPES_UNWIND_ROLLER0_MESH
01:30:46 | INFO: Primitives created: 1
01:30:46 | INFO: Extracting primitive: V05_WIPES_UNWIND_ROLLER1_MESH
01:30:46 | INFO: Primitives created: 1
01:30:46 | INFO: Extracting primitive: V05_WIPES_UNWIND_ROLLER2_MESH
01:30:46 | INFO: Primitives created: 1
01:30:46 | INFO: Extracting primitive: V05_WIPES_UNWIND_ROLLER3_MESH
01:30:46 | INFO: Primitives created: 1
01:30:46 | INFO: Extracting primitive: V05_WIPES_UNWIND_ROLLER4_MESH
01:30:46 | INFO: Primitives created: 1
01:30:46 | INFO: Extracting primitive: V05_WIPES_UNWIND_ROLLER5_MESH
01:30:46 | INFO: Primitives created: 1
01:30:46 | INFO: Extracting primitive: V05_WIPES_UNWIND_ROLLER6_MESH
01:30:46 | INFO: Primitives created: 1
01:30:46 | INFO: Extracting primitive: V05_WIPES_WEB_A_MESH
01:30:46 | INFO: Primitives created: 1
01:30:46 | INFO: Extracting primitive: V05_WIPES_WEB_B_MESH
01:30:46 | INFO: Primitives created: 1
01:30:46 | INFO: Extracting primitive: V05_WIPES_WEB_BED_MESH
01:30:46 | INFO: Primitives created: 1
01:30:46 | INFO: Extracting primitive: V05_WIPES_WEB_ROLLER0_MESH
01:30:46 | INFO: Primitives created: 1
01:30:46 | INFO: Extracting primitive: V05_WIPES_WEB_ROLLER1_MESH
01:30:46 | INFO: Primitives created: 1
01:30:46 | INFO: Extracting primitive: V05_WIPES_WEB_ROLLER2_MESH
01:30:46 | INFO: Primitives created: 1
01:30:46 | INFO: Extracting primitive: V05_WIPES_WEB_ROLLER3_MESH
01:30:46 | INFO: Primitives created: 1
01:30:46 | INFO: Extracting primitive: V05_WIPES_WEB_ROLLER4_MESH
01:30:46 | INFO: Primitives created: 1
01:30:46 | INFO: Extracting primitive: V05_WIPES_WEB_ROLLER5_MESH
01:30:46 | INFO: Primitives created: 1
01:30:46 | INFO: Extracting primitive: V05_WIPES_WEB_ROLLER6_MESH
01:30:46 | INFO: Primitives created: 1
01:30:46 | INFO: Extracting primitive: V05_WIPES_WETTING_MESH
01:30:46 | INFO: Primitives created: 1
01:30:46 | INFO: Extracting primitive: V05_YOGA_MAT0_MESH
01:30:46 | INFO: Primitives created: 1
01:30:46 | INFO: Extracting primitive: V05_YOGA_MAT1_MESH
01:30:46 | INFO: Primitives created: 1
01:30:46 | INFO: Extracting primitive: V05_YOGA_MAT2_MESH
01:30:46 | INFO: Primitives created: 1
01:30:46 | INFO: Extracting primitive: V05_YOGA_MAT3_MESH
01:30:46 | INFO: Primitives created: 1
01:30:46 | INFO: Extracting primitive: Cube.007
01:30:46 | INFO: Primitives created: 1
01:30:46 | INFO: Extracting primitive: Cube.008
01:30:46 | INFO: Primitives created: 1
01:30:46 | INFO: Extracting primitive: Cube
01:30:46 | INFO: Primitives created: 1
01:30:46 | INFO: Extracting primitive: Cube.001
01:30:46 | INFO: Primitives created: 1
01:30:46 | INFO: Extracting primitive: Cube.002
01:30:46 | INFO: Primitives created: 1
01:30:46 | INFO: Extracting primitive: Cube.003
01:30:46 | INFO: Primitives created: 1
01:30:46 | INFO: Extracting primitive: Cube.004
01:30:46 | INFO: Primitives created: 1
01:30:46 | INFO: Extracting primitive: Cube.009
01:30:46 | INFO: Primitives created: 1
01:30:46 | INFO: Extracting primitive: Cube.005
01:30:46 | INFO: Primitives created: 1
01:30:46 | INFO: Extracting primitive: VIP_ENTRANCE_SIGNAGE_CURVE
01:30:46 | INFO: Primitives created: 1
01:30:46 | INFO: Extracting primitive: Cube.006
01:30:46 | INFO: Primitives created: 1
01:30:46 | INFO: Extracting primitive: Mesh_0
01:30:46 | INFO: Primitives created: 1
01:30:46 | INFO: Extracting primitive: Mesh_1
01:30:46 | INFO: Primitives created: 1
01:30:46 | INFO: Extracting primitive: Mesh_2
01:30:46 | INFO: Primitives created: 1
01:30:46 | INFO: Extracting primitive: Mesh_3
01:30:46 | INFO: Primitives created: 1
01:30:46 | INFO: Extracting primitive: Mesh_4
01:30:46 | INFO: Primitives created: 1
01:30:46 | INFO: Extracting primitive: Mesh_5
01:30:46 | INFO: Primitives created: 1
01:30:46 | INFO: Extracting primitive: Mesh_6
01:30:46 | INFO: Primitives created: 1
01:30:46 | INFO: Extracting primitive: Mesh_7
01:30:46 | INFO: Primitives created: 1
01:30:46 | INFO: Extracting primitive: Mesh_8
01:30:46 | INFO: Primitives created: 1
01:30:46 | INFO: Extracting primitive: Mesh_9
01:30:46 | INFO: Primitives created: 1
01:30:46 | INFO: Extracting primitive: Mesh_10
01:30:46 | INFO: Primitives created: 1
01:30:46 | INFO: Extracting primitive: Mesh_11
01:30:46 | INFO: Primitives created: 1
01:30:46 | INFO: Extracting primitive: Mesh_12
01:30:46 | INFO: Primitives created: 1
01:30:46 | INFO: Extracting primitive: Mesh_13
01:30:46 | INFO: Primitives created: 1
01:30:46 | INFO: Extracting primitive: Mesh_14
01:30:46 | INFO: Primitives created: 1
01:30:46 | INFO: Extracting primitive: Mesh_15
01:30:46 | INFO: Primitives created: 1
01:30:46 | INFO: Extracting primitive: Mesh_16
01:30:46 | INFO: Primitives created: 1
01:30:46 | INFO: Extracting primitive: Mesh_17
01:30:46 | INFO: Primitives created: 1
01:30:46 | INFO: Extracting primitive: Mesh_18
01:30:46 | INFO: Primitives created: 1
01:30:46 | INFO: Extracting primitive: Mesh_19
01:30:46 | INFO: Primitives created: 1
01:30:46 | INFO: Extracting primitive: Mesh_20
01:30:46 | INFO: Primitives created: 1
01:30:46 | INFO: Extracting primitive: Mesh_21
01:30:46 | INFO: Primitives created: 1
01:30:46 | INFO: Extracting primitive: Mesh_22
01:30:46 | INFO: Primitives created: 1
01:30:46 | INFO: Extracting primitive: Mesh_23
01:30:46 | INFO: Primitives created: 1
01:30:46 | INFO: Extracting primitive: Mesh_24
01:30:46 | INFO: Primitives created: 1
01:30:46 | INFO: Extracting primitive: Mesh_25
01:30:46 | INFO: Primitives created: 1
01:30:46 | INFO: Extracting primitive: Mesh_26
01:30:46 | INFO: Primitives created: 1
01:30:46 | INFO: Extracting primitive: Mesh_27
01:30:46 | INFO: Primitives created: 1
01:30:46 | INFO: Extracting primitive: Mesh_28
01:30:46 | INFO: Primitives created: 1
01:30:46 | INFO: Extracting primitive: Mesh_29
01:30:46 | INFO: Primitives created: 1
01:30:46 | INFO: Extracting primitive: Mesh_30
01:30:46 | INFO: Primitives created: 1
01:30:46 | INFO: Extracting primitive: Mesh_31
01:30:46 | INFO: Primitives created: 1
01:30:46 | INFO: Extracting primitive: Mesh_32
01:30:46 | INFO: Primitives created: 1
01:30:46 | INFO: Extracting primitive: Mesh_33
01:30:46 | INFO: Primitives created: 1
01:30:46 | INFO: Extracting primitive: Mesh_34
01:30:46 | INFO: Primitives created: 1
01:30:46 | INFO: Extracting primitive: Mesh_35
01:30:46 | INFO: Primitives created: 1
01:30:46 | INFO: Extracting primitive: Mesh_36
01:30:46 | INFO: Primitives created: 1
01:30:46 | INFO: Extracting primitive: Mesh_37
01:30:46 | INFO: Primitives created: 1
01:30:46 | INFO: Extracting primitive: Mesh_38
01:30:46 | INFO: Primitives created: 1
01:30:46 | INFO: Extracting primitive: Mesh_39
01:30:46 | INFO: Primitives created: 1
01:30:46 | INFO: Extracting primitive: Mesh_40
01:30:46 | INFO: Primitives created: 1
01:30:46 | INFO: Extracting primitive: Mesh_41
01:30:46 | INFO: Primitives created: 1
01:30:46 | INFO: Extracting primitive: Mesh_42
01:30:46 | INFO: Primitives created: 1
01:30:46 | INFO: Extracting primitive: Mesh_43
01:30:46 | INFO: Primitives created: 1
01:30:46 | INFO: Extracting primitive: Mesh_44
01:30:46 | INFO: Primitives created: 1
01:30:46 | INFO: Extracting primitive: Mesh_45
01:30:46 | INFO: Primitives created: 1
01:30:46 | INFO: Extracting primitive: Mesh_46
01:30:46 | INFO: Primitives created: 1
01:30:46 | INFO: Extracting primitive: Mesh_47
01:30:46 | INFO: Primitives created: 1
01:30:46 | INFO: Extracting primitive: Mesh_48
01:30:46 | INFO: Primitives created: 1
01:30:46 | INFO: Extracting primitive: Mesh_49
01:30:46 | INFO: Primitives created: 1
01:30:46 | INFO: Extracting primitive: Mesh_50
01:30:46 | INFO: Primitives created: 1
01:30:46 | INFO: Extracting primitive: Mesh_51
01:30:46 | INFO: Primitives created: 1
01:30:46 | INFO: Extracting primitive: Mesh_52
01:30:46 | INFO: Primitives created: 1
01:30:46 | INFO: Extracting primitive: Mesh_53
01:30:46 | INFO: Primitives created: 1
01:30:46 | INFO: Extracting primitive: Mesh_54
01:30:46 | INFO: Primitives created: 1
01:30:46 | INFO: Extracting primitive: Mesh_55
01:30:46 | INFO: Primitives created: 1
01:30:46 | INFO: Extracting primitive: Mesh_56
01:30:46 | INFO: Primitives created: 1
01:30:46 | INFO: Extracting primitive: Mesh_57
01:30:46 | INFO: Primitives created: 1
01:30:46 | INFO: Extracting primitive: Mesh_58
01:30:46 | INFO: Primitives created: 1
01:30:46 | INFO: Extracting primitive: Mesh_59
01:30:46 | INFO: Primitives created: 1
01:30:46 | INFO: Extracting primitive: Mesh_60
01:30:46 | INFO: Primitives created: 1
01:30:46 | INFO: Extracting primitive: Mesh_61
01:30:46 | INFO: Primitives created: 1
01:30:46 | INFO: Extracting primitive: Mesh_62
01:30:46 | INFO: Primitives created: 1
01:30:46 | INFO: Extracting primitive: Mesh_63
01:30:46 | INFO: Primitives created: 1
01:30:46 | INFO: Extracting primitive: Mesh_64
01:30:46 | INFO: Primitives created: 1
01:30:46 | INFO: Extracting primitive: Mesh_65
01:30:46 | INFO: Primitives created: 1
01:30:46 | INFO: Extracting primitive: Mesh_66
01:30:46 | INFO: Primitives created: 1
01:30:46 | INFO: Extracting primitive: Mesh_67
01:30:46 | INFO: Primitives created: 1
01:30:46 | INFO: Extracting primitive: Mesh_68
01:30:46 | INFO: Primitives created: 1
01:30:46 | INFO: Extracting primitive: Mesh_69
01:30:46 | INFO: Primitives created: 1
01:30:46 | INFO: Extracting primitive: Mesh_70
01:30:46 | INFO: Primitives created: 1
01:30:46 | INFO: Extracting primitive: Mesh_71
01:30:46 | INFO: Primitives created: 1
01:30:46 | INFO: Extracting primitive: Mesh_72
01:30:46 | INFO: Primitives created: 1
01:30:46 | INFO: Extracting primitive: Mesh_73
01:30:46 | INFO: Primitives created: 1
01:30:46 | INFO: Extracting primitive: Mesh_74
01:30:46 | INFO: Primitives created: 1
01:30:46 | INFO: Extracting primitive: Mesh_75
01:30:46 | INFO: Primitives created: 1
01:30:46 | INFO: Extracting primitive: Mesh_76
01:30:46 | INFO: Primitives created: 1
01:30:46 | INFO: Extracting primitive: Mesh_77
01:30:46 | INFO: Primitives created: 1
01:30:46 | INFO: Extracting primitive: Mesh_78
01:30:46 | INFO: Primitives created: 1
01:30:46 | INFO: Extracting primitive: Mesh_79
01:30:46 | INFO: Primitives created: 1
01:30:46 | INFO: Extracting primitive: Mesh_80
01:30:46 | INFO: Primitives created: 1
01:30:46 | INFO: Extracting primitive: Mesh_81
01:30:46 | INFO: Primitives created: 1
01:30:46 | INFO: Extracting primitive: Mesh_82
01:30:46 | INFO: Primitives created: 1
01:30:46 | INFO: Extracting primitive: Mesh_83
01:30:46 | INFO: Primitives created: 1
01:30:46 | INFO: Extracting primitive: Mesh_84
01:30:46 | INFO: Primitives created: 1
01:30:46 | INFO: Extracting primitive: Mesh_85
01:30:46 | INFO: Primitives created: 1
01:30:46 | INFO: Extracting primitive: Mesh_86
01:30:46 | INFO: Primitives created: 1
01:30:46 | INFO: Extracting primitive: Mesh_87
01:30:46 | INFO: Primitives created: 1
01:30:46 | INFO: Extracting primitive: Mesh_88
01:30:46 | INFO: Primitives created: 1
01:30:46 | INFO: Extracting primitive: Mesh_89
01:30:46 | INFO: Primitives created: 1
01:30:46 | INFO: Extracting primitive: Mesh_90
01:30:46 | INFO: Primitives created: 1
01:30:46 | INFO: Extracting primitive: Mesh_91
01:30:46 | INFO: Primitives created: 1
01:30:46 | INFO: Extracting primitive: Mesh_92
01:30:46 | INFO: Primitives created: 1
01:30:46 | INFO: Extracting primitive: Mesh_93
01:30:46 | INFO: Primitives created: 1
01:30:46 | INFO: Extracting primitive: Mesh_94
01:30:46 | INFO: Primitives created: 1
01:30:46 | INFO: Extracting primitive: Mesh_95
01:30:46 | INFO: Primitives created: 1
01:30:46 | INFO: Extracting primitive: Mesh_96
01:30:46 | INFO: Primitives created: 1
01:30:46 | INFO: Extracting primitive: Mesh_97
01:30:46 | INFO: Primitives created: 1
01:30:46 | INFO: Extracting primitive: Mesh_98
01:30:46 | INFO: Primitives created: 1
01:30:46 | INFO: Extracting primitive: Mesh_99
01:30:46 | INFO: Primitives created: 1
01:30:46 | INFO: Extracting primitive: Mesh_100
01:30:46 | INFO: Primitives created: 1
01:30:46 | INFO: Extracting primitive: Mesh_101
01:30:46 | INFO: Primitives created: 1
01:30:46 | INFO: Extracting primitive: Mesh_102
01:30:46 | INFO: Primitives created: 1
01:30:46 | INFO: Extracting primitive: Mesh_103
01:30:46 | INFO: Primitives created: 1
01:30:46 | INFO: Extracting primitive: Mesh_104
01:30:46 | INFO: Primitives created: 1
01:30:46 | INFO: Extracting primitive: Mesh_105
01:30:46 | INFO: Primitives created: 1
01:30:46 | INFO: Extracting primitive: Mesh_106
01:30:46 | INFO: Primitives created: 1
01:30:46 | INFO: Extracting primitive: Mesh_107
01:30:46 | INFO: Primitives created: 1
01:30:46 | INFO: Extracting primitive: Mesh_108
01:30:46 | INFO: Primitives created: 1
01:30:46 | INFO: Extracting primitive: Mesh_109
01:30:46 | INFO: Primitives created: 1
01:30:46 | INFO: Extracting primitive: Mesh_110
01:30:46 | INFO: Primitives created: 1
01:30:46 | INFO: Extracting primitive: Mesh_111
01:30:46 | INFO: Primitives created: 1
01:30:46 | INFO: Extracting primitive: Mesh_112
01:30:46 | INFO: Primitives created: 1
01:30:46 | INFO: Extracting primitive: Mesh_113
01:30:46 | INFO: Primitives created: 1
01:30:46 | INFO: Extracting primitive: Mesh_114
01:30:46 | INFO: Primitives created: 1
01:30:46 | INFO: Extracting primitive: Mesh_115
01:30:46 | INFO: Primitives created: 1
01:30:46 | INFO: Extracting primitive: Mesh_116
01:30:46 | INFO: Primitives created: 1
01:30:46 | INFO: Extracting primitive: Mesh_117
01:30:46 | INFO: Primitives created: 1
01:30:46 | INFO: Extracting primitive: Mesh_118
01:30:46 | INFO: Primitives created: 1
01:30:46 | INFO: Extracting primitive: Mesh_119
01:30:46 | INFO: Primitives created: 1
01:30:46 | INFO: Extracting primitive: Mesh_120
01:30:46 | INFO: Primitives created: 1
01:30:46 | INFO: Extracting primitive: Mesh_121
01:30:46 | INFO: Primitives created: 1
01:30:46 | INFO: Extracting primitive: Mesh_122
01:30:46 | INFO: Primitives created: 1
01:30:46 | INFO: Extracting primitive: Mesh_123
01:30:46 | INFO: Primitives created: 1
01:30:46 | INFO: Extracting primitive: Mesh_124
01:30:46 | INFO: Primitives created: 1
01:30:46 | INFO: Extracting primitive: Mesh_125
01:30:46 | INFO: Primitives created: 1
01:30:46 | INFO: Extracting primitive: Mesh_126
01:30:46 | INFO: Primitives created: 1
01:30:46 | INFO: Extracting primitive: Mesh_127
01:30:46 | INFO: Primitives created: 1
01:30:46 | INFO: Extracting primitive: Mesh_128
01:30:46 | INFO: Primitives created: 1
01:30:46 | INFO: Extracting primitive: Mesh_129
01:30:46 | INFO: Primitives created: 1
01:30:46 | INFO: Extracting primitive: Mesh_130
01:30:46 | INFO: Primitives created: 1
01:30:46 | INFO: Extracting primitive: Mesh_131
01:30:46 | INFO: Primitives created: 1
01:30:46 | INFO: Extracting primitive: Mesh_132
01:30:46 | INFO: Primitives created: 1
01:30:46 | INFO: Extracting primitive: Mesh_133
01:30:46 | INFO: Primitives created: 1
01:30:46 | INFO: Extracting primitive: Mesh_134
01:30:46 | INFO: Primitives created: 1
01:30:46 | INFO: Extracting primitive: Mesh_135
01:30:46 | INFO: Primitives created: 1
01:30:46 | INFO: Extracting primitive: Mesh_136
01:30:46 | INFO: Primitives created: 1
01:30:46 | INFO: Extracting primitive: Mesh_137
01:30:46 | INFO: Primitives created: 1
01:30:46 | INFO: Extracting primitive: Mesh_138
01:30:46 | INFO: Primitives created: 1
01:30:46 | INFO: Extracting primitive: Mesh_139
01:30:46 | INFO: Primitives created: 1
01:30:46 | INFO: Extracting primitive: Mesh_140
01:30:46 | INFO: Primitives created: 1
01:30:46 | INFO: Extracting primitive: Mesh_141
01:30:46 | INFO: Primitives created: 1
01:30:46 | INFO: Extracting primitive: Mesh_142
01:30:46 | INFO: Primitives created: 1
01:30:46 | INFO: Extracting primitive: Mesh_143
01:30:46 | INFO: Primitives created: 1
01:30:46 | INFO: Extracting primitive: Mesh_144
01:30:46 | INFO: Primitives created: 1
01:30:46 | INFO: Extracting primitive: Mesh_145
01:30:46 | INFO: Primitives created: 1
01:30:46 | INFO: Extracting primitive: Mesh_146
01:30:46 | INFO: Primitives created: 1
01:30:46 | INFO: Extracting primitive: Mesh_147
01:30:46 | INFO: Primitives created: 1
01:30:46 | INFO: Extracting primitive: Mesh_148
01:30:46 | INFO: Primitives created: 1
01:30:46 | INFO: Extracting primitive: Mesh_149
01:30:46 | INFO: Primitives created: 1
01:30:46 | INFO: Extracting primitive: Mesh_150
01:30:46 | INFO: Primitives created: 1
01:30:46 | INFO: Extracting primitive: Mesh_151
01:30:46 | INFO: Primitives created: 1
01:30:46 | INFO: Extracting primitive: Mesh_152
01:30:46 | INFO: Primitives created: 1
01:30:46 | INFO: Extracting primitive: Mesh_153
01:30:46 | INFO: Primitives created: 1
01:30:46 | INFO: Extracting primitive: Mesh_154
01:30:46 | INFO: Primitives created: 1
01:30:46 | INFO: Extracting primitive: Mesh_155
01:30:46 | INFO: Primitives created: 1
01:30:46 | INFO: Extracting primitive: Mesh_156
01:30:46 | INFO: Primitives created: 1
01:30:46 | INFO: Extracting primitive: Mesh_157
01:30:46 | INFO: Primitives created: 1
01:30:46 | INFO: Extracting primitive: Mesh_158
01:30:46 | INFO: Primitives created: 1
01:30:46 | INFO: Extracting primitive: Mesh_159
01:30:46 | INFO: Primitives created: 1
01:30:46 | INFO: Extracting primitive: Mesh_160
01:30:46 | INFO: Primitives created: 1
01:30:46 | INFO: Extracting primitive: Mesh_161
01:30:46 | INFO: Primitives created: 1
01:30:46 | INFO: Extracting primitive: Mesh_162
01:30:46 | INFO: Primitives created: 1
01:30:46 | INFO: Extracting primitive: Mesh_163
01:30:46 | INFO: Primitives created: 1
01:30:46 | INFO: Extracting primitive: Mesh_164
01:30:46 | INFO: Primitives created: 1
01:30:46 | INFO: Extracting primitive: Mesh_165
01:30:46 | INFO: Primitives created: 1
01:30:46 | INFO: Extracting primitive: Mesh_166
01:30:46 | INFO: Primitives created: 1
01:30:46 | INFO: Extracting primitive: Mesh_167
01:30:46 | INFO: Primitives created: 1
01:30:46 | INFO: Extracting primitive: Mesh_168
01:30:46 | INFO: Primitives created: 1
01:30:46 | INFO: Extracting primitive: Mesh_169
01:30:46 | INFO: Primitives created: 1
01:30:46 | INFO: Extracting primitive: Mesh_170
01:30:46 | INFO: Primitives created: 1
01:30:46 | INFO: Extracting primitive: Mesh_171
01:30:46 | INFO: Primitives created: 1
01:30:46 | INFO: Extracting primitive: Mesh_172
01:30:46 | INFO: Primitives created: 1
01:30:46 | INFO: Extracting primitive: Mesh_173
01:30:46 | INFO: Primitives created: 1
01:30:46 | INFO: Extracting primitive: Mesh_174
01:30:46 | INFO: Primitives created: 1
01:30:46 | INFO: Extracting primitive: Mesh_175
01:30:46 | INFO: Primitives created: 1
01:30:46 | INFO: Extracting primitive: Mesh_176
01:30:46 | INFO: Primitives created: 1
01:30:46 | INFO: Extracting primitive: Mesh_177
01:30:46 | INFO: Primitives created: 1
01:30:46 | INFO: Extracting primitive: Mesh_178
01:30:46 | INFO: Primitives created: 1
01:30:46 | INFO: Extracting primitive: Mesh_179
01:30:46 | INFO: Primitives created: 1
01:30:46 | INFO: Extracting primitive: Mesh_180
01:30:46 | INFO: Primitives created: 1
01:30:46 | INFO: Extracting primitive: Mesh_181
01:30:46 | INFO: Primitives created: 1
01:30:46 | INFO: Extracting primitive: Mesh_182
01:30:46 | INFO: Primitives created: 1
01:30:46 | INFO: Extracting primitive: Mesh_183
01:30:46 | INFO: Primitives created: 1
01:30:46 | INFO: Extracting primitive: Mesh_184
01:30:46 | INFO: Primitives created: 1
01:30:46 | INFO: Extracting primitive: Mesh_185
01:30:46 | INFO: Primitives created: 1
01:30:46 | INFO: Extracting primitive: Mesh_186
01:30:46 | INFO: Primitives created: 1
01:30:46 | INFO: Extracting primitive: Mesh_187
01:30:46 | INFO: Primitives created: 1
01:30:46 | INFO: Extracting primitive: Mesh_188
01:30:46 | INFO: Primitives created: 1
01:30:46 | INFO: Extracting primitive: Mesh_189
01:30:46 | INFO: Primitives created: 1
01:30:46 | INFO: Extracting primitive: Mesh_190
01:30:46 | INFO: Primitives created: 1
01:30:46 | INFO: Extracting primitive: Mesh_191
01:30:46 | INFO: Primitives created: 1
01:30:46 | INFO: Extracting primitive: Mesh_192
01:30:46 | INFO: Primitives created: 1
01:30:46 | INFO: Extracting primitive: Mesh_193
01:30:46 | INFO: Primitives created: 1
01:30:46 | INFO: Extracting primitive: Mesh_194
01:30:46 | INFO: Primitives created: 1
01:30:46 | INFO: Extracting primitive: Mesh_195
01:30:46 | INFO: Primitives created: 1
01:30:46 | INFO: Extracting primitive: Mesh_196
01:30:46 | INFO: Primitives created: 1
01:30:46 | INFO: Extracting primitive: Mesh_197
01:30:46 | INFO: Primitives created: 1
01:30:46 | INFO: Extracting primitive: Mesh_198
01:30:46 | INFO: Primitives created: 1
01:30:46 | INFO: Extracting primitive: Mesh_199
01:30:46 | INFO: Primitives created: 1
01:30:46 | INFO: Extracting primitive: Mesh_200
01:30:46 | INFO: Primitives created: 1
01:30:46 | INFO: Extracting primitive: Mesh_201
01:30:46 | INFO: Primitives created: 1
01:30:46 | INFO: Extracting primitive: Mesh_202
01:30:46 | INFO: Primitives created: 1
01:30:46 | INFO: Extracting primitive: Mesh_203
01:30:46 | INFO: Primitives created: 1
01:30:46 | INFO: Extracting primitive: Mesh_204
01:30:46 | INFO: Primitives created: 1
01:30:46 | INFO: Extracting primitive: Mesh_205
01:30:46 | INFO: Primitives created: 1
01:30:46 | INFO: Extracting primitive: Mesh_206
01:30:46 | INFO: Primitives created: 1
01:30:46 | INFO: Extracting primitive: Mesh_207
01:30:46 | INFO: Primitives created: 1
01:30:46 | INFO: Extracting primitive: Mesh_208
01:30:46 | INFO: Primitives created: 1
01:30:46 | INFO: Extracting primitive: Mesh_209
01:30:46 | INFO: Primitives created: 1
01:30:46 | INFO: Extracting primitive: Mesh_210
01:30:46 | INFO: Primitives created: 1
01:30:46 | INFO: Extracting primitive: Mesh_211
01:30:46 | INFO: Primitives created: 1
01:30:46 | INFO: Extracting primitive: Mesh_212
01:30:46 | INFO: Primitives created: 1
01:30:46 | INFO: Extracting primitive: Mesh_213
01:30:46 | INFO: Primitives created: 1
01:30:46 | INFO: Extracting primitive: Mesh_214
01:30:46 | INFO: Primitives created: 1
01:30:46 | INFO: Extracting primitive: Mesh_215
01:30:46 | INFO: Primitives created: 1
01:30:46 | INFO: Extracting primitive: Mesh_216
01:30:46 | INFO: Primitives created: 1
01:30:46 | INFO: Extracting primitive: Mesh_217
01:30:46 | INFO: Primitives created: 1
01:30:46 | INFO: Extracting primitive: Mesh_218
01:30:46 | INFO: Primitives created: 1
01:30:46 | INFO: Extracting primitive: Mesh_219
01:30:46 | INFO: Primitives created: 1
01:30:46 | INFO: Extracting primitive: Mesh_220
01:30:46 | INFO: Primitives created: 1
01:30:46 | INFO: Extracting primitive: Mesh_221
01:30:46 | INFO: Primitives created: 1
01:30:46 | INFO: Extracting primitive: Mesh_222
01:30:46 | INFO: Primitives created: 1
01:30:46 | INFO: Extracting primitive: Mesh_223
01:30:46 | INFO: Primitives created: 1
01:30:46 | INFO: Extracting primitive: Mesh_224
01:30:46 | INFO: Primitives created: 1
01:30:46 | INFO: Extracting primitive: Mesh_225
01:30:46 | INFO: Primitives created: 1
01:30:46 | INFO: Extracting primitive: Mesh_226
01:30:46 | INFO: Primitives created: 1
01:30:46 | INFO: Extracting primitive: Mesh_227
01:30:46 | INFO: Primitives created: 1
01:30:46 | INFO: Extracting primitive: Mesh_228
01:30:46 | INFO: Primitives created: 1
01:30:46 | INFO: Extracting primitive: Mesh_229
01:30:46 | INFO: Primitives created: 1
01:30:46 | INFO: Extracting primitive: Mesh_230
01:30:46 | INFO: Primitives created: 1
01:30:46 | INFO: Extracting primitive: Mesh_231
01:30:46 | INFO: Primitives created: 1
01:30:46 | INFO: Extracting primitive: Mesh_232
01:30:46 | INFO: Primitives created: 1
01:30:46 | INFO: Extracting primitive: Mesh_233
01:30:46 | INFO: Primitives created: 1
01:30:46 | INFO: Extracting primitive: Mesh_234
01:30:46 | INFO: Primitives created: 1
01:30:46 | INFO: Extracting primitive: Mesh_235
01:30:46 | INFO: Primitives created: 1
01:30:46 | INFO: Extracting primitive: Mesh_236
01:30:46 | INFO: Primitives created: 1
01:30:46 | INFO: Extracting primitive: Mesh_237
01:30:46 | INFO: Primitives created: 1
01:30:46 | INFO: Extracting primitive: Mesh_238
01:30:46 | INFO: Primitives created: 1
01:30:46 | INFO: Extracting primitive: Mesh_239
01:30:46 | INFO: Primitives created: 1
01:30:46 | INFO: Extracting primitive: Mesh_240
01:30:46 | INFO: Primitives created: 1
01:30:46 | INFO: Extracting primitive: Mesh_241
01:30:46 | INFO: Primitives created: 1
01:30:46 | INFO: Extracting primitive: Mesh_242
01:30:46 | INFO: Primitives created: 1
01:30:46 | INFO: Extracting primitive: Mesh_243
01:30:46 | INFO: Primitives created: 1
01:30:46 | INFO: Extracting primitive: Mesh_244
01:30:46 | INFO: Primitives created: 1
01:30:46 | INFO: Extracting primitive: Mesh_245
01:30:46 | INFO: Primitives created: 1
01:30:46 | INFO: Extracting primitive: Mesh_246
01:30:46 | INFO: Primitives created: 1
01:30:46 | INFO: Extracting primitive: Mesh_247
01:30:46 | INFO: Primitives created: 1
01:30:46 | INFO: Extracting primitive: Mesh_248
01:30:46 | INFO: Primitives created: 1
01:30:46 | INFO: Extracting primitive: Mesh_249
01:30:46 | INFO: Primitives created: 1
01:30:46 | INFO: Extracting primitive: Mesh_250
01:30:46 | INFO: Primitives created: 1
01:30:46 | INFO: Extracting primitive: Mesh_251
01:30:46 | INFO: Primitives created: 1
01:30:46 | INFO: Extracting primitive: Mesh_252
01:30:46 | INFO: Primitives created: 1
01:30:46 | INFO: Extracting primitive: Mesh_253
01:30:46 | INFO: Primitives created: 1
01:30:46 | INFO: Extracting primitive: Mesh_254
01:30:46 | INFO: Primitives created: 1
01:30:46 | INFO: Extracting primitive: Mesh_255
01:30:46 | INFO: Primitives created: 1
01:30:46 | INFO: Extracting primitive: Mesh_256
01:30:46 | INFO: Primitives created: 1
01:30:46 | INFO: Extracting primitive: Mesh_257
01:30:46 | INFO: Primitives created: 1
01:30:46 | INFO: Extracting primitive: Mesh_258
01:30:46 | INFO: Primitives created: 1
01:30:46 | INFO: Extracting primitive: Mesh_259
01:30:46 | INFO: Primitives created: 1
01:30:46 | INFO: Extracting primitive: Mesh_260
01:30:46 | INFO: Primitives created: 1
01:30:46 | INFO: Extracting primitive: Mesh_261
01:30:46 | INFO: Primitives created: 1
01:30:46 | INFO: Extracting primitive: Mesh_262
01:30:46 | INFO: Primitives created: 1
01:30:46 | INFO: Extracting primitive: Mesh_263
01:30:46 | INFO: Primitives created: 1
01:30:46 | INFO: Extracting primitive: Mesh_264
01:30:46 | INFO: Primitives created: 1
01:30:46 | INFO: Extracting primitive: Mesh_265
01:30:46 | INFO: Primitives created: 1
01:30:46 | INFO: Extracting primitive: Mesh_266
01:30:46 | INFO: Primitives created: 1
01:30:46 | INFO: Extracting primitive: Mesh_267
01:30:46 | INFO: Primitives created: 1
01:30:46 | INFO: Extracting primitive: Mesh_268
01:30:46 | INFO: Primitives created: 1
01:30:46 | INFO: Extracting primitive: Mesh_269
01:30:46 | INFO: Primitives created: 1
01:30:46 | INFO: Extracting primitive: Mesh_270
01:30:46 | INFO: Primitives created: 1
01:30:46 | INFO: Extracting primitive: Mesh_271
01:30:46 | INFO: Primitives created: 1
01:30:46 | INFO: Extracting primitive: Mesh_272
01:30:46 | INFO: Primitives created: 1
01:30:46 | INFO: Extracting primitive: Mesh_273
01:30:46 | INFO: Primitives created: 1
01:30:46 | INFO: Extracting primitive: Mesh_274
01:30:46 | INFO: Primitives created: 1
01:30:46 | INFO: Extracting primitive: Mesh_275
01:30:46 | INFO: Primitives created: 1
01:30:46 | INFO: Extracting primitive: Mesh_276
01:30:46 | INFO: Primitives created: 1
01:30:46 | INFO: Extracting primitive: Mesh_277
01:30:46 | INFO: Primitives created: 1
01:30:46 | INFO: Extracting primitive: Mesh_278
01:30:46 | INFO: Primitives created: 1
01:30:46 | INFO: Extracting primitive: Mesh_279
01:30:46 | INFO: Primitives created: 1
01:30:46 | INFO: Extracting primitive: Mesh_280
01:30:46 | INFO: Primitives created: 1
01:30:46 | INFO: Extracting primitive: Mesh_281
01:30:46 | INFO: Primitives created: 1
01:30:46 | INFO: Extracting primitive: Mesh_282
01:30:46 | INFO: Primitives created: 1
01:30:46 | INFO: Extracting primitive: Mesh_283
01:30:46 | INFO: Primitives created: 1
01:30:46 | INFO: Extracting primitive: Mesh_284
01:30:46 | INFO: Primitives created: 1
01:30:46 | INFO: Extracting primitive: Mesh_285
01:30:46 | INFO: Primitives created: 1
01:30:46 | INFO: Extracting primitive: Mesh_286
01:30:46 | INFO: Primitives created: 1
01:30:46 | INFO: Extracting primitive: Mesh_287
01:30:46 | INFO: Primitives created: 1
01:30:46 | INFO: Extracting primitive: Mesh_288
01:30:46 | INFO: Primitives created: 1
01:30:46 | INFO: Extracting primitive: Mesh_289
01:30:46 | INFO: Primitives created: 1
01:30:46 | INFO: Extracting primitive: Mesh_290
01:30:46 | INFO: Primitives created: 1
01:30:46 | INFO: Extracting primitive: Mesh_291
01:30:46 | INFO: Primitives created: 1
01:30:46 | INFO: Extracting primitive: Mesh_292
01:30:46 | INFO: Primitives created: 1
01:30:46 | INFO: Extracting primitive: Mesh_293
01:30:46 | INFO: Primitives created: 1
01:30:46 | INFO: Extracting primitive: Mesh_294
01:30:46 | INFO: Primitives created: 1
01:30:46 | INFO: Extracting primitive: Mesh_295
01:30:46 | INFO: Primitives created: 1
01:30:46 | INFO: Extracting primitive: Mesh_296
01:30:46 | INFO: Primitives created: 1
01:30:46 | INFO: Extracting primitive: Mesh_297
01:30:46 | INFO: Primitives created: 1
01:30:46 | INFO: Extracting primitive: Mesh_298
01:30:46 | INFO: Primitives created: 1
01:30:46 | INFO: Extracting primitive: Mesh_299
01:30:46 | INFO: Primitives created: 1
01:30:46 | INFO: Extracting primitive: Mesh_300
01:30:46 | INFO: Primitives created: 1
01:30:46 | INFO: Extracting primitive: Mesh_301
01:30:46 | INFO: Primitives created: 1
01:30:46 | INFO: Extracting primitive: Mesh_302
01:30:46 | INFO: Primitives created: 1
01:30:46 | INFO: Extracting primitive: Mesh_303
01:30:47 | INFO: Primitives created: 1
01:30:47 | INFO: Extracting primitive: Mesh_304
01:30:47 | INFO: Primitives created: 1
01:30:47 | INFO: Extracting primitive: Mesh_305
01:30:47 | INFO: Primitives created: 1
01:30:47 | INFO: Extracting primitive: Mesh_306
01:30:47 | INFO: Primitives created: 1
01:30:47 | INFO: Extracting primitive: Mesh_307
01:30:47 | INFO: Primitives created: 1
01:30:47 | INFO: Extracting primitive: Mesh_308
01:30:47 | INFO: Primitives created: 1
01:30:47 | INFO: Extracting primitive: Mesh_309
01:30:47 | INFO: Primitives created: 1
01:30:47 | INFO: Extracting primitive: Mesh_310
01:30:47 | INFO: Primitives created: 1
01:30:47 | INFO: Extracting primitive: Mesh_311
01:30:47 | INFO: Primitives created: 1
01:30:47 | INFO: Extracting primitive: Mesh_312
01:30:47 | INFO: Primitives created: 1
01:30:47 | INFO: Extracting primitive: Mesh_313
01:30:47 | INFO: Primitives created: 1
01:30:47 | INFO: Extracting primitive: Mesh_314
01:30:47 | INFO: Primitives created: 1
01:30:47 | INFO: Extracting primitive: Mesh_315
01:30:47 | INFO: Primitives created: 1
01:30:47 | INFO: Extracting primitive: Mesh_316
01:30:47 | INFO: Primitives created: 1
01:30:47 | INFO: Extracting primitive: Mesh_317
01:30:47 | INFO: Primitives created: 1
01:30:47 | INFO: Extracting primitive: Mesh_318
01:30:47 | INFO: Primitives created: 1
01:30:47 | INFO: Extracting primitive: Mesh_319
01:30:47 | INFO: Primitives created: 1
01:30:47 | INFO: Extracting primitive: Mesh_320
01:30:47 | INFO: Primitives created: 1
01:30:47 | INFO: Extracting primitive: Mesh_321
01:30:47 | INFO: Primitives created: 1
01:30:47 | INFO: Extracting primitive: Mesh_322
01:30:47 | INFO: Primitives created: 1
01:30:47 | INFO: Extracting primitive: Mesh_323
01:30:47 | INFO: Primitives created: 1
01:30:47 | INFO: Extracting primitive: Mesh_324
01:30:47 | INFO: Primitives created: 1
01:30:47 | INFO: Extracting primitive: Mesh_325
01:30:47 | INFO: Primitives created: 1
01:30:47 | INFO: Extracting primitive: Mesh_326
01:30:47 | INFO: Primitives created: 1
01:30:47 | INFO: Extracting primitive: Mesh_327
01:30:47 | INFO: Primitives created: 1
01:30:47 | INFO: Extracting primitive: Mesh_328
01:30:47 | INFO: Primitives created: 1
01:30:47 | INFO: Extracting primitive: Mesh_329
01:30:47 | INFO: Primitives created: 1
01:30:47 | INFO: Extracting primitive: Mesh_330
01:30:47 | INFO: Primitives created: 1
01:30:47 | INFO: Extracting primitive: Mesh_331
01:30:47 | INFO: Primitives created: 1
01:30:47 | INFO: Extracting primitive: Mesh_332
01:30:47 | INFO: Primitives created: 1
01:30:47 | INFO: Extracting primitive: Mesh_333
01:30:47 | INFO: Primitives created: 1
01:30:47 | INFO: Extracting primitive: Mesh_334
01:30:47 | INFO: Primitives created: 1
01:30:47 | INFO: Extracting primitive: Mesh_335
01:30:47 | INFO: Primitives created: 1
01:30:47 | INFO: Extracting primitive: Mesh_336
01:30:47 | INFO: Primitives created: 1
01:30:47 | INFO: Extracting primitive: Mesh_337
01:30:47 | INFO: Primitives created: 1
01:30:47 | INFO: Extracting primitive: Mesh_338
01:30:47 | INFO: Primitives created: 1
01:30:47 | INFO: Extracting primitive: Mesh_339
01:30:47 | INFO: Primitives created: 1
01:30:47 | INFO: Extracting primitive: Mesh_340
01:30:47 | INFO: Primitives created: 1
01:30:47 | INFO: Extracting primitive: Mesh_341
01:30:47 | INFO: Primitives created: 1
01:30:47 | INFO: Extracting primitive: Mesh_342
01:30:47 | INFO: Primitives created: 1
01:30:47 | INFO: Extracting primitive: Mesh_343
01:30:47 | INFO: Primitives created: 1
01:30:47 | INFO: Extracting primitive: Mesh_344
01:30:47 | INFO: Primitives created: 1
01:30:47 | INFO: Extracting primitive: Mesh_345
01:30:47 | INFO: Primitives created: 1
01:30:47 | INFO: Extracting primitive: Mesh_346
01:30:47 | INFO: Primitives created: 1
01:30:47 | INFO: Extracting primitive: Mesh_347
01:30:47 | INFO: Primitives created: 1
01:30:47 | INFO: Extracting primitive: Mesh_348
01:30:47 | INFO: Primitives created: 1
01:30:47 | INFO: Extracting primitive: Mesh_349
01:30:47 | INFO: Primitives created: 1
01:30:47 | INFO: Extracting primitive: Mesh_350
01:30:47 | INFO: Primitives created: 1
01:30:47 | INFO: Extracting primitive: Mesh_351
01:30:47 | INFO: Primitives created: 1
01:30:47 | INFO: Extracting primitive: Mesh_352
01:30:47 | INFO: Primitives created: 1
01:30:47 | INFO: Extracting primitive: Mesh_353
01:30:47 | INFO: Primitives created: 1
01:30:47 | INFO: Extracting primitive: Mesh_354
01:30:47 | INFO: Primitives created: 1
01:30:47 | INFO: Extracting primitive: Mesh_355
01:30:47 | INFO: Primitives created: 1
01:30:47 | INFO: Extracting primitive: Mesh_356
01:30:47 | INFO: Primitives created: 1
01:30:47 | INFO: Extracting primitive: Mesh_357
01:30:47 | INFO: Primitives created: 1
01:30:47 | INFO: Extracting primitive: Mesh_358
01:30:47 | INFO: Primitives created: 1
01:30:47 | INFO: Extracting primitive: Mesh_359
01:30:47 | INFO: Primitives created: 1
01:30:47 | INFO: Extracting primitive: Mesh_360
01:30:47 | INFO: Primitives created: 1
01:30:47 | INFO: Extracting primitive: Mesh_361
01:30:47 | INFO: Primitives created: 1
01:30:47 | INFO: Extracting primitive: Mesh_362
01:30:47 | INFO: Primitives created: 1
01:30:47 | INFO: Extracting primitive: Mesh_363
01:30:47 | INFO: Primitives created: 1
01:30:47 | INFO: Extracting primitive: Mesh_364
01:30:47 | INFO: Primitives created: 1
01:30:47 | INFO: Extracting primitive: Mesh_365
01:30:47 | INFO: Primitives created: 1
01:30:47 | INFO: Extracting primitive: Mesh_366
01:30:47 | INFO: Primitives created: 1
01:30:47 | INFO: Extracting primitive: Mesh_367
01:30:47 | INFO: Primitives created: 1
01:30:47 | INFO: Extracting primitive: Mesh_368
01:30:47 | INFO: Primitives created: 1
01:30:47 | INFO: Extracting primitive: Mesh_369
01:30:47 | INFO: Primitives created: 1
01:30:47 | INFO: Extracting primitive: Mesh_370
01:30:47 | INFO: Primitives created: 1
01:30:47 | INFO: Extracting primitive: Mesh_371
01:30:47 | INFO: Primitives created: 1
01:30:47 | INFO: Extracting primitive: Mesh_372
01:30:47 | INFO: Primitives created: 1
01:30:47 | INFO: Extracting primitive: Mesh_373
01:30:47 | INFO: Primitives created: 1
01:30:47 | INFO: Extracting primitive: Mesh_374
01:30:47 | INFO: Primitives created: 1
01:30:47 | INFO: Extracting primitive: Mesh_375
01:30:47 | INFO: Primitives created: 1
01:30:47 | INFO: Extracting primitive: Mesh_376
01:30:47 | INFO: Primitives created: 1
01:30:47 | INFO: Extracting primitive: Mesh_377
01:30:47 | INFO: Primitives created: 1
01:30:47 | INFO: Extracting primitive: Mesh_378
01:30:47 | INFO: Primitives created: 1
01:30:47 | INFO: Extracting primitive: Mesh_379
01:30:47 | INFO: Primitives created: 1
01:30:47 | INFO: Extracting primitive: Mesh_380
01:30:47 | INFO: Primitives created: 1
01:30:47 | INFO: Extracting primitive: Mesh_381
01:30:47 | INFO: Primitives created: 1
01:30:47 | INFO: Extracting primitive: Mesh_382
01:30:47 | INFO: Primitives created: 1
01:30:47 | INFO: Extracting primitive: Mesh_383
01:30:47 | INFO: Primitives created: 1
01:30:47 | INFO: Extracting primitive: Mesh_384
01:30:47 | INFO: Primitives created: 1
01:30:47 | INFO: Extracting primitive: Mesh_385
01:30:47 | INFO: Primitives created: 1
01:30:47 | INFO: Extracting primitive: Mesh_386
01:30:47 | INFO: Primitives created: 1
01:30:47 | INFO: Extracting primitive: Mesh_387
01:30:47 | INFO: Primitives created: 1
01:30:47 | INFO: Extracting primitive: Mesh_388
01:30:47 | INFO: Primitives created: 1
01:30:47 | INFO: Extracting primitive: Mesh_389
01:30:47 | INFO: Primitives created: 1
01:30:47 | INFO: Extracting primitive: Mesh_390
01:30:47 | INFO: Primitives created: 1
01:30:47 | INFO: Extracting primitive: Mesh_391
01:30:47 | INFO: Primitives created: 1
01:30:47 | INFO: Extracting primitive: Mesh_392
01:30:47 | INFO: Primitives created: 1
01:30:47 | INFO: Extracting primitive: Mesh_393
01:30:47 | INFO: Primitives created: 1
01:30:47 | INFO: Extracting primitive: Mesh_394
01:30:47 | INFO: Primitives created: 1
01:30:47 | INFO: Extracting primitive: Mesh_395
01:30:47 | INFO: Primitives created: 1
01:30:47 | INFO: Extracting primitive: Mesh_396
01:30:47 | INFO: Primitives created: 1
01:30:47 | INFO: Extracting primitive: Mesh_397
01:30:47 | INFO: Primitives created: 1
01:30:47 | INFO: Extracting primitive: Mesh_398
01:30:47 | INFO: Primitives created: 1
01:30:47 | INFO: Extracting primitive: Mesh_399
01:30:47 | INFO: Primitives created: 1
01:30:47 | INFO: Extracting primitive: Mesh_400
01:30:47 | INFO: Primitives created: 1
01:30:47 | INFO: Extracting primitive: Mesh_401
01:30:47 | INFO: Primitives created: 1
01:30:47 | INFO: Extracting primitive: Mesh_402
01:30:47 | INFO: Primitives created: 1
01:30:47 | INFO: Extracting primitive: Mesh_403
01:30:47 | INFO: Primitives created: 1
01:30:47 | INFO: Extracting primitive: Mesh_404
01:30:47 | INFO: Primitives created: 1
01:30:47 | INFO: Extracting primitive: Mesh_405
01:30:47 | INFO: Primitives created: 1
01:30:47 | INFO: Extracting primitive: Mesh_406
01:30:47 | INFO: Primitives created: 1
01:30:47 | INFO: Extracting primitive: Mesh_407
01:30:47 | INFO: Primitives created: 1
01:30:47 | INFO: Extracting primitive: Mesh_408
01:30:47 | INFO: Primitives created: 1
01:30:47 | INFO: Extracting primitive: Mesh_409
01:30:47 | INFO: Primitives created: 1
01:30:47 | INFO: Extracting primitive: Mesh_410
01:30:47 | INFO: Primitives created: 1
01:30:47 | INFO: Extracting primitive: Mesh_411
01:30:47 | INFO: Primitives created: 1
01:30:47 | INFO: Extracting primitive: Mesh_412
01:30:47 | INFO: Primitives created: 1
01:30:47 | INFO: Extracting primitive: Mesh_413
01:30:47 | INFO: Primitives created: 1
01:30:47 | INFO: Extracting primitive: Mesh_414
01:30:47 | INFO: Primitives created: 1
01:30:47 | INFO: Extracting primitive: Mesh_415
01:30:47 | INFO: Primitives created: 1
01:30:47 | INFO: Extracting primitive: Mesh_416
01:30:47 | INFO: Primitives created: 1
01:30:47 | INFO: Extracting primitive: Mesh_417
01:30:47 | INFO: Primitives created: 1
01:30:47 | INFO: Extracting primitive: Mesh_418
01:30:47 | INFO: Primitives created: 1
01:30:47 | INFO: Extracting primitive: Mesh_419
01:30:47 | INFO: Primitives created: 1
01:30:47 | INFO: Extracting primitive: Mesh_420
01:30:47 | INFO: Primitives created: 1
01:30:47 | INFO: Extracting primitive: Mesh_421
01:30:47 | INFO: Primitives created: 1
01:30:47 | INFO: Extracting primitive: Mesh_422
01:30:47 | INFO: Primitives created: 1
01:30:47 | INFO: Extracting primitive: Mesh_423
01:30:47 | INFO: Primitives created: 1
01:30:47 | INFO: Extracting primitive: Mesh_424
01:30:47 | INFO: Primitives created: 1
01:30:47 | INFO: Extracting primitive: Mesh_425
01:30:47 | INFO: Primitives created: 1
01:30:47 | INFO: Extracting primitive: Mesh_426
01:30:47 | INFO: Primitives created: 1
01:30:47 | INFO: Extracting primitive: Mesh_427
01:30:47 | INFO: Primitives created: 1
01:30:47 | INFO: Extracting primitive: Mesh_428
01:30:47 | INFO: Primitives created: 1
01:30:47 | INFO: Extracting primitive: Mesh_429
01:30:47 | INFO: Primitives created: 1
01:30:47 | INFO: Extracting primitive: Mesh_430
01:30:47 | INFO: Primitives created: 1
01:30:47 | INFO: Extracting primitive: Mesh_431
01:30:47 | INFO: Primitives created: 1
01:30:47 | INFO: Extracting primitive: Mesh_432
01:30:47 | INFO: Primitives created: 1
01:30:47 | INFO: Extracting primitive: Mesh_433
01:30:47 | INFO: Primitives created: 1
01:30:47 | INFO: Extracting primitive: Mesh_434
01:30:47 | INFO: Primitives created: 1
01:30:47 | INFO: Extracting primitive: Mesh_435
01:30:47 | INFO: Primitives created: 1
01:30:47 | INFO: Extracting primitive: Mesh_436
01:30:47 | INFO: Primitives created: 1
01:30:47 | INFO: Extracting primitive: Mesh_437
01:30:47 | INFO: Primitives created: 1
01:30:47 | INFO: Extracting primitive: Mesh_438
01:30:47 | INFO: Primitives created: 1
01:30:47 | INFO: Extracting primitive: Mesh_439
01:30:47 | INFO: Primitives created: 1
01:30:47 | INFO: Extracting primitive: Mesh_440
01:30:47 | INFO: Primitives created: 1
01:30:47 | INFO: Extracting primitive: Mesh_441
01:30:47 | INFO: Primitives created: 1
01:30:47 | INFO: Extracting primitive: Mesh_442
01:30:47 | INFO: Primitives created: 1
01:30:47 | INFO: Extracting primitive: Mesh_443
01:30:47 | INFO: Primitives created: 1
01:30:47 | INFO: Extracting primitive: Mesh_444
01:30:47 | INFO: Primitives created: 1
01:30:47 | INFO: Extracting primitive: Mesh_445
01:30:47 | INFO: Primitives created: 1
01:30:47 | INFO: Extracting primitive: Mesh_446
01:30:47 | INFO: Primitives created: 1
01:30:47 | INFO: Extracting primitive: Mesh_447
01:30:47 | INFO: Primitives created: 1
01:30:47 | INFO: Extracting primitive: Mesh_448
01:30:47 | INFO: Primitives created: 1
01:30:47 | INFO: Extracting primitive: Mesh_449
01:30:47 | INFO: Primitives created: 1
01:30:47 | INFO: Extracting primitive: Mesh_450
01:30:47 | INFO: Primitives created: 1
01:30:47 | INFO: Extracting primitive: Mesh_451
01:30:47 | INFO: Primitives created: 1
01:30:47 | INFO: Extracting primitive: Mesh_452
01:30:47 | INFO: Primitives created: 1
01:30:47 | INFO: Extracting primitive: Mesh_453
01:30:47 | INFO: Primitives created: 1
01:30:47 | INFO: Extracting primitive: Mesh_454
01:30:47 | INFO: Primitives created: 1
01:30:47 | INFO: Extracting primitive: Mesh_455
01:30:47 | INFO: Primitives created: 1
01:30:47 | INFO: Extracting primitive: Mesh_456
01:30:47 | INFO: Primitives created: 1
01:30:47 | INFO: Extracting primitive: Mesh_457
01:30:47 | INFO: Primitives created: 1
01:30:47 | INFO: Extracting primitive: Mesh_458
01:30:47 | INFO: Primitives created: 1
01:30:47 | INFO: Extracting primitive: Mesh_459
01:30:47 | INFO: Primitives created: 1
01:30:47 | INFO: Extracting primitive: Mesh_460
01:30:47 | INFO: Primitives created: 1
01:30:47 | INFO: Extracting primitive: Mesh_461
01:30:47 | INFO: Primitives created: 1
01:30:47 | INFO: Extracting primitive: Mesh_462
01:30:47 | INFO: Primitives created: 1
01:30:47 | INFO: Extracting primitive: Mesh_463
01:30:47 | INFO: Primitives created: 1
01:30:47 | INFO: Extracting primitive: Mesh_464
01:30:47 | INFO: Primitives created: 1
01:30:47 | INFO: Extracting primitive: Mesh_465
01:30:47 | INFO: Primitives created: 1
01:30:47 | INFO: Extracting primitive: Mesh_466
01:30:47 | INFO: Primitives created: 1
01:30:47 | INFO: Extracting primitive: Mesh_467
01:30:47 | INFO: Primitives created: 1
01:30:47 | INFO: Extracting primitive: Mesh_468
01:30:47 | INFO: Primitives created: 1
01:30:47 | INFO: Extracting primitive: Mesh_469
01:30:47 | INFO: Primitives created: 1
01:30:47 | INFO: Extracting primitive: Mesh_470
01:30:47 | INFO: Primitives created: 1
01:30:47 | INFO: Extracting primitive: Mesh_471
01:30:47 | INFO: Primitives created: 1
01:30:47 | INFO: Extracting primitive: Mesh_472
01:30:47 | INFO: Primitives created: 1
01:30:47 | INFO: Extracting primitive: Mesh_473
01:30:47 | INFO: Primitives created: 1
01:30:47 | INFO: Extracting primitive: Mesh_474
01:30:47 | INFO: Primitives created: 1
01:30:47 | INFO: Extracting primitive: Mesh_475
01:30:47 | INFO: Primitives created: 1
01:30:47 | INFO: Extracting primitive: Mesh_476
01:30:47 | INFO: Primitives created: 1
01:30:47 | INFO: Extracting primitive: Mesh_477
01:30:47 | INFO: Primitives created: 1
01:30:47 | INFO: Extracting primitive: Mesh_478
01:30:47 | INFO: Primitives created: 1
01:30:47 | INFO: Extracting primitive: Mesh_479
01:30:47 | INFO: Primitives created: 1
01:30:47 | INFO: Extracting primitive: Mesh_480
01:30:47 | INFO: Primitives created: 1
01:30:47 | INFO: Extracting primitive: Mesh_481
01:30:47 | INFO: Primitives created: 1
01:30:47 | INFO: Extracting primitive: Mesh_482
01:30:47 | INFO: Primitives created: 1
01:30:47 | INFO: Extracting primitive: Mesh_483
01:30:47 | INFO: Primitives created: 1
01:30:47 | INFO: Extracting primitive: Mesh_484
01:30:47 | INFO: Primitives created: 1
01:30:47 | INFO: Extracting primitive: Mesh_485
01:30:47 | INFO: Primitives created: 1
01:30:47 | INFO: Extracting primitive: Mesh_486
01:30:47 | INFO: Primitives created: 1
01:30:47 | INFO: Extracting primitive: Mesh_487
01:30:47 | INFO: Primitives created: 1
01:30:47 | INFO: Extracting primitive: Mesh_488
01:30:47 | INFO: Primitives created: 1
01:30:47 | INFO: Extracting primitive: Mesh_489
01:30:47 | INFO: Primitives created: 1
01:30:47 | INFO: Extracting primitive: Mesh_490
01:30:47 | INFO: Primitives created: 1
01:30:47 | INFO: Extracting primitive: Mesh_491
01:30:47 | INFO: Primitives created: 1
01:30:47 | INFO: Extracting primitive: Mesh_492
01:30:47 | INFO: Primitives created: 1
01:30:47 | INFO: Extracting primitive: Mesh_493
01:30:47 | INFO: Primitives created: 1
01:30:47 | INFO: Extracting primitive: Mesh_494
01:30:47 | INFO: Primitives created: 1
01:30:47 | INFO: Extracting primitive: Mesh_495
01:30:47 | INFO: Primitives created: 1
01:30:47 | INFO: Extracting primitive: Mesh_496
01:30:47 | INFO: Primitives created: 1
01:30:47 | INFO: Extracting primitive: Mesh_497
01:30:47 | INFO: Primitives created: 1
01:30:47 | INFO: Extracting primitive: Mesh_498
01:30:47 | INFO: Primitives created: 1
01:30:47 | INFO: Extracting primitive: Mesh_499
01:30:47 | INFO: Primitives created: 1
01:30:47 | INFO: Extracting primitive: Mesh_500
01:30:47 | INFO: Primitives created: 1
01:30:47 | INFO: Extracting primitive: Mesh_501
01:30:47 | INFO: Primitives created: 1
01:30:47 | INFO: Extracting primitive: Mesh_502
01:30:47 | INFO: Primitives created: 1
01:30:47 | INFO: Extracting primitive: Mesh_503
01:30:47 | INFO: Primitives created: 1
01:30:47 | INFO: Extracting primitive: Mesh_504
01:30:47 | INFO: Primitives created: 1
01:30:47 | INFO: Extracting primitive: Mesh_505
01:30:47 | INFO: Primitives created: 1
01:30:47 | INFO: Extracting primitive: Mesh_506
01:30:47 | INFO: Primitives created: 1
01:30:47 | INFO: Extracting primitive: Mesh_507
01:30:47 | INFO: Primitives created: 1
01:30:47 | INFO: Extracting primitive: Mesh_508
01:30:47 | INFO: Primitives created: 1
01:30:47 | INFO: Extracting primitive: Mesh_509
01:30:47 | INFO: Primitives created: 1
01:30:47 | INFO: Extracting primitive: Mesh_510
01:30:47 | INFO: Primitives created: 1
01:30:47 | INFO: Extracting primitive: Mesh_511
01:30:47 | INFO: Primitives created: 1
01:30:47 | INFO: Extracting primitive: Mesh_512
01:30:47 | INFO: Primitives created: 1
01:30:47 | INFO: Extracting primitive: Mesh_513
01:30:47 | INFO: Primitives created: 1
01:30:47 | INFO: Extracting primitive: Mesh_514
01:30:47 | INFO: Primitives created: 1
01:30:47 | INFO: Extracting primitive: Mesh_515
01:30:47 | INFO: Primitives created: 1
01:30:47 | INFO: Extracting primitive: Mesh_516
01:30:47 | INFO: Primitives created: 1
01:30:47 | INFO: Extracting primitive: Mesh_517
01:30:47 | INFO: Primitives created: 1
01:30:47 | INFO: Extracting primitive: Mesh_518
01:30:47 | INFO: Primitives created: 1
01:30:47 | INFO: Extracting primitive: Mesh_519
01:30:47 | INFO: Primitives created: 1
01:30:47 | INFO: Extracting primitive: Mesh_520
01:30:47 | INFO: Primitives created: 1
01:30:47 | INFO: Extracting primitive: Mesh_521
01:30:47 | INFO: Primitives created: 1
01:30:47 | INFO: Extracting primitive: Mesh_522
01:30:47 | INFO: Primitives created: 1
01:30:47 | INFO: Extracting primitive: Mesh_523
01:30:47 | INFO: Primitives created: 1
01:30:47 | INFO: Extracting primitive: Mesh_524
01:30:47 | INFO: Primitives created: 1
01:30:47 | INFO: Extracting primitive: Mesh_525
01:30:47 | INFO: Primitives created: 1
01:30:47 | INFO: Extracting primitive: Mesh_526
01:30:47 | INFO: Primitives created: 1
01:30:47 | INFO: Extracting primitive: Mesh_527
01:30:47 | INFO: Primitives created: 1
01:30:47 | INFO: Extracting primitive: Mesh_528
01:30:47 | INFO: Primitives created: 1
01:30:47 | INFO: Extracting primitive: Mesh_529
01:30:47 | INFO: Primitives created: 1
01:30:47 | INFO: Extracting primitive: Mesh_530
01:30:47 | INFO: Primitives created: 1
01:30:47 | INFO: Extracting primitive: Mesh_531
01:30:47 | INFO: Primitives created: 1
01:30:47 | INFO: Extracting primitive: Mesh_532
01:30:47 | INFO: Primitives created: 1
01:30:47 | INFO: Extracting primitive: Mesh_533
01:30:47 | INFO: Primitives created: 1
01:30:47 | INFO: Extracting primitive: Mesh_534
01:30:47 | INFO: Primitives created: 1
01:30:47 | INFO: Extracting primitive: Mesh_535
01:30:47 | INFO: Primitives created: 1
01:30:47 | INFO: Extracting primitive: Mesh_536
01:30:47 | INFO: Primitives created: 1
01:30:47 | INFO: Extracting primitive: Mesh_537
01:30:47 | INFO: Primitives created: 1
01:30:47 | INFO: Extracting primitive: Mesh_538
01:30:47 | INFO: Primitives created: 1
01:30:47 | INFO: Extracting primitive: Mesh_539
01:30:47 | INFO: Primitives created: 1
01:30:47 | INFO: Extracting primitive: Mesh_540
01:30:47 | INFO: Primitives created: 1
01:30:47 | INFO: Extracting primitive: Mesh_541
01:30:47 | INFO: Primitives created: 1
01:30:47 | INFO: Extracting primitive: Mesh_542
01:30:47 | INFO: Primitives created: 1
01:30:47 | INFO: Extracting primitive: Mesh_543
01:30:47 | INFO: Primitives created: 1
01:30:47 | INFO: Extracting primitive: Mesh_544
01:30:47 | INFO: Primitives created: 1
01:30:47 | INFO: Extracting primitive: Mesh_545
01:30:47 | INFO: Primitives created: 1
01:30:47 | INFO: Extracting primitive: Mesh_546
01:30:47 | INFO: Primitives created: 1
01:30:47 | INFO: Extracting primitive: Mesh_547
01:30:47 | INFO: Primitives created: 1
01:30:47 | INFO: Extracting primitive: Mesh_548
01:30:47 | INFO: Primitives created: 1
01:30:47 | INFO: Extracting primitive: Mesh_549
01:30:47 | INFO: Primitives created: 1
01:30:47 | INFO: Extracting primitive: Mesh_550
01:30:47 | INFO: Primitives created: 1
01:30:47 | INFO: Extracting primitive: Mesh_551
01:30:47 | INFO: Primitives created: 1
01:30:47 | INFO: Extracting primitive: Mesh_552
01:30:47 | INFO: Primitives created: 1
01:30:47 | INFO: Extracting primitive: Mesh_553
01:30:47 | INFO: Primitives created: 1
01:30:47 | INFO: Extracting primitive: Mesh_554
01:30:47 | INFO: Primitives created: 1
01:30:47 | INFO: Extracting primitive: Mesh_555
01:30:47 | INFO: Primitives created: 1
01:30:47 | INFO: Extracting primitive: Mesh_556
01:30:47 | INFO: Primitives created: 1
01:30:47 | INFO: Extracting primitive: Mesh_557
01:30:47 | INFO: Primitives created: 1
01:30:47 | INFO: Extracting primitive: Mesh_558
01:30:47 | INFO: Primitives created: 1
01:30:47 | INFO: Extracting primitive: Mesh_559
01:30:47 | INFO: Primitives created: 1
01:30:47 | INFO: Extracting primitive: Mesh_560
01:30:47 | INFO: Primitives created: 1
01:30:47 | INFO: Extracting primitive: Mesh_561
01:30:47 | INFO: Primitives created: 1
01:30:47 | INFO: Extracting primitive: Mesh_562
01:30:47 | INFO: Primitives created: 1
01:30:47 | INFO: Extracting primitive: Mesh_563
01:30:47 | INFO: Primitives created: 1
01:30:47 | INFO: Extracting primitive: Mesh_564
01:30:47 | INFO: Primitives created: 1
01:30:47 | INFO: Extracting primitive: Mesh_565
01:30:47 | INFO: Primitives created: 1
01:30:47 | INFO: Extracting primitive: Mesh_566
01:30:47 | INFO: Primitives created: 1
01:30:47 | INFO: Extracting primitive: Mesh_567
01:30:47 | INFO: Primitives created: 1
01:30:47 | INFO: Extracting primitive: Mesh_568
01:30:47 | INFO: Primitives created: 1
01:30:47 | INFO: Extracting primitive: Mesh_569
01:30:47 | INFO: Primitives created: 1
01:30:47 | INFO: Extracting primitive: Mesh_570
01:30:47 | INFO: Primitives created: 1
01:30:47 | INFO: Extracting primitive: Mesh_571
01:30:47 | INFO: Primitives created: 1
01:30:47 | INFO: Extracting primitive: Mesh_572
01:30:47 | INFO: Primitives created: 1
01:30:47 | INFO: Extracting primitive: Mesh_573
01:30:47 | INFO: Primitives created: 1
01:30:47 | INFO: Extracting primitive: Mesh_574
01:30:47 | INFO: Primitives created: 1
01:30:47 | INFO: Extracting primitive: Mesh_575
01:30:47 | INFO: Primitives created: 1
01:30:47 | INFO: Extracting primitive: Mesh_576
01:30:47 | INFO: Primitives created: 1
01:30:47 | INFO: Extracting primitive: Mesh_577
01:30:47 | INFO: Primitives created: 1
01:30:47 | INFO: Extracting primitive: Mesh_578
01:30:47 | INFO: Primitives created: 1
01:30:47 | INFO: Extracting primitive: Mesh_579
01:30:47 | INFO: Primitives created: 1
01:30:47 | INFO: Extracting primitive: Mesh_580
01:30:47 | INFO: Primitives created: 1
01:30:47 | INFO: Extracting primitive: Mesh_581
01:30:47 | INFO: Primitives created: 1
01:30:47 | INFO: Extracting primitive: Mesh_582
01:30:47 | INFO: Primitives created: 1
01:30:47 | INFO: Extracting primitive: Mesh_583
01:30:47 | INFO: Primitives created: 1
01:30:47 | INFO: Extracting primitive: Mesh_584
01:30:47 | INFO: Primitives created: 1
01:30:47 | INFO: Extracting primitive: Mesh_585
01:30:47 | INFO: Primitives created: 1
01:30:47 | INFO: Extracting primitive: Mesh_586
01:30:47 | INFO: Primitives created: 1
01:30:47 | INFO: Extracting primitive: Mesh_587
01:30:47 | INFO: Primitives created: 1
01:30:47 | INFO: Extracting primitive: Mesh_588
01:30:47 | INFO: Primitives created: 1
01:30:47 | INFO: Extracting primitive: Mesh_589
01:30:47 | INFO: Primitives created: 1
01:30:47 | INFO: Extracting primitive: Mesh_590
01:30:47 | INFO: Primitives created: 1
01:30:47 | INFO: Extracting primitive: Mesh_591
01:30:47 | INFO: Primitives created: 1
01:30:47 | INFO: Extracting primitive: Mesh_592
01:30:47 | INFO: Primitives created: 1
01:30:47 | INFO: Extracting primitive: Mesh_593
01:30:47 | INFO: Primitives created: 1
01:30:47 | INFO: Extracting primitive: Mesh_594
01:30:47 | INFO: Primitives created: 1
01:30:47 | INFO: Extracting primitive: Mesh_595
01:30:47 | INFO: Primitives created: 1
01:30:47 | INFO: Extracting primitive: Mesh_596
01:30:47 | INFO: Primitives created: 1
01:30:47 | INFO: Extracting primitive: Mesh_597
01:30:47 | INFO: Primitives created: 1
01:30:47 | INFO: Extracting primitive: Mesh_598
01:30:47 | INFO: Primitives created: 1
01:30:47 | INFO: Extracting primitive: Mesh_599
01:30:47 | INFO: Primitives created: 1
01:30:47 | INFO: Extracting primitive: Mesh_600
01:30:47 | INFO: Primitives created: 1
01:30:47 | INFO: Extracting primitive: Mesh_601
01:30:47 | INFO: Primitives created: 1
01:30:47 | INFO: Extracting primitive: Mesh_604
01:30:47 | INFO: Primitives created: 1
01:30:47 | INFO: Extracting primitive: Mesh_605
01:30:47 | INFO: Primitives created: 1
01:30:47 | INFO: Extracting primitive: Mesh_606
01:30:47 | INFO: Primitives created: 1
01:30:47 | INFO: Extracting primitive: Mesh_607
01:30:47 | INFO: Primitives created: 1
01:30:47 | INFO: Extracting primitive: Mesh_608
01:30:47 | INFO: Primitives created: 1
01:30:47 | INFO: Extracting primitive: Mesh_609
01:30:47 | INFO: Primitives created: 1
01:30:47 | INFO: Extracting primitive: Mesh_610
01:30:47 | INFO: Primitives created: 1
01:30:47 | INFO: Extracting primitive: Mesh_611
01:30:47 | INFO: Primitives created: 1
01:30:47 | INFO: Extracting primitive: Mesh_612
01:30:47 | INFO: Primitives created: 1
01:30:47 | INFO: Extracting primitive: Mesh_613
01:30:47 | INFO: Primitives created: 1
01:30:47 | INFO: Extracting primitive: Mesh_614
01:30:47 | INFO: Primitives created: 1
01:30:47 | INFO: Extracting primitive: Mesh_615
01:30:47 | INFO: Primitives created: 1
01:30:47 | INFO: Extracting primitive: Mesh_616
01:30:47 | INFO: Primitives created: 1
01:30:47 | INFO: Extracting primitive: Mesh_617
01:30:47 | INFO: Primitives created: 1
01:30:47 | INFO: Extracting primitive: Mesh_618
01:30:47 | INFO: Primitives created: 1
01:30:47 | INFO: Extracting primitive: Mesh_619
01:30:47 | INFO: Primitives created: 1
01:30:47 | INFO: Extracting primitive: Mesh_620
01:30:47 | INFO: Primitives created: 1
01:30:47 | INFO: Extracting primitive: Mesh_621
01:30:47 | INFO: Primitives created: 1
01:30:47 | INFO: Extracting primitive: Mesh_622
01:30:47 | INFO: Primitives created: 1
01:30:47 | INFO: Extracting primitive: Mesh_623
01:30:47 | INFO: Primitives created: 1
01:30:47 | INFO: Extracting primitive: Mesh_624
01:30:47 | INFO: Primitives created: 1
01:30:47 | INFO: Extracting primitive: Mesh_625
01:30:47 | INFO: Primitives created: 1
01:30:47 | INFO: Extracting primitive: Mesh_626
01:30:47 | INFO: Primitives created: 1
01:30:47 | INFO: Extracting primitive: Mesh_627
01:30:47 | INFO: Primitives created: 1
01:30:47 | INFO: Extracting primitive: Mesh_628
01:30:47 | INFO: Primitives created: 1
01:30:47 | INFO: Extracting primitive: Mesh_629
01:30:47 | INFO: Primitives created: 1
01:30:47 | INFO: Extracting primitive: Mesh_630
01:30:47 | INFO: Primitives created: 1
01:30:47 | INFO: Extracting primitive: Mesh_631
01:30:47 | INFO: Primitives created: 1
01:30:47 | INFO: Extracting primitive: Mesh_632
01:30:47 | INFO: Primitives created: 1
01:30:47 | INFO: Extracting primitive: Mesh_633
01:30:47 | INFO: Primitives created: 1
01:30:47 | INFO: Extracting primitive: Mesh_634
01:30:47 | INFO: Primitives created: 1
01:30:47 | INFO: Extracting primitive: Mesh_635
01:30:47 | INFO: Primitives created: 1
01:30:47 | INFO: Extracting primitive: Mesh_636
01:30:47 | INFO: Primitives created: 1
01:30:47 | INFO: Extracting primitive: Mesh_637
01:30:47 | INFO: Primitives created: 1
01:30:47 | INFO: Extracting primitive: Mesh_638
01:30:47 | INFO: Primitives created: 1
01:30:47 | INFO: Extracting primitive: Mesh_639
01:30:47 | INFO: Primitives created: 1
01:30:47 | INFO: Extracting primitive: Mesh_640
01:30:47 | INFO: Primitives created: 1
01:30:47 | INFO: Extracting primitive: Mesh_641
01:30:47 | INFO: Primitives created: 1
01:30:47 | INFO: Extracting primitive: Mesh_642
01:30:47 | INFO: Primitives created: 1
01:30:47 | INFO: Extracting primitive: Mesh_643
01:30:47 | INFO: Primitives created: 1
01:30:47 | INFO: Extracting primitive: Mesh_644
01:30:47 | INFO: Primitives created: 1
01:30:47 | INFO: Extracting primitive: Mesh_645
01:30:47 | INFO: Primitives created: 1
01:30:47 | INFO: Extracting primitive: Mesh_646
01:30:47 | INFO: Primitives created: 1
01:30:47 | INFO: Extracting primitive: Mesh_647
01:30:47 | INFO: Primitives created: 1
01:30:47 | INFO: Extracting primitive: Mesh_648
01:30:47 | INFO: Primitives created: 1
01:30:47 | INFO: Extracting primitive: Mesh_649
01:30:47 | INFO: Primitives created: 1
01:30:47 | INFO: Extracting primitive: Mesh_650
01:30:47 | INFO: Primitives created: 1
01:30:47 | INFO: Extracting primitive: Mesh_651
01:30:47 | INFO: Primitives created: 1
01:30:47 | INFO: Extracting primitive: Mesh_652
01:30:47 | INFO: Primitives created: 1
01:30:47 | INFO: Extracting primitive: Mesh_653
01:30:47 | INFO: Primitives created: 1
01:30:47 | INFO: Extracting primitive: Mesh_654
01:30:47 | INFO: Primitives created: 1
01:30:47 | INFO: Extracting primitive: Mesh_655
01:30:47 | INFO: Primitives created: 1
01:30:47 | INFO: Extracting primitive: Mesh_656
01:30:47 | INFO: Primitives created: 1
01:30:47 | INFO: Extracting primitive: Mesh_657
01:30:47 | INFO: Primitives created: 1
01:30:47 | INFO: Extracting primitive: Mesh_658
01:30:47 | INFO: Primitives created: 1
01:30:47 | INFO: Extracting primitive: Mesh_659
01:30:47 | INFO: Primitives created: 1
01:30:47 | INFO: Extracting primitive: Mesh_660
01:30:47 | INFO: Primitives created: 1
01:30:47 | INFO: Extracting primitive: Mesh_661
01:30:47 | INFO: Primitives created: 1
01:30:47 | INFO: Extracting primitive: Mesh_662
01:30:47 | INFO: Primitives created: 1
01:30:47 | INFO: Extracting primitive: Mesh_663
01:30:47 | INFO: Primitives created: 1
01:30:47 | INFO: Extracting primitive: Mesh_664
01:30:47 | INFO: Primitives created: 1
01:30:47 | INFO: Extracting primitive: Mesh_665
01:30:47 | INFO: Primitives created: 1
01:30:47 | INFO: Extracting primitive: Mesh_666
01:30:47 | INFO: Primitives created: 1
01:30:47 | INFO: Extracting primitive: Mesh_667
01:30:47 | INFO: Primitives created: 1
01:30:47 | INFO: Extracting primitive: Mesh_668
01:30:47 | INFO: Primitives created: 1
01:30:47 | INFO: Extracting primitive: Mesh_669
01:30:47 | INFO: Primitives created: 1
01:30:47 | INFO: Extracting primitive: Mesh_670
01:30:47 | INFO: Primitives created: 1
01:30:47 | INFO: Extracting primitive: Mesh_671
01:30:47 | INFO: Primitives created: 1
01:30:47 | INFO: Extracting primitive: Mesh_672
01:30:47 | INFO: Primitives created: 1
01:30:47 | INFO: Extracting primitive: Mesh_673
01:30:47 | INFO: Primitives created: 1
01:30:47 | INFO: Extracting primitive: Mesh_674
01:30:47 | INFO: Primitives created: 1
01:30:47 | INFO: Extracting primitive: Mesh_675
01:30:47 | INFO: Primitives created: 1
01:30:47 | INFO: Extracting primitive: Mesh_676
01:30:47 | INFO: Primitives created: 1
01:30:47 | INFO: Extracting primitive: Mesh_677
01:30:47 | INFO: Primitives created: 1
01:30:47 | INFO: Extracting primitive: Mesh_678
01:30:47 | INFO: Primitives created: 1
01:30:47 | INFO: Extracting primitive: Mesh_679
01:30:47 | INFO: Primitives created: 1
01:30:47 | INFO: Extracting primitive: Mesh_680
01:30:47 | INFO: Primitives created: 1
01:30:47 | INFO: Extracting primitive: Mesh_681
01:30:47 | INFO: Primitives created: 1
01:30:47 | INFO: Extracting primitive: Mesh_682
01:30:47 | INFO: Primitives created: 1
01:30:47 | INFO: Extracting primitive: Mesh_683
01:30:47 | INFO: Primitives created: 1
01:30:47 | INFO: Extracting primitive: Mesh_684
01:30:47 | INFO: Primitives created: 1
01:30:47 | INFO: Extracting primitive: Mesh_685
01:30:47 | INFO: Primitives created: 1
01:30:47 | INFO: Extracting primitive: Mesh_686
01:30:47 | INFO: Primitives created: 1
01:30:47 | INFO: Extracting primitive: Mesh_687
01:30:47 | INFO: Primitives created: 1
01:30:47 | INFO: Extracting primitive: Mesh_688
01:30:47 | INFO: Primitives created: 1
01:30:47 | INFO: Extracting primitive: Mesh_689
01:30:47 | INFO: Primitives created: 1
01:30:47 | INFO: Extracting primitive: Mesh_690
01:30:47 | INFO: Primitives created: 1
01:30:47 | INFO: Extracting primitive: Mesh_691
01:30:47 | INFO: Primitives created: 1
01:30:47 | INFO: Extracting primitive: Mesh_692
01:30:47 | INFO: Primitives created: 1
01:30:47 | INFO: Extracting primitive: Mesh_696
01:30:47 | INFO: Primitives created: 1
01:30:47 | INFO: Extracting primitive: Mesh_697
01:30:47 | INFO: Primitives created: 1
01:30:47 | INFO: Extracting primitive: Mesh_698
01:30:47 | INFO: Primitives created: 1
01:30:47 | INFO: Extracting primitive: Mesh_699
01:30:47 | INFO: Primitives created: 1
01:30:47 | INFO: Extracting primitive: Mesh_700
01:30:47 | INFO: Primitives created: 1
01:30:47 | INFO: Extracting primitive: Mesh_701
01:30:47 | INFO: Primitives created: 1
01:30:47 | INFO: Extracting primitive: Mesh_702
01:30:47 | INFO: Primitives created: 1
01:30:47 | INFO: Extracting primitive: Mesh_703
01:30:47 | INFO: Primitives created: 1
01:30:47 | INFO: Extracting primitive: Mesh_704
01:30:47 | INFO: Primitives created: 1
01:30:47 | INFO: Extracting primitive: Mesh_705
01:30:47 | INFO: Primitives created: 1
01:30:47 | INFO: Extracting primitive: Mesh_706
01:30:47 | INFO: Primitives created: 1
01:30:47 | INFO: Extracting primitive: Mesh_707
01:30:47 | INFO: Primitives created: 1
01:30:47 | INFO: Extracting primitive: Mesh_708
01:30:47 | INFO: Primitives created: 1
01:30:47 | INFO: Extracting primitive: Mesh_709
01:30:47 | INFO: Primitives created: 1
01:30:47 | INFO: Extracting primitive: Mesh_710
01:30:47 | INFO: Primitives created: 1
01:30:47 | INFO: Extracting primitive: Mesh_711
01:30:47 | INFO: Primitives created: 1
01:30:47 | INFO: Extracting primitive: Mesh_712
01:30:47 | INFO: Primitives created: 1
01:30:47 | INFO: Extracting primitive: Mesh_713
01:30:47 | INFO: Primitives created: 1
01:30:47 | INFO: Extracting primitive: Mesh_714
01:30:47 | INFO: Primitives created: 1
01:30:47 | INFO: Extracting primitive: Mesh_715
01:30:47 | INFO: Primitives created: 1
01:30:47 | INFO: Extracting primitive: Mesh_716
01:30:47 | INFO: Primitives created: 1
01:30:47 | INFO: Extracting primitive: Mesh_718
01:30:47 | INFO: Primitives created: 1
01:30:47 | INFO: Extracting primitive: Mesh_719
01:30:47 | INFO: Primitives created: 1
01:30:47 | INFO: Extracting primitive: Mesh_720
01:30:47 | INFO: Primitives created: 1
01:30:47 | INFO: Extracting primitive: Mesh_721
01:30:47 | INFO: Primitives created: 1
01:30:47 | INFO: Extracting primitive: Mesh_722
01:30:47 | INFO: Primitives created: 1
01:30:47 | INFO: Extracting primitive: Mesh_723
01:30:47 | INFO: Primitives created: 1
01:30:47 | INFO: Extracting primitive: Mesh_724
01:30:47 | INFO: Primitives created: 1
01:30:47 | INFO: Extracting primitive: Mesh_725
01:30:47 | INFO: Primitives created: 1
01:30:47 | INFO: Extracting primitive: Mesh_726
01:30:47 | INFO: Primitives created: 1
01:30:47 | INFO: Extracting primitive: Mesh_727
01:30:47 | INFO: Primitives created: 1
01:30:47 | INFO: Extracting primitive: Mesh_728
01:30:47 | INFO: Primitives created: 1
01:30:47 | INFO: Extracting primitive: Mesh_729
01:30:47 | INFO: Primitives created: 1
01:30:47 | INFO: Extracting primitive: Mesh_730
01:30:47 | INFO: Primitives created: 1
01:30:47 | INFO: Extracting primitive: Mesh_731
01:30:47 | INFO: Primitives created: 1
01:30:47 | INFO: Extracting primitive: Mesh_732
01:30:47 | INFO: Primitives created: 1
01:30:47 | INFO: Extracting primitive: Mesh_733
01:30:47 | INFO: Primitives created: 1
01:30:47 | INFO: Extracting primitive: Mesh_734
01:30:47 | INFO: Primitives created: 1
01:30:47 | INFO: Extracting primitive: Mesh_735
01:30:47 | INFO: Primitives created: 1
01:30:47 | INFO: Extracting primitive: Mesh_736
01:30:47 | INFO: Primitives created: 1
01:30:47 | INFO: Extracting primitive: Mesh_737
01:30:47 | INFO: Primitives created: 1
01:30:47 | INFO: Extracting primitive: Mesh_738
01:30:47 | INFO: Primitives created: 1
01:30:47 | INFO: Extracting primitive: Mesh_739
01:30:47 | INFO: Primitives created: 1
01:30:47 | INFO: Extracting primitive: Mesh_740
01:30:47 | INFO: Primitives created: 1
01:30:47 | INFO: Extracting primitive: Mesh_741
01:30:47 | INFO: Primitives created: 1
01:30:47 | INFO: Extracting primitive: Mesh_742
01:30:47 | INFO: Primitives created: 1
01:30:47 | INFO: Extracting primitive: Mesh_743
01:30:47 | INFO: Primitives created: 1
01:30:47 | INFO: Extracting primitive: Mesh_744
01:30:47 | INFO: Primitives created: 1
01:30:47 | INFO: Extracting primitive: Mesh_745
01:30:47 | INFO: Primitives created: 1
01:30:47 | INFO: Extracting primitive: Mesh_746
01:30:47 | INFO: Primitives created: 1
01:30:47 | INFO: Extracting primitive: Mesh_747
01:30:47 | INFO: Primitives created: 1
01:30:47 | INFO: Extracting primitive: Mesh_748
01:30:47 | INFO: Primitives created: 1
01:30:47 | INFO: Extracting primitive: Mesh_749
01:30:47 | INFO: Primitives created: 1
01:30:47 | INFO: Extracting primitive: Mesh_750
01:30:47 | INFO: Primitives created: 1
01:30:47 | INFO: Extracting primitive: Mesh_751
01:30:47 | INFO: Primitives created: 1
01:30:47 | INFO: Extracting primitive: Mesh_752
01:30:47 | INFO: Primitives created: 1
01:30:47 | INFO: Extracting primitive: Mesh_753
01:30:47 | INFO: Primitives created: 1
01:30:47 | INFO: Extracting primitive: Mesh_754
01:30:47 | INFO: Primitives created: 1
01:30:47 | INFO: Extracting primitive: Mesh_755
01:30:47 | INFO: Primitives created: 1
01:30:47 | INFO: Extracting primitive: Mesh_756
01:30:47 | INFO: Primitives created: 1
01:30:47 | INFO: Extracting primitive: Mesh_757
01:30:47 | INFO: Primitives created: 1
01:30:47 | INFO: Extracting primitive: Mesh_758
01:30:47 | INFO: Primitives created: 1
01:30:47 | INFO: Extracting primitive: Mesh_759
01:30:47 | INFO: Primitives created: 1
01:30:47 | INFO: Extracting primitive: Mesh_760
01:30:47 | INFO: Primitives created: 1
01:30:47 | INFO: Extracting primitive: Mesh_761
01:30:47 | INFO: Primitives created: 1
01:30:47 | INFO: Extracting primitive: Mesh_762
01:30:47 | INFO: Primitives created: 1
01:30:47 | INFO: Extracting primitive: Mesh_763
01:30:47 | INFO: Primitives created: 1
01:30:47 | INFO: Extracting primitive: Mesh_764
01:30:47 | INFO: Primitives created: 1
01:30:47 | INFO: Extracting primitive: Mesh_765
01:30:47 | INFO: Primitives created: 1
01:30:47 | INFO: Extracting primitive: Mesh_766
01:30:47 | INFO: Primitives created: 1
01:30:47 | INFO: Extracting primitive: Mesh_767
01:30:47 | INFO: Primitives created: 1
01:30:47 | INFO: Extracting primitive: Mesh_768
01:30:47 | INFO: Primitives created: 1
01:30:47 | INFO: Extracting primitive: Mesh_769
01:30:47 | INFO: Primitives created: 1
01:30:47 | INFO: Extracting primitive: Mesh_770
01:30:47 | INFO: Primitives created: 1
01:30:47 | INFO: Extracting primitive: Mesh_771
01:30:47 | INFO: Primitives created: 1
01:30:47 | INFO: Extracting primitive: Mesh_772
01:30:47 | INFO: Primitives created: 1
01:30:47 | INFO: Extracting primitive: Mesh_773
01:30:47 | INFO: Primitives created: 1
01:30:47 | INFO: Extracting primitive: Mesh_774
01:30:47 | INFO: Primitives created: 1
01:30:47 | INFO: Extracting primitive: Mesh_775
01:30:47 | INFO: Primitives created: 1
01:30:47 | INFO: Extracting primitive: Mesh_776
01:30:47 | INFO: Primitives created: 1
01:30:47 | INFO: Extracting primitive: Mesh_777
01:30:47 | INFO: Primitives created: 1
01:30:47 | INFO: Extracting primitive: Mesh_778
01:30:47 | INFO: Primitives created: 1
01:30:47 | INFO: Extracting primitive: Mesh_779
01:30:47 | INFO: Primitives created: 1
01:30:47 | INFO: Extracting primitive: Mesh_780
01:30:47 | INFO: Primitives created: 1
01:30:47 | INFO: Extracting primitive: Mesh_781
01:30:47 | INFO: Primitives created: 1
01:30:47 | INFO: Extracting primitive: Mesh_782
01:30:47 | INFO: Primitives created: 1
01:30:47 | INFO: Extracting primitive: Mesh_783
01:30:47 | INFO: Primitives created: 1
01:30:47 | INFO: Extracting primitive: Mesh_784
01:30:47 | INFO: Primitives created: 1
01:30:47 | INFO: Extracting primitive: Mesh_785
01:30:47 | INFO: Primitives created: 1
01:30:47 | INFO: Extracting primitive: Mesh_786
01:30:47 | INFO: Primitives created: 1
01:30:47 | INFO: Extracting primitive: Mesh_787
01:30:47 | INFO: Primitives created: 1
01:30:47 | INFO: Extracting primitive: Mesh_788
01:30:47 | INFO: Primitives created: 1
01:30:47 | INFO: Extracting primitive: Mesh_789
01:30:47 | INFO: Primitives created: 1
01:30:47 | INFO: Extracting primitive: Mesh_790
01:30:47 | INFO: Primitives created: 1
01:30:47 | INFO: Extracting primitive: Mesh_791
01:30:47 | INFO: Primitives created: 1
01:30:47 | INFO: Extracting primitive: Mesh_792
01:30:47 | INFO: Primitives created: 1
01:30:47 | INFO: Extracting primitive: Mesh_793
01:30:47 | INFO: Primitives created: 1
01:30:47 | INFO: Extracting primitive: Mesh_794
01:30:47 | INFO: Primitives created: 1
01:30:47 | INFO: Extracting primitive: Mesh_795
01:30:47 | INFO: Primitives created: 1
01:30:47 | INFO: Extracting primitive: Mesh_796
01:30:47 | INFO: Primitives created: 1
01:30:47 | INFO: Extracting primitive: Mesh_797
01:30:47 | INFO: Primitives created: 1
01:30:47 | INFO: Extracting primitive: Mesh_798
01:30:47 | INFO: Primitives created: 1
01:30:47 | INFO: Extracting primitive: Mesh_799
01:30:47 | INFO: Primitives created: 1
01:30:47 | INFO: Extracting primitive: Mesh_800
01:30:47 | INFO: Primitives created: 1
01:30:47 | INFO: Extracting primitive: Mesh_801
01:30:47 | INFO: Primitives created: 1
01:30:47 | INFO: Extracting primitive: Mesh_802
01:30:47 | INFO: Primitives created: 1
01:30:47 | INFO: Extracting primitive: Mesh_803
01:30:47 | INFO: Primitives created: 1
01:30:47 | INFO: Extracting primitive: Mesh_804
01:30:47 | INFO: Primitives created: 1
01:30:47 | INFO: Extracting primitive: Mesh_805
01:30:47 | INFO: Primitives created: 1
01:30:47 | INFO: Extracting primitive: Mesh_806
01:30:47 | INFO: Primitives created: 1
01:30:47 | INFO: Extracting primitive: Mesh_807
01:30:47 | INFO: Primitives created: 1
01:30:47 | INFO: Extracting primitive: Mesh_808
01:30:47 | INFO: Primitives created: 1
01:30:47 | INFO: Extracting primitive: Mesh_809
01:30:47 | INFO: Primitives created: 1
01:30:47 | INFO: Extracting primitive: Mesh_810
01:30:47 | INFO: Primitives created: 1
01:30:47 | INFO: Extracting primitive: Mesh_811
01:30:47 | INFO: Primitives created: 1
01:30:47 | INFO: Extracting primitive: Mesh_812
01:30:47 | INFO: Primitives created: 1
01:30:47 | INFO: Extracting primitive: Mesh_813
01:30:47 | INFO: Primitives created: 1
01:30:47 | INFO: Extracting primitive: Mesh_814
01:30:47 | INFO: Primitives created: 1
01:30:47 | INFO: Extracting primitive: Mesh_815
01:30:47 | INFO: Primitives created: 1
01:30:47 | INFO: Extracting primitive: Mesh_816
01:30:47 | INFO: Primitives created: 1
01:30:47 | INFO: Extracting primitive: Mesh_817
01:30:47 | INFO: Primitives created: 1
01:30:47 | INFO: Extracting primitive: Mesh_818
01:30:47 | INFO: Primitives created: 1
01:30:47 | INFO: Extracting primitive: Mesh_819
01:30:47 | INFO: Primitives created: 1
01:30:47 | INFO: Extracting primitive: Mesh_820
01:30:47 | INFO: Primitives created: 1
01:30:47 | INFO: Extracting primitive: Mesh_821
01:30:47 | INFO: Primitives created: 1
01:30:47 | INFO: Extracting primitive: Mesh_822
01:30:47 | INFO: Primitives created: 1
01:30:47 | INFO: Extracting primitive: Mesh_823
01:30:47 | INFO: Primitives created: 1
01:30:47 | INFO: Extracting primitive: Mesh_824
01:30:47 | INFO: Primitives created: 1
01:30:47 | INFO: Extracting primitive: Mesh_825
01:30:47 | INFO: Primitives created: 1
01:30:47 | INFO: Extracting primitive: Mesh_826
01:30:47 | INFO: Primitives created: 1
01:30:47 | INFO: Extracting primitive: Mesh_827
01:30:47 | INFO: Primitives created: 1
01:30:47 | INFO: Extracting primitive: Mesh_828
01:30:47 | INFO: Primitives created: 1
01:30:47 | INFO: Extracting primitive: Mesh_829
01:30:47 | INFO: Primitives created: 1
01:30:47 | INFO: Extracting primitive: Mesh_830
01:30:47 | INFO: Primitives created: 1
01:30:47 | INFO: Extracting primitive: Mesh_831
01:30:47 | INFO: Primitives created: 1
01:30:47 | INFO: Extracting primitive: Mesh_832
01:30:47 | INFO: Primitives created: 1
01:30:47 | INFO: Extracting primitive: Mesh_833
01:30:47 | INFO: Primitives created: 1
01:30:47 | INFO: Extracting primitive: Mesh_834
01:30:47 | INFO: Primitives created: 1
01:30:47 | INFO: Extracting primitive: Mesh_835
01:30:47 | INFO: Primitives created: 1
01:30:47 | INFO: Extracting primitive: Mesh_836
01:30:47 | INFO: Primitives created: 1
01:30:47 | INFO: Extracting primitive: Mesh_837
01:30:47 | INFO: Primitives created: 1
01:30:47 | INFO: Extracting primitive: Mesh_838
01:30:47 | INFO: Primitives created: 1
01:30:47 | INFO: Extracting primitive: Mesh_839
01:30:47 | INFO: Primitives created: 1
01:30:47 | INFO: Extracting primitive: Mesh_840
01:30:47 | INFO: Primitives created: 1
01:30:47 | INFO: Extracting primitive: Mesh_841
01:30:47 | INFO: Primitives created: 1
01:30:47 | INFO: Extracting primitive: Mesh_842
01:30:47 | INFO: Primitives created: 1
01:30:47 | INFO: Extracting primitive: Mesh_843
01:30:47 | INFO: Primitives created: 1
01:30:47 | INFO: Extracting primitive: Mesh_844
01:30:47 | INFO: Primitives created: 1
01:30:48 | INFO: Extracting primitive: Mesh_845
01:30:48 | INFO: Primitives created: 1
01:30:48 | INFO: Extracting primitive: Mesh_846
01:30:48 | INFO: Primitives created: 1
01:30:48 | INFO: Extracting primitive: Mesh_847
01:30:48 | INFO: Primitives created: 1
01:30:48 | INFO: Extracting primitive: Mesh_848
01:30:48 | INFO: Primitives created: 1
01:30:48 | INFO: Extracting primitive: Mesh_849
01:30:48 | INFO: Primitives created: 1
01:30:48 | INFO: Extracting primitive: Mesh_850
01:30:48 | INFO: Primitives created: 1
01:30:48 | INFO: Extracting primitive: Mesh_851
01:30:48 | INFO: Primitives created: 1
01:30:48 | INFO: Extracting primitive: Mesh_852
01:30:48 | INFO: Primitives created: 1
01:30:48 | INFO: Extracting primitive: Mesh_853
01:30:48 | INFO: Primitives created: 1
01:30:48 | INFO: Extracting primitive: Mesh_854
01:30:48 | INFO: Primitives created: 1
01:30:48 | INFO: Extracting primitive: Mesh_855
01:30:48 | INFO: Primitives created: 1
01:30:48 | INFO: Extracting primitive: Mesh_856
01:30:48 | INFO: Primitives created: 1
01:30:48 | INFO: Extracting primitive: Mesh_857
01:30:48 | INFO: Primitives created: 1
01:30:48 | INFO: Extracting primitive: Mesh_858
01:30:48 | INFO: Primitives created: 1
01:30:48 | INFO: Extracting primitive: Mesh_859
01:30:48 | INFO: Primitives created: 1
01:30:48 | INFO: Extracting primitive: Mesh_860
01:30:48 | INFO: Primitives created: 1
01:30:48 | INFO: Extracting primitive: Mesh_861
01:30:48 | INFO: Primitives created: 1
01:30:48 | INFO: Extracting primitive: Mesh_862
01:30:48 | INFO: Primitives created: 1
01:30:48 | INFO: Extracting primitive: Mesh_863
01:30:48 | INFO: Primitives created: 1
01:30:48 | INFO: Extracting primitive: Mesh_864
01:30:48 | INFO: Primitives created: 1
01:30:48 | INFO: Extracting primitive: Mesh_865
01:30:48 | INFO: Primitives created: 1
01:30:48 | INFO: Extracting primitive: Mesh_866
01:30:48 | INFO: Primitives created: 1
01:30:48 | INFO: Extracting primitive: Mesh_867
01:30:48 | INFO: Primitives created: 1
01:30:48 | INFO: Extracting primitive: Mesh_868
01:30:48 | INFO: Primitives created: 1
01:30:48 | INFO: Extracting primitive: Mesh_869
01:30:48 | INFO: Primitives created: 1
01:30:48 | INFO: Extracting primitive: Mesh_870
01:30:48 | INFO: Primitives created: 1
01:30:48 | INFO: Extracting primitive: Mesh_871
01:30:48 | INFO: Primitives created: 1
01:30:48 | INFO: Extracting primitive: Mesh_872
01:30:48 | INFO: Primitives created: 1
01:30:48 | INFO: Extracting primitive: Mesh_873
01:30:48 | INFO: Primitives created: 1
01:30:48 | INFO: Extracting primitive: Mesh_874
01:30:48 | INFO: Primitives created: 1
01:30:48 | INFO: Extracting primitive: Mesh_875
01:30:48 | INFO: Primitives created: 1
01:30:48 | INFO: Extracting primitive: Mesh_876
01:30:48 | INFO: Primitives created: 1
01:30:48 | INFO: Extracting primitive: Mesh_877
01:30:48 | INFO: Primitives created: 1
01:30:48 | INFO: Extracting primitive: Mesh_878
01:30:48 | INFO: Primitives created: 1
01:30:48 | INFO: Extracting primitive: Mesh_879
01:30:48 | INFO: Primitives created: 1
01:30:48 | INFO: Extracting primitive: Mesh_880
01:30:48 | INFO: Primitives created: 1
01:30:48 | INFO: Extracting primitive: Mesh_881
01:30:48 | INFO: Primitives created: 1
01:30:48 | INFO: Extracting primitive: Mesh_882
01:30:48 | INFO: Primitives created: 1
01:30:48 | INFO: Extracting primitive: Mesh_883
01:30:48 | INFO: Primitives created: 1
01:30:48 | INFO: Extracting primitive: Mesh_884
01:30:48 | INFO: Primitives created: 1
01:30:48 | INFO: Extracting primitive: Mesh_885
01:30:48 | INFO: Primitives created: 1
01:30:48 | INFO: Extracting primitive: Mesh_886
01:30:48 | INFO: Primitives created: 1
01:30:48 | INFO: Extracting primitive: Mesh_887
01:30:48 | INFO: Primitives created: 1
01:30:48 | INFO: Extracting primitive: Mesh_888
01:30:48 | INFO: Primitives created: 1
01:30:48 | INFO: Extracting primitive: Mesh_889
01:30:48 | INFO: Primitives created: 1
01:30:48 | INFO: Extracting primitive: Mesh_890
01:30:48 | INFO: Primitives created: 1
01:30:48 | INFO: Extracting primitive: Mesh_891
01:30:48 | INFO: Primitives created: 1
01:30:48 | INFO: Extracting primitive: Mesh_892
01:30:48 | INFO: Primitives created: 1
01:30:48 | INFO: Extracting primitive: Mesh_893
01:30:48 | INFO: Primitives created: 1
01:30:48 | INFO: Extracting primitive: Mesh_894
01:30:48 | INFO: Primitives created: 1
01:30:48 | INFO: Extracting primitive: Mesh_895
01:30:48 | INFO: Primitives created: 1
01:30:48 | INFO: Extracting primitive: Mesh_896
01:30:48 | INFO: Primitives created: 1
01:30:48 | INFO: Extracting primitive: Mesh_897
01:30:48 | INFO: Primitives created: 1
01:30:48 | INFO: Extracting primitive: Mesh_898
01:30:48 | INFO: Primitives created: 1
01:30:48 | INFO: Extracting primitive: Mesh_899
01:30:48 | INFO: Primitives created: 1
01:30:48 | INFO: Extracting primitive: Mesh_900
01:30:48 | INFO: Primitives created: 1
01:30:48 | INFO: Extracting primitive: Mesh_901
01:30:48 | INFO: Primitives created: 1
01:30:48 | INFO: Extracting primitive: Mesh_902
01:30:48 | INFO: Primitives created: 1
01:30:48 | INFO: Extracting primitive: Mesh_903
01:30:48 | INFO: Primitives created: 1
01:30:48 | INFO: Extracting primitive: Mesh_904
01:30:48 | INFO: Primitives created: 1
01:30:48 | INFO: Extracting primitive: Mesh_905
01:30:48 | INFO: Primitives created: 1
01:30:48 | INFO: Extracting primitive: Mesh_906
01:30:48 | INFO: Primitives created: 1
01:30:48 | INFO: Extracting primitive: Mesh_907
01:30:48 | INFO: Primitives created: 1
01:30:48 | INFO: Extracting primitive: Mesh_908
01:30:48 | INFO: Primitives created: 1
01:30:48 | INFO: Extracting primitive: Mesh_909
01:30:48 | INFO: Primitives created: 1
01:30:48 | INFO: Extracting primitive: Mesh_910
01:30:48 | INFO: Primitives created: 1
01:30:48 | INFO: Extracting primitive: Mesh_911
01:30:48 | INFO: Primitives created: 1
01:30:48 | INFO: Extracting primitive: Mesh_912
01:30:48 | INFO: Primitives created: 1
01:30:48 | INFO: Extracting primitive: Mesh_913
01:30:48 | INFO: Primitives created: 1
01:30:48 | INFO: Extracting primitive: Mesh_914
01:30:48 | INFO: Primitives created: 1
01:30:48 | INFO: Extracting primitive: Mesh_915
01:30:48 | INFO: Primitives created: 1
01:30:48 | INFO: Extracting primitive: Mesh_916
01:30:48 | INFO: Primitives created: 1
01:30:48 | INFO: Extracting primitive: Mesh_917
01:30:48 | INFO: Primitives created: 1
01:30:48 | INFO: Extracting primitive: Mesh_918
01:30:48 | INFO: Primitives created: 1
01:30:48 | INFO: Extracting primitive: Mesh_919
01:30:48 | INFO: Primitives created: 1
01:30:48 | INFO: Extracting primitive: Mesh_920
01:30:48 | INFO: Primitives created: 1
01:30:48 | INFO: Extracting primitive: Mesh_921
01:30:48 | INFO: Primitives created: 1
01:30:48 | INFO: Extracting primitive: Mesh_922
01:30:48 | INFO: Primitives created: 1
01:30:48 | INFO: Extracting primitive: Mesh_923
01:30:48 | INFO: Primitives created: 1
01:30:48 | INFO: Extracting primitive: Mesh_924
01:30:48 | INFO: Primitives created: 1
01:30:48 | INFO: Extracting primitive: Mesh_925
01:30:48 | INFO: Primitives created: 1
01:30:48 | INFO: Extracting primitive: Mesh_926
01:30:48 | INFO: Primitives created: 1
01:30:48 | INFO: Extracting primitive: Mesh_927
01:30:48 | INFO: Primitives created: 1
01:30:48 | INFO: Extracting primitive: Mesh_928
01:30:48 | INFO: Primitives created: 1
01:30:48 | INFO: Extracting primitive: Mesh_929
01:30:48 | INFO: Primitives created: 1
01:30:48 | INFO: Extracting primitive: Mesh_930
01:30:48 | INFO: Primitives created: 1
01:30:48 | INFO: Extracting primitive: Mesh_931
01:30:48 | INFO: Primitives created: 1
01:30:48 | INFO: Extracting primitive: Mesh_932
01:30:48 | INFO: Primitives created: 1
01:30:48 | INFO: Extracting primitive: Mesh_933
01:30:48 | INFO: Primitives created: 1
01:30:48 | INFO: Extracting primitive: Mesh_934
01:30:48 | INFO: Primitives created: 1
01:30:48 | INFO: Extracting primitive: Mesh_935
01:30:48 | INFO: Primitives created: 1
01:30:48 | INFO: Extracting primitive: Mesh_936
01:30:48 | INFO: Primitives created: 1
01:30:48 | INFO: Extracting primitive: Mesh_937
01:30:48 | INFO: Primitives created: 1
01:30:48 | INFO: Extracting primitive: Mesh_938
01:30:48 | INFO: Primitives created: 1
01:30:48 | INFO: Extracting primitive: Mesh_939
01:30:48 | INFO: Primitives created: 1
01:30:48 | INFO: Extracting primitive: Mesh_940
01:30:48 | INFO: Primitives created: 1
01:30:48 | INFO: Extracting primitive: Mesh_941
01:30:48 | INFO: Primitives created: 1
01:30:48 | INFO: Extracting primitive: Mesh_942
01:30:48 | INFO: Primitives created: 1
01:30:48 | INFO: Extracting primitive: Mesh_943
01:30:48 | INFO: Primitives created: 1
01:30:48 | INFO: Extracting primitive: Mesh_944
01:30:48 | INFO: Primitives created: 1
01:30:48 | INFO: Extracting primitive: Mesh_945
01:30:48 | INFO: Primitives created: 1
01:30:48 | INFO: Extracting primitive: Mesh_946
01:30:48 | INFO: Primitives created: 1
01:30:48 | INFO: Extracting primitive: Mesh_947
01:30:48 | INFO: Primitives created: 1
01:30:48 | INFO: Extracting primitive: Mesh_948
01:30:48 | INFO: Primitives created: 1
01:30:48 | INFO: Extracting primitive: Mesh_949
01:30:48 | INFO: Primitives created: 1
01:30:48 | INFO: Extracting primitive: Mesh_950
01:30:48 | INFO: Primitives created: 1
01:30:48 | INFO: Extracting primitive: Mesh_951
01:30:48 | INFO: Primitives created: 1
01:30:48 | INFO: Extracting primitive: Mesh_952
01:30:48 | INFO: Primitives created: 1
01:30:48 | INFO: Extracting primitive: Mesh_953
01:30:48 | INFO: Primitives created: 1
01:30:48 | INFO: Extracting primitive: Mesh_954
01:30:48 | INFO: Primitives created: 1
01:30:48 | INFO: Extracting primitive: Mesh_955
01:30:48 | INFO: Primitives created: 1
01:30:48 | INFO: Extracting primitive: Mesh_956
01:30:48 | INFO: Primitives created: 1
01:30:48 | INFO: Extracting primitive: Mesh_957
01:30:48 | INFO: Primitives created: 1
01:30:48 | INFO: Extracting primitive: Mesh_958
01:30:48 | INFO: Primitives created: 1
01:30:48 | INFO: Extracting primitive: Mesh_959
01:30:48 | INFO: Primitives created: 1
01:30:48 | INFO: Extracting primitive: Mesh_960
01:30:48 | INFO: Primitives created: 1
01:30:48 | INFO: Extracting primitive: Mesh_961
01:30:48 | INFO: Primitives created: 1
01:30:48 | INFO: Extracting primitive: Mesh_962
01:30:48 | INFO: Primitives created: 1
01:30:48 | INFO: Extracting primitive: Mesh_963
01:30:48 | INFO: Primitives created: 1
01:30:48 | INFO: Extracting primitive: Mesh_964
01:30:48 | INFO: Primitives created: 1
01:30:48 | INFO: Extracting primitive: Mesh_965
01:30:48 | INFO: Primitives created: 1
01:30:48 | INFO: Extracting primitive: Mesh_966
01:30:48 | INFO: Primitives created: 1
01:30:48 | INFO: Extracting primitive: Mesh_967
01:30:48 | INFO: Primitives created: 1
01:30:48 | INFO: Extracting primitive: Mesh_968
01:30:48 | INFO: Primitives created: 1
01:30:48 | INFO: Extracting primitive: Mesh_969
01:30:48 | INFO: Primitives created: 1
01:30:48 | INFO: Extracting primitive: Mesh_970
01:30:48 | INFO: Primitives created: 1
01:30:48 | INFO: Extracting primitive: Mesh_971
01:30:48 | INFO: Primitives created: 1
01:30:48 | INFO: Extracting primitive: Mesh_972
01:30:48 | INFO: Primitives created: 1
01:30:48 | INFO: Extracting primitive: Mesh_973
01:30:48 | INFO: Primitives created: 1
01:30:48 | INFO: Extracting primitive: Mesh_974
01:30:48 | INFO: Primitives created: 1
01:30:48 | INFO: Extracting primitive: Mesh_975
01:30:48 | INFO: Primitives created: 1
01:30:48 | INFO: Extracting primitive: Mesh_976
01:30:48 | INFO: Primitives created: 1
01:30:48 | INFO: Extracting primitive: Mesh_977
01:30:48 | INFO: Primitives created: 1
01:30:48 | INFO: Extracting primitive: Mesh_978
01:30:48 | INFO: Primitives created: 1
01:30:48 | INFO: Extracting primitive: Mesh_979
01:30:48 | INFO: Primitives created: 1
01:30:48 | INFO: Extracting primitive: Mesh_980
01:30:48 | INFO: Primitives created: 1
01:30:48 | INFO: Extracting primitive: Mesh_981
01:30:48 | INFO: Primitives created: 1
01:30:48 | INFO: Extracting primitive: Mesh_982
01:30:48 | INFO: Primitives created: 1
01:30:48 | INFO: Extracting primitive: Mesh_983
01:30:48 | INFO: Primitives created: 1
01:30:48 | INFO: Extracting primitive: Mesh_984
01:30:48 | INFO: Primitives created: 1
01:30:48 | INFO: Extracting primitive: Mesh_985
01:30:48 | INFO: Primitives created: 1
01:30:48 | INFO: Extracting primitive: Mesh_986
01:30:48 | INFO: Primitives created: 1
01:30:48 | INFO: Extracting primitive: Mesh_987
01:30:48 | INFO: Primitives created: 1
01:30:48 | INFO: Extracting primitive: Mesh_988
01:30:48 | INFO: Primitives created: 1
01:30:48 | INFO: Extracting primitive: Mesh_989
01:30:48 | INFO: Primitives created: 1
01:30:48 | INFO: Extracting primitive: Mesh_990
01:30:48 | INFO: Primitives created: 1
01:30:48 | INFO: Extracting primitive: Mesh_991
01:30:48 | INFO: Primitives created: 1
01:30:48 | INFO: Extracting primitive: Mesh_992
01:30:48 | INFO: Primitives created: 1
01:30:48 | INFO: Extracting primitive: Mesh_993
01:30:48 | INFO: Primitives created: 1
01:30:48 | INFO: Extracting primitive: Mesh_994
01:30:48 | INFO: Primitives created: 1
01:30:48 | INFO: Extracting primitive: Mesh_995
01:30:48 | INFO: Primitives created: 1
01:30:48 | INFO: Extracting primitive: Mesh_996
01:30:48 | INFO: Primitives created: 1
01:30:48 | INFO: Extracting primitive: Mesh_997
01:30:48 | INFO: Primitives created: 1
01:30:48 | INFO: Extracting primitive: Mesh_998
01:30:48 | INFO: Primitives created: 1
01:30:48 | INFO: Extracting primitive: Mesh_999
01:30:48 | INFO: Primitives created: 1
01:30:48 | INFO: Extracting primitive: Mesh_1000
01:30:48 | INFO: Primitives created: 1
01:30:48 | INFO: Extracting primitive: Mesh_1001
01:30:48 | INFO: Primitives created: 1
01:30:48 | INFO: Extracting primitive: Mesh_1002
01:30:48 | INFO: Primitives created: 1
01:30:48 | INFO: Extracting primitive: Mesh_1003
01:30:48 | INFO: Primitives created: 1
01:30:48 | INFO: Extracting primitive: Mesh_1004
01:30:48 | INFO: Primitives created: 1
01:30:48 | INFO: Extracting primitive: Mesh_1005
01:30:48 | INFO: Primitives created: 1
01:30:48 | INFO: Extracting primitive: Mesh_1006
01:30:48 | INFO: Primitives created: 1
01:30:48 | INFO: Extracting primitive: Mesh_1007
01:30:48 | INFO: Primitives created: 1
01:30:48 | INFO: Extracting primitive: Mesh_1008
01:30:48 | INFO: Primitives created: 1
01:30:48 | INFO: Extracting primitive: Mesh_1009
01:30:48 | INFO: Primitives created: 1
01:30:48 | INFO: Extracting primitive: Mesh_1010
01:30:48 | INFO: Primitives created: 1
01:30:48 | INFO: Extracting primitive: Mesh_1011
01:30:48 | INFO: Primitives created: 1
01:30:48 | INFO: Extracting primitive: Mesh_1012
01:30:48 | INFO: Primitives created: 1
01:30:48 | INFO: Extracting primitive: Mesh_1013
01:30:48 | INFO: Primitives created: 1
01:30:48 | INFO: Extracting primitive: Mesh_1014
01:30:48 | INFO: Primitives created: 1
01:30:48 | INFO: Extracting primitive: Mesh_1015
01:30:48 | INFO: Primitives created: 1
01:30:48 | INFO: Extracting primitive: Mesh_1016
01:30:48 | INFO: Primitives created: 1
01:30:48 | INFO: Extracting primitive: Mesh_1017
01:30:48 | INFO: Primitives created: 1
01:30:48 | INFO: Extracting primitive: Mesh_1018
01:30:48 | INFO: Primitives created: 1
01:30:48 | INFO: Extracting primitive: Mesh_1019
01:30:48 | INFO: Primitives created: 1
01:30:48 | INFO: Extracting primitive: Mesh_1020
01:30:48 | INFO: Primitives created: 1
01:30:48 | INFO: Extracting primitive: Mesh_1021
01:30:48 | INFO: Primitives created: 1
01:30:48 | INFO: Extracting primitive: Mesh_1022
01:30:48 | INFO: Primitives created: 1
01:30:48 | INFO: Extracting primitive: Mesh_1023
01:30:48 | INFO: Primitives created: 1
01:30:48 | INFO: Extracting primitive: Mesh_1024
01:30:48 | INFO: Primitives created: 1
01:30:48 | INFO: Extracting primitive: Mesh_1025
01:30:48 | INFO: Primitives created: 1
01:30:48 | INFO: Extracting primitive: Mesh_1026
01:30:48 | INFO: Primitives created: 1
01:30:48 | INFO: Extracting primitive: Mesh_1027
01:30:48 | INFO: Primitives created: 1
01:30:48 | INFO: Extracting primitive: Mesh_1028
01:30:48 | INFO: Primitives created: 1
01:30:48 | INFO: Extracting primitive: Mesh_1029
01:30:48 | INFO: Primitives created: 1
01:30:48 | INFO: Extracting primitive: Mesh_1030
01:30:48 | INFO: Primitives created: 1
01:30:48 | INFO: Extracting primitive: Mesh_1031
01:30:48 | INFO: Primitives created: 1
01:30:48 | INFO: Extracting primitive: Mesh_1032
01:30:48 | INFO: Primitives created: 1
01:30:48 | INFO: Extracting primitive: Mesh_1033
01:30:48 | INFO: Primitives created: 1
01:30:48 | INFO: Extracting primitive: Mesh_1034
01:30:48 | INFO: Primitives created: 1
01:30:48 | INFO: Extracting primitive: Mesh_1035
01:30:48 | INFO: Primitives created: 1
01:30:48 | INFO: Extracting primitive: Mesh_1036
01:30:48 | INFO: Primitives created: 1
01:30:48 | INFO: Extracting primitive: Mesh_1037
01:30:48 | INFO: Primitives created: 1
01:30:48 | INFO: Extracting primitive: Mesh_1038
01:30:48 | INFO: Primitives created: 1
01:30:48 | INFO: Extracting primitive: Mesh_1039
01:30:48 | INFO: Primitives created: 1
01:30:48 | INFO: Extracting primitive: Mesh_1040
01:30:48 | INFO: Primitives created: 1
01:30:48 | INFO: Extracting primitive: Mesh_1041
01:30:48 | INFO: Primitives created: 1
01:30:48 | INFO: Extracting primitive: Mesh_1042
01:30:48 | INFO: Primitives created: 1
01:30:48 | INFO: Extracting primitive: Mesh_1043
01:30:48 | INFO: Primitives created: 1
01:30:48 | INFO: Extracting primitive: Mesh_1044
01:30:48 | INFO: Primitives created: 1
01:30:48 | INFO: Extracting primitive: Mesh_1045
01:30:48 | INFO: Primitives created: 1
01:30:48 | INFO: Extracting primitive: Mesh_1046
01:30:48 | INFO: Primitives created: 1
01:30:48 | INFO: Extracting primitive: Mesh_1047
01:30:48 | INFO: Primitives created: 1
01:30:48 | INFO: Extracting primitive: Mesh_1048
01:30:48 | INFO: Primitives created: 1
01:30:48 | INFO: Extracting primitive: Mesh_1049
01:30:48 | INFO: Primitives created: 1
01:30:48 | INFO: Extracting primitive: Mesh_1050
01:30:48 | INFO: Primitives created: 1
01:30:48 | INFO: Extracting primitive: Mesh_1051
01:30:48 | INFO: Primitives created: 1
01:30:48 | INFO: Extracting primitive: Mesh_1052
01:30:48 | INFO: Primitives created: 1
01:30:48 | INFO: Extracting primitive: Mesh_1053
01:30:48 | INFO: Primitives created: 1
01:30:48 | INFO: Extracting primitive: Mesh_1054
01:30:48 | INFO: Primitives created: 1
01:30:48 | INFO: Extracting primitive: Mesh_1055
01:30:48 | INFO: Primitives created: 1
01:30:48 | INFO: Extracting primitive: Mesh_1056
01:30:48 | INFO: Primitives created: 1
01:30:48 | INFO: Extracting primitive: Mesh_1057
01:30:48 | INFO: Primitives created: 1
01:30:48 | INFO: Extracting primitive: Mesh_1058
01:30:48 | INFO: Primitives created: 1
01:30:48 | INFO: Extracting primitive: Mesh_1059
01:30:48 | INFO: Primitives created: 1
01:30:48 | INFO: Extracting primitive: Mesh_1060
01:30:48 | INFO: Primitives created: 1
01:30:48 | INFO: Extracting primitive: Mesh_1061
01:30:48 | INFO: Primitives created: 1
01:30:48 | INFO: Extracting primitive: Mesh_1062
01:30:48 | INFO: Primitives created: 1
01:30:48 | INFO: Extracting primitive: Mesh_1063
01:30:48 | INFO: Primitives created: 1
01:30:48 | INFO: Extracting primitive: Mesh_1064
01:30:48 | INFO: Primitives created: 1
01:30:48 | INFO: Extracting primitive: Mesh_1065
01:30:48 | INFO: Primitives created: 1
01:30:48 | INFO: Extracting primitive: Mesh_1066
01:30:48 | INFO: Primitives created: 1
01:30:48 | INFO: Extracting primitive: Mesh_1067
01:30:48 | INFO: Primitives created: 1
01:30:48 | INFO: Extracting primitive: Mesh_1068
01:30:48 | INFO: Primitives created: 1
01:30:48 | INFO: Extracting primitive: Mesh_1069
01:30:48 | INFO: Primitives created: 1
01:30:48 | INFO: Extracting primitive: Mesh_1070
01:30:48 | INFO: Primitives created: 1
01:30:48 | INFO: Extracting primitive: Mesh_1071
01:30:48 | INFO: Primitives created: 1
01:30:48 | INFO: Extracting primitive: Mesh_1072
01:30:48 | INFO: Primitives created: 1
01:30:48 | INFO: Extracting primitive: Mesh_1073
01:30:48 | INFO: Primitives created: 1
01:30:48 | INFO: Extracting primitive: Mesh_1074
01:30:48 | INFO: Primitives created: 1
01:30:48 | INFO: Extracting primitive: Mesh_1075
01:30:48 | INFO: Primitives created: 1
01:30:48 | INFO: Extracting primitive: Mesh_1076
01:30:48 | INFO: Primitives created: 1
01:30:48 | INFO: Extracting primitive: Mesh_1077
01:30:48 | INFO: Primitives created: 1
01:30:48 | INFO: Extracting primitive: Mesh_1078
01:30:48 | INFO: Primitives created: 1
01:30:48 | INFO: Extracting primitive: Mesh_1079
01:30:48 | INFO: Primitives created: 1
01:30:48 | INFO: Extracting primitive: Mesh_1080
01:30:48 | INFO: Primitives created: 1
01:30:48 | INFO: Extracting primitive: Mesh_1081
01:30:48 | INFO: Primitives created: 1
01:30:48 | INFO: Extracting primitive: Mesh_1082
01:30:48 | INFO: Primitives created: 1
01:30:48 | INFO: Extracting primitive: Mesh_1083
01:30:48 | INFO: Primitives created: 1
01:30:48 | INFO: Extracting primitive: Mesh_1084
01:30:48 | INFO: Primitives created: 1
01:30:48 | INFO: Extracting primitive: Mesh_1085
01:30:48 | INFO: Primitives created: 1
01:30:48 | INFO: Extracting primitive: Mesh_1086
01:30:48 | INFO: Primitives created: 1
01:30:48 | INFO: Extracting primitive: Mesh_1087
01:30:48 | INFO: Primitives created: 1
01:30:48 | INFO: Extracting primitive: Mesh_1088
01:30:48 | INFO: Primitives created: 1
01:30:48 | INFO: Extracting primitive: Mesh_1089
01:30:48 | INFO: Primitives created: 1
01:30:48 | INFO: Extracting primitive: Mesh_1090
01:30:48 | INFO: Primitives created: 1
01:30:48 | INFO: Extracting primitive: Mesh_1091
01:30:48 | INFO: Primitives created: 1
01:30:48 | INFO: Extracting primitive: Mesh_1092
01:30:48 | INFO: Primitives created: 1
01:30:48 | INFO: Extracting primitive: Mesh_1093
01:30:48 | INFO: Primitives created: 1
01:30:48 | INFO: Extracting primitive: Mesh_1094
01:30:48 | INFO: Primitives created: 1
01:30:48 | INFO: Extracting primitive: Mesh_1095
01:30:48 | INFO: Primitives created: 1
01:30:48 | INFO: Extracting primitive: Mesh_1096
01:30:48 | INFO: Primitives created: 1
01:30:48 | INFO: Extracting primitive: Mesh_1097
01:30:48 | INFO: Primitives created: 1
01:30:48 | INFO: Extracting primitive: Mesh_1098
01:30:48 | INFO: Primitives created: 1
01:30:48 | INFO: Extracting primitive: Mesh_1099
01:30:48 | INFO: Primitives created: 1
01:30:48 | INFO: Extracting primitive: Mesh_1100
01:30:48 | INFO: Primitives created: 1
01:30:48 | INFO: Extracting primitive: Mesh_1101
01:30:48 | INFO: Primitives created: 1
01:30:48 | INFO: Extracting primitive: Mesh_1102
01:30:48 | INFO: Primitives created: 1
01:30:48 | INFO: Extracting primitive: Mesh_1103
01:30:48 | INFO: Primitives created: 1
01:30:48 | INFO: Extracting primitive: Mesh_1104
01:30:48 | INFO: Primitives created: 1
01:30:48 | INFO: Extracting primitive: Mesh_1105
01:30:48 | INFO: Primitives created: 1
01:30:48 | INFO: Extracting primitive: Mesh_1106
01:30:48 | INFO: Primitives created: 1
01:30:48 | INFO: Extracting primitive: Mesh_1107
01:30:48 | INFO: Primitives created: 1
01:30:48 | INFO: Extracting primitive: Mesh_1108
01:30:48 | INFO: Primitives created: 1
01:30:48 | INFO: Extracting primitive: Mesh_1109
01:30:48 | INFO: Primitives created: 1
01:30:48 | INFO: Extracting primitive: Mesh_1110
01:30:48 | INFO: Primitives created: 1
01:30:48 | INFO: Extracting primitive: Mesh_1111
01:30:48 | INFO: Primitives created: 1
01:30:48 | INFO: Extracting primitive: Mesh_1112
01:30:48 | INFO: Primitives created: 1
01:30:48 | INFO: Extracting primitive: Mesh_1113
01:30:48 | INFO: Primitives created: 1
01:30:48 | INFO: Extracting primitive: Mesh_1114
01:30:48 | INFO: Primitives created: 1
01:30:48 | INFO: Extracting primitive: Mesh_1115
01:30:48 | INFO: Primitives created: 1
01:30:48 | INFO: Extracting primitive: Mesh_1116
01:30:48 | INFO: Primitives created: 1
01:30:48 | INFO: Extracting primitive: Mesh_1117
01:30:48 | INFO: Primitives created: 1
01:30:48 | INFO: Extracting primitive: Mesh_1118
01:30:48 | INFO: Primitives created: 1
01:30:48 | INFO: Extracting primitive: Mesh_1119
01:30:48 | INFO: Primitives created: 1
01:30:48 | INFO: Extracting primitive: Mesh_1120
01:30:48 | INFO: Primitives created: 1
01:30:48 | INFO: Extracting primitive: Mesh_1121
01:30:48 | INFO: Primitives created: 1
01:30:48 | INFO: Extracting primitive: Mesh_1122
01:30:48 | INFO: Primitives created: 1
01:30:48 | INFO: Extracting primitive: Mesh_1123
01:30:48 | INFO: Primitives created: 1
01:30:48 | INFO: Extracting primitive: Mesh_1124
01:30:48 | INFO: Primitives created: 1
01:30:48 | INFO: Extracting primitive: Mesh_1125
01:30:48 | INFO: Primitives created: 1
01:30:48 | INFO: Extracting primitive: Mesh_1126
01:30:48 | INFO: Primitives created: 1
01:30:48 | INFO: Extracting primitive: Mesh_1127
01:30:48 | INFO: Primitives created: 1
01:30:48 | INFO: Extracting primitive: Mesh_1128
01:30:48 | INFO: Primitives created: 1
01:30:48 | INFO: Extracting primitive: Mesh_1129
01:30:48 | INFO: Primitives created: 1
01:30:48 | INFO: Extracting primitive: Mesh_1130
01:30:48 | INFO: Primitives created: 1
01:30:48 | INFO: Extracting primitive: Mesh_1131
01:30:48 | INFO: Primitives created: 1
01:30:48 | INFO: Extracting primitive: Mesh_1132
01:30:48 | INFO: Primitives created: 1
01:30:48 | INFO: Extracting primitive: Mesh_1133
01:30:48 | INFO: Primitives created: 1
01:30:48 | INFO: Extracting primitive: Mesh_1134
01:30:48 | INFO: Primitives created: 1
01:30:48 | INFO: Extracting primitive: Mesh_1135
01:30:48 | INFO: Primitives created: 1
01:30:48 | INFO: Extracting primitive: Mesh_1136
01:30:48 | INFO: Primitives created: 1
01:30:48 | INFO: Extracting primitive: Mesh_1137
01:30:48 | INFO: Primitives created: 1
01:30:48 | INFO: Extracting primitive: Mesh_1138
01:30:48 | INFO: Primitives created: 1
01:30:48 | INFO: Extracting primitive: Mesh_1139
01:30:48 | INFO: Primitives created: 1
01:30:48 | INFO: Extracting primitive: Mesh_1140
01:30:48 | INFO: Primitives created: 1
01:30:48 | INFO: Extracting primitive: Mesh_1141
01:30:48 | INFO: Primitives created: 1
01:30:48 | INFO: Extracting primitive: Mesh_1142
01:30:48 | INFO: Primitives created: 1
01:30:48 | INFO: Extracting primitive: Mesh_1143
01:30:48 | INFO: Primitives created: 1
01:30:48 | INFO: Extracting primitive: Mesh_1144
01:30:48 | INFO: Primitives created: 1
01:30:48 | INFO: Extracting primitive: Mesh_1145
01:30:48 | INFO: Primitives created: 1
01:30:48 | INFO: Extracting primitive: Mesh_1146
01:30:48 | INFO: Primitives created: 1
01:30:48 | INFO: Extracting primitive: Mesh_1147
01:30:48 | INFO: Primitives created: 1
01:30:48 | INFO: Extracting primitive: Mesh_1148
01:30:48 | INFO: Primitives created: 1
01:30:48 | INFO: Extracting primitive: Mesh_1149
01:30:48 | INFO: Primitives created: 1
01:30:48 | INFO: Extracting primitive: Mesh_1150
01:30:48 | INFO: Primitives created: 1
01:30:48 | INFO: Extracting primitive: Mesh_1151
01:30:48 | INFO: Primitives created: 1
01:30:48 | INFO: Extracting primitive: Mesh_1152
01:30:48 | INFO: Primitives created: 1
01:30:48 | INFO: Extracting primitive: Mesh_1153
01:30:48 | INFO: Primitives created: 1
01:30:48 | INFO: Extracting primitive: Mesh_1154
01:30:48 | INFO: Primitives created: 1
01:30:48 | INFO: Extracting primitive: Mesh_1155
01:30:48 | INFO: Primitives created: 1
01:30:48 | INFO: Extracting primitive: Mesh_1156
01:30:48 | INFO: Primitives created: 1
01:30:48 | INFO: Extracting primitive: Mesh_1157
01:30:48 | INFO: Primitives created: 1
01:30:48 | INFO: Extracting primitive: Mesh_1158
01:30:48 | INFO: Primitives created: 1
01:30:48 | INFO: Extracting primitive: Mesh_1159
01:30:48 | INFO: Primitives created: 1
01:30:48 | INFO: Extracting primitive: Mesh_1160
01:30:48 | INFO: Primitives created: 1
01:30:48 | INFO: Extracting primitive: Mesh_1161
01:30:48 | INFO: Primitives created: 1
01:30:48 | INFO: Extracting primitive: Mesh_1162
01:30:48 | INFO: Primitives created: 1
01:30:48 | INFO: Extracting primitive: Mesh_1163
01:30:48 | INFO: Primitives created: 1
01:30:48 | INFO: Extracting primitive: Mesh_1164
01:30:48 | INFO: Primitives created: 1
01:30:48 | INFO: Extracting primitive: Mesh_1165
01:30:48 | INFO: Primitives created: 1
01:30:48 | INFO: Extracting primitive: Mesh_1166
01:30:48 | INFO: Primitives created: 1
01:30:48 | INFO: Extracting primitive: Mesh_1167
01:30:48 | INFO: Primitives created: 1
01:30:48 | INFO: Extracting primitive: Mesh_1168
01:30:48 | INFO: Primitives created: 1
01:30:48 | INFO: Extracting primitive: Mesh_1169
01:30:48 | INFO: Primitives created: 1
01:30:48 | INFO: Extracting primitive: Mesh_1170
01:30:48 | INFO: Primitives created: 1
01:30:48 | INFO: Extracting primitive: Mesh_1171
01:30:48 | INFO: Primitives created: 1
01:30:48 | INFO: Extracting primitive: Mesh_1172
01:30:48 | INFO: Primitives created: 1
01:30:48 | INFO: Extracting primitive: Mesh_1173
01:30:48 | INFO: Primitives created: 1
01:30:48 | INFO: Extracting primitive: Mesh_1174
01:30:48 | INFO: Primitives created: 1
01:30:48 | INFO: Extracting primitive: Mesh_1175
01:30:48 | INFO: Primitives created: 1
01:30:48 | INFO: Extracting primitive: Mesh_1176
01:30:48 | INFO: Primitives created: 1
01:30:48 | INFO: Extracting primitive: Mesh_1177
01:30:48 | INFO: Primitives created: 1
01:30:48 | INFO: Extracting primitive: Mesh_1178
01:30:48 | INFO: Primitives created: 1
01:30:48 | INFO: Extracting primitive: Mesh_1179
01:30:48 | INFO: Primitives created: 1
01:30:48 | INFO: Extracting primitive: Mesh_1180
01:30:48 | INFO: Primitives created: 1
01:30:48 | INFO: Extracting primitive: Mesh_1181
01:30:48 | INFO: Primitives created: 1
01:30:48 | INFO: Extracting primitive: Mesh_1182
01:30:48 | INFO: Primitives created: 1
01:30:48 | INFO: Extracting primitive: Mesh_1183
01:30:48 | INFO: Primitives created: 1
01:30:48 | INFO: Extracting primitive: Mesh_1184
01:30:48 | INFO: Primitives created: 1
01:30:48 | INFO: Extracting primitive: Mesh_1185
01:30:48 | INFO: Primitives created: 1
01:30:48 | INFO: Extracting primitive: Mesh_1186
01:30:48 | INFO: Primitives created: 1
01:30:48 | INFO: Extracting primitive: Mesh_1187
01:30:48 | INFO: Primitives created: 1
01:30:48 | INFO: Extracting primitive: Mesh_1188
01:30:48 | INFO: Primitives created: 1
01:30:48 | INFO: Extracting primitive: Mesh_1189
01:30:48 | INFO: Primitives created: 1
01:30:48 | INFO: Extracting primitive: Mesh_1190
01:30:48 | INFO: Primitives created: 1
01:30:48 | INFO: Extracting primitive: Mesh_1191
01:30:48 | INFO: Primitives created: 1
01:30:48 | INFO: Extracting primitive: Mesh_1192
01:30:48 | INFO: Primitives created: 1
01:30:48 | INFO: Extracting primitive: Mesh_1193
01:30:48 | INFO: Primitives created: 1
01:30:48 | INFO: Extracting primitive: Mesh_1194
01:30:48 | INFO: Primitives created: 1
01:30:48 | INFO: Extracting primitive: Mesh_1195
01:30:48 | INFO: Primitives created: 1
01:30:48 | INFO: Extracting primitive: Mesh_1196
01:30:48 | INFO: Primitives created: 1
01:30:48 | INFO: Extracting primitive: Mesh_1197
01:30:48 | INFO: Primitives created: 1
01:30:48 | INFO: Extracting primitive: Mesh_1198
01:30:48 | INFO: Primitives created: 1
01:30:48 | INFO: Extracting primitive: Mesh_1199
01:30:48 | INFO: Primitives created: 1
01:30:48 | INFO: Extracting primitive: Mesh_1200
01:30:48 | INFO: Primitives created: 1
01:30:48 | INFO: Extracting primitive: Mesh_1201
01:30:48 | INFO: Primitives created: 1
01:30:48 | INFO: Extracting primitive: Mesh_1202
01:30:48 | INFO: Primitives created: 1
01:30:48 | INFO: Extracting primitive: Mesh_1203
01:30:48 | INFO: Primitives created: 1
01:30:48 | INFO: Extracting primitive: Mesh_1204
01:30:48 | INFO: Primitives created: 1
01:30:48 | INFO: Extracting primitive: Mesh_1205
01:30:48 | INFO: Primitives created: 1
01:30:48 | INFO: Extracting primitive: Mesh_1206
01:30:48 | INFO: Primitives created: 1
01:30:48 | INFO: Extracting primitive: Mesh_1207
01:30:48 | INFO: Primitives created: 1
01:30:48 | INFO: Extracting primitive: Mesh_1208
01:30:48 | INFO: Primitives created: 1
01:30:48 | INFO: Extracting primitive: Mesh_1209
01:30:48 | INFO: Primitives created: 1
01:30:48 | INFO: Extracting primitive: Mesh_1210
01:30:48 | INFO: Primitives created: 1
01:30:48 | INFO: Extracting primitive: Mesh_1211
01:30:48 | INFO: Primitives created: 1
01:30:48 | INFO: Extracting primitive: Mesh_1212
01:30:48 | INFO: Primitives created: 1
01:30:48 | INFO: Extracting primitive: Mesh_1213
01:30:48 | INFO: Primitives created: 1
01:30:48 | INFO: Extracting primitive: Mesh_1214
01:30:48 | INFO: Primitives created: 1
01:30:48 | INFO: Extracting primitive: Mesh_1215
01:30:48 | INFO: Primitives created: 1
01:30:48 | INFO: Extracting primitive: Mesh_1216
01:30:48 | INFO: Primitives created: 1
01:30:48 | INFO: Extracting primitive: Mesh_1217
01:30:48 | INFO: Primitives created: 1
01:30:48 | INFO: Extracting primitive: Mesh_1218
01:30:48 | INFO: Primitives created: 1
01:30:48 | INFO: Extracting primitive: Mesh_1219
01:30:48 | INFO: Primitives created: 1
01:30:48 | INFO: Extracting primitive: Mesh_1220
01:30:48 | INFO: Primitives created: 1
01:30:48 | INFO: Extracting primitive: Mesh_1221
01:30:48 | INFO: Primitives created: 1
01:30:48 | INFO: Extracting primitive: Mesh_1222
01:30:48 | INFO: Primitives created: 1
01:30:48 | INFO: Extracting primitive: Mesh_1223
01:30:48 | INFO: Primitives created: 1
01:30:48 | INFO: Extracting primitive: Mesh_1224
01:30:48 | INFO: Primitives created: 1
01:30:48 | INFO: Extracting primitive: Mesh_1225
01:30:48 | INFO: Primitives created: 1
01:30:48 | INFO: Extracting primitive: Mesh_1226
01:30:48 | INFO: Primitives created: 1
01:30:48 | INFO: Extracting primitive: Mesh_1227
01:30:48 | INFO: Primitives created: 1
01:30:48 | INFO: Extracting primitive: Mesh_1228
01:30:48 | INFO: Primitives created: 1
01:30:48 | INFO: Extracting primitive: Mesh_1229
01:30:48 | INFO: Primitives created: 1
01:30:48 | INFO: Extracting primitive: Mesh_1230
01:30:48 | INFO: Primitives created: 1
01:30:48 | INFO: Extracting primitive: Mesh_1231
01:30:48 | INFO: Primitives created: 1
01:30:48 | INFO: Extracting primitive: Mesh_1232
01:30:48 | INFO: Primitives created: 1
01:30:48 | INFO: Extracting primitive: Mesh_1233
01:30:48 | INFO: Primitives created: 1
01:30:48 | INFO: Extracting primitive: Mesh_1234
01:30:48 | INFO: Primitives created: 1
01:30:48 | INFO: Extracting primitive: Mesh_1235
01:30:48 | INFO: Primitives created: 1
01:30:48 | INFO: Extracting primitive: Mesh_1236
01:30:48 | INFO: Primitives created: 1
01:30:48 | INFO: Extracting primitive: Mesh_1237
01:30:48 | INFO: Primitives created: 1
01:30:48 | INFO: Extracting primitive: Mesh_1238
01:30:48 | INFO: Primitives created: 1
01:30:48 | INFO: Extracting primitive: Mesh_1239
01:30:48 | INFO: Primitives created: 1
01:30:48 | INFO: Extracting primitive: Mesh_1240
01:30:48 | INFO: Primitives created: 1
01:30:48 | INFO: Extracting primitive: Mesh_1241
01:30:48 | INFO: Primitives created: 1
01:30:48 | INFO: Extracting primitive: Mesh_1242
01:30:48 | INFO: Primitives created: 1
01:30:48 | INFO: Extracting primitive: Mesh_1243
01:30:48 | INFO: Primitives created: 1
01:30:48 | INFO: Extracting primitive: Mesh_1244
01:30:48 | INFO: Primitives created: 1
01:30:48 | INFO: Extracting primitive: Mesh_1245
01:30:48 | INFO: Primitives created: 1
01:30:48 | INFO: Extracting primitive: Mesh_1246
01:30:48 | INFO: Primitives created: 1
01:30:48 | INFO: Extracting primitive: Mesh_1247
01:30:48 | INFO: Primitives created: 1
01:30:48 | INFO: Extracting primitive: Mesh_1248
01:30:48 | INFO: Primitives created: 1
01:30:48 | INFO: Extracting primitive: Mesh_1249
01:30:48 | INFO: Primitives created: 1
01:30:48 | INFO: Extracting primitive: Mesh_1250
01:30:48 | INFO: Primitives created: 1
01:30:48 | INFO: Extracting primitive: Mesh_1251
01:30:48 | INFO: Primitives created: 1
01:30:48 | INFO: Extracting primitive: Mesh_1252
01:30:48 | INFO: Primitives created: 1
01:30:48 | INFO: Extracting primitive: Mesh_1253
01:30:48 | INFO: Primitives created: 1
01:30:48 | INFO: Extracting primitive: Mesh_1254
01:30:48 | INFO: Primitives created: 1
01:30:48 | INFO: Extracting primitive: Mesh_1255
01:30:48 | INFO: Primitives created: 1
01:30:48 | INFO: Extracting primitive: Mesh_1256
01:30:48 | INFO: Primitives created: 1
01:30:48 | INFO: Extracting primitive: Mesh_1257
01:30:48 | INFO: Primitives created: 1
01:30:48 | INFO: Extracting primitive: Mesh_1258
01:30:48 | INFO: Primitives created: 1
01:30:48 | INFO: Extracting primitive: Mesh_1259
01:30:48 | INFO: Primitives created: 1
01:30:48 | INFO: Extracting primitive: Mesh_1260
01:30:48 | INFO: Primitives created: 1
01:30:48 | INFO: Extracting primitive: Mesh_1261
01:30:48 | INFO: Primitives created: 1
01:30:48 | INFO: Extracting primitive: Mesh_1262
01:30:48 | INFO: Primitives created: 1
01:30:48 | INFO: Extracting primitive: Mesh_1263
01:30:48 | INFO: Primitives created: 1
01:30:48 | INFO: Extracting primitive: Mesh_1264
01:30:48 | INFO: Primitives created: 1
01:30:48 | INFO: Extracting primitive: Mesh_1265
01:30:48 | INFO: Primitives created: 1
01:30:48 | INFO: Extracting primitive: Mesh_1266
01:30:48 | INFO: Primitives created: 1
01:30:48 | INFO: Extracting primitive: Mesh_1267
01:30:48 | INFO: Primitives created: 1
01:30:48 | INFO: Extracting primitive: Mesh_1268
01:30:48 | INFO: Primitives created: 1
01:30:48 | INFO: Extracting primitive: Mesh_1269
01:30:48 | INFO: Primitives created: 1
01:30:48 | INFO: Extracting primitive: Mesh_1270
01:30:48 | INFO: Primitives created: 1
01:30:48 | INFO: Extracting primitive: Mesh_1271
01:30:48 | INFO: Primitives created: 1
01:30:48 | INFO: Extracting primitive: Mesh_1272
01:30:48 | INFO: Primitives created: 1
01:30:48 | INFO: Extracting primitive: Mesh_1273
01:30:48 | INFO: Primitives created: 1
01:30:48 | INFO: Extracting primitive: Mesh_1274
01:30:48 | INFO: Primitives created: 1
01:30:48 | INFO: Extracting primitive: Mesh_1275
01:30:48 | INFO: Primitives created: 1
01:30:48 | INFO: Extracting primitive: Mesh_1276
01:30:48 | INFO: Primitives created: 1
01:30:48 | INFO: Extracting primitive: Mesh_1277
01:30:48 | INFO: Primitives created: 1
01:30:48 | INFO: Extracting primitive: Mesh_1278
01:30:48 | INFO: Primitives created: 1
01:30:48 | INFO: Extracting primitive: Mesh_1279
01:30:48 | INFO: Primitives created: 1
01:30:48 | INFO: Extracting primitive: Mesh_1280
01:30:48 | INFO: Primitives created: 1
01:30:48 | INFO: Extracting primitive: Mesh_1281
01:30:48 | INFO: Primitives created: 1
01:30:48 | INFO: Extracting primitive: Mesh_1282
01:30:48 | INFO: Primitives created: 1
01:30:48 | INFO: Extracting primitive: Mesh_1283
01:30:48 | INFO: Primitives created: 1
01:30:48 | INFO: Extracting primitive: Mesh_1284
01:30:48 | INFO: Primitives created: 1
01:30:48 | INFO: Extracting primitive: Mesh_1285
01:30:48 | INFO: Primitives created: 1
01:30:48 | INFO: Extracting primitive: Mesh_1286
01:30:48 | INFO: Primitives created: 1
01:30:48 | INFO: Extracting primitive: Mesh_1287
01:30:48 | INFO: Primitives created: 1
01:30:48 | INFO: Extracting primitive: Mesh_1288
01:30:48 | INFO: Primitives created: 1
01:30:48 | INFO: Extracting primitive: Mesh_1289
01:30:48 | INFO: Primitives created: 1
01:30:48 | INFO: Extracting primitive: Mesh_1290
01:30:48 | INFO: Primitives created: 1
01:30:48 | INFO: Extracting primitive: Mesh_1291
01:30:48 | INFO: Primitives created: 1
01:30:48 | INFO: Extracting primitive: Mesh_1292
01:30:48 | INFO: Primitives created: 1
01:30:48 | INFO: Extracting primitive: Mesh_1293
01:30:48 | INFO: Primitives created: 1
01:30:48 | INFO: Extracting primitive: Mesh_1294
01:30:48 | INFO: Primitives created: 1
01:30:48 | INFO: Extracting primitive: Mesh_1295
01:30:48 | INFO: Primitives created: 1
01:30:48 | INFO: Extracting primitive: Mesh_1296
01:30:48 | INFO: Primitives created: 1
01:30:48 | INFO: Extracting primitive: Mesh_1297
01:30:48 | INFO: Primitives created: 1
01:30:48 | INFO: Extracting primitive: Mesh_1298
01:30:48 | INFO: Primitives created: 1
01:30:48 | INFO: Extracting primitive: Mesh_1299
01:30:48 | INFO: Primitives created: 1
01:30:48 | INFO: Extracting primitive: Mesh_1300
01:30:48 | INFO: Primitives created: 1
01:30:48 | INFO: Extracting primitive: Mesh_1301
01:30:48 | INFO: Primitives created: 1
01:30:48 | INFO: Extracting primitive: Mesh_1302
01:30:48 | INFO: Primitives created: 1
01:30:48 | INFO: Extracting primitive: Mesh_1303
01:30:48 | INFO: Primitives created: 1
01:30:48 | INFO: Extracting primitive: Mesh_1304
01:30:48 | INFO: Primitives created: 1
01:30:48 | INFO: Extracting primitive: Mesh_1305
01:30:48 | INFO: Primitives created: 1
01:30:48 | INFO: Extracting primitive: Mesh_1306
01:30:48 | INFO: Primitives created: 1
01:30:48 | INFO: Extracting primitive: Mesh_1307
01:30:48 | INFO: Primitives created: 1
01:30:48 | INFO: Extracting primitive: Mesh_1308
01:30:48 | INFO: Primitives created: 1
01:30:48 | INFO: Extracting primitive: Mesh_1309
01:30:48 | INFO: Primitives created: 1
01:30:48 | INFO: Extracting primitive: Mesh_1310
01:30:48 | INFO: Primitives created: 1
01:30:48 | INFO: Extracting primitive: Mesh_1311
01:30:48 | INFO: Primitives created: 1
01:30:48 | INFO: Extracting primitive: Mesh_1312
01:30:48 | INFO: Primitives created: 1
01:30:48 | INFO: Extracting primitive: Mesh_1313
01:30:48 | INFO: Primitives created: 1
01:30:48 | INFO: Extracting primitive: Mesh_1314
01:30:48 | INFO: Primitives created: 1
01:30:48 | INFO: Extracting primitive: Mesh_1315
01:30:48 | INFO: Primitives created: 1
01:30:48 | INFO: Extracting primitive: Mesh_1316
01:30:48 | INFO: Primitives created: 1
01:30:48 | INFO: Extracting primitive: Mesh_1317
01:30:48 | INFO: Primitives created: 1
01:30:48 | INFO: Extracting primitive: Mesh_1318
01:30:48 | INFO: Primitives created: 1
01:30:48 | INFO: Extracting primitive: Mesh_1319
01:30:48 | INFO: Primitives created: 1
01:30:48 | INFO: Extracting primitive: Mesh_1320
01:30:48 | INFO: Primitives created: 1
01:30:48 | INFO: Extracting primitive: Mesh_1321
01:30:48 | INFO: Primitives created: 1
01:30:48 | INFO: Extracting primitive: Mesh_1322
01:30:48 | INFO: Primitives created: 1
01:30:48 | INFO: Extracting primitive: Mesh_1323
01:30:48 | INFO: Primitives created: 1
01:30:48 | INFO: Extracting primitive: Mesh_1324
01:30:48 | INFO: Primitives created: 1
01:30:48 | INFO: Extracting primitive: Mesh_1325
01:30:48 | INFO: Primitives created: 1
01:30:48 | INFO: Extracting primitive: Mesh_1326
01:30:48 | INFO: Primitives created: 1
01:30:48 | INFO: Extracting primitive: Mesh_1327
01:30:48 | INFO: Primitives created: 1
01:30:48 | INFO: Extracting primitive: Mesh_1328
01:30:48 | INFO: Primitives created: 1
01:30:48 | INFO: Extracting primitive: Mesh_1329
01:30:48 | INFO: Primitives created: 1
01:30:48 | INFO: Extracting primitive: Mesh_1330
01:30:48 | INFO: Primitives created: 1
01:30:48 | INFO: Extracting primitive: Mesh_1331
01:30:48 | INFO: Primitives created: 1
01:30:48 | INFO: Extracting primitive: Mesh_1332
01:30:48 | INFO: Primitives created: 1
01:30:48 | INFO: Extracting primitive: Mesh_1333
01:30:48 | INFO: Primitives created: 1
01:30:48 | INFO: Extracting primitive: Mesh_1334
01:30:48 | INFO: Primitives created: 1
01:30:48 | INFO: Extracting primitive: Mesh_1335
01:30:48 | INFO: Primitives created: 1
01:30:48 | INFO: Extracting primitive: Mesh_1336
01:30:48 | INFO: Primitives created: 1
01:30:48 | INFO: Extracting primitive: Mesh_1337
01:30:48 | INFO: Primitives created: 1
01:30:48 | INFO: Extracting primitive: Mesh_1338
01:30:48 | INFO: Primitives created: 1
01:30:48 | INFO: Extracting primitive: Mesh_1339
01:30:48 | INFO: Primitives created: 1
01:30:48 | INFO: Extracting primitive: Mesh_1340
01:30:48 | INFO: Primitives created: 1
01:30:48 | INFO: Extracting primitive: Mesh_1341
01:30:48 | INFO: Primitives created: 1
01:30:48 | INFO: Extracting primitive: Mesh_1342
01:30:48 | INFO: Primitives created: 1
01:30:48 | INFO: Extracting primitive: Mesh_1343
01:30:48 | INFO: Primitives created: 1
01:30:48 | INFO: Extracting primitive: Mesh_1344
01:30:48 | INFO: Primitives created: 1
01:30:48 | INFO: Extracting primitive: Mesh_1345
01:30:48 | INFO: Primitives created: 1
01:30:48 | INFO: Extracting primitive: Mesh_1346
01:30:48 | INFO: Primitives created: 1
01:30:48 | INFO: Extracting primitive: Mesh_1347
01:30:48 | INFO: Primitives created: 1
01:30:48 | INFO: Extracting primitive: Mesh_1348
01:30:48 | INFO: Primitives created: 1
01:30:48 | INFO: Extracting primitive: Mesh_1349
01:30:48 | INFO: Primitives created: 1
01:30:48 | INFO: Extracting primitive: Mesh_1350
01:30:48 | INFO: Primitives created: 1
01:30:48 | INFO: Extracting primitive: Mesh_1351
01:30:48 | INFO: Primitives created: 1
01:30:48 | INFO: Extracting primitive: Mesh_1352
01:30:48 | INFO: Primitives created: 1
01:30:48 | INFO: Extracting primitive: Mesh_1353
01:30:48 | INFO: Primitives created: 1
01:30:48 | INFO: Extracting primitive: Mesh_1354
01:30:48 | INFO: Primitives created: 1
01:30:48 | INFO: Extracting primitive: Mesh_1355
01:30:48 | INFO: Primitives created: 1
01:30:48 | INFO: Extracting primitive: Mesh_1356
01:30:48 | INFO: Primitives created: 1
01:30:48 | INFO: Extracting primitive: Mesh_1357
01:30:48 | INFO: Primitives created: 1
01:30:48 | INFO: Extracting primitive: Mesh_1358
01:30:48 | INFO: Primitives created: 1
01:30:48 | INFO: Extracting primitive: Mesh_1359
01:30:48 | INFO: Primitives created: 1
01:30:48 | INFO: Extracting primitive: Mesh_1360
01:30:48 | INFO: Primitives created: 1
01:30:48 | INFO: Extracting primitive: Mesh_1361
01:30:48 | INFO: Primitives created: 1
01:30:48 | INFO: Extracting primitive: Mesh_1362
01:30:48 | INFO: Primitives created: 1
01:30:48 | INFO: Extracting primitive: Mesh_1363
01:30:48 | INFO: Primitives created: 1
01:30:48 | INFO: Extracting primitive: Mesh_1364
01:30:48 | INFO: Primitives created: 1
01:30:48 | INFO: Extracting primitive: Mesh_1365
01:30:48 | INFO: Primitives created: 1
01:30:48 | INFO: Extracting primitive: Mesh_1366
01:30:48 | INFO: Primitives created: 1
01:30:48 | INFO: Extracting primitive: Mesh_1367
01:30:48 | INFO: Primitives created: 1
01:30:48 | INFO: Extracting primitive: Mesh_1368
01:30:48 | INFO: Primitives created: 1
01:30:48 | INFO: Extracting primitive: Mesh_1369
01:30:48 | INFO: Primitives created: 1
01:30:48 | INFO: Extracting primitive: Mesh_1370
01:30:48 | INFO: Primitives created: 1
01:30:48 | INFO: Extracting primitive: Mesh_1371
01:30:48 | INFO: Primitives created: 1
01:30:48 | INFO: Extracting primitive: Mesh_1372
01:30:48 | INFO: Primitives created: 1
01:30:48 | INFO: Extracting primitive: Mesh_1373
01:30:48 | INFO: Primitives created: 1
01:30:48 | INFO: Extracting primitive: Mesh_1374
01:30:48 | INFO: Primitives created: 1
01:30:48 | INFO: Extracting primitive: Mesh_1375
01:30:48 | INFO: Primitives created: 1
01:30:48 | INFO: Extracting primitive: Mesh_1376
01:30:48 | INFO: Primitives created: 1
01:30:48 | INFO: Extracting primitive: Mesh_1377
01:30:48 | INFO: Primitives created: 1
01:30:48 | INFO: Extracting primitive: Mesh_1378
01:30:48 | INFO: Primitives created: 1
01:30:48 | INFO: Extracting primitive: Mesh_1379
01:30:48 | INFO: Primitives created: 1
01:30:48 | INFO: Extracting primitive: Mesh_1380
01:30:48 | INFO: Primitives created: 1
01:30:48 | INFO: Extracting primitive: Mesh_1381
01:30:48 | INFO: Primitives created: 1
01:30:48 | INFO: Extracting primitive: Mesh_1382
01:30:48 | INFO: Primitives created: 1
01:30:48 | INFO: Extracting primitive: Mesh_1383
01:30:48 | INFO: Primitives created: 1
01:30:48 | INFO: Extracting primitive: Mesh_1384
01:30:48 | INFO: Primitives created: 1
01:30:48 | INFO: Extracting primitive: Mesh_1385
01:30:48 | INFO: Primitives created: 1
01:30:48 | INFO: Extracting primitive: Mesh_1386
01:30:48 | INFO: Primitives created: 1
01:30:48 | INFO: Extracting primitive: Mesh_1387
01:30:48 | INFO: Primitives created: 1
01:30:48 | INFO: Extracting primitive: Mesh_1388
01:30:48 | INFO: Primitives created: 1
01:30:48 | INFO: Extracting primitive: Mesh_1389
01:30:48 | INFO: Primitives created: 1
01:30:48 | INFO: Extracting primitive: Mesh_1390
01:30:48 | INFO: Primitives created: 1
01:30:48 | INFO: Extracting primitive: Mesh_1391
01:30:48 | INFO: Primitives created: 1
01:30:48 | INFO: Extracting primitive: Mesh_1392
01:30:48 | INFO: Primitives created: 1
01:30:48 | INFO: Extracting primitive: Mesh_1393
01:30:48 | INFO: Primitives created: 1
01:30:48 | INFO: Extracting primitive: Mesh_1394
01:30:48 | INFO: Primitives created: 1
01:30:48 | INFO: Extracting primitive: Mesh_1395
01:30:48 | INFO: Primitives created: 1
01:30:48 | INFO: Extracting primitive: Mesh_1396
01:30:48 | INFO: Primitives created: 1
01:30:48 | INFO: Extracting primitive: Mesh_1397
01:30:48 | INFO: Primitives created: 1
01:30:48 | INFO: Extracting primitive: Mesh_1398
01:30:48 | INFO: Primitives created: 1
01:30:48 | INFO: Extracting primitive: Mesh_1399
01:30:48 | INFO: Primitives created: 1
01:30:48 | INFO: Extracting primitive: Mesh_1400
01:30:48 | INFO: Primitives created: 1
01:30:48 | INFO: Extracting primitive: Mesh_1401
01:30:48 | INFO: Primitives created: 1
01:30:48 | INFO: Extracting primitive: Mesh_1402
01:30:48 | INFO: Primitives created: 1
01:30:48 | INFO: Extracting primitive: Mesh_1403
01:30:48 | INFO: Primitives created: 1
01:30:48 | INFO: Extracting primitive: Mesh_1404
01:30:48 | INFO: Primitives created: 1
01:30:48 | INFO: Extracting primitive: Mesh_1405
01:30:48 | INFO: Primitives created: 1
01:30:48 | INFO: Extracting primitive: Mesh_1406
01:30:49 | INFO: Primitives created: 1
01:30:49 | INFO: Extracting primitive: Mesh_1407
01:30:49 | INFO: Primitives created: 1
01:30:49 | INFO: Extracting primitive: Mesh_1408
01:30:49 | INFO: Primitives created: 1
01:30:49 | INFO: Extracting primitive: Mesh_1409
01:30:49 | INFO: Primitives created: 1
01:30:49 | INFO: Extracting primitive: Mesh_1410
01:30:49 | INFO: Primitives created: 1
01:30:49 | INFO: Extracting primitive: Mesh_1411
01:30:49 | INFO: Primitives created: 1
01:30:49 | INFO: Extracting primitive: Mesh_1412
01:30:49 | INFO: Primitives created: 1
01:30:49 | INFO: Extracting primitive: Mesh_1413
01:30:49 | INFO: Primitives created: 1
01:30:49 | INFO: Extracting primitive: Mesh_1414
01:30:49 | INFO: Primitives created: 1
01:30:49 | INFO: Extracting primitive: Mesh_1415
01:30:49 | INFO: Primitives created: 1
01:30:49 | INFO: Extracting primitive: Mesh_1416
01:30:49 | INFO: Primitives created: 1
01:30:49 | INFO: Extracting primitive: Mesh_1417
01:30:49 | INFO: Primitives created: 1
01:30:49 | INFO: Extracting primitive: Mesh_1418
01:30:49 | INFO: Primitives created: 1
01:30:49 | INFO: Extracting primitive: Mesh_1419
01:30:49 | INFO: Primitives created: 1
01:30:49 | INFO: Extracting primitive: Mesh_1420
01:30:49 | INFO: Primitives created: 1
01:30:49 | INFO: Extracting primitive: Mesh_1421
01:30:49 | INFO: Primitives created: 1
01:30:49 | INFO: Extracting primitive: Mesh_1422
01:30:49 | INFO: Primitives created: 1
01:30:49 | INFO: Extracting primitive: Mesh_1423
01:30:49 | INFO: Primitives created: 1
01:30:49 | INFO: Extracting primitive: Mesh_1424
01:30:49 | INFO: Primitives created: 1
01:30:49 | INFO: Extracting primitive: Mesh_1425
01:30:49 | INFO: Primitives created: 1
01:30:49 | INFO: Extracting primitive: Mesh_1426
01:30:49 | INFO: Primitives created: 1
01:30:49 | INFO: Extracting primitive: Mesh_1427
01:30:49 | INFO: Primitives created: 1
01:30:49 | INFO: Extracting primitive: Mesh_1428
01:30:49 | INFO: Primitives created: 1
01:30:49 | INFO: Extracting primitive: Mesh_1429
01:30:49 | INFO: Primitives created: 1
01:30:49 | INFO: Extracting primitive: Mesh_1430
01:30:49 | INFO: Primitives created: 1
01:30:49 | INFO: Extracting primitive: Mesh_1431
01:30:49 | INFO: Primitives created: 1
01:30:49 | INFO: Extracting primitive: Mesh_1432
01:30:49 | INFO: Primitives created: 1
01:30:49 | INFO: Extracting primitive: Mesh_1433
01:30:49 | INFO: Primitives created: 1
01:30:49 | INFO: Extracting primitive: Mesh_1434
01:30:49 | INFO: Primitives created: 1
01:30:49 | INFO: Extracting primitive: Mesh_1435
01:30:49 | INFO: Primitives created: 1
01:30:49 | INFO: Extracting primitive: Mesh_1436
01:30:49 | INFO: Primitives created: 1
01:30:49 | INFO: Extracting primitive: Mesh_1437
01:30:49 | INFO: Primitives created: 1
01:30:49 | INFO: Extracting primitive: Mesh_1438
01:30:49 | INFO: Primitives created: 1
01:30:49 | INFO: Extracting primitive: Mesh_1439
01:30:49 | INFO: Primitives created: 1
01:30:49 | INFO: Extracting primitive: Mesh_1857
01:30:49 | INFO: Primitives created: 1
01:30:49 | INFO: Extracting primitive: Mesh_1852
01:30:49 | INFO: Primitives created: 1
01:30:49 | INFO: Extracting primitive: Mesh_1858
01:30:49 | INFO: Primitives created: 1
01:30:49 | INFO: Extracting primitive: Mesh_1853
01:30:49 | INFO: Primitives created: 1
01:30:49 | INFO: Extracting primitive: Mesh_1859
01:30:49 | INFO: Primitives created: 1
01:30:49 | INFO: Extracting primitive: Mesh_1854
01:30:49 | INFO: Primitives created: 1
01:30:49 | INFO: Extracting primitive: Mesh_1860
01:30:49 | INFO: Primitives created: 1
01:30:49 | INFO: Extracting primitive: Mesh_1855
01:30:49 | INFO: Primitives created: 1
01:30:49 | INFO: Extracting primitive: Mesh_1440
01:30:49 | INFO: Primitives created: 1
01:30:49 | INFO: Extracting primitive: Mesh_1441
01:30:49 | INFO: Primitives created: 1
01:30:49 | INFO: Extracting primitive: Mesh_1442
01:30:49 | INFO: Primitives created: 1
01:30:49 | INFO: Extracting primitive: Mesh_1443
01:30:49 | INFO: Primitives created: 1
01:30:49 | INFO: Extracting primitive: Mesh_1444
01:30:49 | INFO: Primitives created: 1
01:30:49 | INFO: Extracting primitive: Mesh_1445
01:30:49 | INFO: Primitives created: 1
01:30:49 | INFO: Extracting primitive: Mesh_1446
01:30:49 | INFO: Primitives created: 1
01:30:49 | INFO: Extracting primitive: Mesh_1447
01:30:49 | INFO: Primitives created: 1
01:30:49 | INFO: Extracting primitive: Mesh_1448
01:30:49 | INFO: Primitives created: 1
01:30:49 | INFO: Extracting primitive: Mesh_1449
01:30:49 | INFO: Primitives created: 1
01:30:49 | INFO: Extracting primitive: Mesh_1450
01:30:49 | INFO: Primitives created: 1
01:30:49 | INFO: Extracting primitive: Mesh_1451
01:30:49 | INFO: Primitives created: 1
01:30:49 | INFO: Extracting primitive: Mesh_1452
01:30:49 | INFO: Primitives created: 1
01:30:49 | INFO: Extracting primitive: Mesh_1453
01:30:49 | INFO: Primitives created: 1
01:30:49 | INFO: Extracting primitive: Mesh_1454
01:30:49 | INFO: Primitives created: 1
01:30:49 | INFO: Extracting primitive: Mesh_1455
01:30:49 | INFO: Primitives created: 1
01:30:49 | INFO: Extracting primitive: Mesh_1456
01:30:49 | INFO: Primitives created: 1
01:30:49 | INFO: Extracting primitive: Mesh_1457
01:30:49 | INFO: Primitives created: 1
01:30:49 | INFO: Extracting primitive: Mesh_1458
01:30:49 | INFO: Primitives created: 1
01:30:49 | INFO: Extracting primitive: Mesh_1459
01:30:49 | INFO: Primitives created: 1
01:30:49 | INFO: Extracting primitive: Mesh_1460
01:30:49 | INFO: Primitives created: 1
01:30:49 | INFO: Extracting primitive: Mesh_1461
01:30:49 | INFO: Primitives created: 1
01:30:49 | INFO: Extracting primitive: Mesh_1462
01:30:49 | INFO: Primitives created: 1
01:30:49 | INFO: Extracting primitive: Mesh_1463
01:30:49 | INFO: Primitives created: 1
01:30:49 | INFO: Extracting primitive: Mesh_1464
01:30:49 | INFO: Primitives created: 1
01:30:49 | INFO: Extracting primitive: Mesh_1465
01:30:49 | INFO: Primitives created: 1
01:30:49 | INFO: Extracting primitive: Mesh_1466
01:30:49 | INFO: Primitives created: 1
01:30:49 | INFO: Extracting primitive: Mesh_1467
01:30:49 | INFO: Primitives created: 1
01:30:49 | INFO: Extracting primitive: Mesh_1468
01:30:49 | INFO: Primitives created: 1
01:30:49 | INFO: Extracting primitive: Mesh_1469
01:30:49 | INFO: Primitives created: 1
01:30:49 | INFO: Extracting primitive: Mesh_1470
01:30:49 | INFO: Primitives created: 1
01:30:49 | INFO: Extracting primitive: Mesh_1471
01:30:49 | INFO: Primitives created: 1
01:30:49 | INFO: Extracting primitive: Mesh_1472
01:30:49 | INFO: Primitives created: 1
01:30:49 | INFO: Extracting primitive: Mesh_1473
01:30:49 | INFO: Primitives created: 1
01:30:49 | INFO: Extracting primitive: Mesh_1474
01:30:49 | INFO: Primitives created: 1
01:30:49 | INFO: Extracting primitive: Mesh_1475
01:30:49 | INFO: Primitives created: 1
01:30:49 | INFO: Extracting primitive: Mesh_1476
01:30:49 | INFO: Primitives created: 1
01:30:49 | INFO: Extracting primitive: Mesh_1477
01:30:49 | INFO: Primitives created: 1
01:30:49 | INFO: Extracting primitive: Mesh_1478
01:30:49 | INFO: Primitives created: 1
01:30:49 | INFO: Extracting primitive: Mesh_1479
01:30:49 | INFO: Primitives created: 1
01:30:49 | INFO: Extracting primitive: Mesh_1480
01:30:49 | INFO: Primitives created: 1
01:30:49 | INFO: Extracting primitive: Mesh_1481
01:30:49 | INFO: Primitives created: 1
01:30:49 | INFO: Extracting primitive: Mesh_1482
01:30:49 | INFO: Primitives created: 1
01:30:49 | INFO: Extracting primitive: Mesh_1483
01:30:49 | INFO: Primitives created: 1
01:30:49 | INFO: Extracting primitive: Mesh_1484
01:30:49 | INFO: Primitives created: 1
01:30:49 | INFO: Extracting primitive: Mesh_1485
01:30:49 | INFO: Primitives created: 1
01:30:49 | INFO: Extracting primitive: Mesh_1486
01:30:49 | INFO: Primitives created: 1
01:30:49 | INFO: Extracting primitive: Mesh_1487
01:30:49 | INFO: Primitives created: 1
01:30:49 | INFO: Extracting primitive: Mesh_1488
01:30:49 | INFO: Primitives created: 1
01:30:49 | INFO: Extracting primitive: Mesh_1489
01:30:49 | INFO: Primitives created: 1
01:30:49 | INFO: Extracting primitive: Mesh_1490
01:30:49 | INFO: Primitives created: 1
01:30:49 | INFO: Extracting primitive: Mesh_1491
01:30:49 | INFO: Primitives created: 1
01:30:49 | INFO: Extracting primitive: Mesh_1492
01:30:49 | INFO: Primitives created: 1
01:30:49 | INFO: Extracting primitive: Mesh_1493
01:30:49 | INFO: Primitives created: 1
01:30:49 | INFO: Extracting primitive: Mesh_1494
01:30:49 | INFO: Primitives created: 1
01:30:49 | INFO: Extracting primitive: Mesh_1495
01:30:49 | INFO: Primitives created: 1
01:30:49 | INFO: Extracting primitive: Mesh_1496
01:30:49 | INFO: Primitives created: 1
01:30:49 | INFO: Extracting primitive: Mesh_1497
01:30:49 | INFO: Primitives created: 1
01:30:49 | INFO: Extracting primitive: Mesh_1498
01:30:49 | INFO: Primitives created: 1
01:30:49 | INFO: Extracting primitive: Mesh_1499
01:30:49 | INFO: Primitives created: 1
01:30:49 | INFO: Extracting primitive: Mesh_1500
01:30:49 | INFO: Primitives created: 1
01:30:49 | INFO: Extracting primitive: Mesh_1501
01:30:49 | INFO: Primitives created: 1
01:30:49 | INFO: Extracting primitive: Mesh_1502
01:30:49 | INFO: Primitives created: 1
01:30:49 | INFO: Extracting primitive: Mesh_1503
01:30:49 | INFO: Primitives created: 1
01:30:49 | INFO: Extracting primitive: Mesh_1504
01:30:49 | INFO: Primitives created: 1
01:30:49 | INFO: Extracting primitive: Mesh_1505
01:30:49 | INFO: Primitives created: 1
01:30:49 | INFO: Extracting primitive: Mesh_1506
01:30:49 | INFO: Primitives created: 1
01:30:49 | INFO: Extracting primitive: Mesh_1507
01:30:49 | INFO: Primitives created: 1
01:30:49 | INFO: Extracting primitive: Mesh_1508
01:30:49 | INFO: Primitives created: 1
01:30:49 | INFO: Extracting primitive: Mesh_1509
01:30:49 | INFO: Primitives created: 1
01:30:49 | INFO: Extracting primitive: Mesh_1510
01:30:49 | INFO: Primitives created: 1
01:30:49 | INFO: Extracting primitive: Mesh_1511
01:30:49 | INFO: Primitives created: 1
01:30:49 | INFO: Extracting primitive: Mesh_1512
01:30:49 | INFO: Primitives created: 1
01:30:49 | INFO: Extracting primitive: Mesh_1513
01:30:49 | INFO: Primitives created: 1
01:30:49 | INFO: Extracting primitive: Mesh_1514
01:30:49 | INFO: Primitives created: 1
01:30:49 | INFO: Extracting primitive: Mesh_1515
01:30:49 | INFO: Primitives created: 1
01:30:49 | INFO: Extracting primitive: Mesh_1516
01:30:49 | INFO: Primitives created: 1
01:30:49 | INFO: Extracting primitive: Mesh_1517
01:30:49 | INFO: Primitives created: 1
01:30:49 | INFO: Extracting primitive: Mesh_1518
01:30:49 | INFO: Primitives created: 1
01:30:49 | INFO: Extracting primitive: Mesh_1519
01:30:49 | INFO: Primitives created: 1
01:30:49 | INFO: Extracting primitive: Mesh_1520
01:30:49 | INFO: Primitives created: 1
01:30:49 | INFO: Extracting primitive: Mesh_1521
01:30:49 | INFO: Primitives created: 1
01:30:49 | INFO: Extracting primitive: Mesh_1522
01:30:49 | INFO: Primitives created: 1
01:30:49 | INFO: Extracting primitive: Mesh_1523
01:30:49 | INFO: Primitives created: 1
01:30:49 | INFO: Extracting primitive: Mesh_1524
01:30:49 | INFO: Primitives created: 1
01:30:49 | INFO: Extracting primitive: Mesh_1525
01:30:49 | INFO: Primitives created: 1
01:30:49 | INFO: Extracting primitive: Mesh_1526
01:30:49 | INFO: Primitives created: 1
01:30:49 | INFO: Extracting primitive: Mesh_1527
01:30:49 | INFO: Primitives created: 1
01:30:49 | INFO: Extracting primitive: Mesh_1528
01:30:49 | INFO: Primitives created: 1
01:30:49 | INFO: Extracting primitive: Mesh_1529
01:30:49 | INFO: Primitives created: 1
01:30:49 | INFO: Extracting primitive: Mesh_1530
01:30:49 | INFO: Primitives created: 1
01:30:49 | INFO: Extracting primitive: Mesh_1531
01:30:49 | INFO: Primitives created: 1
01:30:49 | INFO: Extracting primitive: Mesh_1532
01:30:49 | INFO: Primitives created: 1
01:30:49 | INFO: Extracting primitive: Mesh_1533
01:30:49 | INFO: Primitives created: 1
01:30:49 | INFO: Extracting primitive: Mesh_1534
01:30:49 | INFO: Primitives created: 1
01:30:49 | INFO: Extracting primitive: Mesh_1535
01:30:49 | INFO: Primitives created: 1
01:30:49 | INFO: Extracting primitive: Mesh_1536
01:30:49 | INFO: Primitives created: 1
01:30:49 | INFO: Extracting primitive: Mesh_1537
01:30:49 | INFO: Primitives created: 1
01:30:49 | INFO: Extracting primitive: Mesh_1538
01:30:49 | INFO: Primitives created: 1
01:30:49 | INFO: Extracting primitive: Mesh_1539
01:30:49 | INFO: Primitives created: 1
01:30:49 | INFO: Extracting primitive: Mesh_1540
01:30:49 | INFO: Primitives created: 1
01:30:49 | INFO: Extracting primitive: Mesh_1541
01:30:49 | INFO: Primitives created: 1
01:30:49 | INFO: Extracting primitive: Mesh_1542
01:30:49 | INFO: Primitives created: 1
01:30:49 | INFO: Extracting primitive: Mesh_1543
01:30:49 | INFO: Primitives created: 1
01:30:49 | INFO: Extracting primitive: Mesh_1544
01:30:49 | INFO: Primitives created: 1
01:30:49 | INFO: Extracting primitive: Mesh_1545
01:30:49 | INFO: Primitives created: 1
01:30:49 | INFO: Extracting primitive: Mesh_1546
01:30:49 | INFO: Primitives created: 1
01:30:49 | INFO: Extracting primitive: Mesh_1547
01:30:49 | INFO: Primitives created: 1
01:30:49 | INFO: Extracting primitive: Mesh_1548
01:30:49 | INFO: Primitives created: 1
01:30:49 | INFO: Extracting primitive: Mesh_1549
01:30:49 | INFO: Primitives created: 1
01:30:49 | INFO: Extracting primitive: Mesh_1550
01:30:49 | INFO: Primitives created: 1
01:30:49 | INFO: Extracting primitive: Mesh_1551
01:30:49 | INFO: Primitives created: 1
01:30:49 | INFO: Extracting primitive: Mesh_1552
01:30:49 | INFO: Primitives created: 1
01:30:49 | INFO: Extracting primitive: Mesh_1553
01:30:49 | INFO: Primitives created: 1
01:30:49 | INFO: Extracting primitive: Mesh_1554
01:30:49 | INFO: Primitives created: 1
01:30:49 | INFO: Extracting primitive: Mesh_1555
01:30:49 | INFO: Primitives created: 1
01:30:49 | INFO: Extracting primitive: Mesh_1556
01:30:49 | INFO: Primitives created: 1
01:30:49 | INFO: Extracting primitive: Mesh_1557
01:30:49 | INFO: Primitives created: 1
01:30:49 | INFO: Extracting primitive: Mesh_1558
01:30:49 | INFO: Primitives created: 1
01:30:49 | INFO: Extracting primitive: Mesh_1559
01:30:49 | INFO: Primitives created: 1
01:30:49 | INFO: Extracting primitive: Mesh_1560
01:30:49 | INFO: Primitives created: 1
01:30:49 | INFO: Extracting primitive: Mesh_1561
01:30:49 | INFO: Primitives created: 1
01:30:49 | INFO: Extracting primitive: Mesh_1562
01:30:49 | INFO: Primitives created: 1
01:30:49 | INFO: Extracting primitive: Mesh_1563
01:30:49 | INFO: Primitives created: 1
01:30:49 | INFO: Extracting primitive: Mesh_1564
01:30:49 | INFO: Primitives created: 1
01:30:49 | INFO: Extracting primitive: Mesh_1565
01:30:49 | INFO: Primitives created: 1
01:30:49 | INFO: Extracting primitive: Mesh_1566
01:30:49 | INFO: Primitives created: 1
01:30:49 | INFO: Extracting primitive: Mesh_1567
01:30:49 | INFO: Primitives created: 1
01:30:49 | INFO: Extracting primitive: Mesh_1568
01:30:49 | INFO: Primitives created: 1
01:30:49 | INFO: Extracting primitive: Mesh_1569
01:30:49 | INFO: Primitives created: 1
01:30:49 | INFO: Extracting primitive: Mesh_1570
01:30:49 | INFO: Primitives created: 1
01:30:49 | INFO: Extracting primitive: Mesh_1571
01:30:49 | INFO: Primitives created: 1
01:30:49 | INFO: Extracting primitive: Mesh_1572
01:30:49 | INFO: Primitives created: 1
01:30:49 | INFO: Extracting primitive: Mesh_1573
01:30:49 | INFO: Primitives created: 1
01:30:49 | INFO: Extracting primitive: Mesh_1574
01:30:49 | INFO: Primitives created: 1
01:30:49 | INFO: Extracting primitive: Mesh_1575
01:30:49 | INFO: Primitives created: 1
01:30:49 | INFO: Extracting primitive: Mesh_1576
01:30:49 | INFO: Primitives created: 1
01:30:49 | INFO: Extracting primitive: Mesh_1577
01:30:49 | INFO: Primitives created: 1
01:30:49 | INFO: Extracting primitive: Mesh_1578
01:30:49 | INFO: Primitives created: 1
01:30:49 | INFO: Extracting primitive: Mesh_1579
01:30:49 | INFO: Primitives created: 1
01:30:49 | INFO: Extracting primitive: Mesh_1580
01:30:49 | INFO: Primitives created: 1
01:30:49 | INFO: Extracting primitive: Mesh_1581
01:30:49 | INFO: Primitives created: 1
01:30:49 | INFO: Extracting primitive: Mesh_1582
01:30:49 | INFO: Primitives created: 1
01:30:49 | INFO: Extracting primitive: Mesh_1583
01:30:49 | INFO: Primitives created: 1
01:30:49 | INFO: Extracting primitive: Mesh_1584
01:30:49 | INFO: Primitives created: 1
01:30:49 | INFO: Extracting primitive: Mesh_1585
01:30:49 | INFO: Primitives created: 1
01:30:49 | INFO: Extracting primitive: Mesh_1586
01:30:49 | INFO: Primitives created: 1
01:30:49 | INFO: Extracting primitive: Mesh_1587
01:30:49 | INFO: Primitives created: 1
01:30:49 | INFO: Extracting primitive: Mesh_1588
01:30:49 | INFO: Primitives created: 1
01:30:49 | INFO: Extracting primitive: Mesh_1589
01:30:49 | INFO: Primitives created: 1
01:30:49 | INFO: Extracting primitive: Mesh_1590
01:30:49 | INFO: Primitives created: 1
01:30:49 | INFO: Extracting primitive: Mesh_1591
01:30:49 | INFO: Primitives created: 1
01:30:49 | INFO: Extracting primitive: Mesh_1592
01:30:49 | INFO: Primitives created: 1
01:30:49 | INFO: Extracting primitive: Mesh_1593
01:30:49 | INFO: Primitives created: 1
01:30:49 | INFO: Extracting primitive: Mesh_1594
01:30:49 | INFO: Primitives created: 1
01:30:49 | INFO: Extracting primitive: Mesh_1595
01:30:49 | INFO: Primitives created: 1
01:30:49 | INFO: Extracting primitive: Mesh_1596
01:30:49 | INFO: Primitives created: 1
01:30:49 | INFO: Extracting primitive: Mesh_1597
01:30:49 | INFO: Primitives created: 1
01:30:49 | INFO: Extracting primitive: Mesh_1598
01:30:49 | INFO: Primitives created: 1
01:30:49 | INFO: Extracting primitive: Mesh_1599
01:30:49 | INFO: Primitives created: 1
01:30:49 | INFO: Extracting primitive: Mesh_1600
01:30:49 | INFO: Primitives created: 1
01:30:49 | INFO: Extracting primitive: Mesh_1601
01:30:49 | INFO: Primitives created: 1
01:30:49 | INFO: Extracting primitive: Mesh_1602
01:30:49 | INFO: Primitives created: 1
01:30:49 | INFO: Extracting primitive: Mesh_1603
01:30:49 | INFO: Primitives created: 1
01:30:49 | INFO: Extracting primitive: Mesh_1604
01:30:49 | INFO: Primitives created: 1
01:30:49 | INFO: Extracting primitive: Mesh_1605
01:30:49 | INFO: Primitives created: 1
01:30:49 | INFO: Extracting primitive: Mesh_1606
01:30:49 | INFO: Primitives created: 1
01:30:49 | INFO: Extracting primitive: Mesh_1607
01:30:49 | INFO: Primitives created: 1
01:30:49 | INFO: Extracting primitive: Mesh_1608
01:30:49 | INFO: Primitives created: 1
01:30:49 | INFO: Extracting primitive: Mesh_1609
01:30:49 | INFO: Primitives created: 1
01:30:49 | INFO: Extracting primitive: Mesh_1610
01:30:49 | INFO: Primitives created: 1
01:30:49 | INFO: Extracting primitive: Mesh_1611
01:30:49 | INFO: Primitives created: 1
01:30:49 | INFO: Extracting primitive: Mesh_1612
01:30:49 | INFO: Primitives created: 1
01:30:49 | INFO: Extracting primitive: Mesh_1613
01:30:49 | INFO: Primitives created: 1
01:30:49 | INFO: Extracting primitive: Mesh_1614
01:30:49 | INFO: Primitives created: 1
01:30:49 | INFO: Extracting primitive: Mesh_1615
01:30:49 | INFO: Primitives created: 1
01:30:49 | INFO: Extracting primitive: Mesh_1616
01:30:49 | INFO: Primitives created: 1
01:30:49 | INFO: Extracting primitive: Mesh_1617
01:30:49 | INFO: Primitives created: 1
01:30:49 | INFO: Extracting primitive: Mesh_1618
01:30:49 | INFO: Primitives created: 1
01:30:49 | INFO: Extracting primitive: Mesh_1619
01:30:49 | INFO: Primitives created: 1
01:30:49 | INFO: Extracting primitive: Mesh_1620
01:30:49 | INFO: Primitives created: 1
01:30:49 | INFO: Extracting primitive: Mesh_1621
01:30:49 | INFO: Primitives created: 1
01:30:49 | INFO: Extracting primitive: Mesh_1622
01:30:49 | INFO: Primitives created: 1
01:30:49 | INFO: Extracting primitive: Mesh_1623
01:30:49 | INFO: Primitives created: 1
01:30:49 | INFO: Extracting primitive: Mesh_1624
01:30:49 | INFO: Primitives created: 1
01:30:49 | INFO: Extracting primitive: Mesh_1625
01:30:49 | INFO: Primitives created: 1
01:30:49 | INFO: Extracting primitive: Mesh_1626
01:30:49 | INFO: Primitives created: 1
01:30:49 | INFO: Extracting primitive: Mesh_1627
01:30:49 | INFO: Primitives created: 1
01:30:49 | INFO: Extracting primitive: Mesh_1628
01:30:49 | INFO: Primitives created: 1
01:30:49 | INFO: Extracting primitive: Mesh_1629
01:30:49 | INFO: Primitives created: 1
01:30:49 | INFO: Extracting primitive: Mesh_1630
01:30:49 | INFO: Primitives created: 1
01:30:49 | INFO: Extracting primitive: Mesh_1631
01:30:49 | INFO: Primitives created: 1
01:30:49 | INFO: Extracting primitive: Mesh_1632
01:30:49 | INFO: Primitives created: 1
01:30:49 | INFO: Extracting primitive: Mesh_1633
01:30:49 | INFO: Primitives created: 1
01:30:49 | INFO: Extracting primitive: Mesh_1634
01:30:49 | INFO: Primitives created: 1
01:30:49 | INFO: Extracting primitive: Mesh_1635
01:30:49 | INFO: Primitives created: 1
01:30:49 | INFO: Extracting primitive: Mesh_1636
01:30:49 | INFO: Primitives created: 1
01:30:49 | INFO: Extracting primitive: Mesh_1637
01:30:49 | INFO: Primitives created: 1
01:30:49 | INFO: Extracting primitive: Mesh_1638
01:30:49 | INFO: Primitives created: 1
01:30:49 | INFO: Extracting primitive: Mesh_1639
01:30:49 | INFO: Primitives created: 1
01:30:49 | INFO: Extracting primitive: Mesh_1640
01:30:49 | INFO: Primitives created: 1
01:30:49 | INFO: Extracting primitive: Mesh_1641
01:30:49 | INFO: Primitives created: 1
01:30:49 | INFO: Extracting primitive: Mesh_1642
01:30:49 | INFO: Primitives created: 1
01:30:49 | INFO: Extracting primitive: Mesh_1643
01:30:49 | INFO: Primitives created: 1
01:30:49 | INFO: Extracting primitive: Mesh_1644
01:30:49 | INFO: Primitives created: 1
01:30:49 | INFO: Extracting primitive: Mesh_1645
01:30:49 | INFO: Primitives created: 1
01:30:49 | INFO: Extracting primitive: Mesh_1646
01:30:49 | INFO: Primitives created: 1
01:30:49 | INFO: Extracting primitive: Mesh_1647
01:30:49 | INFO: Primitives created: 1
01:30:49 | INFO: Extracting primitive: Mesh_1648
01:30:49 | INFO: Primitives created: 1
01:30:49 | INFO: Extracting primitive: Mesh_1649
01:30:49 | INFO: Primitives created: 1
01:30:49 | INFO: Extracting primitive: Mesh_1650
01:30:49 | INFO: Primitives created: 1
01:30:49 | INFO: Extracting primitive: Mesh_1651
01:30:49 | INFO: Primitives created: 1
01:30:49 | INFO: Extracting primitive: Mesh_1652
01:30:49 | INFO: Primitives created: 1
01:30:49 | INFO: Extracting primitive: Mesh_1653
01:30:49 | INFO: Primitives created: 1
01:30:49 | INFO: Extracting primitive: Mesh_1654
01:30:49 | INFO: Primitives created: 1
01:30:49 | INFO: Extracting primitive: Mesh_1655
01:30:49 | INFO: Primitives created: 1
01:30:49 | INFO: Extracting primitive: Mesh_1656
01:30:49 | INFO: Primitives created: 1
01:30:49 | INFO: Extracting primitive: Mesh_1657
01:30:49 | INFO: Primitives created: 1
01:30:49 | INFO: Extracting primitive: Mesh_1658
01:30:49 | INFO: Primitives created: 1
01:30:49 | INFO: Extracting primitive: Mesh_1659
01:30:49 | INFO: Primitives created: 1
01:30:49 | INFO: Extracting primitive: Mesh_1660
01:30:49 | INFO: Primitives created: 1
01:30:49 | INFO: Extracting primitive: Mesh_1661
01:30:49 | INFO: Primitives created: 1
01:30:49 | INFO: Extracting primitive: Mesh_1662
01:30:49 | INFO: Primitives created: 1
01:30:49 | INFO: Extracting primitive: Mesh_1663
01:30:49 | INFO: Primitives created: 1
01:30:49 | INFO: Extracting primitive: Mesh_1664
01:30:49 | INFO: Primitives created: 1
01:30:49 | INFO: Extracting primitive: Mesh_1665
01:30:49 | INFO: Primitives created: 1
01:30:49 | INFO: Extracting primitive: Mesh_1666
01:30:49 | INFO: Primitives created: 1
01:30:49 | INFO: Extracting primitive: Mesh_1667
01:30:49 | INFO: Primitives created: 1
01:30:49 | INFO: Extracting primitive: Mesh_1668
01:30:49 | INFO: Primitives created: 1
01:30:49 | INFO: Extracting primitive: Mesh_1669
01:30:49 | INFO: Primitives created: 1
01:30:49 | INFO: Extracting primitive: Mesh_1670
01:30:49 | INFO: Primitives created: 1
01:30:49 | INFO: Extracting primitive: Mesh_1671
01:30:49 | INFO: Primitives created: 1
01:30:49 | INFO: Extracting primitive: Mesh_1672
01:30:49 | INFO: Primitives created: 1
01:30:49 | INFO: Extracting primitive: Mesh_1673
01:30:49 | INFO: Primitives created: 1
01:30:49 | INFO: Extracting primitive: Mesh_1674
01:30:49 | INFO: Primitives created: 1
01:30:49 | INFO: Extracting primitive: Mesh_1675
01:30:49 | INFO: Primitives created: 1
01:30:49 | INFO: Extracting primitive: Mesh_1676
01:30:49 | INFO: Primitives created: 1
01:30:49 | INFO: Extracting primitive: Mesh_1677
01:30:49 | INFO: Primitives created: 1
01:30:49 | INFO: Extracting primitive: Mesh_1678
01:30:49 | INFO: Primitives created: 1
01:30:49 | INFO: Extracting primitive: Mesh_1679
01:30:49 | INFO: Primitives created: 1
01:30:49 | INFO: Extracting primitive: Mesh_1680
01:30:49 | INFO: Primitives created: 1
01:30:49 | INFO: Extracting primitive: Mesh_1681
01:30:49 | INFO: Primitives created: 1
01:30:49 | INFO: Extracting primitive: Mesh_1682
01:30:49 | INFO: Primitives created: 1
01:30:49 | INFO: Extracting primitive: Mesh_1683
01:30:49 | INFO: Primitives created: 1
01:30:49 | INFO: Extracting primitive: Mesh_1684
01:30:49 | INFO: Primitives created: 1
01:30:49 | INFO: Extracting primitive: Mesh_1685
01:30:49 | INFO: Primitives created: 1
01:30:49 | INFO: Extracting primitive: Mesh_1686
01:30:49 | INFO: Primitives created: 1
01:30:49 | INFO: Extracting primitive: Mesh_1687
01:30:49 | INFO: Primitives created: 1
01:30:49 | INFO: Extracting primitive: Mesh_1688
01:30:49 | INFO: Primitives created: 1
01:30:49 | INFO: Extracting primitive: Mesh_1689
01:30:49 | INFO: Primitives created: 1
01:30:49 | INFO: Extracting primitive: Mesh_1690
01:30:49 | INFO: Primitives created: 1
01:30:49 | INFO: Extracting primitive: Mesh_1691
01:30:49 | INFO: Primitives created: 1
01:30:49 | INFO: Extracting primitive: Mesh_1698
01:30:49 | INFO: Primitives created: 1
01:30:49 | INFO: Extracting primitive: Mesh_1699
01:30:49 | INFO: Primitives created: 1
01:30:49 | INFO: Extracting primitive: Mesh_1700
01:30:49 | INFO: Primitives created: 1
01:30:49 | INFO: Extracting primitive: Mesh_1701
01:30:49 | INFO: Primitives created: 1
01:30:49 | INFO: Extracting primitive: Mesh_1702
01:30:49 | INFO: Primitives created: 1
01:30:49 | INFO: Extracting primitive: Mesh_1703
01:30:49 | INFO: Primitives created: 1
01:30:49 | INFO: Extracting primitive: Mesh_1704
01:30:49 | INFO: Primitives created: 1
01:30:49 | INFO: Extracting primitive: Mesh_1705
01:30:49 | INFO: Primitives created: 1
01:30:49 | INFO: Extracting primitive: Mesh_1706
01:30:49 | INFO: Primitives created: 1
01:30:49 | INFO: Extracting primitive: Mesh_1707
01:30:49 | INFO: Primitives created: 1
01:30:49 | INFO: Extracting primitive: Mesh_1708
01:30:49 | INFO: Primitives created: 1
01:30:49 | INFO: Extracting primitive: Mesh_1709
01:30:49 | INFO: Primitives created: 1
01:30:49 | INFO: Extracting primitive: Mesh_1710
01:30:49 | INFO: Primitives created: 1
01:30:49 | INFO: Extracting primitive: Mesh_1711
01:30:49 | INFO: Primitives created: 1
01:30:49 | INFO: Extracting primitive: Mesh_1712
01:30:49 | INFO: Primitives created: 1
01:30:49 | INFO: Extracting primitive: Mesh_1713
01:30:49 | INFO: Primitives created: 1
01:30:49 | INFO: Extracting primitive: Mesh_1714
01:30:49 | INFO: Primitives created: 1
01:30:49 | INFO: Extracting primitive: Mesh_1715
01:30:49 | INFO: Primitives created: 1
01:30:49 | INFO: Extracting primitive: Mesh_1716
01:30:49 | INFO: Primitives created: 1
01:30:49 | INFO: Extracting primitive: Mesh_1717
01:30:49 | INFO: Primitives created: 1
01:30:49 | INFO: Extracting primitive: Mesh_1718
01:30:49 | INFO: Primitives created: 1
01:30:49 | INFO: Extracting primitive: Mesh_1719
01:30:49 | INFO: Primitives created: 1
01:30:49 | INFO: Extracting primitive: Mesh_1720
01:30:49 | INFO: Primitives created: 1
01:30:49 | INFO: Extracting primitive: Mesh_1721
01:30:49 | INFO: Primitives created: 1
01:30:49 | INFO: Extracting primitive: Mesh_1722
01:30:49 | INFO: Primitives created: 1
01:30:49 | INFO: Extracting primitive: Mesh_1723
01:30:49 | INFO: Primitives created: 1
01:30:49 | INFO: Extracting primitive: Mesh_1724
01:30:49 | INFO: Primitives created: 1
01:30:49 | INFO: Extracting primitive: Mesh_1725
01:30:49 | INFO: Primitives created: 1
01:30:49 | INFO: Extracting primitive: Mesh_1726
01:30:49 | INFO: Primitives created: 1
01:30:49 | INFO: Extracting primitive: Mesh_1727
01:30:49 | INFO: Primitives created: 1
01:30:49 | INFO: Extracting primitive: Mesh_1728
01:30:49 | INFO: Primitives created: 1
01:30:49 | INFO: Extracting primitive: Mesh_1729
01:30:49 | INFO: Primitives created: 1
01:30:49 | INFO: Extracting primitive: Mesh_1730
01:30:49 | INFO: Primitives created: 1
01:30:49 | INFO: Extracting primitive: Mesh_1731
01:30:49 | INFO: Primitives created: 1
01:30:49 | INFO: Extracting primitive: Mesh_1732
01:30:49 | INFO: Primitives created: 1
01:30:49 | INFO: Extracting primitive: Mesh_1733
01:30:49 | INFO: Primitives created: 1
01:30:49 | INFO: Extracting primitive: Mesh_1734
01:30:49 | INFO: Primitives created: 1
01:30:49 | INFO: Extracting primitive: Mesh_1735
01:30:49 | INFO: Primitives created: 1
01:30:49 | INFO: Extracting primitive: Mesh_1736
01:30:49 | INFO: Primitives created: 1
01:30:49 | INFO: Extracting primitive: Mesh_1737
01:30:49 | INFO: Primitives created: 1
01:30:49 | INFO: Extracting primitive: Mesh_1738
01:30:49 | INFO: Primitives created: 1
01:30:49 | INFO: Extracting primitive: Mesh_1739
01:30:49 | INFO: Primitives created: 1
01:30:49 | INFO: Extracting primitive: Mesh_1740
01:30:49 | INFO: Primitives created: 1
01:30:49 | INFO: Extracting primitive: Mesh_1741
01:30:49 | INFO: Primitives created: 1
01:30:49 | INFO: Extracting primitive: Mesh_1742
01:30:49 | INFO: Primitives created: 1
01:30:49 | INFO: Extracting primitive: Mesh_1743
01:30:49 | INFO: Primitives created: 1
01:30:49 | INFO: Extracting primitive: Mesh_1744
01:30:49 | INFO: Primitives created: 1
01:30:49 | INFO: Extracting primitive: Mesh_1745
01:30:49 | INFO: Primitives created: 1
01:30:49 | INFO: Extracting primitive: Mesh_1746
01:30:49 | INFO: Primitives created: 1
01:30:49 | INFO: Extracting primitive: Mesh_1747
01:30:49 | INFO: Primitives created: 1
01:30:49 | INFO: Extracting primitive: Mesh_1748
01:30:49 | INFO: Primitives created: 1
01:30:49 | INFO: Extracting primitive: Mesh_1749
01:30:49 | INFO: Primitives created: 1
01:30:49 | INFO: Extracting primitive: Mesh_1750
01:30:49 | INFO: Primitives created: 1
01:30:49 | INFO: Extracting primitive: Mesh_1751
01:30:49 | INFO: Primitives created: 1
01:30:49 | INFO: Extracting primitive: Mesh_1752
01:30:49 | INFO: Primitives created: 1
01:30:49 | INFO: Extracting primitive: Mesh_1753
01:30:49 | INFO: Primitives created: 1
01:30:49 | INFO: Extracting primitive: Mesh_1754
01:30:49 | INFO: Primitives created: 1
01:30:49 | INFO: Extracting primitive: Mesh_1757
01:30:49 | INFO: Primitives created: 1
01:30:49 | INFO: Extracting primitive: Mesh_1758
01:30:49 | INFO: Primitives created: 1
01:30:49 | INFO: Extracting primitive: Mesh_1759
01:30:49 | INFO: Primitives created: 1
01:30:49 | INFO: Extracting primitive: Mesh_1760
01:30:49 | INFO: Primitives created: 1
01:30:49 | INFO: Extracting primitive: Mesh_1761
01:30:49 | INFO: Primitives created: 1
01:30:49 | INFO: Extracting primitive: Mesh_1762
01:30:49 | INFO: Primitives created: 1
01:30:49 | INFO: Extracting primitive: Mesh_1763
01:30:49 | INFO: Primitives created: 1
01:30:49 | INFO: Extracting primitive: Mesh_1764
01:30:49 | INFO: Primitives created: 1
01:30:49 | INFO: Extracting primitive: Mesh_1765
01:30:49 | INFO: Primitives created: 1
01:30:49 | INFO: Extracting primitive: Mesh_1766
01:30:49 | INFO: Primitives created: 1
01:30:49 | INFO: Extracting primitive: Mesh_1767
01:30:49 | INFO: Primitives created: 1
01:30:49 | INFO: Extracting primitive: Mesh_1768
01:30:49 | INFO: Primitives created: 1
01:30:49 | INFO: Extracting primitive: Mesh_1769
01:30:49 | INFO: Primitives created: 1
01:30:49 | INFO: Extracting primitive: Mesh_1770
01:30:49 | INFO: Primitives created: 1
01:30:49 | INFO: Extracting primitive: Mesh_1771
01:30:49 | INFO: Primitives created: 1
01:30:49 | INFO: Extracting primitive: Mesh_1772
01:30:49 | INFO: Primitives created: 1
01:30:49 | INFO: Extracting primitive: Mesh_1773
01:30:49 | INFO: Primitives created: 1
01:30:49 | INFO: Extracting primitive: Mesh_1774
01:30:49 | INFO: Primitives created: 1
01:30:49 | INFO: Extracting primitive: Mesh_1775
01:30:49 | INFO: Primitives created: 1
01:30:49 | INFO: Extracting primitive: Mesh_1776
01:30:49 | INFO: Primitives created: 1
01:30:49 | INFO: Extracting primitive: Mesh_1777
01:30:49 | INFO: Primitives created: 1
01:30:49 | INFO: Extracting primitive: Mesh_1778
01:30:49 | INFO: Primitives created: 1
01:30:49 | INFO: Extracting primitive: Mesh_1779
01:30:49 | INFO: Primitives created: 1
01:30:49 | INFO: Extracting primitive: Mesh_1780
01:30:49 | INFO: Primitives created: 1
01:30:49 | INFO: Extracting primitive: Mesh_1781
01:30:49 | INFO: Primitives created: 1
01:30:49 | INFO: Extracting primitive: Mesh_1782
01:30:49 | INFO: Primitives created: 1
01:30:49 | INFO: Extracting primitive: Mesh_1783
01:30:49 | INFO: Primitives created: 1
01:30:49 | INFO: Extracting primitive: Mesh_1784
01:30:49 | INFO: Primitives created: 1
01:30:49 | INFO: Extracting primitive: Mesh_1785
01:30:49 | INFO: Primitives created: 1
01:30:49 | INFO: Extracting primitive: Mesh_1786
01:30:49 | INFO: Primitives created: 1
01:30:49 | INFO: Extracting primitive: Mesh_1787
01:30:49 | INFO: Primitives created: 1
01:30:49 | INFO: Extracting primitive: Mesh_1788
01:30:49 | INFO: Primitives created: 1
01:30:49 | INFO: Extracting primitive: Mesh_1789
01:30:49 | INFO: Primitives created: 1
01:30:49 | INFO: Extracting primitive: Mesh_1790
01:30:49 | INFO: Primitives created: 1
01:30:49 | INFO: Extracting primitive: Mesh_1791
01:30:49 | INFO: Primitives created: 1
01:30:49 | INFO: Extracting primitive: Mesh_1792
01:30:49 | INFO: Primitives created: 1
01:30:49 | INFO: Extracting primitive: Mesh_1793
01:30:49 | INFO: Primitives created: 1
01:30:49 | INFO: Extracting primitive: Mesh_1794
01:30:49 | INFO: Primitives created: 1
01:30:49 | INFO: Extracting primitive: Mesh_1795
01:30:49 | INFO: Primitives created: 1
01:30:49 | INFO: Extracting primitive: Mesh_1796
01:30:49 | INFO: Primitives created: 1
01:30:49 | INFO: Extracting primitive: Mesh_1797
01:30:49 | INFO: Primitives created: 1
01:30:49 | INFO: Extracting primitive: Mesh_1798
01:30:49 | INFO: Primitives created: 1
01:30:49 | INFO: Extracting primitive: Mesh_1799
01:30:49 | INFO: Primitives created: 1
01:30:49 | INFO: Extracting primitive: Mesh_1800
01:30:49 | INFO: Primitives created: 1
01:30:49 | INFO: Extracting primitive: Mesh_1801
01:30:49 | INFO: Primitives created: 1
01:30:49 | INFO: Extracting primitive: Mesh_1802
01:30:49 | INFO: Primitives created: 1
01:30:49 | INFO: Extracting primitive: Mesh_1803
01:30:49 | INFO: Primitives created: 1
01:30:49 | INFO: Extracting primitive: Mesh_1804
01:30:49 | INFO: Primitives created: 1
01:30:49 | INFO: Extracting primitive: Mesh_1805
01:30:49 | INFO: Primitives created: 1
01:30:49 | INFO: Extracting primitive: Mesh_1806
01:30:49 | INFO: Primitives created: 1
01:30:49 | INFO: Extracting primitive: Mesh_1807
01:30:49 | INFO: Primitives created: 1
01:30:49 | INFO: Extracting primitive: Mesh_1808
01:30:49 | INFO: Primitives created: 1
01:30:49 | INFO: Extracting primitive: Mesh_1809
01:30:49 | INFO: Primitives created: 1
01:30:49 | INFO: Extracting primitive: Mesh_1810
01:30:49 | INFO: Primitives created: 1
01:30:49 | INFO: Extracting primitive: Mesh_1811
01:30:49 | INFO: Primitives created: 1
01:30:49 | INFO: Extracting primitive: Mesh_1812
01:30:49 | INFO: Primitives created: 1
01:30:49 | INFO: Extracting primitive: Mesh_1813
01:30:49 | INFO: Primitives created: 1
01:30:49 | INFO: Extracting primitive: Mesh_1814
01:30:49 | INFO: Primitives created: 1
01:30:49 | INFO: Extracting primitive: Mesh_1815
01:30:49 | INFO: Primitives created: 1
01:30:49 | INFO: Extracting primitive: Mesh_1816
01:30:49 | INFO: Primitives created: 1
01:30:49 | INFO: Extracting primitive: Mesh_1817
01:30:49 | INFO: Primitives created: 1
01:30:49 | INFO: Extracting primitive: Mesh_1818
01:30:49 | INFO: Primitives created: 1
01:30:49 | INFO: Extracting primitive: Mesh_1819
01:30:49 | INFO: Primitives created: 1
01:30:49 | INFO: Extracting primitive: Mesh_1820
01:30:49 | INFO: Primitives created: 1
01:30:49 | INFO: Extracting primitive: Mesh_1821
01:30:49 | INFO: Primitives created: 1
01:30:49 | INFO: Extracting primitive: Mesh_1822
01:30:49 | INFO: Primitives created: 1
01:30:49 | INFO: Extracting primitive: Mesh_1823
01:30:49 | INFO: Primitives created: 1
01:30:49 | INFO: Extracting primitive: Mesh_1824
01:30:49 | INFO: Primitives created: 1
01:30:49 | INFO: Extracting primitive: Mesh_1825
01:30:49 | INFO: Primitives created: 1
01:30:49 | INFO: Extracting primitive: Mesh_1826
01:30:49 | INFO: Primitives created: 1
01:30:49 | INFO: Extracting primitive: Mesh_1827
01:30:49 | INFO: Primitives created: 1
01:30:49 | INFO: Extracting primitive: Mesh_1828
01:30:49 | INFO: Primitives created: 1
01:30:49 | INFO: Extracting primitive: Mesh_1829
01:30:49 | INFO: Primitives created: 1
01:30:49 | INFO: Extracting primitive: Mesh_1830
01:30:49 | INFO: Primitives created: 1
01:30:49 | INFO: Extracting primitive: Mesh_1831
01:30:49 | INFO: Primitives created: 1
01:30:49 | INFO: Extracting primitive: Mesh_1832
01:30:49 | INFO: Primitives created: 1
01:30:49 | INFO: Extracting primitive: Mesh_1833
01:30:49 | INFO: Primitives created: 1
01:30:49 | INFO: Extracting primitive: Mesh_1834
01:30:49 | INFO: Primitives created: 1
01:30:49 | INFO: Extracting primitive: Mesh_1835
01:30:49 | INFO: Primitives created: 1
01:30:49 | INFO: Extracting primitive: Mesh_1836
01:30:49 | INFO: Primitives created: 1
01:30:49 | INFO: Extracting primitive: Mesh_1837
01:30:49 | INFO: Primitives created: 1
01:30:49 | INFO: Extracting primitive: Mesh_1838
01:30:49 | INFO: Primitives created: 1
01:30:49 | INFO: Extracting primitive: Mesh_1839
01:30:49 | INFO: Primitives created: 1
01:30:49 | INFO: Extracting primitive: Mesh_1840
01:30:49 | INFO: Primitives created: 1
01:30:49 | INFO: Extracting primitive: Mesh_1841
01:30:49 | INFO: Primitives created: 1
01:30:49 | INFO: Extracting primitive: Mesh_1842
01:30:49 | INFO: Primitives created: 1
01:30:49 | INFO: Extracting primitive: Mesh_1843
01:30:49 | INFO: Primitives created: 1
01:30:49 | INFO: Extracting primitive: Mesh_1844
01:30:49 | INFO: Primitives created: 1
01:30:49 | INFO: Extracting primitive: Mesh_1845
01:30:49 | INFO: Primitives created: 1
01:30:49 | INFO: Extracting primitive: Mesh_1846
01:30:49 | INFO: Primitives created: 1
01:30:49 | INFO: Extracting primitive: Mesh_1847
01:30:49 | INFO: Primitives created: 1
01:30:49 | INFO: Extracting primitive: Mesh_1848
01:30:49 | INFO: Primitives created: 1
01:30:49 | INFO: Extracting primitive: Mesh_1849
01:30:49 | INFO: Primitives created: 1
01:30:49 | INFO: Extracting primitive: Mesh_1850
01:30:49 | INFO: Primitives created: 1
01:30:49 | INFO: Extracting primitive: Mesh_1851
01:30:49 | INFO: Primitives created: 1
01:30:49 | INFO: Extracting primitive: Mesh_1856
01:30:49 | INFO: Primitives created: 1
01:30:49 | INFO: Extracting primitive: Mesh_1861
01:30:49 | INFO: Primitives created: 1
01:30:49 | INFO: Extracting primitive: Mesh_1862
01:30:49 | INFO: Primitives created: 1
01:30:49 | INFO: Extracting primitive: Mesh_1863
01:30:49 | INFO: Primitives created: 1
01:30:49 | INFO: Extracting primitive: Mesh_1864
01:30:49 | INFO: Primitives created: 1
01:30:49 | INFO: Extracting primitive: Mesh_1865
01:30:49 | INFO: Primitives created: 1
01:30:49 | INFO: Extracting primitive: Mesh_1866
01:30:49 | INFO: Primitives created: 1
01:30:49 | INFO: Extracting primitive: Mesh_1867
01:30:49 | INFO: Primitives created: 1
01:30:49 | INFO: Extracting primitive: Mesh_1868
01:30:49 | INFO: Primitives created: 1
01:30:49 | INFO: Extracting primitive: Mesh_1869
01:30:49 | INFO: Primitives created: 1
01:30:49 | INFO: Extracting primitive: Mesh_1870
01:30:49 | INFO: Primitives created: 1
01:30:49 | INFO: Extracting primitive: Mesh_1871
01:30:49 | INFO: Primitives created: 1
01:30:49 | INFO: Extracting primitive: Mesh_1872
01:30:49 | INFO: Primitives created: 1
01:30:49 | INFO: Extracting primitive: Mesh_1873
01:30:49 | INFO: Primitives created: 1
01:30:49 | INFO: Extracting primitive: Mesh_1874
01:30:49 | INFO: Primitives created: 1
01:30:49 | INFO: Extracting primitive: Mesh_1875
01:30:49 | INFO: Primitives created: 1
01:30:49 | INFO: Extracting primitive: Mesh_1876
01:30:49 | INFO: Primitives created: 1
01:30:49 | INFO: Extracting primitive: Mesh_1877
01:30:49 | INFO: Primitives created: 1
01:30:49 | INFO: Extracting primitive: Mesh_1878
01:30:49 | INFO: Primitives created: 1
01:30:49 | INFO: Extracting primitive: Mesh_1879
01:30:49 | INFO: Primitives created: 1
01:30:49 | INFO: Extracting primitive: Mesh_1880
01:30:49 | INFO: Primitives created: 1
01:30:49 | INFO: Extracting primitive: Mesh_1881
01:30:49 | INFO: Primitives created: 1
01:30:49 | INFO: Extracting primitive: Mesh_1882
01:30:49 | INFO: Primitives created: 1
01:30:49 | INFO: Extracting primitive: Mesh_1883
01:30:49 | INFO: Primitives created: 1
01:30:49 | INFO: Extracting primitive: Mesh_1884
01:30:49 | INFO: Primitives created: 1
01:30:49 | INFO: Extracting primitive: Mesh_1885
01:30:49 | INFO: Primitives created: 1
01:30:49 | INFO: Extracting primitive: Mesh_1886
01:30:49 | INFO: Primitives created: 1
01:30:49 | INFO: Extracting primitive: Mesh_1887
01:30:49 | INFO: Primitives created: 1
01:30:49 | INFO: Extracting primitive: Mesh_1888
01:30:49 | INFO: Primitives created: 1
01:30:49 | INFO: Extracting primitive: Mesh_1889
01:30:49 | INFO: Primitives created: 1
01:30:49 | INFO: Extracting primitive: Mesh_1890
01:30:49 | INFO: Primitives created: 1
01:30:49 | INFO: Extracting primitive: Mesh_1891
01:30:49 | INFO: Primitives created: 1
01:30:49 | INFO: Extracting primitive: Mesh_1892
01:30:49 | INFO: Primitives created: 1
01:30:49 | INFO: Extracting primitive: Mesh_1893
01:30:49 | INFO: Primitives created: 1
01:30:49 | INFO: Extracting primitive: Mesh_1894
01:30:49 | INFO: Primitives created: 1
01:30:49 | INFO: Extracting primitive: Mesh_1895
01:30:49 | INFO: Primitives created: 1
01:30:49 | INFO: Extracting primitive: Mesh_1896
01:30:49 | INFO: Primitives created: 1
01:30:49 | INFO: Extracting primitive: Mesh_1897
01:30:49 | INFO: Primitives created: 1
01:30:49 | INFO: Extracting primitive: Mesh_1898
01:30:49 | INFO: Primitives created: 1
01:30:49 | INFO: Extracting primitive: Mesh_1899
01:30:49 | INFO: Primitives created: 1
01:30:49 | INFO: Extracting primitive: Mesh_1900
01:30:49 | INFO: Primitives created: 1
01:30:49 | INFO: Extracting primitive: Mesh_1901
01:30:49 | INFO: Primitives created: 1
01:30:49 | INFO: Extracting primitive: Mesh_1902
01:30:49 | INFO: Primitives created: 1
01:30:49 | INFO: Extracting primitive: Mesh_1903
01:30:49 | INFO: Primitives created: 1
01:30:49 | INFO: Extracting primitive: Mesh_1904
01:30:49 | INFO: Primitives created: 1
01:30:49 | INFO: Extracting primitive: Mesh_1905
01:30:49 | INFO: Primitives created: 1
01:30:49 | INFO: Extracting primitive: Mesh_1906
01:30:49 | INFO: Primitives created: 1
01:30:49 | INFO: Extracting primitive: Mesh_1907
01:30:49 | INFO: Primitives created: 1
01:30:49 | INFO: Extracting primitive: Mesh_1908
01:30:49 | INFO: Primitives created: 1
01:30:49 | INFO: Extracting primitive: Mesh_1909
01:30:49 | INFO: Primitives created: 1
01:30:49 | INFO: Extracting primitive: Mesh_1910
01:30:49 | INFO: Primitives created: 1
01:30:49 | INFO: Extracting primitive: Mesh_1911
01:30:49 | INFO: Primitives created: 1
01:30:49 | INFO: Extracting primitive: Mesh_1912
01:30:49 | INFO: Primitives created: 1
01:30:49 | INFO: Extracting primitive: Mesh_1913
01:30:49 | INFO: Primitives created: 1
01:30:49 | INFO: Extracting primitive: Mesh_1914
01:30:49 | INFO: Primitives created: 1
01:30:49 | INFO: Extracting primitive: Mesh_1915
01:30:49 | INFO: Primitives created: 1
01:30:49 | INFO: Extracting primitive: Mesh_1916
01:30:49 | INFO: Primitives created: 1
01:30:49 | INFO: Extracting primitive: Mesh_1917
01:30:49 | INFO: Primitives created: 1
01:30:49 | INFO: Extracting primitive: Mesh_1918
01:30:49 | INFO: Primitives created: 1
01:30:49 | INFO: Extracting primitive: Mesh_1919
01:30:49 | INFO: Primitives created: 1
01:30:49 | INFO: Extracting primitive: Mesh_1920
01:30:49 | INFO: Primitives created: 1
01:30:49 | INFO: Extracting primitive: Mesh_1921
01:30:49 | INFO: Primitives created: 1
01:30:49 | INFO: Extracting primitive: Mesh_1922
01:30:49 | INFO: Primitives created: 1
01:30:49 | INFO: Extracting primitive: Mesh_1923
01:30:49 | INFO: Primitives created: 1
01:30:49 | INFO: Extracting primitive: Mesh_1924
01:30:49 | INFO: Primitives created: 1
01:30:49 | INFO: Extracting primitive: Mesh_1925
01:30:49 | INFO: Primitives created: 1
01:30:49 | INFO: Extracting primitive: Mesh_1926
01:30:49 | INFO: Primitives created: 1
01:30:49 | INFO: Extracting primitive: Mesh_1927
01:30:49 | INFO: Primitives created: 1
01:30:49 | INFO: Extracting primitive: Mesh_1928
01:30:49 | INFO: Primitives created: 1
01:30:49 | INFO: Extracting primitive: Mesh_1929
01:30:49 | INFO: Primitives created: 1
01:30:49 | INFO: Extracting primitive: Mesh_1931
01:30:49 | INFO: Primitives created: 1
01:30:49 | INFO: Extracting primitive: Mesh_1933
01:30:49 | INFO: Primitives created: 1
01:30:49 | INFO: Extracting primitive: Mesh_1935
01:30:49 | INFO: Primitives created: 1
01:30:49 | INFO: Extracting primitive: Mesh_1936
01:30:49 | INFO: Primitives created: 1
01:30:49 | INFO: Extracting primitive: Mesh_1930
01:30:49 | INFO: Primitives created: 1
01:30:49 | INFO: Extracting primitive: Mesh_1932
01:30:49 | INFO: Primitives created: 1
01:30:49 | INFO: Extracting primitive: Mesh_1934
01:30:49 | INFO: Primitives created: 1
01:30:49 | INFO: Extracting primitive: Cube.044
01:30:49 | INFO: Primitives created: 1
01:30:49 | INFO: Extracting primitive: Cube.045
01:30:49 | INFO: Primitives created: 1
01:30:49 | INFO: Extracting primitive: Cube.037
01:30:49 | INFO: Primitives created: 1
01:30:49 | INFO: Extracting primitive: Cube.038
01:30:49 | INFO: Primitives created: 1
01:30:49 | INFO: Extracting primitive: Cube.039
01:30:49 | INFO: Primitives created: 1
01:30:49 | INFO: Extracting primitive: Cube.040
01:30:49 | INFO: Primitives created: 1
01:30:49 | INFO: Extracting primitive: Cube.041
01:30:49 | INFO: Primitives created: 1
01:30:49 | INFO: Extracting primitive: Cube.042
01:30:49 | INFO: Primitives created: 1
01:30:49 | INFO: Extracting primitive: WELLNESS_ENTRANCE_SIGNAGE_CURVE
01:30:49 | INFO: Primitives created: 1
01:30:49 | INFO: Extracting primitive: Cube.043
01:30:49 | INFO: Primitives created: 1
01:32:24 | INFO: Finished glTF 2.0 export in 105.96821212768555 s

{
  "status": "BUILT",
  "revision": "REV005",
  "collection": "REV005_INTERIOR_REMEDIATION_V05",
  "before_blend_sha256": "EC1B7ABDB86A8FCF1443E780497B49FDDD4268B57EC48106D6D2FDB2D00008BB",
  "before_glb_sha256": "5BFD2590AC73EF7D02479FBEE29880EB492FF207247F4E8BAB90C79D60131D07",
  "after_blend_sha256": "B4F24C77EDDCCC273B6D283AAE08C49AABE0063241C17039E1C39CF4BA5D89E6",
  "after_glb_sha256": "1BF506A0EF8ADAF73D20CADAAD151258E293929440FFE681AC6A2ABD21CE4D20",
  "object_count": 1853,
  "blend": "C:\\Users\\sekip\\Desktop\\POVU-Kenya-FMCG-Campus-repo\\3d\\revisions\\REV005\\POVU_KENYA_FMCG_CAMPUS_REV005_INTERIOR_COMPLETION_MASTER.blend",
  "glb": "C:\\Users\\sekip\\Desktop\\POVU-Kenya-FMCG-Campus-repo\\3d\\revisions\\REV005\\POVU_REV005_INTERIOR_COMPLETION_MASTER.glb",
  "no_hiveai": true,
  "no_rev006": true,
  "no_tour": true
}
BlenderMCP addon unregistered
Blender 5.2.2 LTS (hash d13f752e3b9c built 2026-09-15 01:37:04)

Blender quit
