00:01.579  blend            | Read blend: "C:\Users\sekip\Desktop\POVU-Kenya-FMCG-Campus-repo\3d\revisions\REV005\POVU_KENYA_FMCG_CAMPUS_REV005_INTERIOR_COMPLETION_MASTER.blend"
C:\Users\sekip\Desktop\POVU-Kenya-FMCG-Campus-repo\3d\revisions\REV005\pipeline\build_rev005_interior_remediation_v04.py:20: DeprecationWarning: 'Material.use_nodes' is expected to be removed in Blender 6.0
  m.diffuse_color = (*color, 1); m.use_nodes = True
BlenderMCP addon registered
Info: Saved as "POVU_KENYA_FMCG_CAMPUS_REV005_INTERIOR_COMPLETION_MASTER.blend"
INFO Draco is available, use library at C:\Program Files\Blender Foundation\Blender 5.2\5.2\scripts\addons_core\io_scene_gltf2\bf_intern_draco_bridge.dll
INFO MeshOptimizer is available, use library at C:\Program Files\Blender Foundation\Blender 5.2\5.2\scripts\addons_core\io_scene_gltf2\bf_intern_meshopt_bridge.dll
20:49:38 | INFO: Starting glTF 2.0 export
20:49:38 | INFO: Extracting primitive: Cube.017
20:49:38 | INFO: Primitives created: 1
20:49:38 | INFO: Extracting primitive: Cube.018
20:49:38 | INFO: Primitives created: 1
20:49:38 | INFO: Extracting primitive: Cube.010
20:49:38 | INFO: Primitives created: 1
20:49:38 | INFO: Extracting primitive: Cube.011
20:49:38 | INFO: Primitives created: 1
20:49:38 | INFO: Extracting primitive: Cube.012
20:49:38 | INFO: Primitives created: 1
20:49:38 | INFO: Extracting primitive: Cube.013
20:49:38 | INFO: Primitives created: 1
20:49:38 | INFO: Extracting primitive: Cube.014
20:49:38 | INFO: Primitives created: 1
20:49:38 | INFO: Extracting primitive: Cube.015
20:49:38 | INFO: Primitives created: 1
20:49:38 | INFO: Extracting primitive: ADMIN_HQ_ENTRANCE_SIGNAGE_CURVE
20:49:38 | INFO: Primitives created: 1
20:49:38 | INFO: Extracting primitive: Cube.016
20:49:38 | INFO: Primitives created: 1
20:49:38 | INFO: Extracting primitive: Cube.053
20:49:38 | INFO: Primitives created: 1
20:49:38 | INFO: Extracting primitive: Cube.054
20:49:38 | INFO: Primitives created: 1
20:49:38 | INFO: Extracting primitive: Cube.046
20:49:38 | INFO: Primitives created: 1
20:49:38 | INFO: Extracting primitive: Cube.047
20:49:38 | INFO: Primitives created: 1
20:49:38 | INFO: Extracting primitive: Cube.048
20:49:38 | INFO: Primitives created: 1
20:49:38 | INFO: Extracting primitive: Cube.049
20:49:38 | INFO: Primitives created: 1
20:49:38 | INFO: Extracting primitive: Cube.050
20:49:38 | INFO: Primitives created: 1
20:49:38 | INFO: Extracting primitive: Cube.051
20:49:38 | INFO: Primitives created: 1
20:49:38 | INFO: Extracting primitive: DAYCARE_ENTRANCE_SIGNAGE_CURVE
20:49:38 | INFO: Primitives created: 1
20:49:38 | INFO: Extracting primitive: Cube.052
20:49:38 | INFO: Primitives created: 1
20:49:38 | INFO: Extracting primitive: Cube.089
20:49:38 | INFO: Primitives created: 1
20:49:38 | INFO: Extracting primitive: Cube.090
20:49:38 | INFO: Primitives created: 1
20:49:38 | INFO: Extracting primitive: Cube.082
20:49:38 | INFO: Primitives created: 1
20:49:38 | INFO: Extracting primitive: Cube.083
20:49:38 | INFO: Primitives created: 1
20:49:38 | INFO: Extracting primitive: Cube.084
20:49:38 | INFO: Primitives created: 1
20:49:38 | INFO: Extracting primitive: Cube.085
20:49:38 | INFO: Primitives created: 1
20:49:38 | INFO: Extracting primitive: Cube.086
20:49:38 | INFO: Primitives created: 1
20:49:38 | INFO: Extracting primitive: Cube.087
20:49:38 | INFO: Primitives created: 1
20:49:38 | INFO: Extracting primitive: FG_PERSONNEL_ENTRANCE_SIGNAGE_CURVE
20:49:38 | INFO: Primitives created: 1
20:49:38 | INFO: Extracting primitive: Cube.088
20:49:38 | INFO: Primitives created: 1
20:49:38 | INFO: Extracting primitive: Cube.127
20:49:38 | INFO: Primitives created: 1
20:49:38 | INFO: Extracting primitive: Cube.128
20:49:38 | INFO: Primitives created: 1
20:49:38 | INFO: Extracting primitive: Cube.115
20:49:38 | INFO: Primitives created: 1
20:49:38 | INFO: Extracting primitive: Cube.116
20:49:38 | INFO: Primitives created: 1
20:49:38 | INFO: Extracting primitive: Cube.117
20:49:38 | INFO: Primitives created: 1
20:49:38 | INFO: Extracting primitive: Cube.118
20:49:38 | INFO: Primitives created: 1
20:49:38 | INFO: Extracting primitive: Cube.119
20:49:38 | INFO: Primitives created: 1
20:49:38 | INFO: Extracting primitive: Cube.120
20:49:38 | INFO: Primitives created: 1
20:49:38 | INFO: Extracting primitive: Cube.121
20:49:38 | INFO: Primitives created: 1
20:49:38 | INFO: Extracting primitive: Cube.122
20:49:38 | INFO: Primitives created: 1
20:49:38 | INFO: Extracting primitive: Cube.123
20:49:38 | INFO: Primitives created: 1
20:49:38 | INFO: Extracting primitive: Cube.124
20:49:38 | INFO: Primitives created: 1
20:49:38 | INFO: Extracting primitive: Cube.125
20:49:38 | INFO: Primitives created: 1
20:49:38 | INFO: Extracting primitive: Cube.126
20:49:38 | INFO: Primitives created: 1
20:49:38 | INFO: Extracting primitive: Cube.080
20:49:38 | INFO: Primitives created: 1
20:49:38 | INFO: Extracting primitive: Cube.081
20:49:38 | INFO: Primitives created: 1
20:49:38 | INFO: Extracting primitive: Cube.073
20:49:38 | INFO: Primitives created: 1
20:49:38 | INFO: Extracting primitive: Cube.074
20:49:38 | INFO: Primitives created: 1
20:49:38 | INFO: Extracting primitive: Cube.075
20:49:38 | INFO: Primitives created: 1
20:49:38 | INFO: Extracting primitive: Cube.076
20:49:38 | INFO: Primitives created: 1
20:49:38 | INFO: Extracting primitive: Cube.077
20:49:38 | INFO: Primitives created: 1
20:49:38 | INFO: Extracting primitive: Cube.078
20:49:38 | INFO: Primitives created: 1
20:49:38 | INFO: Extracting primitive: PACKAGING_PERSONNEL_ENTRANCE_SIGNAGE_CURVE
20:49:38 | INFO: Primitives created: 1
20:49:38 | INFO: Extracting primitive: Cube.079
20:49:38 | INFO: Primitives created: 1
20:49:38 | INFO: Extracting primitive: PRODUCTION_FLOOR_MESH
20:49:38 | INFO: Primitives created: 1
20:49:38 | INFO: Extracting primitive: Cube.062
20:49:38 | INFO: Primitives created: 1
20:49:38 | INFO: Extracting primitive: Cube.063
20:49:38 | INFO: Primitives created: 1
20:49:38 | INFO: Extracting primitive: Cube.055
20:49:38 | INFO: Primitives created: 1
20:49:38 | INFO: Extracting primitive: Cube.056
20:49:38 | INFO: Primitives created: 1
20:49:38 | INFO: Extracting primitive: Cube.057
20:49:38 | INFO: Primitives created: 1
20:49:38 | INFO: Extracting primitive: Cube.058
20:49:38 | INFO: Primitives created: 1
20:49:38 | INFO: Extracting primitive: Cube.059
20:49:38 | INFO: Primitives created: 1
20:49:38 | INFO: Extracting primitive: Cube.060
20:49:38 | INFO: Primitives created: 1
20:49:38 | INFO: Extracting primitive: PRODUCTION_PERSONNEL_ENTRANCE_SIGNAGE_CURVE
20:49:38 | INFO: Primitives created: 1
20:49:38 | INFO: Extracting primitive: Cube.061
20:49:38 | INFO: Primitives created: 1
20:49:38 | INFO: Extracting primitive: PRODUCTION_ROOF_MESH
20:49:38 | INFO: Primitives created: 1
20:49:38 | INFO: Extracting primitive: PRODUCTION_WALL_EAST_MESH
20:49:38 | INFO: Primitives created: 1
20:49:38 | INFO: Extracting primitive: PRODUCTION_WALL_NORTH_MESH
20:49:38 | INFO: Primitives created: 1
20:49:38 | INFO: Extracting primitive: PRODUCTION_WALL_SOUTH_MESH
20:49:38 | INFO: Primitives created: 1
20:49:38 | INFO: Extracting primitive: PRODUCTION_WALL_WEST_MESH
20:49:38 | INFO: Primitives created: 1
20:49:38 | INFO: Extracting primitive: Cube.026
20:49:38 | INFO: Primitives created: 1
20:49:38 | INFO: Extracting primitive: Cube.027
20:49:38 | INFO: Primitives created: 1
20:49:38 | INFO: Extracting primitive: Cube.019
20:49:38 | INFO: Primitives created: 1
20:49:38 | INFO: Extracting primitive: Cube.020
20:49:38 | INFO: Primitives created: 1
20:49:38 | INFO: Extracting primitive: Cube.021
20:49:38 | INFO: Primitives created: 1
20:49:38 | INFO: Extracting primitive: Cube.022
20:49:38 | INFO: Primitives created: 1
20:49:38 | INFO: Extracting primitive: Cube.023
20:49:38 | INFO: Primitives created: 1
20:49:38 | INFO: Extracting primitive: Cube.024
20:49:38 | INFO: Primitives created: 1
20:49:38 | INFO: Extracting primitive: R_D_QC_ENTRANCE_SIGNAGE_CURVE
20:49:38 | INFO: Primitives created: 1
20:49:38 | INFO: Extracting primitive: Cube.025
20:49:38 | INFO: Primitives created: 1
20:49:38 | INFO: Extracting primitive: Cube.035
20:49:38 | INFO: Primitives created: 1
20:49:38 | INFO: Extracting primitive: Cube.036
20:49:38 | INFO: Primitives created: 1
20:49:38 | INFO: Extracting primitive: Cube.028
20:49:38 | INFO: Primitives created: 1
20:49:38 | INFO: Extracting primitive: Cube.029
20:49:38 | INFO: Primitives created: 1
20:49:38 | INFO: Extracting primitive: Cube.030
20:49:38 | INFO: Primitives created: 1
20:49:38 | INFO: Extracting primitive: Cube.031
20:49:38 | INFO: Primitives created: 1
20:49:38 | INFO: Extracting primitive: Cube.032
20:49:38 | INFO: Primitives created: 1
20:49:38 | INFO: Extracting primitive: Cube.033
20:49:38 | INFO: Primitives created: 1
20:49:38 | INFO: Extracting primitive: RESTAURANT_ENTRANCE_SIGNAGE_CURVE
20:49:38 | INFO: Primitives created: 1
20:49:38 | INFO: Extracting primitive: Cube.034
20:49:38 | INFO: Primitives created: 1
20:49:38 | INFO: Extracting primitive: Cube.369
20:49:38 | INFO: Primitives created: 1
20:49:38 | INFO: Extracting primitive: Cube.370
20:49:38 | INFO: Primitives created: 1
20:49:38 | INFO: Extracting primitive: Cube.368
20:49:38 | INFO: Primitives created: 1
20:49:38 | INFO: Extracting primitive: Cube.367
20:49:38 | INFO: Primitives created: 1
20:49:38 | INFO: Extracting primitive: Cube.350
20:49:38 | INFO: Primitives created: 1
20:49:38 | INFO: Extracting primitive: Cube.349
20:49:38 | INFO: Primitives created: 1
20:49:38 | INFO: Extracting primitive: Cube.352
20:49:38 | INFO: Primitives created: 1
20:49:38 | INFO: Extracting primitive: Cube.351
20:49:38 | INFO: Primitives created: 1
20:49:38 | INFO: Extracting primitive: Cube.354
20:49:38 | INFO: Primitives created: 1
20:49:38 | INFO: Extracting primitive: Cube.353
20:49:38 | INFO: Primitives created: 1
20:49:38 | INFO: Extracting primitive: Cylinder.016
20:49:38 | INFO: Primitives created: 1
20:49:38 | INFO: Extracting primitive: Cube.356
20:49:38 | INFO: Primitives created: 1
20:49:38 | INFO: Extracting primitive: Cube.355
20:49:38 | INFO: Primitives created: 1
20:49:38 | INFO: Extracting primitive: Cube.358
20:49:38 | INFO: Primitives created: 1
20:49:38 | INFO: Extracting primitive: Cube.357
20:49:38 | INFO: Primitives created: 1
20:49:38 | INFO: Extracting primitive: Cube.360
20:49:38 | INFO: Primitives created: 1
20:49:38 | INFO: Extracting primitive: Cube.359
20:49:38 | INFO: Primitives created: 1
20:49:38 | INFO: Extracting primitive: Cylinder.017
20:49:38 | INFO: Primitives created: 1
20:49:38 | INFO: Extracting primitive: Cube.362
20:49:38 | INFO: Primitives created: 1
20:49:38 | INFO: Extracting primitive: Cube.361
20:49:38 | INFO: Primitives created: 1
20:49:38 | INFO: Extracting primitive: Cube.364
20:49:38 | INFO: Primitives created: 1
20:49:38 | INFO: Extracting primitive: Cube.363
20:49:38 | INFO: Primitives created: 1
20:49:38 | INFO: Extracting primitive: Cube.366
20:49:38 | INFO: Primitives created: 1
20:49:38 | INFO: Extracting primitive: Cube.365
20:49:38 | INFO: Primitives created: 1
20:49:38 | INFO: Extracting primitive: Cylinder.018
20:49:38 | INFO: Primitives created: 1
20:49:38 | INFO: Extracting primitive: Cube.175
20:49:38 | INFO: Primitives created: 1
20:49:38 | INFO: Extracting primitive: Cube.133
20:49:38 | INFO: Primitives created: 1
20:49:38 | INFO: Extracting primitive: Cube.134
20:49:38 | INFO: Primitives created: 1
20:49:38 | INFO: Extracting primitive: Cube.131
20:49:38 | INFO: Primitives created: 1
20:49:38 | INFO: Extracting primitive: Cube.132
20:49:38 | INFO: Primitives created: 1
20:49:38 | INFO: Extracting primitive: Cube.130
20:49:38 | INFO: Primitives created: 1
20:49:38 | INFO: Extracting primitive: Cube.565
20:49:38 | INFO: Primitives created: 1
20:49:38 | INFO: Extracting primitive: Cube.566
20:49:38 | INFO: Primitives created: 1
20:49:38 | INFO: Extracting primitive: Cube.567
20:49:38 | INFO: Primitives created: 1
20:49:38 | INFO: Extracting primitive: Cylinder.023
20:49:38 | INFO: Primitives created: 1
20:49:38 | INFO: Extracting primitive: Cube.570
20:49:38 | INFO: Primitives created: 1
20:49:38 | INFO: Extracting primitive: Cube.571
20:49:38 | INFO: Primitives created: 1
20:49:38 | INFO: Extracting primitive: Cube.568
20:49:38 | INFO: Primitives created: 1
20:49:38 | INFO: Extracting primitive: Cube.569
20:49:38 | INFO: Primitives created: 1
20:49:38 | INFO: Extracting primitive: Cube.315
20:49:38 | INFO: Primitives created: 1
20:49:38 | INFO: Extracting primitive: Cube.314
20:49:38 | INFO: Primitives created: 1
20:49:38 | INFO: Extracting primitive: Cube.317
20:49:38 | INFO: Primitives created: 1
20:49:38 | INFO: Extracting primitive: Cube.316
20:49:38 | INFO: Primitives created: 1
20:49:38 | INFO: Extracting primitive: Cylinder.012
20:49:38 | INFO: Primitives created: 1
20:49:38 | INFO: Extracting primitive: Cube.319
20:49:38 | INFO: Primitives created: 1
20:49:38 | INFO: Extracting primitive: Cube.318
20:49:38 | INFO: Primitives created: 1
20:49:38 | INFO: Extracting primitive: Cube.321
20:49:38 | INFO: Primitives created: 1
20:49:38 | INFO: Extracting primitive: Cube.320
20:49:38 | INFO: Primitives created: 1
20:49:38 | INFO: Extracting primitive: Cylinder.013
20:49:38 | INFO: Primitives created: 1
20:49:38 | INFO: Extracting primitive: Cube.323
20:49:38 | INFO: Primitives created: 1
20:49:38 | INFO: Extracting primitive: Cube.322
20:49:38 | INFO: Primitives created: 1
20:49:38 | INFO: Extracting primitive: Cube.325
20:49:38 | INFO: Primitives created: 1
20:49:38 | INFO: Extracting primitive: Cube.324
20:49:38 | INFO: Primitives created: 1
20:49:38 | INFO: Extracting primitive: Cylinder.014
20:49:38 | INFO: Primitives created: 1
20:49:38 | INFO: Extracting primitive: Cube.327
20:49:38 | INFO: Primitives created: 1
20:49:38 | INFO: Extracting primitive: Cube.326
20:49:38 | INFO: Primitives created: 1
20:49:38 | INFO: Extracting primitive: Cube.329
20:49:38 | INFO: Primitives created: 1
20:49:38 | INFO: Extracting primitive: Cube.328
20:49:38 | INFO: Primitives created: 1
20:49:38 | INFO: Extracting primitive: Cylinder.015
20:49:38 | INFO: Primitives created: 1
20:49:38 | INFO: Extracting primitive: Cube.277
20:49:38 | INFO: Primitives created: 1
20:49:38 | INFO: Extracting primitive: Cube.572
20:49:38 | INFO: Primitives created: 1
20:49:38 | INFO: Extracting primitive: Cube.573
20:49:38 | INFO: Primitives created: 1
20:49:38 | INFO: Extracting primitive: Cube.574
20:49:38 | INFO: Primitives created: 1
20:49:38 | INFO: Extracting primitive: Cylinder.024
20:49:38 | INFO: Primitives created: 1
20:49:38 | INFO: Extracting primitive: Cube.577
20:49:38 | INFO: Primitives created: 1
20:49:38 | INFO: Extracting primitive: Cube.578
20:49:38 | INFO: Primitives created: 1
20:49:38 | INFO: Extracting primitive: Cube.575
20:49:38 | INFO: Primitives created: 1
20:49:38 | INFO: Extracting primitive: Cube.576
20:49:38 | INFO: Primitives created: 1
20:49:38 | INFO: Extracting primitive: Cube.542
20:49:38 | INFO: Primitives created: 1
20:49:38 | INFO: Extracting primitive: Cube.543
20:49:38 | INFO: Primitives created: 1
20:49:38 | INFO: Extracting primitive: Cube.544
20:49:38 | INFO: Primitives created: 1
20:49:38 | INFO: Extracting primitive: Cube.545
20:49:38 | INFO: Primitives created: 1
20:49:38 | INFO: Extracting primitive: Cube.546
20:49:38 | INFO: Primitives created: 1
20:49:38 | INFO: Extracting primitive: Cube.547
20:49:38 | INFO: Primitives created: 1
20:49:38 | INFO: Extracting primitive: Cube.548
20:49:38 | INFO: Primitives created: 1
20:49:38 | INFO: Extracting primitive: Cube.549
20:49:38 | INFO: Primitives created: 1
20:49:38 | INFO: Extracting primitive: Cube.550
20:49:38 | INFO: Primitives created: 1
20:49:38 | INFO: Extracting primitive: Cylinder.022
20:49:38 | INFO: Primitives created: 1
20:49:38 | INFO: Extracting primitive: Cube.551
20:49:38 | INFO: Primitives created: 1
20:49:38 | INFO: Extracting primitive: Cube.552
20:49:38 | INFO: Primitives created: 1
20:49:38 | INFO: Extracting primitive: Cylinder.019
20:49:38 | INFO: Primitives created: 1
20:49:38 | INFO: Extracting primitive: Cylinder.020
20:49:38 | INFO: Primitives created: 1
20:49:38 | INFO: Extracting primitive: Cylinder.021
20:49:38 | INFO: Primitives created: 1
20:49:38 | INFO: Extracting primitive: Cube.541
20:49:38 | INFO: Primitives created: 1
20:49:38 | INFO: Extracting primitive: Cube.271
20:49:38 | INFO: Primitives created: 1
20:49:38 | INFO: Extracting primitive: Cube.267
20:49:38 | INFO: Primitives created: 1
20:49:38 | INFO: Extracting primitive: Cylinder.007
20:49:38 | INFO: Primitives created: 1
20:49:38 | INFO: Extracting primitive: Cube.272
20:49:38 | INFO: Primitives created: 1
20:49:38 | INFO: Extracting primitive: Cube.273
20:49:38 | INFO: Primitives created: 1
20:49:38 | INFO: Extracting primitive: Cube.269
20:49:38 | INFO: Primitives created: 1
20:49:38 | INFO: Extracting primitive: Cube.270
20:49:38 | INFO: Primitives created: 1
20:49:38 | INFO: Extracting primitive: Cube.268
20:49:38 | INFO: Primitives created: 1
20:49:38 | INFO: Extracting primitive: Cube.259
20:49:38 | INFO: Primitives created: 1
20:49:38 | INFO: Extracting primitive: Cube.260
20:49:38 | INFO: Primitives created: 1
20:49:38 | INFO: Extracting primitive: Cube.258
20:49:38 | INFO: Primitives created: 1
20:49:38 | INFO: Extracting primitive: Cube.262
20:49:38 | INFO: Primitives created: 1
20:49:38 | INFO: Extracting primitive: Cube.261
20:49:38 | INFO: Primitives created: 1
20:49:38 | INFO: Extracting primitive: Cube.264
20:49:38 | INFO: Primitives created: 1
20:49:38 | INFO: Extracting primitive: Cube.263
20:49:38 | INFO: Primitives created: 1
20:49:38 | INFO: Extracting primitive: Cube.266
20:49:38 | INFO: Primitives created: 1
20:49:38 | INFO: Extracting primitive: Cube.265
20:49:38 | INFO: Primitives created: 1
20:49:38 | INFO: Extracting primitive: Cylinder.006
20:49:38 | INFO: Primitives created: 1
20:49:38 | INFO: Extracting primitive: Cube.220
20:49:38 | INFO: Primitives created: 1
20:49:38 | INFO: Extracting primitive: Cube.223
20:49:38 | INFO: Primitives created: 1
20:49:38 | INFO: Extracting primitive: Cube.222
20:49:38 | INFO: Primitives created: 1
20:49:38 | INFO: Extracting primitive: Cube.225
20:49:38 | INFO: Primitives created: 1
20:49:38 | INFO: Extracting primitive: Cube.224
20:49:38 | INFO: Primitives created: 1
20:49:38 | INFO: Extracting primitive: Cube.227
20:49:38 | INFO: Primitives created: 1
20:49:38 | INFO: Extracting primitive: Cube.226
20:49:38 | INFO: Primitives created: 1
20:49:38 | INFO: Extracting primitive: Cylinder.002
20:49:38 | INFO: Primitives created: 1
20:49:38 | INFO: Extracting primitive: Cube.229
20:49:38 | INFO: Primitives created: 1
20:49:38 | INFO: Extracting primitive: Cube.228
20:49:38 | INFO: Primitives created: 1
20:49:38 | INFO: Extracting primitive: Cube.231
20:49:38 | INFO: Primitives created: 1
20:49:38 | INFO: Extracting primitive: Cube.230
20:49:38 | INFO: Primitives created: 1
20:49:38 | INFO: Extracting primitive: Cube.233
20:49:38 | INFO: Primitives created: 1
20:49:38 | INFO: Extracting primitive: Cube.232
20:49:38 | INFO: Primitives created: 1
20:49:38 | INFO: Extracting primitive: Cylinder.003
20:49:38 | INFO: Primitives created: 1
20:49:38 | INFO: Extracting primitive: Cube.235
20:49:38 | INFO: Primitives created: 1
20:49:38 | INFO: Extracting primitive: Cube.234
20:49:38 | INFO: Primitives created: 1
20:49:38 | INFO: Extracting primitive: Cube.237
20:49:38 | INFO: Primitives created: 1
20:49:38 | INFO: Extracting primitive: Cube.236
20:49:38 | INFO: Primitives created: 1
20:49:38 | INFO: Extracting primitive: Cube.239
20:49:38 | INFO: Primitives created: 1
20:49:38 | INFO: Extracting primitive: Cube.238
20:49:38 | INFO: Primitives created: 1
20:49:38 | INFO: Extracting primitive: Cylinder.004
20:49:38 | INFO: Primitives created: 1
20:49:38 | INFO: Extracting primitive: Cube.241
20:49:38 | INFO: Primitives created: 1
20:49:38 | INFO: Extracting primitive: Cube.240
20:49:38 | INFO: Primitives created: 1
20:49:38 | INFO: Extracting primitive: Cube.243
20:49:38 | INFO: Primitives created: 1
20:49:38 | INFO: Extracting primitive: Cube.242
20:49:38 | INFO: Primitives created: 1
20:49:38 | INFO: Extracting primitive: Cube.245
20:49:38 | INFO: Primitives created: 1
20:49:38 | INFO: Extracting primitive: Cube.244
20:49:38 | INFO: Primitives created: 1
20:49:38 | INFO: Extracting primitive: Cylinder.005
20:49:38 | INFO: Primitives created: 1
20:49:39 | INFO: Extracting primitive: Cube.246
20:49:39 | INFO: Primitives created: 1
20:49:39 | INFO: Extracting primitive: Cube.247
20:49:39 | INFO: Primitives created: 1
20:49:39 | INFO: Extracting primitive: Cube.248
20:49:39 | INFO: Primitives created: 1
20:49:39 | INFO: Extracting primitive: Cube.249
20:49:39 | INFO: Primitives created: 1
20:49:39 | INFO: Extracting primitive: Cube.250
20:49:39 | INFO: Primitives created: 1
20:49:39 | INFO: Extracting primitive: Cube.251
20:49:39 | INFO: Primitives created: 1
20:49:39 | INFO: Extracting primitive: Cube.252
20:49:39 | INFO: Primitives created: 1
20:49:39 | INFO: Extracting primitive: Cube.253
20:49:39 | INFO: Primitives created: 1
20:49:39 | INFO: Extracting primitive: Cube.254
20:49:39 | INFO: Primitives created: 1
20:49:39 | INFO: Extracting primitive: Cube.255
20:49:39 | INFO: Primitives created: 1
20:49:39 | INFO: Extracting primitive: Cube.221
20:49:39 | INFO: Primitives created: 1
20:49:39 | INFO: Extracting primitive: Cube.256
20:49:39 | INFO: Primitives created: 1
20:49:39 | INFO: Extracting primitive: Cube.283
20:49:39 | INFO: Primitives created: 1
20:49:39 | INFO: Extracting primitive: Cube.282
20:49:39 | INFO: Primitives created: 1
20:49:39 | INFO: Extracting primitive: Cube.285
20:49:39 | INFO: Primitives created: 1
20:49:39 | INFO: Extracting primitive: Cube.284
20:49:39 | INFO: Primitives created: 1
20:49:39 | INFO: Extracting primitive: Cube.287
20:49:39 | INFO: Primitives created: 1
20:49:39 | INFO: Extracting primitive: Cube.286
20:49:39 | INFO: Primitives created: 1
20:49:39 | INFO: Extracting primitive: Cube.289
20:49:39 | INFO: Primitives created: 1
20:49:39 | INFO: Extracting primitive: Cube.288
20:49:39 | INFO: Primitives created: 1
20:49:39 | INFO: Extracting primitive: Cylinder.008
20:49:39 | INFO: Primitives created: 1
20:49:39 | INFO: Extracting primitive: Cube.291
20:49:39 | INFO: Primitives created: 1
20:49:39 | INFO: Extracting primitive: Cube.290
20:49:39 | INFO: Primitives created: 1
20:49:39 | INFO: Extracting primitive: Cube.293
20:49:39 | INFO: Primitives created: 1
20:49:39 | INFO: Extracting primitive: Cube.292
20:49:39 | INFO: Primitives created: 1
20:49:39 | INFO: Extracting primitive: Cube.295
20:49:39 | INFO: Primitives created: 1
20:49:39 | INFO: Extracting primitive: Cube.294
20:49:39 | INFO: Primitives created: 1
20:49:39 | INFO: Extracting primitive: Cube.297
20:49:39 | INFO: Primitives created: 1
20:49:39 | INFO: Extracting primitive: Cube.296
20:49:39 | INFO: Primitives created: 1
20:49:39 | INFO: Extracting primitive: Cylinder.009
20:49:39 | INFO: Primitives created: 1
20:49:39 | INFO: Extracting primitive: Cube.299
20:49:39 | INFO: Primitives created: 1
20:49:39 | INFO: Extracting primitive: Cube.298
20:49:39 | INFO: Primitives created: 1
20:49:39 | INFO: Extracting primitive: Cube.301
20:49:39 | INFO: Primitives created: 1
20:49:39 | INFO: Extracting primitive: Cube.300
20:49:39 | INFO: Primitives created: 1
20:49:39 | INFO: Extracting primitive: Cube.303
20:49:39 | INFO: Primitives created: 1
20:49:39 | INFO: Extracting primitive: Cube.302
20:49:39 | INFO: Primitives created: 1
20:49:39 | INFO: Extracting primitive: Cube.305
20:49:39 | INFO: Primitives created: 1
20:49:39 | INFO: Extracting primitive: Cube.304
20:49:39 | INFO: Primitives created: 1
20:49:39 | INFO: Extracting primitive: Cylinder.010
20:49:39 | INFO: Primitives created: 1
20:49:39 | INFO: Extracting primitive: Cube.307
20:49:39 | INFO: Primitives created: 1
20:49:39 | INFO: Extracting primitive: Cube.306
20:49:39 | INFO: Primitives created: 1
20:49:39 | INFO: Extracting primitive: Cube.309
20:49:39 | INFO: Primitives created: 1
20:49:39 | INFO: Extracting primitive: Cube.308
20:49:39 | INFO: Primitives created: 1
20:49:39 | INFO: Extracting primitive: Cube.311
20:49:39 | INFO: Primitives created: 1
20:49:39 | INFO: Extracting primitive: Cube.310
20:49:39 | INFO: Primitives created: 1
20:49:39 | INFO: Extracting primitive: Cube.313
20:49:39 | INFO: Primitives created: 1
20:49:39 | INFO: Extracting primitive: Cube.312
20:49:39 | INFO: Primitives created: 1
20:49:39 | INFO: Extracting primitive: Cylinder.011
20:49:39 | INFO: Primitives created: 1
20:49:39 | INFO: Extracting primitive: Cube.330
20:49:39 | INFO: Primitives created: 1
20:49:39 | INFO: Extracting primitive: Cube.624
20:49:39 | INFO: Primitives created: 1
20:49:39 | INFO: Extracting primitive: Cube.621
20:49:39 | INFO: Primitives created: 1
20:49:39 | INFO: Extracting primitive: Cube.640
20:49:39 | INFO: Primitives created: 1
20:49:39 | INFO: Extracting primitive: Cube.641
20:49:39 | INFO: Primitives created: 1
20:49:39 | INFO: Extracting primitive: Cube.642
20:49:39 | INFO: Primitives created: 1
20:49:39 | INFO: Extracting primitive: Cube.638
20:49:39 | INFO: Primitives created: 1
20:49:39 | INFO: Extracting primitive: Cube.639
20:49:39 | INFO: Primitives created: 1
20:49:39 | INFO: Extracting primitive: Cube.637
20:49:39 | INFO: Primitives created: 1
20:49:39 | INFO: Extracting primitive: Cylinder.030
20:49:39 | INFO: Primitives created: 1
20:49:39 | INFO: Extracting primitive: Cube.643
20:49:39 | INFO: Primitives created: 1
20:49:39 | INFO: Extracting primitive: Cube.644
20:49:39 | INFO: Primitives created: 1
20:49:39 | INFO: Extracting primitive: Cube.561
20:49:39 | INFO: Primitives created: 1
20:49:39 | INFO: Extracting primitive: Cube.562
20:49:39 | INFO: Primitives created: 1
20:49:39 | INFO: Extracting primitive: Cube.563
20:49:39 | INFO: Primitives created: 1
20:49:39 | INFO: Extracting primitive: Cube.564
20:49:39 | INFO: Primitives created: 1
20:49:39 | INFO: Extracting primitive: Cube.622
20:49:39 | INFO: Primitives created: 1
20:49:39 | INFO: Extracting primitive: Cube.623
20:49:39 | INFO: Primitives created: 1
20:49:39 | INFO: Extracting primitive: Cube.645
20:49:39 | INFO: Primitives created: 1
20:49:39 | INFO: Extracting primitive: Cube.649
20:49:39 | INFO: Primitives created: 1
20:49:39 | INFO: Extracting primitive: Cube.646
20:49:39 | INFO: Primitives created: 1
20:49:39 | INFO: Extracting primitive: Cube.650
20:49:39 | INFO: Primitives created: 1
20:49:39 | INFO: Extracting primitive: Cube.647
20:49:39 | INFO: Primitives created: 1
20:49:39 | INFO: Extracting primitive: Cube.651
20:49:39 | INFO: Primitives created: 1
20:49:39 | INFO: Extracting primitive: Cube.648
20:49:39 | INFO: Primitives created: 1
20:49:39 | INFO: Extracting primitive: Cube.652
20:49:39 | INFO: Primitives created: 1
20:49:39 | INFO: Extracting primitive: Cube.219
20:49:39 | INFO: Primitives created: 1
20:49:39 | INFO: Extracting primitive: Cube.214
20:49:39 | INFO: Primitives created: 1
20:49:39 | INFO: Extracting primitive: Cube.215
20:49:39 | INFO: Primitives created: 1
20:49:39 | INFO: Extracting primitive: Cube.213
20:49:39 | INFO: Primitives created: 1
20:49:39 | INFO: Extracting primitive: Cube.216
20:49:39 | INFO: Primitives created: 1
20:49:39 | INFO: Extracting primitive: Cube.217
20:49:39 | INFO: Primitives created: 1
20:49:39 | INFO: Extracting primitive: Cube.218
20:49:39 | INFO: Primitives created: 1
20:49:39 | INFO: Extracting primitive: Cube.683
20:49:39 | INFO: Primitives created: 1
20:49:39 | INFO: Extracting primitive: Cube.659
20:49:39 | INFO: Primitives created: 1
20:49:39 | INFO: Extracting primitive: Cube.665
20:49:39 | INFO: Primitives created: 1
20:49:39 | INFO: Extracting primitive: Cube.666
20:49:39 | INFO: Primitives created: 1
20:49:39 | INFO: Extracting primitive: Cube.664
20:49:39 | INFO: Primitives created: 1
20:49:39 | INFO: Extracting primitive: Cube.668
20:49:39 | INFO: Primitives created: 1
20:49:39 | INFO: Extracting primitive: Cube.667
20:49:39 | INFO: Primitives created: 1
20:49:39 | INFO: Extracting primitive: Cube.670
20:49:39 | INFO: Primitives created: 1
20:49:39 | INFO: Extracting primitive: Cube.669
20:49:39 | INFO: Primitives created: 1
20:49:39 | INFO: Extracting primitive: Cube.672
20:49:39 | INFO: Primitives created: 1
20:49:39 | INFO: Extracting primitive: Cube.671
20:49:39 | INFO: Primitives created: 1
20:49:39 | INFO: Extracting primitive: Cube.674
20:49:39 | INFO: Primitives created: 1
20:49:39 | INFO: Extracting primitive: Cube.673
20:49:39 | INFO: Primitives created: 1
20:49:39 | INFO: Extracting primitive: Cylinder.032
20:49:39 | INFO: Primitives created: 1
20:49:39 | INFO: Extracting primitive: Cube.676
20:49:39 | INFO: Primitives created: 1
20:49:39 | INFO: Extracting primitive: Cube.675
20:49:39 | INFO: Primitives created: 1
20:49:39 | INFO: Extracting primitive: Cube.678
20:49:39 | INFO: Primitives created: 1
20:49:39 | INFO: Extracting primitive: Cube.677
20:49:39 | INFO: Primitives created: 1
20:49:39 | INFO: Extracting primitive: Cube.680
20:49:39 | INFO: Primitives created: 1
20:49:39 | INFO: Extracting primitive: Cube.679
20:49:39 | INFO: Primitives created: 1
20:49:39 | INFO: Extracting primitive: Cube.682
20:49:39 | INFO: Primitives created: 1
20:49:39 | INFO: Extracting primitive: Cube.681
20:49:39 | INFO: Primitives created: 1
20:49:39 | INFO: Extracting primitive: Cylinder.033
20:49:39 | INFO: Primitives created: 1
20:49:39 | INFO: Extracting primitive: Cube.660
20:49:39 | INFO: Primitives created: 1
20:49:39 | INFO: Extracting primitive: Cube.661
20:49:39 | INFO: Primitives created: 1
20:49:39 | INFO: Extracting primitive: Cube.662
20:49:39 | INFO: Primitives created: 1
20:49:39 | INFO: Extracting primitive: Cube.663
20:49:39 | INFO: Primitives created: 1
20:49:39 | INFO: Extracting primitive: Cube.332
20:49:39 | INFO: Primitives created: 1
20:49:39 | INFO: Extracting primitive: Cube.333
20:49:39 | INFO: Primitives created: 1
20:49:39 | INFO: Extracting primitive: Cube.334
20:49:39 | INFO: Primitives created: 1
20:49:39 | INFO: Extracting primitive: Cube.335
20:49:39 | INFO: Primitives created: 1
20:49:39 | INFO: Extracting primitive: Cube.336
20:49:39 | INFO: Primitives created: 1
20:49:39 | INFO: Extracting primitive: Cube.337
20:49:39 | INFO: Primitives created: 1
20:49:39 | INFO: Extracting primitive: Cube.338
20:49:39 | INFO: Primitives created: 1
20:49:39 | INFO: Extracting primitive: Cube.339
20:49:39 | INFO: Primitives created: 1
20:49:39 | INFO: Extracting primitive: Cube.147
20:49:39 | INFO: Primitives created: 1
20:49:39 | INFO: Extracting primitive: Cube.146
20:49:39 | INFO: Primitives created: 1
20:49:39 | INFO: Extracting primitive: Cube.152
20:49:39 | INFO: Primitives created: 1
20:49:39 | INFO: Extracting primitive: Cube.151
20:49:39 | INFO: Primitives created: 1
20:49:39 | INFO: Extracting primitive: Cube.157
20:49:39 | INFO: Primitives created: 1
20:49:39 | INFO: Extracting primitive: Cube.156
20:49:39 | INFO: Primitives created: 1
20:49:39 | INFO: Extracting primitive: Cube.162
20:49:39 | INFO: Primitives created: 1
20:49:39 | INFO: Extracting primitive: Cube.161
20:49:39 | INFO: Primitives created: 1
20:49:39 | INFO: Extracting primitive: Cube.144
20:49:39 | INFO: Primitives created: 1
20:49:39 | INFO: Extracting primitive: Cube.145
20:49:39 | INFO: Primitives created: 1
20:49:39 | INFO: Extracting primitive: Cube.143
20:49:39 | INFO: Primitives created: 1
20:49:39 | INFO: Extracting primitive: Cube.149
20:49:39 | INFO: Primitives created: 1
20:49:39 | INFO: Extracting primitive: Cube.150
20:49:39 | INFO: Primitives created: 1
20:49:39 | INFO: Extracting primitive: Cube.148
20:49:39 | INFO: Primitives created: 1
20:49:39 | INFO: Extracting primitive: Cube.154
20:49:39 | INFO: Primitives created: 1
20:49:39 | INFO: Extracting primitive: Cube.155
20:49:39 | INFO: Primitives created: 1
20:49:39 | INFO: Extracting primitive: Cube.153
20:49:39 | INFO: Primitives created: 1
20:49:39 | INFO: Extracting primitive: Cube.159
20:49:39 | INFO: Primitives created: 1
20:49:39 | INFO: Extracting primitive: Cube.160
20:49:39 | INFO: Primitives created: 1
20:49:39 | INFO: Extracting primitive: Cube.158
20:49:39 | INFO: Primitives created: 1
20:49:39 | INFO: Extracting primitive: Cube.164
20:49:39 | INFO: Primitives created: 1
20:49:39 | INFO: Extracting primitive: Cube.163
20:49:39 | INFO: Primitives created: 1
20:49:39 | INFO: Extracting primitive: Cube.166
20:49:39 | INFO: Primitives created: 1
20:49:39 | INFO: Extracting primitive: Cube.165
20:49:39 | INFO: Primitives created: 1
20:49:39 | INFO: Extracting primitive: Cube.168
20:49:39 | INFO: Primitives created: 1
20:49:39 | INFO: Extracting primitive: Cube.167
20:49:39 | INFO: Primitives created: 1
20:49:39 | INFO: Extracting primitive: Cube.170
20:49:39 | INFO: Primitives created: 1
20:49:39 | INFO: Extracting primitive: Cube.169
20:49:39 | INFO: Primitives created: 1
20:49:39 | INFO: Extracting primitive: Cube.172
20:49:39 | INFO: Primitives created: 1
20:49:39 | INFO: Extracting primitive: Cube.171
20:49:39 | INFO: Primitives created: 1
20:49:39 | INFO: Extracting primitive: Cube.174
20:49:39 | INFO: Primitives created: 1
20:49:39 | INFO: Extracting primitive: Cube.173
20:49:39 | INFO: Primitives created: 1
20:49:39 | INFO: Extracting primitive: Cylinder
20:49:39 | INFO: Primitives created: 1
20:49:39 | INFO: Extracting primitive: Cube.278
20:49:39 | INFO: Primitives created: 1
20:49:39 | INFO: Extracting primitive: Cube.279
20:49:39 | INFO: Primitives created: 1
20:49:39 | INFO: Extracting primitive: Cube.280
20:49:39 | INFO: Primitives created: 1
20:49:39 | INFO: Extracting primitive: Cube.281
20:49:39 | INFO: Primitives created: 1
20:49:39 | INFO: Extracting primitive: Text.010
20:49:39 | INFO: Primitives created: 1
20:49:39 | INFO: Extracting primitive: Text.015
20:49:39 | INFO: Primitives created: 1
20:49:39 | INFO: Extracting primitive: Text.016
20:49:39 | INFO: Primitives created: 1
20:49:39 | INFO: Extracting primitive: Text.012
20:49:39 | INFO: Primitives created: 1
20:49:39 | INFO: Extracting primitive: Text.007
20:49:39 | INFO: Primitives created: 1
20:49:39 | INFO: Extracting primitive: Text.006
20:49:39 | INFO: Primitives created: 1
20:49:39 | INFO: Extracting primitive: Text.024
20:49:39 | INFO: Primitives created: 1
20:49:39 | INFO: Extracting primitive: Text.014
20:49:39 | INFO: Primitives created: 1
20:49:39 | INFO: Extracting primitive: Text.025
20:49:39 | INFO: Primitives created: 1
20:49:39 | INFO: Extracting primitive: Text.026
20:49:39 | INFO: Primitives created: 1
20:49:39 | INFO: Extracting primitive: Text.027
20:49:39 | INFO: Primitives created: 1
20:49:39 | INFO: Extracting primitive: Text.001
20:49:39 | INFO: Primitives created: 1
20:49:39 | INFO: Extracting primitive: Text.020
20:49:39 | INFO: Primitives created: 1
20:49:39 | INFO: Extracting primitive: Text.002
20:49:39 | INFO: Primitives created: 1
20:49:39 | INFO: Extracting primitive: Text.011
20:49:39 | INFO: Primitives created: 1
20:49:39 | INFO: Extracting primitive: Text.019
20:49:39 | INFO: Primitives created: 1
20:49:39 | INFO: Extracting primitive: Text.003
20:49:39 | INFO: Primitives created: 1
20:49:39 | INFO: Extracting primitive: Text
20:49:39 | INFO: Primitives created: 1
20:49:39 | INFO: Extracting primitive: Text.008
20:49:39 | INFO: Primitives created: 1
20:49:39 | INFO: Extracting primitive: Text.013
20:49:39 | INFO: Primitives created: 1
20:49:39 | INFO: Extracting primitive: Text.005
20:49:39 | INFO: Primitives created: 1
20:49:39 | INFO: Extracting primitive: Text.018
20:49:39 | INFO: Primitives created: 1
20:49:39 | INFO: Extracting primitive: Text.023
20:49:39 | INFO: Primitives created: 1
20:49:39 | INFO: Extracting primitive: Text.004
20:49:39 | INFO: Primitives created: 1
20:49:39 | INFO: Extracting primitive: Text.021
20:49:39 | INFO: Primitives created: 1
20:49:39 | INFO: Extracting primitive: Text.009
20:49:39 | INFO: Primitives created: 1
20:49:39 | INFO: Extracting primitive: Text.022
20:49:39 | INFO: Primitives created: 1
20:49:39 | INFO: Extracting primitive: Text.017
20:49:39 | INFO: Primitives created: 1
20:49:39 | INFO: Extracting primitive: Cube.600
20:49:39 | INFO: Primitives created: 1
20:49:39 | INFO: Extracting primitive: Cube.601
20:49:39 | INFO: Primitives created: 1
20:49:39 | INFO: Extracting primitive: Cube.602
20:49:39 | INFO: Primitives created: 1
20:49:39 | INFO: Extracting primitive: Cylinder.028
20:49:39 | INFO: Primitives created: 1
20:49:39 | INFO: Extracting primitive: Cube.605
20:49:39 | INFO: Primitives created: 1
20:49:39 | INFO: Extracting primitive: Cube.606
20:49:39 | INFO: Primitives created: 1
20:49:39 | INFO: Extracting primitive: Cube.603
20:49:39 | INFO: Primitives created: 1
20:49:39 | INFO: Extracting primitive: Cube.604
20:49:39 | INFO: Primitives created: 1
20:49:39 | INFO: Extracting primitive: Cube.129
20:49:39 | INFO: Primitives created: 1
20:49:39 | INFO: Extracting primitive: Cube.653
20:49:39 | INFO: Primitives created: 1
20:49:39 | INFO: Extracting primitive: Cube.654
20:49:39 | INFO: Primitives created: 1
20:49:39 | INFO: Extracting primitive: Cube.655
20:49:39 | INFO: Primitives created: 1
20:49:39 | INFO: Extracting primitive: Cube.656
20:49:39 | INFO: Primitives created: 1
20:49:39 | INFO: Extracting primitive: Cylinder.031
20:49:39 | INFO: Primitives created: 1
20:49:39 | INFO: Extracting primitive: Cube.657
20:49:39 | INFO: Primitives created: 1
20:49:39 | INFO: Extracting primitive: Cube.658
20:49:39 | INFO: Primitives created: 1
20:49:39 | INFO: Extracting primitive: Cube.607
20:49:39 | INFO: Primitives created: 1
20:49:39 | INFO: Extracting primitive: Cube.257
20:49:39 | INFO: Primitives created: 1
20:49:39 | INFO: Extracting primitive: Cube.372
20:49:39 | INFO: Primitives created: 1
20:49:39 | INFO: Extracting primitive: Cube.377
20:49:39 | INFO: Primitives created: 1
20:49:39 | INFO: Extracting primitive: Cube.382
20:49:39 | INFO: Primitives created: 1
20:49:39 | INFO: Extracting primitive: Cube.387
20:49:39 | INFO: Primitives created: 1
20:49:39 | INFO: Extracting primitive: Cube.376
20:49:39 | INFO: Primitives created: 1
20:49:39 | INFO: Extracting primitive: Cube.375
20:49:39 | INFO: Primitives created: 1
20:49:39 | INFO: Extracting primitive: Cube.381
20:49:39 | INFO: Primitives created: 1
20:49:39 | INFO: Extracting primitive: Cube.380
20:49:39 | INFO: Primitives created: 1
20:49:39 | INFO: Extracting primitive: Cube.386
20:49:39 | INFO: Primitives created: 1
20:49:39 | INFO: Extracting primitive: Cube.385
20:49:39 | INFO: Primitives created: 1
20:49:39 | INFO: Extracting primitive: Cube.391
20:49:39 | INFO: Primitives created: 1
20:49:39 | INFO: Extracting primitive: Cube.390
20:49:39 | INFO: Primitives created: 1
20:49:39 | INFO: Extracting primitive: Cube.374
20:49:39 | INFO: Primitives created: 1
20:49:39 | INFO: Extracting primitive: Cube.373
20:49:39 | INFO: Primitives created: 1
20:49:39 | INFO: Extracting primitive: Cube.379
20:49:39 | INFO: Primitives created: 1
20:49:39 | INFO: Extracting primitive: Cube.378
20:49:39 | INFO: Primitives created: 1
20:49:39 | INFO: Extracting primitive: Cube.384
20:49:39 | INFO: Primitives created: 1
20:49:39 | INFO: Extracting primitive: Cube.383
20:49:39 | INFO: Primitives created: 1
20:49:39 | INFO: Extracting primitive: Cube.389
20:49:39 | INFO: Primitives created: 1
20:49:39 | INFO: Extracting primitive: Cube.388
20:49:39 | INFO: Primitives created: 1
20:49:39 | INFO: Extracting primitive: Cube.412
20:49:39 | INFO: Primitives created: 1
20:49:39 | INFO: Extracting primitive: Cube.417
20:49:39 | INFO: Primitives created: 1
20:49:39 | INFO: Extracting primitive: Cube.422
20:49:39 | INFO: Primitives created: 1
20:49:39 | INFO: Extracting primitive: Cube.427
20:49:39 | INFO: Primitives created: 1
20:49:39 | INFO: Extracting primitive: Cube.416
20:49:39 | INFO: Primitives created: 1
20:49:39 | INFO: Extracting primitive: Cube.415
20:49:39 | INFO: Primitives created: 1
20:49:39 | INFO: Extracting primitive: Cube.421
20:49:39 | INFO: Primitives created: 1
20:49:39 | INFO: Extracting primitive: Cube.420
20:49:39 | INFO: Primitives created: 1
20:49:39 | INFO: Extracting primitive: Cube.426
20:49:39 | INFO: Primitives created: 1
20:49:39 | INFO: Extracting primitive: Cube.425
20:49:39 | INFO: Primitives created: 1
20:49:39 | INFO: Extracting primitive: Cube.431
20:49:39 | INFO: Primitives created: 1
20:49:39 | INFO: Extracting primitive: Cube.430
20:49:39 | INFO: Primitives created: 1
20:49:39 | INFO: Extracting primitive: Cube.414
20:49:39 | INFO: Primitives created: 1
20:49:39 | INFO: Extracting primitive: Cube.413
20:49:39 | INFO: Primitives created: 1
20:49:39 | INFO: Extracting primitive: Cube.419
20:49:39 | INFO: Primitives created: 1
20:49:39 | INFO: Extracting primitive: Cube.418
20:49:39 | INFO: Primitives created: 1
20:49:39 | INFO: Extracting primitive: Cube.424
20:49:39 | INFO: Primitives created: 1
20:49:39 | INFO: Extracting primitive: Cube.423
20:49:39 | INFO: Primitives created: 1
20:49:39 | INFO: Extracting primitive: Cube.429
20:49:39 | INFO: Primitives created: 1
20:49:39 | INFO: Extracting primitive: Cube.428
20:49:39 | INFO: Primitives created: 1
20:49:39 | INFO: Extracting primitive: Cube.452
20:49:39 | INFO: Primitives created: 1
20:49:39 | INFO: Extracting primitive: Cube.457
20:49:39 | INFO: Primitives created: 1
20:49:39 | INFO: Extracting primitive: Cube.462
20:49:39 | INFO: Primitives created: 1
20:49:39 | INFO: Extracting primitive: Cube.467
20:49:39 | INFO: Primitives created: 1
20:49:39 | INFO: Extracting primitive: Cube.456
20:49:39 | INFO: Primitives created: 1
20:49:39 | INFO: Extracting primitive: Cube.455
20:49:39 | INFO: Primitives created: 1
20:49:39 | INFO: Extracting primitive: Cube.461
20:49:39 | INFO: Primitives created: 1
20:49:39 | INFO: Extracting primitive: Cube.460
20:49:39 | INFO: Primitives created: 1
20:49:39 | INFO: Extracting primitive: Cube.466
20:49:39 | INFO: Primitives created: 1
20:49:39 | INFO: Extracting primitive: Cube.465
20:49:39 | INFO: Primitives created: 1
20:49:39 | INFO: Extracting primitive: Cube.471
20:49:39 | INFO: Primitives created: 1
20:49:39 | INFO: Extracting primitive: Cube.470
20:49:39 | INFO: Primitives created: 1
20:49:39 | INFO: Extracting primitive: Cube.454
20:49:39 | INFO: Primitives created: 1
20:49:39 | INFO: Extracting primitive: Cube.453
20:49:39 | INFO: Primitives created: 1
20:49:39 | INFO: Extracting primitive: Cube.459
20:49:39 | INFO: Primitives created: 1
20:49:39 | INFO: Extracting primitive: Cube.458
20:49:39 | INFO: Primitives created: 1
20:49:39 | INFO: Extracting primitive: Cube.464
20:49:39 | INFO: Primitives created: 1
20:49:39 | INFO: Extracting primitive: Cube.463
20:49:39 | INFO: Primitives created: 1
20:49:39 | INFO: Extracting primitive: Cube.469
20:49:39 | INFO: Primitives created: 1
20:49:39 | INFO: Extracting primitive: Cube.468
20:49:39 | INFO: Primitives created: 1
20:49:39 | INFO: Extracting primitive: Cube.492
20:49:39 | INFO: Primitives created: 1
20:49:39 | INFO: Extracting primitive: Cube.497
20:49:39 | INFO: Primitives created: 1
20:49:39 | INFO: Extracting primitive: Cube.502
20:49:39 | INFO: Primitives created: 1
20:49:39 | INFO: Extracting primitive: Cube.507
20:49:39 | INFO: Primitives created: 1
20:49:39 | INFO: Extracting primitive: Cube.496
20:49:39 | INFO: Primitives created: 1
20:49:39 | INFO: Extracting primitive: Cube.495
20:49:39 | INFO: Primitives created: 1
20:49:39 | INFO: Extracting primitive: Cube.501
20:49:39 | INFO: Primitives created: 1
20:49:39 | INFO: Extracting primitive: Cube.500
20:49:39 | INFO: Primitives created: 1
20:49:39 | INFO: Extracting primitive: Cube.506
20:49:39 | INFO: Primitives created: 1
20:49:39 | INFO: Extracting primitive: Cube.505
20:49:39 | INFO: Primitives created: 1
20:49:39 | INFO: Extracting primitive: Cube.511
20:49:39 | INFO: Primitives created: 1
20:49:39 | INFO: Extracting primitive: Cube.510
20:49:39 | INFO: Primitives created: 1
20:49:39 | INFO: Extracting primitive: Cube.494
20:49:39 | INFO: Primitives created: 1
20:49:39 | INFO: Extracting primitive: Cube.493
20:49:39 | INFO: Primitives created: 1
20:49:39 | INFO: Extracting primitive: Cube.499
20:49:39 | INFO: Primitives created: 1
20:49:39 | INFO: Extracting primitive: Cube.498
20:49:39 | INFO: Primitives created: 1
20:49:39 | INFO: Extracting primitive: Cube.504
20:49:39 | INFO: Primitives created: 1
20:49:39 | INFO: Extracting primitive: Cube.503
20:49:39 | INFO: Primitives created: 1
20:49:39 | INFO: Extracting primitive: Cube.509
20:49:39 | INFO: Primitives created: 1
20:49:39 | INFO: Extracting primitive: Cube.508
20:49:39 | INFO: Primitives created: 1
20:49:39 | INFO: Extracting primitive: Cube.392
20:49:39 | INFO: Primitives created: 1
20:49:39 | INFO: Extracting primitive: Cube.397
20:49:39 | INFO: Primitives created: 1
20:49:39 | INFO: Extracting primitive: Cube.402
20:49:39 | INFO: Primitives created: 1
20:49:39 | INFO: Extracting primitive: Cube.407
20:49:39 | INFO: Primitives created: 1
20:49:39 | INFO: Extracting primitive: Cube.396
20:49:39 | INFO: Primitives created: 1
20:49:39 | INFO: Extracting primitive: Cube.395
20:49:39 | INFO: Primitives created: 1
20:49:39 | INFO: Extracting primitive: Cube.401
20:49:39 | INFO: Primitives created: 1
20:49:39 | INFO: Extracting primitive: Cube.400
20:49:39 | INFO: Primitives created: 1
20:49:39 | INFO: Extracting primitive: Cube.406
20:49:39 | INFO: Primitives created: 1
20:49:39 | INFO: Extracting primitive: Cube.405
20:49:39 | INFO: Primitives created: 1
20:49:39 | INFO: Extracting primitive: Cube.411
20:49:39 | INFO: Primitives created: 1
20:49:39 | INFO: Extracting primitive: Cube.410
20:49:39 | INFO: Primitives created: 1
20:49:39 | INFO: Extracting primitive: Cube.394
20:49:39 | INFO: Primitives created: 1
20:49:39 | INFO: Extracting primitive: Cube.393
20:49:39 | INFO: Primitives created: 1
20:49:39 | INFO: Extracting primitive: Cube.399
20:49:39 | INFO: Primitives created: 1
20:49:39 | INFO: Extracting primitive: Cube.398
20:49:39 | INFO: Primitives created: 1
20:49:39 | INFO: Extracting primitive: Cube.404
20:49:39 | INFO: Primitives created: 1
20:49:39 | INFO: Extracting primitive: Cube.403
20:49:39 | INFO: Primitives created: 1
20:49:39 | INFO: Extracting primitive: Cube.409
20:49:39 | INFO: Primitives created: 1
20:49:39 | INFO: Extracting primitive: Cube.408
20:49:39 | INFO: Primitives created: 1
20:49:39 | INFO: Extracting primitive: Cube.432
20:49:39 | INFO: Primitives created: 1
20:49:39 | INFO: Extracting primitive: Cube.437
20:49:39 | INFO: Primitives created: 1
20:49:39 | INFO: Extracting primitive: Cube.442
20:49:39 | INFO: Primitives created: 1
20:49:39 | INFO: Extracting primitive: Cube.447
20:49:39 | INFO: Primitives created: 1
20:49:39 | INFO: Extracting primitive: Cube.436
20:49:39 | INFO: Primitives created: 1
20:49:39 | INFO: Extracting primitive: Cube.435
20:49:39 | INFO: Primitives created: 1
20:49:39 | INFO: Extracting primitive: Cube.441
20:49:39 | INFO: Primitives created: 1
20:49:39 | INFO: Extracting primitive: Cube.440
20:49:39 | INFO: Primitives created: 1
20:49:39 | INFO: Extracting primitive: Cube.446
20:49:39 | INFO: Primitives created: 1
20:49:39 | INFO: Extracting primitive: Cube.445
20:49:39 | INFO: Primitives created: 1
20:49:39 | INFO: Extracting primitive: Cube.451
20:49:39 | INFO: Primitives created: 1
20:49:39 | INFO: Extracting primitive: Cube.450
20:49:39 | INFO: Primitives created: 1
20:49:39 | INFO: Extracting primitive: Cube.434
20:49:39 | INFO: Primitives created: 1
20:49:39 | INFO: Extracting primitive: Cube.433
20:49:39 | INFO: Primitives created: 1
20:49:39 | INFO: Extracting primitive: Cube.439
20:49:39 | INFO: Primitives created: 1
20:49:39 | INFO: Extracting primitive: Cube.438
20:49:39 | INFO: Primitives created: 1
20:49:39 | INFO: Extracting primitive: Cube.444
20:49:39 | INFO: Primitives created: 1
20:49:39 | INFO: Extracting primitive: Cube.443
20:49:39 | INFO: Primitives created: 1
20:49:39 | INFO: Extracting primitive: Cube.449
20:49:39 | INFO: Primitives created: 1
20:49:39 | INFO: Extracting primitive: Cube.448
20:49:39 | INFO: Primitives created: 1
20:49:39 | INFO: Extracting primitive: Cube.472
20:49:39 | INFO: Primitives created: 1
20:49:39 | INFO: Extracting primitive: Cube.477
20:49:39 | INFO: Primitives created: 1
20:49:39 | INFO: Extracting primitive: Cube.482
20:49:39 | INFO: Primitives created: 1
20:49:39 | INFO: Extracting primitive: Cube.487
20:49:39 | INFO: Primitives created: 1
20:49:39 | INFO: Extracting primitive: Cube.476
20:49:39 | INFO: Primitives created: 1
20:49:39 | INFO: Extracting primitive: Cube.475
20:49:39 | INFO: Primitives created: 1
20:49:39 | INFO: Extracting primitive: Cube.481
20:49:39 | INFO: Primitives created: 1
20:49:39 | INFO: Extracting primitive: Cube.480
20:49:39 | INFO: Primitives created: 1
20:49:39 | INFO: Extracting primitive: Cube.486
20:49:39 | INFO: Primitives created: 1
20:49:39 | INFO: Extracting primitive: Cube.485
20:49:39 | INFO: Primitives created: 1
20:49:39 | INFO: Extracting primitive: Cube.491
20:49:39 | INFO: Primitives created: 1
20:49:39 | INFO: Extracting primitive: Cube.490
20:49:39 | INFO: Primitives created: 1
20:49:39 | INFO: Extracting primitive: Cube.474
20:49:39 | INFO: Primitives created: 1
20:49:39 | INFO: Extracting primitive: Cube.473
20:49:39 | INFO: Primitives created: 1
20:49:39 | INFO: Extracting primitive: Cube.479
20:49:39 | INFO: Primitives created: 1
20:49:39 | INFO: Extracting primitive: Cube.478
20:49:39 | INFO: Primitives created: 1
20:49:39 | INFO: Extracting primitive: Cube.484
20:49:39 | INFO: Primitives created: 1
20:49:39 | INFO: Extracting primitive: Cube.483
20:49:39 | INFO: Primitives created: 1
20:49:39 | INFO: Extracting primitive: Cube.489
20:49:39 | INFO: Primitives created: 1
20:49:39 | INFO: Extracting primitive: Cube.488
20:49:39 | INFO: Primitives created: 1
20:49:39 | INFO: Extracting primitive: Cube.512
20:49:39 | INFO: Primitives created: 1
20:49:39 | INFO: Extracting primitive: Cube.517
20:49:39 | INFO: Primitives created: 1
20:49:39 | INFO: Extracting primitive: Cube.522
20:49:39 | INFO: Primitives created: 1
20:49:39 | INFO: Extracting primitive: Cube.527
20:49:39 | INFO: Primitives created: 1
20:49:39 | INFO: Extracting primitive: Cube.516
20:49:39 | INFO: Primitives created: 1
20:49:39 | INFO: Extracting primitive: Cube.515
20:49:39 | INFO: Primitives created: 1
20:49:39 | INFO: Extracting primitive: Cube.521
20:49:39 | INFO: Primitives created: 1
20:49:39 | INFO: Extracting primitive: Cube.520
20:49:39 | INFO: Primitives created: 1
20:49:39 | INFO: Extracting primitive: Cube.526
20:49:39 | INFO: Primitives created: 1
20:49:39 | INFO: Extracting primitive: Cube.525
20:49:39 | INFO: Primitives created: 1
20:49:39 | INFO: Extracting primitive: Cube.531
20:49:39 | INFO: Primitives created: 1
20:49:39 | INFO: Extracting primitive: Cube.530
20:49:39 | INFO: Primitives created: 1
20:49:39 | INFO: Extracting primitive: Cube.514
20:49:39 | INFO: Primitives created: 1
20:49:39 | INFO: Extracting primitive: Cube.513
20:49:39 | INFO: Primitives created: 1
20:49:39 | INFO: Extracting primitive: Cube.519
20:49:39 | INFO: Primitives created: 1
20:49:39 | INFO: Extracting primitive: Cube.518
20:49:39 | INFO: Primitives created: 1
20:49:39 | INFO: Extracting primitive: Cube.524
20:49:39 | INFO: Primitives created: 1
20:49:39 | INFO: Extracting primitive: Cube.523
20:49:39 | INFO: Primitives created: 1
20:49:39 | INFO: Extracting primitive: Cube.529
20:49:39 | INFO: Primitives created: 1
20:49:39 | INFO: Extracting primitive: Cube.528
20:49:39 | INFO: Primitives created: 1
20:49:39 | INFO: Extracting primitive: Cube.540
20:49:39 | INFO: Primitives created: 1
20:49:39 | INFO: Extracting primitive: Cube.532
20:49:39 | INFO: Primitives created: 1
20:49:39 | INFO: Extracting primitive: Cube.533
20:49:39 | INFO: Primitives created: 1
20:49:39 | INFO: Extracting primitive: Cube.534
20:49:39 | INFO: Primitives created: 1
20:49:39 | INFO: Extracting primitive: Cube.535
20:49:39 | INFO: Primitives created: 1
20:49:39 | INFO: Extracting primitive: Cube.536
20:49:39 | INFO: Primitives created: 1
20:49:39 | INFO: Extracting primitive: Cube.537
20:49:39 | INFO: Primitives created: 1
20:49:39 | INFO: Extracting primitive: Cube.538
20:49:39 | INFO: Primitives created: 1
20:49:39 | INFO: Extracting primitive: Cube.539
20:49:39 | INFO: Primitives created: 1
20:49:39 | INFO: Extracting primitive: Cube.371
20:49:39 | INFO: Primitives created: 1
20:49:39 | INFO: Extracting primitive: Cube.593
20:49:39 | INFO: Primitives created: 1
20:49:39 | INFO: Extracting primitive: Cube.594
20:49:39 | INFO: Primitives created: 1
20:49:39 | INFO: Extracting primitive: Cube.595
20:49:39 | INFO: Primitives created: 1
20:49:39 | INFO: Extracting primitive: Cylinder.027
20:49:39 | INFO: Primitives created: 1
20:49:39 | INFO: Extracting primitive: Cube.598
20:49:39 | INFO: Primitives created: 1
20:49:39 | INFO: Extracting primitive: Cube.599
20:49:39 | INFO: Primitives created: 1
20:49:39 | INFO: Extracting primitive: Cube.596
20:49:39 | INFO: Primitives created: 1
20:49:39 | INFO: Extracting primitive: Cube.597
20:49:39 | INFO: Primitives created: 1
20:49:39 | INFO: Extracting primitive: Cube.614
20:49:39 | INFO: Primitives created: 1
20:49:39 | INFO: Extracting primitive: Cube.615
20:49:39 | INFO: Primitives created: 1
20:49:39 | INFO: Extracting primitive: Cube.616
20:49:39 | INFO: Primitives created: 1
20:49:39 | INFO: Extracting primitive: Cube.617
20:49:39 | INFO: Primitives created: 1
20:49:39 | INFO: Extracting primitive: Cube.618
20:49:39 | INFO: Primitives created: 1
20:49:39 | INFO: Extracting primitive: Cube.619
20:49:39 | INFO: Primitives created: 1
20:49:39 | INFO: Extracting primitive: Cube.177
20:49:39 | INFO: Primitives created: 1
20:49:39 | INFO: Extracting primitive: Cube.178
20:49:39 | INFO: Primitives created: 1
20:49:39 | INFO: Extracting primitive: Cube.176
20:49:39 | INFO: Primitives created: 1
20:49:39 | INFO: Extracting primitive: Cube.181
20:49:39 | INFO: Primitives created: 1
20:49:39 | INFO: Extracting primitive: Cube.182
20:49:39 | INFO: Primitives created: 1
20:49:39 | INFO: Extracting primitive: Cube.180
20:49:39 | INFO: Primitives created: 1
20:49:39 | INFO: Extracting primitive: Cube.185
20:49:39 | INFO: Primitives created: 1
20:49:39 | INFO: Extracting primitive: Cube.186
20:49:39 | INFO: Primitives created: 1
20:49:39 | INFO: Extracting primitive: Cube.184
20:49:39 | INFO: Primitives created: 1
20:49:39 | INFO: Extracting primitive: Cube.189
20:49:39 | INFO: Primitives created: 1
20:49:39 | INFO: Extracting primitive: Cube.190
20:49:39 | INFO: Primitives created: 1
20:49:39 | INFO: Extracting primitive: Cube.188
20:49:39 | INFO: Primitives created: 1
20:49:39 | INFO: Extracting primitive: Cube.193
20:49:39 | INFO: Primitives created: 1
20:49:39 | INFO: Extracting primitive: Cube.194
20:49:39 | INFO: Primitives created: 1
20:49:39 | INFO: Extracting primitive: Cube.192
20:49:39 | INFO: Primitives created: 1
20:49:39 | INFO: Extracting primitive: Cylinder.001
20:49:39 | INFO: Primitives created: 1
20:49:39 | INFO: Extracting primitive: Cube.196
20:49:39 | INFO: Primitives created: 1
20:49:39 | INFO: Extracting primitive: Cube.197
20:49:39 | INFO: Primitives created: 1
20:49:39 | INFO: Extracting primitive: Cube.179
20:49:39 | INFO: Primitives created: 1
20:49:39 | INFO: Extracting primitive: Cube.183
20:49:39 | INFO: Primitives created: 1
20:49:39 | INFO: Extracting primitive: Cube.187
20:49:39 | INFO: Primitives created: 1
20:49:39 | INFO: Extracting primitive: Cube.191
20:49:39 | INFO: Primitives created: 1
20:49:39 | INFO: Extracting primitive: Cube.195
20:49:39 | INFO: Primitives created: 1
20:49:39 | INFO: Extracting primitive: Cube.136
20:49:39 | INFO: Primitives created: 1
20:49:39 | INFO: Extracting primitive: Cube.135
20:49:39 | INFO: Primitives created: 1
20:49:39 | INFO: Extracting primitive: Cube.138
20:49:39 | INFO: Primitives created: 1
20:49:39 | INFO: Extracting primitive: Cube.137
20:49:39 | INFO: Primitives created: 1
20:49:39 | INFO: Extracting primitive: Cube.140
20:49:39 | INFO: Primitives created: 1
20:49:39 | INFO: Extracting primitive: Cube.139
20:49:39 | INFO: Primitives created: 1
20:49:39 | INFO: Extracting primitive: Cube.142
20:49:39 | INFO: Primitives created: 1
20:49:39 | INFO: Extracting primitive: Cube.141
20:49:39 | INFO: Primitives created: 1
20:49:39 | INFO: Extracting primitive: Cube.274
20:49:39 | INFO: Primitives created: 1
20:49:39 | INFO: Extracting primitive: Cube.275
20:49:39 | INFO: Primitives created: 1
20:49:39 | INFO: Extracting primitive: Cube.276
20:49:39 | INFO: Primitives created: 1
20:49:39 | INFO: Extracting primitive: Cube.553
20:49:39 | INFO: Primitives created: 1
20:49:39 | INFO: Extracting primitive: Cube.554
20:49:39 | INFO: Primitives created: 1
20:49:39 | INFO: Extracting primitive: Cube.555
20:49:39 | INFO: Primitives created: 1
20:49:39 | INFO: Extracting primitive: Cube.556
20:49:39 | INFO: Primitives created: 1
20:49:39 | INFO: Extracting primitive: Cube.557
20:49:39 | INFO: Primitives created: 1
20:49:39 | INFO: Extracting primitive: Cube.558
20:49:39 | INFO: Primitives created: 1
20:49:39 | INFO: Extracting primitive: Cube.559
20:49:39 | INFO: Primitives created: 1
20:49:39 | INFO: Extracting primitive: Cube.560
20:49:39 | INFO: Primitives created: 1
20:49:39 | INFO: Extracting primitive: Cube.198
20:49:39 | INFO: Primitives created: 1
20:49:39 | INFO: Extracting primitive: Cube.212
20:49:39 | INFO: Primitives created: 1
20:49:39 | INFO: Extracting primitive: Cube.587
20:49:39 | INFO: Primitives created: 1
20:49:39 | INFO: Extracting primitive: Cube.588
20:49:39 | INFO: Primitives created: 1
20:49:39 | INFO: Extracting primitive: Cube.586
20:49:39 | INFO: Primitives created: 1
20:49:39 | INFO: Extracting primitive: Cylinder.026
20:49:39 | INFO: Primitives created: 1
20:49:39 | INFO: Extracting primitive: Cube.591
20:49:39 | INFO: Primitives created: 1
20:49:39 | INFO: Extracting primitive: Cube.592
20:49:39 | INFO: Primitives created: 1
20:49:39 | INFO: Extracting primitive: Cube.589
20:49:39 | INFO: Primitives created: 1
20:49:39 | INFO: Extracting primitive: Cube.590
20:49:39 | INFO: Primitives created: 1
20:49:39 | INFO: Extracting primitive: Cube.348
20:49:39 | INFO: Primitives created: 1
20:49:39 | INFO: Extracting primitive: Cube.620
20:49:39 | INFO: Primitives created: 1
20:49:39 | INFO: Extracting primitive: Cube.625
20:49:39 | INFO: Primitives created: 1
20:49:39 | INFO: Extracting primitive: Cube.626
20:49:39 | INFO: Primitives created: 1
20:49:39 | INFO: Extracting primitive: Cube.627
20:49:39 | INFO: Primitives created: 1
20:49:39 | INFO: Extracting primitive: Cube.629
20:49:39 | INFO: Primitives created: 1
20:49:39 | INFO: Extracting primitive: Cube.630
20:49:39 | INFO: Primitives created: 1
20:49:39 | INFO: Extracting primitive: Cube.628
20:49:39 | INFO: Primitives created: 1
20:49:39 | INFO: Extracting primitive: Cube.632
20:49:39 | INFO: Primitives created: 1
20:49:39 | INFO: Extracting primitive: Cube.633
20:49:39 | INFO: Primitives created: 1
20:49:39 | INFO: Extracting primitive: Cube.631
20:49:39 | INFO: Primitives created: 1
20:49:39 | INFO: Extracting primitive: Cube.635
20:49:39 | INFO: Primitives created: 1
20:49:39 | INFO: Extracting primitive: Cube.636
20:49:39 | INFO: Primitives created: 1
20:49:39 | INFO: Extracting primitive: Cube.634
20:49:39 | INFO: Primitives created: 1
20:49:39 | INFO: Extracting primitive: Cube.200
20:49:39 | INFO: Primitives created: 1
20:49:39 | INFO: Extracting primitive: Cube.201
20:49:39 | INFO: Primitives created: 1
20:49:39 | INFO: Extracting primitive: Cube.199
20:49:39 | INFO: Primitives created: 1
20:49:39 | INFO: Extracting primitive: Cube.208
20:49:40 | INFO: Primitives created: 1
20:49:40 | INFO: Extracting primitive: Cube.209
20:49:40 | INFO: Primitives created: 1
20:49:40 | INFO: Extracting primitive: Cube.210
20:49:40 | INFO: Primitives created: 1
20:49:40 | INFO: Extracting primitive: Cube.211
20:49:40 | INFO: Primitives created: 1
20:49:40 | INFO: Extracting primitive: Cube.203
20:49:40 | INFO: Primitives created: 1
20:49:40 | INFO: Extracting primitive: Cube.202
20:49:40 | INFO: Primitives created: 1
20:49:40 | INFO: Extracting primitive: Cube.205
20:49:40 | INFO: Primitives created: 1
20:49:40 | INFO: Extracting primitive: Cube.204
20:49:40 | INFO: Primitives created: 1
20:49:40 | INFO: Extracting primitive: Cube.207
20:49:40 | INFO: Primitives created: 1
20:49:40 | INFO: Extracting primitive: Cube.206
20:49:40 | INFO: Primitives created: 1
20:49:40 | INFO: Extracting primitive: Cube.608
20:49:40 | INFO: Primitives created: 1
20:49:40 | INFO: Extracting primitive: Cube.609
20:49:40 | INFO: Primitives created: 1
20:49:40 | INFO: Extracting primitive: Cylinder.029
20:49:40 | INFO: Primitives created: 1
20:49:40 | INFO: Extracting primitive: Cube.612
20:49:40 | INFO: Primitives created: 1
20:49:40 | INFO: Extracting primitive: Cube.613
20:49:40 | INFO: Primitives created: 1
20:49:40 | INFO: Extracting primitive: Cube.610
20:49:40 | INFO: Primitives created: 1
20:49:40 | INFO: Extracting primitive: Cube.611
20:49:40 | INFO: Primitives created: 1
20:49:40 | INFO: Extracting primitive: Cube.100
20:49:40 | INFO: Primitives created: 1
20:49:40 | INFO: Extracting primitive: Cube.091
20:49:40 | INFO: Primitives created: 1
20:49:40 | INFO: Extracting primitive: Cube.092
20:49:40 | INFO: Primitives created: 1
20:49:40 | INFO: Extracting primitive: Cube.093
20:49:40 | INFO: Primitives created: 1
20:49:40 | INFO: Extracting primitive: Cube.094
20:49:40 | INFO: Primitives created: 1
20:49:40 | INFO: Extracting primitive: Cube.095
20:49:40 | INFO: Primitives created: 1
20:49:40 | INFO: Extracting primitive: Cube.096
20:49:40 | INFO: Primitives created: 1
20:49:40 | INFO: Extracting primitive: Cube.097
20:49:40 | INFO: Primitives created: 1
20:49:40 | INFO: Extracting primitive: Cube.098
20:49:40 | INFO: Primitives created: 1
20:49:40 | INFO: Extracting primitive: Cube.099
20:49:40 | INFO: Primitives created: 1
20:49:40 | INFO: Extracting primitive: Cube.331
20:49:40 | INFO: Primitives created: 1
20:49:40 | INFO: Extracting primitive: Cube.344
20:49:40 | INFO: Primitives created: 1
20:49:40 | INFO: Extracting primitive: Cube.345
20:49:40 | INFO: Primitives created: 1
20:49:40 | INFO: Extracting primitive: Cube.346
20:49:40 | INFO: Primitives created: 1
20:49:40 | INFO: Extracting primitive: Cube.347
20:49:40 | INFO: Primitives created: 1
20:49:40 | INFO: Extracting primitive: Cube.579
20:49:40 | INFO: Primitives created: 1
20:49:40 | INFO: Extracting primitive: Cube.580
20:49:40 | INFO: Primitives created: 1
20:49:40 | INFO: Extracting primitive: Cube.581
20:49:40 | INFO: Primitives created: 1
20:49:40 | INFO: Extracting primitive: Cylinder.025
20:49:40 | INFO: Primitives created: 1
20:49:40 | INFO: Extracting primitive: Cube.584
20:49:40 | INFO: Primitives created: 1
20:49:40 | INFO: Extracting primitive: Cube.585
20:49:40 | INFO: Primitives created: 1
20:49:40 | INFO: Extracting primitive: Cube.582
20:49:40 | INFO: Primitives created: 1
20:49:40 | INFO: Extracting primitive: Cube.583
20:49:40 | INFO: Primitives created: 1
20:49:40 | INFO: Extracting primitive: Cube.340
20:49:40 | INFO: Primitives created: 1
20:49:40 | INFO: Extracting primitive: Cube.341
20:49:40 | INFO: Primitives created: 1
20:49:40 | INFO: Extracting primitive: Cube.342
20:49:40 | INFO: Primitives created: 1
20:49:40 | INFO: Extracting primitive: Cube.343
20:49:40 | INFO: Primitives created: 1
20:49:40 | INFO: Extracting primitive: RM_BLOW_BOTTLE_OUTFEED_BED_MESH.001
20:49:40 | INFO: Primitives created: 1
20:49:40 | INFO: Extracting primitive: RM_BLOW_BOTTLE_OUTFEED_GUARD_A_MESH.001
20:49:40 | INFO: Primitives created: 1
20:49:40 | INFO: Extracting primitive: RM_BLOW_BOTTLE_OUTFEED_GUARD_B_MESH.001
20:49:40 | INFO: Primitives created: 1
20:49:40 | INFO: Extracting primitive: RM_BLOW_BOTTLE_OUTFEED_ROLLER_0_MESH.001
20:49:40 | INFO: Primitives created: 1
20:49:40 | INFO: Extracting primitive: RM_BLOW_BOTTLE_OUTFEED_ROLLER_1_MESH.001
20:49:40 | INFO: Primitives created: 1
20:49:40 | INFO: Extracting primitive: RM_BLOW_BOTTLE_OUTFEED_ROLLER_2_MESH.001
20:49:40 | INFO: Primitives created: 1
20:49:40 | INFO: Extracting primitive: RM_BLOW_BOTTLE_OUTFEED_ROLLER_3_MESH.001
20:49:40 | INFO: Primitives created: 1
20:49:40 | INFO: Extracting primitive: RM_BLOW_BOTTLE_OUTFEED_ROLLER_4_MESH.001
20:49:40 | INFO: Primitives created: 1
20:49:40 | INFO: Extracting primitive: RM_BLOW_HEATER_COLUMN_MESH.001
20:49:40 | INFO: Primitives created: 1
20:49:40 | INFO: Extracting primitive: RM_BLOW_HOPPER_FEED_MESH.001
20:49:40 | INFO: Primitives created: 1
20:49:40 | INFO: Extracting primitive: RM_BLOW_MOULDING_MOLD_STATION_MESH.001
20:49:40 | INFO: Primitives created: 1
20:49:40 | INFO: Extracting primitive: RM_BLOW_MOULDING_PRESS_CONTROL_MESH.001
20:49:40 | INFO: Primitives created: 1
20:49:40 | INFO: Extracting primitive: RM_BLOW_MOULDING_PRESS_FRAME_MESH.001
20:49:40 | INFO: Primitives created: 1
20:49:40 | INFO: Extracting primitive: RM_BLOW_PREFORM_0_MESH.001
20:49:40 | INFO: Primitives created: 1
20:49:40 | INFO: Extracting primitive: RM_BLOW_PREFORM_1_MESH.001
20:49:40 | INFO: Primitives created: 1
20:49:40 | INFO: Extracting primitive: RM_BLOW_PREFORM_2_MESH.001
20:49:40 | INFO: Primitives created: 1
20:49:40 | INFO: Extracting primitive: RM_BLOW_PREFORM_3_MESH.001
20:49:40 | INFO: Primitives created: 1
20:49:40 | INFO: Extracting primitive: RM_BLOW_PREFORM_4_MESH.001
20:49:40 | INFO: Primitives created: 1
20:49:40 | INFO: Extracting primitive: RM_BLOW_PREFORM_5_MESH.001
20:49:40 | INFO: Primitives created: 1
20:49:40 | INFO: Extracting primitive: RM_BLOW_PREFORM_HOPPER_MESH.001
20:49:40 | INFO: Primitives created: 1
20:49:40 | INFO: Extracting primitive: RM_BLOW_PROCESS_PANEL_MESH.001
20:49:40 | INFO: Primitives created: 1
20:49:40 | INFO: Extracting primitive: RM_CAP_FEEDER_0_MESH.001
20:49:40 | INFO: Primitives created: 1
20:49:40 | INFO: Extracting primitive: RM_CAP_FEEDER_1_MESH.001
20:49:40 | INFO: Primitives created: 1
20:49:40 | INFO: Extracting primitive: RM_CAP_FEEDER_2_MESH.001
20:49:40 | INFO: Primitives created: 1
20:49:40 | INFO: Extracting primitive: RM_CAP_FEEDER_3_MESH.001
20:49:40 | INFO: Primitives created: 1
20:49:40 | INFO: Extracting primitive: RM_CAP_TRIGGER_ASSEMBLY_LINE_BED_MESH.001
20:49:40 | INFO: Primitives created: 1
20:49:40 | INFO: Extracting primitive: RM_CAP_TRIGGER_ASSEMBLY_LINE_GUARD_A_MESH.001
20:49:40 | INFO: Primitives created: 1
20:49:40 | INFO: Extracting primitive: RM_CAP_TRIGGER_ASSEMBLY_LINE_GUARD_B_MESH.001
20:49:40 | INFO: Primitives created: 1
20:49:40 | INFO: Extracting primitive: RM_CAP_TRIGGER_ASSEMBLY_LINE_ROLLER_0_MESH.001
20:49:40 | INFO: Primitives created: 1
20:49:40 | INFO: Extracting primitive: RM_CAP_TRIGGER_ASSEMBLY_LINE_ROLLER_1_MESH.001
20:49:40 | INFO: Primitives created: 1
20:49:40 | INFO: Extracting primitive: RM_CAP_TRIGGER_ASSEMBLY_LINE_ROLLER_2_MESH.001
20:49:40 | INFO: Primitives created: 1
20:49:40 | INFO: Extracting primitive: RM_CAP_TRIGGER_ASSEMBLY_LINE_ROLLER_3_MESH.001
20:49:40 | INFO: Primitives created: 1
20:49:40 | INFO: Extracting primitive: RM_CAP_TRIGGER_ASSEMBLY_LINE_ROLLER_4_MESH.001
20:49:40 | INFO: Primitives created: 1
20:49:40 | INFO: Extracting primitive: RM_CAPS_BOWL_CENTER_MESH.001
20:49:40 | INFO: Primitives created: 1
20:49:40 | INFO: Extracting primitive: RM_CAPS_FEED_TRACK_MESH.001
20:49:40 | INFO: Primitives created: 1
20:49:40 | INFO: Extracting primitive: RM_CAPS_REJECT_STATION_MESH.001
20:49:40 | INFO: Primitives created: 1
20:49:40 | INFO: Extracting primitive: RM_CAPS_ROTARY_BOWL_MESH.001
20:49:40 | INFO: Primitives created: 1
20:49:40 | INFO: Extracting primitive: RM_FIRE_CONTROLLER_MESH.001
20:49:40 | INFO: Primitives created: 1
20:49:40 | INFO: Extracting primitive: RM_FIRE_MANIFOLD_MESH.001
20:49:40 | INFO: Primitives created: 1
20:49:40 | INFO: Extracting primitive: RM_FIRE_PUMP_0_BASE_MESH.001
20:49:40 | INFO: Primitives created: 1
20:49:40 | INFO: Extracting primitive: RM_FIRE_PUMP_0_DISCHARGE_MESH.001
20:49:40 | INFO: Primitives created: 1
20:49:40 | INFO: Extracting primitive: RM_FIRE_PUMP_0_MOTOR_MESH.001
20:49:40 | INFO: Primitives created: 1
20:49:40 | INFO: Extracting primitive: RM_FIRE_PUMP_0_SUCTION_MESH.001
20:49:40 | INFO: Primitives created: 1
20:49:40 | INFO: Extracting primitive: RM_FIRE_PUMP_1_BASE_MESH.001
20:49:40 | INFO: Primitives created: 1
20:49:40 | INFO: Extracting primitive: RM_FIRE_PUMP_1_DISCHARGE_MESH.001
20:49:40 | INFO: Primitives created: 1
20:49:40 | INFO: Extracting primitive: RM_FIRE_PUMP_1_MOTOR_MESH.001
20:49:40 | INFO: Primitives created: 1
20:49:40 | INFO: Extracting primitive: RM_FIRE_PUMP_1_SUCTION_MESH.001
20:49:40 | INFO: Primitives created: 1
20:49:40 | INFO: Extracting primitive: RM_FIRE_PUMP_2_BASE_MESH.001
20:49:40 | INFO: Primitives created: 1
20:49:40 | INFO: Extracting primitive: RM_FIRE_PUMP_2_DISCHARGE_MESH.001
20:49:40 | INFO: Primitives created: 1
20:49:40 | INFO: Extracting primitive: RM_FIRE_PUMP_2_MOTOR_MESH.001
20:49:40 | INFO: Primitives created: 1
20:49:40 | INFO: Extracting primitive: RM_FIRE_PUMP_2_SUCTION_MESH.001
20:49:40 | INFO: Primitives created: 1
20:49:40 | INFO: Extracting primitive: RM_FIRE_SERVICE_ACCESS_MESH.001
20:49:40 | INFO: Primitives created: 1
20:49:40 | INFO: Extracting primitive: RM_GATEHOUSE_BARRIER_CONTROL_MESH.001
20:49:40 | INFO: Primitives created: 1
20:49:40 | INFO: Extracting primitive: RM_GATEHOUSE_BOOM_BARRIER_MESH.001
20:49:40 | INFO: Primitives created: 1
20:49:40 | INFO: Extracting primitive: RM_GATEHOUSE_CONTROL_DESK_MESH.001
20:49:40 | INFO: Primitives created: 1
20:49:40 | INFO: Extracting primitive: RM_GATEHOUSE_MONITOR_0_MESH.001
20:49:40 | INFO: Primitives created: 1
20:49:40 | INFO: Extracting primitive: RM_GATEHOUSE_MONITOR_1_MESH.001
20:49:40 | INFO: Primitives created: 1
20:49:40 | INFO: Extracting primitive: RM_GATEHOUSE_MONITOR_2_MESH.001
20:49:40 | INFO: Primitives created: 1
20:49:40 | INFO: Extracting primitive: RM_GATEHOUSE_RADIO_CONSOLE_MESH.001
20:49:40 | INFO: Primitives created: 1
20:49:40 | INFO: Extracting primitive: RM_GATEHOUSE_VISITOR_WINDOW_MESH.001
20:49:40 | INFO: Primitives created: 1
20:49:40 | INFO: Extracting primitive: RM_GLASS_CAFE_COUNTER_MESH.001
20:49:40 | INFO: Primitives created: 1
20:49:40 | INFO: Extracting primitive: RM_GLASS_CAFE_STOOL_0_MESH.001
20:49:40 | INFO: Primitives created: 1
20:49:40 | INFO: Extracting primitive: RM_GLASS_CAFE_STOOL_1_MESH.001
20:49:40 | INFO: Primitives created: 1
20:49:40 | INFO: Extracting primitive: RM_GLASS_CAFE_STOOL_2_MESH.001
20:49:40 | INFO: Primitives created: 1
20:49:40 | INFO: Extracting primitive: RM_GLASS_CAFE_STOOL_3_MESH.001
20:49:40 | INFO: Primitives created: 1
20:49:40 | INFO: Extracting primitive: RM_GLASS_COMMAND_CONSOLE_MESH.001
20:49:40 | INFO: Primitives created: 1
20:49:40 | INFO: Extracting primitive: RM_GLASS_COMMAND_MONITOR_0_MESH.001
20:49:40 | INFO: Primitives created: 1
20:49:40 | INFO: Extracting primitive: RM_GLASS_COMMAND_MONITOR_1_MESH.001
20:49:40 | INFO: Primitives created: 1
20:49:40 | INFO: Extracting primitive: RM_GLASS_COMMAND_MONITOR_2_MESH.001
20:49:40 | INFO: Primitives created: 1
20:49:40 | INFO: Extracting primitive: RM_GLASS_COMMAND_MONITOR_3_MESH.001
20:49:40 | INFO: Primitives created: 1
20:49:40 | INFO: Extracting primitive: RM_GLASS_COMMAND_SCREEN_4_MESH.001
20:49:40 | INFO: Primitives created: 1
20:49:40 | INFO: Extracting primitive: RM_GLASS_COMMAND_SCREEN_14_MESH.001
20:49:40 | INFO: Primitives created: 1
20:49:40 | INFO: Extracting primitive: RM_GLASS_COMMAND_SCREEN_24_MESH.001
20:49:40 | INFO: Primitives created: 1
20:49:40 | INFO: Extracting primitive: RM_GLASS_COMMAND_SCREEN_34_MESH.001
20:49:40 | INFO: Primitives created: 1
20:49:40 | INFO: Extracting primitive: RM_GLASS_TRAINING_CHAIR_7_1.7_1.2_MESH.001
20:49:40 | INFO: Primitives created: 1
20:49:40 | INFO: Extracting primitive: RM_GLASS_TRAINING_CHAIR_7_1.7_-1.2_MESH.001
20:49:40 | INFO: Primitives created: 1
20:49:40 | INFO: Extracting primitive: RM_GLASS_TRAINING_CHAIR_7_-1.7_1.2_MESH.001
20:49:40 | INFO: Primitives created: 1
20:49:40 | INFO: Extracting primitive: RM_GLASS_TRAINING_CHAIR_7_-1.7_-1.2_MESH.001
20:49:40 | INFO: Primitives created: 1
20:49:40 | INFO: Extracting primitive: RM_GLASS_TRAINING_CHAIR_18_1.7_1.2_MESH.001
20:49:40 | INFO: Primitives created: 1
20:49:40 | INFO: Extracting primitive: RM_GLASS_TRAINING_CHAIR_18_1.7_-1.2_MESH.001
20:49:40 | INFO: Primitives created: 1
20:49:40 | INFO: Extracting primitive: RM_GLASS_TRAINING_CHAIR_18_-1.7_1.2_MESH.001
20:49:40 | INFO: Primitives created: 1
20:49:40 | INFO: Extracting primitive: RM_GLASS_TRAINING_CHAIR_18_-1.7_-1.2_MESH.001
20:49:40 | INFO: Primitives created: 1
20:49:40 | INFO: Extracting primitive: RM_GLASS_TRAINING_TABLE_7_MESH.001
20:49:40 | INFO: Primitives created: 1
20:49:40 | INFO: Extracting primitive: RM_GLASS_TRAINING_TABLE_18_MESH.001
20:49:40 | INFO: Primitives created: 1
20:49:40 | INFO: Extracting primitive: RM_LIQUID_BOTTLE_CONVEYOR_BED_MESH.001
20:49:40 | INFO: Primitives created: 1
20:49:40 | INFO: Extracting primitive: RM_LIQUID_BOTTLE_CONVEYOR_GUARD_A_MESH.001
20:49:40 | INFO: Primitives created: 1
20:49:40 | INFO: Extracting primitive: RM_LIQUID_BOTTLE_CONVEYOR_GUARD_B_MESH.001
20:49:40 | INFO: Primitives created: 1
20:49:40 | INFO: Extracting primitive: RM_LIQUID_BOTTLE_CONVEYOR_ROLLER_0_MESH.001
20:49:40 | INFO: Primitives created: 1
20:49:40 | INFO: Extracting primitive: RM_LIQUID_BOTTLE_CONVEYOR_ROLLER_1_MESH.001
20:49:40 | INFO: Primitives created: 1
20:49:40 | INFO: Extracting primitive: RM_LIQUID_BOTTLE_CONVEYOR_ROLLER_2_MESH.001
20:49:40 | INFO: Primitives created: 1
20:49:40 | INFO: Extracting primitive: RM_LIQUID_BOTTLE_CONVEYOR_ROLLER_3_MESH.001
20:49:40 | INFO: Primitives created: 1
20:49:40 | INFO: Extracting primitive: RM_LIQUID_BOTTLE_CONVEYOR_ROLLER_4_MESH.001
20:49:40 | INFO: Primitives created: 1
20:49:40 | INFO: Extracting primitive: RM_LIQUID_CAPPER_CONTROL_MESH.001
20:49:40 | INFO: Primitives created: 1
20:49:40 | INFO: Extracting primitive: RM_LIQUID_CAPPER_FRAME_MESH.001
20:49:40 | INFO: Primitives created: 1
20:49:40 | INFO: Extracting primitive: RM_LIQUID_CASE_PACKER_CONTROL_MESH.001
20:49:40 | INFO: Primitives created: 1
20:49:40 | INFO: Extracting primitive: RM_LIQUID_CASE_PACKER_FRAME_MESH.001
20:49:40 | INFO: Primitives created: 1
20:49:40 | INFO: Extracting primitive: RM_LIQUID_FILL_NOZZLE_0_MESH.001
20:49:40 | INFO: Primitives created: 1
20:49:40 | INFO: Extracting primitive: RM_LIQUID_FILL_NOZZLE_1_MESH.001
20:49:40 | INFO: Primitives created: 1
20:49:40 | INFO: Extracting primitive: RM_LIQUID_FILL_NOZZLE_2_MESH.001
20:49:40 | INFO: Primitives created: 1
20:49:40 | INFO: Extracting primitive: RM_LIQUID_FILL_NOZZLE_3_MESH.001
20:49:40 | INFO: Primitives created: 1
20:49:40 | INFO: Extracting primitive: RM_LIQUID_FILL_NOZZLE_4_MESH.001
20:49:40 | INFO: Primitives created: 1
20:49:40 | INFO: Extracting primitive: RM_LIQUID_FILL_NOZZLE_5_MESH.001
20:49:40 | INFO: Primitives created: 1
20:49:40 | INFO: Extracting primitive: RM_LIQUID_FILL_NOZZLE_6_MESH.001
20:49:40 | INFO: Primitives created: 1
20:49:40 | INFO: Extracting primitive: RM_LIQUID_FILL_NOZZLE_7_MESH.001
20:49:40 | INFO: Primitives created: 1
20:49:40 | INFO: Extracting primitive: RM_LIQUID_FILLER_CAROUSEL_MESH.001
20:49:40 | INFO: Primitives created: 1
20:49:40 | INFO: Extracting primitive: RM_LIQUID_LABELER_CONTROL_MESH.001
20:49:40 | INFO: Primitives created: 1
20:49:40 | INFO: Extracting primitive: RM_LIQUID_LABELER_FRAME_MESH.001
20:49:40 | INFO: Primitives created: 1
20:49:40 | INFO: Extracting primitive: RM_LIQUID_PRODUCT_0_MESH.001
20:49:40 | INFO: Primitives created: 1
20:49:40 | INFO: Extracting primitive: RM_LIQUID_PRODUCT_1_MESH.001
20:49:40 | INFO: Primitives created: 1
20:49:40 | INFO: Extracting primitive: RM_LIQUID_PRODUCT_2_MESH.001
20:49:40 | INFO: Primitives created: 1
20:49:40 | INFO: Extracting primitive: RM_LIQUID_PRODUCT_3_MESH.001
20:49:40 | INFO: Primitives created: 1
20:49:40 | INFO: Extracting primitive: RM_LIQUID_PRODUCT_4_MESH.001
20:49:40 | INFO: Primitives created: 1
20:49:40 | INFO: Extracting primitive: RM_LV_BREAKER_WINDOW_0_MESH.001
20:49:40 | INFO: Primitives created: 1
20:49:40 | INFO: Extracting primitive: RM_LV_BREAKER_WINDOW_1_MESH.001
20:49:40 | INFO: Primitives created: 1
20:49:40 | INFO: Extracting primitive: RM_LV_BREAKER_WINDOW_2_MESH.001
20:49:40 | INFO: Primitives created: 1
20:49:40 | INFO: Extracting primitive: RM_LV_BREAKER_WINDOW_3_MESH.001
20:49:40 | INFO: Primitives created: 1
20:49:40 | INFO: Extracting primitive: RM_LV_BREAKER_WINDOW_4_MESH.001
20:49:40 | INFO: Primitives created: 1
20:49:40 | INFO: Extracting primitive: RM_LV_BUSBAR_TRUNK_MESH.001
20:49:40 | INFO: Primitives created: 1
20:49:40 | INFO: Extracting primitive: RM_LV_CABLE_0_MESH.001
20:49:40 | INFO: Primitives created: 1
20:49:40 | INFO: Extracting primitive: RM_LV_CABLE_1_MESH.001
20:49:40 | INFO: Primitives created: 1
20:49:40 | INFO: Extracting primitive: RM_LV_CABLE_2_MESH.001
20:49:40 | INFO: Primitives created: 1
20:49:40 | INFO: Extracting primitive: RM_LV_CABLE_3_MESH.001
20:49:40 | INFO: Primitives created: 1
20:49:40 | INFO: Extracting primitive: RM_LV_CABLE_4_MESH.001
20:49:40 | INFO: Primitives created: 1
20:49:40 | INFO: Extracting primitive: RM_LV_PANEL_DOOR_0_MESH.001
20:49:40 | INFO: Primitives created: 1
20:49:40 | INFO: Extracting primitive: RM_LV_PANEL_DOOR_1_MESH.001
20:49:40 | INFO: Primitives created: 1
20:49:40 | INFO: Extracting primitive: RM_LV_PANEL_DOOR_2_MESH.001
20:49:40 | INFO: Primitives created: 1
20:49:40 | INFO: Extracting primitive: RM_LV_PANEL_DOOR_3_MESH.001
20:49:40 | INFO: Primitives created: 1
20:49:40 | INFO: Extracting primitive: RM_LV_PANEL_DOOR_4_MESH.001
20:49:40 | INFO: Primitives created: 1
20:49:40 | INFO: Extracting primitive: RM_LV_REMOTE_SERVICE_PANEL_MESH.001
20:49:40 | INFO: Primitives created: 1
20:49:40 | INFO: Extracting primitive: RM_LV_SERVICE_CLEARANCE_MESH.001
20:49:40 | INFO: Primitives created: 1
20:49:40 | INFO: Extracting primitive: RM_LV_SWITCHGEAR_0_MESH.001
20:49:40 | INFO: Primitives created: 1
20:49:40 | INFO: Extracting primitive: RM_LV_SWITCHGEAR_1_MESH.001
20:49:40 | INFO: Primitives created: 1
20:49:40 | INFO: Extracting primitive: RM_LV_SWITCHGEAR_2_MESH.001
20:49:40 | INFO: Primitives created: 1
20:49:40 | INFO: Extracting primitive: RM_LV_SWITCHGEAR_3_MESH.001
20:49:40 | INFO: Primitives created: 1
20:49:40 | INFO: Extracting primitive: RM_LV_SWITCHGEAR_4_MESH.001
20:49:40 | INFO: Primitives created: 1
20:49:40 | INFO: Extracting primitive: Cube.071
20:49:40 | INFO: Primitives created: 1
20:49:40 | INFO: Extracting primitive: Cube.072
20:49:40 | INFO: Primitives created: 1
20:49:40 | INFO: Extracting primitive: Cube.064
20:49:40 | INFO: Primitives created: 1
20:49:40 | INFO: Extracting primitive: Cube.065
20:49:40 | INFO: Primitives created: 1
20:49:40 | INFO: Extracting primitive: Cube.066
20:49:40 | INFO: Primitives created: 1
20:49:40 | INFO: Extracting primitive: Cube.067
20:49:40 | INFO: Primitives created: 1
20:49:40 | INFO: Extracting primitive: Cube.068
20:49:40 | INFO: Primitives created: 1
20:49:40 | INFO: Extracting primitive: Cube.069
20:49:40 | INFO: Primitives created: 1
20:49:40 | INFO: Extracting primitive: RM_PERSONNEL_ENTRANCE_SIGNAGE_CURVE
20:49:40 | INFO: Primitives created: 1
20:49:40 | INFO: Extracting primitive: Cube.070
20:49:40 | INFO: Primitives created: 1
20:49:40 | INFO: Extracting primitive: RM_POWDER_AUGER_MESH.001
20:49:40 | INFO: Primitives created: 1
20:49:40 | INFO: Extracting primitive: RM_POWDER_BAG_0_MESH.001
20:49:40 | INFO: Primitives created: 1
20:49:40 | INFO: Extracting primitive: RM_POWDER_BAG_1_MESH.001
20:49:40 | INFO: Primitives created: 1
20:49:40 | INFO: Extracting primitive: RM_POWDER_BAG_2_MESH.001
20:49:40 | INFO: Primitives created: 1
20:49:40 | INFO: Extracting primitive: RM_POWDER_BAG_3_MESH.001
20:49:40 | INFO: Primitives created: 1
20:49:40 | INFO: Extracting primitive: RM_POWDER_BAG_DUMP_MESH.001
20:49:40 | INFO: Primitives created: 1
20:49:40 | INFO: Extracting primitive: RM_POWDER_DUST_HOOD_MESH.001
20:49:40 | INFO: Primitives created: 1
20:49:40 | INFO: Extracting primitive: RM_POWDER_HOPPER_LID_MESH.001
20:49:40 | INFO: Primitives created: 1
20:49:40 | INFO: Extracting primitive: RM_POWDER_HOPPER_MOTOR_MESH.001
20:49:40 | INFO: Primitives created: 1
20:49:40 | INFO: Extracting primitive: RM_POWDER_HOPPER_OUTLET_MESH.001
20:49:40 | INFO: Primitives created: 1
20:49:40 | INFO: Extracting primitive: RM_POWDER_HOPPER_VESSEL_MESH.001
20:49:40 | INFO: Primitives created: 1
20:49:40 | INFO: Extracting primitive: RM_POWDER_PACKOUT_BED_MESH.001
20:49:40 | INFO: Primitives created: 1
20:49:40 | INFO: Extracting primitive: RM_POWDER_PACKOUT_GUARD_A_MESH.001
20:49:40 | INFO: Primitives created: 1
20:49:40 | INFO: Extracting primitive: RM_POWDER_PACKOUT_GUARD_B_MESH.001
20:49:40 | INFO: Primitives created: 1
20:49:40 | INFO: Extracting primitive: RM_POWDER_PACKOUT_ROLLER_0_MESH.001
20:49:40 | INFO: Primitives created: 1
20:49:40 | INFO: Extracting primitive: RM_POWDER_PACKOUT_ROLLER_1_MESH.001
20:49:40 | INFO: Primitives created: 1
20:49:40 | INFO: Extracting primitive: RM_POWDER_PACKOUT_ROLLER_2_MESH.001
20:49:40 | INFO: Primitives created: 1
20:49:40 | INFO: Extracting primitive: RM_POWDER_PACKOUT_ROLLER_3_MESH.001
20:49:40 | INFO: Primitives created: 1
20:49:40 | INFO: Extracting primitive: RM_POWDER_PACKOUT_ROLLER_4_MESH.001
20:49:40 | INFO: Primitives created: 1
20:49:40 | INFO: Extracting primitive: RM_POWDER_VFFS_BAGGER_CONTROL_MESH.001
20:49:40 | INFO: Primitives created: 1
20:49:40 | INFO: Extracting primitive: RM_POWDER_VFFS_BAGGER_FRAME_MESH.001
20:49:40 | INFO: Primitives created: 1
20:49:40 | INFO: Extracting primitive: RM_RECEPTION_CCTV_0_MESH.001
20:49:40 | INFO: Primitives created: 1
20:49:40 | INFO: Extracting primitive: RM_RECEPTION_CCTV_1_MESH.001
20:49:40 | INFO: Primitives created: 1
20:49:40 | INFO: Extracting primitive: RM_RECEPTION_CCTV_2_MESH.001
20:49:40 | INFO: Primitives created: 1
20:49:40 | INFO: Extracting primitive: RM_RECEPTION_CCTV_3_MESH.001
20:49:40 | INFO: Primitives created: 1
20:49:40 | INFO: Extracting primitive: RM_RECEPTION_CCTV_WALL_MESH.001
20:49:40 | INFO: Primitives created: 1
20:49:40 | INFO: Extracting primitive: RM_RECEPTION_CHECKIN_SCREEN_MESH.001
20:49:40 | INFO: Primitives created: 1
20:49:40 | INFO: Extracting primitive: RM_RECEPTION_SECURITY_DESK_MESH.001
20:49:40 | INFO: Primitives created: 1
20:49:40 | INFO: Extracting primitive: RM_RECEPTION_TURNSTILE_0_MESH.001
20:49:40 | INFO: Primitives created: 1
20:49:40 | INFO: Extracting primitive: RM_RECEPTION_TURNSTILE_1_MESH.001
20:49:40 | INFO: Primitives created: 1
20:49:40 | INFO: Extracting primitive: RM_RECEPTION_TURNSTILE_2_MESH.001
20:49:40 | INFO: Primitives created: 1
20:49:40 | INFO: Extracting primitive: RM_RECEPTION_TURNSTILE_ARM_0_MESH.001
20:49:40 | INFO: Primitives created: 1
20:49:40 | INFO: Extracting primitive: RM_RECEPTION_TURNSTILE_ARM_1_MESH.001
20:49:40 | INFO: Primitives created: 1
20:49:40 | INFO: Extracting primitive: RM_RECEPTION_TURNSTILE_ARM_2_MESH.001
20:49:40 | INFO: Primitives created: 1
20:49:40 | INFO: Extracting primitive: RM_RECEPTION_VISITOR_SEAT_0_MESH.001
20:49:40 | INFO: Primitives created: 1
20:49:40 | INFO: Extracting primitive: RM_RECEPTION_VISITOR_SEAT_1_MESH.001
20:49:40 | INFO: Primitives created: 1
20:49:40 | INFO: Extracting primitive: RM_RECEPTION_VISITOR_SEAT_2_MESH.001
20:49:40 | INFO: Primitives created: 1
20:49:40 | INFO: Extracting primitive: RM_RECEPTION_VISITOR_SEAT_3_MESH.001
20:49:40 | INFO: Primitives created: 1
20:49:40 | INFO: Extracting primitive: RM_TOOTHPASTE_CARTONER_CONTROL_MESH.001
20:49:40 | INFO: Primitives created: 1
20:49:40 | INFO: Extracting primitive: RM_TOOTHPASTE_CARTONER_FRAME_MESH.001
20:49:40 | INFO: Primitives created: 1
20:49:40 | INFO: Extracting primitive: RM_TOOTHPASTE_HOLDING_TANK_LID_MESH.001
20:49:40 | INFO: Primitives created: 1
20:49:40 | INFO: Extracting primitive: RM_TOOTHPASTE_HOLDING_TANK_MOTOR_MESH.001
20:49:40 | INFO: Primitives created: 1
20:49:40 | INFO: Extracting primitive: RM_TOOTHPASTE_HOLDING_TANK_OUTLET_MESH.001
20:49:40 | INFO: Primitives created: 1
20:49:40 | INFO: Extracting primitive: RM_TOOTHPASTE_HOLDING_TANK_VESSEL_MESH.001
20:49:40 | INFO: Primitives created: 1
20:49:40 | INFO: Extracting primitive: RM_TOOTHPASTE_TRANSFER_MESH.001
20:49:40 | INFO: Primitives created: 1
20:49:40 | INFO: Extracting primitive: RM_TOOTHPASTE_TUBE_0_MESH.001
20:49:40 | INFO: Primitives created: 1
20:49:40 | INFO: Extracting primitive: RM_TOOTHPASTE_TUBE_1_MESH.001
20:49:40 | INFO: Primitives created: 1
20:49:40 | INFO: Extracting primitive: RM_TOOTHPASTE_TUBE_2_MESH.001
20:49:40 | INFO: Primitives created: 1
20:49:40 | INFO: Extracting primitive: RM_TOOTHPASTE_TUBE_3_MESH.001
20:49:40 | INFO: Primitives created: 1
20:49:40 | INFO: Extracting primitive: RM_TOOTHPASTE_TUBE_4_MESH.001
20:49:40 | INFO: Primitives created: 1
20:49:40 | INFO: Extracting primitive: RM_TOOTHPASTE_TUBE_FILLER_CONTROL_MESH.001
20:49:40 | INFO: Primitives created: 1
20:49:40 | INFO: Extracting primitive: RM_TOOTHPASTE_TUBE_FILLER_FRAME_MESH.001
20:49:40 | INFO: Primitives created: 1
20:49:40 | INFO: Extracting primitive: RM_TOOTHPASTE_TUBE_LINE_BED_MESH.001
20:49:40 | INFO: Primitives created: 1
20:49:40 | INFO: Extracting primitive: RM_TOOTHPASTE_TUBE_LINE_GUARD_A_MESH.001
20:49:40 | INFO: Primitives created: 1
20:49:40 | INFO: Extracting primitive: RM_TOOTHPASTE_TUBE_LINE_GUARD_B_MESH.001
20:49:40 | INFO: Primitives created: 1
20:49:40 | INFO: Extracting primitive: RM_TOOTHPASTE_TUBE_LINE_ROLLER_0_MESH.001
20:49:40 | INFO: Primitives created: 1
20:49:40 | INFO: Extracting primitive: RM_TOOTHPASTE_TUBE_LINE_ROLLER_1_MESH.001
20:49:40 | INFO: Primitives created: 1
20:49:40 | INFO: Extracting primitive: RM_TOOTHPASTE_TUBE_LINE_ROLLER_2_MESH.001
20:49:40 | INFO: Primitives created: 1
20:49:40 | INFO: Extracting primitive: RM_TOOTHPASTE_TUBE_LINE_ROLLER_3_MESH.001
20:49:40 | INFO: Primitives created: 1
20:49:40 | INFO: Extracting primitive: RM_TOOTHPASTE_TUBE_LINE_ROLLER_4_MESH.001
20:49:40 | INFO: Primitives created: 1
20:49:40 | INFO: Extracting primitive: RM_TOOTHPASTE_VACUUM_HEAD_MESH.001
20:49:40 | INFO: Primitives created: 1
20:49:40 | INFO: Extracting primitive: RM_TOOTHPASTE_VACUUM_MIXER_LID_MESH.001
20:49:40 | INFO: Primitives created: 1
20:49:40 | INFO: Extracting primitive: RM_TOOTHPASTE_VACUUM_MIXER_MOTOR_MESH.001
20:49:40 | INFO: Primitives created: 1
20:49:40 | INFO: Extracting primitive: RM_TOOTHPASTE_VACUUM_MIXER_OUTLET_MESH.001
20:49:40 | INFO: Primitives created: 1
20:49:40 | INFO: Extracting primitive: RM_TOOTHPASTE_VACUUM_MIXER_VESSEL_MESH.001
20:49:40 | INFO: Primitives created: 1
20:49:40 | INFO: Extracting primitive: RM_TRIGGER_FEEDER_MESH.001
20:49:40 | INFO: Primitives created: 1
20:49:40 | INFO: Extracting primitive: RM_TRIGGER_PICK_PLACE_0_MESH.001
20:49:40 | INFO: Primitives created: 1
20:49:40 | INFO: Extracting primitive: RM_TRIGGER_PICK_PLACE_1_MESH.001
20:49:40 | INFO: Primitives created: 1
20:49:40 | INFO: Extracting primitive: RM_TRIGGER_PICK_PLACE_2_MESH.001
20:49:40 | INFO: Primitives created: 1
20:49:40 | INFO: Extracting primitive: RM_TRIGGER_PICK_PLACE_3_MESH.001
20:49:40 | INFO: Primitives created: 1
20:49:40 | INFO: Extracting primitive: RM_WEIGH_BALANCE_MESH.001
20:49:40 | INFO: Primitives created: 1
20:49:40 | INFO: Extracting primitive: RM_WEIGH_BIN_0_MESH.001
20:49:40 | INFO: Primitives created: 1
20:49:40 | INFO: Extracting primitive: RM_WEIGH_BIN_1_MESH.001
20:49:40 | INFO: Primitives created: 1
20:49:40 | INFO: Extracting primitive: RM_WEIGH_BIN_2_MESH.001
20:49:40 | INFO: Primitives created: 1
20:49:40 | INFO: Extracting primitive: RM_WEIGH_BIN_3_MESH.001
20:49:40 | INFO: Primitives created: 1
20:49:40 | INFO: Extracting primitive: RM_WEIGH_BOOTH_MESH.001
20:49:40 | INFO: Primitives created: 1
20:49:40 | INFO: Extracting primitive: RM_WEIGH_HOPPER_0_MESH.001
20:49:40 | INFO: Primitives created: 1
20:49:40 | INFO: Extracting primitive: RM_WEIGH_HOPPER_1_MESH.001
20:49:40 | INFO: Primitives created: 1
20:49:40 | INFO: Extracting primitive: RM_WEIGH_HOPPER_2_MESH.001
20:49:40 | INFO: Primitives created: 1
20:49:40 | INFO: Extracting primitive: RM_WEIGH_HOPPER_3_MESH.001
20:49:40 | INFO: Primitives created: 1
20:49:40 | INFO: Extracting primitive: RM_WEIGH_SCALE_TABLE_MESH.001
20:49:40 | INFO: Primitives created: 1
20:49:40 | INFO: Extracting primitive: RM_WEIGH_TRANSFER_CART_MESH.001
20:49:40 | INFO: Primitives created: 1
20:49:40 | INFO: Extracting primitive: RM_WELFARE_CHANGE_BENCH_LEG4.6_MESH.001
20:49:40 | INFO: Primitives created: 1
20:49:40 | INFO: Extracting primitive: RM_WELFARE_CHANGE_BENCH_LEG-4.6_MESH.001
20:49:40 | INFO: Primitives created: 1
20:49:40 | INFO: Extracting primitive: RM_WELFARE_CHANGE_BENCH_SEAT_MESH.001
20:49:40 | INFO: Primitives created: 1
20:49:40 | INFO: Extracting primitive: RM_WELFARE_CLEAN_ENTRY_MESH.001
20:49:40 | INFO: Primitives created: 1
20:49:40 | INFO: Extracting primitive: RM_WELFARE_DIRTY_ENTRY_MESH.001
20:49:40 | INFO: Primitives created: 1
20:49:40 | INFO: Extracting primitive: RM_WELFARE_DRAIN_0_MESH.001
20:49:40 | INFO: Primitives created: 1
20:49:40 | INFO: Extracting primitive: RM_WELFARE_DRAIN_1_MESH.001
20:49:40 | INFO: Primitives created: 1
20:49:40 | INFO: Extracting primitive: RM_WELFARE_DRAIN_2_MESH.001
20:49:40 | INFO: Primitives created: 1
20:49:40 | INFO: Extracting primitive: RM_WELFARE_DRAIN_3_MESH.001
20:49:40 | INFO: Primitives created: 1
20:49:40 | INFO: Extracting primitive: RM_WELFARE_LOCKER_BANK_0_MESH.001
20:49:40 | INFO: Primitives created: 1
20:49:40 | INFO: Extracting primitive: RM_WELFARE_LOCKER_BANK_1_MESH.001
20:49:40 | INFO: Primitives created: 1
20:49:40 | INFO: Extracting primitive: RM_WELFARE_LOCKER_BANK_2_MESH.001
20:49:40 | INFO: Primitives created: 1
20:49:40 | INFO: Extracting primitive: RM_WELFARE_LOCKER_BANK_3_MESH.001
20:49:40 | INFO: Primitives created: 1
20:49:40 | INFO: Extracting primitive: RM_WELFARE_LOCKER_BANK_4_MESH.001
20:49:40 | INFO: Primitives created: 1
20:49:40 | INFO: Extracting primitive: RM_WELFARE_LOCKER_DOOR_0_0_MESH.001
20:49:40 | INFO: Primitives created: 1
20:49:40 | INFO: Extracting primitive: RM_WELFARE_LOCKER_DOOR_0_1_MESH.001
20:49:40 | INFO: Primitives created: 1
20:49:40 | INFO: Extracting primitive: RM_WELFARE_LOCKER_DOOR_0_2_MESH.001
20:49:40 | INFO: Primitives created: 1
20:49:40 | INFO: Extracting primitive: RM_WELFARE_LOCKER_DOOR_1_0_MESH.001
20:49:40 | INFO: Primitives created: 1
20:49:40 | INFO: Extracting primitive: RM_WELFARE_LOCKER_DOOR_1_1_MESH.001
20:49:40 | INFO: Primitives created: 1
20:49:40 | INFO: Extracting primitive: RM_WELFARE_LOCKER_DOOR_1_2_MESH.001
20:49:40 | INFO: Primitives created: 1
20:49:40 | INFO: Extracting primitive: RM_WELFARE_LOCKER_DOOR_2_0_MESH.001
20:49:40 | INFO: Primitives created: 1
20:49:40 | INFO: Extracting primitive: RM_WELFARE_LOCKER_DOOR_2_1_MESH.001
20:49:40 | INFO: Primitives created: 1
20:49:40 | INFO: Extracting primitive: RM_WELFARE_LOCKER_DOOR_2_2_MESH.001
20:49:40 | INFO: Primitives created: 1
20:49:40 | INFO: Extracting primitive: RM_WELFARE_LOCKER_DOOR_3_0_MESH.001
20:49:40 | INFO: Primitives created: 1
20:49:40 | INFO: Extracting primitive: RM_WELFARE_LOCKER_DOOR_3_1_MESH.001
20:49:40 | INFO: Primitives created: 1
20:49:40 | INFO: Extracting primitive: RM_WELFARE_LOCKER_DOOR_3_2_MESH.001
20:49:40 | INFO: Primitives created: 1
20:49:40 | INFO: Extracting primitive: RM_WELFARE_LOCKER_DOOR_4_0_MESH.001
20:49:40 | INFO: Primitives created: 1
20:49:40 | INFO: Extracting primitive: RM_WELFARE_LOCKER_DOOR_4_1_MESH.001
20:49:40 | INFO: Primitives created: 1
20:49:40 | INFO: Extracting primitive: RM_WELFARE_LOCKER_DOOR_4_2_MESH.001
20:49:40 | INFO: Primitives created: 1
20:49:40 | INFO: Extracting primitive: RM_WELFARE_SHOWER_BACK_0_MESH
20:49:40 | INFO: Primitives created: 1
20:49:40 | INFO: Extracting primitive: RM_WELFARE_SHOWER_BACK_1_MESH
20:49:40 | INFO: Primitives created: 1
20:49:40 | INFO: Extracting primitive: RM_WELFARE_SHOWER_BACK_2_MESH
20:49:40 | INFO: Primitives created: 1
20:49:40 | INFO: Extracting primitive: RM_WELFARE_SHOWER_BACK_3_MESH
20:49:40 | INFO: Primitives created: 1
20:49:40 | INFO: Extracting primitive: RM_WELFARE_SHOWER_HEAD_0_MESH.001
20:49:40 | INFO: Primitives created: 1
20:49:40 | INFO: Extracting primitive: RM_WELFARE_SHOWER_HEAD_1_MESH.001
20:49:40 | INFO: Primitives created: 1
20:49:40 | INFO: Extracting primitive: RM_WELFARE_SHOWER_HEAD_2_MESH.001
20:49:40 | INFO: Primitives created: 1
20:49:40 | INFO: Extracting primitive: RM_WELFARE_SHOWER_HEAD_3_MESH.001
20:49:40 | INFO: Primitives created: 1
20:49:40 | INFO: Extracting primitive: RM_WELFARE_SHOWER_OPEN_0_MESH.001
20:49:40 | INFO: Primitives created: 1
20:49:40 | INFO: Extracting primitive: RM_WELFARE_SHOWER_OPEN_1_MESH.001
20:49:40 | INFO: Primitives created: 1
20:49:40 | INFO: Extracting primitive: RM_WELFARE_SHOWER_OPEN_2_MESH.001
20:49:40 | INFO: Primitives created: 1
20:49:40 | INFO: Extracting primitive: RM_WELFARE_SHOWER_OPEN_3_MESH.001
20:49:40 | INFO: Primitives created: 1
20:49:40 | INFO: Extracting primitive: RM_WELFARE_SHOWER_SIDE_A_0_MESH
20:49:40 | INFO: Primitives created: 1
20:49:40 | INFO: Extracting primitive: RM_WELFARE_SHOWER_SIDE_A_1_MESH
20:49:40 | INFO: Primitives created: 1
20:49:40 | INFO: Extracting primitive: RM_WELFARE_SHOWER_SIDE_A_2_MESH
20:49:40 | INFO: Primitives created: 1
20:49:40 | INFO: Extracting primitive: RM_WELFARE_SHOWER_SIDE_A_3_MESH
20:49:40 | INFO: Primitives created: 1
20:49:40 | INFO: Extracting primitive: RM_WELFARE_SHOWER_SIDE_B_0_MESH
20:49:40 | INFO: Primitives created: 1
20:49:40 | INFO: Extracting primitive: RM_WELFARE_SHOWER_SIDE_B_1_MESH
20:49:40 | INFO: Primitives created: 1
20:49:40 | INFO: Extracting primitive: RM_WELFARE_SHOWER_SIDE_B_2_MESH
20:49:40 | INFO: Primitives created: 1
20:49:40 | INFO: Extracting primitive: RM_WELFARE_SHOWER_SIDE_B_3_MESH
20:49:40 | INFO: Primitives created: 1
20:49:40 | INFO: Extracting primitive: RM_WET_CIP_PIPE_0_MESH.001
20:49:40 | INFO: Primitives created: 1
20:49:40 | INFO: Extracting primitive: RM_WET_CIP_PIPE_1_MESH.001
20:49:40 | INFO: Primitives created: 1
20:49:40 | INFO: Extracting primitive: RM_WET_CIP_PIPE_2_MESH.001
20:49:40 | INFO: Primitives created: 1
20:49:40 | INFO: Extracting primitive: RM_WET_CIP_SKID_MESH.001
20:49:40 | INFO: Primitives created: 1
20:49:40 | INFO: Extracting primitive: RM_WET_MIX_TANK_0_LID_MESH.001
20:49:40 | INFO: Primitives created: 1
20:49:40 | INFO: Extracting primitive: RM_WET_MIX_TANK_0_MOTOR_MESH.001
20:49:40 | INFO: Primitives created: 1
20:49:40 | INFO: Extracting primitive: RM_WET_MIX_TANK_0_OUTLET_MESH.001
20:49:40 | INFO: Primitives created: 1
20:49:40 | INFO: Extracting primitive: RM_WET_MIX_TANK_0_VESSEL_MESH.001
20:49:40 | INFO: Primitives created: 1
20:49:40 | INFO: Extracting primitive: RM_WET_MIX_TANK_1_LID_MESH.001
20:49:40 | INFO: Primitives created: 1
20:49:40 | INFO: Extracting primitive: RM_WET_MIX_TANK_1_MOTOR_MESH.001
20:49:40 | INFO: Primitives created: 1
20:49:40 | INFO: Extracting primitive: RM_WET_MIX_TANK_1_OUTLET_MESH.001
20:49:40 | INFO: Primitives created: 1
20:49:40 | INFO: Extracting primitive: RM_WET_MIX_TANK_1_VESSEL_MESH.001
20:49:40 | INFO: Primitives created: 1
20:49:40 | INFO: Extracting primitive: RM_WET_MIX_TANK_2_LID_MESH.001
20:49:40 | INFO: Primitives created: 1
20:49:40 | INFO: Extracting primitive: RM_WET_MIX_TANK_2_MOTOR_MESH.001
20:49:40 | INFO: Primitives created: 1
20:49:40 | INFO: Extracting primitive: RM_WET_MIX_TANK_2_OUTLET_MESH.001
20:49:40 | INFO: Primitives created: 1
20:49:40 | INFO: Extracting primitive: RM_WET_MIX_TANK_2_VESSEL_MESH.001
20:49:40 | INFO: Primitives created: 1
20:49:40 | INFO: Extracting primitive: RM_WET_MIX_TANK_3_LID_MESH.001
20:49:40 | INFO: Primitives created: 1
20:49:40 | INFO: Extracting primitive: RM_WET_MIX_TANK_3_MOTOR_MESH.001
20:49:40 | INFO: Primitives created: 1
20:49:40 | INFO: Extracting primitive: RM_WET_MIX_TANK_3_OUTLET_MESH.001
20:49:40 | INFO: Primitives created: 1
20:49:40 | INFO: Extracting primitive: RM_WET_MIX_TANK_3_VESSEL_MESH.001
20:49:40 | INFO: Primitives created: 1
20:49:40 | INFO: Extracting primitive: RM_WET_MIX_TANK_4_LID_MESH.001
20:49:40 | INFO: Primitives created: 1
20:49:40 | INFO: Extracting primitive: RM_WET_MIX_TANK_4_MOTOR_MESH.001
20:49:40 | INFO: Primitives created: 1
20:49:40 | INFO: Extracting primitive: RM_WET_MIX_TANK_4_OUTLET_MESH.001
20:49:40 | INFO: Primitives created: 1
20:49:40 | INFO: Extracting primitive: RM_WET_MIX_TANK_4_VESSEL_MESH.001
20:49:40 | INFO: Primitives created: 1
20:49:40 | INFO: Extracting primitive: RM_WET_PLATFORM_0_MESH.001
20:49:40 | INFO: Primitives created: 1
20:49:40 | INFO: Extracting primitive: RM_WET_PLATFORM_1_MESH.001
20:49:40 | INFO: Primitives created: 1
20:49:40 | INFO: Extracting primitive: RM_WET_PLATFORM_2_MESH.001
20:49:40 | INFO: Primitives created: 1
20:49:40 | INFO: Extracting primitive: RM_WET_PLATFORM_3_MESH.001
20:49:40 | INFO: Primitives created: 1
20:49:40 | INFO: Extracting primitive: RM_WET_PLATFORM_4_MESH.001
20:49:40 | INFO: Primitives created: 1
20:49:40 | INFO: Extracting primitive: RM_WET_PROCESS_OUTFEED_BED_MESH.001
20:49:40 | INFO: Primitives created: 1
20:49:40 | INFO: Extracting primitive: RM_WET_PROCESS_OUTFEED_GUARD_A_MESH.001
20:49:40 | INFO: Primitives created: 1
20:49:40 | INFO: Extracting primitive: RM_WET_PROCESS_OUTFEED_GUARD_B_MESH.001
20:49:40 | INFO: Primitives created: 1
20:49:40 | INFO: Extracting primitive: RM_WET_PROCESS_OUTFEED_ROLLER_0_MESH.001
20:49:40 | INFO: Primitives created: 1
20:49:40 | INFO: Extracting primitive: RM_WET_PROCESS_OUTFEED_ROLLER_1_MESH.001
20:49:40 | INFO: Primitives created: 1
20:49:40 | INFO: Extracting primitive: RM_WET_PROCESS_OUTFEED_ROLLER_2_MESH.001
20:49:40 | INFO: Primitives created: 1
20:49:40 | INFO: Extracting primitive: RM_WET_PROCESS_OUTFEED_ROLLER_3_MESH.001
20:49:40 | INFO: Primitives created: 1
20:49:40 | INFO: Extracting primitive: RM_WET_PROCESS_OUTFEED_ROLLER_4_MESH.001
20:49:40 | INFO: Primitives created: 1
20:49:40 | INFO: Extracting primitive: RM_WET_RAIL_0_2.8_2.4_MESH.001
20:49:40 | INFO: Primitives created: 1
20:49:40 | INFO: Extracting primitive: RM_WET_RAIL_0_2.8_-2.4_MESH.001
20:49:40 | INFO: Primitives created: 1
20:49:40 | INFO: Extracting primitive: RM_WET_RAIL_0_-2.8_2.4_MESH.001
20:49:40 | INFO: Primitives created: 1
20:49:40 | INFO: Extracting primitive: RM_WET_RAIL_0_-2.8_-2.4_MESH.001
20:49:40 | INFO: Primitives created: 1
20:49:40 | INFO: Extracting primitive: RM_WET_RAIL_1_2.8_2.4_MESH.001
20:49:40 | INFO: Primitives created: 1
20:49:40 | INFO: Extracting primitive: RM_WET_RAIL_1_2.8_-2.4_MESH.001
20:49:40 | INFO: Primitives created: 1
20:49:40 | INFO: Extracting primitive: RM_WET_RAIL_1_-2.8_2.4_MESH.001
20:49:40 | INFO: Primitives created: 1
20:49:40 | INFO: Extracting primitive: RM_WET_RAIL_1_-2.8_-2.4_MESH.001
20:49:40 | INFO: Primitives created: 1
20:49:40 | INFO: Extracting primitive: RM_WET_RAIL_2_2.8_2.4_MESH.001
20:49:40 | INFO: Primitives created: 1
20:49:40 | INFO: Extracting primitive: RM_WET_RAIL_2_2.8_-2.4_MESH.001
20:49:40 | INFO: Primitives created: 1
20:49:40 | INFO: Extracting primitive: RM_WET_RAIL_2_-2.8_2.4_MESH.001
20:49:40 | INFO: Primitives created: 1
20:49:40 | INFO: Extracting primitive: RM_WET_RAIL_2_-2.8_-2.4_MESH.001
20:49:40 | INFO: Primitives created: 1
20:49:40 | INFO: Extracting primitive: RM_WET_RAIL_3_2.8_2.4_MESH.001
20:49:40 | INFO: Primitives created: 1
20:49:40 | INFO: Extracting primitive: RM_WET_RAIL_3_2.8_-2.4_MESH.001
20:49:40 | INFO: Primitives created: 1
20:49:40 | INFO: Extracting primitive: RM_WET_RAIL_3_-2.8_2.4_MESH.001
20:49:40 | INFO: Primitives created: 1
20:49:40 | INFO: Extracting primitive: RM_WET_RAIL_3_-2.8_-2.4_MESH.001
20:49:40 | INFO: Primitives created: 1
20:49:40 | INFO: Extracting primitive: RM_WET_RAIL_4_2.8_2.4_MESH.001
20:49:40 | INFO: Primitives created: 1
20:49:40 | INFO: Extracting primitive: RM_WET_RAIL_4_2.8_-2.4_MESH.001
20:49:40 | INFO: Primitives created: 1
20:49:40 | INFO: Extracting primitive: RM_WET_RAIL_4_-2.8_2.4_MESH.001
20:49:40 | INFO: Primitives created: 1
20:49:40 | INFO: Extracting primitive: RM_WET_RAIL_4_-2.8_-2.4_MESH.001
20:49:40 | INFO: Primitives created: 1
20:49:40 | INFO: Extracting primitive: RM_WET_TRANSFER_MANIFOLD_MESH.001
20:49:40 | INFO: Primitives created: 1
20:49:40 | INFO: Extracting primitive: RM_WIPES_FOLD_CUT_CONTROL_MESH.001
20:49:40 | INFO: Primitives created: 1
20:49:40 | INFO: Extracting primitive: RM_WIPES_FOLD_CUT_FRAME_MESH.001
20:49:40 | INFO: Primitives created: 1
20:49:40 | INFO: Extracting primitive: RM_WIPES_LOTION_FEED_MESH.001
20:49:40 | INFO: Primitives created: 1
20:49:40 | INFO: Extracting primitive: RM_WIPES_LOTION_TANK_LID_MESH.001
20:49:40 | INFO: Primitives created: 1
20:49:40 | INFO: Extracting primitive: RM_WIPES_LOTION_TANK_MOTOR_MESH.001
20:49:40 | INFO: Primitives created: 1
20:49:40 | INFO: Extracting primitive: RM_WIPES_LOTION_TANK_OUTLET_MESH.001
20:49:40 | INFO: Primitives created: 1
20:49:40 | INFO: Extracting primitive: RM_WIPES_LOTION_TANK_VESSEL_MESH.001
20:49:40 | INFO: Primitives created: 1
20:49:40 | INFO: Extracting primitive: RM_WIPES_PACKOUT_BED_MESH.001
20:49:40 | INFO: Primitives created: 1
20:49:40 | INFO: Extracting primitive: RM_WIPES_PACKOUT_GUARD_A_MESH.001
20:49:40 | INFO: Primitives created: 1
20:49:40 | INFO: Extracting primitive: RM_WIPES_PACKOUT_GUARD_B_MESH.001
20:49:40 | INFO: Primitives created: 1
20:49:40 | INFO: Extracting primitive: RM_WIPES_PACKOUT_ROLLER_0_MESH.001
20:49:40 | INFO: Primitives created: 1
20:49:40 | INFO: Extracting primitive: RM_WIPES_PACKOUT_ROLLER_1_MESH.001
20:49:40 | INFO: Primitives created: 1
20:49:40 | INFO: Extracting primitive: RM_WIPES_PACKOUT_ROLLER_2_MESH.001
20:49:40 | INFO: Primitives created: 1
20:49:40 | INFO: Extracting primitive: RM_WIPES_PACKOUT_ROLLER_3_MESH.001
20:49:40 | INFO: Primitives created: 1
20:49:40 | INFO: Extracting primitive: RM_WIPES_PACKOUT_ROLLER_4_MESH.001
20:49:40 | INFO: Primitives created: 1
20:49:40 | INFO: Extracting primitive: RM_WIPES_POUCH_PACKER_CONTROL_MESH.001
20:49:40 | INFO: Primitives created: 1
20:49:40 | INFO: Extracting primitive: RM_WIPES_POUCH_PACKER_FRAME_MESH.001
20:49:40 | INFO: Primitives created: 1
20:49:40 | INFO: Extracting primitive: RM_WIPES_ROLL_MESH.001
20:49:40 | INFO: Primitives created: 1
20:49:40 | INFO: Extracting primitive: RM_WIPES_STACKER_CONTROL_MESH.001
20:49:40 | INFO: Primitives created: 1
20:49:40 | INFO: Extracting primitive: RM_WIPES_STACKER_FRAME_MESH.001
20:49:40 | INFO: Primitives created: 1
20:49:40 | INFO: Extracting primitive: RM_WIPES_UNWIND_STAND_MESH.001
20:49:40 | INFO: Primitives created: 1
20:49:40 | INFO: Extracting primitive: V02_ASSEMBLY_NEST_0_MESH
20:49:40 | INFO: Primitives created: 1
20:49:40 | INFO: Extracting primitive: V02_ASSEMBLY_NEST_1_MESH
20:49:40 | INFO: Primitives created: 1
20:49:40 | INFO: Extracting primitive: V02_ASSEMBLY_NEST_2_MESH
20:49:40 | INFO: Primitives created: 1
20:49:40 | INFO: Extracting primitive: V02_ASSEMBLY_NEST_3_MESH
20:49:40 | INFO: Primitives created: 1
20:49:40 | INFO: Extracting primitive: V02_ASSEMBLY_NEST_4_MESH
20:49:40 | INFO: Primitives created: 1
20:49:40 | INFO: Extracting primitive: V02_ASSEMBLY_NEST_5_MESH
20:49:40 | INFO: Primitives created: 1
20:49:40 | INFO: Extracting primitive: V02_BALANCE_BOWL_0_MESH
20:49:40 | INFO: Primitives created: 1
20:49:40 | INFO: Extracting primitive: V02_BALANCE_BOWL_1_MESH
20:49:40 | INFO: Primitives created: 1
20:49:40 | INFO: Extracting primitive: V02_BALANCE_BOWL_2_MESH
20:49:40 | INFO: Primitives created: 1
20:49:40 | INFO: Extracting primitive: V02_BLOW_BOTTLE_NECK_0_MESH
20:49:40 | INFO: Primitives created: 1
20:49:40 | INFO: Extracting primitive: V02_BLOW_BOTTLE_NECK_1_MESH
20:49:40 | INFO: Primitives created: 1
20:49:40 | INFO: Extracting primitive: V02_BLOW_BOTTLE_NECK_2_MESH
20:49:40 | INFO: Primitives created: 1
20:49:40 | INFO: Extracting primitive: V02_BLOW_BOTTLE_NECK_3_MESH
20:49:40 | INFO: Primitives created: 1
20:49:40 | INFO: Extracting primitive: V02_BLOW_BOTTLE_NECK_4_MESH
20:49:40 | INFO: Primitives created: 1
20:49:40 | INFO: Extracting primitive: V02_BLOW_BOTTLE_NECK_5_MESH
20:49:40 | INFO: Primitives created: 1
20:49:40 | INFO: Extracting primitive: V02_BLOW_BOTTLE_NECK_6_MESH
20:49:40 | INFO: Primitives created: 1
20:49:40 | INFO: Extracting primitive: V02_BLOW_BOTTLE_OUTFEED_FRAME_MESH
20:49:40 | INFO: Primitives created: 1
20:49:40 | INFO: Extracting primitive: V02_BLOW_BOTTLE_OUTFEED_ROLLER_0_MESH
20:49:40 | INFO: Primitives created: 1
20:49:40 | INFO: Extracting primitive: V02_BLOW_BOTTLE_OUTFEED_ROLLER_1_MESH
20:49:40 | INFO: Primitives created: 1
20:49:40 | INFO: Extracting primitive: V02_BLOW_BOTTLE_OUTFEED_ROLLER_2_MESH
20:49:40 | INFO: Primitives created: 1
20:49:40 | INFO: Extracting primitive: V02_BLOW_BOTTLE_OUTFEED_ROLLER_3_MESH
20:49:40 | INFO: Primitives created: 1
20:49:40 | INFO: Extracting primitive: V02_BLOW_BOTTLE_OUTFEED_ROLLER_4_MESH
20:49:40 | INFO: Primitives created: 1
20:49:40 | INFO: Extracting primitive: V02_BLOW_BOTTLE_OUTFEED_ROLLER_5_MESH
20:49:40 | INFO: Primitives created: 1
20:49:40 | INFO: Extracting primitive: V02_BLOW_BOTTLE_OUTFEED_ROLLER_6_MESH
20:49:40 | INFO: Primitives created: 1
20:49:40 | INFO: Extracting primitive: V02_BLOW_BOTTLE_OUTFEED_SIDE_A_MESH
20:49:40 | INFO: Primitives created: 1
20:49:40 | INFO: Extracting primitive: V02_BLOW_BOTTLE_OUTFEED_SIDE_B_MESH
20:49:40 | INFO: Primitives created: 1
20:49:40 | INFO: Extracting primitive: V02_BLOW_CLAMP_FRAME_MESH
20:49:40 | INFO: Primitives created: 1
20:49:40 | INFO: Extracting primitive: V02_BLOW_FORMED_BOTTLE_0_MESH
20:49:40 | INFO: Primitives created: 1
20:49:40 | INFO: Extracting primitive: V02_BLOW_FORMED_BOTTLE_1_MESH
20:49:40 | INFO: Primitives created: 1
20:49:40 | INFO: Extracting primitive: V02_BLOW_FORMED_BOTTLE_2_MESH
20:49:40 | INFO: Primitives created: 1
20:49:40 | INFO: Extracting primitive: V02_BLOW_FORMED_BOTTLE_3_MESH
20:49:40 | INFO: Primitives created: 1
20:49:40 | INFO: Extracting primitive: V02_BLOW_FORMED_BOTTLE_4_MESH
20:49:40 | INFO: Primitives created: 1
20:49:40 | INFO: Extracting primitive: V02_BLOW_FORMED_BOTTLE_5_MESH
20:49:40 | INFO: Primitives created: 1
20:49:40 | INFO: Extracting primitive: V02_BLOW_FORMED_BOTTLE_6_MESH
20:49:40 | INFO: Primitives created: 1
20:49:40 | INFO: Extracting primitive: V02_BLOW_HEATER_BANK_0_MESH
20:49:40 | INFO: Primitives created: 1
20:49:40 | INFO: Extracting primitive: V02_BLOW_HEATER_BANK_1_MESH
20:49:40 | INFO: Primitives created: 1
20:49:40 | INFO: Extracting primitive: V02_BLOW_HEATER_BANK_2_MESH
20:49:40 | INFO: Primitives created: 1
20:49:40 | INFO: Extracting primitive: V02_BLOW_HEATER_BANK_3_MESH
20:49:40 | INFO: Primitives created: 1
20:49:40 | INFO: Extracting primitive: V02_BLOW_HEATER_BANK_4_MESH
20:49:40 | INFO: Primitives created: 1
20:49:40 | INFO: Extracting primitive: V02_BLOW_HEATER_TUNNEL_MESH
20:49:40 | INFO: Primitives created: 1
20:49:40 | INFO: Extracting primitive: V02_BLOW_HOPPER_CONE_MESH
20:49:40 | INFO: Primitives created: 1
20:49:40 | INFO: Extracting primitive: V02_BLOW_MOULD_LEFT_MESH
20:49:40 | INFO: Primitives created: 1
20:49:40 | INFO: Extracting primitive: V02_BLOW_MOULD_RIGHT_MESH
20:49:40 | INFO: Primitives created: 1
20:49:40 | INFO: Extracting primitive: V02_BLOW_PREFORM_FEED_MESH
20:49:40 | INFO: Primitives created: 1
20:49:40 | INFO: Extracting primitive: V02_BLOW_PREFORM_HOPPER_MESH
20:49:40 | INFO: Primitives created: 1
20:49:40 | INFO: Extracting primitive: V02_BLOW_STRETCH_ROD_MESH
20:49:40 | INFO: Primitives created: 1
20:49:40 | INFO: Extracting primitive: V02_CAP_COMPONENT_0_MESH
20:49:40 | INFO: Primitives created: 1
20:49:40 | INFO: Extracting primitive: V02_CAP_COMPONENT_1_MESH
20:49:40 | INFO: Primitives created: 1
20:49:40 | INFO: Extracting primitive: V02_CAP_COMPONENT_2_MESH
20:49:40 | INFO: Primitives created: 1
20:49:40 | INFO: Extracting primitive: V02_CAP_COMPONENT_3_MESH
20:49:40 | INFO: Primitives created: 1
20:49:40 | INFO: Extracting primitive: V02_CAP_COMPONENT_4_MESH
20:49:40 | INFO: Primitives created: 1
20:49:40 | INFO: Extracting primitive: V02_CAP_COMPONENT_5_MESH
20:49:40 | INFO: Primitives created: 1
20:49:40 | INFO: Extracting primitive: V02_CAP_TRIGGER_CAROUSEL_MESH
20:49:40 | INFO: Primitives created: 1
20:49:40 | INFO: Extracting primitive: V02_CAP_TRIGGER_OUTFEED_FRAME_MESH
20:49:40 | INFO: Primitives created: 1
20:49:40 | INFO: Extracting primitive: V02_CAP_TRIGGER_OUTFEED_ROLLER_0_MESH
20:49:40 | INFO: Primitives created: 1
20:49:40 | INFO: Extracting primitive: V02_CAP_TRIGGER_OUTFEED_ROLLER_1_MESH
20:49:40 | INFO: Primitives created: 1
20:49:40 | INFO: Extracting primitive: V02_CAP_TRIGGER_OUTFEED_ROLLER_2_MESH
20:49:40 | INFO: Primitives created: 1
20:49:40 | INFO: Extracting primitive: V02_CAP_TRIGGER_OUTFEED_ROLLER_3_MESH
20:49:40 | INFO: Primitives created: 1
20:49:40 | INFO: Extracting primitive: V02_CAP_TRIGGER_OUTFEED_ROLLER_4_MESH
20:49:40 | INFO: Primitives created: 1
20:49:40 | INFO: Extracting primitive: V02_CAP_TRIGGER_OUTFEED_ROLLER_5_MESH
20:49:40 | INFO: Primitives created: 1
20:49:40 | INFO: Extracting primitive: V02_CAP_TRIGGER_OUTFEED_ROLLER_6_MESH
20:49:40 | INFO: Primitives created: 1
20:49:40 | INFO: Extracting primitive: V02_CAP_TRIGGER_OUTFEED_SIDE_A_MESH
20:49:40 | INFO: Primitives created: 1
20:49:40 | INFO: Extracting primitive: V02_CAP_TRIGGER_OUTFEED_SIDE_B_MESH
20:49:40 | INFO: Primitives created: 1
20:49:40 | INFO: Extracting primitive: V02_CAPPER_HEAD_MESH
20:49:40 | INFO: Primitives created: 1
20:49:40 | INFO: Extracting primitive: V02_CAPS_BOWL_FEEDER_MESH
20:49:40 | INFO: Primitives created: 1
20:49:40 | INFO: Extracting primitive: V02_CAPS_BOWL_RIM_MESH
20:49:40 | INFO: Primitives created: 1
20:49:40 | INFO: Extracting primitive: V02_CAPS_BOWL_TRACK_MESH
20:49:40 | INFO: Primitives created: 1
20:49:40 | INFO: Extracting primitive: V02_EMPTY_TUBE_0_MESH
20:49:40 | INFO: Primitives created: 1
20:49:40 | INFO: Extracting primitive: V02_EMPTY_TUBE_1_MESH
20:49:40 | INFO: Primitives created: 1
20:49:40 | INFO: Extracting primitive: V02_EMPTY_TUBE_2_MESH
20:49:40 | INFO: Primitives created: 1
20:49:40 | INFO: Extracting primitive: V02_EMPTY_TUBE_3_MESH
20:49:40 | INFO: Primitives created: 1
20:49:40 | INFO: Extracting primitive: V02_EMPTY_TUBE_4_MESH
20:49:40 | INFO: Primitives created: 1
20:49:40 | INFO: Extracting primitive: V02_FILL_BOTTLE_0_MESH
20:49:40 | INFO: Primitives created: 1
20:49:40 | INFO: Extracting primitive: V02_FILL_BOTTLE_1_MESH
20:49:40 | INFO: Primitives created: 1
20:49:40 | INFO: Extracting primitive: V02_FILL_BOTTLE_2_MESH
20:49:40 | INFO: Primitives created: 1
20:49:40 | INFO: Extracting primitive: V02_FILL_BOTTLE_3_MESH
20:49:40 | INFO: Primitives created: 1
20:49:40 | INFO: Extracting primitive: V02_FILL_BOTTLE_4_MESH
20:49:40 | INFO: Primitives created: 1
20:49:40 | INFO: Extracting primitive: V02_FILL_BOTTLE_5_MESH
20:49:40 | INFO: Primitives created: 1
20:49:40 | INFO: Extracting primitive: V02_FILL_BOTTLE_6_MESH
20:49:40 | INFO: Primitives created: 1
20:49:40 | INFO: Extracting primitive: V02_FILL_BOTTLE_7_MESH
20:49:40 | INFO: Primitives created: 1
20:49:40 | INFO: Extracting primitive: V02_FILL_BOTTLE_8_MESH
20:49:40 | INFO: Primitives created: 1
20:49:40 | INFO: Extracting primitive: V02_FILL_BOTTLE_9_MESH
20:49:40 | INFO: Primitives created: 1
20:49:40 | INFO: Extracting primitive: V02_FILL_NOZZLE_0_MESH
20:49:40 | INFO: Primitives created: 1
20:49:40 | INFO: Extracting primitive: V02_FILL_NOZZLE_1_MESH
20:49:40 | INFO: Primitives created: 1
20:49:40 | INFO: Extracting primitive: V02_FILL_NOZZLE_2_MESH
20:49:40 | INFO: Primitives created: 1
20:49:40 | INFO: Extracting primitive: V02_FILL_NOZZLE_3_MESH
20:49:40 | INFO: Primitives created: 1
20:49:40 | INFO: Extracting primitive: V02_FILL_NOZZLE_4_MESH
20:49:40 | INFO: Primitives created: 1
20:49:40 | INFO: Extracting primitive: V02_FILL_NOZZLE_5_MESH
20:49:40 | INFO: Primitives created: 1
20:49:40 | INFO: Extracting primitive: V02_FILL_NOZZLE_6_MESH
20:49:40 | INFO: Primitives created: 1
20:49:40 | INFO: Extracting primitive: V02_FILL_NOZZLE_7_MESH
20:49:40 | INFO: Primitives created: 1
20:49:40 | INFO: Extracting primitive: V02_FILL_NOZZLE_8_MESH
20:49:40 | INFO: Primitives created: 1
20:49:40 | INFO: Extracting primitive: V02_FILL_NOZZLE_9_MESH
20:49:40 | INFO: Primitives created: 1
20:49:40 | INFO: Extracting primitive: V02_FILLED_TUBE_0_MESH
20:49:40 | INFO: Primitives created: 1
20:49:40 | INFO: Extracting primitive: V02_FILLED_TUBE_1_MESH
20:49:40 | INFO: Primitives created: 1
20:49:40 | INFO: Extracting primitive: V02_FILLED_TUBE_2_MESH
20:49:40 | INFO: Primitives created: 1
20:49:40 | INFO: Extracting primitive: V02_FILLED_TUBE_3_MESH
20:49:40 | INFO: Primitives created: 1
20:49:40 | INFO: Extracting primitive: V02_FILLED_TUBE_4_MESH
20:49:40 | INFO: Primitives created: 1
20:49:40 | INFO: Extracting primitive: V02_FILLER_HEAD_FRAME_MESH
20:49:40 | INFO: Primitives created: 1
20:49:40 | INFO: Extracting primitive: V02_GLASS_CAFE_BACKBAR_MESH
20:49:40 | INFO: Primitives created: 1
20:49:40 | INFO: Extracting primitive: V02_GLASS_CAFE_COUNTER_MESH
20:49:40 | INFO: Primitives created: 1
20:49:40 | INFO: Extracting primitive: V02_GLASS_CAFE_STOOL_0_MESH
20:49:40 | INFO: Primitives created: 1
20:49:40 | INFO: Extracting primitive: V02_GLASS_CAFE_STOOL_1_MESH
20:49:40 | INFO: Primitives created: 1
20:49:40 | INFO: Extracting primitive: V02_GLASS_CAFE_STOOL_2_MESH
20:49:40 | INFO: Primitives created: 1
20:49:40 | INFO: Extracting primitive: V02_GLASS_CAFE_STOOL_3_MESH
20:49:40 | INFO: Primitives created: 1
20:49:40 | INFO: Extracting primitive: V02_GLASS_COMMAND_CHAIR_0_MESH
20:49:40 | INFO: Primitives created: 1
20:49:40 | INFO: Extracting primitive: V02_GLASS_COMMAND_CHAIR_1_MESH
20:49:40 | INFO: Primitives created: 1
20:49:40 | INFO: Extracting primitive: V02_GLASS_COMMAND_CHAIR_2_MESH
20:49:40 | INFO: Primitives created: 1
20:49:40 | INFO: Extracting primitive: V02_GLASS_COMMAND_CHAIR_3_MESH
20:49:40 | INFO: Primitives created: 1
20:49:40 | INFO: Extracting primitive: V02_GLASS_COMMAND_CONSOLE_MESH
20:49:40 | INFO: Primitives created: 1
20:49:40 | INFO: Extracting primitive: V02_GLASS_COMMAND_SCREEN_0_MESH
20:49:40 | INFO: Primitives created: 1
20:49:40 | INFO: Extracting primitive: V02_GLASS_COMMAND_SCREEN_1_MESH
20:49:40 | INFO: Primitives created: 1
20:49:40 | INFO: Extracting primitive: V02_GLASS_COMMAND_SCREEN_2_MESH
20:49:40 | INFO: Primitives created: 1
20:49:40 | INFO: Extracting primitive: V02_GLASS_COMMAND_SCREEN_3_MESH
20:49:40 | INFO: Primitives created: 1
20:49:40 | INFO: Extracting primitive: V02_GLASS_COMMAND_SCREEN_4_MESH
20:49:40 | INFO: Primitives created: 1
20:49:40 | INFO: Extracting primitive: V02_GLASS_COMMAND_WALL_MESH
20:49:40 | INFO: Primitives created: 1
20:49:40 | INFO: Extracting primitive: V02_GLASS_GALLERY_FLOOR_MESH
20:49:40 | INFO: Primitives created: 1
20:49:40 | INFO: Extracting primitive: V02_GLASS_TRAINING_SEAT_0_MESH
20:49:40 | INFO: Primitives created: 1
20:49:40 | INFO: Extracting primitive: V02_GLASS_TRAINING_SEAT_1_MESH
20:49:40 | INFO: Primitives created: 1
20:49:40 | INFO: Extracting primitive: V02_GLASS_TRAINING_SEAT_2_MESH
20:49:40 | INFO: Primitives created: 1
20:49:40 | INFO: Extracting primitive: V02_GLASS_TRAINING_SEAT_3_MESH
20:49:40 | INFO: Primitives created: 1
20:49:40 | INFO: Extracting primitive: V02_GLASS_TRAINING_SEAT_4_MESH
20:49:40 | INFO: Primitives created: 1
20:49:40 | INFO: Extracting primitive: V02_GLASS_TRAINING_SEAT_5_MESH
20:49:40 | INFO: Primitives created: 1
20:49:40 | INFO: Extracting primitive: V02_GLASS_TRAINING_TABLE_MESH
20:49:40 | INFO: Primitives created: 1
20:49:40 | INFO: Extracting primitive: V02_LABEL_REEL_IN_MESH
20:49:40 | INFO: Primitives created: 1
20:49:40 | INFO: Extracting primitive: V02_LABEL_REEL_OUT_MESH
20:49:40 | INFO: Primitives created: 1
20:49:40 | INFO: Extracting primitive: V02_LIQUID_CAPPER_MESH
20:49:40 | INFO: Primitives created: 1
20:49:40 | INFO: Extracting primitive: V02_LIQUID_CASE_0_MESH
20:49:40 | INFO: Primitives created: 1
20:49:40 | INFO: Extracting primitive: V02_LIQUID_CASE_1_MESH
20:49:40 | INFO: Primitives created: 1
20:49:40 | INFO: Extracting primitive: V02_LIQUID_CASE_2_MESH
20:49:40 | INFO: Primitives created: 1
20:49:40 | INFO: Extracting primitive: V02_LIQUID_CASE_3_MESH
20:49:40 | INFO: Primitives created: 1
20:49:40 | INFO: Extracting primitive: V02_LIQUID_CASE_OUTFEED_FRAME_MESH
20:49:40 | INFO: Primitives created: 1
20:49:40 | INFO: Extracting primitive: V02_LIQUID_CASE_OUTFEED_ROLLER_0_MESH
20:49:40 | INFO: Primitives created: 1
20:49:40 | INFO: Extracting primitive: V02_LIQUID_CASE_OUTFEED_ROLLER_1_MESH
20:49:40 | INFO: Primitives created: 1
20:49:40 | INFO: Extracting primitive: V02_LIQUID_CASE_OUTFEED_ROLLER_2_MESH
20:49:40 | INFO: Primitives created: 1
20:49:40 | INFO: Extracting primitive: V02_LIQUID_CASE_OUTFEED_ROLLER_3_MESH
20:49:40 | INFO: Primitives created: 1
20:49:40 | INFO: Extracting primitive: V02_LIQUID_CASE_OUTFEED_ROLLER_4_MESH
20:49:40 | INFO: Primitives created: 1
20:49:40 | INFO: Extracting primitive: V02_LIQUID_CASE_OUTFEED_ROLLER_5_MESH
20:49:40 | INFO: Primitives created: 1
20:49:40 | INFO: Extracting primitive: V02_LIQUID_CASE_OUTFEED_ROLLER_6_MESH
20:49:40 | INFO: Primitives created: 1
20:49:40 | INFO: Extracting primitive: V02_LIQUID_CASE_OUTFEED_SIDE_A_MESH
20:49:40 | INFO: Primitives created: 1
20:49:40 | INFO: Extracting primitive: V02_LIQUID_CASE_OUTFEED_SIDE_B_MESH
20:49:40 | INFO: Primitives created: 1
20:49:40 | INFO: Extracting primitive: V02_LIQUID_CASE_PACKER_MESH
20:49:40 | INFO: Primitives created: 1
20:49:40 | INFO: Extracting primitive: V02_LIQUID_FILLER_CAROUSEL_MESH
20:49:40 | INFO: Primitives created: 1
20:49:40 | INFO: Extracting primitive: V02_LIQUID_INFEED_FRAME_MESH
20:49:40 | INFO: Primitives created: 1
20:49:40 | INFO: Extracting primitive: V02_LIQUID_INFEED_ROLLER_0_MESH
20:49:40 | INFO: Primitives created: 1
20:49:40 | INFO: Extracting primitive: V02_LIQUID_INFEED_ROLLER_1_MESH
20:49:40 | INFO: Primitives created: 1
20:49:40 | INFO: Extracting primitive: V02_LIQUID_INFEED_ROLLER_2_MESH
20:49:40 | INFO: Primitives created: 1
20:49:40 | INFO: Extracting primitive: V02_LIQUID_INFEED_ROLLER_3_MESH
20:49:40 | INFO: Primitives created: 1
20:49:40 | INFO: Extracting primitive: V02_LIQUID_INFEED_ROLLER_4_MESH
20:49:40 | INFO: Primitives created: 1
20:49:40 | INFO: Extracting primitive: V02_LIQUID_INFEED_ROLLER_5_MESH
20:49:40 | INFO: Primitives created: 1
20:49:40 | INFO: Extracting primitive: V02_LIQUID_INFEED_ROLLER_6_MESH
20:49:40 | INFO: Primitives created: 1
20:49:40 | INFO: Extracting primitive: V02_LIQUID_INFEED_SIDE_A_MESH
20:49:40 | INFO: Primitives created: 1
20:49:40 | INFO: Extracting primitive: V02_LIQUID_INFEED_SIDE_B_MESH
20:49:40 | INFO: Primitives created: 1
20:49:40 | INFO: Extracting primitive: V02_LIQUID_LABELER_MESH
20:49:40 | INFO: Primitives created: 1
20:49:40 | INFO: Extracting primitive: V02_LIQUID_MAIN_CONVEYOR_FRAME_MESH
20:49:40 | INFO: Primitives created: 1
20:49:40 | INFO: Extracting primitive: V02_LIQUID_MAIN_CONVEYOR_ROLLER_0_MESH
20:49:40 | INFO: Primitives created: 1
20:49:40 | INFO: Extracting primitive: V02_LIQUID_MAIN_CONVEYOR_ROLLER_1_MESH
20:49:40 | INFO: Primitives created: 1
20:49:40 | INFO: Extracting primitive: V02_LIQUID_MAIN_CONVEYOR_ROLLER_2_MESH
20:49:40 | INFO: Primitives created: 1
20:49:40 | INFO: Extracting primitive: V02_LIQUID_MAIN_CONVEYOR_ROLLER_3_MESH
20:49:40 | INFO: Primitives created: 1
20:49:40 | INFO: Extracting primitive: V02_LIQUID_MAIN_CONVEYOR_ROLLER_4_MESH
20:49:40 | INFO: Primitives created: 1
20:49:40 | INFO: Extracting primitive: V02_LIQUID_MAIN_CONVEYOR_ROLLER_5_MESH
20:49:40 | INFO: Primitives created: 1
20:49:40 | INFO: Extracting primitive: V02_LIQUID_MAIN_CONVEYOR_ROLLER_6_MESH
20:49:40 | INFO: Primitives created: 1
20:49:40 | INFO: Extracting primitive: V02_LIQUID_MAIN_CONVEYOR_SIDE_A_MESH
20:49:40 | INFO: Primitives created: 1
20:49:40 | INFO: Extracting primitive: V02_LIQUID_MAIN_CONVEYOR_SIDE_B_MESH
20:49:40 | INFO: Primitives created: 1
20:49:40 | INFO: Extracting primitive: V02_PASTE_CARTONER_MESH
20:49:40 | INFO: Primitives created: 1
20:49:40 | INFO: Extracting primitive: V02_PASTE_CRIMPER_MESH
20:49:40 | INFO: Primitives created: 1
20:49:40 | INFO: Extracting primitive: V02_PASTE_HOLDING_MOTOR_MESH
20:49:40 | INFO: Primitives created: 1
20:49:40 | INFO: Extracting primitive: V02_PASTE_HOLDING_TANK_MESH
20:49:40 | INFO: Primitives created: 1
20:49:40 | INFO: Extracting primitive: V02_PASTE_MIXER_LID_MESH
20:49:40 | INFO: Primitives created: 1
20:49:40 | INFO: Extracting primitive: V02_PASTE_TRANSFER_MESH
20:49:40 | INFO: Primitives created: 1
20:49:40 | INFO: Extracting primitive: V02_PASTE_TUBE_CONVEYOR_FRAME_MESH
20:49:40 | INFO: Primitives created: 1
20:49:40 | INFO: Extracting primitive: V02_PASTE_TUBE_CONVEYOR_ROLLER_0_MESH
20:49:40 | INFO: Primitives created: 1
20:49:40 | INFO: Extracting primitive: V02_PASTE_TUBE_CONVEYOR_ROLLER_1_MESH
20:49:40 | INFO: Primitives created: 1
20:49:40 | INFO: Extracting primitive: V02_PASTE_TUBE_CONVEYOR_ROLLER_2_MESH
20:49:40 | INFO: Primitives created: 1
20:49:40 | INFO: Extracting primitive: V02_PASTE_TUBE_CONVEYOR_ROLLER_3_MESH
20:49:40 | INFO: Primitives created: 1
20:49:40 | INFO: Extracting primitive: V02_PASTE_TUBE_CONVEYOR_ROLLER_4_MESH
20:49:40 | INFO: Primitives created: 1
20:49:40 | INFO: Extracting primitive: V02_PASTE_TUBE_CONVEYOR_ROLLER_5_MESH
20:49:40 | INFO: Primitives created: 1
20:49:40 | INFO: Extracting primitive: V02_PASTE_TUBE_CONVEYOR_ROLLER_6_MESH
20:49:40 | INFO: Primitives created: 1
20:49:40 | INFO: Extracting primitive: V02_PASTE_TUBE_CONVEYOR_SIDE_A_MESH
20:49:40 | INFO: Primitives created: 1
20:49:40 | INFO: Extracting primitive: V02_PASTE_TUBE_CONVEYOR_SIDE_B_MESH
20:49:40 | INFO: Primitives created: 1
20:49:40 | INFO: Extracting primitive: V02_PASTE_TUBE_FILLER_MESH
20:49:40 | INFO: Primitives created: 1
20:49:40 | INFO: Extracting primitive: V02_PASTE_VACUUM_MIXER_MESH
20:49:40 | INFO: Primitives created: 1
20:49:40 | INFO: Extracting primitive: V02_PICK_HEAD_0_MESH
20:49:40 | INFO: Primitives created: 1
20:49:40 | INFO: Extracting primitive: V02_PICK_HEAD_1_MESH
20:49:40 | INFO: Primitives created: 1
20:49:40 | INFO: Extracting primitive: V02_PICK_HEAD_2_MESH
20:49:40 | INFO: Primitives created: 1
20:49:40 | INFO: Extracting primitive: V02_PICK_HEAD_COLUMN_0_MESH
20:49:40 | INFO: Primitives created: 1
20:49:40 | INFO: Extracting primitive: V02_PICK_HEAD_COLUMN_1_MESH
20:49:40 | INFO: Primitives created: 1
20:49:40 | INFO: Extracting primitive: V02_PICK_HEAD_COLUMN_2_MESH
20:49:40 | INFO: Primitives created: 1
20:49:40 | INFO: Extracting primitive: V02_PICK_HEAD_DROP_0_MESH
20:49:40 | INFO: Primitives created: 1
20:49:40 | INFO: Extracting primitive: V02_PICK_HEAD_DROP_1_MESH
20:49:40 | INFO: Primitives created: 1
20:49:40 | INFO: Extracting primitive: V02_PICK_HEAD_DROP_2_MESH
20:49:40 | INFO: Primitives created: 1
20:49:40 | INFO: Extracting primitive: V02_PRECISION_BALANCE_0_MESH
20:49:40 | INFO: Primitives created: 1
20:49:40 | INFO: Extracting primitive: V02_PRECISION_BALANCE_1_MESH
20:49:40 | INFO: Primitives created: 1
20:49:40 | INFO: Extracting primitive: V02_PRECISION_BALANCE_2_MESH
20:49:40 | INFO: Primitives created: 1
20:49:40 | INFO: Extracting primitive: V02_TRIGGER_COMPONENT_0_MESH
20:49:40 | INFO: Primitives created: 1
20:49:40 | INFO: Extracting primitive: V02_TRIGGER_COMPONENT_1_MESH
20:49:40 | INFO: Primitives created: 1
20:49:40 | INFO: Extracting primitive: V02_TRIGGER_COMPONENT_2_MESH
20:49:40 | INFO: Primitives created: 1
20:49:40 | INFO: Extracting primitive: V02_TRIGGER_COMPONENT_3_MESH
20:49:40 | INFO: Primitives created: 1
20:49:40 | INFO: Extracting primitive: V02_TRIGGER_COMPONENT_4_MESH
20:49:40 | INFO: Primitives created: 1
20:49:40 | INFO: Extracting primitive: V02_TRIGGER_COMPONENT_5_MESH
20:49:40 | INFO: Primitives created: 1
20:49:40 | INFO: Extracting primitive: V02_TRIGGER_MAGAZINE_MESH
20:49:40 | INFO: Primitives created: 1
20:49:40 | INFO: Extracting primitive: V02_TRIGGER_SLOT_0_MESH
20:49:40 | INFO: Primitives created: 1
20:49:40 | INFO: Extracting primitive: V02_TRIGGER_SLOT_1_MESH
20:49:40 | INFO: Primitives created: 1
20:49:40 | INFO: Extracting primitive: V02_TRIGGER_SLOT_2_MESH
20:49:40 | INFO: Primitives created: 1
20:49:40 | INFO: Extracting primitive: V02_TRIGGER_SLOT_3_MESH
20:49:40 | INFO: Primitives created: 1
20:49:40 | INFO: Extracting primitive: V02_TRIGGER_SLOT_4_MESH
20:49:40 | INFO: Primitives created: 1
20:49:40 | INFO: Extracting primitive: V02_TUBE_GUIDE_0_MESH
20:49:40 | INFO: Primitives created: 1
20:49:40 | INFO: Extracting primitive: V02_TUBE_GUIDE_1_MESH
20:49:40 | INFO: Primitives created: 1
20:49:40 | INFO: Extracting primitive: V02_TUBE_GUIDE_2_MESH
20:49:40 | INFO: Primitives created: 1
20:49:40 | INFO: Extracting primitive: V02_TUBE_GUIDE_3_MESH
20:49:40 | INFO: Primitives created: 1
20:49:40 | INFO: Extracting primitive: V02_TUBE_GUIDE_4_MESH
20:49:40 | INFO: Primitives created: 1
20:49:40 | INFO: Extracting primitive: V02_TUBE_MAGAZINE_MESH
20:49:40 | INFO: Primitives created: 1
20:49:40 | INFO: Extracting primitive: V02_WEIGH_BALANCE_TABLE_MESH
20:49:40 | INFO: Primitives created: 1
20:49:40 | INFO: Extracting primitive: V02_WEIGH_BOOTH_BACK_MESH
20:49:40 | INFO: Primitives created: 1
20:49:40 | INFO: Extracting primitive: V02_WEIGH_BOOTH_SIDE_MESH
20:49:40 | INFO: Primitives created: 1
20:49:40 | INFO: Extracting primitive: V02_WEIGH_DOSING_CHUTE_0_MESH
20:49:40 | INFO: Primitives created: 1
20:49:40 | INFO: Extracting primitive: V02_WEIGH_DOSING_CHUTE_1_MESH
20:49:40 | INFO: Primitives created: 1
20:49:40 | INFO: Extracting primitive: V02_WEIGH_DOSING_CHUTE_2_MESH
20:49:40 | INFO: Primitives created: 1
20:49:40 | INFO: Extracting primitive: V02_WEIGH_DOSING_CHUTE_3_MESH
20:49:40 | INFO: Primitives created: 1
20:49:40 | INFO: Extracting primitive: V02_WEIGH_HOPPER_0_MESH
20:49:40 | INFO: Primitives created: 1
20:49:40 | INFO: Extracting primitive: V02_WEIGH_HOPPER_1_MESH
20:49:40 | INFO: Primitives created: 1
20:49:40 | INFO: Extracting primitive: V02_WEIGH_HOPPER_2_MESH
20:49:40 | INFO: Primitives created: 1
20:49:40 | INFO: Extracting primitive: V02_WEIGH_HOPPER_3_MESH
20:49:40 | INFO: Primitives created: 1
20:49:40 | INFO: Extracting primitive: V02_WEIGH_HOPPER_VALVE_0_MESH
20:49:40 | INFO: Primitives created: 1
20:49:40 | INFO: Extracting primitive: V02_WEIGH_HOPPER_VALVE_1_MESH
20:49:40 | INFO: Primitives created: 1
20:49:40 | INFO: Extracting primitive: V02_WEIGH_HOPPER_VALVE_2_MESH
20:49:40 | INFO: Primitives created: 1
20:49:40 | INFO: Extracting primitive: V02_WEIGH_HOPPER_VALVE_3_MESH
20:49:40 | INFO: Primitives created: 1
20:49:40 | INFO: Extracting primitive: V02_WEIGH_OPERATOR_TABLE_MESH
20:49:40 | INFO: Primitives created: 1
20:49:40 | INFO: Extracting primitive: V02_WEIGH_TRANSFER_TOTE_MESH
20:49:40 | INFO: Primitives created: 1
20:49:40 | INFO: Extracting primitive: V02_WIPES_CONVERTING_LINE_FRAME_MESH
20:49:41 | INFO: Primitives created: 1
20:49:41 | INFO: Extracting primitive: V02_WIPES_CONVERTING_LINE_ROLLER_0_MESH
20:49:41 | INFO: Primitives created: 1
20:49:41 | INFO: Extracting primitive: V02_WIPES_CONVERTING_LINE_ROLLER_1_MESH
20:49:41 | INFO: Primitives created: 1
20:49:41 | INFO: Extracting primitive: V02_WIPES_CONVERTING_LINE_ROLLER_2_MESH
20:49:41 | INFO: Primitives created: 1
20:49:41 | INFO: Extracting primitive: V02_WIPES_CONVERTING_LINE_ROLLER_3_MESH
20:49:41 | INFO: Primitives created: 1
20:49:41 | INFO: Extracting primitive: V02_WIPES_CONVERTING_LINE_ROLLER_4_MESH
20:49:41 | INFO: Primitives created: 1
20:49:41 | INFO: Extracting primitive: V02_WIPES_CONVERTING_LINE_ROLLER_5_MESH
20:49:41 | INFO: Primitives created: 1
20:49:41 | INFO: Extracting primitive: V02_WIPES_CONVERTING_LINE_ROLLER_6_MESH
20:49:41 | INFO: Primitives created: 1
20:49:41 | INFO: Extracting primitive: V02_WIPES_CONVERTING_LINE_SIDE_A_MESH
20:49:41 | INFO: Primitives created: 1
20:49:41 | INFO: Extracting primitive: V02_WIPES_CONVERTING_LINE_SIDE_B_MESH
20:49:41 | INFO: Primitives created: 1
20:49:41 | INFO: Extracting primitive: V02_WIPES_CUTTER_MESH
20:49:41 | INFO: Primitives created: 1
20:49:41 | INFO: Extracting primitive: V02_WIPES_FOLDING_GUIDE_MESH
20:49:41 | INFO: Primitives created: 1
20:49:41 | INFO: Extracting primitive: V02_WIPES_FOLDING_PLOW_MESH
20:49:41 | INFO: Primitives created: 1
20:49:41 | INFO: Extracting primitive: V02_WIPES_LOTION_BATH_MESH
20:49:41 | INFO: Primitives created: 1
20:49:41 | INFO: Extracting primitive: V02_WIPES_LOTION_FEED_MESH
20:49:41 | INFO: Primitives created: 1
20:49:41 | INFO: Extracting primitive: V02_WIPES_MASTER_ROLL_MESH
20:49:41 | INFO: Primitives created: 1
20:49:41 | INFO: Extracting primitive: V02_WIPES_PACK_OUT_FRAME_MESH
20:49:41 | INFO: Primitives created: 1
20:49:41 | INFO: Extracting primitive: V02_WIPES_PACK_OUT_ROLLER_0_MESH
20:49:41 | INFO: Primitives created: 1
20:49:41 | INFO: Extracting primitive: V02_WIPES_PACK_OUT_ROLLER_1_MESH
20:49:41 | INFO: Primitives created: 1
20:49:41 | INFO: Extracting primitive: V02_WIPES_PACK_OUT_ROLLER_2_MESH
20:49:41 | INFO: Primitives created: 1
20:49:41 | INFO: Extracting primitive: V02_WIPES_PACK_OUT_ROLLER_3_MESH
20:49:41 | INFO: Primitives created: 1
20:49:41 | INFO: Extracting primitive: V02_WIPES_PACK_OUT_ROLLER_4_MESH
20:49:41 | INFO: Primitives created: 1
20:49:41 | INFO: Extracting primitive: V02_WIPES_PACK_OUT_ROLLER_5_MESH
20:49:41 | INFO: Primitives created: 1
20:49:41 | INFO: Extracting primitive: V02_WIPES_PACK_OUT_ROLLER_6_MESH
20:49:41 | INFO: Primitives created: 1
20:49:41 | INFO: Extracting primitive: V02_WIPES_PACK_OUT_SIDE_A_MESH
20:49:41 | INFO: Primitives created: 1
20:49:41 | INFO: Extracting primitive: V02_WIPES_PACK_OUT_SIDE_B_MESH
20:49:41 | INFO: Primitives created: 1
20:49:41 | INFO: Extracting primitive: V02_WIPES_POUCH_PACKER_MESH
20:49:41 | INFO: Primitives created: 1
20:49:41 | INFO: Extracting primitive: V02_WIPES_STACK_0_MESH
20:49:41 | INFO: Primitives created: 1
20:49:41 | INFO: Extracting primitive: V02_WIPES_STACK_1_MESH
20:49:41 | INFO: Primitives created: 1
20:49:41 | INFO: Extracting primitive: V02_WIPES_STACK_2_MESH
20:49:41 | INFO: Primitives created: 1
20:49:41 | INFO: Extracting primitive: V02_WIPES_STACK_3_MESH
20:49:41 | INFO: Primitives created: 1
20:49:41 | INFO: Extracting primitive: V02_WIPES_STACK_4_MESH
20:49:41 | INFO: Primitives created: 1
20:49:41 | INFO: Extracting primitive: V02_WIPES_STACKER_MESH
20:49:41 | INFO: Primitives created: 1
20:49:41 | INFO: Extracting primitive: V02_WIPES_UNWIND_FRAME_MESH
20:49:41 | INFO: Primitives created: 1
20:49:41 | INFO: Extracting primitive: V02_WIPES_WETTING_ROLL_A_MESH
20:49:41 | INFO: Primitives created: 1
20:49:41 | INFO: Extracting primitive: V02_WIPES_WETTING_ROLL_B_MESH
20:49:41 | INFO: Primitives created: 1
20:49:41 | INFO: Extracting primitive: V03_BLOW_AIR_DROP_00_MESH
20:49:41 | INFO: Primitives created: 1
20:49:41 | INFO: Extracting primitive: V03_BLOW_AIR_DROP_01_MESH
20:49:41 | INFO: Primitives created: 1
20:49:41 | INFO: Extracting primitive: V03_BLOW_AIR_DROP_02_MESH
20:49:41 | INFO: Primitives created: 1
20:49:41 | INFO: Extracting primitive: V03_BLOW_AIR_HEADER_MESH
20:49:41 | INFO: Primitives created: 1
20:49:41 | INFO: Extracting primitive: V03_BLOW_BACK_WALL_MESH
20:49:41 | INFO: Primitives created: 1
20:49:41 | INFO: Extracting primitive: V03_BLOW_BOTTLE_NECK_00_MESH
20:49:41 | INFO: Primitives created: 1
20:49:41 | INFO: Extracting primitive: V03_BLOW_BOTTLE_NECK_01_MESH
20:49:41 | INFO: Primitives created: 1
20:49:41 | INFO: Extracting primitive: V03_BLOW_BOTTLE_NECK_02_MESH
20:49:41 | INFO: Primitives created: 1
20:49:41 | INFO: Extracting primitive: V03_BLOW_BOTTLE_NECK_03_MESH
20:49:41 | INFO: Primitives created: 1
20:49:41 | INFO: Extracting primitive: V03_BLOW_BOTTLE_NECK_04_MESH
20:49:41 | INFO: Primitives created: 1
20:49:41 | INFO: Extracting primitive: V03_BLOW_BOTTLE_NECK_05_MESH
20:49:41 | INFO: Primitives created: 1
20:49:41 | INFO: Extracting primitive: V03_BLOW_BOTTLE_NECK_06_MESH
20:49:41 | INFO: Primitives created: 1
20:49:41 | INFO: Extracting primitive: V03_BLOW_BOTTLE_NECK_07_MESH
20:49:41 | INFO: Primitives created: 1
20:49:41 | INFO: Extracting primitive: V03_BLOW_BOTTLE_OUTFEED_FRAME_MESH
20:49:41 | INFO: Primitives created: 1
20:49:41 | INFO: Extracting primitive: V03_BLOW_BOTTLE_OUTFEED_GUARD_A_MESH
20:49:41 | INFO: Primitives created: 1
20:49:41 | INFO: Extracting primitive: V03_BLOW_BOTTLE_OUTFEED_GUARD_B_MESH
20:49:41 | INFO: Primitives created: 1
20:49:41 | INFO: Extracting primitive: V03_BLOW_BOTTLE_OUTFEED_ROLLER_00_MESH
20:49:41 | INFO: Primitives created: 1
20:49:41 | INFO: Extracting primitive: V03_BLOW_BOTTLE_OUTFEED_ROLLER_01_MESH
20:49:41 | INFO: Primitives created: 1
20:49:41 | INFO: Extracting primitive: V03_BLOW_BOTTLE_OUTFEED_ROLLER_02_MESH
20:49:41 | INFO: Primitives created: 1
20:49:41 | INFO: Extracting primitive: V03_BLOW_BOTTLE_OUTFEED_ROLLER_03_MESH
20:49:41 | INFO: Primitives created: 1
20:49:41 | INFO: Extracting primitive: V03_BLOW_BOTTLE_OUTFEED_ROLLER_04_MESH
20:49:41 | INFO: Primitives created: 1
20:49:41 | INFO: Extracting primitive: V03_BLOW_BOTTLE_OUTFEED_ROLLER_05_MESH
20:49:41 | INFO: Primitives created: 1
20:49:41 | INFO: Extracting primitive: V03_BLOW_BOTTLE_OUTFEED_ROLLER_06_MESH
20:49:41 | INFO: Primitives created: 1
20:49:41 | INFO: Extracting primitive: V03_BLOW_CASE_PACKER_MESH
20:49:41 | INFO: Primitives created: 1
20:49:41 | INFO: Extracting primitive: V03_BLOW_CLAMP_GUARD_MESH
20:49:41 | INFO: Primitives created: 1
20:49:41 | INFO: Extracting primitive: V03_BLOW_CLAMP_WINDOW_MESH
20:49:41 | INFO: Primitives created: 1
20:49:41 | INFO: Extracting primitive: V03_BLOW_FINISHED_CASE_00_MESH
20:49:41 | INFO: Primitives created: 1
20:49:41 | INFO: Extracting primitive: V03_BLOW_FINISHED_CASE_01_MESH
20:49:41 | INFO: Primitives created: 1
20:49:41 | INFO: Extracting primitive: V03_BLOW_FINISHED_CASE_02_MESH
20:49:41 | INFO: Primitives created: 1
20:49:41 | INFO: Extracting primitive: V03_BLOW_FINISHED_CASE_03_MESH
20:49:41 | INFO: Primitives created: 1
20:49:41 | INFO: Extracting primitive: V03_BLOW_FLOOR_MESH
20:49:41 | INFO: Primitives created: 1
20:49:41 | INFO: Extracting primitive: V03_BLOW_FORMED_BOTTLE_00_MESH
20:49:41 | INFO: Primitives created: 1
20:49:41 | INFO: Extracting primitive: V03_BLOW_FORMED_BOTTLE_01_MESH
20:49:41 | INFO: Primitives created: 1
20:49:41 | INFO: Extracting primitive: V03_BLOW_FORMED_BOTTLE_02_MESH
20:49:41 | INFO: Primitives created: 1
20:49:41 | INFO: Extracting primitive: V03_BLOW_FORMED_BOTTLE_03_MESH
20:49:41 | INFO: Primitives created: 1
20:49:41 | INFO: Extracting primitive: V03_BLOW_FORMED_BOTTLE_04_MESH
20:49:41 | INFO: Primitives created: 1
20:49:41 | INFO: Extracting primitive: V03_BLOW_FORMED_BOTTLE_05_MESH
20:49:41 | INFO: Primitives created: 1
20:49:41 | INFO: Extracting primitive: V03_BLOW_FORMED_BOTTLE_06_MESH
20:49:41 | INFO: Primitives created: 1
20:49:41 | INFO: Extracting primitive: V03_BLOW_FORMED_BOTTLE_07_MESH
20:49:41 | INFO: Primitives created: 1
20:49:41 | INFO: Extracting primitive: V03_BLOW_HEATED_PREFORM_00_MESH
20:49:41 | INFO: Primitives created: 1
20:49:41 | INFO: Extracting primitive: V03_BLOW_HEATED_PREFORM_01_MESH
20:49:41 | INFO: Primitives created: 1
20:49:41 | INFO: Extracting primitive: V03_BLOW_HEATED_PREFORM_02_MESH
20:49:41 | INFO: Primitives created: 1
20:49:41 | INFO: Extracting primitive: V03_BLOW_HEATED_PREFORM_03_MESH
20:49:41 | INFO: Primitives created: 1
20:49:41 | INFO: Extracting primitive: V03_BLOW_HEATED_PREFORM_04_MESH
20:49:41 | INFO: Primitives created: 1
20:49:41 | INFO: Extracting primitive: V03_BLOW_HEATED_PREFORM_05_MESH
20:49:41 | INFO: Primitives created: 1
20:49:41 | INFO: Extracting primitive: V03_BLOW_HEATER_00_MESH
20:49:41 | INFO: Primitives created: 1
20:49:41 | INFO: Extracting primitive: V03_BLOW_HEATER_01_MESH
20:49:41 | INFO: Primitives created: 1
20:49:41 | INFO: Extracting primitive: V03_BLOW_HEATER_02_MESH
20:49:41 | INFO: Primitives created: 1
20:49:41 | INFO: Extracting primitive: V03_BLOW_HEATER_03_MESH
20:49:41 | INFO: Primitives created: 1
20:49:41 | INFO: Extracting primitive: V03_BLOW_HEATER_04_MESH
20:49:41 | INFO: Primitives created: 1
20:49:41 | INFO: Extracting primitive: V03_BLOW_HEATER_05_MESH
20:49:41 | INFO: Primitives created: 1
20:49:41 | INFO: Extracting primitive: V03_BLOW_HEATER_06_MESH
20:49:41 | INFO: Primitives created: 1
20:49:41 | INFO: Extracting primitive: V03_BLOW_HOPPER_FRAME_MESH
20:49:41 | INFO: Primitives created: 1
20:49:41 | INFO: Extracting primitive: V03_BLOW_LIGHT_00_BODY_MESH
20:49:41 | INFO: Primitives created: 1
20:49:41 | INFO: Extracting primitive: V03_BLOW_LIGHT_00_GLOW_MESH
20:49:41 | INFO: Primitives created: 1
20:49:41 | INFO: Extracting primitive: V03_BLOW_LIGHT_01_BODY_MESH
20:49:41 | INFO: Primitives created: 1
20:49:41 | INFO: Extracting primitive: V03_BLOW_LIGHT_01_GLOW_MESH
20:49:41 | INFO: Primitives created: 1
20:49:41 | INFO: Extracting primitive: V03_BLOW_LIGHT_02_BODY_MESH
20:49:41 | INFO: Primitives created: 1
20:49:41 | INFO: Extracting primitive: V03_BLOW_LIGHT_02_GLOW_MESH
20:49:41 | INFO: Primitives created: 1
20:49:41 | INFO: Extracting primitive: V03_BLOW_LIGHT_03_BODY_MESH
20:49:41 | INFO: Primitives created: 1
20:49:41 | INFO: Extracting primitive: V03_BLOW_LIGHT_03_GLOW_MESH
20:49:41 | INFO: Primitives created: 1
20:49:41 | INFO: Extracting primitive: V03_BLOW_LIGHT_04_BODY_MESH
20:49:41 | INFO: Primitives created: 1
20:49:41 | INFO: Extracting primitive: V03_BLOW_LIGHT_04_GLOW_MESH
20:49:41 | INFO: Primitives created: 1
20:49:41 | INFO: Extracting primitive: V03_BLOW_MOULD_HALF_L_MESH
20:49:41 | INFO: Primitives created: 1
20:49:41 | INFO: Extracting primitive: V03_BLOW_MOULD_HALF_R_MESH
20:49:41 | INFO: Primitives created: 1
20:49:41 | INFO: Extracting primitive: V03_BLOW_OVEN_HOUSING_MESH
20:49:41 | INFO: Primitives created: 1
20:49:41 | INFO: Extracting primitive: V03_BLOW_OVEN_WINDOW_MESH
20:49:41 | INFO: Primitives created: 1
20:49:41 | INFO: Extracting primitive: V03_BLOW_PREFORM_HOPPER_MESH
20:49:41 | INFO: Primitives created: 1
20:49:41 | INFO: Extracting primitive: V03_BLOW_PREFORM_INFEED_FRAME_MESH
20:49:41 | INFO: Primitives created: 1
20:49:41 | INFO: Extracting primitive: V03_BLOW_PREFORM_INFEED_GUARD_A_MESH
20:49:41 | INFO: Primitives created: 1
20:49:41 | INFO: Extracting primitive: V03_BLOW_PREFORM_INFEED_GUARD_B_MESH
20:49:41 | INFO: Primitives created: 1
20:49:41 | INFO: Extracting primitive: V03_BLOW_PREFORM_INFEED_ROLLER_00_MESH
20:49:41 | INFO: Primitives created: 1
20:49:41 | INFO: Extracting primitive: V03_BLOW_PREFORM_INFEED_ROLLER_01_MESH
20:49:41 | INFO: Primitives created: 1
20:49:41 | INFO: Extracting primitive: V03_BLOW_PREFORM_INFEED_ROLLER_02_MESH
20:49:41 | INFO: Primitives created: 1
20:49:41 | INFO: Extracting primitive: V03_BLOW_PREFORM_INFEED_ROLLER_03_MESH
20:49:41 | INFO: Primitives created: 1
20:49:41 | INFO: Extracting primitive: V03_BLOW_PREFORM_INFEED_ROLLER_04_MESH
20:49:41 | INFO: Primitives created: 1
20:49:41 | INFO: Extracting primitive: V03_BLOW_PREFORM_INFEED_ROLLER_05_MESH
20:49:41 | INFO: Primitives created: 1
20:49:41 | INFO: Extracting primitive: V03_BLOW_PREFORM_INFEED_ROLLER_06_MESH
20:49:41 | INFO: Primitives created: 1
20:49:41 | INFO: Extracting primitive: V03_BLOW_VISION_FRAME_MESH
20:49:41 | INFO: Primitives created: 1
20:49:41 | INFO: Extracting primitive: V03_DAYCARE_CAREGIVER_DESK_MESH
20:49:41 | INFO: Primitives created: 1
20:49:41 | INFO: Extracting primitive: V03_DAYCARE_CAREGIVER_SCREEN_MESH
20:49:41 | INFO: Primitives created: 1
20:49:41 | INFO: Extracting primitive: V03_DAYCARE_CUBBY_FACE_00_MESH
20:49:41 | INFO: Primitives created: 1
20:49:41 | INFO: Extracting primitive: V03_DAYCARE_CUBBY_FACE_01_MESH
20:49:41 | INFO: Primitives created: 1
20:49:41 | INFO: Extracting primitive: V03_DAYCARE_CUBBY_FACE_02_MESH
20:49:41 | INFO: Primitives created: 1
20:49:41 | INFO: Extracting primitive: V03_DAYCARE_CUBBY_FACE_03_MESH
20:49:41 | INFO: Primitives created: 1
20:49:41 | INFO: Extracting primitive: V03_DAYCARE_CUBBY_FACE_04_MESH
20:49:41 | INFO: Primitives created: 1
20:49:41 | INFO: Extracting primitive: V03_DAYCARE_ENCLOSURE_BACK_MESH
20:49:41 | INFO: Primitives created: 1
20:49:41 | INFO: Extracting primitive: V03_DAYCARE_ENCLOSURE_LEFT_MESH
20:49:41 | INFO: Primitives created: 1
20:49:41 | INFO: Extracting primitive: V03_DAYCARE_ENCLOSURE_RIGHT_MESH
20:49:41 | INFO: Primitives created: 1
20:49:41 | INFO: Extracting primitive: V03_DAYCARE_FLOOR_MESH
20:49:41 | INFO: Primitives created: 1
20:49:41 | INFO: Extracting primitive: V03_DAYCARE_HANDWASH_MESH
20:49:41 | INFO: Primitives created: 1
20:49:41 | INFO: Extracting primitive: V03_DAYCARE_LIGHT_00_BODY_MESH
20:49:41 | INFO: Primitives created: 1
20:49:41 | INFO: Extracting primitive: V03_DAYCARE_LIGHT_00_GLOW_MESH
20:49:41 | INFO: Primitives created: 1
20:49:41 | INFO: Extracting primitive: V03_DAYCARE_LIGHT_01_BODY_MESH
20:49:41 | INFO: Primitives created: 1
20:49:41 | INFO: Extracting primitive: V03_DAYCARE_LIGHT_01_GLOW_MESH
20:49:41 | INFO: Primitives created: 1
20:49:41 | INFO: Extracting primitive: V03_DAYCARE_LIGHT_02_BODY_MESH
20:49:41 | INFO: Primitives created: 1
20:49:41 | INFO: Extracting primitive: V03_DAYCARE_LIGHT_02_GLOW_MESH
20:49:41 | INFO: Primitives created: 1
20:49:41 | INFO: Extracting primitive: V03_DAYCARE_LIGHT_03_BODY_MESH
20:49:41 | INFO: Primitives created: 1
20:49:41 | INFO: Extracting primitive: V03_DAYCARE_LIGHT_03_GLOW_MESH
20:49:41 | INFO: Primitives created: 1
20:49:41 | INFO: Extracting primitive: V03_DAYCARE_LOW_PARTITION_MESH
20:49:41 | INFO: Primitives created: 1
20:49:41 | INFO: Extracting primitive: V03_DAYCARE_PLAY_BLOCK_00_MESH
20:49:41 | INFO: Primitives created: 1
20:49:41 | INFO: Extracting primitive: V03_DAYCARE_PLAY_BLOCK_01_MESH
20:49:41 | INFO: Primitives created: 1
20:49:41 | INFO: Extracting primitive: V03_DAYCARE_PLAY_BLOCK_02_MESH
20:49:41 | INFO: Primitives created: 1
20:49:41 | INFO: Extracting primitive: V03_DAYCARE_PLAY_BLOCK_03_MESH
20:49:41 | INFO: Primitives created: 1
20:49:41 | INFO: Extracting primitive: V03_DAYCARE_PLAY_BLOCK_04_MESH
20:49:41 | INFO: Primitives created: 1
20:49:41 | INFO: Extracting primitive: V03_DAYCARE_PLAY_BLOCK_05_MESH
20:49:41 | INFO: Primitives created: 1
20:49:41 | INFO: Extracting primitive: V03_DAYCARE_PLAY_RUG_MESH
20:49:41 | INFO: Primitives created: 1
20:49:41 | INFO: Extracting primitive: V03_DAYCARE_READING_BIN_00_MESH
20:49:41 | INFO: Primitives created: 1
20:49:41 | INFO: Extracting primitive: V03_DAYCARE_READING_BIN_01_MESH
20:49:41 | INFO: Primitives created: 1
20:49:41 | INFO: Extracting primitive: V03_DAYCARE_READING_BIN_02_MESH
20:49:41 | INFO: Primitives created: 1
20:49:41 | INFO: Extracting primitive: V03_DAYCARE_READING_BIN_03_MESH
20:49:41 | INFO: Primitives created: 1
20:49:41 | INFO: Extracting primitive: V03_DAYCARE_READING_SHELF_MESH
20:49:41 | INFO: Primitives created: 1
20:49:41 | INFO: Extracting primitive: V03_DAYCARE_SOFT_BACK_00_MESH
20:49:41 | INFO: Primitives created: 1
20:49:41 | INFO: Extracting primitive: V03_DAYCARE_SOFT_BACK_01_MESH
20:49:41 | INFO: Primitives created: 1
20:49:41 | INFO: Extracting primitive: V03_DAYCARE_SOFT_BACK_02_MESH
20:49:41 | INFO: Primitives created: 1
20:49:41 | INFO: Extracting primitive: V03_DAYCARE_SOFT_BACK_03_MESH
20:49:41 | INFO: Primitives created: 1
20:49:41 | INFO: Extracting primitive: V03_DAYCARE_SOFT_NOOK_MESH
20:49:41 | INFO: Primitives created: 1
20:49:41 | INFO: Extracting primitive: V03_GLASS_CAFE_BACKBAR_MESH
20:49:41 | INFO: Primitives created: 1
20:49:41 | INFO: Extracting primitive: V03_GLASS_CAFE_COUNTER_MESH
20:49:41 | INFO: Primitives created: 1
20:49:41 | INFO: Extracting primitive: V03_GLASS_CAFE_DISPLAY_CASE_MESH
20:49:41 | INFO: Primitives created: 1
20:49:41 | INFO: Extracting primitive: V03_GLASS_CAFE_ESPRESSO_MESH
20:49:41 | INFO: Primitives created: 1
20:49:41 | INFO: Extracting primitive: V03_GLASS_CAFE_LIGHT_00_BODY_MESH
20:49:41 | INFO: Primitives created: 1
20:49:41 | INFO: Extracting primitive: V03_GLASS_CAFE_LIGHT_00_GLOW_MESH
20:49:41 | INFO: Primitives created: 1
20:49:41 | INFO: Extracting primitive: V03_GLASS_CAFE_LIGHT_01_BODY_MESH
20:49:41 | INFO: Primitives created: 1
20:49:41 | INFO: Extracting primitive: V03_GLASS_CAFE_LIGHT_01_GLOW_MESH
20:49:41 | INFO: Primitives created: 1
20:49:41 | INFO: Extracting primitive: V03_GLASS_CAFE_LIGHT_02_BODY_MESH
20:49:41 | INFO: Primitives created: 1
20:49:41 | INFO: Extracting primitive: V03_GLASS_CAFE_LIGHT_02_GLOW_MESH
20:49:41 | INFO: Primitives created: 1
20:49:41 | INFO: Extracting primitive: V03_GLASS_CAFE_SHELF_00_MESH
20:49:41 | INFO: Primitives created: 1
20:49:41 | INFO: Extracting primitive: V03_GLASS_CAFE_SHELF_01_MESH
20:49:41 | INFO: Primitives created: 1
20:49:41 | INFO: Extracting primitive: V03_GLASS_CAFE_SHELF_02_MESH
20:49:41 | INFO: Primitives created: 1
20:49:41 | INFO: Extracting primitive: V03_GLASS_CAFE_SHELF_03_MESH
20:49:41 | INFO: Primitives created: 1
20:49:41 | INFO: Extracting primitive: V03_GLASS_CAFE_STOOL_00_MESH
20:49:41 | INFO: Primitives created: 1
20:49:41 | INFO: Extracting primitive: V03_GLASS_CAFE_STOOL_01_MESH
20:49:41 | INFO: Primitives created: 1
20:49:41 | INFO: Extracting primitive: V03_GLASS_CAFE_STOOL_02_MESH
20:49:41 | INFO: Primitives created: 1
20:49:41 | INFO: Extracting primitive: V03_GLASS_CAFE_STOOL_03_MESH
20:49:41 | INFO: Primitives created: 1
20:49:41 | INFO: Extracting primitive: V03_GLASS_COMMAND_CONSOLE_1_MESH
20:49:41 | INFO: Primitives created: 1
20:49:41 | INFO: Extracting primitive: V03_GLASS_COMMAND_CONSOLE_2_MESH
20:49:41 | INFO: Primitives created: 1
20:49:41 | INFO: Extracting primitive: V03_GLASS_COMMAND_DISPLAY_00_MESH
20:49:41 | INFO: Primitives created: 1
20:49:41 | INFO: Extracting primitive: V03_GLASS_COMMAND_DISPLAY_01_MESH
20:49:41 | INFO: Primitives created: 1
20:49:41 | INFO: Extracting primitive: V03_GLASS_COMMAND_DISPLAY_02_MESH
20:49:41 | INFO: Primitives created: 1
20:49:41 | INFO: Extracting primitive: V03_GLASS_COMMAND_DISPLAY_03_MESH
20:49:41 | INFO: Primitives created: 1
20:49:41 | INFO: Extracting primitive: V03_GLASS_COMMAND_DISPLAY_04_MESH
20:49:41 | INFO: Primitives created: 1
20:49:41 | INFO: Extracting primitive: V03_GLASS_COMMAND_DISPLAY_05_MESH
20:49:41 | INFO: Primitives created: 1
20:49:41 | INFO: Extracting primitive: V03_GLASS_COMMAND_MONITOR_WALL_MESH
20:49:41 | INFO: Primitives created: 1
20:49:41 | INFO: Extracting primitive: V03_GLASS_COMMAND_OPERATOR_SEAT_00_MESH
20:49:41 | INFO: Primitives created: 1
20:49:41 | INFO: Extracting primitive: V03_GLASS_COMMAND_OPERATOR_SEAT_01_MESH
20:49:41 | INFO: Primitives created: 1
20:49:41 | INFO: Extracting primitive: V03_GLASS_COMMAND_OPERATOR_SEAT_02_MESH
20:49:41 | INFO: Primitives created: 1
20:49:41 | INFO: Extracting primitive: V03_GLASS_COMMAND_OPERATOR_SEAT_03_MESH
20:49:41 | INFO: Primitives created: 1
20:49:41 | INFO: Extracting primitive: V03_GLASS_COMMAND_OPERATOR_SEAT_04_MESH
20:49:41 | INFO: Primitives created: 1
20:49:41 | INFO: Extracting primitive: V03_GLASS_COMMAND_OPERATOR_SEAT_05_MESH
20:49:41 | INFO: Primitives created: 1
20:49:41 | INFO: Extracting primitive: V03_GLASS_COMMAND_TERMINAL_00_MESH
20:49:41 | INFO: Primitives created: 1
20:49:41 | INFO: Extracting primitive: V03_GLASS_COMMAND_TERMINAL_01_MESH
20:49:41 | INFO: Primitives created: 1
20:49:41 | INFO: Extracting primitive: V03_GLASS_COMMAND_TERMINAL_02_MESH
20:49:41 | INFO: Primitives created: 1
20:49:41 | INFO: Extracting primitive: V03_GLASS_COMMAND_TERMINAL_03_MESH
20:49:41 | INFO: Primitives created: 1
20:49:41 | INFO: Extracting primitive: V03_GLASS_COMMAND_TERMINAL_04_MESH
20:49:41 | INFO: Primitives created: 1
20:49:41 | INFO: Extracting primitive: V03_GLASS_COMMAND_TERMINAL_05_MESH
20:49:41 | INFO: Primitives created: 1
20:49:41 | INFO: Extracting primitive: V03_GLASS_DECK_FLOOR_MESH
20:49:41 | INFO: Primitives created: 1
20:49:41 | INFO: Extracting primitive: V03_GLASS_DECK_LEFT_GLASS_MESH
20:49:41 | INFO: Primitives created: 1
20:49:41 | INFO: Extracting primitive: V03_GLASS_DECK_PORTAL_LEFT_20_MESH.001
20:49:41 | INFO: Primitives created: 1
20:49:41 | INFO: Extracting primitive: V03_GLASS_DECK_PORTAL_LEFT_145_MESH.001
20:49:41 | INFO: Primitives created: 1
20:49:41 | INFO: Extracting primitive: V03_GLASS_DECK_PORTAL_LEFT_270_MESH.001
20:49:41 | INFO: Primitives created: 1
20:49:41 | INFO: Extracting primitive: V03_GLASS_DECK_PORTAL_LEFT_395_MESH.001
20:49:41 | INFO: Primitives created: 1
20:49:41 | INFO: Extracting primitive: V03_GLASS_DECK_PORTAL_RIGHT_20_MESH.001
20:49:41 | INFO: Primitives created: 1
20:49:41 | INFO: Extracting primitive: V03_GLASS_DECK_PORTAL_RIGHT_145_MESH.001
20:49:41 | INFO: Primitives created: 1
20:49:41 | INFO: Extracting primitive: V03_GLASS_DECK_PORTAL_RIGHT_270_MESH.001
20:49:41 | INFO: Primitives created: 1
20:49:41 | INFO: Extracting primitive: V03_GLASS_DECK_PORTAL_RIGHT_395_MESH.001
20:49:41 | INFO: Primitives created: 1
20:49:41 | INFO: Extracting primitive: V03_GLASS_DECK_RIGHT_GLASS_MESH
20:49:41 | INFO: Primitives created: 1
20:49:41 | INFO: Extracting primitive: V03_GLASS_GALLERY_SEAT_00_00_MESH
20:49:41 | INFO: Primitives created: 1
20:49:41 | INFO: Extracting primitive: V03_GLASS_GALLERY_SEAT_00_01_MESH
20:49:41 | INFO: Primitives created: 1
20:49:41 | INFO: Extracting primitive: V03_GLASS_GALLERY_SEAT_00_02_MESH
20:49:41 | INFO: Primitives created: 1
20:49:41 | INFO: Extracting primitive: V03_GLASS_GALLERY_SEAT_01_00_MESH
20:49:41 | INFO: Primitives created: 1
20:49:41 | INFO: Extracting primitive: V03_GLASS_GALLERY_SEAT_01_01_MESH
20:49:41 | INFO: Primitives created: 1
20:49:41 | INFO: Extracting primitive: V03_GLASS_GALLERY_SEAT_01_02_MESH
20:49:41 | INFO: Primitives created: 1
20:49:41 | INFO: Extracting primitive: V03_GLASS_GALLERY_TABLE_00_MESH
20:49:41 | INFO: Primitives created: 1
20:49:41 | INFO: Extracting primitive: V03_GLASS_GALLERY_TABLE_01_MESH
20:49:41 | INFO: Primitives created: 1
20:49:41 | INFO: Extracting primitive: V03_GLASS_TRAINING_CHAIR_00_MESH
20:49:41 | INFO: Primitives created: 1
20:49:41 | INFO: Extracting primitive: V03_GLASS_TRAINING_CHAIR_01_MESH
20:49:41 | INFO: Primitives created: 1
20:49:41 | INFO: Extracting primitive: V03_GLASS_TRAINING_CHAIR_02_MESH
20:49:41 | INFO: Primitives created: 1
20:49:41 | INFO: Extracting primitive: V03_GLASS_TRAINING_CHAIR_03_MESH
20:49:41 | INFO: Primitives created: 1
20:49:41 | INFO: Extracting primitive: V03_GLASS_TRAINING_CHAIR_04_MESH
20:49:41 | INFO: Primitives created: 1
20:49:41 | INFO: Extracting primitive: V03_GLASS_TRAINING_CHAIR_05_MESH
20:49:41 | INFO: Primitives created: 1
20:49:41 | INFO: Extracting primitive: V03_GLASS_TRAINING_CHAIR_06_MESH
20:49:41 | INFO: Primitives created: 1
20:49:41 | INFO: Extracting primitive: V03_GLASS_TRAINING_CHAIR_07_MESH
20:49:41 | INFO: Primitives created: 1
20:49:41 | INFO: Extracting primitive: V03_GLASS_TRAINING_LIGHT_00_BODY_MESH
20:49:41 | INFO: Primitives created: 1
20:49:41 | INFO: Extracting primitive: V03_GLASS_TRAINING_LIGHT_00_GLOW_MESH
20:49:41 | INFO: Primitives created: 1
20:49:41 | INFO: Extracting primitive: V03_GLASS_TRAINING_LIGHT_01_BODY_MESH
20:49:41 | INFO: Primitives created: 1
20:49:41 | INFO: Extracting primitive: V03_GLASS_TRAINING_LIGHT_01_GLOW_MESH
20:49:41 | INFO: Primitives created: 1
20:49:41 | INFO: Extracting primitive: V03_GLASS_TRAINING_LIGHT_02_BODY_MESH
20:49:41 | INFO: Primitives created: 1
20:49:41 | INFO: Extracting primitive: V03_GLASS_TRAINING_LIGHT_02_GLOW_MESH
20:49:41 | INFO: Primitives created: 1
20:49:41 | INFO: Extracting primitive: V03_GLASS_TRAINING_SCREEN_MESH
20:49:41 | INFO: Primitives created: 1
20:49:41 | INFO: Extracting primitive: V03_GLASS_TRAINING_SLIDE_00_MESH
20:49:41 | INFO: Primitives created: 1
20:49:41 | INFO: Extracting primitive: V03_GLASS_TRAINING_SLIDE_01_MESH
20:49:41 | INFO: Primitives created: 1
20:49:41 | INFO: Extracting primitive: V03_GLASS_TRAINING_SLIDE_02_MESH
20:49:41 | INFO: Primitives created: 1
20:49:41 | INFO: Extracting primitive: V03_GLASS_TRAINING_SLIDE_03_MESH
20:49:41 | INFO: Primitives created: 1
20:49:41 | INFO: Extracting primitive: V03_GLASS_TRAINING_TABLE_MAIN_MESH
20:49:41 | INFO: Primitives created: 1
20:49:41 | INFO: Extracting primitive: V03_LIQUID_BACK_WALL_MESH
20:49:41 | INFO: Primitives created: 1
20:49:41 | INFO: Extracting primitive: V03_LIQUID_BOTTLE_00_MESH
20:49:41 | INFO: Primitives created: 1
20:49:41 | INFO: Extracting primitive: V03_LIQUID_BOTTLE_01_MESH
20:49:41 | INFO: Primitives created: 1
20:49:41 | INFO: Extracting primitive: V03_LIQUID_BOTTLE_02_MESH
20:49:41 | INFO: Primitives created: 1
20:49:41 | INFO: Extracting primitive: V03_LIQUID_BOTTLE_03_MESH
20:49:41 | INFO: Primitives created: 1
20:49:41 | INFO: Extracting primitive: V03_LIQUID_BOTTLE_04_MESH
20:49:41 | INFO: Primitives created: 1
20:49:41 | INFO: Extracting primitive: V03_LIQUID_BOTTLE_05_MESH
20:49:41 | INFO: Primitives created: 1
20:49:41 | INFO: Extracting primitive: V03_LIQUID_BOTTLE_06_MESH
20:49:41 | INFO: Primitives created: 1
20:49:41 | INFO: Extracting primitive: V03_LIQUID_BOTTLE_07_MESH
20:49:41 | INFO: Primitives created: 1
20:49:41 | INFO: Extracting primitive: V03_LIQUID_BOTTLE_08_MESH
20:49:41 | INFO: Primitives created: 1
20:49:41 | INFO: Extracting primitive: V03_LIQUID_BOTTLE_09_MESH
20:49:41 | INFO: Primitives created: 1
20:49:41 | INFO: Extracting primitive: V03_LIQUID_BOTTLE_INFEED_FRAME_MESH
20:49:41 | INFO: Primitives created: 1
20:49:41 | INFO: Extracting primitive: V03_LIQUID_BOTTLE_INFEED_GUARD_A_MESH
20:49:41 | INFO: Primitives created: 1
20:49:41 | INFO: Extracting primitive: V03_LIQUID_BOTTLE_INFEED_GUARD_B_MESH
20:49:41 | INFO: Primitives created: 1
20:49:41 | INFO: Extracting primitive: V03_LIQUID_BOTTLE_INFEED_ROLLER_00_MESH
20:49:41 | INFO: Primitives created: 1
20:49:41 | INFO: Extracting primitive: V03_LIQUID_BOTTLE_INFEED_ROLLER_01_MESH
20:49:41 | INFO: Primitives created: 1
20:49:41 | INFO: Extracting primitive: V03_LIQUID_BOTTLE_INFEED_ROLLER_02_MESH
20:49:41 | INFO: Primitives created: 1
20:49:41 | INFO: Extracting primitive: V03_LIQUID_BOTTLE_INFEED_ROLLER_03_MESH
20:49:41 | INFO: Primitives created: 1
20:49:41 | INFO: Extracting primitive: V03_LIQUID_BOTTLE_INFEED_ROLLER_04_MESH
20:49:41 | INFO: Primitives created: 1
20:49:41 | INFO: Extracting primitive: V03_LIQUID_BOTTLE_INFEED_ROLLER_05_MESH
20:49:41 | INFO: Primitives created: 1
20:49:41 | INFO: Extracting primitive: V03_LIQUID_BOTTLE_INFEED_ROLLER_06_MESH
20:49:41 | INFO: Primitives created: 1
20:49:41 | INFO: Extracting primitive: V03_LIQUID_CAPPER_GUARD_MESH
20:49:41 | INFO: Primitives created: 1
20:49:41 | INFO: Extracting primitive: V03_LIQUID_CAPPER_HEAD_MESH
20:49:41 | INFO: Primitives created: 1
20:49:41 | INFO: Extracting primitive: V03_LIQUID_CASE_OUTFEED_FRAME_MESH
20:49:41 | INFO: Primitives created: 1
20:49:41 | INFO: Extracting primitive: V03_LIQUID_CASE_OUTFEED_GUARD_A_MESH
20:49:41 | INFO: Primitives created: 1
20:49:41 | INFO: Extracting primitive: V03_LIQUID_CASE_OUTFEED_GUARD_B_MESH
20:49:41 | INFO: Primitives created: 1
20:49:41 | INFO: Extracting primitive: V03_LIQUID_CASE_OUTFEED_ROLLER_00_MESH
20:49:41 | INFO: Primitives created: 1
20:49:41 | INFO: Extracting primitive: V03_LIQUID_CASE_OUTFEED_ROLLER_01_MESH
20:49:41 | INFO: Primitives created: 1
20:49:41 | INFO: Extracting primitive: V03_LIQUID_CASE_OUTFEED_ROLLER_02_MESH
20:49:41 | INFO: Primitives created: 1
20:49:41 | INFO: Extracting primitive: V03_LIQUID_CASE_OUTFEED_ROLLER_03_MESH
20:49:41 | INFO: Primitives created: 1
20:49:41 | INFO: Extracting primitive: V03_LIQUID_CASE_OUTFEED_ROLLER_04_MESH
20:49:41 | INFO: Primitives created: 1
20:49:41 | INFO: Extracting primitive: V03_LIQUID_CASE_OUTFEED_ROLLER_05_MESH
20:49:41 | INFO: Primitives created: 1
20:49:41 | INFO: Extracting primitive: V03_LIQUID_CASE_OUTFEED_ROLLER_06_MESH
20:49:41 | INFO: Primitives created: 1
20:49:41 | INFO: Extracting primitive: V03_LIQUID_CASE_PACKER_MESH
20:49:41 | INFO: Primitives created: 1
20:49:41 | INFO: Extracting primitive: V03_LIQUID_FILLER_FRONT_GUARD_MESH
20:49:41 | INFO: Primitives created: 1
20:49:41 | INFO: Extracting primitive: V03_LIQUID_FILLER_HOUSING_MESH
20:49:41 | INFO: Primitives created: 1
20:49:41 | INFO: Extracting primitive: V03_LIQUID_FLOOR_MESH
20:49:41 | INFO: Primitives created: 1
20:49:41 | INFO: Extracting primitive: V03_LIQUID_HEAD_BRIDGE_MESH
20:49:41 | INFO: Primitives created: 1
20:49:41 | INFO: Extracting primitive: V03_LIQUID_INSPECTION_CAMERA_MESH
20:49:41 | INFO: Primitives created: 1
20:49:41 | INFO: Extracting primitive: V03_LIQUID_LABEL_REEL_IN_MESH
20:49:41 | INFO: Primitives created: 1
20:49:41 | INFO: Extracting primitive: V03_LIQUID_LABEL_REEL_OUT_MESH
20:49:41 | INFO: Primitives created: 1
20:49:41 | INFO: Extracting primitive: V03_LIQUID_LABELER_HOOD_MESH
20:49:41 | INFO: Primitives created: 1
20:49:41 | INFO: Extracting primitive: V03_LIQUID_LIGHT_00_BODY_MESH
20:49:41 | INFO: Primitives created: 1
20:49:41 | INFO: Extracting primitive: V03_LIQUID_LIGHT_00_GLOW_MESH
20:49:41 | INFO: Primitives created: 1
20:49:41 | INFO: Extracting primitive: V03_LIQUID_LIGHT_01_BODY_MESH
20:49:41 | INFO: Primitives created: 1
20:49:41 | INFO: Extracting primitive: V03_LIQUID_LIGHT_01_GLOW_MESH
20:49:41 | INFO: Primitives created: 1
20:49:41 | INFO: Extracting primitive: V03_LIQUID_LIGHT_02_BODY_MESH
20:49:41 | INFO: Primitives created: 1
20:49:41 | INFO: Extracting primitive: V03_LIQUID_LIGHT_02_GLOW_MESH
20:49:41 | INFO: Primitives created: 1
20:49:41 | INFO: Extracting primitive: V03_LIQUID_LIGHT_03_BODY_MESH
20:49:41 | INFO: Primitives created: 1
20:49:41 | INFO: Extracting primitive: V03_LIQUID_LIGHT_03_GLOW_MESH
20:49:41 | INFO: Primitives created: 1
20:49:41 | INFO: Extracting primitive: V03_LIQUID_LIGHT_04_BODY_MESH
20:49:41 | INFO: Primitives created: 1
20:49:41 | INFO: Extracting primitive: V03_LIQUID_LIGHT_04_GLOW_MESH
20:49:41 | INFO: Primitives created: 1
20:49:41 | INFO: Extracting primitive: V03_LIQUID_LIGHT_05_BODY_MESH
20:49:41 | INFO: Primitives created: 1
20:49:41 | INFO: Extracting primitive: V03_LIQUID_LIGHT_05_GLOW_MESH
20:49:41 | INFO: Primitives created: 1
20:49:41 | INFO: Extracting primitive: V03_LIQUID_MAIN_LINE_FRAME_MESH
20:49:41 | INFO: Primitives created: 1
20:49:41 | INFO: Extracting primitive: V03_LIQUID_MAIN_LINE_GUARD_A_MESH
20:49:41 | INFO: Primitives created: 1
20:49:41 | INFO: Extracting primitive: V03_LIQUID_MAIN_LINE_GUARD_B_MESH
20:49:41 | INFO: Primitives created: 1
20:49:41 | INFO: Extracting primitive: V03_LIQUID_MAIN_LINE_ROLLER_00_MESH
20:49:41 | INFO: Primitives created: 1
20:49:41 | INFO: Extracting primitive: V03_LIQUID_MAIN_LINE_ROLLER_01_MESH
20:49:41 | INFO: Primitives created: 1
20:49:41 | INFO: Extracting primitive: V03_LIQUID_MAIN_LINE_ROLLER_02_MESH
20:49:41 | INFO: Primitives created: 1
20:49:41 | INFO: Extracting primitive: V03_LIQUID_MAIN_LINE_ROLLER_03_MESH
20:49:41 | INFO: Primitives created: 1
20:49:41 | INFO: Extracting primitive: V03_LIQUID_MAIN_LINE_ROLLER_04_MESH
20:49:41 | INFO: Primitives created: 1
20:49:41 | INFO: Extracting primitive: V03_LIQUID_MAIN_LINE_ROLLER_05_MESH
20:49:41 | INFO: Primitives created: 1
20:49:41 | INFO: Extracting primitive: V03_LIQUID_MAIN_LINE_ROLLER_06_MESH
20:49:41 | INFO: Primitives created: 1
20:49:41 | INFO: Extracting primitive: V03_LIQUID_NOZZLE_00_MESH
20:49:41 | INFO: Primitives created: 1
20:49:41 | INFO: Extracting primitive: V03_LIQUID_NOZZLE_01_MESH
20:49:41 | INFO: Primitives created: 1
20:49:41 | INFO: Extracting primitive: V03_LIQUID_NOZZLE_02_MESH
20:49:41 | INFO: Primitives created: 1
20:49:41 | INFO: Extracting primitive: V03_LIQUID_NOZZLE_03_MESH
20:49:41 | INFO: Primitives created: 1
20:49:41 | INFO: Extracting primitive: V03_LIQUID_NOZZLE_04_MESH
20:49:41 | INFO: Primitives created: 1
20:49:41 | INFO: Extracting primitive: V03_LIQUID_NOZZLE_05_MESH
20:49:41 | INFO: Primitives created: 1
20:49:41 | INFO: Extracting primitive: V03_LIQUID_NOZZLE_06_MESH
20:49:41 | INFO: Primitives created: 1
20:49:41 | INFO: Extracting primitive: V03_LIQUID_NOZZLE_07_MESH
20:49:41 | INFO: Primitives created: 1
20:49:41 | INFO: Extracting primitive: V03_LIQUID_NOZZLE_08_MESH
20:49:41 | INFO: Primitives created: 1
20:49:41 | INFO: Extracting primitive: V03_LIQUID_NOZZLE_09_MESH
20:49:41 | INFO: Primitives created: 1
20:49:41 | INFO: Extracting primitive: V03_LIQUID_OPERATOR_BAY_MESH
20:49:41 | INFO: Primitives created: 1
20:49:41 | INFO: Extracting primitive: V03_LIQUID_PACKED_CASE_00_MESH
20:49:41 | INFO: Primitives created: 1
20:49:41 | INFO: Extracting primitive: V03_LIQUID_PACKED_CASE_01_MESH
20:49:41 | INFO: Primitives created: 1
20:49:41 | INFO: Extracting primitive: V03_LIQUID_PACKED_CASE_02_MESH
20:49:41 | INFO: Primitives created: 1
20:49:41 | INFO: Extracting primitive: V03_LIQUID_PACKED_CASE_03_MESH
20:49:41 | INFO: Primitives created: 1
20:49:41 | INFO: Extracting primitive: V03_LIQUID_PACKED_CASE_04_MESH
20:49:41 | INFO: Primitives created: 1
20:49:41 | INFO: Extracting primitive: V03_LIQUID_PACKED_CASE_05_MESH
20:49:41 | INFO: Primitives created: 1
20:49:41 | INFO: Extracting primitive: V03_LIQUID_ROTARY_CAROUSEL_MESH
20:49:41 | INFO: Primitives created: 1
20:49:41 | INFO: Extracting primitive: V03_LIQUID_VISION_INSPECTION_MESH
20:49:41 | INFO: Primitives created: 1
20:49:41 | INFO: Extracting primitive: V03_PASTE_BACK_WALL_MESH
20:49:41 | INFO: Primitives created: 1
20:49:41 | INFO: Extracting primitive: V03_PASTE_CARTONER_MESH
20:49:41 | INFO: Primitives created: 1
20:49:41 | INFO: Extracting primitive: V03_PASTE_CASE_OUTFEED_MESH
20:49:41 | INFO: Primitives created: 1
20:49:41 | INFO: Extracting primitive: V03_PASTE_CODER_INSPECTION_MESH
20:49:41 | INFO: Primitives created: 1
20:49:41 | INFO: Extracting primitive: V03_PASTE_CRIMP_JAW_00_MESH
20:49:41 | INFO: Primitives created: 1
20:49:41 | INFO: Extracting primitive: V03_PASTE_CRIMP_JAW_01_MESH
20:49:41 | INFO: Primitives created: 1
20:49:41 | INFO: Extracting primitive: V03_PASTE_CRIMP_JAW_02_MESH
20:49:41 | INFO: Primitives created: 1
20:49:41 | INFO: Extracting primitive: V03_PASTE_CRIMP_JAW_03_MESH
20:49:41 | INFO: Primitives created: 1
20:49:41 | INFO: Extracting primitive: V03_PASTE_CRIMP_JAW_04_MESH
20:49:41 | INFO: Primitives created: 1
20:49:41 | INFO: Extracting primitive: V03_PASTE_EMPTY_TUBE_00_MESH
20:49:41 | INFO: Primitives created: 1
20:49:41 | INFO: Extracting primitive: V03_PASTE_EMPTY_TUBE_01_MESH
20:49:41 | INFO: Primitives created: 1
20:49:41 | INFO: Extracting primitive: V03_PASTE_EMPTY_TUBE_02_MESH
20:49:41 | INFO: Primitives created: 1
20:49:41 | INFO: Extracting primitive: V03_PASTE_EMPTY_TUBE_03_MESH
20:49:41 | INFO: Primitives created: 1
20:49:41 | INFO: Extracting primitive: V03_PASTE_EMPTY_TUBE_04_MESH
20:49:41 | INFO: Primitives created: 1
20:49:41 | INFO: Extracting primitive: V03_PASTE_EMPTY_TUBE_05_MESH
20:49:41 | INFO: Primitives created: 1
20:49:41 | INFO: Extracting primitive: V03_PASTE_FEED_TO_FILLER_MESH
20:49:41 | INFO: Primitives created: 1
20:49:41 | INFO: Extracting primitive: V03_PASTE_FILL_NOZZLE_00_MESH
20:49:41 | INFO: Primitives created: 1
20:49:41 | INFO: Extracting primitive: V03_PASTE_FILL_NOZZLE_01_MESH
20:49:41 | INFO: Primitives created: 1
20:49:41 | INFO: Extracting primitive: V03_PASTE_FILL_NOZZLE_02_MESH
20:49:41 | INFO: Primitives created: 1
20:49:41 | INFO: Extracting primitive: V03_PASTE_FILL_NOZZLE_03_MESH
20:49:41 | INFO: Primitives created: 1
20:49:41 | INFO: Extracting primitive: V03_PASTE_FILLED_TUBE_00_MESH
20:49:41 | INFO: Primitives created: 1
20:49:41 | INFO: Extracting primitive: V03_PASTE_FILLED_TUBE_01_MESH
20:49:41 | INFO: Primitives created: 1
20:49:41 | INFO: Extracting primitive: V03_PASTE_FILLED_TUBE_02_MESH
20:49:41 | INFO: Primitives created: 1
20:49:41 | INFO: Extracting primitive: V03_PASTE_FILLED_TUBE_03_MESH
20:49:41 | INFO: Primitives created: 1
20:49:41 | INFO: Extracting primitive: V03_PASTE_FILLED_TUBE_04_MESH
20:49:41 | INFO: Primitives created: 1
20:49:41 | INFO: Extracting primitive: V03_PASTE_FILLED_TUBE_05_MESH
20:49:41 | INFO: Primitives created: 1
20:49:41 | INFO: Extracting primitive: V03_PASTE_FILLER_GUARD_MESH
20:49:41 | INFO: Primitives created: 1
20:49:41 | INFO: Extracting primitive: V03_PASTE_FINISHED_CASE_00_MESH
20:49:41 | INFO: Primitives created: 1
20:49:41 | INFO: Extracting primitive: V03_PASTE_FINISHED_CASE_01_MESH
20:49:41 | INFO: Primitives created: 1
20:49:41 | INFO: Extracting primitive: V03_PASTE_FINISHED_CASE_02_MESH
20:49:41 | INFO: Primitives created: 1
20:49:41 | INFO: Extracting primitive: V03_PASTE_FINISHED_CASE_03_MESH
20:49:41 | INFO: Primitives created: 1
20:49:41 | INFO: Extracting primitive: V03_PASTE_FLOOR_MESH
20:49:41 | INFO: Primitives created: 1
20:49:41 | INFO: Extracting primitive: V03_PASTE_HOLDING_SKID_MESH
20:49:41 | INFO: Primitives created: 1
20:49:41 | INFO: Extracting primitive: V03_PASTE_HOLDING_TANK_MESH
20:49:41 | INFO: Primitives created: 1
20:49:41 | INFO: Extracting primitive: V03_PASTE_LIGHT_00_BODY_MESH
20:49:41 | INFO: Primitives created: 1
20:49:41 | INFO: Extracting primitive: V03_PASTE_LIGHT_00_GLOW_MESH
20:49:41 | INFO: Primitives created: 1
20:49:41 | INFO: Extracting primitive: V03_PASTE_LIGHT_01_BODY_MESH
20:49:41 | INFO: Primitives created: 1
20:49:41 | INFO: Extracting primitive: V03_PASTE_LIGHT_01_GLOW_MESH
20:49:41 | INFO: Primitives created: 1
20:49:41 | INFO: Extracting primitive: V03_PASTE_LIGHT_02_BODY_MESH
20:49:41 | INFO: Primitives created: 1
20:49:41 | INFO: Extracting primitive: V03_PASTE_LIGHT_02_GLOW_MESH
20:49:41 | INFO: Primitives created: 1
20:49:41 | INFO: Extracting primitive: V03_PASTE_LIGHT_03_BODY_MESH
20:49:41 | INFO: Primitives created: 1
20:49:41 | INFO: Extracting primitive: V03_PASTE_LIGHT_03_GLOW_MESH
20:49:41 | INFO: Primitives created: 1
20:49:41 | INFO: Extracting primitive: V03_PASTE_LIGHT_04_BODY_MESH
20:49:41 | INFO: Primitives created: 1
20:49:41 | INFO: Extracting primitive: V03_PASTE_LIGHT_04_GLOW_MESH
20:49:41 | INFO: Primitives created: 1
20:49:41 | INFO: Extracting primitive: V03_PASTE_LIGHT_05_BODY_MESH
20:49:41 | INFO: Primitives created: 1
20:49:41 | INFO: Extracting primitive: V03_PASTE_LIGHT_05_GLOW_MESH
20:49:41 | INFO: Primitives created: 1
20:49:41 | INFO: Extracting primitive: V03_PASTE_MIXER_LID_MESH
20:49:41 | INFO: Primitives created: 1
20:49:41 | INFO: Extracting primitive: V03_PASTE_MIXER_PIPE_00_MESH
20:49:41 | INFO: Primitives created: 1
20:49:41 | INFO: Extracting primitive: V03_PASTE_MIXER_PIPE_01_MESH
20:49:41 | INFO: Primitives created: 1
20:49:41 | INFO: Extracting primitive: V03_PASTE_MIXER_PIPE_02_MESH
20:49:41 | INFO: Primitives created: 1
20:49:41 | INFO: Extracting primitive: V03_PASTE_SEALER_MESH
20:49:41 | INFO: Primitives created: 1
20:49:41 | INFO: Extracting primitive: V03_PASTE_TRANSFER_MAIN_MESH
20:49:41 | INFO: Primitives created: 1
20:49:41 | INFO: Extracting primitive: V03_PASTE_TUBE_LINE_FRAME_MESH
20:49:41 | INFO: Primitives created: 1
20:49:41 | INFO: Extracting primitive: V03_PASTE_TUBE_LINE_GUARD_A_MESH
20:49:41 | INFO: Primitives created: 1
20:49:41 | INFO: Extracting primitive: V03_PASTE_TUBE_LINE_GUARD_B_MESH
20:49:41 | INFO: Primitives created: 1
20:49:41 | INFO: Extracting primitive: V03_PASTE_TUBE_LINE_ROLLER_00_MESH
20:49:41 | INFO: Primitives created: 1
20:49:41 | INFO: Extracting primitive: V03_PASTE_TUBE_LINE_ROLLER_01_MESH
20:49:41 | INFO: Primitives created: 1
20:49:41 | INFO: Extracting primitive: V03_PASTE_TUBE_LINE_ROLLER_02_MESH
20:49:41 | INFO: Primitives created: 1
20:49:41 | INFO: Extracting primitive: V03_PASTE_TUBE_LINE_ROLLER_03_MESH
20:49:41 | INFO: Primitives created: 1
20:49:41 | INFO: Extracting primitive: V03_PASTE_TUBE_LINE_ROLLER_04_MESH
20:49:41 | INFO: Primitives created: 1
20:49:41 | INFO: Extracting primitive: V03_PASTE_TUBE_LINE_ROLLER_05_MESH
20:49:41 | INFO: Primitives created: 1
20:49:41 | INFO: Extracting primitive: V03_PASTE_TUBE_LINE_ROLLER_06_MESH
20:49:41 | INFO: Primitives created: 1
20:49:41 | INFO: Extracting primitive: V03_PASTE_TUBE_MAGAZINE_MESH
20:49:41 | INFO: Primitives created: 1
20:49:41 | INFO: Extracting primitive: V03_PASTE_VACUUM_MIXER_MESH
20:49:41 | INFO: Primitives created: 1
20:49:41 | INFO: Extracting primitive: V03_RESTAURANT_BAR_STOOL_00_MESH
20:49:41 | INFO: Primitives created: 1
20:49:41 | INFO: Extracting primitive: V03_RESTAURANT_BAR_STOOL_01_MESH
20:49:41 | INFO: Primitives created: 1
20:49:41 | INFO: Extracting primitive: V03_RESTAURANT_BAR_STOOL_02_MESH
20:49:41 | INFO: Primitives created: 1
20:49:41 | INFO: Extracting primitive: V03_RESTAURANT_BAR_STOOL_03_MESH
20:49:41 | INFO: Primitives created: 1
20:49:41 | INFO: Extracting primitive: V03_RESTAURANT_BAR_STOOL_04_MESH
20:49:41 | INFO: Primitives created: 1
20:49:41 | INFO: Extracting primitive: V03_RESTAURANT_BAR_STOOL_05_MESH
20:49:41 | INFO: Primitives created: 1
20:49:41 | INFO: Extracting primitive: V03_RESTAURANT_CAFE_BAR_MESH
20:49:41 | INFO: Primitives created: 1
20:49:41 | INFO: Extracting primitive: V03_RESTAURANT_CIRCULATION_RUG_MESH
20:49:41 | INFO: Primitives created: 1
20:49:41 | INFO: Extracting primitive: V03_RESTAURANT_DINING_CHAIR_00_00_MESH
20:49:41 | INFO: Primitives created: 1
20:49:41 | INFO: Extracting primitive: V03_RESTAURANT_DINING_CHAIR_00_01_MESH
20:49:41 | INFO: Primitives created: 1
20:49:41 | INFO: Extracting primitive: V03_RESTAURANT_DINING_CHAIR_01_00_MESH
20:49:41 | INFO: Primitives created: 1
20:49:41 | INFO: Extracting primitive: V03_RESTAURANT_DINING_CHAIR_01_01_MESH
20:49:41 | INFO: Primitives created: 1
20:49:41 | INFO: Extracting primitive: V03_RESTAURANT_DINING_CHAIR_02_00_MESH
20:49:41 | INFO: Primitives created: 1
20:49:41 | INFO: Extracting primitive: V03_RESTAURANT_DINING_CHAIR_02_01_MESH
20:49:41 | INFO: Primitives created: 1
20:49:41 | INFO: Extracting primitive: V03_RESTAURANT_DINING_CHAIR_03_00_MESH
20:49:41 | INFO: Primitives created: 1
20:49:41 | INFO: Extracting primitive: V03_RESTAURANT_DINING_CHAIR_03_01_MESH
20:49:41 | INFO: Primitives created: 1
20:49:41 | INFO: Extracting primitive: V03_RESTAURANT_DINING_TABLE_00_MESH
20:49:41 | INFO: Primitives created: 1
20:49:41 | INFO: Extracting primitive: V03_RESTAURANT_DINING_TABLE_01_MESH
20:49:41 | INFO: Primitives created: 1
20:49:41 | INFO: Extracting primitive: V03_RESTAURANT_DINING_TABLE_02_MESH
20:49:41 | INFO: Primitives created: 1
20:49:41 | INFO: Extracting primitive: V03_RESTAURANT_DINING_TABLE_03_MESH
20:49:41 | INFO: Primitives created: 1
20:49:41 | INFO: Extracting primitive: V03_RESTAURANT_ENCLOSURE_BACK_MESH
20:49:41 | INFO: Primitives created: 1
20:49:41 | INFO: Extracting primitive: V03_RESTAURANT_ENCLOSURE_LEFT_MESH
20:49:41 | INFO: Primitives created: 1
20:49:41 | INFO: Extracting primitive: V03_RESTAURANT_ENCLOSURE_RIGHT_MESH
20:49:41 | INFO: Primitives created: 1
20:49:41 | INFO: Extracting primitive: V03_RESTAURANT_FLOOR_MESH
20:49:41 | INFO: Primitives created: 1
20:49:41 | INFO: Extracting primitive: V03_RESTAURANT_KITCHEN_HOOD_00_MESH
20:49:41 | INFO: Primitives created: 1
20:49:41 | INFO: Extracting primitive: V03_RESTAURANT_KITCHEN_HOOD_01_MESH
20:49:41 | INFO: Primitives created: 1
20:49:41 | INFO: Extracting primitive: V03_RESTAURANT_KITCHEN_HOOD_02_MESH
20:49:41 | INFO: Primitives created: 1
20:49:41 | INFO: Extracting primitive: V03_RESTAURANT_KITCHEN_HOOD_03_MESH
20:49:41 | INFO: Primitives created: 1
20:49:41 | INFO: Extracting primitive: V03_RESTAURANT_KITCHEN_PARTITION_MESH
20:49:41 | INFO: Primitives created: 1
20:49:41 | INFO: Extracting primitive: V03_RESTAURANT_KITCHEN_STATION_00_MESH
20:49:41 | INFO: Primitives created: 1
20:49:41 | INFO: Extracting primitive: V03_RESTAURANT_KITCHEN_STATION_01_MESH
20:49:41 | INFO: Primitives created: 1
20:49:41 | INFO: Extracting primitive: V03_RESTAURANT_KITCHEN_STATION_02_MESH
20:49:41 | INFO: Primitives created: 1
20:49:41 | INFO: Extracting primitive: V03_RESTAURANT_KITCHEN_STATION_03_MESH
20:49:41 | INFO: Primitives created: 1
20:49:41 | INFO: Extracting primitive: V03_RESTAURANT_LIGHT_00_BODY_MESH
20:49:41 | INFO: Primitives created: 1
20:49:41 | INFO: Extracting primitive: V03_RESTAURANT_LIGHT_00_GLOW_MESH
20:49:41 | INFO: Primitives created: 1
20:49:41 | INFO: Extracting primitive: V03_RESTAURANT_LIGHT_01_BODY_MESH
20:49:41 | INFO: Primitives created: 1
20:49:41 | INFO: Extracting primitive: V03_RESTAURANT_LIGHT_01_GLOW_MESH
20:49:41 | INFO: Primitives created: 1
20:49:41 | INFO: Extracting primitive: V03_RESTAURANT_LIGHT_02_BODY_MESH
20:49:41 | INFO: Primitives created: 1
20:49:41 | INFO: Extracting primitive: V03_RESTAURANT_LIGHT_02_GLOW_MESH
20:49:41 | INFO: Primitives created: 1
20:49:41 | INFO: Extracting primitive: V03_RESTAURANT_LIGHT_03_BODY_MESH
20:49:41 | INFO: Primitives created: 1
20:49:41 | INFO: Extracting primitive: V03_RESTAURANT_LIGHT_03_GLOW_MESH
20:49:41 | INFO: Primitives created: 1
20:49:41 | INFO: Extracting primitive: V03_RESTAURANT_PASS_MESH
20:49:41 | INFO: Primitives created: 1
20:49:41 | INFO: Extracting primitive: V03_RESTAURANT_SERVICE_BACKBAR_MESH
20:49:41 | INFO: Primitives created: 1
20:49:41 | INFO: Extracting primitive: V03_RESTAURANT_SERVICE_COUNTER_MESH
20:49:41 | INFO: Primitives created: 1
20:49:41 | INFO: Extracting primitive: V03_RESTAURANT_SERVICE_SHELF_00_MESH
20:49:41 | INFO: Primitives created: 1
20:49:41 | INFO: Extracting primitive: V03_RESTAURANT_SERVICE_SHELF_01_MESH
20:49:41 | INFO: Primitives created: 1
20:49:41 | INFO: Extracting primitive: V03_RESTAURANT_SERVICE_SHELF_02_MESH
20:49:41 | INFO: Primitives created: 1
20:49:41 | INFO: Extracting primitive: V03_RESTAURANT_SERVICE_SHELF_03_MESH
20:49:41 | INFO: Primitives created: 1
20:49:41 | INFO: Extracting primitive: V03_RESTAURANT_WALL_PANEL_00_MESH
20:49:41 | INFO: Primitives created: 1
20:49:41 | INFO: Extracting primitive: V03_RESTAURANT_WALL_PANEL_01_MESH
20:49:41 | INFO: Primitives created: 1
20:49:41 | INFO: Extracting primitive: V03_RESTAURANT_WALL_PANEL_02_MESH
20:49:41 | INFO: Primitives created: 1
20:49:41 | INFO: Extracting primitive: V03_RESTAURANT_WALL_PANEL_03_MESH
20:49:41 | INFO: Primitives created: 1
20:49:41 | INFO: Extracting primitive: V03_WIPES_BACK_WALL_MESH
20:49:41 | INFO: Primitives created: 1
20:49:41 | INFO: Extracting primitive: V03_WIPES_CONVERTING_LINE_FRAME_MESH
20:49:41 | INFO: Primitives created: 1
20:49:41 | INFO: Extracting primitive: V03_WIPES_CONVERTING_LINE_GUARD_A_MESH
20:49:41 | INFO: Primitives created: 1
20:49:41 | INFO: Extracting primitive: V03_WIPES_CONVERTING_LINE_GUARD_B_MESH
20:49:41 | INFO: Primitives created: 1
20:49:41 | INFO: Extracting primitive: V03_WIPES_CONVERTING_LINE_ROLLER_00_MESH
20:49:41 | INFO: Primitives created: 1
20:49:41 | INFO: Extracting primitive: V03_WIPES_CONVERTING_LINE_ROLLER_01_MESH
20:49:41 | INFO: Primitives created: 1
20:49:41 | INFO: Extracting primitive: V03_WIPES_CONVERTING_LINE_ROLLER_02_MESH
20:49:41 | INFO: Primitives created: 1
20:49:41 | INFO: Extracting primitive: V03_WIPES_CONVERTING_LINE_ROLLER_03_MESH
20:49:41 | INFO: Primitives created: 1
20:49:41 | INFO: Extracting primitive: V03_WIPES_CONVERTING_LINE_ROLLER_04_MESH
20:49:41 | INFO: Primitives created: 1
20:49:41 | INFO: Extracting primitive: V03_WIPES_CONVERTING_LINE_ROLLER_05_MESH
20:49:41 | INFO: Primitives created: 1
20:49:41 | INFO: Extracting primitive: V03_WIPES_CONVERTING_LINE_ROLLER_06_MESH
20:49:41 | INFO: Primitives created: 1
20:49:41 | INFO: Extracting primitive: V03_WIPES_CUTTER_MESH
20:49:41 | INFO: Primitives created: 1
20:49:41 | INFO: Extracting primitive: V03_WIPES_FILM_REEL_MESH
20:49:41 | INFO: Primitives created: 1
20:49:41 | INFO: Extracting primitive: V03_WIPES_FILM_REEL_FRAME_MESH
20:49:41 | INFO: Primitives created: 1
20:49:41 | INFO: Extracting primitive: V03_WIPES_FINISHED_POUCH_00_MESH
20:49:41 | INFO: Primitives created: 1
20:49:41 | INFO: Extracting primitive: V03_WIPES_FINISHED_POUCH_01_MESH
20:49:41 | INFO: Primitives created: 1
20:49:41 | INFO: Extracting primitive: V03_WIPES_FINISHED_POUCH_02_MESH
20:49:41 | INFO: Primitives created: 1
20:49:41 | INFO: Extracting primitive: V03_WIPES_FINISHED_POUCH_03_MESH
20:49:41 | INFO: Primitives created: 1
20:49:41 | INFO: Extracting primitive: V03_WIPES_FINISHED_POUCH_04_MESH
20:49:41 | INFO: Primitives created: 1
20:49:41 | INFO: Extracting primitive: V03_WIPES_FLOOR_MESH
20:49:41 | INFO: Primitives created: 1
20:49:41 | INFO: Extracting primitive: V03_WIPES_FOLDING_GUARD_MESH
20:49:41 | INFO: Primitives created: 1
20:49:41 | INFO: Extracting primitive: V03_WIPES_FOLDING_PLOW_MESH
20:49:41 | INFO: Primitives created: 1
20:49:41 | INFO: Extracting primitive: V03_WIPES_LIGHT_00_BODY_MESH
20:49:41 | INFO: Primitives created: 1
20:49:41 | INFO: Extracting primitive: V03_WIPES_LIGHT_00_GLOW_MESH
20:49:41 | INFO: Primitives created: 1
20:49:41 | INFO: Extracting primitive: V03_WIPES_LIGHT_01_BODY_MESH
20:49:41 | INFO: Primitives created: 1
20:49:41 | INFO: Extracting primitive: V03_WIPES_LIGHT_01_GLOW_MESH
20:49:41 | INFO: Primitives created: 1
20:49:41 | INFO: Extracting primitive: V03_WIPES_LIGHT_02_BODY_MESH
20:49:41 | INFO: Primitives created: 1
20:49:41 | INFO: Extracting primitive: V03_WIPES_LIGHT_02_GLOW_MESH
20:49:41 | INFO: Primitives created: 1
20:49:41 | INFO: Extracting primitive: V03_WIPES_LIGHT_03_BODY_MESH
20:49:41 | INFO: Primitives created: 1
20:49:41 | INFO: Extracting primitive: V03_WIPES_LIGHT_03_GLOW_MESH
20:49:41 | INFO: Primitives created: 1
20:49:41 | INFO: Extracting primitive: V03_WIPES_LIGHT_04_BODY_MESH
20:49:41 | INFO: Primitives created: 1
20:49:41 | INFO: Extracting primitive: V03_WIPES_LIGHT_04_GLOW_MESH
20:49:41 | INFO: Primitives created: 1
20:49:41 | INFO: Extracting primitive: V03_WIPES_LIGHT_05_BODY_MESH
20:49:41 | INFO: Primitives created: 1
20:49:41 | INFO: Extracting primitive: V03_WIPES_LIGHT_05_GLOW_MESH
20:49:41 | INFO: Primitives created: 1
20:49:41 | INFO: Extracting primitive: V03_WIPES_LIGHT_06_BODY_MESH
20:49:41 | INFO: Primitives created: 1
20:49:41 | INFO: Extracting primitive: V03_WIPES_LIGHT_06_GLOW_MESH
20:49:41 | INFO: Primitives created: 1
20:49:41 | INFO: Extracting primitive: V03_WIPES_LOTION_FEED_MESH
20:49:41 | INFO: Primitives created: 1
20:49:41 | INFO: Extracting primitive: V03_WIPES_NIP_ROLL_00_MESH
20:49:41 | INFO: Primitives created: 1
20:49:41 | INFO: Extracting primitive: V03_WIPES_NIP_ROLL_01_MESH
20:49:41 | INFO: Primitives created: 1
20:49:41 | INFO: Extracting primitive: V03_WIPES_NIP_ROLL_02_MESH
20:49:41 | INFO: Primitives created: 1
20:49:41 | INFO: Extracting primitive: V03_WIPES_PACK_OUT_FRAME_MESH
20:49:41 | INFO: Primitives created: 1
20:49:41 | INFO: Extracting primitive: V03_WIPES_PACK_OUT_GUARD_A_MESH
20:49:41 | INFO: Primitives created: 1
20:49:41 | INFO: Extracting primitive: V03_WIPES_PACK_OUT_GUARD_B_MESH
20:49:41 | INFO: Primitives created: 1
20:49:41 | INFO: Extracting primitive: V03_WIPES_PACK_OUT_ROLLER_00_MESH
20:49:41 | INFO: Primitives created: 1
20:49:41 | INFO: Extracting primitive: V03_WIPES_PACK_OUT_ROLLER_01_MESH
20:49:41 | INFO: Primitives created: 1
20:49:41 | INFO: Extracting primitive: V03_WIPES_PACK_OUT_ROLLER_02_MESH
20:49:41 | INFO: Primitives created: 1
20:49:41 | INFO: Extracting primitive: V03_WIPES_PACK_OUT_ROLLER_03_MESH
20:49:41 | INFO: Primitives created: 1
20:49:41 | INFO: Extracting primitive: V03_WIPES_PACK_OUT_ROLLER_04_MESH
20:49:41 | INFO: Primitives created: 1
20:49:41 | INFO: Extracting primitive: V03_WIPES_PACK_OUT_ROLLER_05_MESH
20:49:41 | INFO: Primitives created: 1
20:49:41 | INFO: Extracting primitive: V03_WIPES_PACK_OUT_ROLLER_06_MESH
20:49:41 | INFO: Primitives created: 1
20:49:41 | INFO: Extracting primitive: V03_WIPES_PARENT_ROLL_MESH
20:49:41 | INFO: Primitives created: 1
20:49:41 | INFO: Extracting primitive: V03_WIPES_POUCH_PACKER_MESH
20:49:41 | INFO: Primitives created: 1
20:49:41 | INFO: Extracting primitive: V03_WIPES_ROLL_CORE_MESH
20:49:41 | INFO: Primitives created: 1
20:49:41 | INFO: Extracting primitive: V03_WIPES_SEAL_BAR_00_MESH
20:49:41 | INFO: Primitives created: 1
20:49:41 | INFO: Extracting primitive: V03_WIPES_SEAL_BAR_01_MESH
20:49:41 | INFO: Primitives created: 1
20:49:41 | INFO: Extracting primitive: V03_WIPES_SEAL_BAR_02_MESH
20:49:41 | INFO: Primitives created: 1
20:49:41 | INFO: Extracting primitive: V03_WIPES_SEAL_BAR_03_MESH
20:49:41 | INFO: Primitives created: 1
20:49:41 | INFO: Extracting primitive: V03_WIPES_STACK_00_MESH
20:49:41 | INFO: Primitives created: 1
20:49:41 | INFO: Extracting primitive: V03_WIPES_STACK_01_MESH
20:49:41 | INFO: Primitives created: 1
20:49:41 | INFO: Extracting primitive: V03_WIPES_STACK_02_MESH
20:49:41 | INFO: Primitives created: 1
20:49:41 | INFO: Extracting primitive: V03_WIPES_STACK_03_MESH
20:49:41 | INFO: Primitives created: 1
20:49:41 | INFO: Extracting primitive: V03_WIPES_STACK_04_MESH
20:49:41 | INFO: Primitives created: 1
20:49:41 | INFO: Extracting primitive: V03_WIPES_STACK_05_MESH
20:49:41 | INFO: Primitives created: 1
20:49:41 | INFO: Extracting primitive: V03_WIPES_STACKER_MESH
20:49:41 | INFO: Primitives created: 1
20:49:41 | INFO: Extracting primitive: V03_WIPES_UNWIND_FRAME_MESH
20:49:41 | INFO: Primitives created: 1
20:49:41 | INFO: Extracting primitive: V03_WIPES_WEB_01_MESH
20:49:41 | INFO: Primitives created: 1
20:49:41 | INFO: Extracting primitive: V03_WIPES_WEB_02_MESH
20:49:41 | INFO: Primitives created: 1
20:49:41 | INFO: Extracting primitive: V03_WIPES_WETTING_BATH_MESH
20:49:41 | INFO: Primitives created: 1
20:49:41 | INFO: Extracting primitive: V04_ADMIN_BACK_MESH.001
20:49:41 | INFO: Primitives created: 1
20:49:41 | INFO: Extracting primitive: V04_ADMIN_FLOOR_MESH.001
20:49:41 | INFO: Primitives created: 1
20:49:41 | INFO: Extracting primitive: V04_ADMIN_LAB_PARTITION_MESH.001
20:49:41 | INFO: Primitives created: 1
20:49:41 | INFO: Extracting primitive: V04_ADMIN_LEFT_MESH.001
20:49:41 | INFO: Primitives created: 1
20:49:41 | INFO: Extracting primitive: V04_ADMIN_LIGHT_00_BODY_MESH.001
20:49:41 | INFO: Primitives created: 1
20:49:41 | INFO: Extracting primitive: V04_ADMIN_LIGHT_00_GLOW_MESH.001
20:49:41 | INFO: Primitives created: 1
20:49:41 | INFO: Extracting primitive: V04_ADMIN_LIGHT_01_BODY_MESH.001
20:49:41 | INFO: Primitives created: 1
20:49:41 | INFO: Extracting primitive: V04_ADMIN_LIGHT_01_GLOW_MESH.001
20:49:41 | INFO: Primitives created: 1
20:49:41 | INFO: Extracting primitive: V04_ADMIN_LIGHT_02_BODY_MESH.001
20:49:41 | INFO: Primitives created: 1
20:49:41 | INFO: Extracting primitive: V04_ADMIN_LIGHT_02_GLOW_MESH.001
20:49:41 | INFO: Primitives created: 1
20:49:41 | INFO: Extracting primitive: V04_ADMIN_LIGHT_03_BODY_MESH.001
20:49:41 | INFO: Primitives created: 1
20:49:41 | INFO: Extracting primitive: V04_ADMIN_LIGHT_03_GLOW_MESH.001
20:49:41 | INFO: Primitives created: 1
20:49:41 | INFO: Extracting primitive: V04_ADMIN_LIGHT_04_BODY_MESH.001
20:49:41 | INFO: Primitives created: 1
20:49:41 | INFO: Extracting primitive: V04_ADMIN_LIGHT_04_GLOW_MESH.001
20:49:41 | INFO: Primitives created: 1
20:49:41 | INFO: Extracting primitive: V04_ADMIN_LIGHT_05_BODY_MESH.001
20:49:41 | INFO: Primitives created: 1
20:49:41 | INFO: Extracting primitive: V04_ADMIN_LIGHT_05_GLOW_MESH.001
20:49:41 | INFO: Primitives created: 1
20:49:41 | INFO: Extracting primitive: V04_ADMIN_LIGHT_06_BODY_MESH.001
20:49:41 | INFO: Primitives created: 1
20:49:41 | INFO: Extracting primitive: V04_ADMIN_LIGHT_06_GLOW_MESH.001
20:49:41 | INFO: Primitives created: 1
20:49:41 | INFO: Extracting primitive: V04_ADMIN_MEETING_SEAT_00_MESH.001
20:49:41 | INFO: Primitives created: 1
20:49:41 | INFO: Extracting primitive: V04_ADMIN_MEETING_SEAT_01_MESH.001
20:49:41 | INFO: Primitives created: 1
20:49:41 | INFO: Extracting primitive: V04_ADMIN_MEETING_SEAT_02_MESH.001
20:49:41 | INFO: Primitives created: 1
20:49:41 | INFO: Extracting primitive: V04_ADMIN_MEETING_SEAT_03_MESH.001
20:49:41 | INFO: Primitives created: 1
20:49:41 | INFO: Extracting primitive: V04_ADMIN_MEETING_SEAT_04_MESH.001
20:49:41 | INFO: Primitives created: 1
20:49:41 | INFO: Extracting primitive: V04_ADMIN_MEETING_SEAT_05_MESH.001
20:49:41 | INFO: Primitives created: 1
20:49:41 | INFO: Extracting primitive: V04_ADMIN_MEETING_SEAT_06_MESH.001
20:49:41 | INFO: Primitives created: 1
20:49:41 | INFO: Extracting primitive: V04_ADMIN_MEETING_SEAT_07_MESH.001
20:49:41 | INFO: Primitives created: 1
20:49:41 | INFO: Extracting primitive: V04_ADMIN_MEETING_TABLE_MESH.001
20:49:41 | INFO: Primitives created: 1
20:49:41 | INFO: Extracting primitive: V04_ADMIN_OFFICE_POD_00_MESH.001
20:49:41 | INFO: Primitives created: 1
20:49:41 | INFO: Extracting primitive: V04_ADMIN_OFFICE_POD_01_MESH.001
20:49:41 | INFO: Primitives created: 1
20:49:41 | INFO: Extracting primitive: V04_ADMIN_OFFICE_POD_02_MESH.001
20:49:41 | INFO: Primitives created: 1
20:49:41 | INFO: Extracting primitive: V04_ADMIN_OFFICE_POD_03_MESH.001
20:49:41 | INFO: Primitives created: 1
20:49:41 | INFO: Extracting primitive: V04_ADMIN_OFFICE_POD_04_MESH.001
20:49:41 | INFO: Primitives created: 1
20:49:41 | INFO: Extracting primitive: V04_ADMIN_OFFICE_POD_05_MESH.001
20:49:41 | INFO: Primitives created: 1
20:49:41 | INFO: Extracting primitive: V04_ADMIN_QC_INSTRUMENT_00_MESH.001
20:49:41 | INFO: Primitives created: 1
20:49:41 | INFO: Extracting primitive: V04_ADMIN_QC_INSTRUMENT_01_MESH.001
20:49:41 | INFO: Primitives created: 1
20:49:41 | INFO: Extracting primitive: V04_ADMIN_QC_INSTRUMENT_02_MESH.001
20:49:41 | INFO: Primitives created: 1
20:49:41 | INFO: Extracting primitive: V04_ADMIN_QC_INSTRUMENT_03_MESH.001
20:49:41 | INFO: Primitives created: 1
20:49:41 | INFO: Extracting primitive: V04_ADMIN_QC_INSTRUMENT_04_MESH.001
20:49:41 | INFO: Primitives created: 1
20:49:41 | INFO: Extracting primitive: V04_ADMIN_QC_LAB_BENCH_MESH.001
20:49:41 | INFO: Primitives created: 1
20:49:41 | INFO: Extracting primitive: V04_ADMIN_QC_SAMPLE_00_MESH.001
20:49:41 | INFO: Primitives created: 1
20:49:41 | INFO: Extracting primitive: V04_ADMIN_QC_SAMPLE_01_MESH.001
20:49:41 | INFO: Primitives created: 1
20:49:41 | INFO: Extracting primitive: V04_ADMIN_QC_SAMPLE_02_MESH.001
20:49:41 | INFO: Primitives created: 1
20:49:41 | INFO: Extracting primitive: V04_ADMIN_QC_SAMPLE_03_MESH.001
20:49:41 | INFO: Primitives created: 1
20:49:41 | INFO: Extracting primitive: V04_ADMIN_QC_SAMPLE_04_MESH.001
20:49:41 | INFO: Primitives created: 1
20:49:41 | INFO: Extracting primitive: V04_ADMIN_QC_STORAGE_BEAM_00_MESH.001
20:49:41 | INFO: Primitives created: 1
20:49:41 | INFO: Extracting primitive: V04_ADMIN_QC_STORAGE_BEAM_01_MESH.001
20:49:41 | INFO: Primitives created: 1
20:49:41 | INFO: Extracting primitive: V04_ADMIN_QC_STORAGE_LOAD_00_00_MESH.001
20:49:41 | INFO: Primitives created: 1
20:49:41 | INFO: Extracting primitive: V04_ADMIN_QC_STORAGE_LOAD_00_01_MESH.001
20:49:41 | INFO: Primitives created: 1
20:49:41 | INFO: Extracting primitive: V04_ADMIN_QC_STORAGE_LOAD_01_00_MESH.001
20:49:41 | INFO: Primitives created: 1
20:49:41 | INFO: Extracting primitive: V04_ADMIN_QC_STORAGE_LOAD_01_01_MESH.001
20:49:41 | INFO: Primitives created: 1
20:49:41 | INFO: Extracting primitive: V04_ADMIN_QC_STORAGE_LOAD_02_00_MESH.001
20:49:41 | INFO: Primitives created: 1
20:49:41 | INFO: Extracting primitive: V04_ADMIN_QC_STORAGE_LOAD_02_01_MESH.001
20:49:41 | INFO: Primitives created: 1
20:49:41 | INFO: Extracting primitive: V04_ADMIN_QC_STORAGE_LOAD_03_00_MESH.001
20:49:41 | INFO: Primitives created: 1
20:49:41 | INFO: Extracting primitive: V04_ADMIN_QC_STORAGE_LOAD_03_01_MESH.001
20:49:41 | INFO: Primitives created: 1
20:49:41 | INFO: Extracting primitive: V04_ADMIN_QC_STORAGE_PALLET_00_00_MESH.001
20:49:41 | INFO: Primitives created: 1
20:49:41 | INFO: Extracting primitive: V04_ADMIN_QC_STORAGE_PALLET_00_01_MESH.001
20:49:41 | INFO: Primitives created: 1
20:49:41 | INFO: Extracting primitive: V04_ADMIN_QC_STORAGE_PALLET_01_00_MESH.001
20:49:41 | INFO: Primitives created: 1
20:49:41 | INFO: Extracting primitive: V04_ADMIN_QC_STORAGE_PALLET_01_01_MESH.001
20:49:41 | INFO: Primitives created: 1
20:49:41 | INFO: Extracting primitive: V04_ADMIN_QC_STORAGE_PALLET_02_00_MESH.001
20:49:41 | INFO: Primitives created: 1
20:49:41 | INFO: Extracting primitive: V04_ADMIN_QC_STORAGE_PALLET_02_01_MESH.001
20:49:41 | INFO: Primitives created: 1
20:49:41 | INFO: Extracting primitive: V04_ADMIN_QC_STORAGE_PALLET_03_00_MESH.001
20:49:41 | INFO: Primitives created: 1
20:49:41 | INFO: Extracting primitive: V04_ADMIN_QC_STORAGE_PALLET_03_01_MESH.001
20:49:41 | INFO: Primitives created: 1
20:49:41 | INFO: Extracting primitive: V04_ADMIN_QC_STORAGE_UPRIGHT_00_00_MESH.001
20:49:41 | INFO: Primitives created: 1
20:49:41 | INFO: Extracting primitive: V04_ADMIN_QC_STORAGE_UPRIGHT_00_01_MESH.001
20:49:41 | INFO: Primitives created: 1
20:49:41 | INFO: Extracting primitive: V04_ADMIN_QC_STORAGE_UPRIGHT_01_00_MESH.001
20:49:41 | INFO: Primitives created: 1
20:49:41 | INFO: Extracting primitive: V04_ADMIN_QC_STORAGE_UPRIGHT_01_01_MESH.001
20:49:41 | INFO: Primitives created: 1
20:49:41 | INFO: Extracting primitive: V04_ADMIN_QC_STORAGE_UPRIGHT_02_00_MESH.001
20:49:41 | INFO: Primitives created: 1
20:49:41 | INFO: Extracting primitive: V04_ADMIN_QC_STORAGE_UPRIGHT_02_01_MESH.001
20:49:41 | INFO: Primitives created: 1
20:49:41 | INFO: Extracting primitive: V04_ADMIN_QC_STORAGE_UPRIGHT_03_00_MESH.001
20:49:41 | INFO: Primitives created: 1
20:49:41 | INFO: Extracting primitive: V04_ADMIN_QC_STORAGE_UPRIGHT_03_01_MESH.001
20:49:41 | INFO: Primitives created: 1
20:49:41 | INFO: Extracting primitive: V04_ADMIN_RECEPTION_MESH.001
20:49:41 | INFO: Primitives created: 1
20:49:41 | INFO: Extracting primitive: V04_ADMIN_RECEPTION_BACK_MESH.001
20:49:41 | INFO: Primitives created: 1
20:49:41 | INFO: Extracting primitive: V04_ADMIN_RIGHT_MESH.001
20:49:41 | INFO: Primitives created: 1
20:49:41 | INFO: Extracting primitive: V04_BLOW_BOTTLE_INSPECTION_MESH.001
20:49:41 | INFO: Primitives created: 1
20:49:41 | INFO: Extracting primitive: V04_BLOW_CAGE_SIDE_1_MESH.001
20:49:41 | INFO: Primitives created: 1
20:49:41 | INFO: Extracting primitive: V04_BLOW_CAGE_SIDE_-1_MESH.001
20:49:41 | INFO: Primitives created: 1
20:49:41 | INFO: Extracting primitive: V04_BLOW_LIGHT_00_BODY_MESH.001
20:49:41 | INFO: Primitives created: 1
20:49:41 | INFO: Extracting primitive: V04_BLOW_LIGHT_00_GLOW_MESH.001
20:49:41 | INFO: Primitives created: 1
20:49:41 | INFO: Extracting primitive: V04_BLOW_LIGHT_01_BODY_MESH.001
20:49:41 | INFO: Primitives created: 1
20:49:41 | INFO: Extracting primitive: V04_BLOW_LIGHT_01_GLOW_MESH.001
20:49:41 | INFO: Primitives created: 1
20:49:42 | INFO: Extracting primitive: V04_BLOW_LIGHT_02_BODY_MESH.001
20:49:42 | INFO: Primitives created: 1
20:49:42 | INFO: Extracting primitive: V04_BLOW_LIGHT_02_GLOW_MESH.001
20:49:42 | INFO: Primitives created: 1
20:49:42 | INFO: Extracting primitive: V04_BLOW_LIGHT_03_BODY_MESH.001
20:49:42 | INFO: Primitives created: 1
20:49:42 | INFO: Extracting primitive: V04_BLOW_LIGHT_03_GLOW_MESH.001
20:49:42 | INFO: Primitives created: 1
20:49:42 | INFO: Extracting primitive: V04_BLOW_LIGHT_04_BODY_MESH.001
20:49:42 | INFO: Primitives created: 1
20:49:42 | INFO: Extracting primitive: V04_BLOW_LIGHT_04_GLOW_MESH.001
20:49:42 | INFO: Primitives created: 1
20:49:42 | INFO: Extracting primitive: V04_BLOW_LIGHT_05_BODY_MESH.001
20:49:42 | INFO: Primitives created: 1
20:49:42 | INFO: Extracting primitive: V04_BLOW_LIGHT_05_GLOW_MESH.001
20:49:42 | INFO: Primitives created: 1
20:49:42 | INFO: Extracting primitive: V04_BLOW_OVEN_DUCT_00_MESH.001
20:49:42 | INFO: Primitives created: 1
20:49:42 | INFO: Extracting primitive: V04_BLOW_OVEN_DUCT_01_MESH.001
20:49:42 | INFO: Primitives created: 1
20:49:42 | INFO: Extracting primitive: V04_BLOW_OVEN_DUCT_02_MESH.001
20:49:42 | INFO: Primitives created: 1
20:49:42 | INFO: Extracting primitive: V04_BLOW_OVEN_SERVICE_DECK_MESH.001
20:49:42 | INFO: Primitives created: 1
20:49:42 | INFO: Extracting primitive: V04_BLOW_PREFORM_BIN_MESH.001
20:49:42 | INFO: Primitives created: 1
20:49:42 | INFO: Extracting primitive: V04_BLOW_PREFORM_BIN_00_MESH.001
20:49:42 | INFO: Primitives created: 1
20:49:42 | INFO: Extracting primitive: V04_BLOW_PREFORM_BIN_01_MESH.001
20:49:42 | INFO: Primitives created: 1
20:49:42 | INFO: Extracting primitive: V04_BLOW_PREFORM_BIN_02_MESH.001
20:49:42 | INFO: Primitives created: 1
20:49:42 | INFO: Extracting primitive: V04_BLOW_PREFORM_BIN_03_MESH.001
20:49:42 | INFO: Primitives created: 1
20:49:42 | INFO: Extracting primitive: V04_BLOW_PREFORM_TRANSFER_FRAME_MESH.001
20:49:42 | INFO: Primitives created: 1
20:49:42 | INFO: Extracting primitive: V04_BLOW_PREFORM_TRANSFER_GUARD_A_MESH.001
20:49:42 | INFO: Primitives created: 1
20:49:42 | INFO: Extracting primitive: V04_BLOW_PREFORM_TRANSFER_GUARD_B_MESH.001
20:49:42 | INFO: Primitives created: 1
20:49:42 | INFO: Extracting primitive: V04_BLOW_PREFORM_TRANSFER_ROLLER_00_MESH.001
20:49:42 | INFO: Primitives created: 1
20:49:42 | INFO: Extracting primitive: V04_BLOW_PREFORM_TRANSFER_ROLLER_01_MESH.001
20:49:42 | INFO: Primitives created: 1
20:49:42 | INFO: Extracting primitive: V04_BLOW_PREFORM_TRANSFER_ROLLER_02_MESH.001
20:49:42 | INFO: Primitives created: 1
20:49:42 | INFO: Extracting primitive: V04_BLOW_PREFORM_TRANSFER_ROLLER_03_MESH.001
20:49:42 | INFO: Primitives created: 1
20:49:42 | INFO: Extracting primitive: V04_BLOW_PREFORM_TRANSFER_ROLLER_04_MESH.001
20:49:42 | INFO: Primitives created: 1
20:49:42 | INFO: Extracting primitive: V04_BLOW_PREFORM_TRANSFER_ROLLER_05_MESH.001
20:49:42 | INFO: Primitives created: 1
20:49:42 | INFO: Extracting primitive: V04_BLOW_PREFORM_TRANSFER_ROLLER_06_MESH.001
20:49:42 | INFO: Primitives created: 1
20:49:42 | INFO: Extracting primitive: V04_BLOW_PREFORM_TRANSFER_ROLLER_07_MESH.001
20:49:42 | INFO: Primitives created: 1
20:49:42 | INFO: Extracting primitive: V04_CLINIC_BACK_MESH.001
20:49:42 | INFO: Primitives created: 1
20:49:42 | INFO: Extracting primitive: V04_CLINIC_EXAM_BACK_MESH.001
20:49:42 | INFO: Primitives created: 1
20:49:42 | INFO: Extracting primitive: V04_CLINIC_EXAM_BED_MESH.001
20:49:42 | INFO: Primitives created: 1
20:49:42 | INFO: Extracting primitive: V04_CLINIC_FLOOR_MESH.001
20:49:42 | INFO: Primitives created: 1
20:49:42 | INFO: Extracting primitive: V04_CLINIC_LEFT_MESH.001
20:49:42 | INFO: Primitives created: 1
20:49:42 | INFO: Extracting primitive: V04_CLINIC_LIGHT_00_BODY_MESH.001
20:49:42 | INFO: Primitives created: 1
20:49:42 | INFO: Extracting primitive: V04_CLINIC_LIGHT_00_GLOW_MESH.001
20:49:42 | INFO: Primitives created: 1
20:49:42 | INFO: Extracting primitive: V04_CLINIC_LIGHT_01_BODY_MESH.001
20:49:42 | INFO: Primitives created: 1
20:49:42 | INFO: Extracting primitive: V04_CLINIC_LIGHT_01_GLOW_MESH.001
20:49:42 | INFO: Primitives created: 1
20:49:42 | INFO: Extracting primitive: V04_CLINIC_LIGHT_02_BODY_MESH.001
20:49:42 | INFO: Primitives created: 1
20:49:42 | INFO: Extracting primitive: V04_CLINIC_LIGHT_02_GLOW_MESH.001
20:49:42 | INFO: Primitives created: 1
20:49:42 | INFO: Extracting primitive: V04_CLINIC_LIGHT_03_BODY_MESH.001
20:49:42 | INFO: Primitives created: 1
20:49:42 | INFO: Extracting primitive: V04_CLINIC_LIGHT_03_GLOW_MESH.001
20:49:42 | INFO: Primitives created: 1
20:49:42 | INFO: Extracting primitive: V04_CLINIC_MEDICAL_CABINET_00_MESH.001
20:49:42 | INFO: Primitives created: 1
20:49:42 | INFO: Extracting primitive: V04_CLINIC_MEDICAL_CABINET_01_MESH.001
20:49:42 | INFO: Primitives created: 1
20:49:42 | INFO: Extracting primitive: V04_CLINIC_MEDICAL_CABINET_02_MESH.001
20:49:42 | INFO: Primitives created: 1
20:49:42 | INFO: Extracting primitive: V04_CLINIC_PRIVACY_MESH.001
20:49:42 | INFO: Primitives created: 1
20:49:42 | INFO: Extracting primitive: V04_CLINIC_RECEPTION_MESH.001
20:49:42 | INFO: Primitives created: 1
20:49:42 | INFO: Extracting primitive: V04_CLINIC_RIGHT_MESH.001
20:49:42 | INFO: Primitives created: 1
20:49:42 | INFO: Extracting primitive: V04_CLINIC_SINK_MESH.001
20:49:42 | INFO: Primitives created: 1
20:49:42 | INFO: Extracting primitive: V04_CLINIC_TREATMENT_CART_MESH.001
20:49:42 | INFO: Primitives created: 1
20:49:42 | INFO: Extracting primitive: V04_CLINIC_WAIT_SEAT_00_MESH.001
20:49:42 | INFO: Primitives created: 1
20:49:42 | INFO: Extracting primitive: V04_CLINIC_WAIT_SEAT_01_MESH.001
20:49:42 | INFO: Primitives created: 1
20:49:42 | INFO: Extracting primitive: V04_CLINIC_WAIT_SEAT_02_MESH.001
20:49:42 | INFO: Primitives created: 1
20:49:42 | INFO: Extracting primitive: V04_CLINIC_WAIT_SEAT_03_MESH.001
20:49:42 | INFO: Primitives created: 1
20:49:42 | INFO: Extracting primitive: V04_ETP_BACK_MESH.001
20:49:42 | INFO: Primitives created: 1
20:49:42 | INFO: Extracting primitive: V04_ETP_FILTER_00_MESH.001
20:49:42 | INFO: Primitives created: 1
20:49:42 | INFO: Extracting primitive: V04_ETP_FILTER_01_MESH.001
20:49:42 | INFO: Primitives created: 1
20:49:42 | INFO: Extracting primitive: V04_ETP_FILTER_02_MESH.001
20:49:42 | INFO: Primitives created: 1
20:49:42 | INFO: Extracting primitive: V04_ETP_FLOOR_MESH.001
20:49:42 | INFO: Primitives created: 1
20:49:42 | INFO: Extracting primitive: V04_ETP_HEADER_00_MESH.001
20:49:42 | INFO: Primitives created: 1
20:49:42 | INFO: Extracting primitive: V04_ETP_HEADER_01_MESH.001
20:49:42 | INFO: Primitives created: 1
20:49:42 | INFO: Extracting primitive: V04_ETP_HEADER_02_MESH.001
20:49:42 | INFO: Primitives created: 1
20:49:42 | INFO: Extracting primitive: V04_ETP_LEFT_MESH.001
20:49:42 | INFO: Primitives created: 1
20:49:42 | INFO: Extracting primitive: V04_ETP_LIGHT_00_BODY_MESH.001
20:49:42 | INFO: Primitives created: 1
20:49:42 | INFO: Extracting primitive: V04_ETP_LIGHT_00_GLOW_MESH.001
20:49:42 | INFO: Primitives created: 1
20:49:42 | INFO: Extracting primitive: V04_ETP_LIGHT_01_BODY_MESH.001
20:49:42 | INFO: Primitives created: 1
20:49:42 | INFO: Extracting primitive: V04_ETP_LIGHT_01_GLOW_MESH.001
20:49:42 | INFO: Primitives created: 1
20:49:42 | INFO: Extracting primitive: V04_ETP_LIGHT_02_BODY_MESH.001
20:49:42 | INFO: Primitives created: 1
20:49:42 | INFO: Extracting primitive: V04_ETP_LIGHT_02_GLOW_MESH.001
20:49:42 | INFO: Primitives created: 1
20:49:42 | INFO: Extracting primitive: V04_ETP_LIGHT_03_BODY_MESH.001
20:49:42 | INFO: Primitives created: 1
20:49:42 | INFO: Extracting primitive: V04_ETP_LIGHT_03_GLOW_MESH.001
20:49:42 | INFO: Primitives created: 1
20:49:42 | INFO: Extracting primitive: V04_ETP_LIGHT_04_BODY_MESH.001
20:49:42 | INFO: Primitives created: 1
20:49:42 | INFO: Extracting primitive: V04_ETP_LIGHT_04_GLOW_MESH.001
20:49:42 | INFO: Primitives created: 1
20:49:42 | INFO: Extracting primitive: V04_ETP_OPERATOR_PLATFORM_MESH.001
20:49:42 | INFO: Primitives created: 1
20:49:42 | INFO: Extracting primitive: V04_ETP_PUMP_00_MESH.001
20:49:42 | INFO: Primitives created: 1
20:49:42 | INFO: Extracting primitive: V04_ETP_PUMP_01_MESH.001
20:49:42 | INFO: Primitives created: 1
20:49:42 | INFO: Extracting primitive: V04_ETP_PUMP_02_MESH.001
20:49:42 | INFO: Primitives created: 1
20:49:42 | INFO: Extracting primitive: V04_ETP_PUMP_SKID_00_MESH.001
20:49:42 | INFO: Primitives created: 1
20:49:42 | INFO: Extracting primitive: V04_ETP_PUMP_SKID_01_MESH.001
20:49:42 | INFO: Primitives created: 1
20:49:42 | INFO: Extracting primitive: V04_ETP_PUMP_SKID_02_MESH.001
20:49:42 | INFO: Primitives created: 1
20:49:42 | INFO: Extracting primitive: V04_ETP_RIGHT_MESH.001
20:49:42 | INFO: Primitives created: 1
20:49:42 | INFO: Extracting primitive: V04_ETP_TANK_00_MESH.001
20:49:42 | INFO: Primitives created: 1
20:49:42 | INFO: Extracting primitive: V04_ETP_TANK_01_MESH.001
20:49:42 | INFO: Primitives created: 1
20:49:42 | INFO: Extracting primitive: V04_ETP_TANK_02_MESH.001
20:49:42 | INFO: Primitives created: 1
20:49:42 | INFO: Extracting primitive: V04_ETP_TANK_LID_00_MESH.001
20:49:42 | INFO: Primitives created: 1
20:49:42 | INFO: Extracting primitive: V04_ETP_TANK_LID_01_MESH.001
20:49:42 | INFO: Primitives created: 1
20:49:42 | INFO: Extracting primitive: V04_ETP_TANK_LID_02_MESH.001
20:49:42 | INFO: Primitives created: 1
20:49:42 | INFO: Extracting primitive: V04_FG_AMR_00_MESH.001
20:49:42 | INFO: Primitives created: 1
20:49:42 | INFO: Extracting primitive: V04_FG_AMR_01_MESH.001
20:49:42 | INFO: Primitives created: 1
20:49:42 | INFO: Extracting primitive: V04_FG_AMR_02_MESH.001
20:49:42 | INFO: Primitives created: 1
20:49:42 | INFO: Extracting primitive: V04_FG_AMR_WHEEL_00_MESH.001
20:49:42 | INFO: Primitives created: 1
20:49:42 | INFO: Extracting primitive: V04_FG_AMR_WHEEL_01_MESH.001
20:49:42 | INFO: Primitives created: 1
20:49:42 | INFO: Extracting primitive: V04_FG_AMR_WHEEL_02_MESH.001
20:49:42 | INFO: Primitives created: 1
20:49:42 | INFO: Extracting primitive: V04_FG_BACK_MESH.001
20:49:42 | INFO: Primitives created: 1
20:49:42 | INFO: Extracting primitive: V04_FG_DISPATCH_DESK_MESH.001
20:49:42 | INFO: Primitives created: 1
20:49:42 | INFO: Extracting primitive: V04_FG_FLOOR_MESH.001
20:49:42 | INFO: Primitives created: 1
20:49:42 | INFO: Extracting primitive: V04_FG_LEFT_MESH.001
20:49:42 | INFO: Primitives created: 1
20:49:42 | INFO: Extracting primitive: V04_FG_LIGHT_00_BODY_MESH.001
20:49:42 | INFO: Primitives created: 1
20:49:42 | INFO: Extracting primitive: V04_FG_LIGHT_00_GLOW_MESH.001
20:49:42 | INFO: Primitives created: 1
20:49:42 | INFO: Extracting primitive: V04_FG_LIGHT_01_BODY_MESH.001
20:49:42 | INFO: Primitives created: 1
20:49:42 | INFO: Extracting primitive: V04_FG_LIGHT_01_GLOW_MESH.001
20:49:42 | INFO: Primitives created: 1
20:49:42 | INFO: Extracting primitive: V04_FG_LIGHT_02_BODY_MESH.001
20:49:42 | INFO: Primitives created: 1
20:49:42 | INFO: Extracting primitive: V04_FG_LIGHT_02_GLOW_MESH.001
20:49:42 | INFO: Primitives created: 1
20:49:42 | INFO: Extracting primitive: V04_FG_LIGHT_03_BODY_MESH.001
20:49:42 | INFO: Primitives created: 1
20:49:42 | INFO: Extracting primitive: V04_FG_LIGHT_03_GLOW_MESH.001
20:49:42 | INFO: Primitives created: 1
20:49:42 | INFO: Extracting primitive: V04_FG_LIGHT_04_BODY_MESH.001
20:49:42 | INFO: Primitives created: 1
20:49:42 | INFO: Extracting primitive: V04_FG_LIGHT_04_GLOW_MESH.001
20:49:42 | INFO: Primitives created: 1
20:49:42 | INFO: Extracting primitive: V04_FG_LIGHT_05_BODY_MESH.001
20:49:42 | INFO: Primitives created: 1
20:49:42 | INFO: Extracting primitive: V04_FG_LIGHT_05_GLOW_MESH.001
20:49:42 | INFO: Primitives created: 1
20:49:42 | INFO: Extracting primitive: V04_FG_LOADING_DOCK_MESH.001
20:49:42 | INFO: Primitives created: 1
20:49:42 | INFO: Extracting primitive: V04_FG_RACK_-44_BEAM_00_MESH.001
20:49:42 | INFO: Primitives created: 1
20:49:42 | INFO: Extracting primitive: V04_FG_RACK_-44_BEAM_01_MESH.001
20:49:42 | INFO: Primitives created: 1
20:49:42 | INFO: Extracting primitive: V04_FG_RACK_-44_BEAM_02_MESH.001
20:49:42 | INFO: Primitives created: 1
20:49:42 | INFO: Extracting primitive: V04_FG_RACK_-44_LOAD_00_00_MESH.001
20:49:42 | INFO: Primitives created: 1
20:49:42 | INFO: Extracting primitive: V04_FG_RACK_-44_LOAD_00_01_MESH.001
20:49:42 | INFO: Primitives created: 1
20:49:42 | INFO: Extracting primitive: V04_FG_RACK_-44_LOAD_00_02_MESH.001
20:49:42 | INFO: Primitives created: 1
20:49:42 | INFO: Extracting primitive: V04_FG_RACK_-44_LOAD_01_00_MESH.001
20:49:42 | INFO: Primitives created: 1
20:49:42 | INFO: Extracting primitive: V04_FG_RACK_-44_LOAD_01_01_MESH.001
20:49:42 | INFO: Primitives created: 1
20:49:42 | INFO: Extracting primitive: V04_FG_RACK_-44_LOAD_01_02_MESH.001
20:49:42 | INFO: Primitives created: 1
20:49:42 | INFO: Extracting primitive: V04_FG_RACK_-44_LOAD_02_00_MESH.001
20:49:42 | INFO: Primitives created: 1
20:49:42 | INFO: Extracting primitive: V04_FG_RACK_-44_LOAD_02_01_MESH.001
20:49:42 | INFO: Primitives created: 1
20:49:42 | INFO: Extracting primitive: V04_FG_RACK_-44_LOAD_02_02_MESH.001
20:49:42 | INFO: Primitives created: 1
20:49:42 | INFO: Extracting primitive: V04_FG_RACK_-44_LOAD_03_00_MESH.001
20:49:42 | INFO: Primitives created: 1
20:49:42 | INFO: Extracting primitive: V04_FG_RACK_-44_LOAD_03_01_MESH.001
20:49:42 | INFO: Primitives created: 1
20:49:42 | INFO: Extracting primitive: V04_FG_RACK_-44_LOAD_03_02_MESH.001
20:49:42 | INFO: Primitives created: 1
20:49:42 | INFO: Extracting primitive: V04_FG_RACK_-44_LOAD_04_00_MESH.001
20:49:42 | INFO: Primitives created: 1
20:49:42 | INFO: Extracting primitive: V04_FG_RACK_-44_LOAD_04_01_MESH.001
20:49:42 | INFO: Primitives created: 1
20:49:42 | INFO: Extracting primitive: V04_FG_RACK_-44_LOAD_04_02_MESH.001
20:49:42 | INFO: Primitives created: 1
20:49:42 | INFO: Extracting primitive: V04_FG_RACK_-44_LOAD_05_00_MESH.001
20:49:42 | INFO: Primitives created: 1
20:49:42 | INFO: Extracting primitive: V04_FG_RACK_-44_LOAD_05_01_MESH.001
20:49:42 | INFO: Primitives created: 1
20:49:42 | INFO: Extracting primitive: V04_FG_RACK_-44_LOAD_05_02_MESH.001
20:49:42 | INFO: Primitives created: 1
20:49:42 | INFO: Extracting primitive: V04_FG_RACK_-44_LOAD_06_00_MESH.001
20:49:42 | INFO: Primitives created: 1
20:49:42 | INFO: Extracting primitive: V04_FG_RACK_-44_LOAD_06_01_MESH.001
20:49:42 | INFO: Primitives created: 1
20:49:42 | INFO: Extracting primitive: V04_FG_RACK_-44_LOAD_06_02_MESH.001
20:49:42 | INFO: Primitives created: 1
20:49:42 | INFO: Extracting primitive: V04_FG_RACK_-44_LOAD_07_00_MESH.001
20:49:42 | INFO: Primitives created: 1
20:49:42 | INFO: Extracting primitive: V04_FG_RACK_-44_LOAD_07_01_MESH.001
20:49:42 | INFO: Primitives created: 1
20:49:42 | INFO: Extracting primitive: V04_FG_RACK_-44_LOAD_07_02_MESH.001
20:49:42 | INFO: Primitives created: 1
20:49:42 | INFO: Extracting primitive: V04_FG_RACK_-44_LOAD_08_00_MESH.001
20:49:42 | INFO: Primitives created: 1
20:49:42 | INFO: Extracting primitive: V04_FG_RACK_-44_LOAD_08_01_MESH.001
20:49:42 | INFO: Primitives created: 1
20:49:42 | INFO: Extracting primitive: V04_FG_RACK_-44_LOAD_08_02_MESH.001
20:49:42 | INFO: Primitives created: 1
20:49:42 | INFO: Extracting primitive: V04_FG_RACK_-44_PALLET_00_00_MESH.001
20:49:42 | INFO: Primitives created: 1
20:49:42 | INFO: Extracting primitive: V04_FG_RACK_-44_PALLET_00_01_MESH.001
20:49:42 | INFO: Primitives created: 1
20:49:42 | INFO: Extracting primitive: V04_FG_RACK_-44_PALLET_00_02_MESH.001
20:49:42 | INFO: Primitives created: 1
20:49:42 | INFO: Extracting primitive: V04_FG_RACK_-44_PALLET_01_00_MESH.001
20:49:42 | INFO: Primitives created: 1
20:49:42 | INFO: Extracting primitive: V04_FG_RACK_-44_PALLET_01_01_MESH.001
20:49:42 | INFO: Primitives created: 1
20:49:42 | INFO: Extracting primitive: V04_FG_RACK_-44_PALLET_01_02_MESH.001
20:49:42 | INFO: Primitives created: 1
20:49:42 | INFO: Extracting primitive: V04_FG_RACK_-44_PALLET_02_00_MESH.001
20:49:42 | INFO: Primitives created: 1
20:49:42 | INFO: Extracting primitive: V04_FG_RACK_-44_PALLET_02_01_MESH.001
20:49:42 | INFO: Primitives created: 1
20:49:42 | INFO: Extracting primitive: V04_FG_RACK_-44_PALLET_02_02_MESH.001
20:49:42 | INFO: Primitives created: 1
20:49:42 | INFO: Extracting primitive: V04_FG_RACK_-44_PALLET_03_00_MESH.001
20:49:42 | INFO: Primitives created: 1
20:49:42 | INFO: Extracting primitive: V04_FG_RACK_-44_PALLET_03_01_MESH.001
20:49:42 | INFO: Primitives created: 1
20:49:42 | INFO: Extracting primitive: V04_FG_RACK_-44_PALLET_03_02_MESH.001
20:49:42 | INFO: Primitives created: 1
20:49:42 | INFO: Extracting primitive: V04_FG_RACK_-44_PALLET_04_00_MESH.001
20:49:42 | INFO: Primitives created: 1
20:49:42 | INFO: Extracting primitive: V04_FG_RACK_-44_PALLET_04_01_MESH.001
20:49:42 | INFO: Primitives created: 1
20:49:42 | INFO: Extracting primitive: V04_FG_RACK_-44_PALLET_04_02_MESH.001
20:49:42 | INFO: Primitives created: 1
20:49:42 | INFO: Extracting primitive: V04_FG_RACK_-44_PALLET_05_00_MESH.001
20:49:42 | INFO: Primitives created: 1
20:49:42 | INFO: Extracting primitive: V04_FG_RACK_-44_PALLET_05_01_MESH.001
20:49:42 | INFO: Primitives created: 1
20:49:42 | INFO: Extracting primitive: V04_FG_RACK_-44_PALLET_05_02_MESH.001
20:49:42 | INFO: Primitives created: 1
20:49:42 | INFO: Extracting primitive: V04_FG_RACK_-44_PALLET_06_00_MESH.001
20:49:42 | INFO: Primitives created: 1
20:49:42 | INFO: Extracting primitive: V04_FG_RACK_-44_PALLET_06_01_MESH.001
20:49:42 | INFO: Primitives created: 1
20:49:42 | INFO: Extracting primitive: V04_FG_RACK_-44_PALLET_06_02_MESH.001
20:49:42 | INFO: Primitives created: 1
20:49:42 | INFO: Extracting primitive: V04_FG_RACK_-44_PALLET_07_00_MESH.001
20:49:42 | INFO: Primitives created: 1
20:49:42 | INFO: Extracting primitive: V04_FG_RACK_-44_PALLET_07_01_MESH.001
20:49:42 | INFO: Primitives created: 1
20:49:42 | INFO: Extracting primitive: V04_FG_RACK_-44_PALLET_07_02_MESH.001
20:49:42 | INFO: Primitives created: 1
20:49:42 | INFO: Extracting primitive: V04_FG_RACK_-44_PALLET_08_00_MESH.001
20:49:42 | INFO: Primitives created: 1
20:49:42 | INFO: Extracting primitive: V04_FG_RACK_-44_PALLET_08_01_MESH.001
20:49:42 | INFO: Primitives created: 1
20:49:42 | INFO: Extracting primitive: V04_FG_RACK_-44_PALLET_08_02_MESH.001
20:49:42 | INFO: Primitives created: 1
20:49:42 | INFO: Extracting primitive: V04_FG_RACK_-44_UPRIGHT_00_00_MESH.001
20:49:42 | INFO: Primitives created: 1
20:49:42 | INFO: Extracting primitive: V04_FG_RACK_-44_UPRIGHT_00_01_MESH.001
20:49:42 | INFO: Primitives created: 1
20:49:42 | INFO: Extracting primitive: V04_FG_RACK_-44_UPRIGHT_00_02_MESH.001
20:49:42 | INFO: Primitives created: 1
20:49:42 | INFO: Extracting primitive: V04_FG_RACK_-44_UPRIGHT_01_00_MESH.001
20:49:42 | INFO: Primitives created: 1
20:49:42 | INFO: Extracting primitive: V04_FG_RACK_-44_UPRIGHT_01_01_MESH.001
20:49:42 | INFO: Primitives created: 1
20:49:42 | INFO: Extracting primitive: V04_FG_RACK_-44_UPRIGHT_01_02_MESH.001
20:49:42 | INFO: Primitives created: 1
20:49:42 | INFO: Extracting primitive: V04_FG_RACK_-44_UPRIGHT_02_00_MESH.001
20:49:42 | INFO: Primitives created: 1
20:49:42 | INFO: Extracting primitive: V04_FG_RACK_-44_UPRIGHT_02_01_MESH.001
20:49:42 | INFO: Primitives created: 1
20:49:42 | INFO: Extracting primitive: V04_FG_RACK_-44_UPRIGHT_02_02_MESH.001
20:49:42 | INFO: Primitives created: 1
20:49:42 | INFO: Extracting primitive: V04_FG_RACK_-44_UPRIGHT_03_00_MESH.001
20:49:42 | INFO: Primitives created: 1
20:49:42 | INFO: Extracting primitive: V04_FG_RACK_-44_UPRIGHT_03_01_MESH.001
20:49:42 | INFO: Primitives created: 1
20:49:42 | INFO: Extracting primitive: V04_FG_RACK_-44_UPRIGHT_03_02_MESH.001
20:49:42 | INFO: Primitives created: 1
20:49:42 | INFO: Extracting primitive: V04_FG_RACK_-44_UPRIGHT_04_00_MESH.001
20:49:42 | INFO: Primitives created: 1
20:49:42 | INFO: Extracting primitive: V04_FG_RACK_-44_UPRIGHT_04_01_MESH.001
20:49:42 | INFO: Primitives created: 1
20:49:42 | INFO: Extracting primitive: V04_FG_RACK_-44_UPRIGHT_04_02_MESH.001
20:49:42 | INFO: Primitives created: 1
20:49:42 | INFO: Extracting primitive: V04_FG_RACK_-44_UPRIGHT_05_00_MESH.001
20:49:42 | INFO: Primitives created: 1
20:49:42 | INFO: Extracting primitive: V04_FG_RACK_-44_UPRIGHT_05_01_MESH.001
20:49:42 | INFO: Primitives created: 1
20:49:42 | INFO: Extracting primitive: V04_FG_RACK_-44_UPRIGHT_05_02_MESH.001
20:49:42 | INFO: Primitives created: 1
20:49:42 | INFO: Extracting primitive: V04_FG_RACK_-44_UPRIGHT_06_00_MESH.001
20:49:42 | INFO: Primitives created: 1
20:49:42 | INFO: Extracting primitive: V04_FG_RACK_-44_UPRIGHT_06_01_MESH.001
20:49:42 | INFO: Primitives created: 1
20:49:42 | INFO: Extracting primitive: V04_FG_RACK_-44_UPRIGHT_06_02_MESH.001
20:49:42 | INFO: Primitives created: 1
20:49:42 | INFO: Extracting primitive: V04_FG_RACK_-44_UPRIGHT_07_00_MESH.001
20:49:42 | INFO: Primitives created: 1
20:49:42 | INFO: Extracting primitive: V04_FG_RACK_-44_UPRIGHT_07_01_MESH.001
20:49:42 | INFO: Primitives created: 1
20:49:42 | INFO: Extracting primitive: V04_FG_RACK_-44_UPRIGHT_07_02_MESH.001
20:49:42 | INFO: Primitives created: 1
20:49:42 | INFO: Extracting primitive: V04_FG_RACK_-44_UPRIGHT_08_00_MESH.001
20:49:42 | INFO: Primitives created: 1
20:49:42 | INFO: Extracting primitive: V04_FG_RACK_-44_UPRIGHT_08_01_MESH.001
20:49:42 | INFO: Primitives created: 1
20:49:42 | INFO: Extracting primitive: V04_FG_RACK_-44_UPRIGHT_08_02_MESH.001
20:49:42 | INFO: Primitives created: 1
20:49:42 | INFO: Extracting primitive: V04_FG_RACK_-51_BEAM_00_MESH.001
20:49:42 | INFO: Primitives created: 1
20:49:42 | INFO: Extracting primitive: V04_FG_RACK_-51_BEAM_01_MESH.001
20:49:42 | INFO: Primitives created: 1
20:49:42 | INFO: Extracting primitive: V04_FG_RACK_-51_BEAM_02_MESH.001
20:49:42 | INFO: Primitives created: 1
20:49:42 | INFO: Extracting primitive: V04_FG_RACK_-51_LOAD_00_00_MESH.001
20:49:42 | INFO: Primitives created: 1
20:49:42 | INFO: Extracting primitive: V04_FG_RACK_-51_LOAD_00_01_MESH.001
20:49:42 | INFO: Primitives created: 1
20:49:42 | INFO: Extracting primitive: V04_FG_RACK_-51_LOAD_00_02_MESH.001
20:49:42 | INFO: Primitives created: 1
20:49:42 | INFO: Extracting primitive: V04_FG_RACK_-51_LOAD_01_00_MESH.001
20:49:42 | INFO: Primitives created: 1
20:49:42 | INFO: Extracting primitive: V04_FG_RACK_-51_LOAD_01_01_MESH.001
20:49:42 | INFO: Primitives created: 1
20:49:42 | INFO: Extracting primitive: V04_FG_RACK_-51_LOAD_01_02_MESH.001
20:49:42 | INFO: Primitives created: 1
20:49:42 | INFO: Extracting primitive: V04_FG_RACK_-51_LOAD_02_00_MESH.001
20:49:42 | INFO: Primitives created: 1
20:49:42 | INFO: Extracting primitive: V04_FG_RACK_-51_LOAD_02_01_MESH.001
20:49:42 | INFO: Primitives created: 1
20:49:42 | INFO: Extracting primitive: V04_FG_RACK_-51_LOAD_02_02_MESH.001
20:49:42 | INFO: Primitives created: 1
20:49:42 | INFO: Extracting primitive: V04_FG_RACK_-51_LOAD_03_00_MESH.001
20:49:42 | INFO: Primitives created: 1
20:49:42 | INFO: Extracting primitive: V04_FG_RACK_-51_LOAD_03_01_MESH.001
20:49:42 | INFO: Primitives created: 1
20:49:42 | INFO: Extracting primitive: V04_FG_RACK_-51_LOAD_03_02_MESH.001
20:49:42 | INFO: Primitives created: 1
20:49:42 | INFO: Extracting primitive: V04_FG_RACK_-51_LOAD_04_00_MESH.001
20:49:42 | INFO: Primitives created: 1
20:49:42 | INFO: Extracting primitive: V04_FG_RACK_-51_LOAD_04_01_MESH.001
20:49:42 | INFO: Primitives created: 1
20:49:42 | INFO: Extracting primitive: V04_FG_RACK_-51_LOAD_04_02_MESH.001
20:49:42 | INFO: Primitives created: 1
20:49:42 | INFO: Extracting primitive: V04_FG_RACK_-51_LOAD_05_00_MESH.001
20:49:42 | INFO: Primitives created: 1
20:49:42 | INFO: Extracting primitive: V04_FG_RACK_-51_LOAD_05_01_MESH.001
20:49:42 | INFO: Primitives created: 1
20:49:42 | INFO: Extracting primitive: V04_FG_RACK_-51_LOAD_05_02_MESH.001
20:49:42 | INFO: Primitives created: 1
20:49:42 | INFO: Extracting primitive: V04_FG_RACK_-51_LOAD_06_00_MESH.001
20:49:42 | INFO: Primitives created: 1
20:49:42 | INFO: Extracting primitive: V04_FG_RACK_-51_LOAD_06_01_MESH.001
20:49:42 | INFO: Primitives created: 1
20:49:42 | INFO: Extracting primitive: V04_FG_RACK_-51_LOAD_06_02_MESH.001
20:49:42 | INFO: Primitives created: 1
20:49:42 | INFO: Extracting primitive: V04_FG_RACK_-51_LOAD_07_00_MESH.001
20:49:42 | INFO: Primitives created: 1
20:49:42 | INFO: Extracting primitive: V04_FG_RACK_-51_LOAD_07_01_MESH.001
20:49:42 | INFO: Primitives created: 1
20:49:42 | INFO: Extracting primitive: V04_FG_RACK_-51_LOAD_07_02_MESH.001
20:49:42 | INFO: Primitives created: 1
20:49:42 | INFO: Extracting primitive: V04_FG_RACK_-51_LOAD_08_00_MESH.001
20:49:42 | INFO: Primitives created: 1
20:49:42 | INFO: Extracting primitive: V04_FG_RACK_-51_LOAD_08_01_MESH.001
20:49:42 | INFO: Primitives created: 1
20:49:42 | INFO: Extracting primitive: V04_FG_RACK_-51_LOAD_08_02_MESH.001
20:49:42 | INFO: Primitives created: 1
20:49:42 | INFO: Extracting primitive: V04_FG_RACK_-51_PALLET_00_00_MESH.001
20:49:42 | INFO: Primitives created: 1
20:49:42 | INFO: Extracting primitive: V04_FG_RACK_-51_PALLET_00_01_MESH.001
20:49:42 | INFO: Primitives created: 1
20:49:42 | INFO: Extracting primitive: V04_FG_RACK_-51_PALLET_00_02_MESH.001
20:49:42 | INFO: Primitives created: 1
20:49:42 | INFO: Extracting primitive: V04_FG_RACK_-51_PALLET_01_00_MESH.001
20:49:42 | INFO: Primitives created: 1
20:49:42 | INFO: Extracting primitive: V04_FG_RACK_-51_PALLET_01_01_MESH.001
20:49:42 | INFO: Primitives created: 1
20:49:42 | INFO: Extracting primitive: V04_FG_RACK_-51_PALLET_01_02_MESH.001
20:49:42 | INFO: Primitives created: 1
20:49:42 | INFO: Extracting primitive: V04_FG_RACK_-51_PALLET_02_00_MESH.001
20:49:42 | INFO: Primitives created: 1
20:49:42 | INFO: Extracting primitive: V04_FG_RACK_-51_PALLET_02_01_MESH.001
20:49:42 | INFO: Primitives created: 1
20:49:42 | INFO: Extracting primitive: V04_FG_RACK_-51_PALLET_02_02_MESH.001
20:49:42 | INFO: Primitives created: 1
20:49:42 | INFO: Extracting primitive: V04_FG_RACK_-51_PALLET_03_00_MESH.001
20:49:42 | INFO: Primitives created: 1
20:49:42 | INFO: Extracting primitive: V04_FG_RACK_-51_PALLET_03_01_MESH.001
20:49:42 | INFO: Primitives created: 1
20:49:42 | INFO: Extracting primitive: V04_FG_RACK_-51_PALLET_03_02_MESH.001
20:49:42 | INFO: Primitives created: 1
20:49:42 | INFO: Extracting primitive: V04_FG_RACK_-51_PALLET_04_00_MESH.001
20:49:42 | INFO: Primitives created: 1
20:49:42 | INFO: Extracting primitive: V04_FG_RACK_-51_PALLET_04_01_MESH.001
20:49:42 | INFO: Primitives created: 1
20:49:42 | INFO: Extracting primitive: V04_FG_RACK_-51_PALLET_04_02_MESH.001
20:49:42 | INFO: Primitives created: 1
20:49:42 | INFO: Extracting primitive: V04_FG_RACK_-51_PALLET_05_00_MESH.001
20:49:42 | INFO: Primitives created: 1
20:49:42 | INFO: Extracting primitive: V04_FG_RACK_-51_PALLET_05_01_MESH.001
20:49:42 | INFO: Primitives created: 1
20:49:42 | INFO: Extracting primitive: V04_FG_RACK_-51_PALLET_05_02_MESH.001
20:49:42 | INFO: Primitives created: 1
20:49:42 | INFO: Extracting primitive: V04_FG_RACK_-51_PALLET_06_00_MESH.001
20:49:42 | INFO: Primitives created: 1
20:49:42 | INFO: Extracting primitive: V04_FG_RACK_-51_PALLET_06_01_MESH.001
20:49:42 | INFO: Primitives created: 1
20:49:42 | INFO: Extracting primitive: V04_FG_RACK_-51_PALLET_06_02_MESH.001
20:49:42 | INFO: Primitives created: 1
20:49:42 | INFO: Extracting primitive: V04_FG_RACK_-51_PALLET_07_00_MESH.001
20:49:42 | INFO: Primitives created: 1
20:49:42 | INFO: Extracting primitive: V04_FG_RACK_-51_PALLET_07_01_MESH.001
20:49:42 | INFO: Primitives created: 1
20:49:42 | INFO: Extracting primitive: V04_FG_RACK_-51_PALLET_07_02_MESH.001
20:49:42 | INFO: Primitives created: 1
20:49:42 | INFO: Extracting primitive: V04_FG_RACK_-51_PALLET_08_00_MESH.001
20:49:42 | INFO: Primitives created: 1
20:49:42 | INFO: Extracting primitive: V04_FG_RACK_-51_PALLET_08_01_MESH.001
20:49:42 | INFO: Primitives created: 1
20:49:42 | INFO: Extracting primitive: V04_FG_RACK_-51_PALLET_08_02_MESH.001
20:49:42 | INFO: Primitives created: 1
20:49:42 | INFO: Extracting primitive: V04_FG_RACK_-51_UPRIGHT_00_00_MESH.001
20:49:42 | INFO: Primitives created: 1
20:49:42 | INFO: Extracting primitive: V04_FG_RACK_-51_UPRIGHT_00_01_MESH.001
20:49:42 | INFO: Primitives created: 1
20:49:42 | INFO: Extracting primitive: V04_FG_RACK_-51_UPRIGHT_00_02_MESH.001
20:49:42 | INFO: Primitives created: 1
20:49:42 | INFO: Extracting primitive: V04_FG_RACK_-51_UPRIGHT_01_00_MESH.001
20:49:42 | INFO: Primitives created: 1
20:49:42 | INFO: Extracting primitive: V04_FG_RACK_-51_UPRIGHT_01_01_MESH.001
20:49:42 | INFO: Primitives created: 1
20:49:42 | INFO: Extracting primitive: V04_FG_RACK_-51_UPRIGHT_01_02_MESH.001
20:49:42 | INFO: Primitives created: 1
20:49:42 | INFO: Extracting primitive: V04_FG_RACK_-51_UPRIGHT_02_00_MESH.001
20:49:42 | INFO: Primitives created: 1
20:49:42 | INFO: Extracting primitive: V04_FG_RACK_-51_UPRIGHT_02_01_MESH.001
20:49:42 | INFO: Primitives created: 1
20:49:42 | INFO: Extracting primitive: V04_FG_RACK_-51_UPRIGHT_02_02_MESH.001
20:49:42 | INFO: Primitives created: 1
20:49:42 | INFO: Extracting primitive: V04_FG_RACK_-51_UPRIGHT_03_00_MESH.001
20:49:42 | INFO: Primitives created: 1
20:49:42 | INFO: Extracting primitive: V04_FG_RACK_-51_UPRIGHT_03_01_MESH.001
20:49:42 | INFO: Primitives created: 1
20:49:42 | INFO: Extracting primitive: V04_FG_RACK_-51_UPRIGHT_03_02_MESH.001
20:49:42 | INFO: Primitives created: 1
20:49:42 | INFO: Extracting primitive: V04_FG_RACK_-51_UPRIGHT_04_00_MESH.001
20:49:42 | INFO: Primitives created: 1
20:49:42 | INFO: Extracting primitive: V04_FG_RACK_-51_UPRIGHT_04_01_MESH.001
20:49:42 | INFO: Primitives created: 1
20:49:42 | INFO: Extracting primitive: V04_FG_RACK_-51_UPRIGHT_04_02_MESH.001
20:49:42 | INFO: Primitives created: 1
20:49:42 | INFO: Extracting primitive: V04_FG_RACK_-51_UPRIGHT_05_00_MESH.001
20:49:42 | INFO: Primitives created: 1
20:49:42 | INFO: Extracting primitive: V04_FG_RACK_-51_UPRIGHT_05_01_MESH.001
20:49:42 | INFO: Primitives created: 1
20:49:42 | INFO: Extracting primitive: V04_FG_RACK_-51_UPRIGHT_05_02_MESH.001
20:49:42 | INFO: Primitives created: 1
20:49:42 | INFO: Extracting primitive: V04_FG_RACK_-51_UPRIGHT_06_00_MESH.001
20:49:42 | INFO: Primitives created: 1
20:49:42 | INFO: Extracting primitive: V04_FG_RACK_-51_UPRIGHT_06_01_MESH.001
20:49:42 | INFO: Primitives created: 1
20:49:42 | INFO: Extracting primitive: V04_FG_RACK_-51_UPRIGHT_06_02_MESH.001
20:49:42 | INFO: Primitives created: 1
20:49:42 | INFO: Extracting primitive: V04_FG_RACK_-51_UPRIGHT_07_00_MESH.001
20:49:42 | INFO: Primitives created: 1
20:49:42 | INFO: Extracting primitive: V04_FG_RACK_-51_UPRIGHT_07_01_MESH.001
20:49:42 | INFO: Primitives created: 1
20:49:42 | INFO: Extracting primitive: V04_FG_RACK_-51_UPRIGHT_07_02_MESH.001
20:49:42 | INFO: Primitives created: 1
20:49:42 | INFO: Extracting primitive: V04_FG_RACK_-51_UPRIGHT_08_00_MESH.001
20:49:42 | INFO: Primitives created: 1
20:49:42 | INFO: Extracting primitive: V04_FG_RACK_-51_UPRIGHT_08_01_MESH.001
20:49:42 | INFO: Primitives created: 1
20:49:42 | INFO: Extracting primitive: V04_FG_RACK_-51_UPRIGHT_08_02_MESH.001
20:49:42 | INFO: Primitives created: 1
20:49:42 | INFO: Extracting primitive: V04_FG_RACK_-58_BEAM_00_MESH.001
20:49:42 | INFO: Primitives created: 1
20:49:42 | INFO: Extracting primitive: V04_FG_RACK_-58_BEAM_01_MESH.001
20:49:42 | INFO: Primitives created: 1
20:49:42 | INFO: Extracting primitive: V04_FG_RACK_-58_BEAM_02_MESH.001
20:49:42 | INFO: Primitives created: 1
20:49:42 | INFO: Extracting primitive: V04_FG_RACK_-58_LOAD_00_00_MESH.001
20:49:42 | INFO: Primitives created: 1
20:49:42 | INFO: Extracting primitive: V04_FG_RACK_-58_LOAD_00_01_MESH.001
20:49:42 | INFO: Primitives created: 1
20:49:42 | INFO: Extracting primitive: V04_FG_RACK_-58_LOAD_00_02_MESH.001
20:49:42 | INFO: Primitives created: 1
20:49:42 | INFO: Extracting primitive: V04_FG_RACK_-58_LOAD_01_00_MESH.001
20:49:42 | INFO: Primitives created: 1
20:49:42 | INFO: Extracting primitive: V04_FG_RACK_-58_LOAD_01_01_MESH.001
20:49:42 | INFO: Primitives created: 1
20:49:42 | INFO: Extracting primitive: V04_FG_RACK_-58_LOAD_01_02_MESH.001
20:49:42 | INFO: Primitives created: 1
20:49:42 | INFO: Extracting primitive: V04_FG_RACK_-58_LOAD_02_00_MESH.001
20:49:42 | INFO: Primitives created: 1
20:49:42 | INFO: Extracting primitive: V04_FG_RACK_-58_LOAD_02_01_MESH.001
20:49:42 | INFO: Primitives created: 1
20:49:42 | INFO: Extracting primitive: V04_FG_RACK_-58_LOAD_02_02_MESH.001
20:49:42 | INFO: Primitives created: 1
20:49:42 | INFO: Extracting primitive: V04_FG_RACK_-58_LOAD_03_00_MESH.001
20:49:42 | INFO: Primitives created: 1
20:49:42 | INFO: Extracting primitive: V04_FG_RACK_-58_LOAD_03_01_MESH.001
20:49:42 | INFO: Primitives created: 1
20:49:42 | INFO: Extracting primitive: V04_FG_RACK_-58_LOAD_03_02_MESH.001
20:49:42 | INFO: Primitives created: 1
20:49:42 | INFO: Extracting primitive: V04_FG_RACK_-58_LOAD_04_00_MESH.001
20:49:42 | INFO: Primitives created: 1
20:49:42 | INFO: Extracting primitive: V04_FG_RACK_-58_LOAD_04_01_MESH.001
20:49:42 | INFO: Primitives created: 1
20:49:42 | INFO: Extracting primitive: V04_FG_RACK_-58_LOAD_04_02_MESH.001
20:49:42 | INFO: Primitives created: 1
20:49:42 | INFO: Extracting primitive: V04_FG_RACK_-58_LOAD_05_00_MESH.001
20:49:42 | INFO: Primitives created: 1
20:49:42 | INFO: Extracting primitive: V04_FG_RACK_-58_LOAD_05_01_MESH.001
20:49:42 | INFO: Primitives created: 1
20:49:42 | INFO: Extracting primitive: V04_FG_RACK_-58_LOAD_05_02_MESH.001
20:49:42 | INFO: Primitives created: 1
20:49:42 | INFO: Extracting primitive: V04_FG_RACK_-58_LOAD_06_00_MESH.001
20:49:42 | INFO: Primitives created: 1
20:49:42 | INFO: Extracting primitive: V04_FG_RACK_-58_LOAD_06_01_MESH.001
20:49:42 | INFO: Primitives created: 1
20:49:42 | INFO: Extracting primitive: V04_FG_RACK_-58_LOAD_06_02_MESH.001
20:49:42 | INFO: Primitives created: 1
20:49:42 | INFO: Extracting primitive: V04_FG_RACK_-58_LOAD_07_00_MESH.001
20:49:42 | INFO: Primitives created: 1
20:49:42 | INFO: Extracting primitive: V04_FG_RACK_-58_LOAD_07_01_MESH.001
20:49:42 | INFO: Primitives created: 1
20:49:42 | INFO: Extracting primitive: V04_FG_RACK_-58_LOAD_07_02_MESH.001
20:49:42 | INFO: Primitives created: 1
20:49:42 | INFO: Extracting primitive: V04_FG_RACK_-58_LOAD_08_00_MESH.001
20:49:42 | INFO: Primitives created: 1
20:49:42 | INFO: Extracting primitive: V04_FG_RACK_-58_LOAD_08_01_MESH.001
20:49:42 | INFO: Primitives created: 1
20:49:42 | INFO: Extracting primitive: V04_FG_RACK_-58_LOAD_08_02_MESH.001
20:49:42 | INFO: Primitives created: 1
20:49:42 | INFO: Extracting primitive: V04_FG_RACK_-58_PALLET_00_00_MESH.001
20:49:42 | INFO: Primitives created: 1
20:49:42 | INFO: Extracting primitive: V04_FG_RACK_-58_PALLET_00_01_MESH.001
20:49:42 | INFO: Primitives created: 1
20:49:42 | INFO: Extracting primitive: V04_FG_RACK_-58_PALLET_00_02_MESH.001
20:49:42 | INFO: Primitives created: 1
20:49:42 | INFO: Extracting primitive: V04_FG_RACK_-58_PALLET_01_00_MESH.001
20:49:42 | INFO: Primitives created: 1
20:49:42 | INFO: Extracting primitive: V04_FG_RACK_-58_PALLET_01_01_MESH.001
20:49:42 | INFO: Primitives created: 1
20:49:42 | INFO: Extracting primitive: V04_FG_RACK_-58_PALLET_01_02_MESH.001
20:49:42 | INFO: Primitives created: 1
20:49:42 | INFO: Extracting primitive: V04_FG_RACK_-58_PALLET_02_00_MESH.001
20:49:42 | INFO: Primitives created: 1
20:49:42 | INFO: Extracting primitive: V04_FG_RACK_-58_PALLET_02_01_MESH.001
20:49:42 | INFO: Primitives created: 1
20:49:42 | INFO: Extracting primitive: V04_FG_RACK_-58_PALLET_02_02_MESH.001
20:49:42 | INFO: Primitives created: 1
20:49:42 | INFO: Extracting primitive: V04_FG_RACK_-58_PALLET_03_00_MESH.001
20:49:42 | INFO: Primitives created: 1
20:49:42 | INFO: Extracting primitive: V04_FG_RACK_-58_PALLET_03_01_MESH.001
20:49:42 | INFO: Primitives created: 1
20:49:42 | INFO: Extracting primitive: V04_FG_RACK_-58_PALLET_03_02_MESH.001
20:49:42 | INFO: Primitives created: 1
20:49:42 | INFO: Extracting primitive: V04_FG_RACK_-58_PALLET_04_00_MESH.001
20:49:42 | INFO: Primitives created: 1
20:49:42 | INFO: Extracting primitive: V04_FG_RACK_-58_PALLET_04_01_MESH.001
20:49:42 | INFO: Primitives created: 1
20:49:42 | INFO: Extracting primitive: V04_FG_RACK_-58_PALLET_04_02_MESH.001
20:49:42 | INFO: Primitives created: 1
20:49:42 | INFO: Extracting primitive: V04_FG_RACK_-58_PALLET_05_00_MESH.001
20:49:42 | INFO: Primitives created: 1
20:49:42 | INFO: Extracting primitive: V04_FG_RACK_-58_PALLET_05_01_MESH.001
20:49:42 | INFO: Primitives created: 1
20:49:42 | INFO: Extracting primitive: V04_FG_RACK_-58_PALLET_05_02_MESH.001
20:49:42 | INFO: Primitives created: 1
20:49:42 | INFO: Extracting primitive: V04_FG_RACK_-58_PALLET_06_00_MESH.001
20:49:42 | INFO: Primitives created: 1
20:49:42 | INFO: Extracting primitive: V04_FG_RACK_-58_PALLET_06_01_MESH.001
20:49:42 | INFO: Primitives created: 1
20:49:42 | INFO: Extracting primitive: V04_FG_RACK_-58_PALLET_06_02_MESH.001
20:49:42 | INFO: Primitives created: 1
20:49:42 | INFO: Extracting primitive: V04_FG_RACK_-58_PALLET_07_00_MESH.001
20:49:42 | INFO: Primitives created: 1
20:49:42 | INFO: Extracting primitive: V04_FG_RACK_-58_PALLET_07_01_MESH.001
20:49:42 | INFO: Primitives created: 1
20:49:42 | INFO: Extracting primitive: V04_FG_RACK_-58_PALLET_07_02_MESH.001
20:49:42 | INFO: Primitives created: 1
20:49:42 | INFO: Extracting primitive: V04_FG_RACK_-58_PALLET_08_00_MESH.001
20:49:42 | INFO: Primitives created: 1
20:49:42 | INFO: Extracting primitive: V04_FG_RACK_-58_PALLET_08_01_MESH.001
20:49:42 | INFO: Primitives created: 1
20:49:42 | INFO: Extracting primitive: V04_FG_RACK_-58_PALLET_08_02_MESH.001
20:49:42 | INFO: Primitives created: 1
20:49:42 | INFO: Extracting primitive: V04_FG_RACK_-58_UPRIGHT_00_00_MESH.001
20:49:42 | INFO: Primitives created: 1
20:49:42 | INFO: Extracting primitive: V04_FG_RACK_-58_UPRIGHT_00_01_MESH.001
20:49:42 | INFO: Primitives created: 1
20:49:42 | INFO: Extracting primitive: V04_FG_RACK_-58_UPRIGHT_00_02_MESH.001
20:49:42 | INFO: Primitives created: 1
20:49:42 | INFO: Extracting primitive: V04_FG_RACK_-58_UPRIGHT_01_00_MESH.001
20:49:42 | INFO: Primitives created: 1
20:49:42 | INFO: Extracting primitive: V04_FG_RACK_-58_UPRIGHT_01_01_MESH.001
20:49:42 | INFO: Primitives created: 1
20:49:42 | INFO: Extracting primitive: V04_FG_RACK_-58_UPRIGHT_01_02_MESH.001
20:49:42 | INFO: Primitives created: 1
20:49:42 | INFO: Extracting primitive: V04_FG_RACK_-58_UPRIGHT_02_00_MESH.001
20:49:42 | INFO: Primitives created: 1
20:49:42 | INFO: Extracting primitive: V04_FG_RACK_-58_UPRIGHT_02_01_MESH.001
20:49:42 | INFO: Primitives created: 1
20:49:42 | INFO: Extracting primitive: V04_FG_RACK_-58_UPRIGHT_02_02_MESH.001
20:49:42 | INFO: Primitives created: 1
20:49:42 | INFO: Extracting primitive: V04_FG_RACK_-58_UPRIGHT_03_00_MESH.001
20:49:42 | INFO: Primitives created: 1
20:49:42 | INFO: Extracting primitive: V04_FG_RACK_-58_UPRIGHT_03_01_MESH.001
20:49:42 | INFO: Primitives created: 1
20:49:42 | INFO: Extracting primitive: V04_FG_RACK_-58_UPRIGHT_03_02_MESH.001
20:49:42 | INFO: Primitives created: 1
20:49:42 | INFO: Extracting primitive: V04_FG_RACK_-58_UPRIGHT_04_00_MESH.001
20:49:42 | INFO: Primitives created: 1
20:49:42 | INFO: Extracting primitive: V04_FG_RACK_-58_UPRIGHT_04_01_MESH.001
20:49:42 | INFO: Primitives created: 1
20:49:42 | INFO: Extracting primitive: V04_FG_RACK_-58_UPRIGHT_04_02_MESH.001
20:49:42 | INFO: Primitives created: 1
20:49:42 | INFO: Extracting primitive: V04_FG_RACK_-58_UPRIGHT_05_00_MESH.001
20:49:42 | INFO: Primitives created: 1
20:49:42 | INFO: Extracting primitive: V04_FG_RACK_-58_UPRIGHT_05_01_MESH.001
20:49:42 | INFO: Primitives created: 1
20:49:42 | INFO: Extracting primitive: V04_FG_RACK_-58_UPRIGHT_05_02_MESH.001
20:49:42 | INFO: Primitives created: 1
20:49:42 | INFO: Extracting primitive: V04_FG_RACK_-58_UPRIGHT_06_00_MESH.001
20:49:42 | INFO: Primitives created: 1
20:49:42 | INFO: Extracting primitive: V04_FG_RACK_-58_UPRIGHT_06_01_MESH.001
20:49:42 | INFO: Primitives created: 1
20:49:42 | INFO: Extracting primitive: V04_FG_RACK_-58_UPRIGHT_06_02_MESH.001
20:49:42 | INFO: Primitives created: 1
20:49:42 | INFO: Extracting primitive: V04_FG_RACK_-58_UPRIGHT_07_00_MESH.001
20:49:42 | INFO: Primitives created: 1
20:49:42 | INFO: Extracting primitive: V04_FG_RACK_-58_UPRIGHT_07_01_MESH.001
20:49:42 | INFO: Primitives created: 1
20:49:42 | INFO: Extracting primitive: V04_FG_RACK_-58_UPRIGHT_07_02_MESH.001
20:49:42 | INFO: Primitives created: 1
20:49:42 | INFO: Extracting primitive: V04_FG_RACK_-58_UPRIGHT_08_00_MESH.001
20:49:42 | INFO: Primitives created: 1
20:49:42 | INFO: Extracting primitive: V04_FG_RACK_-58_UPRIGHT_08_01_MESH.001
20:49:42 | INFO: Primitives created: 1
20:49:42 | INFO: Extracting primitive: V04_FG_RACK_-58_UPRIGHT_08_02_MESH.001
20:49:42 | INFO: Primitives created: 1
20:49:42 | INFO: Extracting primitive: V04_FG_RIGHT_MESH.001
20:49:42 | INFO: Primitives created: 1
20:49:42 | INFO: Extracting primitive: V04_FG_STAGE_CASE_00_MESH.001
20:49:42 | INFO: Primitives created: 1
20:49:42 | INFO: Extracting primitive: V04_FG_STAGE_CASE_01_MESH.001
20:49:42 | INFO: Primitives created: 1
20:49:42 | INFO: Extracting primitive: V04_FG_STAGE_CASE_02_MESH.001
20:49:42 | INFO: Primitives created: 1
20:49:42 | INFO: Extracting primitive: V04_FG_STAGE_CASE_03_MESH.001
20:49:42 | INFO: Primitives created: 1
20:49:42 | INFO: Extracting primitive: V04_FG_STAGE_CASE_04_MESH.001
20:49:42 | INFO: Primitives created: 1
20:49:42 | INFO: Extracting primitive: V04_FG_STAGE_CASE_05_MESH.001
20:49:42 | INFO: Primitives created: 1
20:49:42 | INFO: Extracting primitive: V04_FG_STAGE_PALLET_00_MESH.001
20:49:42 | INFO: Primitives created: 1
20:49:42 | INFO: Extracting primitive: V04_FG_STAGE_PALLET_01_MESH.001
20:49:42 | INFO: Primitives created: 1
20:49:42 | INFO: Extracting primitive: V04_FG_STAGE_PALLET_02_MESH.001
20:49:42 | INFO: Primitives created: 1
20:49:42 | INFO: Extracting primitive: V04_FG_STAGE_PALLET_03_MESH.001
20:49:42 | INFO: Primitives created: 1
20:49:42 | INFO: Extracting primitive: V04_FG_STAGE_PALLET_04_MESH.001
20:49:42 | INFO: Primitives created: 1
20:49:42 | INFO: Extracting primitive: V04_FG_STAGE_PALLET_05_MESH.001
20:49:42 | INFO: Primitives created: 1
20:49:42 | INFO: Extracting primitive: V04_FIRE_00_BACK_MESH.001
20:49:42 | INFO: Primitives created: 1
20:49:42 | INFO: Extracting primitive: V04_FIRE_00_FLOOR_MESH.001
20:49:42 | INFO: Primitives created: 1
20:49:42 | INFO: Extracting primitive: V04_FIRE_00_LEFT_MESH.001
20:49:42 | INFO: Primitives created: 1
20:49:42 | INFO: Extracting primitive: V04_FIRE_00_RIGHT_MESH.001
20:49:42 | INFO: Primitives created: 1
20:49:42 | INFO: Extracting primitive: V04_FIRE_01_BACK_MESH.001
20:49:42 | INFO: Primitives created: 1
20:49:42 | INFO: Extracting primitive: V04_FIRE_01_FLOOR_MESH.001
20:49:42 | INFO: Primitives created: 1
20:49:42 | INFO: Extracting primitive: V04_FIRE_01_LEFT_MESH.001
20:49:42 | INFO: Primitives created: 1
20:49:42 | INFO: Extracting primitive: V04_FIRE_01_RIGHT_MESH.001
20:49:42 | INFO: Primitives created: 1
20:49:42 | INFO: Extracting primitive: V04_FIRE_DISCHARGE2_00_MESH.001
20:49:42 | INFO: Primitives created: 1
20:49:42 | INFO: Extracting primitive: V04_FIRE_DISCHARGE2_01_MESH.001
20:49:42 | INFO: Primitives created: 1
20:49:42 | INFO: Extracting primitive: V04_FIRE_DISCHARGE_00_MESH.001
20:49:42 | INFO: Primitives created: 1
20:49:42 | INFO: Extracting primitive: V04_FIRE_DISCHARGE_01_MESH.001
20:49:42 | INFO: Primitives created: 1
20:49:42 | INFO: Extracting primitive: V04_FIRE_LIGHT_00_00_BODY_MESH.001
20:49:42 | INFO: Primitives created: 1
20:49:42 | INFO: Extracting primitive: V04_FIRE_LIGHT_00_00_GLOW_MESH.001
20:49:42 | INFO: Primitives created: 1
20:49:42 | INFO: Extracting primitive: V04_FIRE_LIGHT_00_01_BODY_MESH.001
20:49:42 | INFO: Primitives created: 1
20:49:42 | INFO: Extracting primitive: V04_FIRE_LIGHT_00_01_GLOW_MESH.001
20:49:42 | INFO: Primitives created: 1
20:49:42 | INFO: Extracting primitive: V04_FIRE_LIGHT_00_02_BODY_MESH.001
20:49:42 | INFO: Primitives created: 1
20:49:42 | INFO: Extracting primitive: V04_FIRE_LIGHT_00_02_GLOW_MESH.001
20:49:42 | INFO: Primitives created: 1
20:49:42 | INFO: Extracting primitive: V04_FIRE_LIGHT_01_00_BODY_MESH.001
20:49:42 | INFO: Primitives created: 1
20:49:42 | INFO: Extracting primitive: V04_FIRE_LIGHT_01_00_GLOW_MESH.001
20:49:42 | INFO: Primitives created: 1
20:49:42 | INFO: Extracting primitive: V04_FIRE_LIGHT_01_01_BODY_MESH.001
20:49:42 | INFO: Primitives created: 1
20:49:42 | INFO: Extracting primitive: V04_FIRE_LIGHT_01_01_GLOW_MESH.001
20:49:42 | INFO: Primitives created: 1
20:49:42 | INFO: Extracting primitive: V04_FIRE_LIGHT_01_02_BODY_MESH.001
20:49:42 | INFO: Primitives created: 1
20:49:42 | INFO: Extracting primitive: V04_FIRE_LIGHT_01_02_GLOW_MESH.001
20:49:42 | INFO: Primitives created: 1
20:49:42 | INFO: Extracting primitive: V04_FIRE_PANEL_00_MESH.001
20:49:42 | INFO: Primitives created: 1
20:49:42 | INFO: Extracting primitive: V04_FIRE_PANEL_01_MESH.001
20:49:42 | INFO: Primitives created: 1
20:49:42 | INFO: Extracting primitive: V04_FIRE_PUMP_00_00_MESH.001
20:49:42 | INFO: Primitives created: 1
20:49:42 | INFO: Extracting primitive: V04_FIRE_PUMP_00_01_MESH.001
20:49:42 | INFO: Primitives created: 1
20:49:42 | INFO: Extracting primitive: V04_FIRE_PUMP_01_00_MESH.001
20:49:42 | INFO: Primitives created: 1
20:49:42 | INFO: Extracting primitive: V04_FIRE_PUMP_01_01_MESH.001
20:49:42 | INFO: Primitives created: 1
20:49:42 | INFO: Extracting primitive: V04_FIRE_PUMP_BASE_00_00_MESH.001
20:49:42 | INFO: Primitives created: 1
20:49:42 | INFO: Extracting primitive: V04_FIRE_PUMP_BASE_00_01_MESH.001
20:49:42 | INFO: Primitives created: 1
20:49:42 | INFO: Extracting primitive: V04_FIRE_PUMP_BASE_01_00_MESH.001
20:49:42 | INFO: Primitives created: 1
20:49:42 | INFO: Extracting primitive: V04_FIRE_PUMP_BASE_01_01_MESH.001
20:49:42 | INFO: Primitives created: 1
20:49:42 | INFO: Extracting primitive: V04_FIRE_SUCTION_00_MESH.001
20:49:42 | INFO: Primitives created: 1
20:49:42 | INFO: Extracting primitive: V04_FIRE_SUCTION_01_MESH.001
20:49:42 | INFO: Primitives created: 1
20:49:42 | INFO: Extracting primitive: V04_FIRE_VALVE_00_00_MESH.001
20:49:42 | INFO: Primitives created: 1
20:49:42 | INFO: Extracting primitive: V04_FIRE_VALVE_00_01_MESH.001
20:49:42 | INFO: Primitives created: 1
20:49:42 | INFO: Extracting primitive: V04_FIRE_VALVE_00_02_MESH.001
20:49:42 | INFO: Primitives created: 1
20:49:42 | INFO: Extracting primitive: V04_FIRE_VALVE_00_03_MESH.001
20:49:42 | INFO: Primitives created: 1
20:49:42 | INFO: Extracting primitive: V04_FIRE_VALVE_01_00_MESH.001
20:49:42 | INFO: Primitives created: 1
20:49:42 | INFO: Extracting primitive: V04_FIRE_VALVE_01_01_MESH.001
20:49:42 | INFO: Primitives created: 1
20:49:42 | INFO: Extracting primitive: V04_FIRE_VALVE_01_02_MESH.001
20:49:42 | INFO: Primitives created: 1
20:49:42 | INFO: Extracting primitive: V04_FIRE_VALVE_01_03_MESH.001
20:49:42 | INFO: Primitives created: 1
20:49:42 | INFO: Extracting primitive: V04_GLASS_DECK_CAFE_APPLIANCE_00_MESH.001
20:49:42 | INFO: Primitives created: 1
20:49:42 | INFO: Extracting primitive: V04_GLASS_DECK_CAFE_APPLIANCE_01_MESH.001
20:49:42 | INFO: Primitives created: 1
20:49:42 | INFO: Extracting primitive: V04_GLASS_DECK_CAFE_APPLIANCE_02_MESH.001
20:49:42 | INFO: Primitives created: 1
20:49:42 | INFO: Extracting primitive: V04_GLASS_DECK_CAFE_BACKBAR_MESH
20:49:42 | INFO: Primitives created: 1
20:49:42 | INFO: Extracting primitive: V04_GLASS_DECK_CAFE_COUNTER_MESH
20:49:42 | INFO: Primitives created: 1
20:49:42 | INFO: Extracting primitive: V04_GLASS_DECK_CAFE_STOOL_00_MESH.001
20:49:42 | INFO: Primitives created: 1
20:49:42 | INFO: Extracting primitive: V04_GLASS_DECK_CAFE_STOOL_01_MESH.001
20:49:42 | INFO: Primitives created: 1
20:49:42 | INFO: Extracting primitive: V04_GLASS_DECK_CAFE_STOOL_02_MESH.001
20:49:42 | INFO: Primitives created: 1
20:49:42 | INFO: Extracting primitive: V04_GLASS_DECK_CAFE_STOOL_03_MESH.001
20:49:42 | INFO: Primitives created: 1
20:49:42 | INFO: Extracting primitive: V04_GLASS_DECK_CAFE_STOOL_04_MESH.001
20:49:42 | INFO: Primitives created: 1
20:49:42 | INFO: Extracting primitive: V04_GLASS_DECK_CAFE_STOOL_05_MESH.001
20:49:42 | INFO: Primitives created: 1
20:49:42 | INFO: Extracting primitive: V04_GLASS_DECK_CEILING_BEAM_MESH.001
20:49:42 | INFO: Primitives created: 1
20:49:42 | INFO: Extracting primitive: V04_GLASS_DECK_COMMAND_CONSOLE_00_MESH
20:49:42 | INFO: Primitives created: 1
20:49:42 | INFO: Extracting primitive: V04_GLASS_DECK_COMMAND_CONSOLE_01_MESH
20:49:42 | INFO: Primitives created: 1
20:49:42 | INFO: Extracting primitive: V04_GLASS_DECK_COMMAND_CONSOLE_02_MESH
20:49:42 | INFO: Primitives created: 1
20:49:42 | INFO: Extracting primitive: V04_GLASS_DECK_COMMAND_CONSOLE_03_MESH
20:49:42 | INFO: Primitives created: 1
20:49:42 | INFO: Extracting primitive: V04_GLASS_DECK_COMMAND_MONITOR_00_MESH
20:49:42 | INFO: Primitives created: 1
20:49:42 | INFO: Extracting primitive: V04_GLASS_DECK_COMMAND_MONITOR_01_MESH
20:49:42 | INFO: Primitives created: 1
20:49:42 | INFO: Extracting primitive: V04_GLASS_DECK_COMMAND_MONITOR_02_MESH
20:49:42 | INFO: Primitives created: 1
20:49:42 | INFO: Extracting primitive: V04_GLASS_DECK_COMMAND_MONITOR_03_MESH
20:49:42 | INFO: Primitives created: 1
20:49:42 | INFO: Extracting primitive: V04_GLASS_DECK_COMMAND_RISER_MESH.001
20:49:42 | INFO: Primitives created: 1
20:49:42 | INFO: Extracting primitive: V04_GLASS_DECK_COMMAND_WALL_MESH
20:49:42 | INFO: Primitives created: 1
20:49:42 | INFO: Extracting primitive: V04_GLASS_DECK_FLOOR_MESH
20:49:42 | INFO: Primitives created: 1
20:49:42 | INFO: Extracting primitive: V04_GLASS_DECK_LEFT_WALL_MESH
20:49:42 | INFO: Primitives created: 1
20:49:42 | INFO: Extracting primitive: V04_GLASS_DECK_LIGHT_04_BODY_MESH.001
20:49:42 | INFO: Primitives created: 1
20:49:42 | INFO: Extracting primitive: V04_GLASS_DECK_LIGHT_04_GLOW_MESH.001
20:49:42 | INFO: Primitives created: 1
20:49:42 | INFO: Extracting primitive: V04_GLASS_DECK_LIGHT_14_BODY_MESH.001
20:49:42 | INFO: Primitives created: 1
20:49:42 | INFO: Extracting primitive: V04_GLASS_DECK_LIGHT_14_GLOW_MESH.001
20:49:42 | INFO: Primitives created: 1
20:49:42 | INFO: Extracting primitive: V04_GLASS_DECK_LIGHT_24_BODY_MESH.001
20:49:42 | INFO: Primitives created: 1
20:49:42 | INFO: Extracting primitive: V04_GLASS_DECK_LIGHT_24_GLOW_MESH.001
20:49:42 | INFO: Primitives created: 1
20:49:42 | INFO: Extracting primitive: V04_GLASS_DECK_LIGHT_34_BODY_MESH.001
20:49:42 | INFO: Primitives created: 1
20:49:42 | INFO: Extracting primitive: V04_GLASS_DECK_LIGHT_34_GLOW_MESH.001
20:49:42 | INFO: Primitives created: 1
20:49:42 | INFO: Extracting primitive: V04_GLASS_DECK_LIGHT_44_BODY_MESH.001
20:49:42 | INFO: Primitives created: 1
20:49:42 | INFO: Extracting primitive: V04_GLASS_DECK_LIGHT_44_GLOW_MESH.001
20:49:42 | INFO: Primitives created: 1
20:49:42 | INFO: Extracting primitive: V04_GLASS_DECK_RIGHT_WALL_MESH
20:49:42 | INFO: Primitives created: 1
20:49:42 | INFO: Extracting primitive: V04_GLASS_DECK_TRAINING_SEAT_00_MESH
20:49:42 | INFO: Primitives created: 1
20:49:42 | INFO: Extracting primitive: V04_GLASS_DECK_TRAINING_SEAT_01_MESH
20:49:42 | INFO: Primitives created: 1
20:49:42 | INFO: Extracting primitive: V04_GLASS_DECK_TRAINING_SEAT_02_MESH
20:49:42 | INFO: Primitives created: 1
20:49:42 | INFO: Extracting primitive: V04_GLASS_DECK_TRAINING_SEAT_03_MESH
20:49:42 | INFO: Primitives created: 1
20:49:42 | INFO: Extracting primitive: V04_GLASS_DECK_TRAINING_SEAT_04_MESH
20:49:42 | INFO: Primitives created: 1
20:49:42 | INFO: Extracting primitive: V04_GLASS_DECK_TRAINING_SEAT_05_MESH
20:49:42 | INFO: Primitives created: 1
20:49:42 | INFO: Extracting primitive: V04_GLASS_DECK_TRAINING_SEAT_06_MESH
20:49:42 | INFO: Primitives created: 1
20:49:42 | INFO: Extracting primitive: V04_GLASS_DECK_TRAINING_SEAT_07_MESH
20:49:42 | INFO: Primitives created: 1
20:49:42 | INFO: Extracting primitive: V04_GLASS_DECK_TRAINING_TABLE_MESH
20:49:42 | INFO: Primitives created: 1
20:49:42 | INFO: Extracting primitive: V04_GLASS_DECK_ZONE_PARTITION_11_MESH.001
20:49:42 | INFO: Primitives created: 1
20:49:42 | INFO: Extracting primitive: V04_GLASS_DECK_ZONE_PARTITION_28_MESH.001
20:49:42 | INFO: Primitives created: 1
20:49:42 | INFO: Extracting primitive: V04_LIQUID_BACK_MESH.001
20:49:42 | INFO: Primitives created: 1
20:49:42 | INFO: Extracting primitive: V04_LIQUID_CAP_DROP_00_MESH.001
20:49:42 | INFO: Primitives created: 1
20:49:42 | INFO: Extracting primitive: V04_LIQUID_CAP_DROP_01_MESH.001
20:49:42 | INFO: Primitives created: 1
20:49:42 | INFO: Extracting primitive: V04_LIQUID_CAP_DROP_02_MESH.001
20:49:42 | INFO: Primitives created: 1
20:49:42 | INFO: Extracting primitive: V04_LIQUID_CAP_DROP_03_MESH.001
20:49:42 | INFO: Primitives created: 1
20:49:42 | INFO: Extracting primitive: V04_LIQUID_CAP_HOPPER_00_MESH.001
20:49:42 | INFO: Primitives created: 1
20:49:42 | INFO: Extracting primitive: V04_LIQUID_CAP_HOPPER_01_MESH.001
20:49:42 | INFO: Primitives created: 1
20:49:42 | INFO: Extracting primitive: V04_LIQUID_CAP_HOPPER_02_MESH.001
20:49:42 | INFO: Primitives created: 1
20:49:42 | INFO: Extracting primitive: V04_LIQUID_CAP_HOPPER_03_MESH.001
20:49:42 | INFO: Primitives created: 1
20:49:42 | INFO: Extracting primitive: V04_LIQUID_CASE_MAGAZINE_MESH.001
20:49:42 | INFO: Primitives created: 1
20:49:42 | INFO: Extracting primitive: V04_LIQUID_FLOOR_MESH.001
20:49:42 | INFO: Primitives created: 1
20:49:42 | INFO: Extracting primitive: V04_LIQUID_LABEL_REEL_00_MESH.001
20:49:42 | INFO: Primitives created: 1
20:49:42 | INFO: Extracting primitive: V04_LIQUID_LABEL_REEL_01_MESH.001
20:49:42 | INFO: Primitives created: 1
20:49:42 | INFO: Extracting primitive: V04_LIQUID_LABEL_REEL_02_MESH.001
20:49:42 | INFO: Primitives created: 1
20:49:42 | INFO: Extracting primitive: V04_LIQUID_LEFT_MESH.001
20:49:42 | INFO: Primitives created: 1
20:49:42 | INFO: Extracting primitive: V04_LIQUID_LIGHT_00_BODY_MESH.001
20:49:42 | INFO: Primitives created: 1
20:49:42 | INFO: Extracting primitive: V04_LIQUID_LIGHT_00_GLOW_MESH.001
20:49:42 | INFO: Primitives created: 1
20:49:42 | INFO: Extracting primitive: V04_LIQUID_LIGHT_01_BODY_MESH.001
20:49:42 | INFO: Primitives created: 1
20:49:42 | INFO: Extracting primitive: V04_LIQUID_LIGHT_01_GLOW_MESH.001
20:49:42 | INFO: Primitives created: 1
20:49:42 | INFO: Extracting primitive: V04_LIQUID_LIGHT_02_BODY_MESH.001
20:49:42 | INFO: Primitives created: 1
20:49:42 | INFO: Extracting primitive: V04_LIQUID_LIGHT_02_GLOW_MESH.001
20:49:42 | INFO: Primitives created: 1
20:49:42 | INFO: Extracting primitive: V04_LIQUID_LIGHT_03_BODY_MESH.001
20:49:42 | INFO: Primitives created: 1
20:49:42 | INFO: Extracting primitive: V04_LIQUID_LIGHT_03_GLOW_MESH.001
20:49:42 | INFO: Primitives created: 1
20:49:42 | INFO: Extracting primitive: V04_LIQUID_LIGHT_04_BODY_MESH.001
20:49:42 | INFO: Primitives created: 1
20:49:42 | INFO: Extracting primitive: V04_LIQUID_LIGHT_04_GLOW_MESH.001
20:49:42 | INFO: Primitives created: 1
20:49:42 | INFO: Extracting primitive: V04_LIQUID_LIGHT_05_BODY_MESH.001
20:49:42 | INFO: Primitives created: 1
20:49:42 | INFO: Extracting primitive: V04_LIQUID_LIGHT_05_GLOW_MESH.001
20:49:42 | INFO: Primitives created: 1
20:49:42 | INFO: Extracting primitive: V04_LIQUID_RIGHT_MESH.001
20:49:42 | INFO: Primitives created: 1
20:49:42 | INFO: Extracting primitive: V04_LIQUID_ROBOT_ARM_MESH.001
20:49:42 | INFO: Primitives created: 1
20:49:42 | INFO: Extracting primitive: V04_LIQUID_ROBOT_BASE_MESH.001
20:49:42 | INFO: Primitives created: 1
20:49:42 | INFO: Extracting primitive: V04_PASTE_BACK_MESH.001
20:49:42 | INFO: Primitives created: 1
20:49:42 | INFO: Extracting primitive: V04_PASTE_BLEND_JACKET_MESH.001
20:49:42 | INFO: Primitives created: 1
20:49:42 | INFO: Extracting primitive: V04_PASTE_CARTON_CASE_STAGE_MESH.001
20:49:42 | INFO: Primitives created: 1
20:49:42 | INFO: Extracting primitive: V04_PASTE_CRIMPER_GUARD_MESH.001
20:49:42 | INFO: Primitives created: 1
20:49:42 | INFO: Extracting primitive: V04_PASTE_FLOOR_MESH.001
20:49:42 | INFO: Primitives created: 1
20:49:42 | INFO: Extracting primitive: V04_PASTE_JACKET_PIPE_00_MESH.001
20:49:42 | INFO: Primitives created: 1
20:49:42 | INFO: Extracting primitive: V04_PASTE_JACKET_PIPE_01_MESH.001
20:49:42 | INFO: Primitives created: 1
20:49:42 | INFO: Extracting primitive: V04_PASTE_JACKET_PIPE_02_MESH.001
20:49:42 | INFO: Primitives created: 1
20:49:42 | INFO: Extracting primitive: V04_PASTE_LEFT_MESH.001
20:49:42 | INFO: Primitives created: 1
20:49:42 | INFO: Extracting primitive: V04_PASTE_LIGHT_00_BODY_MESH.001
20:49:42 | INFO: Primitives created: 1
20:49:42 | INFO: Extracting primitive: V04_PASTE_LIGHT_00_GLOW_MESH.001
20:49:42 | INFO: Primitives created: 1
20:49:42 | INFO: Extracting primitive: V04_PASTE_LIGHT_01_BODY_MESH.001
20:49:42 | INFO: Primitives created: 1
20:49:42 | INFO: Extracting primitive: V04_PASTE_LIGHT_01_GLOW_MESH.001
20:49:42 | INFO: Primitives created: 1
20:49:42 | INFO: Extracting primitive: V04_PASTE_LIGHT_02_BODY_MESH.001
20:49:42 | INFO: Primitives created: 1
20:49:42 | INFO: Extracting primitive: V04_PASTE_LIGHT_02_GLOW_MESH.001
20:49:42 | INFO: Primitives created: 1
20:49:42 | INFO: Extracting primitive: V04_PASTE_LIGHT_03_BODY_MESH.001
20:49:42 | INFO: Primitives created: 1
20:49:42 | INFO: Extracting primitive: V04_PASTE_LIGHT_03_GLOW_MESH.001
20:49:42 | INFO: Primitives created: 1
20:49:42 | INFO: Extracting primitive: V04_PASTE_LIGHT_04_BODY_MESH.001
20:49:42 | INFO: Primitives created: 1
20:49:42 | INFO: Extracting primitive: V04_PASTE_LIGHT_04_GLOW_MESH.001
20:49:42 | INFO: Primitives created: 1
20:49:42 | INFO: Extracting primitive: V04_PASTE_LIGHT_05_BODY_MESH.001
20:49:42 | INFO: Primitives created: 1
20:49:42 | INFO: Extracting primitive: V04_PASTE_LIGHT_05_GLOW_MESH.001
20:49:42 | INFO: Primitives created: 1
20:49:42 | INFO: Extracting primitive: V04_PASTE_RIGHT_MESH.001
20:49:42 | INFO: Primitives created: 1
20:49:42 | INFO: Extracting primitive: V04_PASTE_TUBE_00_MESH.001
20:49:42 | INFO: Primitives created: 1
20:49:42 | INFO: Extracting primitive: V04_PASTE_TUBE_01_MESH.001
20:49:42 | INFO: Primitives created: 1
20:49:42 | INFO: Extracting primitive: V04_PASTE_TUBE_02_MESH.001
20:49:42 | INFO: Primitives created: 1
20:49:42 | INFO: Extracting primitive: V04_PASTE_TUBE_03_MESH.001
20:49:42 | INFO: Primitives created: 1
20:49:42 | INFO: Extracting primitive: V04_PASTE_TUBE_04_MESH.001
20:49:42 | INFO: Primitives created: 1
20:49:42 | INFO: Extracting primitive: V04_PASTE_TUBE_05_MESH.001
20:49:42 | INFO: Primitives created: 1
20:49:42 | INFO: Extracting primitive: V04_PASTE_TUBE_06_MESH.001
20:49:42 | INFO: Primitives created: 1
20:49:42 | INFO: Extracting primitive: V04_PASTE_TUBE_07_MESH.001
20:49:42 | INFO: Primitives created: 1
20:49:42 | INFO: Extracting primitive: V04_PASTE_TUBE_MAGAZINE_RACK_MESH.001
20:49:42 | INFO: Primitives created: 1
20:49:42 | INFO: Extracting primitive: V04_PASTE_TUBE_PUCK_00_MESH.001
20:49:42 | INFO: Primitives created: 1
20:49:42 | INFO: Extracting primitive: V04_PASTE_TUBE_PUCK_01_MESH.001
20:49:42 | INFO: Primitives created: 1
20:49:42 | INFO: Extracting primitive: V04_PASTE_TUBE_PUCK_02_MESH.001
20:49:42 | INFO: Primitives created: 1
20:49:42 | INFO: Extracting primitive: V04_PASTE_TUBE_PUCK_03_MESH.001
20:49:42 | INFO: Primitives created: 1
20:49:42 | INFO: Extracting primitive: V04_PASTE_TUBE_PUCK_04_MESH.001
20:49:42 | INFO: Primitives created: 1
20:49:42 | INFO: Extracting primitive: V04_PASTE_TUBE_PUCK_05_MESH.001
20:49:42 | INFO: Primitives created: 1
20:49:42 | INFO: Extracting primitive: V04_PASTE_TUBE_PUCK_06_MESH.001
20:49:42 | INFO: Primitives created: 1
20:49:42 | INFO: Extracting primitive: V04_PASTE_TUBE_PUCK_07_MESH.001
20:49:42 | INFO: Primitives created: 1
20:49:42 | INFO: Extracting primitive: V04_RESTAURANT_BACK_MESH.001
20:49:42 | INFO: Primitives created: 1
20:49:42 | INFO: Extracting primitive: V04_RESTAURANT_DISHWASH_MESH.001
20:49:42 | INFO: Primitives created: 1
20:49:42 | INFO: Extracting primitive: V04_RESTAURANT_EXHAUST_00_MESH.001
20:49:42 | INFO: Primitives created: 1
20:49:42 | INFO: Extracting primitive: V04_RESTAURANT_EXHAUST_01_MESH.001
20:49:42 | INFO: Primitives created: 1
20:49:42 | INFO: Extracting primitive: V04_RESTAURANT_EXHAUST_02_MESH.001
20:49:42 | INFO: Primitives created: 1
20:49:42 | INFO: Extracting primitive: V04_RESTAURANT_EXHAUST_03_MESH.001
20:49:42 | INFO: Primitives created: 1
20:49:42 | INFO: Extracting primitive: V04_RESTAURANT_FLOOR_MESH.001
20:49:42 | INFO: Primitives created: 1
20:49:42 | INFO: Extracting primitive: V04_RESTAURANT_KITCHEN_APPLIANCE_00_MESH.001
20:49:42 | INFO: Primitives created: 1
20:49:42 | INFO: Extracting primitive: V04_RESTAURANT_KITCHEN_APPLIANCE_01_MESH.001
20:49:42 | INFO: Primitives created: 1
20:49:42 | INFO: Extracting primitive: V04_RESTAURANT_KITCHEN_APPLIANCE_02_MESH.001
20:49:42 | INFO: Primitives created: 1
20:49:42 | INFO: Extracting primitive: V04_RESTAURANT_KITCHEN_APPLIANCE_03_MESH.001
20:49:42 | INFO: Primitives created: 1
20:49:42 | INFO: Extracting primitive: V04_RESTAURANT_LEFT_MESH.001
20:49:42 | INFO: Primitives created: 1
20:49:42 | INFO: Extracting primitive: V04_RESTAURANT_LIGHT_00_BODY_MESH.001
20:49:42 | INFO: Primitives created: 1
20:49:42 | INFO: Extracting primitive: V04_RESTAURANT_LIGHT_00_GLOW_MESH.001
20:49:42 | INFO: Primitives created: 1
20:49:42 | INFO: Extracting primitive: V04_RESTAURANT_LIGHT_01_BODY_MESH.001
20:49:42 | INFO: Primitives created: 1
20:49:42 | INFO: Extracting primitive: V04_RESTAURANT_LIGHT_01_GLOW_MESH.001
20:49:42 | INFO: Primitives created: 1
20:49:42 | INFO: Extracting primitive: V04_RESTAURANT_LIGHT_02_BODY_MESH.001
20:49:42 | INFO: Primitives created: 1
20:49:42 | INFO: Extracting primitive: V04_RESTAURANT_LIGHT_02_GLOW_MESH.001
20:49:42 | INFO: Primitives created: 1
20:49:42 | INFO: Extracting primitive: V04_RESTAURANT_LIGHT_03_BODY_MESH.001
20:49:42 | INFO: Primitives created: 1
20:49:42 | INFO: Extracting primitive: V04_RESTAURANT_LIGHT_03_GLOW_MESH.001
20:49:42 | INFO: Primitives created: 1
20:49:42 | INFO: Extracting primitive: V04_RESTAURANT_PASS_WINDOW_MESH.001
20:49:42 | INFO: Primitives created: 1
20:49:42 | INFO: Extracting primitive: V04_RESTAURANT_RIGHT_MESH.001
20:49:42 | INFO: Primitives created: 1
20:49:42 | INFO: Extracting primitive: V04_RESTAURANT_TABLE_RUNNER_00_MESH.001
20:49:42 | INFO: Primitives created: 1
20:49:42 | INFO: Extracting primitive: V04_RESTAURANT_TABLE_RUNNER_01_MESH.001
20:49:42 | INFO: Primitives created: 1
20:49:42 | INFO: Extracting primitive: V04_RESTAURANT_TABLE_RUNNER_02_MESH.001
20:49:42 | INFO: Primitives created: 1
20:49:42 | INFO: Extracting primitive: V04_RESTAURANT_TABLE_RUNNER_03_MESH.001
20:49:42 | INFO: Primitives created: 1
20:49:42 | INFO: Extracting primitive: V04_RM_BACK_MESH.001
20:49:42 | INFO: Primitives created: 1
20:49:42 | INFO: Extracting primitive: V04_RM_FLOOR_MESH.001
20:49:42 | INFO: Primitives created: 1
20:49:42 | INFO: Extracting primitive: V04_RM_LEFT_MESH.001
20:49:42 | INFO: Primitives created: 1
20:49:42 | INFO: Extracting primitive: V04_RM_LIGHT_00_BODY_MESH.001
20:49:42 | INFO: Primitives created: 1
20:49:42 | INFO: Extracting primitive: V04_RM_LIGHT_00_GLOW_MESH.001
20:49:42 | INFO: Primitives created: 1
20:49:42 | INFO: Extracting primitive: V04_RM_LIGHT_01_BODY_MESH.001
20:49:42 | INFO: Primitives created: 1
20:49:42 | INFO: Extracting primitive: V04_RM_LIGHT_01_GLOW_MESH.001
20:49:42 | INFO: Primitives created: 1
20:49:42 | INFO: Extracting primitive: V04_RM_LIGHT_02_BODY_MESH.001
20:49:42 | INFO: Primitives created: 1
20:49:42 | INFO: Extracting primitive: V04_RM_LIGHT_02_GLOW_MESH.001
20:49:42 | INFO: Primitives created: 1
20:49:42 | INFO: Extracting primitive: V04_RM_LIGHT_03_BODY_MESH.001
20:49:42 | INFO: Primitives created: 1
20:49:42 | INFO: Extracting primitive: V04_RM_LIGHT_03_GLOW_MESH.001
20:49:42 | INFO: Primitives created: 1
20:49:42 | INFO: Extracting primitive: V04_RM_LIGHT_04_BODY_MESH.001
20:49:42 | INFO: Primitives created: 1
20:49:42 | INFO: Extracting primitive: V04_RM_LIGHT_04_GLOW_MESH.001
20:49:42 | INFO: Primitives created: 1
20:49:42 | INFO: Extracting primitive: V04_RM_RACK_67_BEAM_00_MESH.001
20:49:42 | INFO: Primitives created: 1
20:49:42 | INFO: Extracting primitive: V04_RM_RACK_67_BEAM_01_MESH.001
20:49:42 | INFO: Primitives created: 1
20:49:42 | INFO: Extracting primitive: V04_RM_RACK_67_BEAM_02_MESH.001
20:49:42 | INFO: Primitives created: 1
20:49:42 | INFO: Extracting primitive: V04_RM_RACK_67_LOAD_00_00_MESH.001
20:49:42 | INFO: Primitives created: 1
20:49:42 | INFO: Extracting primitive: V04_RM_RACK_67_LOAD_00_01_MESH.001
20:49:42 | INFO: Primitives created: 1
20:49:42 | INFO: Extracting primitive: V04_RM_RACK_67_LOAD_00_02_MESH.001
20:49:42 | INFO: Primitives created: 1
20:49:42 | INFO: Extracting primitive: V04_RM_RACK_67_LOAD_01_00_MESH.001
20:49:42 | INFO: Primitives created: 1
20:49:42 | INFO: Extracting primitive: V04_RM_RACK_67_LOAD_01_01_MESH.001
20:49:42 | INFO: Primitives created: 1
20:49:42 | INFO: Extracting primitive: V04_RM_RACK_67_LOAD_01_02_MESH.001
20:49:42 | INFO: Primitives created: 1
20:49:42 | INFO: Extracting primitive: V04_RM_RACK_67_LOAD_02_00_MESH.001
20:49:42 | INFO: Primitives created: 1
20:49:42 | INFO: Extracting primitive: V04_RM_RACK_67_LOAD_02_01_MESH.001
20:49:42 | INFO: Primitives created: 1
20:49:42 | INFO: Extracting primitive: V04_RM_RACK_67_LOAD_02_02_MESH.001
20:49:42 | INFO: Primitives created: 1
20:49:42 | INFO: Extracting primitive: V04_RM_RACK_67_LOAD_03_00_MESH.001
20:49:42 | INFO: Primitives created: 1
20:49:42 | INFO: Extracting primitive: V04_RM_RACK_67_LOAD_03_01_MESH.001
20:49:42 | INFO: Primitives created: 1
20:49:42 | INFO: Extracting primitive: V04_RM_RACK_67_LOAD_03_02_MESH.001
20:49:42 | INFO: Primitives created: 1
20:49:42 | INFO: Extracting primitive: V04_RM_RACK_67_LOAD_04_00_MESH.001
20:49:42 | INFO: Primitives created: 1
20:49:42 | INFO: Extracting primitive: V04_RM_RACK_67_LOAD_04_01_MESH.001
20:49:42 | INFO: Primitives created: 1
20:49:42 | INFO: Extracting primitive: V04_RM_RACK_67_LOAD_04_02_MESH.001
20:49:42 | INFO: Primitives created: 1
20:49:42 | INFO: Extracting primitive: V04_RM_RACK_67_LOAD_05_00_MESH.001
20:49:42 | INFO: Primitives created: 1
20:49:42 | INFO: Extracting primitive: V04_RM_RACK_67_LOAD_05_01_MESH.001
20:49:42 | INFO: Primitives created: 1
20:49:42 | INFO: Extracting primitive: V04_RM_RACK_67_LOAD_05_02_MESH.001
20:49:42 | INFO: Primitives created: 1
20:49:42 | INFO: Extracting primitive: V04_RM_RACK_67_LOAD_06_00_MESH.001
20:49:42 | INFO: Primitives created: 1
20:49:42 | INFO: Extracting primitive: V04_RM_RACK_67_LOAD_06_01_MESH.001
20:49:42 | INFO: Primitives created: 1
20:49:42 | INFO: Extracting primitive: V04_RM_RACK_67_LOAD_06_02_MESH.001
20:49:42 | INFO: Primitives created: 1
20:49:42 | INFO: Extracting primitive: V04_RM_RACK_67_LOAD_07_00_MESH.001
20:49:42 | INFO: Primitives created: 1
20:49:42 | INFO: Extracting primitive: V04_RM_RACK_67_LOAD_07_01_MESH.001
20:49:42 | INFO: Primitives created: 1
20:49:42 | INFO: Extracting primitive: V04_RM_RACK_67_LOAD_07_02_MESH.001
20:49:42 | INFO: Primitives created: 1
20:49:42 | INFO: Extracting primitive: V04_RM_RACK_67_LOAD_08_00_MESH.001
20:49:42 | INFO: Primitives created: 1
20:49:42 | INFO: Extracting primitive: V04_RM_RACK_67_LOAD_08_01_MESH.001
20:49:42 | INFO: Primitives created: 1
20:49:42 | INFO: Extracting primitive: V04_RM_RACK_67_LOAD_08_02_MESH.001
20:49:42 | INFO: Primitives created: 1
20:49:42 | INFO: Extracting primitive: V04_RM_RACK_67_PALLET_00_00_MESH.001
20:49:42 | INFO: Primitives created: 1
20:49:42 | INFO: Extracting primitive: V04_RM_RACK_67_PALLET_00_01_MESH.001
20:49:42 | INFO: Primitives created: 1
20:49:42 | INFO: Extracting primitive: V04_RM_RACK_67_PALLET_00_02_MESH.001
20:49:42 | INFO: Primitives created: 1
20:49:42 | INFO: Extracting primitive: V04_RM_RACK_67_PALLET_01_00_MESH.001
20:49:42 | INFO: Primitives created: 1
20:49:42 | INFO: Extracting primitive: V04_RM_RACK_67_PALLET_01_01_MESH.001
20:49:42 | INFO: Primitives created: 1
20:49:42 | INFO: Extracting primitive: V04_RM_RACK_67_PALLET_01_02_MESH.001
20:49:42 | INFO: Primitives created: 1
20:49:42 | INFO: Extracting primitive: V04_RM_RACK_67_PALLET_02_00_MESH.001
20:49:42 | INFO: Primitives created: 1
20:49:42 | INFO: Extracting primitive: V04_RM_RACK_67_PALLET_02_01_MESH.001
20:49:42 | INFO: Primitives created: 1
20:49:42 | INFO: Extracting primitive: V04_RM_RACK_67_PALLET_02_02_MESH.001
20:49:42 | INFO: Primitives created: 1
20:49:42 | INFO: Extracting primitive: V04_RM_RACK_67_PALLET_03_00_MESH.001
20:49:42 | INFO: Primitives created: 1
20:49:42 | INFO: Extracting primitive: V04_RM_RACK_67_PALLET_03_01_MESH.001
20:49:42 | INFO: Primitives created: 1
20:49:42 | INFO: Extracting primitive: V04_RM_RACK_67_PALLET_03_02_MESH.001
20:49:42 | INFO: Primitives created: 1
20:49:42 | INFO: Extracting primitive: V04_RM_RACK_67_PALLET_04_00_MESH.001
20:49:42 | INFO: Primitives created: 1
20:49:42 | INFO: Extracting primitive: V04_RM_RACK_67_PALLET_04_01_MESH.001
20:49:42 | INFO: Primitives created: 1
20:49:42 | INFO: Extracting primitive: V04_RM_RACK_67_PALLET_04_02_MESH.001
20:49:42 | INFO: Primitives created: 1
20:49:42 | INFO: Extracting primitive: V04_RM_RACK_67_PALLET_05_00_MESH.001
20:49:42 | INFO: Primitives created: 1
20:49:42 | INFO: Extracting primitive: V04_RM_RACK_67_PALLET_05_01_MESH.001
20:49:42 | INFO: Primitives created: 1
20:49:42 | INFO: Extracting primitive: V04_RM_RACK_67_PALLET_05_02_MESH.001
20:49:42 | INFO: Primitives created: 1
20:49:42 | INFO: Extracting primitive: V04_RM_RACK_67_PALLET_06_00_MESH.001
20:49:42 | INFO: Primitives created: 1
20:49:42 | INFO: Extracting primitive: V04_RM_RACK_67_PALLET_06_01_MESH.001
20:49:42 | INFO: Primitives created: 1
20:49:42 | INFO: Extracting primitive: V04_RM_RACK_67_PALLET_06_02_MESH.001
20:49:42 | INFO: Primitives created: 1
20:49:42 | INFO: Extracting primitive: V04_RM_RACK_67_PALLET_07_00_MESH.001
20:49:42 | INFO: Primitives created: 1
20:49:42 | INFO: Extracting primitive: V04_RM_RACK_67_PALLET_07_01_MESH.001
20:49:42 | INFO: Primitives created: 1
20:49:42 | INFO: Extracting primitive: V04_RM_RACK_67_PALLET_07_02_MESH.001
20:49:42 | INFO: Primitives created: 1
20:49:42 | INFO: Extracting primitive: V04_RM_RACK_67_PALLET_08_00_MESH.001
20:49:42 | INFO: Primitives created: 1
20:49:42 | INFO: Extracting primitive: V04_RM_RACK_67_PALLET_08_01_MESH.001
20:49:42 | INFO: Primitives created: 1
20:49:42 | INFO: Extracting primitive: V04_RM_RACK_67_PALLET_08_02_MESH.001
20:49:42 | INFO: Primitives created: 1
20:49:42 | INFO: Extracting primitive: V04_RM_RACK_67_UPRIGHT_00_00_MESH.001
20:49:42 | INFO: Primitives created: 1
20:49:42 | INFO: Extracting primitive: V04_RM_RACK_67_UPRIGHT_00_01_MESH.001
20:49:42 | INFO: Primitives created: 1
20:49:42 | INFO: Extracting primitive: V04_RM_RACK_67_UPRIGHT_00_02_MESH.001
20:49:42 | INFO: Primitives created: 1
20:49:42 | INFO: Extracting primitive: V04_RM_RACK_67_UPRIGHT_01_00_MESH.001
20:49:42 | INFO: Primitives created: 1
20:49:42 | INFO: Extracting primitive: V04_RM_RACK_67_UPRIGHT_01_01_MESH.001
20:49:42 | INFO: Primitives created: 1
20:49:42 | INFO: Extracting primitive: V04_RM_RACK_67_UPRIGHT_01_02_MESH.001
20:49:42 | INFO: Primitives created: 1
20:49:42 | INFO: Extracting primitive: V04_RM_RACK_67_UPRIGHT_02_00_MESH.001
20:49:42 | INFO: Primitives created: 1
20:49:42 | INFO: Extracting primitive: V04_RM_RACK_67_UPRIGHT_02_01_MESH.001
20:49:42 | INFO: Primitives created: 1
20:49:42 | INFO: Extracting primitive: V04_RM_RACK_67_UPRIGHT_02_02_MESH.001
20:49:42 | INFO: Primitives created: 1
20:49:42 | INFO: Extracting primitive: V04_RM_RACK_67_UPRIGHT_03_00_MESH.001
20:49:42 | INFO: Primitives created: 1
20:49:42 | INFO: Extracting primitive: V04_RM_RACK_67_UPRIGHT_03_01_MESH.001
20:49:42 | INFO: Primitives created: 1
20:49:42 | INFO: Extracting primitive: V04_RM_RACK_67_UPRIGHT_03_02_MESH.001
20:49:42 | INFO: Primitives created: 1
20:49:42 | INFO: Extracting primitive: V04_RM_RACK_67_UPRIGHT_04_00_MESH.001
20:49:42 | INFO: Primitives created: 1
20:49:42 | INFO: Extracting primitive: V04_RM_RACK_67_UPRIGHT_04_01_MESH.001
20:49:42 | INFO: Primitives created: 1
20:49:42 | INFO: Extracting primitive: V04_RM_RACK_67_UPRIGHT_04_02_MESH.001
20:49:42 | INFO: Primitives created: 1
20:49:42 | INFO: Extracting primitive: V04_RM_RACK_67_UPRIGHT_05_00_MESH.001
20:49:42 | INFO: Primitives created: 1
20:49:42 | INFO: Extracting primitive: V04_RM_RACK_67_UPRIGHT_05_01_MESH.001
20:49:43 | INFO: Primitives created: 1
20:49:43 | INFO: Extracting primitive: V04_RM_RACK_67_UPRIGHT_05_02_MESH.001
20:49:43 | INFO: Primitives created: 1
20:49:43 | INFO: Extracting primitive: V04_RM_RACK_67_UPRIGHT_06_00_MESH.001
20:49:43 | INFO: Primitives created: 1
20:49:43 | INFO: Extracting primitive: V04_RM_RACK_67_UPRIGHT_06_01_MESH.001
20:49:43 | INFO: Primitives created: 1
20:49:43 | INFO: Extracting primitive: V04_RM_RACK_67_UPRIGHT_06_02_MESH.001
20:49:43 | INFO: Primitives created: 1
20:49:43 | INFO: Extracting primitive: V04_RM_RACK_67_UPRIGHT_07_00_MESH.001
20:49:43 | INFO: Primitives created: 1
20:49:43 | INFO: Extracting primitive: V04_RM_RACK_67_UPRIGHT_07_01_MESH.001
20:49:43 | INFO: Primitives created: 1
20:49:43 | INFO: Extracting primitive: V04_RM_RACK_67_UPRIGHT_07_02_MESH.001
20:49:43 | INFO: Primitives created: 1
20:49:43 | INFO: Extracting primitive: V04_RM_RACK_67_UPRIGHT_08_00_MESH.001
20:49:43 | INFO: Primitives created: 1
20:49:43 | INFO: Extracting primitive: V04_RM_RACK_67_UPRIGHT_08_01_MESH.001
20:49:43 | INFO: Primitives created: 1
20:49:43 | INFO: Extracting primitive: V04_RM_RACK_67_UPRIGHT_08_02_MESH.001
20:49:43 | INFO: Primitives created: 1
20:49:43 | INFO: Extracting primitive: V04_RM_RACK_75_BEAM_00_MESH.001
20:49:43 | INFO: Primitives created: 1
20:49:43 | INFO: Extracting primitive: V04_RM_RACK_75_BEAM_01_MESH.001
20:49:43 | INFO: Primitives created: 1
20:49:43 | INFO: Extracting primitive: V04_RM_RACK_75_BEAM_02_MESH.001
20:49:43 | INFO: Primitives created: 1
20:49:43 | INFO: Extracting primitive: V04_RM_RACK_75_LOAD_00_00_MESH.001
20:49:43 | INFO: Primitives created: 1
20:49:43 | INFO: Extracting primitive: V04_RM_RACK_75_LOAD_00_01_MESH.001
20:49:43 | INFO: Primitives created: 1
20:49:43 | INFO: Extracting primitive: V04_RM_RACK_75_LOAD_00_02_MESH.001
20:49:43 | INFO: Primitives created: 1
20:49:43 | INFO: Extracting primitive: V04_RM_RACK_75_LOAD_01_00_MESH.001
20:49:43 | INFO: Primitives created: 1
20:49:43 | INFO: Extracting primitive: V04_RM_RACK_75_LOAD_01_01_MESH.001
20:49:43 | INFO: Primitives created: 1
20:49:43 | INFO: Extracting primitive: V04_RM_RACK_75_LOAD_01_02_MESH.001
20:49:43 | INFO: Primitives created: 1
20:49:43 | INFO: Extracting primitive: V04_RM_RACK_75_LOAD_02_00_MESH.001
20:49:43 | INFO: Primitives created: 1
20:49:43 | INFO: Extracting primitive: V04_RM_RACK_75_LOAD_02_01_MESH.001
20:49:43 | INFO: Primitives created: 1
20:49:43 | INFO: Extracting primitive: V04_RM_RACK_75_LOAD_02_02_MESH.001
20:49:43 | INFO: Primitives created: 1
20:49:43 | INFO: Extracting primitive: V04_RM_RACK_75_LOAD_03_00_MESH.001
20:49:43 | INFO: Primitives created: 1
20:49:43 | INFO: Extracting primitive: V04_RM_RACK_75_LOAD_03_01_MESH.001
20:49:43 | INFO: Primitives created: 1
20:49:43 | INFO: Extracting primitive: V04_RM_RACK_75_LOAD_03_02_MESH.001
20:49:43 | INFO: Primitives created: 1
20:49:43 | INFO: Extracting primitive: V04_RM_RACK_75_LOAD_04_00_MESH.001
20:49:43 | INFO: Primitives created: 1
20:49:43 | INFO: Extracting primitive: V04_RM_RACK_75_LOAD_04_01_MESH.001
20:49:43 | INFO: Primitives created: 1
20:49:43 | INFO: Extracting primitive: V04_RM_RACK_75_LOAD_04_02_MESH.001
20:49:43 | INFO: Primitives created: 1
20:49:43 | INFO: Extracting primitive: V04_RM_RACK_75_LOAD_05_00_MESH.001
20:49:43 | INFO: Primitives created: 1
20:49:43 | INFO: Extracting primitive: V04_RM_RACK_75_LOAD_05_01_MESH.001
20:49:43 | INFO: Primitives created: 1
20:49:43 | INFO: Extracting primitive: V04_RM_RACK_75_LOAD_05_02_MESH.001
20:49:43 | INFO: Primitives created: 1
20:49:43 | INFO: Extracting primitive: V04_RM_RACK_75_LOAD_06_00_MESH.001
20:49:43 | INFO: Primitives created: 1
20:49:43 | INFO: Extracting primitive: V04_RM_RACK_75_LOAD_06_01_MESH.001
20:49:43 | INFO: Primitives created: 1
20:49:43 | INFO: Extracting primitive: V04_RM_RACK_75_LOAD_06_02_MESH.001
20:49:43 | INFO: Primitives created: 1
20:49:43 | INFO: Extracting primitive: V04_RM_RACK_75_LOAD_07_00_MESH.001
20:49:43 | INFO: Primitives created: 1
20:49:43 | INFO: Extracting primitive: V04_RM_RACK_75_LOAD_07_01_MESH.001
20:49:43 | INFO: Primitives created: 1
20:49:43 | INFO: Extracting primitive: V04_RM_RACK_75_LOAD_07_02_MESH.001
20:49:43 | INFO: Primitives created: 1
20:49:43 | INFO: Extracting primitive: V04_RM_RACK_75_LOAD_08_00_MESH.001
20:49:43 | INFO: Primitives created: 1
20:49:43 | INFO: Extracting primitive: V04_RM_RACK_75_LOAD_08_01_MESH.001
20:49:43 | INFO: Primitives created: 1
20:49:43 | INFO: Extracting primitive: V04_RM_RACK_75_LOAD_08_02_MESH.001
20:49:43 | INFO: Primitives created: 1
20:49:43 | INFO: Extracting primitive: V04_RM_RACK_75_PALLET_00_00_MESH.001
20:49:43 | INFO: Primitives created: 1
20:49:43 | INFO: Extracting primitive: V04_RM_RACK_75_PALLET_00_01_MESH.001
20:49:43 | INFO: Primitives created: 1
20:49:43 | INFO: Extracting primitive: V04_RM_RACK_75_PALLET_00_02_MESH.001
20:49:43 | INFO: Primitives created: 1
20:49:43 | INFO: Extracting primitive: V04_RM_RACK_75_PALLET_01_00_MESH.001
20:49:43 | INFO: Primitives created: 1
20:49:43 | INFO: Extracting primitive: V04_RM_RACK_75_PALLET_01_01_MESH.001
20:49:43 | INFO: Primitives created: 1
20:49:43 | INFO: Extracting primitive: V04_RM_RACK_75_PALLET_01_02_MESH.001
20:49:43 | INFO: Primitives created: 1
20:49:43 | INFO: Extracting primitive: V04_RM_RACK_75_PALLET_02_00_MESH.001
20:49:43 | INFO: Primitives created: 1
20:49:43 | INFO: Extracting primitive: V04_RM_RACK_75_PALLET_02_01_MESH.001
20:49:43 | INFO: Primitives created: 1
20:49:43 | INFO: Extracting primitive: V04_RM_RACK_75_PALLET_02_02_MESH.001
20:49:43 | INFO: Primitives created: 1
20:49:43 | INFO: Extracting primitive: V04_RM_RACK_75_PALLET_03_00_MESH.001
20:49:43 | INFO: Primitives created: 1
20:49:43 | INFO: Extracting primitive: V04_RM_RACK_75_PALLET_03_01_MESH.001
20:49:43 | INFO: Primitives created: 1
20:49:43 | INFO: Extracting primitive: V04_RM_RACK_75_PALLET_03_02_MESH.001
20:49:43 | INFO: Primitives created: 1
20:49:43 | INFO: Extracting primitive: V04_RM_RACK_75_PALLET_04_00_MESH.001
20:49:43 | INFO: Primitives created: 1
20:49:43 | INFO: Extracting primitive: V04_RM_RACK_75_PALLET_04_01_MESH.001
20:49:43 | INFO: Primitives created: 1
20:49:43 | INFO: Extracting primitive: V04_RM_RACK_75_PALLET_04_02_MESH.001
20:49:43 | INFO: Primitives created: 1
20:49:43 | INFO: Extracting primitive: V04_RM_RACK_75_PALLET_05_00_MESH.001
20:49:43 | INFO: Primitives created: 1
20:49:43 | INFO: Extracting primitive: V04_RM_RACK_75_PALLET_05_01_MESH.001
20:49:43 | INFO: Primitives created: 1
20:49:43 | INFO: Extracting primitive: V04_RM_RACK_75_PALLET_05_02_MESH.001
20:49:43 | INFO: Primitives created: 1
20:49:43 | INFO: Extracting primitive: V04_RM_RACK_75_PALLET_06_00_MESH.001
20:49:43 | INFO: Primitives created: 1
20:49:43 | INFO: Extracting primitive: V04_RM_RACK_75_PALLET_06_01_MESH.001
20:49:43 | INFO: Primitives created: 1
20:49:43 | INFO: Extracting primitive: V04_RM_RACK_75_PALLET_06_02_MESH.001
20:49:43 | INFO: Primitives created: 1
20:49:43 | INFO: Extracting primitive: V04_RM_RACK_75_PALLET_07_00_MESH.001
20:49:43 | INFO: Primitives created: 1
20:49:43 | INFO: Extracting primitive: V04_RM_RACK_75_PALLET_07_01_MESH.001
20:49:43 | INFO: Primitives created: 1
20:49:43 | INFO: Extracting primitive: V04_RM_RACK_75_PALLET_07_02_MESH.001
20:49:43 | INFO: Primitives created: 1
20:49:43 | INFO: Extracting primitive: V04_RM_RACK_75_PALLET_08_00_MESH.001
20:49:43 | INFO: Primitives created: 1
20:49:43 | INFO: Extracting primitive: V04_RM_RACK_75_PALLET_08_01_MESH.001
20:49:43 | INFO: Primitives created: 1
20:49:43 | INFO: Extracting primitive: V04_RM_RACK_75_PALLET_08_02_MESH.001
20:49:43 | INFO: Primitives created: 1
20:49:43 | INFO: Extracting primitive: V04_RM_RACK_75_UPRIGHT_00_00_MESH.001
20:49:43 | INFO: Primitives created: 1
20:49:43 | INFO: Extracting primitive: V04_RM_RACK_75_UPRIGHT_00_01_MESH.001
20:49:43 | INFO: Primitives created: 1
20:49:43 | INFO: Extracting primitive: V04_RM_RACK_75_UPRIGHT_00_02_MESH.001
20:49:43 | INFO: Primitives created: 1
20:49:43 | INFO: Extracting primitive: V04_RM_RACK_75_UPRIGHT_01_00_MESH.001
20:49:43 | INFO: Primitives created: 1
20:49:43 | INFO: Extracting primitive: V04_RM_RACK_75_UPRIGHT_01_01_MESH.001
20:49:43 | INFO: Primitives created: 1
20:49:43 | INFO: Extracting primitive: V04_RM_RACK_75_UPRIGHT_01_02_MESH.001
20:49:43 | INFO: Primitives created: 1
20:49:43 | INFO: Extracting primitive: V04_RM_RACK_75_UPRIGHT_02_00_MESH.001
20:49:43 | INFO: Primitives created: 1
20:49:43 | INFO: Extracting primitive: V04_RM_RACK_75_UPRIGHT_02_01_MESH.001
20:49:43 | INFO: Primitives created: 1
20:49:43 | INFO: Extracting primitive: V04_RM_RACK_75_UPRIGHT_02_02_MESH.001
20:49:43 | INFO: Primitives created: 1
20:49:43 | INFO: Extracting primitive: V04_RM_RACK_75_UPRIGHT_03_00_MESH.001
20:49:43 | INFO: Primitives created: 1
20:49:43 | INFO: Extracting primitive: V04_RM_RACK_75_UPRIGHT_03_01_MESH.001
20:49:43 | INFO: Primitives created: 1
20:49:43 | INFO: Extracting primitive: V04_RM_RACK_75_UPRIGHT_03_02_MESH.001
20:49:43 | INFO: Primitives created: 1
20:49:43 | INFO: Extracting primitive: V04_RM_RACK_75_UPRIGHT_04_00_MESH.001
20:49:43 | INFO: Primitives created: 1
20:49:43 | INFO: Extracting primitive: V04_RM_RACK_75_UPRIGHT_04_01_MESH.001
20:49:43 | INFO: Primitives created: 1
20:49:43 | INFO: Extracting primitive: V04_RM_RACK_75_UPRIGHT_04_02_MESH.001
20:49:43 | INFO: Primitives created: 1
20:49:43 | INFO: Extracting primitive: V04_RM_RACK_75_UPRIGHT_05_00_MESH.001
20:49:43 | INFO: Primitives created: 1
20:49:43 | INFO: Extracting primitive: V04_RM_RACK_75_UPRIGHT_05_01_MESH.001
20:49:43 | INFO: Primitives created: 1
20:49:43 | INFO: Extracting primitive: V04_RM_RACK_75_UPRIGHT_05_02_MESH.001
20:49:43 | INFO: Primitives created: 1
20:49:43 | INFO: Extracting primitive: V04_RM_RACK_75_UPRIGHT_06_00_MESH.001
20:49:43 | INFO: Primitives created: 1
20:49:43 | INFO: Extracting primitive: V04_RM_RACK_75_UPRIGHT_06_01_MESH.001
20:49:43 | INFO: Primitives created: 1
20:49:43 | INFO: Extracting primitive: V04_RM_RACK_75_UPRIGHT_06_02_MESH.001
20:49:43 | INFO: Primitives created: 1
20:49:43 | INFO: Extracting primitive: V04_RM_RACK_75_UPRIGHT_07_00_MESH.001
20:49:43 | INFO: Primitives created: 1
20:49:43 | INFO: Extracting primitive: V04_RM_RACK_75_UPRIGHT_07_01_MESH.001
20:49:43 | INFO: Primitives created: 1
20:49:43 | INFO: Extracting primitive: V04_RM_RACK_75_UPRIGHT_07_02_MESH.001
20:49:43 | INFO: Primitives created: 1
20:49:43 | INFO: Extracting primitive: V04_RM_RACK_75_UPRIGHT_08_00_MESH.001
20:49:43 | INFO: Primitives created: 1
20:49:43 | INFO: Extracting primitive: V04_RM_RACK_75_UPRIGHT_08_01_MESH.001
20:49:43 | INFO: Primitives created: 1
20:49:43 | INFO: Extracting primitive: V04_RM_RACK_75_UPRIGHT_08_02_MESH.001
20:49:43 | INFO: Primitives created: 1
20:49:43 | INFO: Extracting primitive: V04_RM_RACK_83_BEAM_00_MESH.001
20:49:43 | INFO: Primitives created: 1
20:49:43 | INFO: Extracting primitive: V04_RM_RACK_83_BEAM_01_MESH.001
20:49:43 | INFO: Primitives created: 1
20:49:43 | INFO: Extracting primitive: V04_RM_RACK_83_BEAM_02_MESH.001
20:49:43 | INFO: Primitives created: 1
20:49:43 | INFO: Extracting primitive: V04_RM_RACK_83_LOAD_00_00_MESH.001
20:49:43 | INFO: Primitives created: 1
20:49:43 | INFO: Extracting primitive: V04_RM_RACK_83_LOAD_00_01_MESH.001
20:49:43 | INFO: Primitives created: 1
20:49:43 | INFO: Extracting primitive: V04_RM_RACK_83_LOAD_00_02_MESH.001
20:49:43 | INFO: Primitives created: 1
20:49:43 | INFO: Extracting primitive: V04_RM_RACK_83_LOAD_01_00_MESH.001
20:49:43 | INFO: Primitives created: 1
20:49:43 | INFO: Extracting primitive: V04_RM_RACK_83_LOAD_01_01_MESH.001
20:49:43 | INFO: Primitives created: 1
20:49:43 | INFO: Extracting primitive: V04_RM_RACK_83_LOAD_01_02_MESH.001
20:49:43 | INFO: Primitives created: 1
20:49:43 | INFO: Extracting primitive: V04_RM_RACK_83_LOAD_02_00_MESH.001
20:49:43 | INFO: Primitives created: 1
20:49:43 | INFO: Extracting primitive: V04_RM_RACK_83_LOAD_02_01_MESH.001
20:49:43 | INFO: Primitives created: 1
20:49:43 | INFO: Extracting primitive: V04_RM_RACK_83_LOAD_02_02_MESH.001
20:49:43 | INFO: Primitives created: 1
20:49:43 | INFO: Extracting primitive: V04_RM_RACK_83_LOAD_03_00_MESH.001
20:49:43 | INFO: Primitives created: 1
20:49:43 | INFO: Extracting primitive: V04_RM_RACK_83_LOAD_03_01_MESH.001
20:49:43 | INFO: Primitives created: 1
20:49:43 | INFO: Extracting primitive: V04_RM_RACK_83_LOAD_03_02_MESH.001
20:49:43 | INFO: Primitives created: 1
20:49:43 | INFO: Extracting primitive: V04_RM_RACK_83_LOAD_04_00_MESH.001
20:49:43 | INFO: Primitives created: 1
20:49:43 | INFO: Extracting primitive: V04_RM_RACK_83_LOAD_04_01_MESH.001
20:49:43 | INFO: Primitives created: 1
20:49:43 | INFO: Extracting primitive: V04_RM_RACK_83_LOAD_04_02_MESH.001
20:49:43 | INFO: Primitives created: 1
20:49:43 | INFO: Extracting primitive: V04_RM_RACK_83_LOAD_05_00_MESH.001
20:49:43 | INFO: Primitives created: 1
20:49:43 | INFO: Extracting primitive: V04_RM_RACK_83_LOAD_05_01_MESH.001
20:49:43 | INFO: Primitives created: 1
20:49:43 | INFO: Extracting primitive: V04_RM_RACK_83_LOAD_05_02_MESH.001
20:49:43 | INFO: Primitives created: 1
20:49:43 | INFO: Extracting primitive: V04_RM_RACK_83_LOAD_06_00_MESH.001
20:49:43 | INFO: Primitives created: 1
20:49:43 | INFO: Extracting primitive: V04_RM_RACK_83_LOAD_06_01_MESH.001
20:49:43 | INFO: Primitives created: 1
20:49:43 | INFO: Extracting primitive: V04_RM_RACK_83_LOAD_06_02_MESH.001
20:49:43 | INFO: Primitives created: 1
20:49:43 | INFO: Extracting primitive: V04_RM_RACK_83_LOAD_07_00_MESH.001
20:49:43 | INFO: Primitives created: 1
20:49:43 | INFO: Extracting primitive: V04_RM_RACK_83_LOAD_07_01_MESH.001
20:49:43 | INFO: Primitives created: 1
20:49:43 | INFO: Extracting primitive: V04_RM_RACK_83_LOAD_07_02_MESH.001
20:49:43 | INFO: Primitives created: 1
20:49:43 | INFO: Extracting primitive: V04_RM_RACK_83_LOAD_08_00_MESH.001
20:49:43 | INFO: Primitives created: 1
20:49:43 | INFO: Extracting primitive: V04_RM_RACK_83_LOAD_08_01_MESH.001
20:49:43 | INFO: Primitives created: 1
20:49:43 | INFO: Extracting primitive: V04_RM_RACK_83_LOAD_08_02_MESH.001
20:49:43 | INFO: Primitives created: 1
20:49:43 | INFO: Extracting primitive: V04_RM_RACK_83_PALLET_00_00_MESH.001
20:49:43 | INFO: Primitives created: 1
20:49:43 | INFO: Extracting primitive: V04_RM_RACK_83_PALLET_00_01_MESH.001
20:49:43 | INFO: Primitives created: 1
20:49:43 | INFO: Extracting primitive: V04_RM_RACK_83_PALLET_00_02_MESH.001
20:49:43 | INFO: Primitives created: 1
20:49:43 | INFO: Extracting primitive: V04_RM_RACK_83_PALLET_01_00_MESH.001
20:49:43 | INFO: Primitives created: 1
20:49:43 | INFO: Extracting primitive: V04_RM_RACK_83_PALLET_01_01_MESH.001
20:49:43 | INFO: Primitives created: 1
20:49:43 | INFO: Extracting primitive: V04_RM_RACK_83_PALLET_01_02_MESH.001
20:49:43 | INFO: Primitives created: 1
20:49:43 | INFO: Extracting primitive: V04_RM_RACK_83_PALLET_02_00_MESH.001
20:49:43 | INFO: Primitives created: 1
20:49:43 | INFO: Extracting primitive: V04_RM_RACK_83_PALLET_02_01_MESH.001
20:49:43 | INFO: Primitives created: 1
20:49:43 | INFO: Extracting primitive: V04_RM_RACK_83_PALLET_02_02_MESH.001
20:49:43 | INFO: Primitives created: 1
20:49:43 | INFO: Extracting primitive: V04_RM_RACK_83_PALLET_03_00_MESH.001
20:49:43 | INFO: Primitives created: 1
20:49:43 | INFO: Extracting primitive: V04_RM_RACK_83_PALLET_03_01_MESH.001
20:49:43 | INFO: Primitives created: 1
20:49:43 | INFO: Extracting primitive: V04_RM_RACK_83_PALLET_03_02_MESH.001
20:49:43 | INFO: Primitives created: 1
20:49:43 | INFO: Extracting primitive: V04_RM_RACK_83_PALLET_04_00_MESH.001
20:49:43 | INFO: Primitives created: 1
20:49:43 | INFO: Extracting primitive: V04_RM_RACK_83_PALLET_04_01_MESH.001
20:49:43 | INFO: Primitives created: 1
20:49:43 | INFO: Extracting primitive: V04_RM_RACK_83_PALLET_04_02_MESH.001
20:49:43 | INFO: Primitives created: 1
20:49:43 | INFO: Extracting primitive: V04_RM_RACK_83_PALLET_05_00_MESH.001
20:49:43 | INFO: Primitives created: 1
20:49:43 | INFO: Extracting primitive: V04_RM_RACK_83_PALLET_05_01_MESH.001
20:49:43 | INFO: Primitives created: 1
20:49:43 | INFO: Extracting primitive: V04_RM_RACK_83_PALLET_05_02_MESH.001
20:49:43 | INFO: Primitives created: 1
20:49:43 | INFO: Extracting primitive: V04_RM_RACK_83_PALLET_06_00_MESH.001
20:49:43 | INFO: Primitives created: 1
20:49:43 | INFO: Extracting primitive: V04_RM_RACK_83_PALLET_06_01_MESH.001
20:49:43 | INFO: Primitives created: 1
20:49:43 | INFO: Extracting primitive: V04_RM_RACK_83_PALLET_06_02_MESH.001
20:49:43 | INFO: Primitives created: 1
20:49:43 | INFO: Extracting primitive: V04_RM_RACK_83_PALLET_07_00_MESH.001
20:49:43 | INFO: Primitives created: 1
20:49:43 | INFO: Extracting primitive: V04_RM_RACK_83_PALLET_07_01_MESH.001
20:49:43 | INFO: Primitives created: 1
20:49:43 | INFO: Extracting primitive: V04_RM_RACK_83_PALLET_07_02_MESH.001
20:49:43 | INFO: Primitives created: 1
20:49:43 | INFO: Extracting primitive: V04_RM_RACK_83_PALLET_08_00_MESH.001
20:49:43 | INFO: Primitives created: 1
20:49:43 | INFO: Extracting primitive: V04_RM_RACK_83_PALLET_08_01_MESH.001
20:49:43 | INFO: Primitives created: 1
20:49:43 | INFO: Extracting primitive: V04_RM_RACK_83_PALLET_08_02_MESH.001
20:49:43 | INFO: Primitives created: 1
20:49:43 | INFO: Extracting primitive: V04_RM_RACK_83_UPRIGHT_00_00_MESH.001
20:49:43 | INFO: Primitives created: 1
20:49:43 | INFO: Extracting primitive: V04_RM_RACK_83_UPRIGHT_00_01_MESH.001
20:49:43 | INFO: Primitives created: 1
20:49:43 | INFO: Extracting primitive: V04_RM_RACK_83_UPRIGHT_00_02_MESH.001
20:49:43 | INFO: Primitives created: 1
20:49:43 | INFO: Extracting primitive: V04_RM_RACK_83_UPRIGHT_01_00_MESH.001
20:49:43 | INFO: Primitives created: 1
20:49:43 | INFO: Extracting primitive: V04_RM_RACK_83_UPRIGHT_01_01_MESH.001
20:49:43 | INFO: Primitives created: 1
20:49:43 | INFO: Extracting primitive: V04_RM_RACK_83_UPRIGHT_01_02_MESH.001
20:49:43 | INFO: Primitives created: 1
20:49:43 | INFO: Extracting primitive: V04_RM_RACK_83_UPRIGHT_02_00_MESH.001
20:49:43 | INFO: Primitives created: 1
20:49:43 | INFO: Extracting primitive: V04_RM_RACK_83_UPRIGHT_02_01_MESH.001
20:49:43 | INFO: Primitives created: 1
20:49:43 | INFO: Extracting primitive: V04_RM_RACK_83_UPRIGHT_02_02_MESH.001
20:49:43 | INFO: Primitives created: 1
20:49:43 | INFO: Extracting primitive: V04_RM_RACK_83_UPRIGHT_03_00_MESH.001
20:49:43 | INFO: Primitives created: 1
20:49:43 | INFO: Extracting primitive: V04_RM_RACK_83_UPRIGHT_03_01_MESH.001
20:49:43 | INFO: Primitives created: 1
20:49:43 | INFO: Extracting primitive: V04_RM_RACK_83_UPRIGHT_03_02_MESH.001
20:49:43 | INFO: Primitives created: 1
20:49:43 | INFO: Extracting primitive: V04_RM_RACK_83_UPRIGHT_04_00_MESH.001
20:49:43 | INFO: Primitives created: 1
20:49:43 | INFO: Extracting primitive: V04_RM_RACK_83_UPRIGHT_04_01_MESH.001
20:49:43 | INFO: Primitives created: 1
20:49:43 | INFO: Extracting primitive: V04_RM_RACK_83_UPRIGHT_04_02_MESH.001
20:49:43 | INFO: Primitives created: 1
20:49:43 | INFO: Extracting primitive: V04_RM_RACK_83_UPRIGHT_05_00_MESH.001
20:49:43 | INFO: Primitives created: 1
20:49:43 | INFO: Extracting primitive: V04_RM_RACK_83_UPRIGHT_05_01_MESH.001
20:49:43 | INFO: Primitives created: 1
20:49:43 | INFO: Extracting primitive: V04_RM_RACK_83_UPRIGHT_05_02_MESH.001
20:49:43 | INFO: Primitives created: 1
20:49:43 | INFO: Extracting primitive: V04_RM_RACK_83_UPRIGHT_06_00_MESH.001
20:49:43 | INFO: Primitives created: 1
20:49:43 | INFO: Extracting primitive: V04_RM_RACK_83_UPRIGHT_06_01_MESH.001
20:49:43 | INFO: Primitives created: 1
20:49:43 | INFO: Extracting primitive: V04_RM_RACK_83_UPRIGHT_06_02_MESH.001
20:49:43 | INFO: Primitives created: 1
20:49:43 | INFO: Extracting primitive: V04_RM_RACK_83_UPRIGHT_07_00_MESH.001
20:49:43 | INFO: Primitives created: 1
20:49:43 | INFO: Extracting primitive: V04_RM_RACK_83_UPRIGHT_07_01_MESH.001
20:49:43 | INFO: Primitives created: 1
20:49:43 | INFO: Extracting primitive: V04_RM_RACK_83_UPRIGHT_07_02_MESH.001
20:49:43 | INFO: Primitives created: 1
20:49:43 | INFO: Extracting primitive: V04_RM_RACK_83_UPRIGHT_08_00_MESH.001
20:49:43 | INFO: Primitives created: 1
20:49:43 | INFO: Extracting primitive: V04_RM_RACK_83_UPRIGHT_08_01_MESH.001
20:49:43 | INFO: Primitives created: 1
20:49:43 | INFO: Extracting primitive: V04_RM_RACK_83_UPRIGHT_08_02_MESH.001
20:49:43 | INFO: Primitives created: 1
20:49:43 | INFO: Extracting primitive: V04_RM_RACK_91_BEAM_00_MESH.001
20:49:43 | INFO: Primitives created: 1
20:49:43 | INFO: Extracting primitive: V04_RM_RACK_91_BEAM_01_MESH.001
20:49:43 | INFO: Primitives created: 1
20:49:43 | INFO: Extracting primitive: V04_RM_RACK_91_BEAM_02_MESH.001
20:49:43 | INFO: Primitives created: 1
20:49:43 | INFO: Extracting primitive: V04_RM_RACK_91_LOAD_00_00_MESH.001
20:49:43 | INFO: Primitives created: 1
20:49:43 | INFO: Extracting primitive: V04_RM_RACK_91_LOAD_00_01_MESH.001
20:49:43 | INFO: Primitives created: 1
20:49:43 | INFO: Extracting primitive: V04_RM_RACK_91_LOAD_00_02_MESH.001
20:49:43 | INFO: Primitives created: 1
20:49:43 | INFO: Extracting primitive: V04_RM_RACK_91_LOAD_01_00_MESH.001
20:49:43 | INFO: Primitives created: 1
20:49:43 | INFO: Extracting primitive: V04_RM_RACK_91_LOAD_01_01_MESH.001
20:49:43 | INFO: Primitives created: 1
20:49:43 | INFO: Extracting primitive: V04_RM_RACK_91_LOAD_01_02_MESH.001
20:49:43 | INFO: Primitives created: 1
20:49:43 | INFO: Extracting primitive: V04_RM_RACK_91_LOAD_02_00_MESH.001
20:49:43 | INFO: Primitives created: 1
20:49:43 | INFO: Extracting primitive: V04_RM_RACK_91_LOAD_02_01_MESH.001
20:49:43 | INFO: Primitives created: 1
20:49:43 | INFO: Extracting primitive: V04_RM_RACK_91_LOAD_02_02_MESH.001
20:49:43 | INFO: Primitives created: 1
20:49:43 | INFO: Extracting primitive: V04_RM_RACK_91_LOAD_03_00_MESH.001
20:49:43 | INFO: Primitives created: 1
20:49:43 | INFO: Extracting primitive: V04_RM_RACK_91_LOAD_03_01_MESH.001
20:49:43 | INFO: Primitives created: 1
20:49:43 | INFO: Extracting primitive: V04_RM_RACK_91_LOAD_03_02_MESH.001
20:49:43 | INFO: Primitives created: 1
20:49:43 | INFO: Extracting primitive: V04_RM_RACK_91_LOAD_04_00_MESH.001
20:49:43 | INFO: Primitives created: 1
20:49:43 | INFO: Extracting primitive: V04_RM_RACK_91_LOAD_04_01_MESH.001
20:49:43 | INFO: Primitives created: 1
20:49:43 | INFO: Extracting primitive: V04_RM_RACK_91_LOAD_04_02_MESH.001
20:49:43 | INFO: Primitives created: 1
20:49:43 | INFO: Extracting primitive: V04_RM_RACK_91_LOAD_05_00_MESH.001
20:49:43 | INFO: Primitives created: 1
20:49:43 | INFO: Extracting primitive: V04_RM_RACK_91_LOAD_05_01_MESH.001
20:49:43 | INFO: Primitives created: 1
20:49:43 | INFO: Extracting primitive: V04_RM_RACK_91_LOAD_05_02_MESH.001
20:49:43 | INFO: Primitives created: 1
20:49:43 | INFO: Extracting primitive: V04_RM_RACK_91_LOAD_06_00_MESH.001
20:49:43 | INFO: Primitives created: 1
20:49:43 | INFO: Extracting primitive: V04_RM_RACK_91_LOAD_06_01_MESH.001
20:49:43 | INFO: Primitives created: 1
20:49:43 | INFO: Extracting primitive: V04_RM_RACK_91_LOAD_06_02_MESH.001
20:49:43 | INFO: Primitives created: 1
20:49:43 | INFO: Extracting primitive: V04_RM_RACK_91_LOAD_07_00_MESH.001
20:49:43 | INFO: Primitives created: 1
20:49:43 | INFO: Extracting primitive: V04_RM_RACK_91_LOAD_07_01_MESH.001
20:49:43 | INFO: Primitives created: 1
20:49:43 | INFO: Extracting primitive: V04_RM_RACK_91_LOAD_07_02_MESH.001
20:49:43 | INFO: Primitives created: 1
20:49:43 | INFO: Extracting primitive: V04_RM_RACK_91_LOAD_08_00_MESH.001
20:49:43 | INFO: Primitives created: 1
20:49:43 | INFO: Extracting primitive: V04_RM_RACK_91_LOAD_08_01_MESH.001
20:49:43 | INFO: Primitives created: 1
20:49:43 | INFO: Extracting primitive: V04_RM_RACK_91_LOAD_08_02_MESH.001
20:49:43 | INFO: Primitives created: 1
20:49:43 | INFO: Extracting primitive: V04_RM_RACK_91_PALLET_00_00_MESH.001
20:49:43 | INFO: Primitives created: 1
20:49:43 | INFO: Extracting primitive: V04_RM_RACK_91_PALLET_00_01_MESH.001
20:49:43 | INFO: Primitives created: 1
20:49:43 | INFO: Extracting primitive: V04_RM_RACK_91_PALLET_00_02_MESH.001
20:49:43 | INFO: Primitives created: 1
20:49:43 | INFO: Extracting primitive: V04_RM_RACK_91_PALLET_01_00_MESH.001
20:49:43 | INFO: Primitives created: 1
20:49:43 | INFO: Extracting primitive: V04_RM_RACK_91_PALLET_01_01_MESH.001
20:49:43 | INFO: Primitives created: 1
20:49:43 | INFO: Extracting primitive: V04_RM_RACK_91_PALLET_01_02_MESH.001
20:49:43 | INFO: Primitives created: 1
20:49:43 | INFO: Extracting primitive: V04_RM_RACK_91_PALLET_02_00_MESH.001
20:49:43 | INFO: Primitives created: 1
20:49:43 | INFO: Extracting primitive: V04_RM_RACK_91_PALLET_02_01_MESH.001
20:49:43 | INFO: Primitives created: 1
20:49:43 | INFO: Extracting primitive: V04_RM_RACK_91_PALLET_02_02_MESH.001
20:49:43 | INFO: Primitives created: 1
20:49:43 | INFO: Extracting primitive: V04_RM_RACK_91_PALLET_03_00_MESH.001
20:49:43 | INFO: Primitives created: 1
20:49:43 | INFO: Extracting primitive: V04_RM_RACK_91_PALLET_03_01_MESH.001
20:49:43 | INFO: Primitives created: 1
20:49:43 | INFO: Extracting primitive: V04_RM_RACK_91_PALLET_03_02_MESH.001
20:49:43 | INFO: Primitives created: 1
20:49:43 | INFO: Extracting primitive: V04_RM_RACK_91_PALLET_04_00_MESH.001
20:49:43 | INFO: Primitives created: 1
20:49:43 | INFO: Extracting primitive: V04_RM_RACK_91_PALLET_04_01_MESH.001
20:49:43 | INFO: Primitives created: 1
20:49:43 | INFO: Extracting primitive: V04_RM_RACK_91_PALLET_04_02_MESH.001
20:49:43 | INFO: Primitives created: 1
20:49:43 | INFO: Extracting primitive: V04_RM_RACK_91_PALLET_05_00_MESH.001
20:49:43 | INFO: Primitives created: 1
20:49:43 | INFO: Extracting primitive: V04_RM_RACK_91_PALLET_05_01_MESH.001
20:49:43 | INFO: Primitives created: 1
20:49:43 | INFO: Extracting primitive: V04_RM_RACK_91_PALLET_05_02_MESH.001
20:49:43 | INFO: Primitives created: 1
20:49:43 | INFO: Extracting primitive: V04_RM_RACK_91_PALLET_06_00_MESH.001
20:49:43 | INFO: Primitives created: 1
20:49:43 | INFO: Extracting primitive: V04_RM_RACK_91_PALLET_06_01_MESH.001
20:49:43 | INFO: Primitives created: 1
20:49:43 | INFO: Extracting primitive: V04_RM_RACK_91_PALLET_06_02_MESH.001
20:49:43 | INFO: Primitives created: 1
20:49:43 | INFO: Extracting primitive: V04_RM_RACK_91_PALLET_07_00_MESH.001
20:49:43 | INFO: Primitives created: 1
20:49:43 | INFO: Extracting primitive: V04_RM_RACK_91_PALLET_07_01_MESH.001
20:49:43 | INFO: Primitives created: 1
20:49:43 | INFO: Extracting primitive: V04_RM_RACK_91_PALLET_07_02_MESH.001
20:49:43 | INFO: Primitives created: 1
20:49:43 | INFO: Extracting primitive: V04_RM_RACK_91_PALLET_08_00_MESH.001
20:49:43 | INFO: Primitives created: 1
20:49:43 | INFO: Extracting primitive: V04_RM_RACK_91_PALLET_08_01_MESH.001
20:49:43 | INFO: Primitives created: 1
20:49:43 | INFO: Extracting primitive: V04_RM_RACK_91_PALLET_08_02_MESH.001
20:49:43 | INFO: Primitives created: 1
20:49:43 | INFO: Extracting primitive: V04_RM_RACK_91_UPRIGHT_00_00_MESH.001
20:49:43 | INFO: Primitives created: 1
20:49:43 | INFO: Extracting primitive: V04_RM_RACK_91_UPRIGHT_00_01_MESH.001
20:49:43 | INFO: Primitives created: 1
20:49:43 | INFO: Extracting primitive: V04_RM_RACK_91_UPRIGHT_00_02_MESH.001
20:49:43 | INFO: Primitives created: 1
20:49:43 | INFO: Extracting primitive: V04_RM_RACK_91_UPRIGHT_01_00_MESH.001
20:49:43 | INFO: Primitives created: 1
20:49:43 | INFO: Extracting primitive: V04_RM_RACK_91_UPRIGHT_01_01_MESH.001
20:49:43 | INFO: Primitives created: 1
20:49:43 | INFO: Extracting primitive: V04_RM_RACK_91_UPRIGHT_01_02_MESH.001
20:49:43 | INFO: Primitives created: 1
20:49:43 | INFO: Extracting primitive: V04_RM_RACK_91_UPRIGHT_02_00_MESH.001
20:49:43 | INFO: Primitives created: 1
20:49:43 | INFO: Extracting primitive: V04_RM_RACK_91_UPRIGHT_02_01_MESH.001
20:49:43 | INFO: Primitives created: 1
20:49:43 | INFO: Extracting primitive: V04_RM_RACK_91_UPRIGHT_02_02_MESH.001
20:49:43 | INFO: Primitives created: 1
20:49:43 | INFO: Extracting primitive: V04_RM_RACK_91_UPRIGHT_03_00_MESH.001
20:49:43 | INFO: Primitives created: 1
20:49:43 | INFO: Extracting primitive: V04_RM_RACK_91_UPRIGHT_03_01_MESH.001
20:49:43 | INFO: Primitives created: 1
20:49:43 | INFO: Extracting primitive: V04_RM_RACK_91_UPRIGHT_03_02_MESH.001
20:49:43 | INFO: Primitives created: 1
20:49:43 | INFO: Extracting primitive: V04_RM_RACK_91_UPRIGHT_04_00_MESH.001
20:49:43 | INFO: Primitives created: 1
20:49:43 | INFO: Extracting primitive: V04_RM_RACK_91_UPRIGHT_04_01_MESH.001
20:49:43 | INFO: Primitives created: 1
20:49:43 | INFO: Extracting primitive: V04_RM_RACK_91_UPRIGHT_04_02_MESH.001
20:49:43 | INFO: Primitives created: 1
20:49:43 | INFO: Extracting primitive: V04_RM_RACK_91_UPRIGHT_05_00_MESH.001
20:49:43 | INFO: Primitives created: 1
20:49:43 | INFO: Extracting primitive: V04_RM_RACK_91_UPRIGHT_05_01_MESH.001
20:49:43 | INFO: Primitives created: 1
20:49:43 | INFO: Extracting primitive: V04_RM_RACK_91_UPRIGHT_05_02_MESH.001
20:49:43 | INFO: Primitives created: 1
20:49:43 | INFO: Extracting primitive: V04_RM_RACK_91_UPRIGHT_06_00_MESH.001
20:49:43 | INFO: Primitives created: 1
20:49:43 | INFO: Extracting primitive: V04_RM_RACK_91_UPRIGHT_06_01_MESH.001
20:49:43 | INFO: Primitives created: 1
20:49:43 | INFO: Extracting primitive: V04_RM_RACK_91_UPRIGHT_06_02_MESH.001
20:49:43 | INFO: Primitives created: 1
20:49:43 | INFO: Extracting primitive: V04_RM_RACK_91_UPRIGHT_07_00_MESH.001
20:49:43 | INFO: Primitives created: 1
20:49:43 | INFO: Extracting primitive: V04_RM_RACK_91_UPRIGHT_07_01_MESH.001
20:49:43 | INFO: Primitives created: 1
20:49:43 | INFO: Extracting primitive: V04_RM_RACK_91_UPRIGHT_07_02_MESH.001
20:49:43 | INFO: Primitives created: 1
20:49:43 | INFO: Extracting primitive: V04_RM_RACK_91_UPRIGHT_08_00_MESH.001
20:49:43 | INFO: Primitives created: 1
20:49:43 | INFO: Extracting primitive: V04_RM_RACK_91_UPRIGHT_08_01_MESH.001
20:49:43 | INFO: Primitives created: 1
20:49:43 | INFO: Extracting primitive: V04_RM_RACK_91_UPRIGHT_08_02_MESH.001
20:49:43 | INFO: Primitives created: 1
20:49:43 | INFO: Extracting primitive: V04_RM_RECEIVING_DOCK_MESH.001
20:49:43 | INFO: Primitives created: 1
20:49:43 | INFO: Extracting primitive: V04_RM_RECEIVING_PALLET_00_MESH.001
20:49:43 | INFO: Primitives created: 1
20:49:43 | INFO: Extracting primitive: V04_RM_RECEIVING_PALLET_01_MESH.001
20:49:43 | INFO: Primitives created: 1
20:49:43 | INFO: Extracting primitive: V04_RM_RECEIVING_PALLET_02_MESH.001
20:49:43 | INFO: Primitives created: 1
20:49:43 | INFO: Extracting primitive: V04_RM_RECEIVING_PALLET_03_MESH.001
20:49:43 | INFO: Primitives created: 1
20:49:43 | INFO: Extracting primitive: V04_RM_RECEIVING_PALLET_04_MESH.001
20:49:43 | INFO: Primitives created: 1
20:49:43 | INFO: Extracting primitive: V04_RM_RECEIVING_PALLET_05_MESH.001
20:49:43 | INFO: Primitives created: 1
20:49:43 | INFO: Extracting primitive: V04_RM_RECEIVING_SACK_00_MESH.001
20:49:43 | INFO: Primitives created: 1
20:49:43 | INFO: Extracting primitive: V04_RM_RECEIVING_SACK_01_MESH.001
20:49:43 | INFO: Primitives created: 1
20:49:43 | INFO: Extracting primitive: V04_RM_RECEIVING_SACK_02_MESH.001
20:49:43 | INFO: Primitives created: 1
20:49:43 | INFO: Extracting primitive: V04_RM_RECEIVING_SACK_03_MESH.001
20:49:43 | INFO: Primitives created: 1
20:49:43 | INFO: Extracting primitive: V04_RM_RECEIVING_SACK_04_MESH.001
20:49:43 | INFO: Primitives created: 1
20:49:43 | INFO: Extracting primitive: V04_RM_RECEIVING_SACK_05_MESH.001
20:49:43 | INFO: Primitives created: 1
20:49:43 | INFO: Extracting primitive: V04_RM_RIGHT_MESH.001
20:49:43 | INFO: Primitives created: 1
20:49:43 | INFO: Extracting primitive: V04_RM_SAMPLING_BOOTH_MESH.001
20:49:43 | INFO: Primitives created: 1
20:49:43 | INFO: Extracting primitive: V04_UTIL_BACK_MESH.001
20:49:43 | INFO: Primitives created: 1
20:49:43 | INFO: Extracting primitive: V04_UTIL_BOILER_MESH.001
20:49:43 | INFO: Primitives created: 1
20:49:43 | INFO: Extracting primitive: V04_UTIL_COMPRESSOR_MESH.001
20:49:43 | INFO: Primitives created: 1
20:49:43 | INFO: Extracting primitive: V04_UTIL_COMPRESSOR_SKID_MESH.001
20:49:43 | INFO: Primitives created: 1
20:49:43 | INFO: Extracting primitive: V04_UTIL_FLOOR_MESH.001
20:49:43 | INFO: Primitives created: 1
20:49:43 | INFO: Extracting primitive: V04_UTIL_LEFT_MESH.001
20:49:43 | INFO: Primitives created: 1
20:49:43 | INFO: Extracting primitive: V04_UTIL_LIGHT_00_BODY_MESH.001
20:49:43 | INFO: Primitives created: 1
20:49:43 | INFO: Extracting primitive: V04_UTIL_LIGHT_00_GLOW_MESH.001
20:49:43 | INFO: Primitives created: 1
20:49:43 | INFO: Extracting primitive: V04_UTIL_LIGHT_01_BODY_MESH.001
20:49:43 | INFO: Primitives created: 1
20:49:43 | INFO: Extracting primitive: V04_UTIL_LIGHT_01_GLOW_MESH.001
20:49:43 | INFO: Primitives created: 1
20:49:43 | INFO: Extracting primitive: V04_UTIL_LIGHT_02_BODY_MESH.001
20:49:43 | INFO: Primitives created: 1
20:49:43 | INFO: Extracting primitive: V04_UTIL_LIGHT_02_GLOW_MESH.001
20:49:43 | INFO: Primitives created: 1
20:49:43 | INFO: Extracting primitive: V04_UTIL_LIGHT_03_BODY_MESH.001
20:49:43 | INFO: Primitives created: 1
20:49:43 | INFO: Extracting primitive: V04_UTIL_LIGHT_03_GLOW_MESH.001
20:49:43 | INFO: Primitives created: 1
20:49:43 | INFO: Extracting primitive: V04_UTIL_LIGHT_04_BODY_MESH.001
20:49:43 | INFO: Primitives created: 1
20:49:43 | INFO: Extracting primitive: V04_UTIL_LIGHT_04_GLOW_MESH.001
20:49:43 | INFO: Primitives created: 1
20:49:43 | INFO: Extracting primitive: V04_UTIL_MAINT_BENCH_MESH.001
20:49:43 | INFO: Primitives created: 1
20:49:43 | INFO: Extracting primitive: V04_UTIL_MANIFOLD_00_MESH.001
20:49:43 | INFO: Primitives created: 1
20:49:43 | INFO: Extracting primitive: V04_UTIL_MANIFOLD_01_MESH.001
20:49:43 | INFO: Primitives created: 1
20:49:43 | INFO: Extracting primitive: V04_UTIL_MANIFOLD_02_MESH.001
20:49:43 | INFO: Primitives created: 1
20:49:43 | INFO: Extracting primitive: V04_UTIL_MANIFOLD_03_MESH.001
20:49:43 | INFO: Primitives created: 1
20:49:43 | INFO: Extracting primitive: V04_UTIL_RIGHT_MESH.001
20:49:43 | INFO: Primitives created: 1
20:49:43 | INFO: Extracting primitive: V04_UTIL_RO_COLUMN_00_MESH.001
20:49:43 | INFO: Primitives created: 1
20:49:43 | INFO: Extracting primitive: V04_UTIL_RO_COLUMN_01_MESH.001
20:49:43 | INFO: Primitives created: 1
20:49:43 | INFO: Extracting primitive: V04_UTIL_RO_COLUMN_02_MESH.001
20:49:43 | INFO: Primitives created: 1
20:49:43 | INFO: Extracting primitive: V04_UTIL_RO_SKID_MESH.001
20:49:43 | INFO: Primitives created: 1
20:49:43 | INFO: Extracting primitive: V04_UTIL_STEAM_HEADER_MESH.001
20:49:43 | INFO: Primitives created: 1
20:49:43 | INFO: Extracting primitive: V04_UTIL_TOOL_00_MESH.001
20:49:43 | INFO: Primitives created: 1
20:49:43 | INFO: Extracting primitive: V04_UTIL_TOOL_01_MESH.001
20:49:43 | INFO: Primitives created: 1
20:49:43 | INFO: Extracting primitive: V04_UTIL_TOOL_02_MESH.001
20:49:43 | INFO: Primitives created: 1
20:49:43 | INFO: Extracting primitive: V04_UTIL_TOOL_03_MESH.001
20:49:43 | INFO: Primitives created: 1
20:49:43 | INFO: Extracting primitive: V04_UTIL_TOOL_04_MESH.001
20:49:43 | INFO: Primitives created: 1
20:49:43 | INFO: Extracting primitive: V04_WIPES_BACK_MESH.001
20:49:43 | INFO: Primitives created: 1
20:49:43 | INFO: Extracting primitive: V04_WIPES_FLOOR_MESH.001
20:49:43 | INFO: Primitives created: 1
20:49:43 | INFO: Extracting primitive: V04_WIPES_FOLDING_BLADE_00_MESH.001
20:49:43 | INFO: Primitives created: 1
20:49:43 | INFO: Extracting primitive: V04_WIPES_FOLDING_BLADE_01_MESH.001
20:49:43 | INFO: Primitives created: 1
20:49:43 | INFO: Extracting primitive: V04_WIPES_FOLDING_BLADE_02_MESH.001
20:49:43 | INFO: Primitives created: 1
20:49:43 | INFO: Extracting primitive: V04_WIPES_FOLDING_PLOW_FRAME_MESH.001
20:49:43 | INFO: Primitives created: 1
20:49:43 | INFO: Extracting primitive: V04_WIPES_LEFT_MESH.001
20:49:43 | INFO: Primitives created: 1
20:49:43 | INFO: Extracting primitive: V04_WIPES_LIGHT_00_BODY_MESH.001
20:49:43 | INFO: Primitives created: 1
20:49:43 | INFO: Extracting primitive: V04_WIPES_LIGHT_00_GLOW_MESH.001
20:49:43 | INFO: Primitives created: 1
20:49:43 | INFO: Extracting primitive: V04_WIPES_LIGHT_01_BODY_MESH.001
20:49:43 | INFO: Primitives created: 1
20:49:43 | INFO: Extracting primitive: V04_WIPES_LIGHT_01_GLOW_MESH.001
20:49:43 | INFO: Primitives created: 1
20:49:43 | INFO: Extracting primitive: V04_WIPES_LIGHT_02_BODY_MESH.001
20:49:43 | INFO: Primitives created: 1
20:49:43 | INFO: Extracting primitive: V04_WIPES_LIGHT_02_GLOW_MESH.001
20:49:43 | INFO: Primitives created: 1
20:49:43 | INFO: Extracting primitive: V04_WIPES_LIGHT_03_BODY_MESH.001
20:49:43 | INFO: Primitives created: 1
20:49:43 | INFO: Extracting primitive: V04_WIPES_LIGHT_03_GLOW_MESH.001
20:49:43 | INFO: Primitives created: 1
20:49:43 | INFO: Extracting primitive: V04_WIPES_LIGHT_04_BODY_MESH.001
20:49:43 | INFO: Primitives created: 1
20:49:43 | INFO: Extracting primitive: V04_WIPES_LIGHT_04_GLOW_MESH.001
20:49:43 | INFO: Primitives created: 1
20:49:43 | INFO: Extracting primitive: V04_WIPES_LIGHT_05_BODY_MESH.001
20:49:43 | INFO: Primitives created: 1
20:49:43 | INFO: Extracting primitive: V04_WIPES_LIGHT_05_GLOW_MESH.001
20:49:43 | INFO: Primitives created: 1
20:49:43 | INFO: Extracting primitive: V04_WIPES_POUCH_FILM_PATH_MESH.001
20:49:43 | INFO: Primitives created: 1
20:49:43 | INFO: Extracting primitive: V04_WIPES_RIGHT_MESH.001
20:49:43 | INFO: Primitives created: 1
20:49:43 | INFO: Extracting primitive: V04_WIPES_SEALING_JAWS_MESH.001
20:49:43 | INFO: Primitives created: 1
20:49:43 | INFO: Extracting primitive: V04_WIPES_WEB_GUIDE_00_MESH.001
20:49:43 | INFO: Primitives created: 1
20:49:43 | INFO: Extracting primitive: V04_WIPES_WEB_GUIDE_01_MESH.001
20:49:43 | INFO: Primitives created: 1
20:49:43 | INFO: Extracting primitive: V04_WIPES_WEB_GUIDE_02_MESH.001
20:49:43 | INFO: Primitives created: 1
20:49:43 | INFO: Extracting primitive: V04_WIPES_WEB_GUIDE_03_MESH.001
20:49:43 | INFO: Primitives created: 1
20:49:43 | INFO: Extracting primitive: V04_WIPES_WEB_GUIDE_04_MESH.001
20:49:43 | INFO: Primitives created: 1
20:49:43 | INFO: Extracting primitive: V04_WIPES_WEB_GUIDE_05_MESH.001
20:49:43 | INFO: Primitives created: 1
20:49:43 | INFO: Extracting primitive: V04_WIPES_WEB_TABLE_MESH.001
20:49:43 | INFO: Primitives created: 1
20:49:43 | INFO: Extracting primitive: Cube.007
20:49:43 | INFO: Primitives created: 1
20:49:43 | INFO: Extracting primitive: Cube.008
20:49:43 | INFO: Primitives created: 1
20:49:43 | INFO: Extracting primitive: Cube
20:49:43 | INFO: Primitives created: 1
20:49:43 | INFO: Extracting primitive: Cube.001
20:49:43 | INFO: Primitives created: 1
20:49:43 | INFO: Extracting primitive: Cube.002
20:49:43 | INFO: Primitives created: 1
20:49:43 | INFO: Extracting primitive: Cube.003
20:49:43 | INFO: Primitives created: 1
20:49:43 | INFO: Extracting primitive: Cube.004
20:49:43 | INFO: Primitives created: 1
20:49:43 | INFO: Extracting primitive: Cube.009
20:49:43 | INFO: Primitives created: 1
20:49:43 | INFO: Extracting primitive: Cube.005
20:49:43 | INFO: Primitives created: 1
20:49:43 | INFO: Extracting primitive: VIP_ENTRANCE_SIGNAGE_CURVE
20:49:43 | INFO: Primitives created: 1
20:49:43 | INFO: Extracting primitive: Cube.006
20:49:43 | INFO: Primitives created: 1
20:49:43 | INFO: Extracting primitive: Mesh_0
20:49:43 | INFO: Primitives created: 1
20:49:43 | INFO: Extracting primitive: Mesh_1
20:49:43 | INFO: Primitives created: 1
20:49:43 | INFO: Extracting primitive: Mesh_2
20:49:43 | INFO: Primitives created: 1
20:49:43 | INFO: Extracting primitive: Mesh_3
20:49:43 | INFO: Primitives created: 1
20:49:43 | INFO: Extracting primitive: Mesh_4
20:49:43 | INFO: Primitives created: 1
20:49:43 | INFO: Extracting primitive: Mesh_5
20:49:43 | INFO: Primitives created: 1
20:49:43 | INFO: Extracting primitive: Mesh_6
20:49:43 | INFO: Primitives created: 1
20:49:43 | INFO: Extracting primitive: Mesh_7
20:49:43 | INFO: Primitives created: 1
20:49:43 | INFO: Extracting primitive: Mesh_8
20:49:43 | INFO: Primitives created: 1
20:49:43 | INFO: Extracting primitive: Mesh_9
20:49:43 | INFO: Primitives created: 1
20:49:43 | INFO: Extracting primitive: Mesh_10
20:49:43 | INFO: Primitives created: 1
20:49:43 | INFO: Extracting primitive: Mesh_11
20:49:43 | INFO: Primitives created: 1
20:49:43 | INFO: Extracting primitive: Mesh_12
20:49:43 | INFO: Primitives created: 1
20:49:43 | INFO: Extracting primitive: Mesh_13
20:49:43 | INFO: Primitives created: 1
20:49:43 | INFO: Extracting primitive: Mesh_14
20:49:43 | INFO: Primitives created: 1
20:49:43 | INFO: Extracting primitive: Mesh_15
20:49:43 | INFO: Primitives created: 1
20:49:43 | INFO: Extracting primitive: Mesh_16
20:49:43 | INFO: Primitives created: 1
20:49:43 | INFO: Extracting primitive: Mesh_17
20:49:43 | INFO: Primitives created: 1
20:49:43 | INFO: Extracting primitive: Mesh_18
20:49:43 | INFO: Primitives created: 1
20:49:43 | INFO: Extracting primitive: Mesh_19
20:49:43 | INFO: Primitives created: 1
20:49:43 | INFO: Extracting primitive: Mesh_20
20:49:43 | INFO: Primitives created: 1
20:49:43 | INFO: Extracting primitive: Mesh_21
20:49:43 | INFO: Primitives created: 1
20:49:43 | INFO: Extracting primitive: Mesh_22
20:49:43 | INFO: Primitives created: 1
20:49:43 | INFO: Extracting primitive: Mesh_23
20:49:43 | INFO: Primitives created: 1
20:49:43 | INFO: Extracting primitive: Mesh_24
20:49:43 | INFO: Primitives created: 1
20:49:43 | INFO: Extracting primitive: Mesh_25
20:49:43 | INFO: Primitives created: 1
20:49:43 | INFO: Extracting primitive: Mesh_26
20:49:43 | INFO: Primitives created: 1
20:49:43 | INFO: Extracting primitive: Mesh_27
20:49:43 | INFO: Primitives created: 1
20:49:43 | INFO: Extracting primitive: Mesh_28
20:49:43 | INFO: Primitives created: 1
20:49:43 | INFO: Extracting primitive: Mesh_29
20:49:43 | INFO: Primitives created: 1
20:49:43 | INFO: Extracting primitive: Mesh_30
20:49:43 | INFO: Primitives created: 1
20:49:43 | INFO: Extracting primitive: Mesh_31
20:49:43 | INFO: Primitives created: 1
20:49:43 | INFO: Extracting primitive: Mesh_32
20:49:43 | INFO: Primitives created: 1
20:49:43 | INFO: Extracting primitive: Mesh_33
20:49:43 | INFO: Primitives created: 1
20:49:43 | INFO: Extracting primitive: Mesh_34
20:49:43 | INFO: Primitives created: 1
20:49:43 | INFO: Extracting primitive: Mesh_35
20:49:43 | INFO: Primitives created: 1
20:49:43 | INFO: Extracting primitive: Mesh_36
20:49:43 | INFO: Primitives created: 1
20:49:43 | INFO: Extracting primitive: Mesh_37
20:49:43 | INFO: Primitives created: 1
20:49:43 | INFO: Extracting primitive: Mesh_38
20:49:43 | INFO: Primitives created: 1
20:49:43 | INFO: Extracting primitive: Mesh_39
20:49:43 | INFO: Primitives created: 1
20:49:43 | INFO: Extracting primitive: Mesh_40
20:49:43 | INFO: Primitives created: 1
20:49:43 | INFO: Extracting primitive: Mesh_41
20:49:43 | INFO: Primitives created: 1
20:49:43 | INFO: Extracting primitive: Mesh_42
20:49:43 | INFO: Primitives created: 1
20:49:43 | INFO: Extracting primitive: Mesh_43
20:49:43 | INFO: Primitives created: 1
20:49:43 | INFO: Extracting primitive: Mesh_44
20:49:43 | INFO: Primitives created: 1
20:49:43 | INFO: Extracting primitive: Mesh_45
20:49:43 | INFO: Primitives created: 1
20:49:43 | INFO: Extracting primitive: Mesh_46
20:49:43 | INFO: Primitives created: 1
20:49:43 | INFO: Extracting primitive: Mesh_47
20:49:43 | INFO: Primitives created: 1
20:49:43 | INFO: Extracting primitive: Mesh_48
20:49:43 | INFO: Primitives created: 1
20:49:43 | INFO: Extracting primitive: Mesh_49
20:49:43 | INFO: Primitives created: 1
20:49:43 | INFO: Extracting primitive: Mesh_50
20:49:43 | INFO: Primitives created: 1
20:49:43 | INFO: Extracting primitive: Mesh_51
20:49:43 | INFO: Primitives created: 1
20:49:43 | INFO: Extracting primitive: Mesh_52
20:49:43 | INFO: Primitives created: 1
20:49:43 | INFO: Extracting primitive: Mesh_53
20:49:43 | INFO: Primitives created: 1
20:49:43 | INFO: Extracting primitive: Mesh_54
20:49:43 | INFO: Primitives created: 1
20:49:43 | INFO: Extracting primitive: Mesh_55
20:49:43 | INFO: Primitives created: 1
20:49:43 | INFO: Extracting primitive: Mesh_56
20:49:43 | INFO: Primitives created: 1
20:49:43 | INFO: Extracting primitive: Mesh_57
20:49:43 | INFO: Primitives created: 1
20:49:43 | INFO: Extracting primitive: Mesh_58
20:49:43 | INFO: Primitives created: 1
20:49:43 | INFO: Extracting primitive: Mesh_59
20:49:43 | INFO: Primitives created: 1
20:49:43 | INFO: Extracting primitive: Mesh_60
20:49:43 | INFO: Primitives created: 1
20:49:43 | INFO: Extracting primitive: Mesh_61
20:49:43 | INFO: Primitives created: 1
20:49:43 | INFO: Extracting primitive: Mesh_62
20:49:43 | INFO: Primitives created: 1
20:49:43 | INFO: Extracting primitive: Mesh_63
20:49:43 | INFO: Primitives created: 1
20:49:43 | INFO: Extracting primitive: Mesh_64
20:49:43 | INFO: Primitives created: 1
20:49:43 | INFO: Extracting primitive: Mesh_65
20:49:43 | INFO: Primitives created: 1
20:49:43 | INFO: Extracting primitive: Mesh_66
20:49:43 | INFO: Primitives created: 1
20:49:43 | INFO: Extracting primitive: Mesh_67
20:49:43 | INFO: Primitives created: 1
20:49:43 | INFO: Extracting primitive: Mesh_68
20:49:43 | INFO: Primitives created: 1
20:49:43 | INFO: Extracting primitive: Mesh_69
20:49:43 | INFO: Primitives created: 1
20:49:43 | INFO: Extracting primitive: Mesh_70
20:49:43 | INFO: Primitives created: 1
20:49:43 | INFO: Extracting primitive: Mesh_71
20:49:43 | INFO: Primitives created: 1
20:49:43 | INFO: Extracting primitive: Mesh_72
20:49:43 | INFO: Primitives created: 1
20:49:43 | INFO: Extracting primitive: Mesh_73
20:49:43 | INFO: Primitives created: 1
20:49:43 | INFO: Extracting primitive: Mesh_74
20:49:43 | INFO: Primitives created: 1
20:49:43 | INFO: Extracting primitive: Mesh_75
20:49:43 | INFO: Primitives created: 1
20:49:43 | INFO: Extracting primitive: Mesh_76
20:49:43 | INFO: Primitives created: 1
20:49:43 | INFO: Extracting primitive: Mesh_77
20:49:43 | INFO: Primitives created: 1
20:49:43 | INFO: Extracting primitive: Mesh_78
20:49:43 | INFO: Primitives created: 1
20:49:43 | INFO: Extracting primitive: Mesh_79
20:49:43 | INFO: Primitives created: 1
20:49:43 | INFO: Extracting primitive: Mesh_80
20:49:43 | INFO: Primitives created: 1
20:49:43 | INFO: Extracting primitive: Mesh_81
20:49:43 | INFO: Primitives created: 1
20:49:43 | INFO: Extracting primitive: Mesh_82
20:49:43 | INFO: Primitives created: 1
20:49:43 | INFO: Extracting primitive: Mesh_83
20:49:43 | INFO: Primitives created: 1
20:49:43 | INFO: Extracting primitive: Mesh_84
20:49:43 | INFO: Primitives created: 1
20:49:43 | INFO: Extracting primitive: Mesh_85
20:49:43 | INFO: Primitives created: 1
20:49:43 | INFO: Extracting primitive: Mesh_86
20:49:43 | INFO: Primitives created: 1
20:49:43 | INFO: Extracting primitive: Mesh_87
20:49:43 | INFO: Primitives created: 1
20:49:43 | INFO: Extracting primitive: Mesh_88
20:49:43 | INFO: Primitives created: 1
20:49:43 | INFO: Extracting primitive: Mesh_89
20:49:43 | INFO: Primitives created: 1
20:49:43 | INFO: Extracting primitive: Mesh_90
20:49:43 | INFO: Primitives created: 1
20:49:43 | INFO: Extracting primitive: Mesh_91
20:49:43 | INFO: Primitives created: 1
20:49:43 | INFO: Extracting primitive: Mesh_92
20:49:43 | INFO: Primitives created: 1
20:49:43 | INFO: Extracting primitive: Mesh_93
20:49:43 | INFO: Primitives created: 1
20:49:43 | INFO: Extracting primitive: Mesh_94
20:49:43 | INFO: Primitives created: 1
20:49:43 | INFO: Extracting primitive: Mesh_95
20:49:43 | INFO: Primitives created: 1
20:49:43 | INFO: Extracting primitive: Mesh_96
20:49:43 | INFO: Primitives created: 1
20:49:43 | INFO: Extracting primitive: Mesh_97
20:49:43 | INFO: Primitives created: 1
20:49:43 | INFO: Extracting primitive: Mesh_98
20:49:43 | INFO: Primitives created: 1
20:49:43 | INFO: Extracting primitive: Mesh_99
20:49:43 | INFO: Primitives created: 1
20:49:43 | INFO: Extracting primitive: Mesh_100
20:49:43 | INFO: Primitives created: 1
20:49:43 | INFO: Extracting primitive: Mesh_101
20:49:43 | INFO: Primitives created: 1
20:49:43 | INFO: Extracting primitive: Mesh_102
20:49:43 | INFO: Primitives created: 1
20:49:43 | INFO: Extracting primitive: Mesh_103
20:49:43 | INFO: Primitives created: 1
20:49:43 | INFO: Extracting primitive: Mesh_104
20:49:43 | INFO: Primitives created: 1
20:49:43 | INFO: Extracting primitive: Mesh_105
20:49:43 | INFO: Primitives created: 1
20:49:43 | INFO: Extracting primitive: Mesh_106
20:49:43 | INFO: Primitives created: 1
20:49:43 | INFO: Extracting primitive: Mesh_107
20:49:43 | INFO: Primitives created: 1
20:49:43 | INFO: Extracting primitive: Mesh_108
20:49:43 | INFO: Primitives created: 1
20:49:43 | INFO: Extracting primitive: Mesh_109
20:49:43 | INFO: Primitives created: 1
20:49:43 | INFO: Extracting primitive: Mesh_110
20:49:43 | INFO: Primitives created: 1
20:49:43 | INFO: Extracting primitive: Mesh_111
20:49:43 | INFO: Primitives created: 1
20:49:43 | INFO: Extracting primitive: Mesh_112
20:49:43 | INFO: Primitives created: 1
20:49:43 | INFO: Extracting primitive: Mesh_113
20:49:43 | INFO: Primitives created: 1
20:49:43 | INFO: Extracting primitive: Mesh_114
20:49:43 | INFO: Primitives created: 1
20:49:43 | INFO: Extracting primitive: Mesh_115
20:49:43 | INFO: Primitives created: 1
20:49:43 | INFO: Extracting primitive: Mesh_116
20:49:43 | INFO: Primitives created: 1
20:49:43 | INFO: Extracting primitive: Mesh_117
20:49:43 | INFO: Primitives created: 1
20:49:43 | INFO: Extracting primitive: Mesh_118
20:49:43 | INFO: Primitives created: 1
20:49:43 | INFO: Extracting primitive: Mesh_119
20:49:43 | INFO: Primitives created: 1
20:49:43 | INFO: Extracting primitive: Mesh_120
20:49:43 | INFO: Primitives created: 1
20:49:43 | INFO: Extracting primitive: Mesh_121
20:49:43 | INFO: Primitives created: 1
20:49:43 | INFO: Extracting primitive: Mesh_122
20:49:43 | INFO: Primitives created: 1
20:49:43 | INFO: Extracting primitive: Mesh_123
20:49:43 | INFO: Primitives created: 1
20:49:43 | INFO: Extracting primitive: Mesh_124
20:49:43 | INFO: Primitives created: 1
20:49:43 | INFO: Extracting primitive: Mesh_125
20:49:43 | INFO: Primitives created: 1
20:49:43 | INFO: Extracting primitive: Mesh_126
20:49:43 | INFO: Primitives created: 1
20:49:43 | INFO: Extracting primitive: Mesh_127
20:49:43 | INFO: Primitives created: 1
20:49:43 | INFO: Extracting primitive: Mesh_128
20:49:43 | INFO: Primitives created: 1
20:49:43 | INFO: Extracting primitive: Mesh_129
20:49:43 | INFO: Primitives created: 1
20:49:43 | INFO: Extracting primitive: Mesh_130
20:49:43 | INFO: Primitives created: 1
20:49:43 | INFO: Extracting primitive: Mesh_131
20:49:43 | INFO: Primitives created: 1
20:49:43 | INFO: Extracting primitive: Mesh_132
20:49:43 | INFO: Primitives created: 1
20:49:43 | INFO: Extracting primitive: Mesh_133
20:49:43 | INFO: Primitives created: 1
20:49:43 | INFO: Extracting primitive: Mesh_134
20:49:43 | INFO: Primitives created: 1
20:49:43 | INFO: Extracting primitive: Mesh_135
20:49:43 | INFO: Primitives created: 1
20:49:43 | INFO: Extracting primitive: Mesh_136
20:49:43 | INFO: Primitives created: 1
20:49:43 | INFO: Extracting primitive: Mesh_137
20:49:43 | INFO: Primitives created: 1
20:49:43 | INFO: Extracting primitive: Mesh_138
20:49:43 | INFO: Primitives created: 1
20:49:43 | INFO: Extracting primitive: Mesh_139
20:49:43 | INFO: Primitives created: 1
20:49:43 | INFO: Extracting primitive: Mesh_140
20:49:43 | INFO: Primitives created: 1
20:49:43 | INFO: Extracting primitive: Mesh_141
20:49:43 | INFO: Primitives created: 1
20:49:43 | INFO: Extracting primitive: Mesh_142
20:49:43 | INFO: Primitives created: 1
20:49:43 | INFO: Extracting primitive: Mesh_143
20:49:43 | INFO: Primitives created: 1
20:49:43 | INFO: Extracting primitive: Mesh_144
20:49:43 | INFO: Primitives created: 1
20:49:43 | INFO: Extracting primitive: Mesh_145
20:49:43 | INFO: Primitives created: 1
20:49:43 | INFO: Extracting primitive: Mesh_146
20:49:43 | INFO: Primitives created: 1
20:49:43 | INFO: Extracting primitive: Mesh_147
20:49:43 | INFO: Primitives created: 1
20:49:43 | INFO: Extracting primitive: Mesh_148
20:49:43 | INFO: Primitives created: 1
20:49:43 | INFO: Extracting primitive: Mesh_149
20:49:43 | INFO: Primitives created: 1
20:49:43 | INFO: Extracting primitive: Mesh_150
20:49:43 | INFO: Primitives created: 1
20:49:43 | INFO: Extracting primitive: Mesh_151
20:49:43 | INFO: Primitives created: 1
20:49:43 | INFO: Extracting primitive: Mesh_152
20:49:43 | INFO: Primitives created: 1
20:49:43 | INFO: Extracting primitive: Mesh_153
20:49:43 | INFO: Primitives created: 1
20:49:43 | INFO: Extracting primitive: Mesh_154
20:49:43 | INFO: Primitives created: 1
20:49:43 | INFO: Extracting primitive: Mesh_155
20:49:43 | INFO: Primitives created: 1
20:49:43 | INFO: Extracting primitive: Mesh_156
20:49:43 | INFO: Primitives created: 1
20:49:43 | INFO: Extracting primitive: Mesh_157
20:49:43 | INFO: Primitives created: 1
20:49:43 | INFO: Extracting primitive: Mesh_158
20:49:43 | INFO: Primitives created: 1
20:49:43 | INFO: Extracting primitive: Mesh_159
20:49:43 | INFO: Primitives created: 1
20:49:43 | INFO: Extracting primitive: Mesh_160
20:49:43 | INFO: Primitives created: 1
20:49:43 | INFO: Extracting primitive: Mesh_161
20:49:43 | INFO: Primitives created: 1
20:49:43 | INFO: Extracting primitive: Mesh_162
20:49:43 | INFO: Primitives created: 1
20:49:43 | INFO: Extracting primitive: Mesh_163
20:49:43 | INFO: Primitives created: 1
20:49:43 | INFO: Extracting primitive: Mesh_164
20:49:43 | INFO: Primitives created: 1
20:49:43 | INFO: Extracting primitive: Mesh_165
20:49:43 | INFO: Primitives created: 1
20:49:43 | INFO: Extracting primitive: Mesh_166
20:49:43 | INFO: Primitives created: 1
20:49:43 | INFO: Extracting primitive: Mesh_167
20:49:43 | INFO: Primitives created: 1
20:49:43 | INFO: Extracting primitive: Mesh_168
20:49:43 | INFO: Primitives created: 1
20:49:43 | INFO: Extracting primitive: Mesh_169
20:49:43 | INFO: Primitives created: 1
20:49:43 | INFO: Extracting primitive: Mesh_170
20:49:43 | INFO: Primitives created: 1
20:49:43 | INFO: Extracting primitive: Mesh_171
20:49:43 | INFO: Primitives created: 1
20:49:43 | INFO: Extracting primitive: Mesh_172
20:49:43 | INFO: Primitives created: 1
20:49:43 | INFO: Extracting primitive: Mesh_173
20:49:43 | INFO: Primitives created: 1
20:49:43 | INFO: Extracting primitive: Mesh_174
20:49:43 | INFO: Primitives created: 1
20:49:43 | INFO: Extracting primitive: Mesh_175
20:49:43 | INFO: Primitives created: 1
20:49:43 | INFO: Extracting primitive: Mesh_176
20:49:43 | INFO: Primitives created: 1
20:49:43 | INFO: Extracting primitive: Mesh_177
20:49:43 | INFO: Primitives created: 1
20:49:43 | INFO: Extracting primitive: Mesh_178
20:49:43 | INFO: Primitives created: 1
20:49:43 | INFO: Extracting primitive: Mesh_179
20:49:43 | INFO: Primitives created: 1
20:49:43 | INFO: Extracting primitive: Mesh_180
20:49:43 | INFO: Primitives created: 1
20:49:43 | INFO: Extracting primitive: Mesh_181
20:49:43 | INFO: Primitives created: 1
20:49:43 | INFO: Extracting primitive: Mesh_182
20:49:43 | INFO: Primitives created: 1
20:49:43 | INFO: Extracting primitive: Mesh_183
20:49:43 | INFO: Primitives created: 1
20:49:43 | INFO: Extracting primitive: Mesh_184
20:49:43 | INFO: Primitives created: 1
20:49:43 | INFO: Extracting primitive: Mesh_185
20:49:43 | INFO: Primitives created: 1
20:49:43 | INFO: Extracting primitive: Mesh_186
20:49:43 | INFO: Primitives created: 1
20:49:43 | INFO: Extracting primitive: Mesh_187
20:49:43 | INFO: Primitives created: 1
20:49:43 | INFO: Extracting primitive: Mesh_188
20:49:43 | INFO: Primitives created: 1
20:49:43 | INFO: Extracting primitive: Mesh_189
20:49:43 | INFO: Primitives created: 1
20:49:43 | INFO: Extracting primitive: Mesh_190
20:49:43 | INFO: Primitives created: 1
20:49:43 | INFO: Extracting primitive: Mesh_191
20:49:43 | INFO: Primitives created: 1
20:49:43 | INFO: Extracting primitive: Mesh_192
20:49:43 | INFO: Primitives created: 1
20:49:43 | INFO: Extracting primitive: Mesh_193
20:49:43 | INFO: Primitives created: 1
20:49:43 | INFO: Extracting primitive: Mesh_194
20:49:43 | INFO: Primitives created: 1
20:49:43 | INFO: Extracting primitive: Mesh_195
20:49:44 | INFO: Primitives created: 1
20:49:44 | INFO: Extracting primitive: Mesh_196
20:49:44 | INFO: Primitives created: 1
20:49:44 | INFO: Extracting primitive: Mesh_197
20:49:44 | INFO: Primitives created: 1
20:49:44 | INFO: Extracting primitive: Mesh_198
20:49:44 | INFO: Primitives created: 1
20:49:44 | INFO: Extracting primitive: Mesh_199
20:49:44 | INFO: Primitives created: 1
20:49:44 | INFO: Extracting primitive: Mesh_200
20:49:44 | INFO: Primitives created: 1
20:49:44 | INFO: Extracting primitive: Mesh_201
20:49:44 | INFO: Primitives created: 1
20:49:44 | INFO: Extracting primitive: Mesh_202
20:49:44 | INFO: Primitives created: 1
20:49:44 | INFO: Extracting primitive: Mesh_203
20:49:44 | INFO: Primitives created: 1
20:49:44 | INFO: Extracting primitive: Mesh_204
20:49:44 | INFO: Primitives created: 1
20:49:44 | INFO: Extracting primitive: Mesh_205
20:49:44 | INFO: Primitives created: 1
20:49:44 | INFO: Extracting primitive: Mesh_206
20:49:44 | INFO: Primitives created: 1
20:49:44 | INFO: Extracting primitive: Mesh_207
20:49:44 | INFO: Primitives created: 1
20:49:44 | INFO: Extracting primitive: Mesh_208
20:49:44 | INFO: Primitives created: 1
20:49:44 | INFO: Extracting primitive: Mesh_209
20:49:44 | INFO: Primitives created: 1
20:49:44 | INFO: Extracting primitive: Mesh_210
20:49:44 | INFO: Primitives created: 1
20:49:44 | INFO: Extracting primitive: Mesh_211
20:49:44 | INFO: Primitives created: 1
20:49:44 | INFO: Extracting primitive: Mesh_212
20:49:44 | INFO: Primitives created: 1
20:49:44 | INFO: Extracting primitive: Mesh_213
20:49:44 | INFO: Primitives created: 1
20:49:44 | INFO: Extracting primitive: Mesh_214
20:49:44 | INFO: Primitives created: 1
20:49:44 | INFO: Extracting primitive: Mesh_215
20:49:44 | INFO: Primitives created: 1
20:49:44 | INFO: Extracting primitive: Mesh_216
20:49:44 | INFO: Primitives created: 1
20:49:44 | INFO: Extracting primitive: Mesh_217
20:49:44 | INFO: Primitives created: 1
20:49:44 | INFO: Extracting primitive: Mesh_218
20:49:44 | INFO: Primitives created: 1
20:49:44 | INFO: Extracting primitive: Mesh_219
20:49:44 | INFO: Primitives created: 1
20:49:44 | INFO: Extracting primitive: Mesh_220
20:49:44 | INFO: Primitives created: 1
20:49:44 | INFO: Extracting primitive: Mesh_221
20:49:44 | INFO: Primitives created: 1
20:49:44 | INFO: Extracting primitive: Mesh_222
20:49:44 | INFO: Primitives created: 1
20:49:44 | INFO: Extracting primitive: Mesh_223
20:49:44 | INFO: Primitives created: 1
20:49:44 | INFO: Extracting primitive: Mesh_224
20:49:44 | INFO: Primitives created: 1
20:49:44 | INFO: Extracting primitive: Mesh_225
20:49:44 | INFO: Primitives created: 1
20:49:44 | INFO: Extracting primitive: Mesh_226
20:49:44 | INFO: Primitives created: 1
20:49:44 | INFO: Extracting primitive: Mesh_227
20:49:44 | INFO: Primitives created: 1
20:49:44 | INFO: Extracting primitive: Mesh_228
20:49:44 | INFO: Primitives created: 1
20:49:44 | INFO: Extracting primitive: Mesh_229
20:49:44 | INFO: Primitives created: 1
20:49:44 | INFO: Extracting primitive: Mesh_230
20:49:44 | INFO: Primitives created: 1
20:49:44 | INFO: Extracting primitive: Mesh_231
20:49:44 | INFO: Primitives created: 1
20:49:44 | INFO: Extracting primitive: Mesh_232
20:49:44 | INFO: Primitives created: 1
20:49:44 | INFO: Extracting primitive: Mesh_233
20:49:44 | INFO: Primitives created: 1
20:49:44 | INFO: Extracting primitive: Mesh_234
20:49:44 | INFO: Primitives created: 1
20:49:44 | INFO: Extracting primitive: Mesh_235
20:49:44 | INFO: Primitives created: 1
20:49:44 | INFO: Extracting primitive: Mesh_236
20:49:44 | INFO: Primitives created: 1
20:49:44 | INFO: Extracting primitive: Mesh_237
20:49:44 | INFO: Primitives created: 1
20:49:44 | INFO: Extracting primitive: Mesh_238
20:49:44 | INFO: Primitives created: 1
20:49:44 | INFO: Extracting primitive: Mesh_239
20:49:44 | INFO: Primitives created: 1
20:49:44 | INFO: Extracting primitive: Mesh_240
20:49:44 | INFO: Primitives created: 1
20:49:44 | INFO: Extracting primitive: Mesh_241
20:49:44 | INFO: Primitives created: 1
20:49:44 | INFO: Extracting primitive: Mesh_242
20:49:44 | INFO: Primitives created: 1
20:49:44 | INFO: Extracting primitive: Mesh_243
20:49:44 | INFO: Primitives created: 1
20:49:44 | INFO: Extracting primitive: Mesh_244
20:49:44 | INFO: Primitives created: 1
20:49:44 | INFO: Extracting primitive: Mesh_245
20:49:44 | INFO: Primitives created: 1
20:49:44 | INFO: Extracting primitive: Mesh_246
20:49:44 | INFO: Primitives created: 1
20:49:44 | INFO: Extracting primitive: Mesh_247
20:49:44 | INFO: Primitives created: 1
20:49:44 | INFO: Extracting primitive: Mesh_248
20:49:44 | INFO: Primitives created: 1
20:49:44 | INFO: Extracting primitive: Mesh_249
20:49:44 | INFO: Primitives created: 1
20:49:44 | INFO: Extracting primitive: Mesh_250
20:49:44 | INFO: Primitives created: 1
20:49:44 | INFO: Extracting primitive: Mesh_251
20:49:44 | INFO: Primitives created: 1
20:49:44 | INFO: Extracting primitive: Mesh_252
20:49:44 | INFO: Primitives created: 1
20:49:44 | INFO: Extracting primitive: Mesh_253
20:49:44 | INFO: Primitives created: 1
20:49:44 | INFO: Extracting primitive: Mesh_254
20:49:44 | INFO: Primitives created: 1
20:49:44 | INFO: Extracting primitive: Mesh_255
20:49:44 | INFO: Primitives created: 1
20:49:44 | INFO: Extracting primitive: Mesh_256
20:49:44 | INFO: Primitives created: 1
20:49:44 | INFO: Extracting primitive: Mesh_257
20:49:44 | INFO: Primitives created: 1
20:49:44 | INFO: Extracting primitive: Mesh_258
20:49:44 | INFO: Primitives created: 1
20:49:44 | INFO: Extracting primitive: Mesh_259
20:49:44 | INFO: Primitives created: 1
20:49:44 | INFO: Extracting primitive: Mesh_260
20:49:44 | INFO: Primitives created: 1
20:49:44 | INFO: Extracting primitive: Mesh_261
20:49:44 | INFO: Primitives created: 1
20:49:44 | INFO: Extracting primitive: Mesh_262
20:49:44 | INFO: Primitives created: 1
20:49:44 | INFO: Extracting primitive: Mesh_263
20:49:44 | INFO: Primitives created: 1
20:49:44 | INFO: Extracting primitive: Mesh_264
20:49:44 | INFO: Primitives created: 1
20:49:44 | INFO: Extracting primitive: Mesh_265
20:49:44 | INFO: Primitives created: 1
20:49:44 | INFO: Extracting primitive: Mesh_266
20:49:44 | INFO: Primitives created: 1
20:49:44 | INFO: Extracting primitive: Mesh_267
20:49:44 | INFO: Primitives created: 1
20:49:44 | INFO: Extracting primitive: Mesh_268
20:49:44 | INFO: Primitives created: 1
20:49:44 | INFO: Extracting primitive: Mesh_269
20:49:44 | INFO: Primitives created: 1
20:49:44 | INFO: Extracting primitive: Mesh_270
20:49:44 | INFO: Primitives created: 1
20:49:44 | INFO: Extracting primitive: Mesh_271
20:49:44 | INFO: Primitives created: 1
20:49:44 | INFO: Extracting primitive: Mesh_272
20:49:44 | INFO: Primitives created: 1
20:49:44 | INFO: Extracting primitive: Mesh_273
20:49:44 | INFO: Primitives created: 1
20:49:44 | INFO: Extracting primitive: Mesh_274
20:49:44 | INFO: Primitives created: 1
20:49:44 | INFO: Extracting primitive: Mesh_275
20:49:44 | INFO: Primitives created: 1
20:49:44 | INFO: Extracting primitive: Mesh_276
20:49:44 | INFO: Primitives created: 1
20:49:44 | INFO: Extracting primitive: Mesh_277
20:49:44 | INFO: Primitives created: 1
20:49:44 | INFO: Extracting primitive: Mesh_278
20:49:44 | INFO: Primitives created: 1
20:49:44 | INFO: Extracting primitive: Mesh_279
20:49:44 | INFO: Primitives created: 1
20:49:44 | INFO: Extracting primitive: Mesh_280
20:49:44 | INFO: Primitives created: 1
20:49:44 | INFO: Extracting primitive: Mesh_281
20:49:44 | INFO: Primitives created: 1
20:49:44 | INFO: Extracting primitive: Mesh_282
20:49:44 | INFO: Primitives created: 1
20:49:44 | INFO: Extracting primitive: Mesh_283
20:49:44 | INFO: Primitives created: 1
20:49:44 | INFO: Extracting primitive: Mesh_284
20:49:44 | INFO: Primitives created: 1
20:49:44 | INFO: Extracting primitive: Mesh_285
20:49:44 | INFO: Primitives created: 1
20:49:44 | INFO: Extracting primitive: Mesh_286
20:49:44 | INFO: Primitives created: 1
20:49:44 | INFO: Extracting primitive: Mesh_287
20:49:44 | INFO: Primitives created: 1
20:49:44 | INFO: Extracting primitive: Mesh_288
20:49:44 | INFO: Primitives created: 1
20:49:44 | INFO: Extracting primitive: Mesh_289
20:49:44 | INFO: Primitives created: 1
20:49:44 | INFO: Extracting primitive: Mesh_290
20:49:44 | INFO: Primitives created: 1
20:49:44 | INFO: Extracting primitive: Mesh_291
20:49:44 | INFO: Primitives created: 1
20:49:44 | INFO: Extracting primitive: Mesh_292
20:49:44 | INFO: Primitives created: 1
20:49:44 | INFO: Extracting primitive: Mesh_293
20:49:44 | INFO: Primitives created: 1
20:49:44 | INFO: Extracting primitive: Mesh_294
20:49:44 | INFO: Primitives created: 1
20:49:44 | INFO: Extracting primitive: Mesh_295
20:49:44 | INFO: Primitives created: 1
20:49:44 | INFO: Extracting primitive: Mesh_296
20:49:44 | INFO: Primitives created: 1
20:49:44 | INFO: Extracting primitive: Mesh_297
20:49:44 | INFO: Primitives created: 1
20:49:44 | INFO: Extracting primitive: Mesh_298
20:49:44 | INFO: Primitives created: 1
20:49:44 | INFO: Extracting primitive: Mesh_299
20:49:44 | INFO: Primitives created: 1
20:49:44 | INFO: Extracting primitive: Mesh_300
20:49:44 | INFO: Primitives created: 1
20:49:44 | INFO: Extracting primitive: Mesh_301
20:49:44 | INFO: Primitives created: 1
20:49:44 | INFO: Extracting primitive: Mesh_302
20:49:44 | INFO: Primitives created: 1
20:49:44 | INFO: Extracting primitive: Mesh_303
20:49:44 | INFO: Primitives created: 1
20:49:44 | INFO: Extracting primitive: Mesh_304
20:49:44 | INFO: Primitives created: 1
20:49:44 | INFO: Extracting primitive: Mesh_305
20:49:44 | INFO: Primitives created: 1
20:49:44 | INFO: Extracting primitive: Mesh_306
20:49:44 | INFO: Primitives created: 1
20:49:44 | INFO: Extracting primitive: Mesh_307
20:49:44 | INFO: Primitives created: 1
20:49:44 | INFO: Extracting primitive: Mesh_308
20:49:44 | INFO: Primitives created: 1
20:49:44 | INFO: Extracting primitive: Mesh_309
20:49:44 | INFO: Primitives created: 1
20:49:44 | INFO: Extracting primitive: Mesh_310
20:49:44 | INFO: Primitives created: 1
20:49:44 | INFO: Extracting primitive: Mesh_311
20:49:44 | INFO: Primitives created: 1
20:49:44 | INFO: Extracting primitive: Mesh_312
20:49:44 | INFO: Primitives created: 1
20:49:44 | INFO: Extracting primitive: Mesh_313
20:49:44 | INFO: Primitives created: 1
20:49:44 | INFO: Extracting primitive: Mesh_314
20:49:44 | INFO: Primitives created: 1
20:49:44 | INFO: Extracting primitive: Mesh_315
20:49:44 | INFO: Primitives created: 1
20:49:44 | INFO: Extracting primitive: Mesh_316
20:49:44 | INFO: Primitives created: 1
20:49:44 | INFO: Extracting primitive: Mesh_317
20:49:44 | INFO: Primitives created: 1
20:49:44 | INFO: Extracting primitive: Mesh_318
20:49:44 | INFO: Primitives created: 1
20:49:44 | INFO: Extracting primitive: Mesh_319
20:49:44 | INFO: Primitives created: 1
20:49:44 | INFO: Extracting primitive: Mesh_320
20:49:44 | INFO: Primitives created: 1
20:49:44 | INFO: Extracting primitive: Mesh_321
20:49:44 | INFO: Primitives created: 1
20:49:44 | INFO: Extracting primitive: Mesh_322
20:49:44 | INFO: Primitives created: 1
20:49:44 | INFO: Extracting primitive: Mesh_323
20:49:44 | INFO: Primitives created: 1
20:49:44 | INFO: Extracting primitive: Mesh_324
20:49:44 | INFO: Primitives created: 1
20:49:44 | INFO: Extracting primitive: Mesh_325
20:49:44 | INFO: Primitives created: 1
20:49:44 | INFO: Extracting primitive: Mesh_326
20:49:44 | INFO: Primitives created: 1
20:49:44 | INFO: Extracting primitive: Mesh_327
20:49:44 | INFO: Primitives created: 1
20:49:44 | INFO: Extracting primitive: Mesh_328
20:49:44 | INFO: Primitives created: 1
20:49:44 | INFO: Extracting primitive: Mesh_329
20:49:44 | INFO: Primitives created: 1
20:49:44 | INFO: Extracting primitive: Mesh_330
20:49:44 | INFO: Primitives created: 1
20:49:44 | INFO: Extracting primitive: Mesh_331
20:49:44 | INFO: Primitives created: 1
20:49:44 | INFO: Extracting primitive: Mesh_332
20:49:44 | INFO: Primitives created: 1
20:49:44 | INFO: Extracting primitive: Mesh_333
20:49:44 | INFO: Primitives created: 1
20:49:44 | INFO: Extracting primitive: Mesh_334
20:49:44 | INFO: Primitives created: 1
20:49:44 | INFO: Extracting primitive: Mesh_335
20:49:44 | INFO: Primitives created: 1
20:49:44 | INFO: Extracting primitive: Mesh_336
20:49:44 | INFO: Primitives created: 1
20:49:44 | INFO: Extracting primitive: Mesh_337
20:49:44 | INFO: Primitives created: 1
20:49:44 | INFO: Extracting primitive: Mesh_338
20:49:44 | INFO: Primitives created: 1
20:49:44 | INFO: Extracting primitive: Mesh_339
20:49:44 | INFO: Primitives created: 1
20:49:44 | INFO: Extracting primitive: Mesh_340
20:49:44 | INFO: Primitives created: 1
20:49:44 | INFO: Extracting primitive: Mesh_341
20:49:44 | INFO: Primitives created: 1
20:49:44 | INFO: Extracting primitive: Mesh_342
20:49:44 | INFO: Primitives created: 1
20:49:44 | INFO: Extracting primitive: Mesh_343
20:49:44 | INFO: Primitives created: 1
20:49:44 | INFO: Extracting primitive: Mesh_344
20:49:44 | INFO: Primitives created: 1
20:49:44 | INFO: Extracting primitive: Mesh_345
20:49:44 | INFO: Primitives created: 1
20:49:44 | INFO: Extracting primitive: Mesh_346
20:49:44 | INFO: Primitives created: 1
20:49:44 | INFO: Extracting primitive: Mesh_347
20:49:44 | INFO: Primitives created: 1
20:49:44 | INFO: Extracting primitive: Mesh_348
20:49:44 | INFO: Primitives created: 1
20:49:44 | INFO: Extracting primitive: Mesh_349
20:49:44 | INFO: Primitives created: 1
20:49:44 | INFO: Extracting primitive: Mesh_350
20:49:44 | INFO: Primitives created: 1
20:49:44 | INFO: Extracting primitive: Mesh_351
20:49:44 | INFO: Primitives created: 1
20:49:44 | INFO: Extracting primitive: Mesh_352
20:49:44 | INFO: Primitives created: 1
20:49:44 | INFO: Extracting primitive: Mesh_353
20:49:44 | INFO: Primitives created: 1
20:49:44 | INFO: Extracting primitive: Mesh_354
20:49:44 | INFO: Primitives created: 1
20:49:44 | INFO: Extracting primitive: Mesh_355
20:49:44 | INFO: Primitives created: 1
20:49:44 | INFO: Extracting primitive: Mesh_356
20:49:44 | INFO: Primitives created: 1
20:49:44 | INFO: Extracting primitive: Mesh_357
20:49:44 | INFO: Primitives created: 1
20:49:44 | INFO: Extracting primitive: Mesh_358
20:49:44 | INFO: Primitives created: 1
20:49:44 | INFO: Extracting primitive: Mesh_359
20:49:44 | INFO: Primitives created: 1
20:49:44 | INFO: Extracting primitive: Mesh_360
20:49:44 | INFO: Primitives created: 1
20:49:44 | INFO: Extracting primitive: Mesh_361
20:49:44 | INFO: Primitives created: 1
20:49:44 | INFO: Extracting primitive: Mesh_362
20:49:44 | INFO: Primitives created: 1
20:49:44 | INFO: Extracting primitive: Mesh_363
20:49:44 | INFO: Primitives created: 1
20:49:44 | INFO: Extracting primitive: Mesh_364
20:49:44 | INFO: Primitives created: 1
20:49:44 | INFO: Extracting primitive: Mesh_365
20:49:44 | INFO: Primitives created: 1
20:49:44 | INFO: Extracting primitive: Mesh_366
20:49:44 | INFO: Primitives created: 1
20:49:44 | INFO: Extracting primitive: Mesh_367
20:49:44 | INFO: Primitives created: 1
20:49:44 | INFO: Extracting primitive: Mesh_368
20:49:44 | INFO: Primitives created: 1
20:49:44 | INFO: Extracting primitive: Mesh_369
20:49:44 | INFO: Primitives created: 1
20:49:44 | INFO: Extracting primitive: Mesh_370
20:49:44 | INFO: Primitives created: 1
20:49:44 | INFO: Extracting primitive: Mesh_371
20:49:44 | INFO: Primitives created: 1
20:49:44 | INFO: Extracting primitive: Mesh_372
20:49:44 | INFO: Primitives created: 1
20:49:44 | INFO: Extracting primitive: Mesh_373
20:49:44 | INFO: Primitives created: 1
20:49:44 | INFO: Extracting primitive: Mesh_374
20:49:44 | INFO: Primitives created: 1
20:49:44 | INFO: Extracting primitive: Mesh_375
20:49:44 | INFO: Primitives created: 1
20:49:44 | INFO: Extracting primitive: Mesh_376
20:49:44 | INFO: Primitives created: 1
20:49:44 | INFO: Extracting primitive: Mesh_377
20:49:44 | INFO: Primitives created: 1
20:49:44 | INFO: Extracting primitive: Mesh_378
20:49:44 | INFO: Primitives created: 1
20:49:44 | INFO: Extracting primitive: Mesh_379
20:49:44 | INFO: Primitives created: 1
20:49:44 | INFO: Extracting primitive: Mesh_380
20:49:44 | INFO: Primitives created: 1
20:49:44 | INFO: Extracting primitive: Mesh_381
20:49:44 | INFO: Primitives created: 1
20:49:44 | INFO: Extracting primitive: Mesh_382
20:49:44 | INFO: Primitives created: 1
20:49:44 | INFO: Extracting primitive: Mesh_383
20:49:44 | INFO: Primitives created: 1
20:49:44 | INFO: Extracting primitive: Mesh_384
20:49:44 | INFO: Primitives created: 1
20:49:44 | INFO: Extracting primitive: Mesh_385
20:49:44 | INFO: Primitives created: 1
20:49:44 | INFO: Extracting primitive: Mesh_386
20:49:44 | INFO: Primitives created: 1
20:49:44 | INFO: Extracting primitive: Mesh_387
20:49:44 | INFO: Primitives created: 1
20:49:44 | INFO: Extracting primitive: Mesh_388
20:49:44 | INFO: Primitives created: 1
20:49:44 | INFO: Extracting primitive: Mesh_389
20:49:44 | INFO: Primitives created: 1
20:49:44 | INFO: Extracting primitive: Mesh_390
20:49:44 | INFO: Primitives created: 1
20:49:44 | INFO: Extracting primitive: Mesh_391
20:49:44 | INFO: Primitives created: 1
20:49:44 | INFO: Extracting primitive: Mesh_392
20:49:44 | INFO: Primitives created: 1
20:49:44 | INFO: Extracting primitive: Mesh_393
20:49:44 | INFO: Primitives created: 1
20:49:44 | INFO: Extracting primitive: Mesh_394
20:49:44 | INFO: Primitives created: 1
20:49:44 | INFO: Extracting primitive: Mesh_395
20:49:44 | INFO: Primitives created: 1
20:49:44 | INFO: Extracting primitive: Mesh_396
20:49:44 | INFO: Primitives created: 1
20:49:44 | INFO: Extracting primitive: Mesh_397
20:49:44 | INFO: Primitives created: 1
20:49:44 | INFO: Extracting primitive: Mesh_398
20:49:44 | INFO: Primitives created: 1
20:49:44 | INFO: Extracting primitive: Mesh_399
20:49:44 | INFO: Primitives created: 1
20:49:44 | INFO: Extracting primitive: Mesh_400
20:49:44 | INFO: Primitives created: 1
20:49:44 | INFO: Extracting primitive: Mesh_401
20:49:44 | INFO: Primitives created: 1
20:49:44 | INFO: Extracting primitive: Mesh_402
20:49:44 | INFO: Primitives created: 1
20:49:44 | INFO: Extracting primitive: Mesh_403
20:49:44 | INFO: Primitives created: 1
20:49:44 | INFO: Extracting primitive: Mesh_404
20:49:44 | INFO: Primitives created: 1
20:49:44 | INFO: Extracting primitive: Mesh_405
20:49:44 | INFO: Primitives created: 1
20:49:44 | INFO: Extracting primitive: Mesh_406
20:49:44 | INFO: Primitives created: 1
20:49:44 | INFO: Extracting primitive: Mesh_407
20:49:44 | INFO: Primitives created: 1
20:49:44 | INFO: Extracting primitive: Mesh_408
20:49:44 | INFO: Primitives created: 1
20:49:44 | INFO: Extracting primitive: Mesh_409
20:49:44 | INFO: Primitives created: 1
20:49:44 | INFO: Extracting primitive: Mesh_410
20:49:44 | INFO: Primitives created: 1
20:49:44 | INFO: Extracting primitive: Mesh_411
20:49:44 | INFO: Primitives created: 1
20:49:44 | INFO: Extracting primitive: Mesh_412
20:49:44 | INFO: Primitives created: 1
20:49:44 | INFO: Extracting primitive: Mesh_413
20:49:44 | INFO: Primitives created: 1
20:49:44 | INFO: Extracting primitive: Mesh_414
20:49:44 | INFO: Primitives created: 1
20:49:44 | INFO: Extracting primitive: Mesh_415
20:49:44 | INFO: Primitives created: 1
20:49:44 | INFO: Extracting primitive: Mesh_416
20:49:44 | INFO: Primitives created: 1
20:49:44 | INFO: Extracting primitive: Mesh_417
20:49:44 | INFO: Primitives created: 1
20:49:44 | INFO: Extracting primitive: Mesh_418
20:49:44 | INFO: Primitives created: 1
20:49:44 | INFO: Extracting primitive: Mesh_419
20:49:44 | INFO: Primitives created: 1
20:49:44 | INFO: Extracting primitive: Mesh_420
20:49:44 | INFO: Primitives created: 1
20:49:44 | INFO: Extracting primitive: Mesh_421
20:49:44 | INFO: Primitives created: 1
20:49:44 | INFO: Extracting primitive: Mesh_422
20:49:44 | INFO: Primitives created: 1
20:49:44 | INFO: Extracting primitive: Mesh_423
20:49:44 | INFO: Primitives created: 1
20:49:44 | INFO: Extracting primitive: Mesh_424
20:49:44 | INFO: Primitives created: 1
20:49:44 | INFO: Extracting primitive: Mesh_425
20:49:44 | INFO: Primitives created: 1
20:49:44 | INFO: Extracting primitive: Mesh_426
20:49:44 | INFO: Primitives created: 1
20:49:44 | INFO: Extracting primitive: Mesh_427
20:49:44 | INFO: Primitives created: 1
20:49:44 | INFO: Extracting primitive: Mesh_428
20:49:44 | INFO: Primitives created: 1
20:49:44 | INFO: Extracting primitive: Mesh_429
20:49:44 | INFO: Primitives created: 1
20:49:44 | INFO: Extracting primitive: Mesh_430
20:49:44 | INFO: Primitives created: 1
20:49:44 | INFO: Extracting primitive: Mesh_431
20:49:44 | INFO: Primitives created: 1
20:49:44 | INFO: Extracting primitive: Mesh_432
20:49:44 | INFO: Primitives created: 1
20:49:44 | INFO: Extracting primitive: Mesh_433
20:49:44 | INFO: Primitives created: 1
20:49:44 | INFO: Extracting primitive: Mesh_434
20:49:44 | INFO: Primitives created: 1
20:49:44 | INFO: Extracting primitive: Mesh_435
20:49:44 | INFO: Primitives created: 1
20:49:44 | INFO: Extracting primitive: Mesh_436
20:49:44 | INFO: Primitives created: 1
20:49:44 | INFO: Extracting primitive: Mesh_437
20:49:44 | INFO: Primitives created: 1
20:49:44 | INFO: Extracting primitive: Mesh_438
20:49:44 | INFO: Primitives created: 1
20:49:44 | INFO: Extracting primitive: Mesh_439
20:49:44 | INFO: Primitives created: 1
20:49:44 | INFO: Extracting primitive: Mesh_440
20:49:44 | INFO: Primitives created: 1
20:49:44 | INFO: Extracting primitive: Mesh_441
20:49:44 | INFO: Primitives created: 1
20:49:44 | INFO: Extracting primitive: Mesh_442
20:49:44 | INFO: Primitives created: 1
20:49:44 | INFO: Extracting primitive: Mesh_443
20:49:44 | INFO: Primitives created: 1
20:49:44 | INFO: Extracting primitive: Mesh_444
20:49:44 | INFO: Primitives created: 1
20:49:44 | INFO: Extracting primitive: Mesh_445
20:49:44 | INFO: Primitives created: 1
20:49:44 | INFO: Extracting primitive: Mesh_446
20:49:44 | INFO: Primitives created: 1
20:49:44 | INFO: Extracting primitive: Mesh_447
20:49:44 | INFO: Primitives created: 1
20:49:44 | INFO: Extracting primitive: Mesh_448
20:49:44 | INFO: Primitives created: 1
20:49:44 | INFO: Extracting primitive: Mesh_449
20:49:44 | INFO: Primitives created: 1
20:49:44 | INFO: Extracting primitive: Mesh_450
20:49:44 | INFO: Primitives created: 1
20:49:44 | INFO: Extracting primitive: Mesh_451
20:49:44 | INFO: Primitives created: 1
20:49:44 | INFO: Extracting primitive: Mesh_452
20:49:44 | INFO: Primitives created: 1
20:49:44 | INFO: Extracting primitive: Mesh_453
20:49:44 | INFO: Primitives created: 1
20:49:44 | INFO: Extracting primitive: Mesh_454
20:49:44 | INFO: Primitives created: 1
20:49:44 | INFO: Extracting primitive: Mesh_455
20:49:44 | INFO: Primitives created: 1
20:49:44 | INFO: Extracting primitive: Mesh_456
20:49:44 | INFO: Primitives created: 1
20:49:44 | INFO: Extracting primitive: Mesh_457
20:49:44 | INFO: Primitives created: 1
20:49:44 | INFO: Extracting primitive: Mesh_458
20:49:44 | INFO: Primitives created: 1
20:49:44 | INFO: Extracting primitive: Mesh_459
20:49:44 | INFO: Primitives created: 1
20:49:44 | INFO: Extracting primitive: Mesh_460
20:49:44 | INFO: Primitives created: 1
20:49:44 | INFO: Extracting primitive: Mesh_461
20:49:44 | INFO: Primitives created: 1
20:49:44 | INFO: Extracting primitive: Mesh_462
20:49:44 | INFO: Primitives created: 1
20:49:44 | INFO: Extracting primitive: Mesh_463
20:49:44 | INFO: Primitives created: 1
20:49:44 | INFO: Extracting primitive: Mesh_464
20:49:44 | INFO: Primitives created: 1
20:49:44 | INFO: Extracting primitive: Mesh_465
20:49:44 | INFO: Primitives created: 1
20:49:44 | INFO: Extracting primitive: Mesh_466
20:49:44 | INFO: Primitives created: 1
20:49:44 | INFO: Extracting primitive: Mesh_467
20:49:44 | INFO: Primitives created: 1
20:49:44 | INFO: Extracting primitive: Mesh_468
20:49:44 | INFO: Primitives created: 1
20:49:44 | INFO: Extracting primitive: Mesh_469
20:49:44 | INFO: Primitives created: 1
20:49:44 | INFO: Extracting primitive: Mesh_470
20:49:44 | INFO: Primitives created: 1
20:49:44 | INFO: Extracting primitive: Mesh_471
20:49:44 | INFO: Primitives created: 1
20:49:44 | INFO: Extracting primitive: Mesh_472
20:49:44 | INFO: Primitives created: 1
20:49:44 | INFO: Extracting primitive: Mesh_473
20:49:44 | INFO: Primitives created: 1
20:49:44 | INFO: Extracting primitive: Mesh_474
20:49:44 | INFO: Primitives created: 1
20:49:44 | INFO: Extracting primitive: Mesh_475
20:49:44 | INFO: Primitives created: 1
20:49:44 | INFO: Extracting primitive: Mesh_476
20:49:44 | INFO: Primitives created: 1
20:49:44 | INFO: Extracting primitive: Mesh_477
20:49:44 | INFO: Primitives created: 1
20:49:44 | INFO: Extracting primitive: Mesh_478
20:49:44 | INFO: Primitives created: 1
20:49:44 | INFO: Extracting primitive: Mesh_479
20:49:44 | INFO: Primitives created: 1
20:49:44 | INFO: Extracting primitive: Mesh_480
20:49:44 | INFO: Primitives created: 1
20:49:44 | INFO: Extracting primitive: Mesh_481
20:49:44 | INFO: Primitives created: 1
20:49:44 | INFO: Extracting primitive: Mesh_482
20:49:44 | INFO: Primitives created: 1
20:49:44 | INFO: Extracting primitive: Mesh_483
20:49:44 | INFO: Primitives created: 1
20:49:44 | INFO: Extracting primitive: Mesh_484
20:49:44 | INFO: Primitives created: 1
20:49:44 | INFO: Extracting primitive: Mesh_485
20:49:44 | INFO: Primitives created: 1
20:49:44 | INFO: Extracting primitive: Mesh_486
20:49:44 | INFO: Primitives created: 1
20:49:44 | INFO: Extracting primitive: Mesh_487
20:49:44 | INFO: Primitives created: 1
20:49:44 | INFO: Extracting primitive: Mesh_488
20:49:44 | INFO: Primitives created: 1
20:49:44 | INFO: Extracting primitive: Mesh_489
20:49:44 | INFO: Primitives created: 1
20:49:44 | INFO: Extracting primitive: Mesh_490
20:49:44 | INFO: Primitives created: 1
20:49:44 | INFO: Extracting primitive: Mesh_491
20:49:44 | INFO: Primitives created: 1
20:49:44 | INFO: Extracting primitive: Mesh_492
20:49:44 | INFO: Primitives created: 1
20:49:44 | INFO: Extracting primitive: Mesh_493
20:49:44 | INFO: Primitives created: 1
20:49:44 | INFO: Extracting primitive: Mesh_494
20:49:44 | INFO: Primitives created: 1
20:49:44 | INFO: Extracting primitive: Mesh_495
20:49:44 | INFO: Primitives created: 1
20:49:44 | INFO: Extracting primitive: Mesh_496
20:49:44 | INFO: Primitives created: 1
20:49:44 | INFO: Extracting primitive: Mesh_497
20:49:44 | INFO: Primitives created: 1
20:49:44 | INFO: Extracting primitive: Mesh_498
20:49:44 | INFO: Primitives created: 1
20:49:44 | INFO: Extracting primitive: Mesh_499
20:49:44 | INFO: Primitives created: 1
20:49:44 | INFO: Extracting primitive: Mesh_500
20:49:44 | INFO: Primitives created: 1
20:49:44 | INFO: Extracting primitive: Mesh_501
20:49:44 | INFO: Primitives created: 1
20:49:44 | INFO: Extracting primitive: Mesh_502
20:49:44 | INFO: Primitives created: 1
20:49:44 | INFO: Extracting primitive: Mesh_503
20:49:44 | INFO: Primitives created: 1
20:49:44 | INFO: Extracting primitive: Mesh_504
20:49:44 | INFO: Primitives created: 1
20:49:44 | INFO: Extracting primitive: Mesh_505
20:49:44 | INFO: Primitives created: 1
20:49:44 | INFO: Extracting primitive: Mesh_506
20:49:44 | INFO: Primitives created: 1
20:49:44 | INFO: Extracting primitive: Mesh_507
20:49:44 | INFO: Primitives created: 1
20:49:44 | INFO: Extracting primitive: Mesh_508
20:49:44 | INFO: Primitives created: 1
20:49:44 | INFO: Extracting primitive: Mesh_509
20:49:44 | INFO: Primitives created: 1
20:49:44 | INFO: Extracting primitive: Mesh_510
20:49:44 | INFO: Primitives created: 1
20:49:44 | INFO: Extracting primitive: Mesh_511
20:49:44 | INFO: Primitives created: 1
20:49:44 | INFO: Extracting primitive: Mesh_512
20:49:44 | INFO: Primitives created: 1
20:49:44 | INFO: Extracting primitive: Mesh_513
20:49:44 | INFO: Primitives created: 1
20:49:44 | INFO: Extracting primitive: Mesh_514
20:49:44 | INFO: Primitives created: 1
20:49:44 | INFO: Extracting primitive: Mesh_515
20:49:44 | INFO: Primitives created: 1
20:49:44 | INFO: Extracting primitive: Mesh_516
20:49:44 | INFO: Primitives created: 1
20:49:44 | INFO: Extracting primitive: Mesh_517
20:49:44 | INFO: Primitives created: 1
20:49:44 | INFO: Extracting primitive: Mesh_518
20:49:44 | INFO: Primitives created: 1
20:49:44 | INFO: Extracting primitive: Mesh_519
20:49:44 | INFO: Primitives created: 1
20:49:44 | INFO: Extracting primitive: Mesh_520
20:49:44 | INFO: Primitives created: 1
20:49:44 | INFO: Extracting primitive: Mesh_521
20:49:44 | INFO: Primitives created: 1
20:49:44 | INFO: Extracting primitive: Mesh_522
20:49:44 | INFO: Primitives created: 1
20:49:44 | INFO: Extracting primitive: Mesh_523
20:49:44 | INFO: Primitives created: 1
20:49:44 | INFO: Extracting primitive: Mesh_524
20:49:44 | INFO: Primitives created: 1
20:49:44 | INFO: Extracting primitive: Mesh_525
20:49:44 | INFO: Primitives created: 1
20:49:44 | INFO: Extracting primitive: Mesh_526
20:49:44 | INFO: Primitives created: 1
20:49:44 | INFO: Extracting primitive: Mesh_527
20:49:44 | INFO: Primitives created: 1
20:49:44 | INFO: Extracting primitive: Mesh_528
20:49:44 | INFO: Primitives created: 1
20:49:44 | INFO: Extracting primitive: Mesh_529
20:49:44 | INFO: Primitives created: 1
20:49:44 | INFO: Extracting primitive: Mesh_530
20:49:44 | INFO: Primitives created: 1
20:49:44 | INFO: Extracting primitive: Mesh_531
20:49:44 | INFO: Primitives created: 1
20:49:44 | INFO: Extracting primitive: Mesh_532
20:49:44 | INFO: Primitives created: 1
20:49:44 | INFO: Extracting primitive: Mesh_533
20:49:44 | INFO: Primitives created: 1
20:49:44 | INFO: Extracting primitive: Mesh_534
20:49:44 | INFO: Primitives created: 1
20:49:44 | INFO: Extracting primitive: Mesh_535
20:49:44 | INFO: Primitives created: 1
20:49:44 | INFO: Extracting primitive: Mesh_536
20:49:44 | INFO: Primitives created: 1
20:49:44 | INFO: Extracting primitive: Mesh_537
20:49:44 | INFO: Primitives created: 1
20:49:44 | INFO: Extracting primitive: Mesh_538
20:49:44 | INFO: Primitives created: 1
20:49:44 | INFO: Extracting primitive: Mesh_539
20:49:44 | INFO: Primitives created: 1
20:49:44 | INFO: Extracting primitive: Mesh_540
20:49:44 | INFO: Primitives created: 1
20:49:44 | INFO: Extracting primitive: Mesh_541
20:49:44 | INFO: Primitives created: 1
20:49:44 | INFO: Extracting primitive: Mesh_542
20:49:44 | INFO: Primitives created: 1
20:49:44 | INFO: Extracting primitive: Mesh_543
20:49:44 | INFO: Primitives created: 1
20:49:44 | INFO: Extracting primitive: Mesh_544
20:49:44 | INFO: Primitives created: 1
20:49:44 | INFO: Extracting primitive: Mesh_545
20:49:44 | INFO: Primitives created: 1
20:49:44 | INFO: Extracting primitive: Mesh_546
20:49:44 | INFO: Primitives created: 1
20:49:44 | INFO: Extracting primitive: Mesh_547
20:49:44 | INFO: Primitives created: 1
20:49:44 | INFO: Extracting primitive: Mesh_548
20:49:44 | INFO: Primitives created: 1
20:49:44 | INFO: Extracting primitive: Mesh_549
20:49:44 | INFO: Primitives created: 1
20:49:44 | INFO: Extracting primitive: Mesh_550
20:49:44 | INFO: Primitives created: 1
20:49:44 | INFO: Extracting primitive: Mesh_551
20:49:44 | INFO: Primitives created: 1
20:49:44 | INFO: Extracting primitive: Mesh_552
20:49:44 | INFO: Primitives created: 1
20:49:44 | INFO: Extracting primitive: Mesh_553
20:49:44 | INFO: Primitives created: 1
20:49:44 | INFO: Extracting primitive: Mesh_554
20:49:44 | INFO: Primitives created: 1
20:49:44 | INFO: Extracting primitive: Mesh_555
20:49:44 | INFO: Primitives created: 1
20:49:44 | INFO: Extracting primitive: Mesh_556
20:49:44 | INFO: Primitives created: 1
20:49:44 | INFO: Extracting primitive: Mesh_557
20:49:44 | INFO: Primitives created: 1
20:49:44 | INFO: Extracting primitive: Mesh_558
20:49:44 | INFO: Primitives created: 1
20:49:44 | INFO: Extracting primitive: Mesh_559
20:49:44 | INFO: Primitives created: 1
20:49:44 | INFO: Extracting primitive: Mesh_560
20:49:44 | INFO: Primitives created: 1
20:49:44 | INFO: Extracting primitive: Mesh_561
20:49:44 | INFO: Primitives created: 1
20:49:44 | INFO: Extracting primitive: Mesh_562
20:49:44 | INFO: Primitives created: 1
20:49:44 | INFO: Extracting primitive: Mesh_563
20:49:44 | INFO: Primitives created: 1
20:49:44 | INFO: Extracting primitive: Mesh_564
20:49:44 | INFO: Primitives created: 1
20:49:44 | INFO: Extracting primitive: Mesh_565
20:49:44 | INFO: Primitives created: 1
20:49:44 | INFO: Extracting primitive: Mesh_566
20:49:44 | INFO: Primitives created: 1
20:49:44 | INFO: Extracting primitive: Mesh_567
20:49:44 | INFO: Primitives created: 1
20:49:44 | INFO: Extracting primitive: Mesh_568
20:49:44 | INFO: Primitives created: 1
20:49:44 | INFO: Extracting primitive: Mesh_569
20:49:44 | INFO: Primitives created: 1
20:49:44 | INFO: Extracting primitive: Mesh_570
20:49:44 | INFO: Primitives created: 1
20:49:44 | INFO: Extracting primitive: Mesh_571
20:49:44 | INFO: Primitives created: 1
20:49:44 | INFO: Extracting primitive: Mesh_572
20:49:44 | INFO: Primitives created: 1
20:49:44 | INFO: Extracting primitive: Mesh_573
20:49:44 | INFO: Primitives created: 1
20:49:44 | INFO: Extracting primitive: Mesh_574
20:49:44 | INFO: Primitives created: 1
20:49:44 | INFO: Extracting primitive: Mesh_575
20:49:44 | INFO: Primitives created: 1
20:49:44 | INFO: Extracting primitive: Mesh_576
20:49:44 | INFO: Primitives created: 1
20:49:44 | INFO: Extracting primitive: Mesh_577
20:49:44 | INFO: Primitives created: 1
20:49:44 | INFO: Extracting primitive: Mesh_578
20:49:44 | INFO: Primitives created: 1
20:49:44 | INFO: Extracting primitive: Mesh_579
20:49:44 | INFO: Primitives created: 1
20:49:44 | INFO: Extracting primitive: Mesh_580
20:49:44 | INFO: Primitives created: 1
20:49:44 | INFO: Extracting primitive: Mesh_581
20:49:44 | INFO: Primitives created: 1
20:49:44 | INFO: Extracting primitive: Mesh_582
20:49:44 | INFO: Primitives created: 1
20:49:44 | INFO: Extracting primitive: Mesh_583
20:49:44 | INFO: Primitives created: 1
20:49:44 | INFO: Extracting primitive: Mesh_584
20:49:44 | INFO: Primitives created: 1
20:49:44 | INFO: Extracting primitive: Mesh_585
20:49:44 | INFO: Primitives created: 1
20:49:44 | INFO: Extracting primitive: Mesh_586
20:49:44 | INFO: Primitives created: 1
20:49:44 | INFO: Extracting primitive: Mesh_587
20:49:44 | INFO: Primitives created: 1
20:49:44 | INFO: Extracting primitive: Mesh_588
20:49:44 | INFO: Primitives created: 1
20:49:44 | INFO: Extracting primitive: Mesh_589
20:49:44 | INFO: Primitives created: 1
20:49:44 | INFO: Extracting primitive: Mesh_590
20:49:44 | INFO: Primitives created: 1
20:49:44 | INFO: Extracting primitive: Mesh_591
20:49:44 | INFO: Primitives created: 1
20:49:44 | INFO: Extracting primitive: Mesh_592
20:49:44 | INFO: Primitives created: 1
20:49:44 | INFO: Extracting primitive: Mesh_593
20:49:44 | INFO: Primitives created: 1
20:49:44 | INFO: Extracting primitive: Mesh_594
20:49:44 | INFO: Primitives created: 1
20:49:44 | INFO: Extracting primitive: Mesh_595
20:49:44 | INFO: Primitives created: 1
20:49:44 | INFO: Extracting primitive: Mesh_596
20:49:44 | INFO: Primitives created: 1
20:49:44 | INFO: Extracting primitive: Mesh_597
20:49:44 | INFO: Primitives created: 1
20:49:44 | INFO: Extracting primitive: Mesh_598
20:49:44 | INFO: Primitives created: 1
20:49:44 | INFO: Extracting primitive: Mesh_599
20:49:44 | INFO: Primitives created: 1
20:49:44 | INFO: Extracting primitive: Mesh_600
20:49:44 | INFO: Primitives created: 1
20:49:44 | INFO: Extracting primitive: Mesh_601
20:49:44 | INFO: Primitives created: 1
20:49:44 | INFO: Extracting primitive: Mesh_604
20:49:44 | INFO: Primitives created: 1
20:49:44 | INFO: Extracting primitive: Mesh_605
20:49:44 | INFO: Primitives created: 1
20:49:44 | INFO: Extracting primitive: Mesh_606
20:49:44 | INFO: Primitives created: 1
20:49:44 | INFO: Extracting primitive: Mesh_607
20:49:44 | INFO: Primitives created: 1
20:49:44 | INFO: Extracting primitive: Mesh_608
20:49:44 | INFO: Primitives created: 1
20:49:44 | INFO: Extracting primitive: Mesh_609
20:49:44 | INFO: Primitives created: 1
20:49:44 | INFO: Extracting primitive: Mesh_610
20:49:44 | INFO: Primitives created: 1
20:49:44 | INFO: Extracting primitive: Mesh_611
20:49:44 | INFO: Primitives created: 1
20:49:44 | INFO: Extracting primitive: Mesh_612
20:49:44 | INFO: Primitives created: 1
20:49:44 | INFO: Extracting primitive: Mesh_613
20:49:44 | INFO: Primitives created: 1
20:49:44 | INFO: Extracting primitive: Mesh_614
20:49:44 | INFO: Primitives created: 1
20:49:44 | INFO: Extracting primitive: Mesh_615
20:49:44 | INFO: Primitives created: 1
20:49:44 | INFO: Extracting primitive: Mesh_616
20:49:44 | INFO: Primitives created: 1
20:49:44 | INFO: Extracting primitive: Mesh_617
20:49:44 | INFO: Primitives created: 1
20:49:44 | INFO: Extracting primitive: Mesh_618
20:49:44 | INFO: Primitives created: 1
20:49:44 | INFO: Extracting primitive: Mesh_619
20:49:44 | INFO: Primitives created: 1
20:49:44 | INFO: Extracting primitive: Mesh_620
20:49:44 | INFO: Primitives created: 1
20:49:44 | INFO: Extracting primitive: Mesh_621
20:49:44 | INFO: Primitives created: 1
20:49:44 | INFO: Extracting primitive: Mesh_622
20:49:44 | INFO: Primitives created: 1
20:49:44 | INFO: Extracting primitive: Mesh_623
20:49:44 | INFO: Primitives created: 1
20:49:44 | INFO: Extracting primitive: Mesh_624
20:49:44 | INFO: Primitives created: 1
20:49:44 | INFO: Extracting primitive: Mesh_625
20:49:44 | INFO: Primitives created: 1
20:49:44 | INFO: Extracting primitive: Mesh_626
20:49:44 | INFO: Primitives created: 1
20:49:44 | INFO: Extracting primitive: Mesh_627
20:49:44 | INFO: Primitives created: 1
20:49:44 | INFO: Extracting primitive: Mesh_628
20:49:44 | INFO: Primitives created: 1
20:49:44 | INFO: Extracting primitive: Mesh_629
20:49:44 | INFO: Primitives created: 1
20:49:44 | INFO: Extracting primitive: Mesh_630
20:49:44 | INFO: Primitives created: 1
20:49:44 | INFO: Extracting primitive: Mesh_631
20:49:44 | INFO: Primitives created: 1
20:49:44 | INFO: Extracting primitive: Mesh_632
20:49:44 | INFO: Primitives created: 1
20:49:44 | INFO: Extracting primitive: Mesh_633
20:49:44 | INFO: Primitives created: 1
20:49:44 | INFO: Extracting primitive: Mesh_634
20:49:44 | INFO: Primitives created: 1
20:49:44 | INFO: Extracting primitive: Mesh_635
20:49:44 | INFO: Primitives created: 1
20:49:44 | INFO: Extracting primitive: Mesh_636
20:49:44 | INFO: Primitives created: 1
20:49:44 | INFO: Extracting primitive: Mesh_637
20:49:44 | INFO: Primitives created: 1
20:49:44 | INFO: Extracting primitive: Mesh_638
20:49:44 | INFO: Primitives created: 1
20:49:44 | INFO: Extracting primitive: Mesh_639
20:49:44 | INFO: Primitives created: 1
20:49:44 | INFO: Extracting primitive: Mesh_640
20:49:44 | INFO: Primitives created: 1
20:49:44 | INFO: Extracting primitive: Mesh_641
20:49:44 | INFO: Primitives created: 1
20:49:44 | INFO: Extracting primitive: Mesh_642
20:49:44 | INFO: Primitives created: 1
20:49:44 | INFO: Extracting primitive: Mesh_643
20:49:44 | INFO: Primitives created: 1
20:49:44 | INFO: Extracting primitive: Mesh_644
20:49:44 | INFO: Primitives created: 1
20:49:44 | INFO: Extracting primitive: Mesh_645
20:49:44 | INFO: Primitives created: 1
20:49:44 | INFO: Extracting primitive: Mesh_646
20:49:44 | INFO: Primitives created: 1
20:49:44 | INFO: Extracting primitive: Mesh_647
20:49:44 | INFO: Primitives created: 1
20:49:44 | INFO: Extracting primitive: Mesh_648
20:49:44 | INFO: Primitives created: 1
20:49:44 | INFO: Extracting primitive: Mesh_649
20:49:44 | INFO: Primitives created: 1
20:49:44 | INFO: Extracting primitive: Mesh_650
20:49:44 | INFO: Primitives created: 1
20:49:44 | INFO: Extracting primitive: Mesh_651
20:49:44 | INFO: Primitives created: 1
20:49:44 | INFO: Extracting primitive: Mesh_652
20:49:44 | INFO: Primitives created: 1
20:49:44 | INFO: Extracting primitive: Mesh_653
20:49:44 | INFO: Primitives created: 1
20:49:44 | INFO: Extracting primitive: Mesh_654
20:49:44 | INFO: Primitives created: 1
20:49:44 | INFO: Extracting primitive: Mesh_655
20:49:44 | INFO: Primitives created: 1
20:49:44 | INFO: Extracting primitive: Mesh_656
20:49:44 | INFO: Primitives created: 1
20:49:44 | INFO: Extracting primitive: Mesh_657
20:49:44 | INFO: Primitives created: 1
20:49:44 | INFO: Extracting primitive: Mesh_658
20:49:44 | INFO: Primitives created: 1
20:49:44 | INFO: Extracting primitive: Mesh_659
20:49:44 | INFO: Primitives created: 1
20:49:44 | INFO: Extracting primitive: Mesh_660
20:49:44 | INFO: Primitives created: 1
20:49:44 | INFO: Extracting primitive: Mesh_661
20:49:44 | INFO: Primitives created: 1
20:49:44 | INFO: Extracting primitive: Mesh_662
20:49:44 | INFO: Primitives created: 1
20:49:44 | INFO: Extracting primitive: Mesh_663
20:49:44 | INFO: Primitives created: 1
20:49:44 | INFO: Extracting primitive: Mesh_664
20:49:44 | INFO: Primitives created: 1
20:49:44 | INFO: Extracting primitive: Mesh_665
20:49:44 | INFO: Primitives created: 1
20:49:44 | INFO: Extracting primitive: Mesh_666
20:49:44 | INFO: Primitives created: 1
20:49:44 | INFO: Extracting primitive: Mesh_667
20:49:44 | INFO: Primitives created: 1
20:49:44 | INFO: Extracting primitive: Mesh_668
20:49:44 | INFO: Primitives created: 1
20:49:44 | INFO: Extracting primitive: Mesh_669
20:49:44 | INFO: Primitives created: 1
20:49:44 | INFO: Extracting primitive: Mesh_670
20:49:44 | INFO: Primitives created: 1
20:49:44 | INFO: Extracting primitive: Mesh_671
20:49:44 | INFO: Primitives created: 1
20:49:44 | INFO: Extracting primitive: Mesh_672
20:49:44 | INFO: Primitives created: 1
20:49:44 | INFO: Extracting primitive: Mesh_673
20:49:44 | INFO: Primitives created: 1
20:49:44 | INFO: Extracting primitive: Mesh_674
20:49:44 | INFO: Primitives created: 1
20:49:44 | INFO: Extracting primitive: Mesh_675
20:49:44 | INFO: Primitives created: 1
20:49:44 | INFO: Extracting primitive: Mesh_676
20:49:44 | INFO: Primitives created: 1
20:49:44 | INFO: Extracting primitive: Mesh_677
20:49:44 | INFO: Primitives created: 1
20:49:44 | INFO: Extracting primitive: Mesh_678
20:49:44 | INFO: Primitives created: 1
20:49:44 | INFO: Extracting primitive: Mesh_679
20:49:44 | INFO: Primitives created: 1
20:49:44 | INFO: Extracting primitive: Mesh_680
20:49:44 | INFO: Primitives created: 1
20:49:44 | INFO: Extracting primitive: Mesh_681
20:49:44 | INFO: Primitives created: 1
20:49:44 | INFO: Extracting primitive: Mesh_682
20:49:44 | INFO: Primitives created: 1
20:49:44 | INFO: Extracting primitive: Mesh_683
20:49:44 | INFO: Primitives created: 1
20:49:44 | INFO: Extracting primitive: Mesh_684
20:49:44 | INFO: Primitives created: 1
20:49:44 | INFO: Extracting primitive: Mesh_685
20:49:44 | INFO: Primitives created: 1
20:49:44 | INFO: Extracting primitive: Mesh_686
20:49:44 | INFO: Primitives created: 1
20:49:44 | INFO: Extracting primitive: Mesh_687
20:49:44 | INFO: Primitives created: 1
20:49:44 | INFO: Extracting primitive: Mesh_688
20:49:44 | INFO: Primitives created: 1
20:49:44 | INFO: Extracting primitive: Mesh_689
20:49:44 | INFO: Primitives created: 1
20:49:44 | INFO: Extracting primitive: Mesh_690
20:49:44 | INFO: Primitives created: 1
20:49:44 | INFO: Extracting primitive: Mesh_691
20:49:44 | INFO: Primitives created: 1
20:49:44 | INFO: Extracting primitive: Mesh_692
20:49:44 | INFO: Primitives created: 1
20:49:44 | INFO: Extracting primitive: Mesh_696
20:49:44 | INFO: Primitives created: 1
20:49:44 | INFO: Extracting primitive: Mesh_697
20:49:44 | INFO: Primitives created: 1
20:49:44 | INFO: Extracting primitive: Mesh_698
20:49:44 | INFO: Primitives created: 1
20:49:44 | INFO: Extracting primitive: Mesh_699
20:49:44 | INFO: Primitives created: 1
20:49:44 | INFO: Extracting primitive: Mesh_700
20:49:44 | INFO: Primitives created: 1
20:49:44 | INFO: Extracting primitive: Mesh_701
20:49:44 | INFO: Primitives created: 1
20:49:44 | INFO: Extracting primitive: Mesh_702
20:49:44 | INFO: Primitives created: 1
20:49:44 | INFO: Extracting primitive: Mesh_703
20:49:44 | INFO: Primitives created: 1
20:49:44 | INFO: Extracting primitive: Mesh_704
20:49:44 | INFO: Primitives created: 1
20:49:44 | INFO: Extracting primitive: Mesh_705
20:49:44 | INFO: Primitives created: 1
20:49:44 | INFO: Extracting primitive: Mesh_706
20:49:44 | INFO: Primitives created: 1
20:49:44 | INFO: Extracting primitive: Mesh_707
20:49:44 | INFO: Primitives created: 1
20:49:44 | INFO: Extracting primitive: Mesh_708
20:49:44 | INFO: Primitives created: 1
20:49:44 | INFO: Extracting primitive: Mesh_709
20:49:44 | INFO: Primitives created: 1
20:49:44 | INFO: Extracting primitive: Mesh_710
20:49:44 | INFO: Primitives created: 1
20:49:44 | INFO: Extracting primitive: Mesh_711
20:49:44 | INFO: Primitives created: 1
20:49:44 | INFO: Extracting primitive: Mesh_712
20:49:44 | INFO: Primitives created: 1
20:49:44 | INFO: Extracting primitive: Mesh_713
20:49:44 | INFO: Primitives created: 1
20:49:44 | INFO: Extracting primitive: Mesh_714
20:49:44 | INFO: Primitives created: 1
20:49:44 | INFO: Extracting primitive: Mesh_715
20:49:44 | INFO: Primitives created: 1
20:49:44 | INFO: Extracting primitive: Mesh_716
20:49:44 | INFO: Primitives created: 1
20:49:44 | INFO: Extracting primitive: Mesh_718
20:49:44 | INFO: Primitives created: 1
20:49:44 | INFO: Extracting primitive: Mesh_719
20:49:44 | INFO: Primitives created: 1
20:49:44 | INFO: Extracting primitive: Mesh_720
20:49:44 | INFO: Primitives created: 1
20:49:44 | INFO: Extracting primitive: Mesh_721
20:49:44 | INFO: Primitives created: 1
20:49:44 | INFO: Extracting primitive: Mesh_722
20:49:44 | INFO: Primitives created: 1
20:49:44 | INFO: Extracting primitive: Mesh_723
20:49:44 | INFO: Primitives created: 1
20:49:44 | INFO: Extracting primitive: Mesh_724
20:49:44 | INFO: Primitives created: 1
20:49:44 | INFO: Extracting primitive: Mesh_725
20:49:44 | INFO: Primitives created: 1
20:49:44 | INFO: Extracting primitive: Mesh_726
20:49:44 | INFO: Primitives created: 1
20:49:44 | INFO: Extracting primitive: Mesh_727
20:49:44 | INFO: Primitives created: 1
20:49:44 | INFO: Extracting primitive: Mesh_728
20:49:44 | INFO: Primitives created: 1
20:49:44 | INFO: Extracting primitive: Mesh_729
20:49:44 | INFO: Primitives created: 1
20:49:44 | INFO: Extracting primitive: Mesh_730
20:49:44 | INFO: Primitives created: 1
20:49:44 | INFO: Extracting primitive: Mesh_731
20:49:44 | INFO: Primitives created: 1
20:49:44 | INFO: Extracting primitive: Mesh_732
20:49:44 | INFO: Primitives created: 1
20:49:44 | INFO: Extracting primitive: Mesh_733
20:49:44 | INFO: Primitives created: 1
20:49:44 | INFO: Extracting primitive: Mesh_734
20:49:44 | INFO: Primitives created: 1
20:49:44 | INFO: Extracting primitive: Mesh_735
20:49:44 | INFO: Primitives created: 1
20:49:44 | INFO: Extracting primitive: Mesh_736
20:49:44 | INFO: Primitives created: 1
20:49:44 | INFO: Extracting primitive: Mesh_737
20:49:44 | INFO: Primitives created: 1
20:49:44 | INFO: Extracting primitive: Mesh_738
20:49:44 | INFO: Primitives created: 1
20:49:44 | INFO: Extracting primitive: Mesh_739
20:49:44 | INFO: Primitives created: 1
20:49:44 | INFO: Extracting primitive: Mesh_740
20:49:44 | INFO: Primitives created: 1
20:49:44 | INFO: Extracting primitive: Mesh_741
20:49:44 | INFO: Primitives created: 1
20:49:44 | INFO: Extracting primitive: Mesh_742
20:49:44 | INFO: Primitives created: 1
20:49:44 | INFO: Extracting primitive: Mesh_743
20:49:44 | INFO: Primitives created: 1
20:49:44 | INFO: Extracting primitive: Mesh_744
20:49:44 | INFO: Primitives created: 1
20:49:44 | INFO: Extracting primitive: Mesh_745
20:49:44 | INFO: Primitives created: 1
20:49:44 | INFO: Extracting primitive: Mesh_746
20:49:44 | INFO: Primitives created: 1
20:49:44 | INFO: Extracting primitive: Mesh_747
20:49:44 | INFO: Primitives created: 1
20:49:44 | INFO: Extracting primitive: Mesh_748
20:49:44 | INFO: Primitives created: 1
20:49:44 | INFO: Extracting primitive: Mesh_749
20:49:44 | INFO: Primitives created: 1
20:49:44 | INFO: Extracting primitive: Mesh_750
20:49:44 | INFO: Primitives created: 1
20:49:44 | INFO: Extracting primitive: Mesh_751
20:49:44 | INFO: Primitives created: 1
20:49:44 | INFO: Extracting primitive: Mesh_752
20:49:44 | INFO: Primitives created: 1
20:49:45 | INFO: Extracting primitive: Mesh_753
20:49:45 | INFO: Primitives created: 1
20:49:45 | INFO: Extracting primitive: Mesh_754
20:49:45 | INFO: Primitives created: 1
20:49:45 | INFO: Extracting primitive: Mesh_755
20:49:45 | INFO: Primitives created: 1
20:49:45 | INFO: Extracting primitive: Mesh_756
20:49:45 | INFO: Primitives created: 1
20:49:45 | INFO: Extracting primitive: Mesh_757
20:49:45 | INFO: Primitives created: 1
20:49:45 | INFO: Extracting primitive: Mesh_758
20:49:45 | INFO: Primitives created: 1
20:49:45 | INFO: Extracting primitive: Mesh_759
20:49:45 | INFO: Primitives created: 1
20:49:45 | INFO: Extracting primitive: Mesh_760
20:49:45 | INFO: Primitives created: 1
20:49:45 | INFO: Extracting primitive: Mesh_761
20:49:45 | INFO: Primitives created: 1
20:49:45 | INFO: Extracting primitive: Mesh_762
20:49:45 | INFO: Primitives created: 1
20:49:45 | INFO: Extracting primitive: Mesh_763
20:49:45 | INFO: Primitives created: 1
20:49:45 | INFO: Extracting primitive: Mesh_764
20:49:45 | INFO: Primitives created: 1
20:49:45 | INFO: Extracting primitive: Mesh_765
20:49:45 | INFO: Primitives created: 1
20:49:45 | INFO: Extracting primitive: Mesh_766
20:49:45 | INFO: Primitives created: 1
20:49:45 | INFO: Extracting primitive: Mesh_767
20:49:45 | INFO: Primitives created: 1
20:49:45 | INFO: Extracting primitive: Mesh_768
20:49:45 | INFO: Primitives created: 1
20:49:45 | INFO: Extracting primitive: Mesh_769
20:49:45 | INFO: Primitives created: 1
20:49:45 | INFO: Extracting primitive: Mesh_770
20:49:45 | INFO: Primitives created: 1
20:49:45 | INFO: Extracting primitive: Mesh_771
20:49:45 | INFO: Primitives created: 1
20:49:45 | INFO: Extracting primitive: Mesh_772
20:49:45 | INFO: Primitives created: 1
20:49:45 | INFO: Extracting primitive: Mesh_773
20:49:45 | INFO: Primitives created: 1
20:49:45 | INFO: Extracting primitive: Mesh_774
20:49:45 | INFO: Primitives created: 1
20:49:45 | INFO: Extracting primitive: Mesh_775
20:49:45 | INFO: Primitives created: 1
20:49:45 | INFO: Extracting primitive: Mesh_776
20:49:45 | INFO: Primitives created: 1
20:49:45 | INFO: Extracting primitive: Mesh_777
20:49:45 | INFO: Primitives created: 1
20:49:45 | INFO: Extracting primitive: Mesh_778
20:49:45 | INFO: Primitives created: 1
20:49:45 | INFO: Extracting primitive: Mesh_779
20:49:45 | INFO: Primitives created: 1
20:49:45 | INFO: Extracting primitive: Mesh_780
20:49:45 | INFO: Primitives created: 1
20:49:45 | INFO: Extracting primitive: Mesh_781
20:49:45 | INFO: Primitives created: 1
20:49:45 | INFO: Extracting primitive: Mesh_782
20:49:45 | INFO: Primitives created: 1
20:49:45 | INFO: Extracting primitive: Mesh_783
20:49:45 | INFO: Primitives created: 1
20:49:45 | INFO: Extracting primitive: Mesh_784
20:49:45 | INFO: Primitives created: 1
20:49:45 | INFO: Extracting primitive: Mesh_785
20:49:45 | INFO: Primitives created: 1
20:49:45 | INFO: Extracting primitive: Mesh_786
20:49:45 | INFO: Primitives created: 1
20:49:45 | INFO: Extracting primitive: Mesh_787
20:49:45 | INFO: Primitives created: 1
20:49:45 | INFO: Extracting primitive: Mesh_788
20:49:45 | INFO: Primitives created: 1
20:49:45 | INFO: Extracting primitive: Mesh_789
20:49:45 | INFO: Primitives created: 1
20:49:45 | INFO: Extracting primitive: Mesh_790
20:49:45 | INFO: Primitives created: 1
20:49:45 | INFO: Extracting primitive: Mesh_791
20:49:45 | INFO: Primitives created: 1
20:49:45 | INFO: Extracting primitive: Mesh_792
20:49:45 | INFO: Primitives created: 1
20:49:45 | INFO: Extracting primitive: Mesh_793
20:49:45 | INFO: Primitives created: 1
20:49:45 | INFO: Extracting primitive: Mesh_794
20:49:45 | INFO: Primitives created: 1
20:49:45 | INFO: Extracting primitive: Mesh_795
20:49:45 | INFO: Primitives created: 1
20:49:45 | INFO: Extracting primitive: Mesh_796
20:49:45 | INFO: Primitives created: 1
20:49:45 | INFO: Extracting primitive: Mesh_797
20:49:45 | INFO: Primitives created: 1
20:49:45 | INFO: Extracting primitive: Mesh_798
20:49:45 | INFO: Primitives created: 1
20:49:45 | INFO: Extracting primitive: Mesh_799
20:49:45 | INFO: Primitives created: 1
20:49:45 | INFO: Extracting primitive: Mesh_800
20:49:45 | INFO: Primitives created: 1
20:49:45 | INFO: Extracting primitive: Mesh_801
20:49:45 | INFO: Primitives created: 1
20:49:45 | INFO: Extracting primitive: Mesh_802
20:49:45 | INFO: Primitives created: 1
20:49:45 | INFO: Extracting primitive: Mesh_803
20:49:45 | INFO: Primitives created: 1
20:49:45 | INFO: Extracting primitive: Mesh_804
20:49:45 | INFO: Primitives created: 1
20:49:45 | INFO: Extracting primitive: Mesh_805
20:49:45 | INFO: Primitives created: 1
20:49:45 | INFO: Extracting primitive: Mesh_806
20:49:45 | INFO: Primitives created: 1
20:49:45 | INFO: Extracting primitive: Mesh_807
20:49:45 | INFO: Primitives created: 1
20:49:45 | INFO: Extracting primitive: Mesh_808
20:49:45 | INFO: Primitives created: 1
20:49:45 | INFO: Extracting primitive: Mesh_809
20:49:45 | INFO: Primitives created: 1
20:49:45 | INFO: Extracting primitive: Mesh_810
20:49:45 | INFO: Primitives created: 1
20:49:45 | INFO: Extracting primitive: Mesh_811
20:49:45 | INFO: Primitives created: 1
20:49:45 | INFO: Extracting primitive: Mesh_812
20:49:45 | INFO: Primitives created: 1
20:49:45 | INFO: Extracting primitive: Mesh_813
20:49:45 | INFO: Primitives created: 1
20:49:45 | INFO: Extracting primitive: Mesh_814
20:49:45 | INFO: Primitives created: 1
20:49:45 | INFO: Extracting primitive: Mesh_815
20:49:45 | INFO: Primitives created: 1
20:49:45 | INFO: Extracting primitive: Mesh_816
20:49:45 | INFO: Primitives created: 1
20:49:45 | INFO: Extracting primitive: Mesh_817
20:49:45 | INFO: Primitives created: 1
20:49:45 | INFO: Extracting primitive: Mesh_818
20:49:45 | INFO: Primitives created: 1
20:49:45 | INFO: Extracting primitive: Mesh_819
20:49:45 | INFO: Primitives created: 1
20:49:45 | INFO: Extracting primitive: Mesh_820
20:49:45 | INFO: Primitives created: 1
20:49:45 | INFO: Extracting primitive: Mesh_821
20:49:45 | INFO: Primitives created: 1
20:49:45 | INFO: Extracting primitive: Mesh_822
20:49:45 | INFO: Primitives created: 1
20:49:45 | INFO: Extracting primitive: Mesh_823
20:49:45 | INFO: Primitives created: 1
20:49:45 | INFO: Extracting primitive: Mesh_824
20:49:45 | INFO: Primitives created: 1
20:49:45 | INFO: Extracting primitive: Mesh_825
20:49:45 | INFO: Primitives created: 1
20:49:45 | INFO: Extracting primitive: Mesh_826
20:49:45 | INFO: Primitives created: 1
20:49:45 | INFO: Extracting primitive: Mesh_827
20:49:45 | INFO: Primitives created: 1
20:49:45 | INFO: Extracting primitive: Mesh_828
20:49:45 | INFO: Primitives created: 1
20:49:45 | INFO: Extracting primitive: Mesh_829
20:49:45 | INFO: Primitives created: 1
20:49:45 | INFO: Extracting primitive: Mesh_830
20:49:45 | INFO: Primitives created: 1
20:49:45 | INFO: Extracting primitive: Mesh_831
20:49:45 | INFO: Primitives created: 1
20:49:45 | INFO: Extracting primitive: Mesh_832
20:49:45 | INFO: Primitives created: 1
20:49:45 | INFO: Extracting primitive: Mesh_833
20:49:45 | INFO: Primitives created: 1
20:49:45 | INFO: Extracting primitive: Mesh_834
20:49:45 | INFO: Primitives created: 1
20:49:45 | INFO: Extracting primitive: Mesh_835
20:49:45 | INFO: Primitives created: 1
20:49:45 | INFO: Extracting primitive: Mesh_836
20:49:45 | INFO: Primitives created: 1
20:49:45 | INFO: Extracting primitive: Mesh_837
20:49:45 | INFO: Primitives created: 1
20:49:45 | INFO: Extracting primitive: Mesh_838
20:49:45 | INFO: Primitives created: 1
20:49:45 | INFO: Extracting primitive: Mesh_839
20:49:45 | INFO: Primitives created: 1
20:49:45 | INFO: Extracting primitive: Mesh_840
20:49:45 | INFO: Primitives created: 1
20:49:45 | INFO: Extracting primitive: Mesh_841
20:49:45 | INFO: Primitives created: 1
20:49:45 | INFO: Extracting primitive: Mesh_842
20:49:45 | INFO: Primitives created: 1
20:49:45 | INFO: Extracting primitive: Mesh_843
20:49:45 | INFO: Primitives created: 1
20:49:45 | INFO: Extracting primitive: Mesh_844
20:49:45 | INFO: Primitives created: 1
20:49:45 | INFO: Extracting primitive: Mesh_845
20:49:45 | INFO: Primitives created: 1
20:49:45 | INFO: Extracting primitive: Mesh_846
20:49:45 | INFO: Primitives created: 1
20:49:45 | INFO: Extracting primitive: Mesh_847
20:49:45 | INFO: Primitives created: 1
20:49:45 | INFO: Extracting primitive: Mesh_848
20:49:45 | INFO: Primitives created: 1
20:49:45 | INFO: Extracting primitive: Mesh_849
20:49:45 | INFO: Primitives created: 1
20:49:45 | INFO: Extracting primitive: Mesh_850
20:49:45 | INFO: Primitives created: 1
20:49:45 | INFO: Extracting primitive: Mesh_851
20:49:45 | INFO: Primitives created: 1
20:49:45 | INFO: Extracting primitive: Mesh_852
20:49:45 | INFO: Primitives created: 1
20:49:45 | INFO: Extracting primitive: Mesh_853
20:49:45 | INFO: Primitives created: 1
20:49:45 | INFO: Extracting primitive: Mesh_854
20:49:45 | INFO: Primitives created: 1
20:49:45 | INFO: Extracting primitive: Mesh_855
20:49:45 | INFO: Primitives created: 1
20:49:45 | INFO: Extracting primitive: Mesh_856
20:49:45 | INFO: Primitives created: 1
20:49:45 | INFO: Extracting primitive: Mesh_857
20:49:45 | INFO: Primitives created: 1
20:49:45 | INFO: Extracting primitive: Mesh_858
20:49:45 | INFO: Primitives created: 1
20:49:45 | INFO: Extracting primitive: Mesh_859
20:49:45 | INFO: Primitives created: 1
20:49:45 | INFO: Extracting primitive: Mesh_860
20:49:45 | INFO: Primitives created: 1
20:49:45 | INFO: Extracting primitive: Mesh_861
20:49:45 | INFO: Primitives created: 1
20:49:45 | INFO: Extracting primitive: Mesh_862
20:49:45 | INFO: Primitives created: 1
20:49:45 | INFO: Extracting primitive: Mesh_863
20:49:45 | INFO: Primitives created: 1
20:49:45 | INFO: Extracting primitive: Mesh_864
20:49:45 | INFO: Primitives created: 1
20:49:45 | INFO: Extracting primitive: Mesh_865
20:49:45 | INFO: Primitives created: 1
20:49:45 | INFO: Extracting primitive: Mesh_866
20:49:45 | INFO: Primitives created: 1
20:49:45 | INFO: Extracting primitive: Mesh_867
20:49:45 | INFO: Primitives created: 1
20:49:45 | INFO: Extracting primitive: Mesh_868
20:49:45 | INFO: Primitives created: 1
20:49:45 | INFO: Extracting primitive: Mesh_869
20:49:45 | INFO: Primitives created: 1
20:49:45 | INFO: Extracting primitive: Mesh_870
20:49:45 | INFO: Primitives created: 1
20:49:45 | INFO: Extracting primitive: Mesh_871
20:49:45 | INFO: Primitives created: 1
20:49:45 | INFO: Extracting primitive: Mesh_872
20:49:45 | INFO: Primitives created: 1
20:49:45 | INFO: Extracting primitive: Mesh_873
20:49:45 | INFO: Primitives created: 1
20:49:45 | INFO: Extracting primitive: Mesh_874
20:49:45 | INFO: Primitives created: 1
20:49:45 | INFO: Extracting primitive: Mesh_875
20:49:45 | INFO: Primitives created: 1
20:49:45 | INFO: Extracting primitive: Mesh_876
20:49:45 | INFO: Primitives created: 1
20:49:45 | INFO: Extracting primitive: Mesh_877
20:49:45 | INFO: Primitives created: 1
20:49:45 | INFO: Extracting primitive: Mesh_878
20:49:45 | INFO: Primitives created: 1
20:49:45 | INFO: Extracting primitive: Mesh_879
20:49:45 | INFO: Primitives created: 1
20:49:45 | INFO: Extracting primitive: Mesh_880
20:49:45 | INFO: Primitives created: 1
20:49:45 | INFO: Extracting primitive: Mesh_881
20:49:45 | INFO: Primitives created: 1
20:49:45 | INFO: Extracting primitive: Mesh_882
20:49:45 | INFO: Primitives created: 1
20:49:45 | INFO: Extracting primitive: Mesh_883
20:49:45 | INFO: Primitives created: 1
20:49:45 | INFO: Extracting primitive: Mesh_884
20:49:45 | INFO: Primitives created: 1
20:49:45 | INFO: Extracting primitive: Mesh_885
20:49:45 | INFO: Primitives created: 1
20:49:45 | INFO: Extracting primitive: Mesh_886
20:49:45 | INFO: Primitives created: 1
20:49:45 | INFO: Extracting primitive: Mesh_887
20:49:45 | INFO: Primitives created: 1
20:49:45 | INFO: Extracting primitive: Mesh_888
20:49:45 | INFO: Primitives created: 1
20:49:45 | INFO: Extracting primitive: Mesh_889
20:49:45 | INFO: Primitives created: 1
20:49:45 | INFO: Extracting primitive: Mesh_890
20:49:45 | INFO: Primitives created: 1
20:49:45 | INFO: Extracting primitive: Mesh_891
20:49:45 | INFO: Primitives created: 1
20:49:45 | INFO: Extracting primitive: Mesh_892
20:49:45 | INFO: Primitives created: 1
20:49:45 | INFO: Extracting primitive: Mesh_893
20:49:45 | INFO: Primitives created: 1
20:49:45 | INFO: Extracting primitive: Mesh_894
20:49:45 | INFO: Primitives created: 1
20:49:45 | INFO: Extracting primitive: Mesh_895
20:49:45 | INFO: Primitives created: 1
20:49:45 | INFO: Extracting primitive: Mesh_896
20:49:45 | INFO: Primitives created: 1
20:49:45 | INFO: Extracting primitive: Mesh_897
20:49:45 | INFO: Primitives created: 1
20:49:45 | INFO: Extracting primitive: Mesh_898
20:49:45 | INFO: Primitives created: 1
20:49:45 | INFO: Extracting primitive: Mesh_899
20:49:45 | INFO: Primitives created: 1
20:49:45 | INFO: Extracting primitive: Mesh_900
20:49:45 | INFO: Primitives created: 1
20:49:45 | INFO: Extracting primitive: Mesh_901
20:49:45 | INFO: Primitives created: 1
20:49:45 | INFO: Extracting primitive: Mesh_902
20:49:45 | INFO: Primitives created: 1
20:49:45 | INFO: Extracting primitive: Mesh_903
20:49:45 | INFO: Primitives created: 1
20:49:45 | INFO: Extracting primitive: Mesh_904
20:49:45 | INFO: Primitives created: 1
20:49:45 | INFO: Extracting primitive: Mesh_905
20:49:45 | INFO: Primitives created: 1
20:49:45 | INFO: Extracting primitive: Mesh_906
20:49:45 | INFO: Primitives created: 1
20:49:45 | INFO: Extracting primitive: Mesh_907
20:49:45 | INFO: Primitives created: 1
20:49:45 | INFO: Extracting primitive: Mesh_908
20:49:45 | INFO: Primitives created: 1
20:49:45 | INFO: Extracting primitive: Mesh_909
20:49:45 | INFO: Primitives created: 1
20:49:45 | INFO: Extracting primitive: Mesh_910
20:49:45 | INFO: Primitives created: 1
20:49:45 | INFO: Extracting primitive: Mesh_911
20:49:45 | INFO: Primitives created: 1
20:49:45 | INFO: Extracting primitive: Mesh_912
20:49:45 | INFO: Primitives created: 1
20:49:45 | INFO: Extracting primitive: Mesh_913
20:49:45 | INFO: Primitives created: 1
20:49:45 | INFO: Extracting primitive: Mesh_914
20:49:45 | INFO: Primitives created: 1
20:49:45 | INFO: Extracting primitive: Mesh_915
20:49:45 | INFO: Primitives created: 1
20:49:45 | INFO: Extracting primitive: Mesh_916
20:49:45 | INFO: Primitives created: 1
20:49:45 | INFO: Extracting primitive: Mesh_917
20:49:45 | INFO: Primitives created: 1
20:49:45 | INFO: Extracting primitive: Mesh_918
20:49:45 | INFO: Primitives created: 1
20:49:45 | INFO: Extracting primitive: Mesh_919
20:49:45 | INFO: Primitives created: 1
20:49:45 | INFO: Extracting primitive: Mesh_920
20:49:45 | INFO: Primitives created: 1
20:49:45 | INFO: Extracting primitive: Mesh_921
20:49:45 | INFO: Primitives created: 1
20:49:45 | INFO: Extracting primitive: Mesh_922
20:49:45 | INFO: Primitives created: 1
20:49:45 | INFO: Extracting primitive: Mesh_923
20:49:45 | INFO: Primitives created: 1
20:49:45 | INFO: Extracting primitive: Mesh_924
20:49:45 | INFO: Primitives created: 1
20:49:45 | INFO: Extracting primitive: Mesh_925
20:49:45 | INFO: Primitives created: 1
20:49:45 | INFO: Extracting primitive: Mesh_926
20:49:45 | INFO: Primitives created: 1
20:49:45 | INFO: Extracting primitive: Mesh_927
20:49:45 | INFO: Primitives created: 1
20:49:45 | INFO: Extracting primitive: Mesh_928
20:49:45 | INFO: Primitives created: 1
20:49:45 | INFO: Extracting primitive: Mesh_929
20:49:45 | INFO: Primitives created: 1
20:49:45 | INFO: Extracting primitive: Mesh_930
20:49:45 | INFO: Primitives created: 1
20:49:45 | INFO: Extracting primitive: Mesh_931
20:49:45 | INFO: Primitives created: 1
20:49:45 | INFO: Extracting primitive: Mesh_932
20:49:45 | INFO: Primitives created: 1
20:49:45 | INFO: Extracting primitive: Mesh_933
20:49:45 | INFO: Primitives created: 1
20:49:45 | INFO: Extracting primitive: Mesh_934
20:49:45 | INFO: Primitives created: 1
20:49:45 | INFO: Extracting primitive: Mesh_935
20:49:45 | INFO: Primitives created: 1
20:49:45 | INFO: Extracting primitive: Mesh_936
20:49:45 | INFO: Primitives created: 1
20:49:45 | INFO: Extracting primitive: Mesh_937
20:49:45 | INFO: Primitives created: 1
20:49:45 | INFO: Extracting primitive: Mesh_938
20:49:45 | INFO: Primitives created: 1
20:49:45 | INFO: Extracting primitive: Mesh_939
20:49:45 | INFO: Primitives created: 1
20:49:45 | INFO: Extracting primitive: Mesh_940
20:49:45 | INFO: Primitives created: 1
20:49:45 | INFO: Extracting primitive: Mesh_941
20:49:45 | INFO: Primitives created: 1
20:49:45 | INFO: Extracting primitive: Mesh_942
20:49:45 | INFO: Primitives created: 1
20:49:45 | INFO: Extracting primitive: Mesh_943
20:49:45 | INFO: Primitives created: 1
20:49:45 | INFO: Extracting primitive: Mesh_944
20:49:45 | INFO: Primitives created: 1
20:49:45 | INFO: Extracting primitive: Mesh_945
20:49:45 | INFO: Primitives created: 1
20:49:45 | INFO: Extracting primitive: Mesh_946
20:49:45 | INFO: Primitives created: 1
20:49:45 | INFO: Extracting primitive: Mesh_947
20:49:45 | INFO: Primitives created: 1
20:49:45 | INFO: Extracting primitive: Mesh_948
20:49:45 | INFO: Primitives created: 1
20:49:45 | INFO: Extracting primitive: Mesh_949
20:49:45 | INFO: Primitives created: 1
20:49:45 | INFO: Extracting primitive: Mesh_950
20:49:45 | INFO: Primitives created: 1
20:49:45 | INFO: Extracting primitive: Mesh_951
20:49:45 | INFO: Primitives created: 1
20:49:45 | INFO: Extracting primitive: Mesh_952
20:49:45 | INFO: Primitives created: 1
20:49:45 | INFO: Extracting primitive: Mesh_953
20:49:45 | INFO: Primitives created: 1
20:49:45 | INFO: Extracting primitive: Mesh_954
20:49:45 | INFO: Primitives created: 1
20:49:45 | INFO: Extracting primitive: Mesh_955
20:49:45 | INFO: Primitives created: 1
20:49:45 | INFO: Extracting primitive: Mesh_956
20:49:45 | INFO: Primitives created: 1
20:49:45 | INFO: Extracting primitive: Mesh_957
20:49:45 | INFO: Primitives created: 1
20:49:45 | INFO: Extracting primitive: Mesh_958
20:49:45 | INFO: Primitives created: 1
20:49:45 | INFO: Extracting primitive: Mesh_959
20:49:45 | INFO: Primitives created: 1
20:49:45 | INFO: Extracting primitive: Mesh_960
20:49:45 | INFO: Primitives created: 1
20:49:45 | INFO: Extracting primitive: Mesh_961
20:49:45 | INFO: Primitives created: 1
20:49:45 | INFO: Extracting primitive: Mesh_962
20:49:45 | INFO: Primitives created: 1
20:49:45 | INFO: Extracting primitive: Mesh_963
20:49:45 | INFO: Primitives created: 1
20:49:45 | INFO: Extracting primitive: Mesh_964
20:49:45 | INFO: Primitives created: 1
20:49:45 | INFO: Extracting primitive: Mesh_965
20:49:45 | INFO: Primitives created: 1
20:49:45 | INFO: Extracting primitive: Mesh_966
20:49:45 | INFO: Primitives created: 1
20:49:45 | INFO: Extracting primitive: Mesh_967
20:49:45 | INFO: Primitives created: 1
20:49:45 | INFO: Extracting primitive: Mesh_968
20:49:45 | INFO: Primitives created: 1
20:49:45 | INFO: Extracting primitive: Mesh_969
20:49:45 | INFO: Primitives created: 1
20:49:45 | INFO: Extracting primitive: Mesh_970
20:49:45 | INFO: Primitives created: 1
20:49:45 | INFO: Extracting primitive: Mesh_971
20:49:45 | INFO: Primitives created: 1
20:49:45 | INFO: Extracting primitive: Mesh_972
20:49:45 | INFO: Primitives created: 1
20:49:45 | INFO: Extracting primitive: Mesh_973
20:49:45 | INFO: Primitives created: 1
20:49:45 | INFO: Extracting primitive: Mesh_974
20:49:45 | INFO: Primitives created: 1
20:49:45 | INFO: Extracting primitive: Mesh_975
20:49:45 | INFO: Primitives created: 1
20:49:45 | INFO: Extracting primitive: Mesh_976
20:49:45 | INFO: Primitives created: 1
20:49:45 | INFO: Extracting primitive: Mesh_977
20:49:45 | INFO: Primitives created: 1
20:49:45 | INFO: Extracting primitive: Mesh_978
20:49:45 | INFO: Primitives created: 1
20:49:45 | INFO: Extracting primitive: Mesh_979
20:49:45 | INFO: Primitives created: 1
20:49:45 | INFO: Extracting primitive: Mesh_980
20:49:45 | INFO: Primitives created: 1
20:49:45 | INFO: Extracting primitive: Mesh_981
20:49:45 | INFO: Primitives created: 1
20:49:45 | INFO: Extracting primitive: Mesh_982
20:49:45 | INFO: Primitives created: 1
20:49:45 | INFO: Extracting primitive: Mesh_983
20:49:45 | INFO: Primitives created: 1
20:49:45 | INFO: Extracting primitive: Mesh_984
20:49:45 | INFO: Primitives created: 1
20:49:45 | INFO: Extracting primitive: Mesh_985
20:49:45 | INFO: Primitives created: 1
20:49:45 | INFO: Extracting primitive: Mesh_986
20:49:45 | INFO: Primitives created: 1
20:49:45 | INFO: Extracting primitive: Mesh_987
20:49:45 | INFO: Primitives created: 1
20:49:45 | INFO: Extracting primitive: Mesh_988
20:49:45 | INFO: Primitives created: 1
20:49:45 | INFO: Extracting primitive: Mesh_989
20:49:45 | INFO: Primitives created: 1
20:49:45 | INFO: Extracting primitive: Mesh_990
20:49:45 | INFO: Primitives created: 1
20:49:45 | INFO: Extracting primitive: Mesh_991
20:49:45 | INFO: Primitives created: 1
20:49:45 | INFO: Extracting primitive: Mesh_992
20:49:45 | INFO: Primitives created: 1
20:49:45 | INFO: Extracting primitive: Mesh_993
20:49:45 | INFO: Primitives created: 1
20:49:45 | INFO: Extracting primitive: Mesh_994
20:49:45 | INFO: Primitives created: 1
20:49:45 | INFO: Extracting primitive: Mesh_995
20:49:45 | INFO: Primitives created: 1
20:49:45 | INFO: Extracting primitive: Mesh_996
20:49:45 | INFO: Primitives created: 1
20:49:45 | INFO: Extracting primitive: Mesh_997
20:49:45 | INFO: Primitives created: 1
20:49:45 | INFO: Extracting primitive: Mesh_998
20:49:45 | INFO: Primitives created: 1
20:49:45 | INFO: Extracting primitive: Mesh_999
20:49:45 | INFO: Primitives created: 1
20:49:45 | INFO: Extracting primitive: Mesh_1000
20:49:45 | INFO: Primitives created: 1
20:49:45 | INFO: Extracting primitive: Mesh_1001
20:49:45 | INFO: Primitives created: 1
20:49:45 | INFO: Extracting primitive: Mesh_1002
20:49:45 | INFO: Primitives created: 1
20:49:45 | INFO: Extracting primitive: Mesh_1003
20:49:45 | INFO: Primitives created: 1
20:49:45 | INFO: Extracting primitive: Mesh_1004
20:49:45 | INFO: Primitives created: 1
20:49:45 | INFO: Extracting primitive: Mesh_1005
20:49:45 | INFO: Primitives created: 1
20:49:45 | INFO: Extracting primitive: Mesh_1006
20:49:45 | INFO: Primitives created: 1
20:49:45 | INFO: Extracting primitive: Mesh_1007
20:49:45 | INFO: Primitives created: 1
20:49:45 | INFO: Extracting primitive: Mesh_1008
20:49:45 | INFO: Primitives created: 1
20:49:45 | INFO: Extracting primitive: Mesh_1009
20:49:45 | INFO: Primitives created: 1
20:49:45 | INFO: Extracting primitive: Mesh_1010
20:49:45 | INFO: Primitives created: 1
20:49:45 | INFO: Extracting primitive: Mesh_1011
20:49:45 | INFO: Primitives created: 1
20:49:45 | INFO: Extracting primitive: Mesh_1012
20:49:45 | INFO: Primitives created: 1
20:49:45 | INFO: Extracting primitive: Mesh_1013
20:49:45 | INFO: Primitives created: 1
20:49:45 | INFO: Extracting primitive: Mesh_1014
20:49:45 | INFO: Primitives created: 1
20:49:45 | INFO: Extracting primitive: Mesh_1015
20:49:45 | INFO: Primitives created: 1
20:49:45 | INFO: Extracting primitive: Mesh_1016
20:49:45 | INFO: Primitives created: 1
20:49:45 | INFO: Extracting primitive: Mesh_1017
20:49:45 | INFO: Primitives created: 1
20:49:45 | INFO: Extracting primitive: Mesh_1018
20:49:45 | INFO: Primitives created: 1
20:49:45 | INFO: Extracting primitive: Mesh_1019
20:49:45 | INFO: Primitives created: 1
20:49:45 | INFO: Extracting primitive: Mesh_1020
20:49:45 | INFO: Primitives created: 1
20:49:45 | INFO: Extracting primitive: Mesh_1021
20:49:45 | INFO: Primitives created: 1
20:49:45 | INFO: Extracting primitive: Mesh_1022
20:49:45 | INFO: Primitives created: 1
20:49:45 | INFO: Extracting primitive: Mesh_1023
20:49:45 | INFO: Primitives created: 1
20:49:45 | INFO: Extracting primitive: Mesh_1024
20:49:45 | INFO: Primitives created: 1
20:49:45 | INFO: Extracting primitive: Mesh_1025
20:49:45 | INFO: Primitives created: 1
20:49:45 | INFO: Extracting primitive: Mesh_1026
20:49:45 | INFO: Primitives created: 1
20:49:45 | INFO: Extracting primitive: Mesh_1027
20:49:45 | INFO: Primitives created: 1
20:49:45 | INFO: Extracting primitive: Mesh_1028
20:49:45 | INFO: Primitives created: 1
20:49:45 | INFO: Extracting primitive: Mesh_1029
20:49:45 | INFO: Primitives created: 1
20:49:45 | INFO: Extracting primitive: Mesh_1030
20:49:45 | INFO: Primitives created: 1
20:49:45 | INFO: Extracting primitive: Mesh_1031
20:49:45 | INFO: Primitives created: 1
20:49:45 | INFO: Extracting primitive: Mesh_1032
20:49:45 | INFO: Primitives created: 1
20:49:45 | INFO: Extracting primitive: Mesh_1033
20:49:45 | INFO: Primitives created: 1
20:49:45 | INFO: Extracting primitive: Mesh_1034
20:49:45 | INFO: Primitives created: 1
20:49:45 | INFO: Extracting primitive: Mesh_1035
20:49:45 | INFO: Primitives created: 1
20:49:45 | INFO: Extracting primitive: Mesh_1036
20:49:45 | INFO: Primitives created: 1
20:49:45 | INFO: Extracting primitive: Mesh_1037
20:49:45 | INFO: Primitives created: 1
20:49:45 | INFO: Extracting primitive: Mesh_1038
20:49:45 | INFO: Primitives created: 1
20:49:45 | INFO: Extracting primitive: Mesh_1039
20:49:45 | INFO: Primitives created: 1
20:49:45 | INFO: Extracting primitive: Mesh_1040
20:49:45 | INFO: Primitives created: 1
20:49:45 | INFO: Extracting primitive: Mesh_1041
20:49:45 | INFO: Primitives created: 1
20:49:45 | INFO: Extracting primitive: Mesh_1042
20:49:45 | INFO: Primitives created: 1
20:49:45 | INFO: Extracting primitive: Mesh_1043
20:49:45 | INFO: Primitives created: 1
20:49:45 | INFO: Extracting primitive: Mesh_1044
20:49:45 | INFO: Primitives created: 1
20:49:45 | INFO: Extracting primitive: Mesh_1045
20:49:45 | INFO: Primitives created: 1
20:49:45 | INFO: Extracting primitive: Mesh_1046
20:49:45 | INFO: Primitives created: 1
20:49:45 | INFO: Extracting primitive: Mesh_1047
20:49:45 | INFO: Primitives created: 1
20:49:45 | INFO: Extracting primitive: Mesh_1048
20:49:45 | INFO: Primitives created: 1
20:49:45 | INFO: Extracting primitive: Mesh_1049
20:49:45 | INFO: Primitives created: 1
20:49:45 | INFO: Extracting primitive: Mesh_1050
20:49:45 | INFO: Primitives created: 1
20:49:45 | INFO: Extracting primitive: Mesh_1051
20:49:45 | INFO: Primitives created: 1
20:49:45 | INFO: Extracting primitive: Mesh_1052
20:49:45 | INFO: Primitives created: 1
20:49:45 | INFO: Extracting primitive: Mesh_1053
20:49:45 | INFO: Primitives created: 1
20:49:45 | INFO: Extracting primitive: Mesh_1054
20:49:45 | INFO: Primitives created: 1
20:49:45 | INFO: Extracting primitive: Mesh_1055
20:49:45 | INFO: Primitives created: 1
20:49:45 | INFO: Extracting primitive: Mesh_1056
20:49:45 | INFO: Primitives created: 1
20:49:45 | INFO: Extracting primitive: Mesh_1057
20:49:45 | INFO: Primitives created: 1
20:49:45 | INFO: Extracting primitive: Mesh_1058
20:49:45 | INFO: Primitives created: 1
20:49:45 | INFO: Extracting primitive: Mesh_1059
20:49:45 | INFO: Primitives created: 1
20:49:45 | INFO: Extracting primitive: Mesh_1060
20:49:45 | INFO: Primitives created: 1
20:49:45 | INFO: Extracting primitive: Mesh_1061
20:49:45 | INFO: Primitives created: 1
20:49:45 | INFO: Extracting primitive: Mesh_1062
20:49:45 | INFO: Primitives created: 1
20:49:45 | INFO: Extracting primitive: Mesh_1063
20:49:45 | INFO: Primitives created: 1
20:49:45 | INFO: Extracting primitive: Mesh_1064
20:49:45 | INFO: Primitives created: 1
20:49:45 | INFO: Extracting primitive: Mesh_1065
20:49:45 | INFO: Primitives created: 1
20:49:45 | INFO: Extracting primitive: Mesh_1066
20:49:45 | INFO: Primitives created: 1
20:49:45 | INFO: Extracting primitive: Mesh_1067
20:49:45 | INFO: Primitives created: 1
20:49:45 | INFO: Extracting primitive: Mesh_1068
20:49:45 | INFO: Primitives created: 1
20:49:45 | INFO: Extracting primitive: Mesh_1069
20:49:45 | INFO: Primitives created: 1
20:49:45 | INFO: Extracting primitive: Mesh_1070
20:49:45 | INFO: Primitives created: 1
20:49:45 | INFO: Extracting primitive: Mesh_1071
20:49:45 | INFO: Primitives created: 1
20:49:45 | INFO: Extracting primitive: Mesh_1072
20:49:45 | INFO: Primitives created: 1
20:49:45 | INFO: Extracting primitive: Mesh_1073
20:49:45 | INFO: Primitives created: 1
20:49:45 | INFO: Extracting primitive: Mesh_1074
20:49:45 | INFO: Primitives created: 1
20:49:45 | INFO: Extracting primitive: Mesh_1075
20:49:45 | INFO: Primitives created: 1
20:49:45 | INFO: Extracting primitive: Mesh_1076
20:49:45 | INFO: Primitives created: 1
20:49:45 | INFO: Extracting primitive: Mesh_1077
20:49:45 | INFO: Primitives created: 1
20:49:45 | INFO: Extracting primitive: Mesh_1078
20:49:45 | INFO: Primitives created: 1
20:49:45 | INFO: Extracting primitive: Mesh_1079
20:49:45 | INFO: Primitives created: 1
20:49:45 | INFO: Extracting primitive: Mesh_1080
20:49:45 | INFO: Primitives created: 1
20:49:45 | INFO: Extracting primitive: Mesh_1081
20:49:45 | INFO: Primitives created: 1
20:49:45 | INFO: Extracting primitive: Mesh_1082
20:49:45 | INFO: Primitives created: 1
20:49:45 | INFO: Extracting primitive: Mesh_1083
20:49:45 | INFO: Primitives created: 1
20:49:45 | INFO: Extracting primitive: Mesh_1084
20:49:45 | INFO: Primitives created: 1
20:49:45 | INFO: Extracting primitive: Mesh_1085
20:49:45 | INFO: Primitives created: 1
20:49:45 | INFO: Extracting primitive: Mesh_1086
20:49:45 | INFO: Primitives created: 1
20:49:45 | INFO: Extracting primitive: Mesh_1087
20:49:45 | INFO: Primitives created: 1
20:49:45 | INFO: Extracting primitive: Mesh_1088
20:49:45 | INFO: Primitives created: 1
20:49:45 | INFO: Extracting primitive: Mesh_1089
20:49:45 | INFO: Primitives created: 1
20:49:45 | INFO: Extracting primitive: Mesh_1090
20:49:45 | INFO: Primitives created: 1
20:49:45 | INFO: Extracting primitive: Mesh_1091
20:49:45 | INFO: Primitives created: 1
20:49:45 | INFO: Extracting primitive: Mesh_1092
20:49:45 | INFO: Primitives created: 1
20:49:45 | INFO: Extracting primitive: Mesh_1093
20:49:45 | INFO: Primitives created: 1
20:49:45 | INFO: Extracting primitive: Mesh_1094
20:49:45 | INFO: Primitives created: 1
20:49:45 | INFO: Extracting primitive: Mesh_1095
20:49:45 | INFO: Primitives created: 1
20:49:45 | INFO: Extracting primitive: Mesh_1096
20:49:45 | INFO: Primitives created: 1
20:49:45 | INFO: Extracting primitive: Mesh_1097
20:49:45 | INFO: Primitives created: 1
20:49:45 | INFO: Extracting primitive: Mesh_1098
20:49:45 | INFO: Primitives created: 1
20:49:45 | INFO: Extracting primitive: Mesh_1099
20:49:45 | INFO: Primitives created: 1
20:49:45 | INFO: Extracting primitive: Mesh_1100
20:49:45 | INFO: Primitives created: 1
20:49:45 | INFO: Extracting primitive: Mesh_1101
20:49:45 | INFO: Primitives created: 1
20:49:45 | INFO: Extracting primitive: Mesh_1102
20:49:45 | INFO: Primitives created: 1
20:49:45 | INFO: Extracting primitive: Mesh_1103
20:49:45 | INFO: Primitives created: 1
20:49:45 | INFO: Extracting primitive: Mesh_1104
20:49:45 | INFO: Primitives created: 1
20:49:45 | INFO: Extracting primitive: Mesh_1105
20:49:45 | INFO: Primitives created: 1
20:49:45 | INFO: Extracting primitive: Mesh_1106
20:49:45 | INFO: Primitives created: 1
20:49:45 | INFO: Extracting primitive: Mesh_1107
20:49:45 | INFO: Primitives created: 1
20:49:45 | INFO: Extracting primitive: Mesh_1108
20:49:45 | INFO: Primitives created: 1
20:49:45 | INFO: Extracting primitive: Mesh_1109
20:49:45 | INFO: Primitives created: 1
20:49:45 | INFO: Extracting primitive: Mesh_1110
20:49:45 | INFO: Primitives created: 1
20:49:45 | INFO: Extracting primitive: Mesh_1111
20:49:45 | INFO: Primitives created: 1
20:49:45 | INFO: Extracting primitive: Mesh_1112
20:49:45 | INFO: Primitives created: 1
20:49:45 | INFO: Extracting primitive: Mesh_1113
20:49:45 | INFO: Primitives created: 1
20:49:45 | INFO: Extracting primitive: Mesh_1114
20:49:45 | INFO: Primitives created: 1
20:49:45 | INFO: Extracting primitive: Mesh_1115
20:49:45 | INFO: Primitives created: 1
20:49:45 | INFO: Extracting primitive: Mesh_1116
20:49:45 | INFO: Primitives created: 1
20:49:45 | INFO: Extracting primitive: Mesh_1117
20:49:45 | INFO: Primitives created: 1
20:49:45 | INFO: Extracting primitive: Mesh_1118
20:49:45 | INFO: Primitives created: 1
20:49:45 | INFO: Extracting primitive: Mesh_1119
20:49:45 | INFO: Primitives created: 1
20:49:45 | INFO: Extracting primitive: Mesh_1120
20:49:45 | INFO: Primitives created: 1
20:49:45 | INFO: Extracting primitive: Mesh_1121
20:49:45 | INFO: Primitives created: 1
20:49:45 | INFO: Extracting primitive: Mesh_1122
20:49:45 | INFO: Primitives created: 1
20:49:45 | INFO: Extracting primitive: Mesh_1123
20:49:45 | INFO: Primitives created: 1
20:49:45 | INFO: Extracting primitive: Mesh_1124
20:49:45 | INFO: Primitives created: 1
20:49:45 | INFO: Extracting primitive: Mesh_1125
20:49:45 | INFO: Primitives created: 1
20:49:45 | INFO: Extracting primitive: Mesh_1126
20:49:45 | INFO: Primitives created: 1
20:49:45 | INFO: Extracting primitive: Mesh_1127
20:49:45 | INFO: Primitives created: 1
20:49:45 | INFO: Extracting primitive: Mesh_1128
20:49:45 | INFO: Primitives created: 1
20:49:45 | INFO: Extracting primitive: Mesh_1129
20:49:45 | INFO: Primitives created: 1
20:49:45 | INFO: Extracting primitive: Mesh_1130
20:49:45 | INFO: Primitives created: 1
20:49:45 | INFO: Extracting primitive: Mesh_1131
20:49:45 | INFO: Primitives created: 1
20:49:45 | INFO: Extracting primitive: Mesh_1132
20:49:45 | INFO: Primitives created: 1
20:49:45 | INFO: Extracting primitive: Mesh_1133
20:49:45 | INFO: Primitives created: 1
20:49:45 | INFO: Extracting primitive: Mesh_1134
20:49:45 | INFO: Primitives created: 1
20:49:45 | INFO: Extracting primitive: Mesh_1135
20:49:45 | INFO: Primitives created: 1
20:49:45 | INFO: Extracting primitive: Mesh_1136
20:49:45 | INFO: Primitives created: 1
20:49:45 | INFO: Extracting primitive: Mesh_1137
20:49:45 | INFO: Primitives created: 1
20:49:45 | INFO: Extracting primitive: Mesh_1138
20:49:45 | INFO: Primitives created: 1
20:49:45 | INFO: Extracting primitive: Mesh_1139
20:49:45 | INFO: Primitives created: 1
20:49:45 | INFO: Extracting primitive: Mesh_1140
20:49:45 | INFO: Primitives created: 1
20:49:45 | INFO: Extracting primitive: Mesh_1141
20:49:45 | INFO: Primitives created: 1
20:49:45 | INFO: Extracting primitive: Mesh_1142
20:49:45 | INFO: Primitives created: 1
20:49:45 | INFO: Extracting primitive: Mesh_1143
20:49:45 | INFO: Primitives created: 1
20:49:45 | INFO: Extracting primitive: Mesh_1144
20:49:45 | INFO: Primitives created: 1
20:49:45 | INFO: Extracting primitive: Mesh_1145
20:49:45 | INFO: Primitives created: 1
20:49:45 | INFO: Extracting primitive: Mesh_1146
20:49:45 | INFO: Primitives created: 1
20:49:45 | INFO: Extracting primitive: Mesh_1147
20:49:45 | INFO: Primitives created: 1
20:49:45 | INFO: Extracting primitive: Mesh_1148
20:49:45 | INFO: Primitives created: 1
20:49:45 | INFO: Extracting primitive: Mesh_1149
20:49:45 | INFO: Primitives created: 1
20:49:45 | INFO: Extracting primitive: Mesh_1150
20:49:45 | INFO: Primitives created: 1
20:49:45 | INFO: Extracting primitive: Mesh_1151
20:49:45 | INFO: Primitives created: 1
20:49:45 | INFO: Extracting primitive: Mesh_1152
20:49:45 | INFO: Primitives created: 1
20:49:45 | INFO: Extracting primitive: Mesh_1153
20:49:45 | INFO: Primitives created: 1
20:49:45 | INFO: Extracting primitive: Mesh_1154
20:49:45 | INFO: Primitives created: 1
20:49:45 | INFO: Extracting primitive: Mesh_1155
20:49:45 | INFO: Primitives created: 1
20:49:45 | INFO: Extracting primitive: Mesh_1156
20:49:45 | INFO: Primitives created: 1
20:49:45 | INFO: Extracting primitive: Mesh_1157
20:49:45 | INFO: Primitives created: 1
20:49:45 | INFO: Extracting primitive: Mesh_1158
20:49:45 | INFO: Primitives created: 1
20:49:45 | INFO: Extracting primitive: Mesh_1159
20:49:45 | INFO: Primitives created: 1
20:49:45 | INFO: Extracting primitive: Mesh_1160
20:49:45 | INFO: Primitives created: 1
20:49:45 | INFO: Extracting primitive: Mesh_1161
20:49:45 | INFO: Primitives created: 1
20:49:45 | INFO: Extracting primitive: Mesh_1162
20:49:45 | INFO: Primitives created: 1
20:49:45 | INFO: Extracting primitive: Mesh_1163
20:49:45 | INFO: Primitives created: 1
20:49:45 | INFO: Extracting primitive: Mesh_1164
20:49:45 | INFO: Primitives created: 1
20:49:45 | INFO: Extracting primitive: Mesh_1165
20:49:45 | INFO: Primitives created: 1
20:49:45 | INFO: Extracting primitive: Mesh_1166
20:49:45 | INFO: Primitives created: 1
20:49:45 | INFO: Extracting primitive: Mesh_1167
20:49:45 | INFO: Primitives created: 1
20:49:45 | INFO: Extracting primitive: Mesh_1168
20:49:45 | INFO: Primitives created: 1
20:49:45 | INFO: Extracting primitive: Mesh_1169
20:49:45 | INFO: Primitives created: 1
20:49:45 | INFO: Extracting primitive: Mesh_1170
20:49:45 | INFO: Primitives created: 1
20:49:45 | INFO: Extracting primitive: Mesh_1171
20:49:45 | INFO: Primitives created: 1
20:49:45 | INFO: Extracting primitive: Mesh_1172
20:49:45 | INFO: Primitives created: 1
20:49:45 | INFO: Extracting primitive: Mesh_1173
20:49:45 | INFO: Primitives created: 1
20:49:45 | INFO: Extracting primitive: Mesh_1174
20:49:45 | INFO: Primitives created: 1
20:49:45 | INFO: Extracting primitive: Mesh_1175
20:49:45 | INFO: Primitives created: 1
20:49:45 | INFO: Extracting primitive: Mesh_1176
20:49:45 | INFO: Primitives created: 1
20:49:45 | INFO: Extracting primitive: Mesh_1177
20:49:45 | INFO: Primitives created: 1
20:49:45 | INFO: Extracting primitive: Mesh_1178
20:49:45 | INFO: Primitives created: 1
20:49:45 | INFO: Extracting primitive: Mesh_1179
20:49:45 | INFO: Primitives created: 1
20:49:45 | INFO: Extracting primitive: Mesh_1180
20:49:45 | INFO: Primitives created: 1
20:49:45 | INFO: Extracting primitive: Mesh_1181
20:49:45 | INFO: Primitives created: 1
20:49:45 | INFO: Extracting primitive: Mesh_1182
20:49:45 | INFO: Primitives created: 1
20:49:45 | INFO: Extracting primitive: Mesh_1183
20:49:45 | INFO: Primitives created: 1
20:49:45 | INFO: Extracting primitive: Mesh_1184
20:49:45 | INFO: Primitives created: 1
20:49:45 | INFO: Extracting primitive: Mesh_1185
20:49:45 | INFO: Primitives created: 1
20:49:45 | INFO: Extracting primitive: Mesh_1186
20:49:45 | INFO: Primitives created: 1
20:49:45 | INFO: Extracting primitive: Mesh_1187
20:49:45 | INFO: Primitives created: 1
20:49:45 | INFO: Extracting primitive: Mesh_1188
20:49:45 | INFO: Primitives created: 1
20:49:45 | INFO: Extracting primitive: Mesh_1189
20:49:45 | INFO: Primitives created: 1
20:49:45 | INFO: Extracting primitive: Mesh_1190
20:49:45 | INFO: Primitives created: 1
20:49:45 | INFO: Extracting primitive: Mesh_1191
20:49:45 | INFO: Primitives created: 1
20:49:45 | INFO: Extracting primitive: Mesh_1192
20:49:45 | INFO: Primitives created: 1
20:49:45 | INFO: Extracting primitive: Mesh_1193
20:49:45 | INFO: Primitives created: 1
20:49:45 | INFO: Extracting primitive: Mesh_1194
20:49:45 | INFO: Primitives created: 1
20:49:45 | INFO: Extracting primitive: Mesh_1195
20:49:45 | INFO: Primitives created: 1
20:49:45 | INFO: Extracting primitive: Mesh_1196
20:49:45 | INFO: Primitives created: 1
20:49:45 | INFO: Extracting primitive: Mesh_1197
20:49:45 | INFO: Primitives created: 1
20:49:45 | INFO: Extracting primitive: Mesh_1198
20:49:45 | INFO: Primitives created: 1
20:49:45 | INFO: Extracting primitive: Mesh_1199
20:49:45 | INFO: Primitives created: 1
20:49:45 | INFO: Extracting primitive: Mesh_1200
20:49:45 | INFO: Primitives created: 1
20:49:45 | INFO: Extracting primitive: Mesh_1201
20:49:45 | INFO: Primitives created: 1
20:49:45 | INFO: Extracting primitive: Mesh_1202
20:49:45 | INFO: Primitives created: 1
20:49:45 | INFO: Extracting primitive: Mesh_1203
20:49:45 | INFO: Primitives created: 1
20:49:45 | INFO: Extracting primitive: Mesh_1204
20:49:45 | INFO: Primitives created: 1
20:49:45 | INFO: Extracting primitive: Mesh_1205
20:49:45 | INFO: Primitives created: 1
20:49:45 | INFO: Extracting primitive: Mesh_1206
20:49:45 | INFO: Primitives created: 1
20:49:45 | INFO: Extracting primitive: Mesh_1207
20:49:45 | INFO: Primitives created: 1
20:49:45 | INFO: Extracting primitive: Mesh_1208
20:49:45 | INFO: Primitives created: 1
20:49:45 | INFO: Extracting primitive: Mesh_1209
20:49:45 | INFO: Primitives created: 1
20:49:45 | INFO: Extracting primitive: Mesh_1210
20:49:45 | INFO: Primitives created: 1
20:49:45 | INFO: Extracting primitive: Mesh_1211
20:49:45 | INFO: Primitives created: 1
20:49:45 | INFO: Extracting primitive: Mesh_1212
20:49:45 | INFO: Primitives created: 1
20:49:45 | INFO: Extracting primitive: Mesh_1213
20:49:45 | INFO: Primitives created: 1
20:49:45 | INFO: Extracting primitive: Mesh_1214
20:49:45 | INFO: Primitives created: 1
20:49:45 | INFO: Extracting primitive: Mesh_1215
20:49:45 | INFO: Primitives created: 1
20:49:45 | INFO: Extracting primitive: Mesh_1216
20:49:45 | INFO: Primitives created: 1
20:49:45 | INFO: Extracting primitive: Mesh_1217
20:49:45 | INFO: Primitives created: 1
20:49:45 | INFO: Extracting primitive: Mesh_1218
20:49:45 | INFO: Primitives created: 1
20:49:45 | INFO: Extracting primitive: Mesh_1219
20:49:45 | INFO: Primitives created: 1
20:49:45 | INFO: Extracting primitive: Mesh_1220
20:49:45 | INFO: Primitives created: 1
20:49:45 | INFO: Extracting primitive: Mesh_1221
20:49:45 | INFO: Primitives created: 1
20:49:45 | INFO: Extracting primitive: Mesh_1222
20:49:45 | INFO: Primitives created: 1
20:49:45 | INFO: Extracting primitive: Mesh_1223
20:49:45 | INFO: Primitives created: 1
20:49:45 | INFO: Extracting primitive: Mesh_1224
20:49:45 | INFO: Primitives created: 1
20:49:45 | INFO: Extracting primitive: Mesh_1225
20:49:45 | INFO: Primitives created: 1
20:49:45 | INFO: Extracting primitive: Mesh_1226
20:49:45 | INFO: Primitives created: 1
20:49:45 | INFO: Extracting primitive: Mesh_1227
20:49:45 | INFO: Primitives created: 1
20:49:45 | INFO: Extracting primitive: Mesh_1228
20:49:45 | INFO: Primitives created: 1
20:49:45 | INFO: Extracting primitive: Mesh_1229
20:49:45 | INFO: Primitives created: 1
20:49:45 | INFO: Extracting primitive: Mesh_1230
20:49:45 | INFO: Primitives created: 1
20:49:45 | INFO: Extracting primitive: Mesh_1231
20:49:45 | INFO: Primitives created: 1
20:49:45 | INFO: Extracting primitive: Mesh_1232
20:49:45 | INFO: Primitives created: 1
20:49:45 | INFO: Extracting primitive: Mesh_1233
20:49:45 | INFO: Primitives created: 1
20:49:45 | INFO: Extracting primitive: Mesh_1234
20:49:45 | INFO: Primitives created: 1
20:49:45 | INFO: Extracting primitive: Mesh_1235
20:49:45 | INFO: Primitives created: 1
20:49:45 | INFO: Extracting primitive: Mesh_1236
20:49:45 | INFO: Primitives created: 1
20:49:45 | INFO: Extracting primitive: Mesh_1237
20:49:45 | INFO: Primitives created: 1
20:49:45 | INFO: Extracting primitive: Mesh_1238
20:49:45 | INFO: Primitives created: 1
20:49:45 | INFO: Extracting primitive: Mesh_1239
20:49:45 | INFO: Primitives created: 1
20:49:45 | INFO: Extracting primitive: Mesh_1240
20:49:45 | INFO: Primitives created: 1
20:49:45 | INFO: Extracting primitive: Mesh_1241
20:49:45 | INFO: Primitives created: 1
20:49:45 | INFO: Extracting primitive: Mesh_1242
20:49:45 | INFO: Primitives created: 1
20:49:45 | INFO: Extracting primitive: Mesh_1243
20:49:45 | INFO: Primitives created: 1
20:49:45 | INFO: Extracting primitive: Mesh_1244
20:49:45 | INFO: Primitives created: 1
20:49:45 | INFO: Extracting primitive: Mesh_1245
20:49:45 | INFO: Primitives created: 1
20:49:45 | INFO: Extracting primitive: Mesh_1246
20:49:45 | INFO: Primitives created: 1
20:49:45 | INFO: Extracting primitive: Mesh_1247
20:49:45 | INFO: Primitives created: 1
20:49:45 | INFO: Extracting primitive: Mesh_1248
20:49:45 | INFO: Primitives created: 1
20:49:45 | INFO: Extracting primitive: Mesh_1249
20:49:45 | INFO: Primitives created: 1
20:49:45 | INFO: Extracting primitive: Mesh_1250
20:49:45 | INFO: Primitives created: 1
20:49:45 | INFO: Extracting primitive: Mesh_1251
20:49:45 | INFO: Primitives created: 1
20:49:45 | INFO: Extracting primitive: Mesh_1252
20:49:45 | INFO: Primitives created: 1
20:49:45 | INFO: Extracting primitive: Mesh_1253
20:49:45 | INFO: Primitives created: 1
20:49:45 | INFO: Extracting primitive: Mesh_1254
20:49:45 | INFO: Primitives created: 1
20:49:45 | INFO: Extracting primitive: Mesh_1255
20:49:45 | INFO: Primitives created: 1
20:49:45 | INFO: Extracting primitive: Mesh_1256
20:49:45 | INFO: Primitives created: 1
20:49:45 | INFO: Extracting primitive: Mesh_1257
20:49:45 | INFO: Primitives created: 1
20:49:45 | INFO: Extracting primitive: Mesh_1258
20:49:45 | INFO: Primitives created: 1
20:49:45 | INFO: Extracting primitive: Mesh_1259
20:49:45 | INFO: Primitives created: 1
20:49:45 | INFO: Extracting primitive: Mesh_1260
20:49:45 | INFO: Primitives created: 1
20:49:45 | INFO: Extracting primitive: Mesh_1261
20:49:45 | INFO: Primitives created: 1
20:49:45 | INFO: Extracting primitive: Mesh_1262
20:49:45 | INFO: Primitives created: 1
20:49:45 | INFO: Extracting primitive: Mesh_1263
20:49:45 | INFO: Primitives created: 1
20:49:45 | INFO: Extracting primitive: Mesh_1264
20:49:45 | INFO: Primitives created: 1
20:49:45 | INFO: Extracting primitive: Mesh_1265
20:49:45 | INFO: Primitives created: 1
20:49:45 | INFO: Extracting primitive: Mesh_1266
20:49:45 | INFO: Primitives created: 1
20:49:45 | INFO: Extracting primitive: Mesh_1267
20:49:45 | INFO: Primitives created: 1
20:49:45 | INFO: Extracting primitive: Mesh_1268
20:49:45 | INFO: Primitives created: 1
20:49:45 | INFO: Extracting primitive: Mesh_1269
20:49:45 | INFO: Primitives created: 1
20:49:45 | INFO: Extracting primitive: Mesh_1270
20:49:45 | INFO: Primitives created: 1
20:49:45 | INFO: Extracting primitive: Mesh_1271
20:49:45 | INFO: Primitives created: 1
20:49:45 | INFO: Extracting primitive: Mesh_1272
20:49:45 | INFO: Primitives created: 1
20:49:45 | INFO: Extracting primitive: Mesh_1273
20:49:45 | INFO: Primitives created: 1
20:49:45 | INFO: Extracting primitive: Mesh_1274
20:49:45 | INFO: Primitives created: 1
20:49:45 | INFO: Extracting primitive: Mesh_1275
20:49:45 | INFO: Primitives created: 1
20:49:45 | INFO: Extracting primitive: Mesh_1276
20:49:45 | INFO: Primitives created: 1
20:49:45 | INFO: Extracting primitive: Mesh_1277
20:49:45 | INFO: Primitives created: 1
20:49:45 | INFO: Extracting primitive: Mesh_1278
20:49:45 | INFO: Primitives created: 1
20:49:45 | INFO: Extracting primitive: Mesh_1279
20:49:45 | INFO: Primitives created: 1
20:49:45 | INFO: Extracting primitive: Mesh_1280
20:49:45 | INFO: Primitives created: 1
20:49:45 | INFO: Extracting primitive: Mesh_1281
20:49:45 | INFO: Primitives created: 1
20:49:45 | INFO: Extracting primitive: Mesh_1282
20:49:45 | INFO: Primitives created: 1
20:49:45 | INFO: Extracting primitive: Mesh_1283
20:49:45 | INFO: Primitives created: 1
20:49:45 | INFO: Extracting primitive: Mesh_1284
20:49:45 | INFO: Primitives created: 1
20:49:45 | INFO: Extracting primitive: Mesh_1285
20:49:45 | INFO: Primitives created: 1
20:49:46 | INFO: Extracting primitive: Mesh_1286
20:49:46 | INFO: Primitives created: 1
20:49:46 | INFO: Extracting primitive: Mesh_1287
20:49:46 | INFO: Primitives created: 1
20:49:46 | INFO: Extracting primitive: Mesh_1288
20:49:46 | INFO: Primitives created: 1
20:49:46 | INFO: Extracting primitive: Mesh_1289
20:49:46 | INFO: Primitives created: 1
20:49:46 | INFO: Extracting primitive: Mesh_1290
20:49:46 | INFO: Primitives created: 1
20:49:46 | INFO: Extracting primitive: Mesh_1291
20:49:46 | INFO: Primitives created: 1
20:49:46 | INFO: Extracting primitive: Mesh_1292
20:49:46 | INFO: Primitives created: 1
20:49:46 | INFO: Extracting primitive: Mesh_1293
20:49:46 | INFO: Primitives created: 1
20:49:46 | INFO: Extracting primitive: Mesh_1294
20:49:46 | INFO: Primitives created: 1
20:49:46 | INFO: Extracting primitive: Mesh_1295
20:49:46 | INFO: Primitives created: 1
20:49:46 | INFO: Extracting primitive: Mesh_1296
20:49:46 | INFO: Primitives created: 1
20:49:46 | INFO: Extracting primitive: Mesh_1297
20:49:46 | INFO: Primitives created: 1
20:49:46 | INFO: Extracting primitive: Mesh_1298
20:49:46 | INFO: Primitives created: 1
20:49:46 | INFO: Extracting primitive: Mesh_1299
20:49:46 | INFO: Primitives created: 1
20:49:46 | INFO: Extracting primitive: Mesh_1300
20:49:46 | INFO: Primitives created: 1
20:49:46 | INFO: Extracting primitive: Mesh_1301
20:49:46 | INFO: Primitives created: 1
20:49:46 | INFO: Extracting primitive: Mesh_1302
20:49:46 | INFO: Primitives created: 1
20:49:46 | INFO: Extracting primitive: Mesh_1303
20:49:46 | INFO: Primitives created: 1
20:49:46 | INFO: Extracting primitive: Mesh_1304
20:49:46 | INFO: Primitives created: 1
20:49:46 | INFO: Extracting primitive: Mesh_1305
20:49:46 | INFO: Primitives created: 1
20:49:46 | INFO: Extracting primitive: Mesh_1306
20:49:46 | INFO: Primitives created: 1
20:49:46 | INFO: Extracting primitive: Mesh_1307
20:49:46 | INFO: Primitives created: 1
20:49:46 | INFO: Extracting primitive: Mesh_1308
20:49:46 | INFO: Primitives created: 1
20:49:46 | INFO: Extracting primitive: Mesh_1309
20:49:46 | INFO: Primitives created: 1
20:49:46 | INFO: Extracting primitive: Mesh_1310
20:49:46 | INFO: Primitives created: 1
20:49:46 | INFO: Extracting primitive: Mesh_1311
20:49:46 | INFO: Primitives created: 1
20:49:46 | INFO: Extracting primitive: Mesh_1312
20:49:46 | INFO: Primitives created: 1
20:49:46 | INFO: Extracting primitive: Mesh_1313
20:49:46 | INFO: Primitives created: 1
20:49:46 | INFO: Extracting primitive: Mesh_1314
20:49:46 | INFO: Primitives created: 1
20:49:46 | INFO: Extracting primitive: Mesh_1315
20:49:46 | INFO: Primitives created: 1
20:49:46 | INFO: Extracting primitive: Mesh_1316
20:49:46 | INFO: Primitives created: 1
20:49:46 | INFO: Extracting primitive: Mesh_1317
20:49:46 | INFO: Primitives created: 1
20:49:46 | INFO: Extracting primitive: Mesh_1318
20:49:46 | INFO: Primitives created: 1
20:49:46 | INFO: Extracting primitive: Mesh_1319
20:49:46 | INFO: Primitives created: 1
20:49:46 | INFO: Extracting primitive: Mesh_1320
20:49:46 | INFO: Primitives created: 1
20:49:46 | INFO: Extracting primitive: Mesh_1321
20:49:46 | INFO: Primitives created: 1
20:49:46 | INFO: Extracting primitive: Mesh_1322
20:49:46 | INFO: Primitives created: 1
20:49:46 | INFO: Extracting primitive: Mesh_1323
20:49:46 | INFO: Primitives created: 1
20:49:46 | INFO: Extracting primitive: Mesh_1324
20:49:46 | INFO: Primitives created: 1
20:49:46 | INFO: Extracting primitive: Mesh_1325
20:49:46 | INFO: Primitives created: 1
20:49:46 | INFO: Extracting primitive: Mesh_1326
20:49:46 | INFO: Primitives created: 1
20:49:46 | INFO: Extracting primitive: Mesh_1327
20:49:46 | INFO: Primitives created: 1
20:49:46 | INFO: Extracting primitive: Mesh_1328
20:49:46 | INFO: Primitives created: 1
20:49:46 | INFO: Extracting primitive: Mesh_1329
20:49:46 | INFO: Primitives created: 1
20:49:46 | INFO: Extracting primitive: Mesh_1330
20:49:46 | INFO: Primitives created: 1
20:49:46 | INFO: Extracting primitive: Mesh_1331
20:49:46 | INFO: Primitives created: 1
20:49:46 | INFO: Extracting primitive: Mesh_1332
20:49:46 | INFO: Primitives created: 1
20:49:46 | INFO: Extracting primitive: Mesh_1333
20:49:46 | INFO: Primitives created: 1
20:49:46 | INFO: Extracting primitive: Mesh_1334
20:49:46 | INFO: Primitives created: 1
20:49:46 | INFO: Extracting primitive: Mesh_1335
20:49:46 | INFO: Primitives created: 1
20:49:46 | INFO: Extracting primitive: Mesh_1336
20:49:46 | INFO: Primitives created: 1
20:49:46 | INFO: Extracting primitive: Mesh_1337
20:49:46 | INFO: Primitives created: 1
20:49:46 | INFO: Extracting primitive: Mesh_1338
20:49:46 | INFO: Primitives created: 1
20:49:46 | INFO: Extracting primitive: Mesh_1339
20:49:46 | INFO: Primitives created: 1
20:49:46 | INFO: Extracting primitive: Mesh_1340
20:49:46 | INFO: Primitives created: 1
20:49:46 | INFO: Extracting primitive: Mesh_1341
20:49:46 | INFO: Primitives created: 1
20:49:46 | INFO: Extracting primitive: Mesh_1342
20:49:46 | INFO: Primitives created: 1
20:49:46 | INFO: Extracting primitive: Mesh_1343
20:49:46 | INFO: Primitives created: 1
20:49:46 | INFO: Extracting primitive: Mesh_1344
20:49:46 | INFO: Primitives created: 1
20:49:46 | INFO: Extracting primitive: Mesh_1345
20:49:46 | INFO: Primitives created: 1
20:49:46 | INFO: Extracting primitive: Mesh_1346
20:49:46 | INFO: Primitives created: 1
20:49:46 | INFO: Extracting primitive: Mesh_1347
20:49:46 | INFO: Primitives created: 1
20:49:46 | INFO: Extracting primitive: Mesh_1348
20:49:46 | INFO: Primitives created: 1
20:49:46 | INFO: Extracting primitive: Mesh_1349
20:49:46 | INFO: Primitives created: 1
20:49:46 | INFO: Extracting primitive: Mesh_1350
20:49:46 | INFO: Primitives created: 1
20:49:46 | INFO: Extracting primitive: Mesh_1351
20:49:46 | INFO: Primitives created: 1
20:49:46 | INFO: Extracting primitive: Mesh_1352
20:49:46 | INFO: Primitives created: 1
20:49:46 | INFO: Extracting primitive: Mesh_1353
20:49:46 | INFO: Primitives created: 1
20:49:46 | INFO: Extracting primitive: Mesh_1354
20:49:46 | INFO: Primitives created: 1
20:49:46 | INFO: Extracting primitive: Mesh_1355
20:49:46 | INFO: Primitives created: 1
20:49:46 | INFO: Extracting primitive: Mesh_1356
20:49:46 | INFO: Primitives created: 1
20:49:46 | INFO: Extracting primitive: Mesh_1357
20:49:46 | INFO: Primitives created: 1
20:49:46 | INFO: Extracting primitive: Mesh_1358
20:49:46 | INFO: Primitives created: 1
20:49:46 | INFO: Extracting primitive: Mesh_1359
20:49:46 | INFO: Primitives created: 1
20:49:46 | INFO: Extracting primitive: Mesh_1360
20:49:46 | INFO: Primitives created: 1
20:49:46 | INFO: Extracting primitive: Mesh_1361
20:49:46 | INFO: Primitives created: 1
20:49:46 | INFO: Extracting primitive: Mesh_1362
20:49:46 | INFO: Primitives created: 1
20:49:46 | INFO: Extracting primitive: Mesh_1363
20:49:46 | INFO: Primitives created: 1
20:49:46 | INFO: Extracting primitive: Mesh_1364
20:49:46 | INFO: Primitives created: 1
20:49:46 | INFO: Extracting primitive: Mesh_1365
20:49:46 | INFO: Primitives created: 1
20:49:46 | INFO: Extracting primitive: Mesh_1366
20:49:46 | INFO: Primitives created: 1
20:49:46 | INFO: Extracting primitive: Mesh_1367
20:49:46 | INFO: Primitives created: 1
20:49:46 | INFO: Extracting primitive: Mesh_1368
20:49:46 | INFO: Primitives created: 1
20:49:46 | INFO: Extracting primitive: Mesh_1369
20:49:46 | INFO: Primitives created: 1
20:49:46 | INFO: Extracting primitive: Mesh_1370
20:49:46 | INFO: Primitives created: 1
20:49:46 | INFO: Extracting primitive: Mesh_1371
20:49:46 | INFO: Primitives created: 1
20:49:46 | INFO: Extracting primitive: Mesh_1372
20:49:46 | INFO: Primitives created: 1
20:49:46 | INFO: Extracting primitive: Mesh_1373
20:49:46 | INFO: Primitives created: 1
20:49:46 | INFO: Extracting primitive: Mesh_1374
20:49:46 | INFO: Primitives created: 1
20:49:46 | INFO: Extracting primitive: Mesh_1375
20:49:46 | INFO: Primitives created: 1
20:49:46 | INFO: Extracting primitive: Mesh_1376
20:49:46 | INFO: Primitives created: 1
20:49:46 | INFO: Extracting primitive: Mesh_1377
20:49:46 | INFO: Primitives created: 1
20:49:46 | INFO: Extracting primitive: Mesh_1378
20:49:46 | INFO: Primitives created: 1
20:49:46 | INFO: Extracting primitive: Mesh_1379
20:49:46 | INFO: Primitives created: 1
20:49:46 | INFO: Extracting primitive: Mesh_1380
20:49:46 | INFO: Primitives created: 1
20:49:46 | INFO: Extracting primitive: Mesh_1381
20:49:46 | INFO: Primitives created: 1
20:49:46 | INFO: Extracting primitive: Mesh_1382
20:49:46 | INFO: Primitives created: 1
20:49:46 | INFO: Extracting primitive: Mesh_1383
20:49:46 | INFO: Primitives created: 1
20:49:46 | INFO: Extracting primitive: Mesh_1384
20:49:46 | INFO: Primitives created: 1
20:49:46 | INFO: Extracting primitive: Mesh_1385
20:49:46 | INFO: Primitives created: 1
20:49:46 | INFO: Extracting primitive: Mesh_1386
20:49:46 | INFO: Primitives created: 1
20:49:46 | INFO: Extracting primitive: Mesh_1387
20:49:46 | INFO: Primitives created: 1
20:49:46 | INFO: Extracting primitive: Mesh_1388
20:49:46 | INFO: Primitives created: 1
20:49:46 | INFO: Extracting primitive: Mesh_1389
20:49:46 | INFO: Primitives created: 1
20:49:46 | INFO: Extracting primitive: Mesh_1390
20:49:46 | INFO: Primitives created: 1
20:49:46 | INFO: Extracting primitive: Mesh_1391
20:49:46 | INFO: Primitives created: 1
20:49:46 | INFO: Extracting primitive: Mesh_1392
20:49:46 | INFO: Primitives created: 1
20:49:46 | INFO: Extracting primitive: Mesh_1393
20:49:46 | INFO: Primitives created: 1
20:49:46 | INFO: Extracting primitive: Mesh_1394
20:49:46 | INFO: Primitives created: 1
20:49:46 | INFO: Extracting primitive: Mesh_1395
20:49:46 | INFO: Primitives created: 1
20:49:46 | INFO: Extracting primitive: Mesh_1396
20:49:46 | INFO: Primitives created: 1
20:49:46 | INFO: Extracting primitive: Mesh_1397
20:49:46 | INFO: Primitives created: 1
20:49:46 | INFO: Extracting primitive: Mesh_1398
20:49:46 | INFO: Primitives created: 1
20:49:46 | INFO: Extracting primitive: Mesh_1399
20:49:46 | INFO: Primitives created: 1
20:49:46 | INFO: Extracting primitive: Mesh_1400
20:49:46 | INFO: Primitives created: 1
20:49:46 | INFO: Extracting primitive: Mesh_1401
20:49:46 | INFO: Primitives created: 1
20:49:46 | INFO: Extracting primitive: Mesh_1402
20:49:46 | INFO: Primitives created: 1
20:49:46 | INFO: Extracting primitive: Mesh_1403
20:49:46 | INFO: Primitives created: 1
20:49:46 | INFO: Extracting primitive: Mesh_1404
20:49:46 | INFO: Primitives created: 1
20:49:46 | INFO: Extracting primitive: Mesh_1405
20:49:46 | INFO: Primitives created: 1
20:49:46 | INFO: Extracting primitive: Mesh_1406
20:49:46 | INFO: Primitives created: 1
20:49:46 | INFO: Extracting primitive: Mesh_1407
20:49:46 | INFO: Primitives created: 1
20:49:46 | INFO: Extracting primitive: Mesh_1408
20:49:46 | INFO: Primitives created: 1
20:49:46 | INFO: Extracting primitive: Mesh_1409
20:49:46 | INFO: Primitives created: 1
20:49:46 | INFO: Extracting primitive: Mesh_1410
20:49:46 | INFO: Primitives created: 1
20:49:46 | INFO: Extracting primitive: Mesh_1411
20:49:46 | INFO: Primitives created: 1
20:49:46 | INFO: Extracting primitive: Mesh_1412
20:49:46 | INFO: Primitives created: 1
20:49:46 | INFO: Extracting primitive: Mesh_1413
20:49:46 | INFO: Primitives created: 1
20:49:46 | INFO: Extracting primitive: Mesh_1414
20:49:46 | INFO: Primitives created: 1
20:49:46 | INFO: Extracting primitive: Mesh_1415
20:49:46 | INFO: Primitives created: 1
20:49:46 | INFO: Extracting primitive: Mesh_1416
20:49:46 | INFO: Primitives created: 1
20:49:46 | INFO: Extracting primitive: Mesh_1417
20:49:46 | INFO: Primitives created: 1
20:49:46 | INFO: Extracting primitive: Mesh_1418
20:49:46 | INFO: Primitives created: 1
20:49:46 | INFO: Extracting primitive: Mesh_1419
20:49:46 | INFO: Primitives created: 1
20:49:46 | INFO: Extracting primitive: Mesh_1420
20:49:46 | INFO: Primitives created: 1
20:49:46 | INFO: Extracting primitive: Mesh_1421
20:49:46 | INFO: Primitives created: 1
20:49:46 | INFO: Extracting primitive: Mesh_1422
20:49:46 | INFO: Primitives created: 1
20:49:46 | INFO: Extracting primitive: Mesh_1423
20:49:46 | INFO: Primitives created: 1
20:49:46 | INFO: Extracting primitive: Mesh_1424
20:49:46 | INFO: Primitives created: 1
20:49:46 | INFO: Extracting primitive: Mesh_1425
20:49:46 | INFO: Primitives created: 1
20:49:46 | INFO: Extracting primitive: Mesh_1426
20:49:46 | INFO: Primitives created: 1
20:49:46 | INFO: Extracting primitive: Mesh_1427
20:49:46 | INFO: Primitives created: 1
20:49:46 | INFO: Extracting primitive: Mesh_1428
20:49:46 | INFO: Primitives created: 1
20:49:46 | INFO: Extracting primitive: Mesh_1429
20:49:46 | INFO: Primitives created: 1
20:49:46 | INFO: Extracting primitive: Mesh_1430
20:49:46 | INFO: Primitives created: 1
20:49:46 | INFO: Extracting primitive: Mesh_1431
20:49:46 | INFO: Primitives created: 1
20:49:46 | INFO: Extracting primitive: Mesh_1432
20:49:46 | INFO: Primitives created: 1
20:49:46 | INFO: Extracting primitive: Mesh_1433
20:49:46 | INFO: Primitives created: 1
20:49:46 | INFO: Extracting primitive: Mesh_1434
20:49:46 | INFO: Primitives created: 1
20:49:46 | INFO: Extracting primitive: Mesh_1435
20:49:46 | INFO: Primitives created: 1
20:49:46 | INFO: Extracting primitive: Mesh_1436
20:49:46 | INFO: Primitives created: 1
20:49:46 | INFO: Extracting primitive: Mesh_1437
20:49:46 | INFO: Primitives created: 1
20:49:46 | INFO: Extracting primitive: Mesh_1438
20:49:46 | INFO: Primitives created: 1
20:49:46 | INFO: Extracting primitive: Mesh_1439
20:49:46 | INFO: Primitives created: 1
20:49:46 | INFO: Extracting primitive: Mesh_1857
20:49:46 | INFO: Primitives created: 1
20:49:46 | INFO: Extracting primitive: Mesh_1852
20:49:46 | INFO: Primitives created: 1
20:49:46 | INFO: Extracting primitive: Mesh_1858
20:49:46 | INFO: Primitives created: 1
20:49:46 | INFO: Extracting primitive: Mesh_1853
20:49:46 | INFO: Primitives created: 1
20:49:46 | INFO: Extracting primitive: Mesh_1859
20:49:46 | INFO: Primitives created: 1
20:49:46 | INFO: Extracting primitive: Mesh_1854
20:49:46 | INFO: Primitives created: 1
20:49:46 | INFO: Extracting primitive: Mesh_1860
20:49:46 | INFO: Primitives created: 1
20:49:46 | INFO: Extracting primitive: Mesh_1855
20:49:46 | INFO: Primitives created: 1
20:49:46 | INFO: Extracting primitive: Mesh_1440
20:49:46 | INFO: Primitives created: 1
20:49:46 | INFO: Extracting primitive: Mesh_1441
20:49:46 | INFO: Primitives created: 1
20:49:46 | INFO: Extracting primitive: Mesh_1442
20:49:46 | INFO: Primitives created: 1
20:49:46 | INFO: Extracting primitive: Mesh_1443
20:49:46 | INFO: Primitives created: 1
20:49:46 | INFO: Extracting primitive: Mesh_1444
20:49:46 | INFO: Primitives created: 1
20:49:46 | INFO: Extracting primitive: Mesh_1445
20:49:46 | INFO: Primitives created: 1
20:49:46 | INFO: Extracting primitive: Mesh_1446
20:49:46 | INFO: Primitives created: 1
20:49:46 | INFO: Extracting primitive: Mesh_1447
20:49:46 | INFO: Primitives created: 1
20:49:46 | INFO: Extracting primitive: Mesh_1448
20:49:46 | INFO: Primitives created: 1
20:49:46 | INFO: Extracting primitive: Mesh_1449
20:49:46 | INFO: Primitives created: 1
20:49:46 | INFO: Extracting primitive: Mesh_1450
20:49:46 | INFO: Primitives created: 1
20:49:46 | INFO: Extracting primitive: Mesh_1451
20:49:46 | INFO: Primitives created: 1
20:49:46 | INFO: Extracting primitive: Mesh_1452
20:49:46 | INFO: Primitives created: 1
20:49:46 | INFO: Extracting primitive: Mesh_1453
20:49:46 | INFO: Primitives created: 1
20:49:46 | INFO: Extracting primitive: Mesh_1454
20:49:46 | INFO: Primitives created: 1
20:49:46 | INFO: Extracting primitive: Mesh_1455
20:49:46 | INFO: Primitives created: 1
20:49:46 | INFO: Extracting primitive: Mesh_1456
20:49:46 | INFO: Primitives created: 1
20:49:46 | INFO: Extracting primitive: Mesh_1457
20:49:46 | INFO: Primitives created: 1
20:49:46 | INFO: Extracting primitive: Mesh_1458
20:49:46 | INFO: Primitives created: 1
20:49:46 | INFO: Extracting primitive: Mesh_1459
20:49:46 | INFO: Primitives created: 1
20:49:46 | INFO: Extracting primitive: Mesh_1460
20:49:46 | INFO: Primitives created: 1
20:49:46 | INFO: Extracting primitive: Mesh_1461
20:49:46 | INFO: Primitives created: 1
20:49:46 | INFO: Extracting primitive: Mesh_1462
20:49:46 | INFO: Primitives created: 1
20:49:46 | INFO: Extracting primitive: Mesh_1463
20:49:46 | INFO: Primitives created: 1
20:49:46 | INFO: Extracting primitive: Mesh_1464
20:49:46 | INFO: Primitives created: 1
20:49:46 | INFO: Extracting primitive: Mesh_1465
20:49:46 | INFO: Primitives created: 1
20:49:46 | INFO: Extracting primitive: Mesh_1466
20:49:46 | INFO: Primitives created: 1
20:49:46 | INFO: Extracting primitive: Mesh_1467
20:49:46 | INFO: Primitives created: 1
20:49:46 | INFO: Extracting primitive: Mesh_1468
20:49:46 | INFO: Primitives created: 1
20:49:46 | INFO: Extracting primitive: Mesh_1469
20:49:46 | INFO: Primitives created: 1
20:49:46 | INFO: Extracting primitive: Mesh_1470
20:49:46 | INFO: Primitives created: 1
20:49:46 | INFO: Extracting primitive: Mesh_1471
20:49:46 | INFO: Primitives created: 1
20:49:46 | INFO: Extracting primitive: Mesh_1472
20:49:46 | INFO: Primitives created: 1
20:49:46 | INFO: Extracting primitive: Mesh_1473
20:49:46 | INFO: Primitives created: 1
20:49:46 | INFO: Extracting primitive: Mesh_1474
20:49:46 | INFO: Primitives created: 1
20:49:46 | INFO: Extracting primitive: Mesh_1475
20:49:46 | INFO: Primitives created: 1
20:49:46 | INFO: Extracting primitive: Mesh_1476
20:49:46 | INFO: Primitives created: 1
20:49:46 | INFO: Extracting primitive: Mesh_1477
20:49:46 | INFO: Primitives created: 1
20:49:46 | INFO: Extracting primitive: Mesh_1478
20:49:46 | INFO: Primitives created: 1
20:49:46 | INFO: Extracting primitive: Mesh_1479
20:49:46 | INFO: Primitives created: 1
20:49:46 | INFO: Extracting primitive: Mesh_1480
20:49:46 | INFO: Primitives created: 1
20:49:46 | INFO: Extracting primitive: Mesh_1481
20:49:46 | INFO: Primitives created: 1
20:49:46 | INFO: Extracting primitive: Mesh_1482
20:49:46 | INFO: Primitives created: 1
20:49:46 | INFO: Extracting primitive: Mesh_1483
20:49:46 | INFO: Primitives created: 1
20:49:46 | INFO: Extracting primitive: Mesh_1484
20:49:46 | INFO: Primitives created: 1
20:49:46 | INFO: Extracting primitive: Mesh_1485
20:49:46 | INFO: Primitives created: 1
20:49:46 | INFO: Extracting primitive: Mesh_1486
20:49:46 | INFO: Primitives created: 1
20:49:46 | INFO: Extracting primitive: Mesh_1487
20:49:46 | INFO: Primitives created: 1
20:49:46 | INFO: Extracting primitive: Mesh_1488
20:49:46 | INFO: Primitives created: 1
20:49:46 | INFO: Extracting primitive: Mesh_1489
20:49:46 | INFO: Primitives created: 1
20:49:46 | INFO: Extracting primitive: Mesh_1490
20:49:46 | INFO: Primitives created: 1
20:49:46 | INFO: Extracting primitive: Mesh_1491
20:49:46 | INFO: Primitives created: 1
20:49:46 | INFO: Extracting primitive: Mesh_1492
20:49:46 | INFO: Primitives created: 1
20:49:46 | INFO: Extracting primitive: Mesh_1493
20:49:46 | INFO: Primitives created: 1
20:49:46 | INFO: Extracting primitive: Mesh_1494
20:49:46 | INFO: Primitives created: 1
20:49:46 | INFO: Extracting primitive: Mesh_1495
20:49:46 | INFO: Primitives created: 1
20:49:46 | INFO: Extracting primitive: Mesh_1496
20:49:46 | INFO: Primitives created: 1
20:49:46 | INFO: Extracting primitive: Mesh_1497
20:49:46 | INFO: Primitives created: 1
20:49:46 | INFO: Extracting primitive: Mesh_1498
20:49:46 | INFO: Primitives created: 1
20:49:46 | INFO: Extracting primitive: Mesh_1499
20:49:46 | INFO: Primitives created: 1
20:49:46 | INFO: Extracting primitive: Mesh_1500
20:49:46 | INFO: Primitives created: 1
20:49:46 | INFO: Extracting primitive: Mesh_1501
20:49:46 | INFO: Primitives created: 1
20:49:46 | INFO: Extracting primitive: Mesh_1502
20:49:46 | INFO: Primitives created: 1
20:49:46 | INFO: Extracting primitive: Mesh_1503
20:49:46 | INFO: Primitives created: 1
20:49:46 | INFO: Extracting primitive: Mesh_1504
20:49:46 | INFO: Primitives created: 1
20:49:46 | INFO: Extracting primitive: Mesh_1505
20:49:46 | INFO: Primitives created: 1
20:49:46 | INFO: Extracting primitive: Mesh_1506
20:49:46 | INFO: Primitives created: 1
20:49:46 | INFO: Extracting primitive: Mesh_1507
20:49:46 | INFO: Primitives created: 1
20:49:46 | INFO: Extracting primitive: Mesh_1508
20:49:46 | INFO: Primitives created: 1
20:49:46 | INFO: Extracting primitive: Mesh_1509
20:49:46 | INFO: Primitives created: 1
20:49:46 | INFO: Extracting primitive: Mesh_1510
20:49:46 | INFO: Primitives created: 1
20:49:46 | INFO: Extracting primitive: Mesh_1511
20:49:46 | INFO: Primitives created: 1
20:49:46 | INFO: Extracting primitive: Mesh_1512
20:49:46 | INFO: Primitives created: 1
20:49:46 | INFO: Extracting primitive: Mesh_1513
20:49:46 | INFO: Primitives created: 1
20:49:46 | INFO: Extracting primitive: Mesh_1514
20:49:46 | INFO: Primitives created: 1
20:49:46 | INFO: Extracting primitive: Mesh_1515
20:49:46 | INFO: Primitives created: 1
20:49:46 | INFO: Extracting primitive: Mesh_1516
20:49:46 | INFO: Primitives created: 1
20:49:46 | INFO: Extracting primitive: Mesh_1517
20:49:46 | INFO: Primitives created: 1
20:49:46 | INFO: Extracting primitive: Mesh_1518
20:49:46 | INFO: Primitives created: 1
20:49:46 | INFO: Extracting primitive: Mesh_1519
20:49:46 | INFO: Primitives created: 1
20:49:46 | INFO: Extracting primitive: Mesh_1520
20:49:46 | INFO: Primitives created: 1
20:49:46 | INFO: Extracting primitive: Mesh_1521
20:49:46 | INFO: Primitives created: 1
20:49:46 | INFO: Extracting primitive: Mesh_1522
20:49:46 | INFO: Primitives created: 1
20:49:46 | INFO: Extracting primitive: Mesh_1523
20:49:46 | INFO: Primitives created: 1
20:49:46 | INFO: Extracting primitive: Mesh_1524
20:49:46 | INFO: Primitives created: 1
20:49:46 | INFO: Extracting primitive: Mesh_1525
20:49:46 | INFO: Primitives created: 1
20:49:46 | INFO: Extracting primitive: Mesh_1526
20:49:46 | INFO: Primitives created: 1
20:49:46 | INFO: Extracting primitive: Mesh_1527
20:49:46 | INFO: Primitives created: 1
20:49:46 | INFO: Extracting primitive: Mesh_1528
20:49:46 | INFO: Primitives created: 1
20:49:46 | INFO: Extracting primitive: Mesh_1529
20:49:46 | INFO: Primitives created: 1
20:49:46 | INFO: Extracting primitive: Mesh_1530
20:49:46 | INFO: Primitives created: 1
20:49:46 | INFO: Extracting primitive: Mesh_1531
20:49:46 | INFO: Primitives created: 1
20:49:46 | INFO: Extracting primitive: Mesh_1532
20:49:46 | INFO: Primitives created: 1
20:49:46 | INFO: Extracting primitive: Mesh_1533
20:49:46 | INFO: Primitives created: 1
20:49:46 | INFO: Extracting primitive: Mesh_1534
20:49:46 | INFO: Primitives created: 1
20:49:46 | INFO: Extracting primitive: Mesh_1535
20:49:46 | INFO: Primitives created: 1
20:49:46 | INFO: Extracting primitive: Mesh_1536
20:49:46 | INFO: Primitives created: 1
20:49:46 | INFO: Extracting primitive: Mesh_1537
20:49:46 | INFO: Primitives created: 1
20:49:46 | INFO: Extracting primitive: Mesh_1538
20:49:46 | INFO: Primitives created: 1
20:49:46 | INFO: Extracting primitive: Mesh_1539
20:49:46 | INFO: Primitives created: 1
20:49:46 | INFO: Extracting primitive: Mesh_1540
20:49:46 | INFO: Primitives created: 1
20:49:46 | INFO: Extracting primitive: Mesh_1541
20:49:46 | INFO: Primitives created: 1
20:49:46 | INFO: Extracting primitive: Mesh_1542
20:49:46 | INFO: Primitives created: 1
20:49:46 | INFO: Extracting primitive: Mesh_1543
20:49:46 | INFO: Primitives created: 1
20:49:46 | INFO: Extracting primitive: Mesh_1544
20:49:46 | INFO: Primitives created: 1
20:49:46 | INFO: Extracting primitive: Mesh_1545
20:49:46 | INFO: Primitives created: 1
20:49:46 | INFO: Extracting primitive: Mesh_1546
20:49:46 | INFO: Primitives created: 1
20:49:46 | INFO: Extracting primitive: Mesh_1547
20:49:46 | INFO: Primitives created: 1
20:49:46 | INFO: Extracting primitive: Mesh_1548
20:49:46 | INFO: Primitives created: 1
20:49:46 | INFO: Extracting primitive: Mesh_1549
20:49:46 | INFO: Primitives created: 1
20:49:46 | INFO: Extracting primitive: Mesh_1550
20:49:46 | INFO: Primitives created: 1
20:49:46 | INFO: Extracting primitive: Mesh_1551
20:49:46 | INFO: Primitives created: 1
20:49:46 | INFO: Extracting primitive: Mesh_1552
20:49:46 | INFO: Primitives created: 1
20:49:46 | INFO: Extracting primitive: Mesh_1553
20:49:46 | INFO: Primitives created: 1
20:49:46 | INFO: Extracting primitive: Mesh_1554
20:49:46 | INFO: Primitives created: 1
20:49:46 | INFO: Extracting primitive: Mesh_1555
20:49:46 | INFO: Primitives created: 1
20:49:46 | INFO: Extracting primitive: Mesh_1556
20:49:46 | INFO: Primitives created: 1
20:49:46 | INFO: Extracting primitive: Mesh_1557
20:49:46 | INFO: Primitives created: 1
20:49:46 | INFO: Extracting primitive: Mesh_1558
20:49:46 | INFO: Primitives created: 1
20:49:46 | INFO: Extracting primitive: Mesh_1559
20:49:46 | INFO: Primitives created: 1
20:49:46 | INFO: Extracting primitive: Mesh_1560
20:49:46 | INFO: Primitives created: 1
20:49:46 | INFO: Extracting primitive: Mesh_1561
20:49:46 | INFO: Primitives created: 1
20:49:46 | INFO: Extracting primitive: Mesh_1562
20:49:46 | INFO: Primitives created: 1
20:49:46 | INFO: Extracting primitive: Mesh_1563
20:49:46 | INFO: Primitives created: 1
20:49:46 | INFO: Extracting primitive: Mesh_1564
20:49:46 | INFO: Primitives created: 1
20:49:46 | INFO: Extracting primitive: Mesh_1565
20:49:46 | INFO: Primitives created: 1
20:49:46 | INFO: Extracting primitive: Mesh_1566
20:49:46 | INFO: Primitives created: 1
20:49:46 | INFO: Extracting primitive: Mesh_1567
20:49:46 | INFO: Primitives created: 1
20:49:46 | INFO: Extracting primitive: Mesh_1568
20:49:46 | INFO: Primitives created: 1
20:49:46 | INFO: Extracting primitive: Mesh_1569
20:49:46 | INFO: Primitives created: 1
20:49:46 | INFO: Extracting primitive: Mesh_1570
20:49:46 | INFO: Primitives created: 1
20:49:46 | INFO: Extracting primitive: Mesh_1571
20:49:46 | INFO: Primitives created: 1
20:49:46 | INFO: Extracting primitive: Mesh_1572
20:49:46 | INFO: Primitives created: 1
20:49:46 | INFO: Extracting primitive: Mesh_1573
20:49:46 | INFO: Primitives created: 1
20:49:46 | INFO: Extracting primitive: Mesh_1574
20:49:46 | INFO: Primitives created: 1
20:49:46 | INFO: Extracting primitive: Mesh_1575
20:49:46 | INFO: Primitives created: 1
20:49:46 | INFO: Extracting primitive: Mesh_1576
20:49:46 | INFO: Primitives created: 1
20:49:46 | INFO: Extracting primitive: Mesh_1577
20:49:46 | INFO: Primitives created: 1
20:49:46 | INFO: Extracting primitive: Mesh_1578
20:49:46 | INFO: Primitives created: 1
20:49:46 | INFO: Extracting primitive: Mesh_1579
20:49:46 | INFO: Primitives created: 1
20:49:46 | INFO: Extracting primitive: Mesh_1580
20:49:46 | INFO: Primitives created: 1
20:49:46 | INFO: Extracting primitive: Mesh_1581
20:49:46 | INFO: Primitives created: 1
20:49:46 | INFO: Extracting primitive: Mesh_1582
20:49:46 | INFO: Primitives created: 1
20:49:46 | INFO: Extracting primitive: Mesh_1583
20:49:46 | INFO: Primitives created: 1
20:49:46 | INFO: Extracting primitive: Mesh_1584
20:49:46 | INFO: Primitives created: 1
20:49:46 | INFO: Extracting primitive: Mesh_1585
20:49:46 | INFO: Primitives created: 1
20:49:46 | INFO: Extracting primitive: Mesh_1586
20:49:46 | INFO: Primitives created: 1
20:49:46 | INFO: Extracting primitive: Mesh_1587
20:49:46 | INFO: Primitives created: 1
20:49:46 | INFO: Extracting primitive: Mesh_1588
20:49:46 | INFO: Primitives created: 1
20:49:46 | INFO: Extracting primitive: Mesh_1589
20:49:46 | INFO: Primitives created: 1
20:49:46 | INFO: Extracting primitive: Mesh_1590
20:49:46 | INFO: Primitives created: 1
20:49:46 | INFO: Extracting primitive: Mesh_1591
20:49:46 | INFO: Primitives created: 1
20:49:46 | INFO: Extracting primitive: Mesh_1592
20:49:46 | INFO: Primitives created: 1
20:49:46 | INFO: Extracting primitive: Mesh_1593
20:49:46 | INFO: Primitives created: 1
20:49:46 | INFO: Extracting primitive: Mesh_1594
20:49:46 | INFO: Primitives created: 1
20:49:46 | INFO: Extracting primitive: Mesh_1595
20:49:46 | INFO: Primitives created: 1
20:49:46 | INFO: Extracting primitive: Mesh_1596
20:49:46 | INFO: Primitives created: 1
20:49:46 | INFO: Extracting primitive: Mesh_1597
20:49:46 | INFO: Primitives created: 1
20:49:46 | INFO: Extracting primitive: Mesh_1598
20:49:46 | INFO: Primitives created: 1
20:49:46 | INFO: Extracting primitive: Mesh_1599
20:49:46 | INFO: Primitives created: 1
20:49:46 | INFO: Extracting primitive: Mesh_1600
20:49:46 | INFO: Primitives created: 1
20:49:46 | INFO: Extracting primitive: Mesh_1601
20:49:46 | INFO: Primitives created: 1
20:49:46 | INFO: Extracting primitive: Mesh_1602
20:49:46 | INFO: Primitives created: 1
20:49:46 | INFO: Extracting primitive: Mesh_1603
20:49:46 | INFO: Primitives created: 1
20:49:46 | INFO: Extracting primitive: Mesh_1604
20:49:46 | INFO: Primitives created: 1
20:49:46 | INFO: Extracting primitive: Mesh_1605
20:49:46 | INFO: Primitives created: 1
20:49:46 | INFO: Extracting primitive: Mesh_1606
20:49:46 | INFO: Primitives created: 1
20:49:46 | INFO: Extracting primitive: Mesh_1607
20:49:46 | INFO: Primitives created: 1
20:49:46 | INFO: Extracting primitive: Mesh_1608
20:49:46 | INFO: Primitives created: 1
20:49:46 | INFO: Extracting primitive: Mesh_1609
20:49:46 | INFO: Primitives created: 1
20:49:46 | INFO: Extracting primitive: Mesh_1610
20:49:46 | INFO: Primitives created: 1
20:49:46 | INFO: Extracting primitive: Mesh_1611
20:49:46 | INFO: Primitives created: 1
20:49:46 | INFO: Extracting primitive: Mesh_1612
20:49:46 | INFO: Primitives created: 1
20:49:46 | INFO: Extracting primitive: Mesh_1613
20:49:46 | INFO: Primitives created: 1
20:49:46 | INFO: Extracting primitive: Mesh_1614
20:49:46 | INFO: Primitives created: 1
20:49:46 | INFO: Extracting primitive: Mesh_1615
20:49:46 | INFO: Primitives created: 1
20:49:46 | INFO: Extracting primitive: Mesh_1616
20:49:46 | INFO: Primitives created: 1
20:49:46 | INFO: Extracting primitive: Mesh_1617
20:49:46 | INFO: Primitives created: 1
20:49:46 | INFO: Extracting primitive: Mesh_1618
20:49:46 | INFO: Primitives created: 1
20:49:46 | INFO: Extracting primitive: Mesh_1619
20:49:46 | INFO: Primitives created: 1
20:49:46 | INFO: Extracting primitive: Mesh_1620
20:49:46 | INFO: Primitives created: 1
20:49:46 | INFO: Extracting primitive: Mesh_1621
20:49:46 | INFO: Primitives created: 1
20:49:46 | INFO: Extracting primitive: Mesh_1622
20:49:46 | INFO: Primitives created: 1
20:49:46 | INFO: Extracting primitive: Mesh_1623
20:49:46 | INFO: Primitives created: 1
20:49:46 | INFO: Extracting primitive: Mesh_1624
20:49:46 | INFO: Primitives created: 1
20:49:46 | INFO: Extracting primitive: Mesh_1625
20:49:46 | INFO: Primitives created: 1
20:49:46 | INFO: Extracting primitive: Mesh_1626
20:49:46 | INFO: Primitives created: 1
20:49:46 | INFO: Extracting primitive: Mesh_1627
20:49:46 | INFO: Primitives created: 1
20:49:46 | INFO: Extracting primitive: Mesh_1628
20:49:46 | INFO: Primitives created: 1
20:49:46 | INFO: Extracting primitive: Mesh_1629
20:49:46 | INFO: Primitives created: 1
20:49:46 | INFO: Extracting primitive: Mesh_1630
20:49:46 | INFO: Primitives created: 1
20:49:46 | INFO: Extracting primitive: Mesh_1631
20:49:46 | INFO: Primitives created: 1
20:49:46 | INFO: Extracting primitive: Mesh_1632
20:49:46 | INFO: Primitives created: 1
20:49:46 | INFO: Extracting primitive: Mesh_1633
20:49:46 | INFO: Primitives created: 1
20:49:46 | INFO: Extracting primitive: Mesh_1634
20:49:46 | INFO: Primitives created: 1
20:49:46 | INFO: Extracting primitive: Mesh_1635
20:49:46 | INFO: Primitives created: 1
20:49:46 | INFO: Extracting primitive: Mesh_1636
20:49:46 | INFO: Primitives created: 1
20:49:46 | INFO: Extracting primitive: Mesh_1637
20:49:46 | INFO: Primitives created: 1
20:49:46 | INFO: Extracting primitive: Mesh_1638
20:49:46 | INFO: Primitives created: 1
20:49:46 | INFO: Extracting primitive: Mesh_1639
20:49:46 | INFO: Primitives created: 1
20:49:46 | INFO: Extracting primitive: Mesh_1640
20:49:46 | INFO: Primitives created: 1
20:49:46 | INFO: Extracting primitive: Mesh_1641
20:49:46 | INFO: Primitives created: 1
20:49:46 | INFO: Extracting primitive: Mesh_1642
20:49:46 | INFO: Primitives created: 1
20:49:46 | INFO: Extracting primitive: Mesh_1643
20:49:46 | INFO: Primitives created: 1
20:49:46 | INFO: Extracting primitive: Mesh_1644
20:49:46 | INFO: Primitives created: 1
20:49:46 | INFO: Extracting primitive: Mesh_1645
20:49:46 | INFO: Primitives created: 1
20:49:46 | INFO: Extracting primitive: Mesh_1646
20:49:46 | INFO: Primitives created: 1
20:49:46 | INFO: Extracting primitive: Mesh_1647
20:49:46 | INFO: Primitives created: 1
20:49:46 | INFO: Extracting primitive: Mesh_1648
20:49:46 | INFO: Primitives created: 1
20:49:46 | INFO: Extracting primitive: Mesh_1649
20:49:46 | INFO: Primitives created: 1
20:49:46 | INFO: Extracting primitive: Mesh_1650
20:49:46 | INFO: Primitives created: 1
20:49:46 | INFO: Extracting primitive: Mesh_1651
20:49:46 | INFO: Primitives created: 1
20:49:46 | INFO: Extracting primitive: Mesh_1652
20:49:46 | INFO: Primitives created: 1
20:49:46 | INFO: Extracting primitive: Mesh_1653
20:49:46 | INFO: Primitives created: 1
20:49:46 | INFO: Extracting primitive: Mesh_1654
20:49:46 | INFO: Primitives created: 1
20:49:46 | INFO: Extracting primitive: Mesh_1655
20:49:46 | INFO: Primitives created: 1
20:49:46 | INFO: Extracting primitive: Mesh_1656
20:49:46 | INFO: Primitives created: 1
20:49:46 | INFO: Extracting primitive: Mesh_1657
20:49:46 | INFO: Primitives created: 1
20:49:46 | INFO: Extracting primitive: Mesh_1658
20:49:46 | INFO: Primitives created: 1
20:49:46 | INFO: Extracting primitive: Mesh_1659
20:49:46 | INFO: Primitives created: 1
20:49:46 | INFO: Extracting primitive: Mesh_1660
20:49:46 | INFO: Primitives created: 1
20:49:46 | INFO: Extracting primitive: Mesh_1661
20:49:46 | INFO: Primitives created: 1
20:49:46 | INFO: Extracting primitive: Mesh_1662
20:49:46 | INFO: Primitives created: 1
20:49:46 | INFO: Extracting primitive: Mesh_1663
20:49:46 | INFO: Primitives created: 1
20:49:46 | INFO: Extracting primitive: Mesh_1664
20:49:46 | INFO: Primitives created: 1
20:49:46 | INFO: Extracting primitive: Mesh_1665
20:49:46 | INFO: Primitives created: 1
20:49:46 | INFO: Extracting primitive: Mesh_1666
20:49:46 | INFO: Primitives created: 1
20:49:46 | INFO: Extracting primitive: Mesh_1667
20:49:46 | INFO: Primitives created: 1
20:49:46 | INFO: Extracting primitive: Mesh_1668
20:49:46 | INFO: Primitives created: 1
20:49:46 | INFO: Extracting primitive: Mesh_1669
20:49:46 | INFO: Primitives created: 1
20:49:46 | INFO: Extracting primitive: Mesh_1670
20:49:46 | INFO: Primitives created: 1
20:49:46 | INFO: Extracting primitive: Mesh_1671
20:49:46 | INFO: Primitives created: 1
20:49:46 | INFO: Extracting primitive: Mesh_1672
20:49:46 | INFO: Primitives created: 1
20:49:46 | INFO: Extracting primitive: Mesh_1673
20:49:46 | INFO: Primitives created: 1
20:49:46 | INFO: Extracting primitive: Mesh_1674
20:49:46 | INFO: Primitives created: 1
20:49:46 | INFO: Extracting primitive: Mesh_1675
20:49:46 | INFO: Primitives created: 1
20:49:46 | INFO: Extracting primitive: Mesh_1676
20:49:46 | INFO: Primitives created: 1
20:49:46 | INFO: Extracting primitive: Mesh_1677
20:49:46 | INFO: Primitives created: 1
20:49:46 | INFO: Extracting primitive: Mesh_1678
20:49:46 | INFO: Primitives created: 1
20:49:46 | INFO: Extracting primitive: Mesh_1679
20:49:46 | INFO: Primitives created: 1
20:49:46 | INFO: Extracting primitive: Mesh_1680
20:49:46 | INFO: Primitives created: 1
20:49:46 | INFO: Extracting primitive: Mesh_1681
20:49:46 | INFO: Primitives created: 1
20:49:46 | INFO: Extracting primitive: Mesh_1682
20:49:46 | INFO: Primitives created: 1
20:49:46 | INFO: Extracting primitive: Mesh_1683
20:49:46 | INFO: Primitives created: 1
20:49:46 | INFO: Extracting primitive: Mesh_1684
20:49:46 | INFO: Primitives created: 1
20:49:46 | INFO: Extracting primitive: Mesh_1685
20:49:46 | INFO: Primitives created: 1
20:49:46 | INFO: Extracting primitive: Mesh_1686
20:49:46 | INFO: Primitives created: 1
20:49:46 | INFO: Extracting primitive: Mesh_1687
20:49:46 | INFO: Primitives created: 1
20:49:46 | INFO: Extracting primitive: Mesh_1688
20:49:46 | INFO: Primitives created: 1
20:49:46 | INFO: Extracting primitive: Mesh_1689
20:49:46 | INFO: Primitives created: 1
20:49:46 | INFO: Extracting primitive: Mesh_1690
20:49:46 | INFO: Primitives created: 1
20:49:46 | INFO: Extracting primitive: Mesh_1691
20:49:46 | INFO: Primitives created: 1
20:49:46 | INFO: Extracting primitive: Mesh_1698
20:49:46 | INFO: Primitives created: 1
20:49:46 | INFO: Extracting primitive: Mesh_1699
20:49:46 | INFO: Primitives created: 1
20:49:46 | INFO: Extracting primitive: Mesh_1700
20:49:46 | INFO: Primitives created: 1
20:49:46 | INFO: Extracting primitive: Mesh_1701
20:49:46 | INFO: Primitives created: 1
20:49:46 | INFO: Extracting primitive: Mesh_1702
20:49:46 | INFO: Primitives created: 1
20:49:46 | INFO: Extracting primitive: Mesh_1703
20:49:46 | INFO: Primitives created: 1
20:49:46 | INFO: Extracting primitive: Mesh_1704
20:49:46 | INFO: Primitives created: 1
20:49:46 | INFO: Extracting primitive: Mesh_1705
20:49:46 | INFO: Primitives created: 1
20:49:46 | INFO: Extracting primitive: Mesh_1706
20:49:46 | INFO: Primitives created: 1
20:49:46 | INFO: Extracting primitive: Mesh_1707
20:49:46 | INFO: Primitives created: 1
20:49:46 | INFO: Extracting primitive: Mesh_1708
20:49:46 | INFO: Primitives created: 1
20:49:46 | INFO: Extracting primitive: Mesh_1709
20:49:46 | INFO: Primitives created: 1
20:49:46 | INFO: Extracting primitive: Mesh_1710
20:49:46 | INFO: Primitives created: 1
20:49:46 | INFO: Extracting primitive: Mesh_1711
20:49:46 | INFO: Primitives created: 1
20:49:46 | INFO: Extracting primitive: Mesh_1712
20:49:46 | INFO: Primitives created: 1
20:49:46 | INFO: Extracting primitive: Mesh_1713
20:49:46 | INFO: Primitives created: 1
20:49:46 | INFO: Extracting primitive: Mesh_1714
20:49:46 | INFO: Primitives created: 1
20:49:46 | INFO: Extracting primitive: Mesh_1715
20:49:46 | INFO: Primitives created: 1
20:49:46 | INFO: Extracting primitive: Mesh_1716
20:49:46 | INFO: Primitives created: 1
20:49:46 | INFO: Extracting primitive: Mesh_1717
20:49:46 | INFO: Primitives created: 1
20:49:46 | INFO: Extracting primitive: Mesh_1718
20:49:46 | INFO: Primitives created: 1
20:49:46 | INFO: Extracting primitive: Mesh_1719
20:49:46 | INFO: Primitives created: 1
20:49:46 | INFO: Extracting primitive: Mesh_1720
20:49:46 | INFO: Primitives created: 1
20:49:46 | INFO: Extracting primitive: Mesh_1721
20:49:46 | INFO: Primitives created: 1
20:49:46 | INFO: Extracting primitive: Mesh_1722
20:49:46 | INFO: Primitives created: 1
20:49:46 | INFO: Extracting primitive: Mesh_1723
20:49:46 | INFO: Primitives created: 1
20:49:46 | INFO: Extracting primitive: Mesh_1724
20:49:46 | INFO: Primitives created: 1
20:49:46 | INFO: Extracting primitive: Mesh_1725
20:49:46 | INFO: Primitives created: 1
20:49:46 | INFO: Extracting primitive: Mesh_1726
20:49:46 | INFO: Primitives created: 1
20:49:46 | INFO: Extracting primitive: Mesh_1727
20:49:46 | INFO: Primitives created: 1
20:49:46 | INFO: Extracting primitive: Mesh_1728
20:49:46 | INFO: Primitives created: 1
20:49:46 | INFO: Extracting primitive: Mesh_1729
20:49:46 | INFO: Primitives created: 1
20:49:46 | INFO: Extracting primitive: Mesh_1730
20:49:46 | INFO: Primitives created: 1
20:49:46 | INFO: Extracting primitive: Mesh_1731
20:49:46 | INFO: Primitives created: 1
20:49:46 | INFO: Extracting primitive: Mesh_1732
20:49:46 | INFO: Primitives created: 1
20:49:46 | INFO: Extracting primitive: Mesh_1733
20:49:46 | INFO: Primitives created: 1
20:49:46 | INFO: Extracting primitive: Mesh_1734
20:49:46 | INFO: Primitives created: 1
20:49:46 | INFO: Extracting primitive: Mesh_1735
20:49:46 | INFO: Primitives created: 1
20:49:46 | INFO: Extracting primitive: Mesh_1736
20:49:46 | INFO: Primitives created: 1
20:49:46 | INFO: Extracting primitive: Mesh_1737
20:49:46 | INFO: Primitives created: 1
20:49:46 | INFO: Extracting primitive: Mesh_1738
20:49:46 | INFO: Primitives created: 1
20:49:46 | INFO: Extracting primitive: Mesh_1739
20:49:46 | INFO: Primitives created: 1
20:49:46 | INFO: Extracting primitive: Mesh_1740
20:49:46 | INFO: Primitives created: 1
20:49:46 | INFO: Extracting primitive: Mesh_1741
20:49:46 | INFO: Primitives created: 1
20:49:46 | INFO: Extracting primitive: Mesh_1742
20:49:46 | INFO: Primitives created: 1
20:49:46 | INFO: Extracting primitive: Mesh_1743
20:49:46 | INFO: Primitives created: 1
20:49:46 | INFO: Extracting primitive: Mesh_1744
20:49:46 | INFO: Primitives created: 1
20:49:46 | INFO: Extracting primitive: Mesh_1745
20:49:46 | INFO: Primitives created: 1
20:49:46 | INFO: Extracting primitive: Mesh_1746
20:49:46 | INFO: Primitives created: 1
20:49:46 | INFO: Extracting primitive: Mesh_1747
20:49:46 | INFO: Primitives created: 1
20:49:46 | INFO: Extracting primitive: Mesh_1748
20:49:46 | INFO: Primitives created: 1
20:49:46 | INFO: Extracting primitive: Mesh_1749
20:49:46 | INFO: Primitives created: 1
20:49:46 | INFO: Extracting primitive: Mesh_1750
20:49:46 | INFO: Primitives created: 1
20:49:46 | INFO: Extracting primitive: Mesh_1751
20:49:46 | INFO: Primitives created: 1
20:49:46 | INFO: Extracting primitive: Mesh_1752
20:49:46 | INFO: Primitives created: 1
20:49:46 | INFO: Extracting primitive: Mesh_1753
20:49:46 | INFO: Primitives created: 1
20:49:46 | INFO: Extracting primitive: Mesh_1754
20:49:46 | INFO: Primitives created: 1
20:49:46 | INFO: Extracting primitive: Mesh_1757
20:49:46 | INFO: Primitives created: 1
20:49:46 | INFO: Extracting primitive: Mesh_1758
20:49:46 | INFO: Primitives created: 1
20:49:46 | INFO: Extracting primitive: Mesh_1759
20:49:46 | INFO: Primitives created: 1
20:49:46 | INFO: Extracting primitive: Mesh_1760
20:49:46 | INFO: Primitives created: 1
20:49:46 | INFO: Extracting primitive: Mesh_1761
20:49:46 | INFO: Primitives created: 1
20:49:46 | INFO: Extracting primitive: Mesh_1762
20:49:46 | INFO: Primitives created: 1
20:49:46 | INFO: Extracting primitive: Mesh_1763
20:49:46 | INFO: Primitives created: 1
20:49:46 | INFO: Extracting primitive: Mesh_1764
20:49:46 | INFO: Primitives created: 1
20:49:46 | INFO: Extracting primitive: Mesh_1765
20:49:46 | INFO: Primitives created: 1
20:49:46 | INFO: Extracting primitive: Mesh_1766
20:49:46 | INFO: Primitives created: 1
20:49:46 | INFO: Extracting primitive: Mesh_1767
20:49:46 | INFO: Primitives created: 1
20:49:46 | INFO: Extracting primitive: Mesh_1768
20:49:46 | INFO: Primitives created: 1
20:49:46 | INFO: Extracting primitive: Mesh_1769
20:49:46 | INFO: Primitives created: 1
20:49:46 | INFO: Extracting primitive: Mesh_1770
20:49:46 | INFO: Primitives created: 1
20:49:46 | INFO: Extracting primitive: Mesh_1771
20:49:46 | INFO: Primitives created: 1
20:49:46 | INFO: Extracting primitive: Mesh_1772
20:49:46 | INFO: Primitives created: 1
20:49:46 | INFO: Extracting primitive: Mesh_1773
20:49:46 | INFO: Primitives created: 1
20:49:46 | INFO: Extracting primitive: Mesh_1774
20:49:46 | INFO: Primitives created: 1
20:49:46 | INFO: Extracting primitive: Mesh_1775
20:49:46 | INFO: Primitives created: 1
20:49:46 | INFO: Extracting primitive: Mesh_1776
20:49:46 | INFO: Primitives created: 1
20:49:46 | INFO: Extracting primitive: Mesh_1777
20:49:46 | INFO: Primitives created: 1
20:49:46 | INFO: Extracting primitive: Mesh_1778
20:49:46 | INFO: Primitives created: 1
20:49:46 | INFO: Extracting primitive: Mesh_1779
20:49:46 | INFO: Primitives created: 1
20:49:46 | INFO: Extracting primitive: Mesh_1780
20:49:46 | INFO: Primitives created: 1
20:49:46 | INFO: Extracting primitive: Mesh_1781
20:49:46 | INFO: Primitives created: 1
20:49:46 | INFO: Extracting primitive: Mesh_1782
20:49:46 | INFO: Primitives created: 1
20:49:46 | INFO: Extracting primitive: Mesh_1783
20:49:46 | INFO: Primitives created: 1
20:49:46 | INFO: Extracting primitive: Mesh_1784
20:49:46 | INFO: Primitives created: 1
20:49:46 | INFO: Extracting primitive: Mesh_1785
20:49:46 | INFO: Primitives created: 1
20:49:46 | INFO: Extracting primitive: Mesh_1786
20:49:46 | INFO: Primitives created: 1
20:49:46 | INFO: Extracting primitive: Mesh_1787
20:49:46 | INFO: Primitives created: 1
20:49:46 | INFO: Extracting primitive: Mesh_1788
20:49:46 | INFO: Primitives created: 1
20:49:46 | INFO: Extracting primitive: Mesh_1789
20:49:46 | INFO: Primitives created: 1
20:49:46 | INFO: Extracting primitive: Mesh_1790
20:49:46 | INFO: Primitives created: 1
20:49:46 | INFO: Extracting primitive: Mesh_1791
20:49:46 | INFO: Primitives created: 1
20:49:46 | INFO: Extracting primitive: Mesh_1792
20:49:46 | INFO: Primitives created: 1
20:49:46 | INFO: Extracting primitive: Mesh_1793
20:49:46 | INFO: Primitives created: 1
20:49:46 | INFO: Extracting primitive: Mesh_1794
20:49:46 | INFO: Primitives created: 1
20:49:46 | INFO: Extracting primitive: Mesh_1795
20:49:46 | INFO: Primitives created: 1
20:49:46 | INFO: Extracting primitive: Mesh_1796
20:49:46 | INFO: Primitives created: 1
20:49:46 | INFO: Extracting primitive: Mesh_1797
20:49:46 | INFO: Primitives created: 1
20:49:46 | INFO: Extracting primitive: Mesh_1798
20:49:46 | INFO: Primitives created: 1
20:49:46 | INFO: Extracting primitive: Mesh_1799
20:49:46 | INFO: Primitives created: 1
20:49:46 | INFO: Extracting primitive: Mesh_1800
20:49:46 | INFO: Primitives created: 1
20:49:46 | INFO: Extracting primitive: Mesh_1801
20:49:46 | INFO: Primitives created: 1
20:49:46 | INFO: Extracting primitive: Mesh_1802
20:49:46 | INFO: Primitives created: 1
20:49:46 | INFO: Extracting primitive: Mesh_1803
20:49:46 | INFO: Primitives created: 1
20:49:46 | INFO: Extracting primitive: Mesh_1804
20:49:46 | INFO: Primitives created: 1
20:49:46 | INFO: Extracting primitive: Mesh_1805
20:49:46 | INFO: Primitives created: 1
20:49:46 | INFO: Extracting primitive: Mesh_1806
20:49:46 | INFO: Primitives created: 1
20:49:46 | INFO: Extracting primitive: Mesh_1807
20:49:46 | INFO: Primitives created: 1
20:49:46 | INFO: Extracting primitive: Mesh_1808
20:49:46 | INFO: Primitives created: 1
20:49:46 | INFO: Extracting primitive: Mesh_1809
20:49:46 | INFO: Primitives created: 1
20:49:46 | INFO: Extracting primitive: Mesh_1810
20:49:46 | INFO: Primitives created: 1
20:49:46 | INFO: Extracting primitive: Mesh_1811
20:49:46 | INFO: Primitives created: 1
20:49:46 | INFO: Extracting primitive: Mesh_1812
20:49:46 | INFO: Primitives created: 1
20:49:46 | INFO: Extracting primitive: Mesh_1813
20:49:46 | INFO: Primitives created: 1
20:49:46 | INFO: Extracting primitive: Mesh_1814
20:49:46 | INFO: Primitives created: 1
20:49:46 | INFO: Extracting primitive: Mesh_1815
20:49:46 | INFO: Primitives created: 1
20:49:46 | INFO: Extracting primitive: Mesh_1816
20:49:46 | INFO: Primitives created: 1
20:49:46 | INFO: Extracting primitive: Mesh_1817
20:49:46 | INFO: Primitives created: 1
20:49:46 | INFO: Extracting primitive: Mesh_1818
20:49:46 | INFO: Primitives created: 1
20:49:46 | INFO: Extracting primitive: Mesh_1819
20:49:46 | INFO: Primitives created: 1
20:49:46 | INFO: Extracting primitive: Mesh_1820
20:49:46 | INFO: Primitives created: 1
20:49:46 | INFO: Extracting primitive: Mesh_1821
20:49:46 | INFO: Primitives created: 1
20:49:46 | INFO: Extracting primitive: Mesh_1822
20:49:46 | INFO: Primitives created: 1
20:49:46 | INFO: Extracting primitive: Mesh_1823
20:49:46 | INFO: Primitives created: 1
20:49:46 | INFO: Extracting primitive: Mesh_1824
20:49:46 | INFO: Primitives created: 1
20:49:46 | INFO: Extracting primitive: Mesh_1825
20:49:46 | INFO: Primitives created: 1
20:49:46 | INFO: Extracting primitive: Mesh_1826
20:49:46 | INFO: Primitives created: 1
20:49:46 | INFO: Extracting primitive: Mesh_1827
20:49:46 | INFO: Primitives created: 1
20:49:46 | INFO: Extracting primitive: Mesh_1828
20:49:46 | INFO: Primitives created: 1
20:49:46 | INFO: Extracting primitive: Mesh_1829
20:49:46 | INFO: Primitives created: 1
20:49:46 | INFO: Extracting primitive: Mesh_1830
20:49:46 | INFO: Primitives created: 1
20:49:46 | INFO: Extracting primitive: Mesh_1831
20:49:46 | INFO: Primitives created: 1
20:49:46 | INFO: Extracting primitive: Mesh_1832
20:49:46 | INFO: Primitives created: 1
20:49:46 | INFO: Extracting primitive: Mesh_1833
20:49:46 | INFO: Primitives created: 1
20:49:46 | INFO: Extracting primitive: Mesh_1834
20:49:46 | INFO: Primitives created: 1
20:49:46 | INFO: Extracting primitive: Mesh_1835
20:49:46 | INFO: Primitives created: 1
20:49:46 | INFO: Extracting primitive: Mesh_1836
20:49:46 | INFO: Primitives created: 1
20:49:46 | INFO: Extracting primitive: Mesh_1837
20:49:46 | INFO: Primitives created: 1
20:49:46 | INFO: Extracting primitive: Mesh_1838
20:49:46 | INFO: Primitives created: 1
20:49:46 | INFO: Extracting primitive: Mesh_1839
20:49:46 | INFO: Primitives created: 1
20:49:46 | INFO: Extracting primitive: Mesh_1840
20:49:46 | INFO: Primitives created: 1
20:49:46 | INFO: Extracting primitive: Mesh_1841
20:49:46 | INFO: Primitives created: 1
20:49:46 | INFO: Extracting primitive: Mesh_1842
20:49:46 | INFO: Primitives created: 1
20:49:46 | INFO: Extracting primitive: Mesh_1843
20:49:46 | INFO: Primitives created: 1
20:49:46 | INFO: Extracting primitive: Mesh_1844
20:49:46 | INFO: Primitives created: 1
20:49:46 | INFO: Extracting primitive: Mesh_1845
20:49:46 | INFO: Primitives created: 1
20:49:46 | INFO: Extracting primitive: Mesh_1846
20:49:46 | INFO: Primitives created: 1
20:49:46 | INFO: Extracting primitive: Mesh_1847
20:49:46 | INFO: Primitives created: 1
20:49:46 | INFO: Extracting primitive: Mesh_1848
20:49:46 | INFO: Primitives created: 1
20:49:46 | INFO: Extracting primitive: Mesh_1849
20:49:46 | INFO: Primitives created: 1
20:49:46 | INFO: Extracting primitive: Mesh_1850
20:49:46 | INFO: Primitives created: 1
20:49:46 | INFO: Extracting primitive: Mesh_1851
20:49:46 | INFO: Primitives created: 1
20:49:46 | INFO: Extracting primitive: Mesh_1856
20:49:47 | INFO: Primitives created: 1
20:49:47 | INFO: Extracting primitive: Mesh_1861
20:49:47 | INFO: Primitives created: 1
20:49:47 | INFO: Extracting primitive: Mesh_1862
20:49:47 | INFO: Primitives created: 1
20:49:47 | INFO: Extracting primitive: Mesh_1863
20:49:47 | INFO: Primitives created: 1
20:49:47 | INFO: Extracting primitive: Mesh_1864
20:49:47 | INFO: Primitives created: 1
20:49:47 | INFO: Extracting primitive: Mesh_1865
20:49:47 | INFO: Primitives created: 1
20:49:47 | INFO: Extracting primitive: Mesh_1866
20:49:47 | INFO: Primitives created: 1
20:49:47 | INFO: Extracting primitive: Mesh_1867
20:49:47 | INFO: Primitives created: 1
20:49:47 | INFO: Extracting primitive: Mesh_1868
20:49:47 | INFO: Primitives created: 1
20:49:47 | INFO: Extracting primitive: Mesh_1869
20:49:47 | INFO: Primitives created: 1
20:49:47 | INFO: Extracting primitive: Mesh_1870
20:49:47 | INFO: Primitives created: 1
20:49:47 | INFO: Extracting primitive: Mesh_1871
20:49:47 | INFO: Primitives created: 1
20:49:47 | INFO: Extracting primitive: Mesh_1872
20:49:47 | INFO: Primitives created: 1
20:49:47 | INFO: Extracting primitive: Mesh_1873
20:49:47 | INFO: Primitives created: 1
20:49:47 | INFO: Extracting primitive: Mesh_1874
20:49:47 | INFO: Primitives created: 1
20:49:47 | INFO: Extracting primitive: Mesh_1875
20:49:47 | INFO: Primitives created: 1
20:49:47 | INFO: Extracting primitive: Mesh_1876
20:49:47 | INFO: Primitives created: 1
20:49:47 | INFO: Extracting primitive: Mesh_1877
20:49:47 | INFO: Primitives created: 1
20:49:47 | INFO: Extracting primitive: Mesh_1878
20:49:47 | INFO: Primitives created: 1
20:49:47 | INFO: Extracting primitive: Mesh_1879
20:49:47 | INFO: Primitives created: 1
20:49:47 | INFO: Extracting primitive: Mesh_1880
20:49:47 | INFO: Primitives created: 1
20:49:47 | INFO: Extracting primitive: Mesh_1881
20:49:47 | INFO: Primitives created: 1
20:49:47 | INFO: Extracting primitive: Mesh_1882
20:49:47 | INFO: Primitives created: 1
20:49:47 | INFO: Extracting primitive: Mesh_1883
20:49:47 | INFO: Primitives created: 1
20:49:47 | INFO: Extracting primitive: Mesh_1884
20:49:47 | INFO: Primitives created: 1
20:49:47 | INFO: Extracting primitive: Mesh_1885
20:49:47 | INFO: Primitives created: 1
20:49:47 | INFO: Extracting primitive: Mesh_1886
20:49:47 | INFO: Primitives created: 1
20:49:47 | INFO: Extracting primitive: Mesh_1887
20:49:47 | INFO: Primitives created: 1
20:49:47 | INFO: Extracting primitive: Mesh_1888
20:49:47 | INFO: Primitives created: 1
20:49:47 | INFO: Extracting primitive: Mesh_1889
20:49:47 | INFO: Primitives created: 1
20:49:47 | INFO: Extracting primitive: Mesh_1890
20:49:47 | INFO: Primitives created: 1
20:49:47 | INFO: Extracting primitive: Mesh_1891
20:49:47 | INFO: Primitives created: 1
20:49:47 | INFO: Extracting primitive: Mesh_1892
20:49:47 | INFO: Primitives created: 1
20:49:47 | INFO: Extracting primitive: Mesh_1893
20:49:47 | INFO: Primitives created: 1
20:49:47 | INFO: Extracting primitive: Mesh_1894
20:49:47 | INFO: Primitives created: 1
20:49:47 | INFO: Extracting primitive: Mesh_1895
20:49:47 | INFO: Primitives created: 1
20:49:47 | INFO: Extracting primitive: Mesh_1896
20:49:47 | INFO: Primitives created: 1
20:49:47 | INFO: Extracting primitive: Mesh_1897
20:49:47 | INFO: Primitives created: 1
20:49:47 | INFO: Extracting primitive: Mesh_1898
20:49:47 | INFO: Primitives created: 1
20:49:47 | INFO: Extracting primitive: Mesh_1899
20:49:47 | INFO: Primitives created: 1
20:49:47 | INFO: Extracting primitive: Mesh_1900
20:49:47 | INFO: Primitives created: 1
20:49:47 | INFO: Extracting primitive: Mesh_1901
20:49:47 | INFO: Primitives created: 1
20:49:47 | INFO: Extracting primitive: Mesh_1902
20:49:47 | INFO: Primitives created: 1
20:49:47 | INFO: Extracting primitive: Mesh_1903
20:49:47 | INFO: Primitives created: 1
20:49:47 | INFO: Extracting primitive: Mesh_1904
20:49:47 | INFO: Primitives created: 1
20:49:47 | INFO: Extracting primitive: Mesh_1905
20:49:47 | INFO: Primitives created: 1
20:49:47 | INFO: Extracting primitive: Mesh_1906
20:49:47 | INFO: Primitives created: 1
20:49:47 | INFO: Extracting primitive: Mesh_1907
20:49:47 | INFO: Primitives created: 1
20:49:47 | INFO: Extracting primitive: Mesh_1908
20:49:47 | INFO: Primitives created: 1
20:49:47 | INFO: Extracting primitive: Mesh_1909
20:49:47 | INFO: Primitives created: 1
20:49:47 | INFO: Extracting primitive: Mesh_1910
20:49:47 | INFO: Primitives created: 1
20:49:47 | INFO: Extracting primitive: Mesh_1911
20:49:47 | INFO: Primitives created: 1
20:49:47 | INFO: Extracting primitive: Mesh_1912
20:49:47 | INFO: Primitives created: 1
20:49:47 | INFO: Extracting primitive: Mesh_1913
20:49:47 | INFO: Primitives created: 1
20:49:47 | INFO: Extracting primitive: Mesh_1914
20:49:47 | INFO: Primitives created: 1
20:49:47 | INFO: Extracting primitive: Mesh_1915
20:49:47 | INFO: Primitives created: 1
20:49:47 | INFO: Extracting primitive: Mesh_1916
20:49:47 | INFO: Primitives created: 1
20:49:47 | INFO: Extracting primitive: Mesh_1917
20:49:47 | INFO: Primitives created: 1
20:49:47 | INFO: Extracting primitive: Mesh_1918
20:49:47 | INFO: Primitives created: 1
20:49:47 | INFO: Extracting primitive: Mesh_1919
20:49:47 | INFO: Primitives created: 1
20:49:47 | INFO: Extracting primitive: Mesh_1920
20:49:47 | INFO: Primitives created: 1
20:49:47 | INFO: Extracting primitive: Mesh_1921
20:49:47 | INFO: Primitives created: 1
20:49:47 | INFO: Extracting primitive: Mesh_1922
20:49:47 | INFO: Primitives created: 1
20:49:47 | INFO: Extracting primitive: Mesh_1923
20:49:47 | INFO: Primitives created: 1
20:49:47 | INFO: Extracting primitive: Mesh_1924
20:49:47 | INFO: Primitives created: 1
20:49:47 | INFO: Extracting primitive: Mesh_1925
20:49:47 | INFO: Primitives created: 1
20:49:47 | INFO: Extracting primitive: Mesh_1926
20:49:47 | INFO: Primitives created: 1
20:49:47 | INFO: Extracting primitive: Mesh_1927
20:49:47 | INFO: Primitives created: 1
20:49:47 | INFO: Extracting primitive: Mesh_1928
20:49:47 | INFO: Primitives created: 1
20:49:47 | INFO: Extracting primitive: Mesh_1929
20:49:47 | INFO: Primitives created: 1
20:49:47 | INFO: Extracting primitive: Mesh_1931
20:49:47 | INFO: Primitives created: 1
20:49:47 | INFO: Extracting primitive: Mesh_1933
20:49:47 | INFO: Primitives created: 1
20:49:47 | INFO: Extracting primitive: Mesh_1935
20:49:47 | INFO: Primitives created: 1
20:49:47 | INFO: Extracting primitive: Mesh_1936
20:49:47 | INFO: Primitives created: 1
20:49:47 | INFO: Extracting primitive: Mesh_1930
20:49:47 | INFO: Primitives created: 1
20:49:47 | INFO: Extracting primitive: Mesh_1932
20:49:47 | INFO: Primitives created: 1
20:49:47 | INFO: Extracting primitive: Mesh_1934
20:49:47 | INFO: Primitives created: 1
20:49:47 | INFO: Extracting primitive: Cube.044
20:49:47 | INFO: Primitives created: 1
20:49:47 | INFO: Extracting primitive: Cube.045
20:49:47 | INFO: Primitives created: 1
20:49:47 | INFO: Extracting primitive: Cube.037
20:49:47 | INFO: Primitives created: 1
20:49:47 | INFO: Extracting primitive: Cube.038
20:49:47 | INFO: Primitives created: 1
20:49:47 | INFO: Extracting primitive: Cube.039
20:49:47 | INFO: Primitives created: 1
20:49:47 | INFO: Extracting primitive: Cube.040
20:49:47 | INFO: Primitives created: 1
20:49:47 | INFO: Extracting primitive: Cube.041
20:49:47 | INFO: Primitives created: 1
20:49:47 | INFO: Extracting primitive: Cube.042
20:49:47 | INFO: Primitives created: 1
20:49:47 | INFO: Extracting primitive: WELLNESS_ENTRANCE_SIGNAGE_CURVE
20:49:47 | INFO: Primitives created: 1
20:49:47 | INFO: Extracting primitive: Cube.043
20:49:47 | INFO: Primitives created: 1
20:50:47 | INFO: Finished glTF 2.0 export in 69.3547613620758 s

{
  "status": "BUILT",
  "revision": "REV005",
  "collection": "REV005_INTERIOR_REMEDIATION_V04",
  "before_blend_sha256": "266D49DD130894E2AB19FAE3BFB836B043D6D5A381F40983D8B8543D3E3BB97B",
  "before_glb_sha256": "C0271DA60045539F9A59174ADE5A4AFF2EEB11835F4664FC94772D69F16F4C95",
  "after_blend_sha256": "EC1B7ABDB86A8FCF1443E780497B49FDDD4268B57EC48106D6D2FDB2D00008BB",
  "after_glb_sha256": "5BFD2590AC73EF7D02479FBEE29880EB492FF207247F4E8BAB90C79D60131D07",
  "object_count": 1064,
  "blend": "C:\\Users\\sekip\\Desktop\\POVU-Kenya-FMCG-Campus-repo\\3d\\revisions\\REV005\\POVU_KENYA_FMCG_CAMPUS_REV005_INTERIOR_COMPLETION_MASTER.blend",
  "glb": "C:\\Users\\sekip\\Desktop\\POVU-Kenya-FMCG-Campus-repo\\3d\\revisions\\REV005\\POVU_REV005_INTERIOR_COMPLETION_MASTER.glb",
  "no_hiveai": true,
  "no_rev006": true,
  "no_tour": true
}
BlenderMCP addon unregistered
Blender 5.2.2 LTS (hash d13f752e3b9c built 2026-09-15 01:37:04)

Blender quit
