00:05.046  blend            | Read blend: "C:\Users\sekip\Desktop\POVU-Kenya-FMCG-Campus-repo\3d\revisions\REV005\POVU_KENYA_FMCG_CAMPUS_REV005_INTERIOR_COMPLETION_MASTER.blend"
BlenderMCP addon registered
Info: Saved as "POVU_KENYA_FMCG_CAMPUS_REV005_INTERIOR_COMPLETION_MASTER_V07.tmp.blend"
INFO Draco is available, use library at C:\Program Files\Blender Foundation\Blender 5.2\5.2\scripts\addons_core\io_scene_gltf2\bf_intern_draco_bridge.dll
INFO MeshOptimizer is available, use library at C:\Program Files\Blender Foundation\Blender 5.2\5.2\scripts\addons_core\io_scene_gltf2\bf_intern_meshopt_bridge.dll
23:44:32 | INFO: Starting glTF 2.0 export
23:44:45 | INFO: Extracting primitive: Cube.017
23:44:46 | INFO: Primitives created: 1
23:44:46 | INFO: Extracting primitive: Cube.018
23:44:46 | INFO: Primitives created: 1
23:44:46 | INFO: Extracting primitive: Cube.010
23:44:46 | INFO: Primitives created: 1
23:44:46 | INFO: Extracting primitive: Cube.011
23:44:46 | INFO: Primitives created: 1
23:44:46 | INFO: Extracting primitive: Cube.012
23:44:46 | INFO: Primitives created: 1
23:44:46 | INFO: Extracting primitive: Cube.013
23:44:46 | INFO: Primitives created: 1
23:44:46 | INFO: Extracting primitive: Cube.014
23:44:46 | INFO: Primitives created: 1
23:44:46 | INFO: Extracting primitive: Cube.015
23:44:46 | INFO: Primitives created: 1
23:44:46 | INFO: Extracting primitive: ADMIN_HQ_ENTRANCE_SIGNAGE_CURVE
23:44:46 | INFO: Primitives created: 1
23:44:46 | INFO: Extracting primitive: Cube.016
23:44:46 | INFO: Primitives created: 1
23:44:46 | INFO: Extracting primitive: Cube.053
23:44:46 | INFO: Primitives created: 1
23:44:46 | INFO: Extracting primitive: Cube.054
23:44:46 | INFO: Primitives created: 1
23:44:46 | INFO: Extracting primitive: Cube.046
23:44:46 | INFO: Primitives created: 1
23:44:46 | INFO: Extracting primitive: Cube.047
23:44:46 | INFO: Primitives created: 1
23:44:46 | INFO: Extracting primitive: Cube.048
23:44:46 | INFO: Primitives created: 1
23:44:46 | INFO: Extracting primitive: Cube.049
23:44:46 | INFO: Primitives created: 1
23:44:46 | INFO: Extracting primitive: Cube.050
23:44:46 | INFO: Primitives created: 1
23:44:46 | INFO: Extracting primitive: Cube.051
23:44:46 | INFO: Primitives created: 1
23:44:46 | INFO: Extracting primitive: DAYCARE_ENTRANCE_SIGNAGE_CURVE
23:44:46 | INFO: Primitives created: 1
23:44:46 | INFO: Extracting primitive: Cube.052
23:44:46 | INFO: Primitives created: 1
23:44:46 | INFO: Extracting primitive: Cube.089
23:44:46 | INFO: Primitives created: 1
23:44:46 | INFO: Extracting primitive: Cube.090
23:44:46 | INFO: Primitives created: 1
23:44:46 | INFO: Extracting primitive: Cube.082
23:44:46 | INFO: Primitives created: 1
23:44:46 | INFO: Extracting primitive: Cube.083
23:44:46 | INFO: Primitives created: 1
23:44:46 | INFO: Extracting primitive: Cube.084
23:44:46 | INFO: Primitives created: 1
23:44:46 | INFO: Extracting primitive: Cube.085
23:44:46 | INFO: Primitives created: 1
23:44:46 | INFO: Extracting primitive: Cube.086
23:44:46 | INFO: Primitives created: 1
23:44:46 | INFO: Extracting primitive: Cube.087
23:44:46 | INFO: Primitives created: 1
23:44:46 | INFO: Extracting primitive: FG_PERSONNEL_ENTRANCE_SIGNAGE_CURVE
23:44:46 | INFO: Primitives created: 1
23:44:46 | INFO: Extracting primitive: Cube.088
23:44:46 | INFO: Primitives created: 1
23:44:46 | INFO: Extracting primitive: Cube.127
23:44:46 | INFO: Primitives created: 1
23:44:46 | INFO: Extracting primitive: Cube.128
23:44:46 | INFO: Primitives created: 1
23:44:46 | INFO: Extracting primitive: Cube.115
23:44:46 | INFO: Primitives created: 1
23:44:46 | INFO: Extracting primitive: Cube.116
23:44:46 | INFO: Primitives created: 1
23:44:46 | INFO: Extracting primitive: Cube.117
23:44:46 | INFO: Primitives created: 1
23:44:46 | INFO: Extracting primitive: Cube.118
23:44:46 | INFO: Primitives created: 1
23:44:46 | INFO: Extracting primitive: Cube.119
23:44:46 | INFO: Primitives created: 1
23:44:46 | INFO: Extracting primitive: Cube.120
23:44:46 | INFO: Primitives created: 1
23:44:46 | INFO: Extracting primitive: Cube.121
23:44:46 | INFO: Primitives created: 1
23:44:46 | INFO: Extracting primitive: Cube.122
23:44:46 | INFO: Primitives created: 1
23:44:46 | INFO: Extracting primitive: Cube.123
23:44:46 | INFO: Primitives created: 1
23:44:46 | INFO: Extracting primitive: Cube.124
23:44:46 | INFO: Primitives created: 1
23:44:46 | INFO: Extracting primitive: Cube.125
23:44:46 | INFO: Primitives created: 1
23:44:46 | INFO: Extracting primitive: Cube.126
23:44:46 | INFO: Primitives created: 1
23:44:46 | INFO: Extracting primitive: Cube.080
23:44:46 | INFO: Primitives created: 1
23:44:46 | INFO: Extracting primitive: Cube.081
23:44:46 | INFO: Primitives created: 1
23:44:46 | INFO: Extracting primitive: Cube.073
23:44:46 | INFO: Primitives created: 1
23:44:46 | INFO: Extracting primitive: Cube.074
23:44:46 | INFO: Primitives created: 1
23:44:46 | INFO: Extracting primitive: Cube.075
23:44:46 | INFO: Primitives created: 1
23:44:46 | INFO: Extracting primitive: Cube.076
23:44:46 | INFO: Primitives created: 1
23:44:46 | INFO: Extracting primitive: Cube.077
23:44:46 | INFO: Primitives created: 1
23:44:46 | INFO: Extracting primitive: Cube.078
23:44:46 | INFO: Primitives created: 1
23:44:46 | INFO: Extracting primitive: PACKAGING_PERSONNEL_ENTRANCE_SIGNAGE_CURVE
23:44:46 | INFO: Primitives created: 1
23:44:46 | INFO: Extracting primitive: Cube.079
23:44:46 | INFO: Primitives created: 1
23:44:46 | INFO: Extracting primitive: PRODUCTION_FLOOR_MESH
23:44:46 | INFO: Primitives created: 1
23:44:46 | INFO: Extracting primitive: Cube.062
23:44:46 | INFO: Primitives created: 1
23:44:46 | INFO: Extracting primitive: Cube.063
23:44:46 | INFO: Primitives created: 1
23:44:46 | INFO: Extracting primitive: Cube.055
23:44:46 | INFO: Primitives created: 1
23:44:46 | INFO: Extracting primitive: Cube.056
23:44:46 | INFO: Primitives created: 1
23:44:46 | INFO: Extracting primitive: Cube.057
23:44:46 | INFO: Primitives created: 1
23:44:46 | INFO: Extracting primitive: Cube.058
23:44:46 | INFO: Primitives created: 1
23:44:46 | INFO: Extracting primitive: Cube.059
23:44:46 | INFO: Primitives created: 1
23:44:46 | INFO: Extracting primitive: Cube.060
23:44:46 | INFO: Primitives created: 1
23:44:46 | INFO: Extracting primitive: PRODUCTION_PERSONNEL_ENTRANCE_SIGNAGE_CURVE
23:44:46 | INFO: Primitives created: 1
23:44:46 | INFO: Extracting primitive: Cube.061
23:44:46 | INFO: Primitives created: 1
23:44:46 | INFO: Extracting primitive: PRODUCTION_ROOF_MESH
23:44:46 | INFO: Primitives created: 1
23:44:46 | INFO: Extracting primitive: PRODUCTION_WALL_EAST_MESH
23:44:46 | INFO: Primitives created: 1
23:44:46 | INFO: Extracting primitive: PRODUCTION_WALL_NORTH_MESH
23:44:46 | INFO: Primitives created: 1
23:44:46 | INFO: Extracting primitive: PRODUCTION_WALL_SOUTH_MESH
23:44:46 | INFO: Primitives created: 1
23:44:46 | INFO: Extracting primitive: PRODUCTION_WALL_WEST_MESH
23:44:46 | INFO: Primitives created: 1
23:44:46 | INFO: Extracting primitive: Cube.026
23:44:46 | INFO: Primitives created: 1
23:44:46 | INFO: Extracting primitive: Cube.027
23:44:46 | INFO: Primitives created: 1
23:44:46 | INFO: Extracting primitive: Cube.019
23:44:46 | INFO: Primitives created: 1
23:44:46 | INFO: Extracting primitive: Cube.020
23:44:46 | INFO: Primitives created: 1
23:44:46 | INFO: Extracting primitive: Cube.021
23:44:46 | INFO: Primitives created: 1
23:44:46 | INFO: Extracting primitive: Cube.022
23:44:46 | INFO: Primitives created: 1
23:44:46 | INFO: Extracting primitive: Cube.023
23:44:46 | INFO: Primitives created: 1
23:44:46 | INFO: Extracting primitive: Cube.024
23:44:46 | INFO: Primitives created: 1
23:44:46 | INFO: Extracting primitive: R_D_QC_ENTRANCE_SIGNAGE_CURVE
23:44:46 | INFO: Primitives created: 1
23:44:46 | INFO: Extracting primitive: Cube.025
23:44:46 | INFO: Primitives created: 1
23:44:46 | INFO: Extracting primitive: Cube.035
23:44:46 | INFO: Primitives created: 1
23:44:46 | INFO: Extracting primitive: Cube.036
23:44:46 | INFO: Primitives created: 1
23:44:46 | INFO: Extracting primitive: Cube.028
23:44:46 | INFO: Primitives created: 1
23:44:46 | INFO: Extracting primitive: Cube.029
23:44:46 | INFO: Primitives created: 1
23:44:46 | INFO: Extracting primitive: Cube.030
23:44:46 | INFO: Primitives created: 1
23:44:46 | INFO: Extracting primitive: Cube.031
23:44:46 | INFO: Primitives created: 1
23:44:46 | INFO: Extracting primitive: Cube.032
23:44:46 | INFO: Primitives created: 1
23:44:46 | INFO: Extracting primitive: Cube.033
23:44:46 | INFO: Primitives created: 1
23:44:46 | INFO: Extracting primitive: RESTAURANT_ENTRANCE_SIGNAGE_CURVE
23:44:46 | INFO: Primitives created: 1
23:44:46 | INFO: Extracting primitive: Cube.034
23:44:46 | INFO: Primitives created: 1
23:44:46 | INFO: Extracting primitive: Cube.369
23:44:46 | INFO: Primitives created: 1
23:44:46 | INFO: Extracting primitive: Cube.370
23:44:46 | INFO: Primitives created: 1
23:44:46 | INFO: Extracting primitive: Cube.368
23:44:46 | INFO: Primitives created: 1
23:44:46 | INFO: Extracting primitive: Cube.367
23:44:46 | INFO: Primitives created: 1
23:44:46 | INFO: Extracting primitive: Cube.350
23:44:46 | INFO: Primitives created: 1
23:44:46 | INFO: Extracting primitive: Cube.349
23:44:46 | INFO: Primitives created: 1
23:44:46 | INFO: Extracting primitive: Cube.352
23:44:46 | INFO: Primitives created: 1
23:44:46 | INFO: Extracting primitive: Cube.351
23:44:46 | INFO: Primitives created: 1
23:44:46 | INFO: Extracting primitive: Cube.354
23:44:46 | INFO: Primitives created: 1
23:44:46 | INFO: Extracting primitive: Cube.353
23:44:46 | INFO: Primitives created: 1
23:44:46 | INFO: Extracting primitive: Cylinder.016
23:44:46 | INFO: Primitives created: 1
23:44:46 | INFO: Extracting primitive: Cube.356
23:44:46 | INFO: Primitives created: 1
23:44:46 | INFO: Extracting primitive: Cube.355
23:44:46 | INFO: Primitives created: 1
23:44:46 | INFO: Extracting primitive: Cube.358
23:44:46 | INFO: Primitives created: 1
23:44:46 | INFO: Extracting primitive: Cube.357
23:44:46 | INFO: Primitives created: 1
23:44:46 | INFO: Extracting primitive: Cube.360
23:44:46 | INFO: Primitives created: 1
23:44:46 | INFO: Extracting primitive: Cube.359
23:44:46 | INFO: Primitives created: 1
23:44:46 | INFO: Extracting primitive: Cylinder.017
23:44:46 | INFO: Primitives created: 1
23:44:46 | INFO: Extracting primitive: Cube.362
23:44:46 | INFO: Primitives created: 1
23:44:46 | INFO: Extracting primitive: Cube.361
23:44:46 | INFO: Primitives created: 1
23:44:46 | INFO: Extracting primitive: Cube.364
23:44:46 | INFO: Primitives created: 1
23:44:46 | INFO: Extracting primitive: Cube.363
23:44:46 | INFO: Primitives created: 1
23:44:46 | INFO: Extracting primitive: Cube.366
23:44:46 | INFO: Primitives created: 1
23:44:46 | INFO: Extracting primitive: Cube.365
23:44:46 | INFO: Primitives created: 1
23:44:46 | INFO: Extracting primitive: Cylinder.018
23:44:46 | INFO: Primitives created: 1
23:44:46 | INFO: Extracting primitive: Cube.175
23:44:46 | INFO: Primitives created: 1
23:44:46 | INFO: Extracting primitive: Cube.133
23:44:46 | INFO: Primitives created: 1
23:44:46 | INFO: Extracting primitive: Cube.134
23:44:46 | INFO: Primitives created: 1
23:44:46 | INFO: Extracting primitive: Cube.131
23:44:46 | INFO: Primitives created: 1
23:44:46 | INFO: Extracting primitive: Cube.132
23:44:46 | INFO: Primitives created: 1
23:44:46 | INFO: Extracting primitive: Cube.130
23:44:46 | INFO: Primitives created: 1
23:44:46 | INFO: Extracting primitive: Cube.565
23:44:46 | INFO: Primitives created: 1
23:44:46 | INFO: Extracting primitive: Cube.566
23:44:46 | INFO: Primitives created: 1
23:44:46 | INFO: Extracting primitive: Cube.567
23:44:46 | INFO: Primitives created: 1
23:44:46 | INFO: Extracting primitive: Cylinder.023
23:44:46 | INFO: Primitives created: 1
23:44:46 | INFO: Extracting primitive: Cube.570
23:44:46 | INFO: Primitives created: 1
23:44:46 | INFO: Extracting primitive: Cube.571
23:44:46 | INFO: Primitives created: 1
23:44:46 | INFO: Extracting primitive: Cube.568
23:44:46 | INFO: Primitives created: 1
23:44:46 | INFO: Extracting primitive: Cube.569
23:44:46 | INFO: Primitives created: 1
23:44:46 | INFO: Extracting primitive: Cube.315
23:44:46 | INFO: Primitives created: 1
23:44:46 | INFO: Extracting primitive: Cube.314
23:44:46 | INFO: Primitives created: 1
23:44:46 | INFO: Extracting primitive: Cube.317
23:44:46 | INFO: Primitives created: 1
23:44:46 | INFO: Extracting primitive: Cube.316
23:44:46 | INFO: Primitives created: 1
23:44:46 | INFO: Extracting primitive: Cylinder.012
23:44:46 | INFO: Primitives created: 1
23:44:46 | INFO: Extracting primitive: Cube.319
23:44:46 | INFO: Primitives created: 1
23:44:46 | INFO: Extracting primitive: Cube.318
23:44:46 | INFO: Primitives created: 1
23:44:46 | INFO: Extracting primitive: Cube.321
23:44:46 | INFO: Primitives created: 1
23:44:46 | INFO: Extracting primitive: Cube.320
23:44:46 | INFO: Primitives created: 1
23:44:46 | INFO: Extracting primitive: Cylinder.013
23:44:46 | INFO: Primitives created: 1
23:44:46 | INFO: Extracting primitive: Cube.323
23:44:46 | INFO: Primitives created: 1
23:44:46 | INFO: Extracting primitive: Cube.322
23:44:46 | INFO: Primitives created: 1
23:44:46 | INFO: Extracting primitive: Cube.325
23:44:46 | INFO: Primitives created: 1
23:44:46 | INFO: Extracting primitive: Cube.324
23:44:46 | INFO: Primitives created: 1
23:44:46 | INFO: Extracting primitive: Cylinder.014
23:44:46 | INFO: Primitives created: 1
23:44:46 | INFO: Extracting primitive: Cube.327
23:44:46 | INFO: Primitives created: 1
23:44:46 | INFO: Extracting primitive: Cube.326
23:44:46 | INFO: Primitives created: 1
23:44:46 | INFO: Extracting primitive: Cube.329
23:44:46 | INFO: Primitives created: 1
23:44:46 | INFO: Extracting primitive: Cube.328
23:44:46 | INFO: Primitives created: 1
23:44:46 | INFO: Extracting primitive: Cylinder.015
23:44:46 | INFO: Primitives created: 1
23:44:46 | INFO: Extracting primitive: Cube.277
23:44:46 | INFO: Primitives created: 1
23:44:46 | INFO: Extracting primitive: Cube.572
23:44:46 | INFO: Primitives created: 1
23:44:46 | INFO: Extracting primitive: Cube.573
23:44:46 | INFO: Primitives created: 1
23:44:46 | INFO: Extracting primitive: Cube.574
23:44:46 | INFO: Primitives created: 1
23:44:46 | INFO: Extracting primitive: Cylinder.024
23:44:46 | INFO: Primitives created: 1
23:44:46 | INFO: Extracting primitive: Cube.577
23:44:46 | INFO: Primitives created: 1
23:44:46 | INFO: Extracting primitive: Cube.578
23:44:46 | INFO: Primitives created: 1
23:44:46 | INFO: Extracting primitive: Cube.575
23:44:46 | INFO: Primitives created: 1
23:44:46 | INFO: Extracting primitive: Cube.576
23:44:46 | INFO: Primitives created: 1
23:44:46 | INFO: Extracting primitive: Cube.542
23:44:46 | INFO: Primitives created: 1
23:44:46 | INFO: Extracting primitive: Cube.543
23:44:46 | INFO: Primitives created: 1
23:44:46 | INFO: Extracting primitive: Cube.544
23:44:46 | INFO: Primitives created: 1
23:44:46 | INFO: Extracting primitive: Cube.545
23:44:46 | INFO: Primitives created: 1
23:44:46 | INFO: Extracting primitive: Cube.546
23:44:46 | INFO: Primitives created: 1
23:44:46 | INFO: Extracting primitive: Cube.547
23:44:46 | INFO: Primitives created: 1
23:44:46 | INFO: Extracting primitive: Cube.548
23:44:46 | INFO: Primitives created: 1
23:44:46 | INFO: Extracting primitive: Cube.549
23:44:46 | INFO: Primitives created: 1
23:44:46 | INFO: Extracting primitive: Cube.550
23:44:46 | INFO: Primitives created: 1
23:44:46 | INFO: Extracting primitive: Cylinder.022
23:44:46 | INFO: Primitives created: 1
23:44:46 | INFO: Extracting primitive: Cube.551
23:44:46 | INFO: Primitives created: 1
23:44:46 | INFO: Extracting primitive: Cube.552
23:44:46 | INFO: Primitives created: 1
23:44:46 | INFO: Extracting primitive: Cylinder.019
23:44:46 | INFO: Primitives created: 1
23:44:46 | INFO: Extracting primitive: Cylinder.020
23:44:46 | INFO: Primitives created: 1
23:44:46 | INFO: Extracting primitive: Cylinder.021
23:44:46 | INFO: Primitives created: 1
23:44:46 | INFO: Extracting primitive: Cube.541
23:44:46 | INFO: Primitives created: 1
23:44:46 | INFO: Extracting primitive: Cube.271
23:44:46 | INFO: Primitives created: 1
23:44:46 | INFO: Extracting primitive: Cube.267
23:44:46 | INFO: Primitives created: 1
23:44:46 | INFO: Extracting primitive: Cylinder.007
23:44:46 | INFO: Primitives created: 1
23:44:46 | INFO: Extracting primitive: Cube.272
23:44:46 | INFO: Primitives created: 1
23:44:46 | INFO: Extracting primitive: Cube.273
23:44:46 | INFO: Primitives created: 1
23:44:46 | INFO: Extracting primitive: Cube.269
23:44:46 | INFO: Primitives created: 1
23:44:46 | INFO: Extracting primitive: Cube.270
23:44:46 | INFO: Primitives created: 1
23:44:46 | INFO: Extracting primitive: Cube.268
23:44:46 | INFO: Primitives created: 1
23:44:46 | INFO: Extracting primitive: Cube.259
23:44:46 | INFO: Primitives created: 1
23:44:46 | INFO: Extracting primitive: Cube.260
23:44:46 | INFO: Primitives created: 1
23:44:46 | INFO: Extracting primitive: Cube.258
23:44:46 | INFO: Primitives created: 1
23:44:46 | INFO: Extracting primitive: Cube.262
23:44:46 | INFO: Primitives created: 1
23:44:46 | INFO: Extracting primitive: Cube.261
23:44:46 | INFO: Primitives created: 1
23:44:46 | INFO: Extracting primitive: Cube.264
23:44:46 | INFO: Primitives created: 1
23:44:46 | INFO: Extracting primitive: Cube.263
23:44:46 | INFO: Primitives created: 1
23:44:46 | INFO: Extracting primitive: Cube.266
23:44:46 | INFO: Primitives created: 1
23:44:46 | INFO: Extracting primitive: Cube.265
23:44:46 | INFO: Primitives created: 1
23:44:46 | INFO: Extracting primitive: Cylinder.006
23:44:46 | INFO: Primitives created: 1
23:44:46 | INFO: Extracting primitive: Cube.220
23:44:46 | INFO: Primitives created: 1
23:44:46 | INFO: Extracting primitive: Cube.223
23:44:46 | INFO: Primitives created: 1
23:44:46 | INFO: Extracting primitive: Cube.222
23:44:46 | INFO: Primitives created: 1
23:44:46 | INFO: Extracting primitive: Cube.225
23:44:46 | INFO: Primitives created: 1
23:44:46 | INFO: Extracting primitive: Cube.224
23:44:46 | INFO: Primitives created: 1
23:44:46 | INFO: Extracting primitive: Cube.227
23:44:46 | INFO: Primitives created: 1
23:44:46 | INFO: Extracting primitive: Cube.226
23:44:46 | INFO: Primitives created: 1
23:44:46 | INFO: Extracting primitive: Cylinder.002
23:44:46 | INFO: Primitives created: 1
23:44:46 | INFO: Extracting primitive: Cube.229
23:44:46 | INFO: Primitives created: 1
23:44:46 | INFO: Extracting primitive: Cube.228
23:44:46 | INFO: Primitives created: 1
23:44:46 | INFO: Extracting primitive: Cube.231
23:44:46 | INFO: Primitives created: 1
23:44:46 | INFO: Extracting primitive: Cube.230
23:44:46 | INFO: Primitives created: 1
23:44:46 | INFO: Extracting primitive: Cube.233
23:44:46 | INFO: Primitives created: 1
23:44:46 | INFO: Extracting primitive: Cube.232
23:44:46 | INFO: Primitives created: 1
23:44:46 | INFO: Extracting primitive: Cylinder.003
23:44:46 | INFO: Primitives created: 1
23:44:46 | INFO: Extracting primitive: Cube.235
23:44:46 | INFO: Primitives created: 1
23:44:46 | INFO: Extracting primitive: Cube.234
23:44:46 | INFO: Primitives created: 1
23:44:46 | INFO: Extracting primitive: Cube.237
23:44:46 | INFO: Primitives created: 1
23:44:46 | INFO: Extracting primitive: Cube.236
23:44:46 | INFO: Primitives created: 1
23:44:46 | INFO: Extracting primitive: Cube.239
23:44:46 | INFO: Primitives created: 1
23:44:46 | INFO: Extracting primitive: Cube.238
23:44:46 | INFO: Primitives created: 1
23:44:46 | INFO: Extracting primitive: Cylinder.004
23:44:46 | INFO: Primitives created: 1
23:44:46 | INFO: Extracting primitive: Cube.241
23:44:46 | INFO: Primitives created: 1
23:44:46 | INFO: Extracting primitive: Cube.240
23:44:46 | INFO: Primitives created: 1
23:44:46 | INFO: Extracting primitive: Cube.243
23:44:46 | INFO: Primitives created: 1
23:44:46 | INFO: Extracting primitive: Cube.242
23:44:46 | INFO: Primitives created: 1
23:44:46 | INFO: Extracting primitive: Cube.245
23:44:46 | INFO: Primitives created: 1
23:44:46 | INFO: Extracting primitive: Cube.244
23:44:46 | INFO: Primitives created: 1
23:44:46 | INFO: Extracting primitive: Cylinder.005
23:44:46 | INFO: Primitives created: 1
23:44:46 | INFO: Extracting primitive: Cube.246
23:44:46 | INFO: Primitives created: 1
23:44:46 | INFO: Extracting primitive: Cube.247
23:44:46 | INFO: Primitives created: 1
23:44:46 | INFO: Extracting primitive: Cube.248
23:44:46 | INFO: Primitives created: 1
23:44:46 | INFO: Extracting primitive: Cube.249
23:44:46 | INFO: Primitives created: 1
23:44:46 | INFO: Extracting primitive: Cube.250
23:44:46 | INFO: Primitives created: 1
23:44:46 | INFO: Extracting primitive: Cube.251
23:44:46 | INFO: Primitives created: 1
23:44:46 | INFO: Extracting primitive: Cube.252
23:44:46 | INFO: Primitives created: 1
23:44:46 | INFO: Extracting primitive: Cube.253
23:44:46 | INFO: Primitives created: 1
23:44:46 | INFO: Extracting primitive: Cube.254
23:44:46 | INFO: Primitives created: 1
23:44:46 | INFO: Extracting primitive: Cube.255
23:44:46 | INFO: Primitives created: 1
23:44:46 | INFO: Extracting primitive: Cube.221
23:44:46 | INFO: Primitives created: 1
23:44:46 | INFO: Extracting primitive: Cube.256
23:44:46 | INFO: Primitives created: 1
23:44:46 | INFO: Extracting primitive: Cube.283
23:44:46 | INFO: Primitives created: 1
23:44:46 | INFO: Extracting primitive: Cube.282
23:44:46 | INFO: Primitives created: 1
23:44:46 | INFO: Extracting primitive: Cube.285
23:44:46 | INFO: Primitives created: 1
23:44:46 | INFO: Extracting primitive: Cube.284
23:44:46 | INFO: Primitives created: 1
23:44:46 | INFO: Extracting primitive: Cube.287
23:44:46 | INFO: Primitives created: 1
23:44:46 | INFO: Extracting primitive: Cube.286
23:44:46 | INFO: Primitives created: 1
23:44:46 | INFO: Extracting primitive: Cube.289
23:44:46 | INFO: Primitives created: 1
23:44:46 | INFO: Extracting primitive: Cube.288
23:44:46 | INFO: Primitives created: 1
23:44:46 | INFO: Extracting primitive: Cylinder.008
23:44:46 | INFO: Primitives created: 1
23:44:46 | INFO: Extracting primitive: Cube.291
23:44:46 | INFO: Primitives created: 1
23:44:46 | INFO: Extracting primitive: Cube.290
23:44:46 | INFO: Primitives created: 1
23:44:46 | INFO: Extracting primitive: Cube.293
23:44:46 | INFO: Primitives created: 1
23:44:46 | INFO: Extracting primitive: Cube.292
23:44:46 | INFO: Primitives created: 1
23:44:46 | INFO: Extracting primitive: Cube.295
23:44:46 | INFO: Primitives created: 1
23:44:46 | INFO: Extracting primitive: Cube.294
23:44:46 | INFO: Primitives created: 1
23:44:46 | INFO: Extracting primitive: Cube.297
23:44:46 | INFO: Primitives created: 1
23:44:46 | INFO: Extracting primitive: Cube.296
23:44:46 | INFO: Primitives created: 1
23:44:46 | INFO: Extracting primitive: Cylinder.009
23:44:46 | INFO: Primitives created: 1
23:44:46 | INFO: Extracting primitive: Cube.299
23:44:46 | INFO: Primitives created: 1
23:44:46 | INFO: Extracting primitive: Cube.298
23:44:46 | INFO: Primitives created: 1
23:44:46 | INFO: Extracting primitive: Cube.301
23:44:46 | INFO: Primitives created: 1
23:44:46 | INFO: Extracting primitive: Cube.300
23:44:46 | INFO: Primitives created: 1
23:44:46 | INFO: Extracting primitive: Cube.303
23:44:46 | INFO: Primitives created: 1
23:44:46 | INFO: Extracting primitive: Cube.302
23:44:46 | INFO: Primitives created: 1
23:44:46 | INFO: Extracting primitive: Cube.305
23:44:46 | INFO: Primitives created: 1
23:44:46 | INFO: Extracting primitive: Cube.304
23:44:46 | INFO: Primitives created: 1
23:44:46 | INFO: Extracting primitive: Cylinder.010
23:44:46 | INFO: Primitives created: 1
23:44:46 | INFO: Extracting primitive: Cube.307
23:44:46 | INFO: Primitives created: 1
23:44:46 | INFO: Extracting primitive: Cube.306
23:44:46 | INFO: Primitives created: 1
23:44:46 | INFO: Extracting primitive: Cube.309
23:44:46 | INFO: Primitives created: 1
23:44:46 | INFO: Extracting primitive: Cube.308
23:44:46 | INFO: Primitives created: 1
23:44:46 | INFO: Extracting primitive: Cube.311
23:44:46 | INFO: Primitives created: 1
23:44:46 | INFO: Extracting primitive: Cube.310
23:44:46 | INFO: Primitives created: 1
23:44:46 | INFO: Extracting primitive: Cube.313
23:44:46 | INFO: Primitives created: 1
23:44:46 | INFO: Extracting primitive: Cube.312
23:44:46 | INFO: Primitives created: 1
23:44:46 | INFO: Extracting primitive: Cylinder.011
23:44:46 | INFO: Primitives created: 1
23:44:46 | INFO: Extracting primitive: Cube.330
23:44:46 | INFO: Primitives created: 1
23:44:46 | INFO: Extracting primitive: Cube.624
23:44:46 | INFO: Primitives created: 1
23:44:46 | INFO: Extracting primitive: Cube.621
23:44:46 | INFO: Primitives created: 1
23:44:46 | INFO: Extracting primitive: Cube.640
23:44:46 | INFO: Primitives created: 1
23:44:46 | INFO: Extracting primitive: Cube.641
23:44:46 | INFO: Primitives created: 1
23:44:46 | INFO: Extracting primitive: Cube.642
23:44:46 | INFO: Primitives created: 1
23:44:46 | INFO: Extracting primitive: Cube.638
23:44:46 | INFO: Primitives created: 1
23:44:46 | INFO: Extracting primitive: Cube.639
23:44:46 | INFO: Primitives created: 1
23:44:46 | INFO: Extracting primitive: Cube.637
23:44:46 | INFO: Primitives created: 1
23:44:46 | INFO: Extracting primitive: Cylinder.030
23:44:46 | INFO: Primitives created: 1
23:44:46 | INFO: Extracting primitive: Cube.643
23:44:46 | INFO: Primitives created: 1
23:44:46 | INFO: Extracting primitive: Cube.644
23:44:46 | INFO: Primitives created: 1
23:44:46 | INFO: Extracting primitive: Cube.561
23:44:46 | INFO: Primitives created: 1
23:44:46 | INFO: Extracting primitive: Cube.562
23:44:46 | INFO: Primitives created: 1
23:44:46 | INFO: Extracting primitive: Cube.563
23:44:46 | INFO: Primitives created: 1
23:44:46 | INFO: Extracting primitive: Cube.564
23:44:46 | INFO: Primitives created: 1
23:44:46 | INFO: Extracting primitive: Cube.622
23:44:46 | INFO: Primitives created: 1
23:44:46 | INFO: Extracting primitive: Cube.623
23:44:46 | INFO: Primitives created: 1
23:44:46 | INFO: Extracting primitive: Cube.645
23:44:46 | INFO: Primitives created: 1
23:44:46 | INFO: Extracting primitive: Cube.649
23:44:46 | INFO: Primitives created: 1
23:44:46 | INFO: Extracting primitive: Cube.646
23:44:46 | INFO: Primitives created: 1
23:44:46 | INFO: Extracting primitive: Cube.650
23:44:46 | INFO: Primitives created: 1
23:44:46 | INFO: Extracting primitive: Cube.647
23:44:46 | INFO: Primitives created: 1
23:44:46 | INFO: Extracting primitive: Cube.651
23:44:46 | INFO: Primitives created: 1
23:44:46 | INFO: Extracting primitive: Cube.648
23:44:46 | INFO: Primitives created: 1
23:44:46 | INFO: Extracting primitive: Cube.652
23:44:46 | INFO: Primitives created: 1
23:44:46 | INFO: Extracting primitive: Cube.219
23:44:46 | INFO: Primitives created: 1
23:44:46 | INFO: Extracting primitive: Cube.214
23:44:46 | INFO: Primitives created: 1
23:44:46 | INFO: Extracting primitive: Cube.215
23:44:46 | INFO: Primitives created: 1
23:44:46 | INFO: Extracting primitive: Cube.213
23:44:46 | INFO: Primitives created: 1
23:44:46 | INFO: Extracting primitive: Cube.216
23:44:46 | INFO: Primitives created: 1
23:44:46 | INFO: Extracting primitive: Cube.217
23:44:46 | INFO: Primitives created: 1
23:44:46 | INFO: Extracting primitive: Cube.218
23:44:46 | INFO: Primitives created: 1
23:44:46 | INFO: Extracting primitive: Cube.683
23:44:46 | INFO: Primitives created: 1
23:44:46 | INFO: Extracting primitive: Cube.659
23:44:46 | INFO: Primitives created: 1
23:44:46 | INFO: Extracting primitive: Cube.665
23:44:46 | INFO: Primitives created: 1
23:44:46 | INFO: Extracting primitive: Cube.666
23:44:46 | INFO: Primitives created: 1
23:44:46 | INFO: Extracting primitive: Cube.664
23:44:46 | INFO: Primitives created: 1
23:44:46 | INFO: Extracting primitive: Cube.668
23:44:46 | INFO: Primitives created: 1
23:44:46 | INFO: Extracting primitive: Cube.667
23:44:46 | INFO: Primitives created: 1
23:44:46 | INFO: Extracting primitive: Cube.670
23:44:46 | INFO: Primitives created: 1
23:44:46 | INFO: Extracting primitive: Cube.669
23:44:46 | INFO: Primitives created: 1
23:44:46 | INFO: Extracting primitive: Cube.672
23:44:46 | INFO: Primitives created: 1
23:44:46 | INFO: Extracting primitive: Cube.671
23:44:46 | INFO: Primitives created: 1
23:44:46 | INFO: Extracting primitive: Cube.674
23:44:46 | INFO: Primitives created: 1
23:44:46 | INFO: Extracting primitive: Cube.673
23:44:46 | INFO: Primitives created: 1
23:44:46 | INFO: Extracting primitive: Cylinder.032
23:44:46 | INFO: Primitives created: 1
23:44:46 | INFO: Extracting primitive: Cube.676
23:44:46 | INFO: Primitives created: 1
23:44:46 | INFO: Extracting primitive: Cube.675
23:44:46 | INFO: Primitives created: 1
23:44:46 | INFO: Extracting primitive: Cube.678
23:44:46 | INFO: Primitives created: 1
23:44:46 | INFO: Extracting primitive: Cube.677
23:44:46 | INFO: Primitives created: 1
23:44:46 | INFO: Extracting primitive: Cube.680
23:44:46 | INFO: Primitives created: 1
23:44:46 | INFO: Extracting primitive: Cube.679
23:44:46 | INFO: Primitives created: 1
23:44:46 | INFO: Extracting primitive: Cube.682
23:44:46 | INFO: Primitives created: 1
23:44:46 | INFO: Extracting primitive: Cube.681
23:44:46 | INFO: Primitives created: 1
23:44:46 | INFO: Extracting primitive: Cylinder.033
23:44:46 | INFO: Primitives created: 1
23:44:46 | INFO: Extracting primitive: Cube.660
23:44:46 | INFO: Primitives created: 1
23:44:46 | INFO: Extracting primitive: Cube.661
23:44:46 | INFO: Primitives created: 1
23:44:46 | INFO: Extracting primitive: Cube.662
23:44:46 | INFO: Primitives created: 1
23:44:46 | INFO: Extracting primitive: Cube.663
23:44:46 | INFO: Primitives created: 1
23:44:46 | INFO: Extracting primitive: Cube.332
23:44:46 | INFO: Primitives created: 1
23:44:46 | INFO: Extracting primitive: Cube.333
23:44:46 | INFO: Primitives created: 1
23:44:46 | INFO: Extracting primitive: Cube.334
23:44:46 | INFO: Primitives created: 1
23:44:46 | INFO: Extracting primitive: Cube.335
23:44:46 | INFO: Primitives created: 1
23:44:46 | INFO: Extracting primitive: Cube.336
23:44:47 | INFO: Primitives created: 1
23:44:47 | INFO: Extracting primitive: Cube.337
23:44:47 | INFO: Primitives created: 1
23:44:47 | INFO: Extracting primitive: Cube.338
23:44:47 | INFO: Primitives created: 1
23:44:47 | INFO: Extracting primitive: Cube.339
23:44:47 | INFO: Primitives created: 1
23:44:47 | INFO: Extracting primitive: Cube.147
23:44:47 | INFO: Primitives created: 1
23:44:47 | INFO: Extracting primitive: Cube.146
23:44:47 | INFO: Primitives created: 1
23:44:47 | INFO: Extracting primitive: Cube.152
23:44:47 | INFO: Primitives created: 1
23:44:47 | INFO: Extracting primitive: Cube.151
23:44:47 | INFO: Primitives created: 1
23:44:47 | INFO: Extracting primitive: Cube.157
23:44:47 | INFO: Primitives created: 1
23:44:47 | INFO: Extracting primitive: Cube.156
23:44:47 | INFO: Primitives created: 1
23:44:47 | INFO: Extracting primitive: Cube.162
23:44:47 | INFO: Primitives created: 1
23:44:47 | INFO: Extracting primitive: Cube.161
23:44:47 | INFO: Primitives created: 1
23:44:47 | INFO: Extracting primitive: Cube.144
23:44:47 | INFO: Primitives created: 1
23:44:47 | INFO: Extracting primitive: Cube.145
23:44:47 | INFO: Primitives created: 1
23:44:47 | INFO: Extracting primitive: Cube.143
23:44:47 | INFO: Primitives created: 1
23:44:47 | INFO: Extracting primitive: Cube.149
23:44:47 | INFO: Primitives created: 1
23:44:47 | INFO: Extracting primitive: Cube.150
23:44:47 | INFO: Primitives created: 1
23:44:47 | INFO: Extracting primitive: Cube.148
23:44:47 | INFO: Primitives created: 1
23:44:47 | INFO: Extracting primitive: Cube.154
23:44:47 | INFO: Primitives created: 1
23:44:47 | INFO: Extracting primitive: Cube.155
23:44:47 | INFO: Primitives created: 1
23:44:47 | INFO: Extracting primitive: Cube.153
23:44:47 | INFO: Primitives created: 1
23:44:47 | INFO: Extracting primitive: Cube.159
23:44:47 | INFO: Primitives created: 1
23:44:47 | INFO: Extracting primitive: Cube.160
23:44:47 | INFO: Primitives created: 1
23:44:47 | INFO: Extracting primitive: Cube.158
23:44:47 | INFO: Primitives created: 1
23:44:47 | INFO: Extracting primitive: Cube.164
23:44:47 | INFO: Primitives created: 1
23:44:47 | INFO: Extracting primitive: Cube.163
23:44:47 | INFO: Primitives created: 1
23:44:47 | INFO: Extracting primitive: Cube.166
23:44:47 | INFO: Primitives created: 1
23:44:47 | INFO: Extracting primitive: Cube.165
23:44:47 | INFO: Primitives created: 1
23:44:47 | INFO: Extracting primitive: Cube.168
23:44:47 | INFO: Primitives created: 1
23:44:47 | INFO: Extracting primitive: Cube.167
23:44:47 | INFO: Primitives created: 1
23:44:47 | INFO: Extracting primitive: Cube.170
23:44:47 | INFO: Primitives created: 1
23:44:47 | INFO: Extracting primitive: Cube.169
23:44:47 | INFO: Primitives created: 1
23:44:47 | INFO: Extracting primitive: Cube.172
23:44:47 | INFO: Primitives created: 1
23:44:47 | INFO: Extracting primitive: Cube.171
23:44:47 | INFO: Primitives created: 1
23:44:47 | INFO: Extracting primitive: Cube.174
23:44:47 | INFO: Primitives created: 1
23:44:47 | INFO: Extracting primitive: Cube.173
23:44:47 | INFO: Primitives created: 1
23:44:47 | INFO: Extracting primitive: Cylinder
23:44:47 | INFO: Primitives created: 1
23:44:47 | INFO: Extracting primitive: Cube.278
23:44:47 | INFO: Primitives created: 1
23:44:47 | INFO: Extracting primitive: Cube.279
23:44:47 | INFO: Primitives created: 1
23:44:47 | INFO: Extracting primitive: Cube.280
23:44:47 | INFO: Primitives created: 1
23:44:47 | INFO: Extracting primitive: Cube.281
23:44:47 | INFO: Primitives created: 1
23:44:47 | INFO: Extracting primitive: Text.010
23:44:47 | INFO: Primitives created: 1
23:44:47 | INFO: Extracting primitive: Text.015
23:44:47 | INFO: Primitives created: 1
23:44:47 | INFO: Extracting primitive: Text.016
23:44:47 | INFO: Primitives created: 1
23:44:47 | INFO: Extracting primitive: Text.012
23:44:47 | INFO: Primitives created: 1
23:44:47 | INFO: Extracting primitive: Text.007
23:44:47 | INFO: Primitives created: 1
23:44:47 | INFO: Extracting primitive: Text.006
23:44:47 | INFO: Primitives created: 1
23:44:47 | INFO: Extracting primitive: Text.024
23:44:47 | INFO: Primitives created: 1
23:44:47 | INFO: Extracting primitive: Text.014
23:44:47 | INFO: Primitives created: 1
23:44:47 | INFO: Extracting primitive: Text.025
23:44:47 | INFO: Primitives created: 1
23:44:47 | INFO: Extracting primitive: Text.026
23:44:47 | INFO: Primitives created: 1
23:44:47 | INFO: Extracting primitive: Text.027
23:44:47 | INFO: Primitives created: 1
23:44:47 | INFO: Extracting primitive: Text.001
23:44:47 | INFO: Primitives created: 1
23:44:47 | INFO: Extracting primitive: Text.020
23:44:47 | INFO: Primitives created: 1
23:44:47 | INFO: Extracting primitive: Text.002
23:44:47 | INFO: Primitives created: 1
23:44:47 | INFO: Extracting primitive: Text.011
23:44:47 | INFO: Primitives created: 1
23:44:47 | INFO: Extracting primitive: Text.019
23:44:47 | INFO: Primitives created: 1
23:44:47 | INFO: Extracting primitive: Text.003
23:44:47 | INFO: Primitives created: 1
23:44:47 | INFO: Extracting primitive: Text
23:44:47 | INFO: Primitives created: 1
23:44:47 | INFO: Extracting primitive: Text.008
23:44:47 | INFO: Primitives created: 1
23:44:47 | INFO: Extracting primitive: Text.013
23:44:47 | INFO: Primitives created: 1
23:44:47 | INFO: Extracting primitive: Text.005
23:44:47 | INFO: Primitives created: 1
23:44:47 | INFO: Extracting primitive: Text.018
23:44:47 | INFO: Primitives created: 1
23:44:47 | INFO: Extracting primitive: Text.023
23:44:47 | INFO: Primitives created: 1
23:44:47 | INFO: Extracting primitive: Text.004
23:44:47 | INFO: Primitives created: 1
23:44:47 | INFO: Extracting primitive: Text.021
23:44:47 | INFO: Primitives created: 1
23:44:47 | INFO: Extracting primitive: Text.009
23:44:47 | INFO: Primitives created: 1
23:44:47 | INFO: Extracting primitive: Text.022
23:44:47 | INFO: Primitives created: 1
23:44:47 | INFO: Extracting primitive: Text.017
23:44:47 | INFO: Primitives created: 1
23:44:47 | INFO: Extracting primitive: Cube.600
23:44:47 | INFO: Primitives created: 1
23:44:47 | INFO: Extracting primitive: Cube.601
23:44:47 | INFO: Primitives created: 1
23:44:47 | INFO: Extracting primitive: Cube.602
23:44:47 | INFO: Primitives created: 1
23:44:47 | INFO: Extracting primitive: Cylinder.028
23:44:47 | INFO: Primitives created: 1
23:44:47 | INFO: Extracting primitive: Cube.605
23:44:47 | INFO: Primitives created: 1
23:44:47 | INFO: Extracting primitive: Cube.606
23:44:47 | INFO: Primitives created: 1
23:44:47 | INFO: Extracting primitive: Cube.603
23:44:47 | INFO: Primitives created: 1
23:44:47 | INFO: Extracting primitive: Cube.604
23:44:47 | INFO: Primitives created: 1
23:44:47 | INFO: Extracting primitive: Cube.129
23:44:47 | INFO: Primitives created: 1
23:44:47 | INFO: Extracting primitive: Cube.653
23:44:47 | INFO: Primitives created: 1
23:44:47 | INFO: Extracting primitive: Cube.654
23:44:47 | INFO: Primitives created: 1
23:44:47 | INFO: Extracting primitive: Cube.655
23:44:47 | INFO: Primitives created: 1
23:44:47 | INFO: Extracting primitive: Cube.656
23:44:47 | INFO: Primitives created: 1
23:44:47 | INFO: Extracting primitive: Cylinder.031
23:44:47 | INFO: Primitives created: 1
23:44:47 | INFO: Extracting primitive: Cube.657
23:44:47 | INFO: Primitives created: 1
23:44:47 | INFO: Extracting primitive: Cube.658
23:44:47 | INFO: Primitives created: 1
23:44:47 | INFO: Extracting primitive: Cube.607
23:44:47 | INFO: Primitives created: 1
23:44:47 | INFO: Extracting primitive: Cube.257
23:44:47 | INFO: Primitives created: 1
23:44:47 | INFO: Extracting primitive: Cube.372
23:44:47 | INFO: Primitives created: 1
23:44:47 | INFO: Extracting primitive: Cube.377
23:44:47 | INFO: Primitives created: 1
23:44:47 | INFO: Extracting primitive: Cube.382
23:44:47 | INFO: Primitives created: 1
23:44:47 | INFO: Extracting primitive: Cube.387
23:44:47 | INFO: Primitives created: 1
23:44:47 | INFO: Extracting primitive: Cube.376
23:44:47 | INFO: Primitives created: 1
23:44:47 | INFO: Extracting primitive: Cube.375
23:44:47 | INFO: Primitives created: 1
23:44:47 | INFO: Extracting primitive: Cube.381
23:44:47 | INFO: Primitives created: 1
23:44:47 | INFO: Extracting primitive: Cube.380
23:44:47 | INFO: Primitives created: 1
23:44:47 | INFO: Extracting primitive: Cube.386
23:44:47 | INFO: Primitives created: 1
23:44:47 | INFO: Extracting primitive: Cube.385
23:44:47 | INFO: Primitives created: 1
23:44:47 | INFO: Extracting primitive: Cube.391
23:44:47 | INFO: Primitives created: 1
23:44:47 | INFO: Extracting primitive: Cube.390
23:44:47 | INFO: Primitives created: 1
23:44:47 | INFO: Extracting primitive: Cube.374
23:44:47 | INFO: Primitives created: 1
23:44:47 | INFO: Extracting primitive: Cube.373
23:44:47 | INFO: Primitives created: 1
23:44:47 | INFO: Extracting primitive: Cube.379
23:44:47 | INFO: Primitives created: 1
23:44:47 | INFO: Extracting primitive: Cube.378
23:44:47 | INFO: Primitives created: 1
23:44:47 | INFO: Extracting primitive: Cube.384
23:44:47 | INFO: Primitives created: 1
23:44:47 | INFO: Extracting primitive: Cube.383
23:44:47 | INFO: Primitives created: 1
23:44:47 | INFO: Extracting primitive: Cube.389
23:44:47 | INFO: Primitives created: 1
23:44:47 | INFO: Extracting primitive: Cube.388
23:44:47 | INFO: Primitives created: 1
23:44:47 | INFO: Extracting primitive: Cube.412
23:44:47 | INFO: Primitives created: 1
23:44:47 | INFO: Extracting primitive: Cube.417
23:44:47 | INFO: Primitives created: 1
23:44:47 | INFO: Extracting primitive: Cube.422
23:44:47 | INFO: Primitives created: 1
23:44:47 | INFO: Extracting primitive: Cube.427
23:44:47 | INFO: Primitives created: 1
23:44:47 | INFO: Extracting primitive: Cube.416
23:44:47 | INFO: Primitives created: 1
23:44:47 | INFO: Extracting primitive: Cube.415
23:44:47 | INFO: Primitives created: 1
23:44:47 | INFO: Extracting primitive: Cube.421
23:44:47 | INFO: Primitives created: 1
23:44:47 | INFO: Extracting primitive: Cube.420
23:44:47 | INFO: Primitives created: 1
23:44:47 | INFO: Extracting primitive: Cube.426
23:44:47 | INFO: Primitives created: 1
23:44:47 | INFO: Extracting primitive: Cube.425
23:44:47 | INFO: Primitives created: 1
23:44:47 | INFO: Extracting primitive: Cube.431
23:44:47 | INFO: Primitives created: 1
23:44:47 | INFO: Extracting primitive: Cube.430
23:44:47 | INFO: Primitives created: 1
23:44:47 | INFO: Extracting primitive: Cube.414
23:44:47 | INFO: Primitives created: 1
23:44:47 | INFO: Extracting primitive: Cube.413
23:44:47 | INFO: Primitives created: 1
23:44:47 | INFO: Extracting primitive: Cube.419
23:44:47 | INFO: Primitives created: 1
23:44:47 | INFO: Extracting primitive: Cube.418
23:44:47 | INFO: Primitives created: 1
23:44:47 | INFO: Extracting primitive: Cube.424
23:44:47 | INFO: Primitives created: 1
23:44:47 | INFO: Extracting primitive: Cube.423
23:44:47 | INFO: Primitives created: 1
23:44:47 | INFO: Extracting primitive: Cube.429
23:44:47 | INFO: Primitives created: 1
23:44:47 | INFO: Extracting primitive: Cube.428
23:44:47 | INFO: Primitives created: 1
23:44:47 | INFO: Extracting primitive: Cube.452
23:44:47 | INFO: Primitives created: 1
23:44:47 | INFO: Extracting primitive: Cube.457
23:44:47 | INFO: Primitives created: 1
23:44:47 | INFO: Extracting primitive: Cube.462
23:44:47 | INFO: Primitives created: 1
23:44:47 | INFO: Extracting primitive: Cube.467
23:44:47 | INFO: Primitives created: 1
23:44:47 | INFO: Extracting primitive: Cube.456
23:44:47 | INFO: Primitives created: 1
23:44:47 | INFO: Extracting primitive: Cube.455
23:44:47 | INFO: Primitives created: 1
23:44:47 | INFO: Extracting primitive: Cube.461
23:44:47 | INFO: Primitives created: 1
23:44:47 | INFO: Extracting primitive: Cube.460
23:44:47 | INFO: Primitives created: 1
23:44:47 | INFO: Extracting primitive: Cube.466
23:44:47 | INFO: Primitives created: 1
23:44:47 | INFO: Extracting primitive: Cube.465
23:44:47 | INFO: Primitives created: 1
23:44:47 | INFO: Extracting primitive: Cube.471
23:44:47 | INFO: Primitives created: 1
23:44:47 | INFO: Extracting primitive: Cube.470
23:44:47 | INFO: Primitives created: 1
23:44:47 | INFO: Extracting primitive: Cube.454
23:44:47 | INFO: Primitives created: 1
23:44:47 | INFO: Extracting primitive: Cube.453
23:44:47 | INFO: Primitives created: 1
23:44:47 | INFO: Extracting primitive: Cube.459
23:44:47 | INFO: Primitives created: 1
23:44:47 | INFO: Extracting primitive: Cube.458
23:44:47 | INFO: Primitives created: 1
23:44:47 | INFO: Extracting primitive: Cube.464
23:44:47 | INFO: Primitives created: 1
23:44:47 | INFO: Extracting primitive: Cube.463
23:44:47 | INFO: Primitives created: 1
23:44:47 | INFO: Extracting primitive: Cube.469
23:44:47 | INFO: Primitives created: 1
23:44:47 | INFO: Extracting primitive: Cube.468
23:44:47 | INFO: Primitives created: 1
23:44:47 | INFO: Extracting primitive: Cube.492
23:44:47 | INFO: Primitives created: 1
23:44:47 | INFO: Extracting primitive: Cube.497
23:44:47 | INFO: Primitives created: 1
23:44:47 | INFO: Extracting primitive: Cube.502
23:44:47 | INFO: Primitives created: 1
23:44:47 | INFO: Extracting primitive: Cube.507
23:44:47 | INFO: Primitives created: 1
23:44:47 | INFO: Extracting primitive: Cube.496
23:44:47 | INFO: Primitives created: 1
23:44:47 | INFO: Extracting primitive: Cube.495
23:44:47 | INFO: Primitives created: 1
23:44:47 | INFO: Extracting primitive: Cube.501
23:44:47 | INFO: Primitives created: 1
23:44:47 | INFO: Extracting primitive: Cube.500
23:44:47 | INFO: Primitives created: 1
23:44:47 | INFO: Extracting primitive: Cube.506
23:44:47 | INFO: Primitives created: 1
23:44:47 | INFO: Extracting primitive: Cube.505
23:44:47 | INFO: Primitives created: 1
23:44:47 | INFO: Extracting primitive: Cube.511
23:44:47 | INFO: Primitives created: 1
23:44:47 | INFO: Extracting primitive: Cube.510
23:44:47 | INFO: Primitives created: 1
23:44:47 | INFO: Extracting primitive: Cube.494
23:44:47 | INFO: Primitives created: 1
23:44:47 | INFO: Extracting primitive: Cube.493
23:44:47 | INFO: Primitives created: 1
23:44:47 | INFO: Extracting primitive: Cube.499
23:44:47 | INFO: Primitives created: 1
23:44:47 | INFO: Extracting primitive: Cube.498
23:44:47 | INFO: Primitives created: 1
23:44:47 | INFO: Extracting primitive: Cube.504
23:44:47 | INFO: Primitives created: 1
23:44:47 | INFO: Extracting primitive: Cube.503
23:44:47 | INFO: Primitives created: 1
23:44:47 | INFO: Extracting primitive: Cube.509
23:44:47 | INFO: Primitives created: 1
23:44:47 | INFO: Extracting primitive: Cube.508
23:44:47 | INFO: Primitives created: 1
23:44:47 | INFO: Extracting primitive: Cube.392
23:44:47 | INFO: Primitives created: 1
23:44:47 | INFO: Extracting primitive: Cube.397
23:44:47 | INFO: Primitives created: 1
23:44:47 | INFO: Extracting primitive: Cube.402
23:44:47 | INFO: Primitives created: 1
23:44:47 | INFO: Extracting primitive: Cube.407
23:44:47 | INFO: Primitives created: 1
23:44:47 | INFO: Extracting primitive: Cube.396
23:44:47 | INFO: Primitives created: 1
23:44:47 | INFO: Extracting primitive: Cube.395
23:44:47 | INFO: Primitives created: 1
23:44:47 | INFO: Extracting primitive: Cube.401
23:44:47 | INFO: Primitives created: 1
23:44:47 | INFO: Extracting primitive: Cube.400
23:44:47 | INFO: Primitives created: 1
23:44:47 | INFO: Extracting primitive: Cube.406
23:44:47 | INFO: Primitives created: 1
23:44:47 | INFO: Extracting primitive: Cube.405
23:44:47 | INFO: Primitives created: 1
23:44:47 | INFO: Extracting primitive: Cube.411
23:44:47 | INFO: Primitives created: 1
23:44:47 | INFO: Extracting primitive: Cube.410
23:44:47 | INFO: Primitives created: 1
23:44:47 | INFO: Extracting primitive: Cube.394
23:44:47 | INFO: Primitives created: 1
23:44:47 | INFO: Extracting primitive: Cube.393
23:44:47 | INFO: Primitives created: 1
23:44:47 | INFO: Extracting primitive: Cube.399
23:44:47 | INFO: Primitives created: 1
23:44:47 | INFO: Extracting primitive: Cube.398
23:44:47 | INFO: Primitives created: 1
23:44:47 | INFO: Extracting primitive: Cube.404
23:44:47 | INFO: Primitives created: 1
23:44:47 | INFO: Extracting primitive: Cube.403
23:44:47 | INFO: Primitives created: 1
23:44:47 | INFO: Extracting primitive: Cube.409
23:44:47 | INFO: Primitives created: 1
23:44:47 | INFO: Extracting primitive: Cube.408
23:44:47 | INFO: Primitives created: 1
23:44:47 | INFO: Extracting primitive: Cube.432
23:44:47 | INFO: Primitives created: 1
23:44:47 | INFO: Extracting primitive: Cube.437
23:44:47 | INFO: Primitives created: 1
23:44:47 | INFO: Extracting primitive: Cube.442
23:44:47 | INFO: Primitives created: 1
23:44:47 | INFO: Extracting primitive: Cube.447
23:44:47 | INFO: Primitives created: 1
23:44:47 | INFO: Extracting primitive: Cube.436
23:44:47 | INFO: Primitives created: 1
23:44:47 | INFO: Extracting primitive: Cube.435
23:44:47 | INFO: Primitives created: 1
23:44:47 | INFO: Extracting primitive: Cube.441
23:44:47 | INFO: Primitives created: 1
23:44:47 | INFO: Extracting primitive: Cube.440
23:44:47 | INFO: Primitives created: 1
23:44:47 | INFO: Extracting primitive: Cube.446
23:44:47 | INFO: Primitives created: 1
23:44:47 | INFO: Extracting primitive: Cube.445
23:44:47 | INFO: Primitives created: 1
23:44:47 | INFO: Extracting primitive: Cube.451
23:44:47 | INFO: Primitives created: 1
23:44:47 | INFO: Extracting primitive: Cube.450
23:44:47 | INFO: Primitives created: 1
23:44:47 | INFO: Extracting primitive: Cube.434
23:44:47 | INFO: Primitives created: 1
23:44:47 | INFO: Extracting primitive: Cube.433
23:44:47 | INFO: Primitives created: 1
23:44:47 | INFO: Extracting primitive: Cube.439
23:44:47 | INFO: Primitives created: 1
23:44:47 | INFO: Extracting primitive: Cube.438
23:44:47 | INFO: Primitives created: 1
23:44:47 | INFO: Extracting primitive: Cube.444
23:44:47 | INFO: Primitives created: 1
23:44:47 | INFO: Extracting primitive: Cube.443
23:44:47 | INFO: Primitives created: 1
23:44:47 | INFO: Extracting primitive: Cube.449
23:44:47 | INFO: Primitives created: 1
23:44:47 | INFO: Extracting primitive: Cube.448
23:44:47 | INFO: Primitives created: 1
23:44:47 | INFO: Extracting primitive: Cube.472
23:44:47 | INFO: Primitives created: 1
23:44:47 | INFO: Extracting primitive: Cube.477
23:44:47 | INFO: Primitives created: 1
23:44:47 | INFO: Extracting primitive: Cube.482
23:44:47 | INFO: Primitives created: 1
23:44:47 | INFO: Extracting primitive: Cube.487
23:44:47 | INFO: Primitives created: 1
23:44:47 | INFO: Extracting primitive: Cube.476
23:44:47 | INFO: Primitives created: 1
23:44:47 | INFO: Extracting primitive: Cube.475
23:44:47 | INFO: Primitives created: 1
23:44:47 | INFO: Extracting primitive: Cube.481
23:44:47 | INFO: Primitives created: 1
23:44:47 | INFO: Extracting primitive: Cube.480
23:44:47 | INFO: Primitives created: 1
23:44:47 | INFO: Extracting primitive: Cube.486
23:44:47 | INFO: Primitives created: 1
23:44:47 | INFO: Extracting primitive: Cube.485
23:44:47 | INFO: Primitives created: 1
23:44:47 | INFO: Extracting primitive: Cube.491
23:44:47 | INFO: Primitives created: 1
23:44:47 | INFO: Extracting primitive: Cube.490
23:44:47 | INFO: Primitives created: 1
23:44:47 | INFO: Extracting primitive: Cube.474
23:44:47 | INFO: Primitives created: 1
23:44:47 | INFO: Extracting primitive: Cube.473
23:44:47 | INFO: Primitives created: 1
23:44:47 | INFO: Extracting primitive: Cube.479
23:44:47 | INFO: Primitives created: 1
23:44:47 | INFO: Extracting primitive: Cube.478
23:44:47 | INFO: Primitives created: 1
23:44:47 | INFO: Extracting primitive: Cube.484
23:44:47 | INFO: Primitives created: 1
23:44:47 | INFO: Extracting primitive: Cube.483
23:44:47 | INFO: Primitives created: 1
23:44:47 | INFO: Extracting primitive: Cube.489
23:44:47 | INFO: Primitives created: 1
23:44:47 | INFO: Extracting primitive: Cube.488
23:44:47 | INFO: Primitives created: 1
23:44:47 | INFO: Extracting primitive: Cube.512
23:44:47 | INFO: Primitives created: 1
23:44:47 | INFO: Extracting primitive: Cube.517
23:44:47 | INFO: Primitives created: 1
23:44:47 | INFO: Extracting primitive: Cube.522
23:44:47 | INFO: Primitives created: 1
23:44:47 | INFO: Extracting primitive: Cube.527
23:44:47 | INFO: Primitives created: 1
23:44:47 | INFO: Extracting primitive: Cube.516
23:44:47 | INFO: Primitives created: 1
23:44:47 | INFO: Extracting primitive: Cube.515
23:44:47 | INFO: Primitives created: 1
23:44:47 | INFO: Extracting primitive: Cube.521
23:44:47 | INFO: Primitives created: 1
23:44:47 | INFO: Extracting primitive: Cube.520
23:44:47 | INFO: Primitives created: 1
23:44:47 | INFO: Extracting primitive: Cube.526
23:44:47 | INFO: Primitives created: 1
23:44:47 | INFO: Extracting primitive: Cube.525
23:44:47 | INFO: Primitives created: 1
23:44:47 | INFO: Extracting primitive: Cube.531
23:44:47 | INFO: Primitives created: 1
23:44:47 | INFO: Extracting primitive: Cube.530
23:44:47 | INFO: Primitives created: 1
23:44:47 | INFO: Extracting primitive: Cube.514
23:44:47 | INFO: Primitives created: 1
23:44:47 | INFO: Extracting primitive: Cube.513
23:44:47 | INFO: Primitives created: 1
23:44:47 | INFO: Extracting primitive: Cube.519
23:44:47 | INFO: Primitives created: 1
23:44:47 | INFO: Extracting primitive: Cube.518
23:44:47 | INFO: Primitives created: 1
23:44:47 | INFO: Extracting primitive: Cube.524
23:44:47 | INFO: Primitives created: 1
23:44:47 | INFO: Extracting primitive: Cube.523
23:44:47 | INFO: Primitives created: 1
23:44:47 | INFO: Extracting primitive: Cube.529
23:44:47 | INFO: Primitives created: 1
23:44:47 | INFO: Extracting primitive: Cube.528
23:44:47 | INFO: Primitives created: 1
23:44:47 | INFO: Extracting primitive: Cube.540
23:44:47 | INFO: Primitives created: 1
23:44:47 | INFO: Extracting primitive: Cube.532
23:44:47 | INFO: Primitives created: 1
23:44:47 | INFO: Extracting primitive: Cube.533
23:44:47 | INFO: Primitives created: 1
23:44:47 | INFO: Extracting primitive: Cube.534
23:44:47 | INFO: Primitives created: 1
23:44:47 | INFO: Extracting primitive: Cube.535
23:44:47 | INFO: Primitives created: 1
23:44:47 | INFO: Extracting primitive: Cube.536
23:44:47 | INFO: Primitives created: 1
23:44:47 | INFO: Extracting primitive: Cube.537
23:44:47 | INFO: Primitives created: 1
23:44:47 | INFO: Extracting primitive: Cube.538
23:44:47 | INFO: Primitives created: 1
23:44:47 | INFO: Extracting primitive: Cube.539
23:44:47 | INFO: Primitives created: 1
23:44:47 | INFO: Extracting primitive: Cube.371
23:44:47 | INFO: Primitives created: 1
23:44:47 | INFO: Extracting primitive: Cube.593
23:44:47 | INFO: Primitives created: 1
23:44:47 | INFO: Extracting primitive: Cube.594
23:44:47 | INFO: Primitives created: 1
23:44:47 | INFO: Extracting primitive: Cube.595
23:44:47 | INFO: Primitives created: 1
23:44:47 | INFO: Extracting primitive: Cylinder.027
23:44:47 | INFO: Primitives created: 1
23:44:47 | INFO: Extracting primitive: Cube.598
23:44:47 | INFO: Primitives created: 1
23:44:47 | INFO: Extracting primitive: Cube.599
23:44:47 | INFO: Primitives created: 1
23:44:47 | INFO: Extracting primitive: Cube.596
23:44:47 | INFO: Primitives created: 1
23:44:47 | INFO: Extracting primitive: Cube.597
23:44:47 | INFO: Primitives created: 1
23:44:47 | INFO: Extracting primitive: Cube.614
23:44:47 | INFO: Primitives created: 1
23:44:47 | INFO: Extracting primitive: Cube.615
23:44:47 | INFO: Primitives created: 1
23:44:47 | INFO: Extracting primitive: Cube.616
23:44:47 | INFO: Primitives created: 1
23:44:47 | INFO: Extracting primitive: Cube.617
23:44:47 | INFO: Primitives created: 1
23:44:47 | INFO: Extracting primitive: Cube.618
23:44:47 | INFO: Primitives created: 1
23:44:47 | INFO: Extracting primitive: Cube.619
23:44:47 | INFO: Primitives created: 1
23:44:47 | INFO: Extracting primitive: Cube.177
23:44:47 | INFO: Primitives created: 1
23:44:47 | INFO: Extracting primitive: Cube.178
23:44:47 | INFO: Primitives created: 1
23:44:47 | INFO: Extracting primitive: Cube.176
23:44:47 | INFO: Primitives created: 1
23:44:47 | INFO: Extracting primitive: Cube.181
23:44:47 | INFO: Primitives created: 1
23:44:47 | INFO: Extracting primitive: Cube.182
23:44:47 | INFO: Primitives created: 1
23:44:47 | INFO: Extracting primitive: Cube.180
23:44:47 | INFO: Primitives created: 1
23:44:47 | INFO: Extracting primitive: Cube.185
23:44:47 | INFO: Primitives created: 1
23:44:47 | INFO: Extracting primitive: Cube.186
23:44:47 | INFO: Primitives created: 1
23:44:47 | INFO: Extracting primitive: Cube.184
23:44:47 | INFO: Primitives created: 1
23:44:47 | INFO: Extracting primitive: Cube.189
23:44:47 | INFO: Primitives created: 1
23:44:47 | INFO: Extracting primitive: Cube.190
23:44:47 | INFO: Primitives created: 1
23:44:47 | INFO: Extracting primitive: Cube.188
23:44:47 | INFO: Primitives created: 1
23:44:47 | INFO: Extracting primitive: Cube.193
23:44:47 | INFO: Primitives created: 1
23:44:47 | INFO: Extracting primitive: Cube.194
23:44:47 | INFO: Primitives created: 1
23:44:47 | INFO: Extracting primitive: Cube.192
23:44:47 | INFO: Primitives created: 1
23:44:47 | INFO: Extracting primitive: Cylinder.001
23:44:47 | INFO: Primitives created: 1
23:44:47 | INFO: Extracting primitive: Cube.196
23:44:47 | INFO: Primitives created: 1
23:44:47 | INFO: Extracting primitive: Cube.197
23:44:47 | INFO: Primitives created: 1
23:44:47 | INFO: Extracting primitive: Cube.179
23:44:47 | INFO: Primitives created: 1
23:44:47 | INFO: Extracting primitive: Cube.183
23:44:47 | INFO: Primitives created: 1
23:44:47 | INFO: Extracting primitive: Cube.187
23:44:47 | INFO: Primitives created: 1
23:44:47 | INFO: Extracting primitive: Cube.191
23:44:47 | INFO: Primitives created: 1
23:44:47 | INFO: Extracting primitive: Cube.195
23:44:47 | INFO: Primitives created: 1
23:44:47 | INFO: Extracting primitive: Cube.136
23:44:48 | INFO: Primitives created: 1
23:44:48 | INFO: Extracting primitive: Cube.135
23:44:48 | INFO: Primitives created: 1
23:44:48 | INFO: Extracting primitive: Cube.138
23:44:48 | INFO: Primitives created: 1
23:44:48 | INFO: Extracting primitive: Cube.137
23:44:48 | INFO: Primitives created: 1
23:44:48 | INFO: Extracting primitive: Cube.140
23:44:48 | INFO: Primitives created: 1
23:44:48 | INFO: Extracting primitive: Cube.139
23:44:48 | INFO: Primitives created: 1
23:44:48 | INFO: Extracting primitive: Cube.142
23:44:48 | INFO: Primitives created: 1
23:44:48 | INFO: Extracting primitive: Cube.141
23:44:48 | INFO: Primitives created: 1
23:44:48 | INFO: Extracting primitive: Cube.274
23:44:48 | INFO: Primitives created: 1
23:44:48 | INFO: Extracting primitive: Cube.275
23:44:48 | INFO: Primitives created: 1
23:44:48 | INFO: Extracting primitive: Cube.276
23:44:48 | INFO: Primitives created: 1
23:44:48 | INFO: Extracting primitive: Cube.553
23:44:48 | INFO: Primitives created: 1
23:44:48 | INFO: Extracting primitive: Cube.554
23:44:48 | INFO: Primitives created: 1
23:44:48 | INFO: Extracting primitive: Cube.555
23:44:48 | INFO: Primitives created: 1
23:44:48 | INFO: Extracting primitive: Cube.556
23:44:48 | INFO: Primitives created: 1
23:44:48 | INFO: Extracting primitive: Cube.557
23:44:48 | INFO: Primitives created: 1
23:44:48 | INFO: Extracting primitive: Cube.558
23:44:48 | INFO: Primitives created: 1
23:44:48 | INFO: Extracting primitive: Cube.559
23:44:48 | INFO: Primitives created: 1
23:44:48 | INFO: Extracting primitive: Cube.560
23:44:48 | INFO: Primitives created: 1
23:44:48 | INFO: Extracting primitive: Cube.198
23:44:48 | INFO: Primitives created: 1
23:44:48 | INFO: Extracting primitive: Cube.212
23:44:48 | INFO: Primitives created: 1
23:44:48 | INFO: Extracting primitive: Cube.587
23:44:48 | INFO: Primitives created: 1
23:44:48 | INFO: Extracting primitive: Cube.588
23:44:48 | INFO: Primitives created: 1
23:44:48 | INFO: Extracting primitive: Cube.586
23:44:48 | INFO: Primitives created: 1
23:44:48 | INFO: Extracting primitive: Cylinder.026
23:44:48 | INFO: Primitives created: 1
23:44:48 | INFO: Extracting primitive: Cube.591
23:44:48 | INFO: Primitives created: 1
23:44:48 | INFO: Extracting primitive: Cube.592
23:44:48 | INFO: Primitives created: 1
23:44:48 | INFO: Extracting primitive: Cube.589
23:44:48 | INFO: Primitives created: 1
23:44:48 | INFO: Extracting primitive: Cube.590
23:44:48 | INFO: Primitives created: 1
23:44:48 | INFO: Extracting primitive: Cube.348
23:44:48 | INFO: Primitives created: 1
23:44:48 | INFO: Extracting primitive: Cube.620
23:44:48 | INFO: Primitives created: 1
23:44:48 | INFO: Extracting primitive: Cube.625
23:44:48 | INFO: Primitives created: 1
23:44:48 | INFO: Extracting primitive: Cube.626
23:44:48 | INFO: Primitives created: 1
23:44:48 | INFO: Extracting primitive: Cube.627
23:44:48 | INFO: Primitives created: 1
23:44:48 | INFO: Extracting primitive: Cube.629
23:44:48 | INFO: Primitives created: 1
23:44:48 | INFO: Extracting primitive: Cube.630
23:44:48 | INFO: Primitives created: 1
23:44:48 | INFO: Extracting primitive: Cube.628
23:44:48 | INFO: Primitives created: 1
23:44:48 | INFO: Extracting primitive: Cube.632
23:44:48 | INFO: Primitives created: 1
23:44:48 | INFO: Extracting primitive: Cube.633
23:44:48 | INFO: Primitives created: 1
23:44:48 | INFO: Extracting primitive: Cube.631
23:44:48 | INFO: Primitives created: 1
23:44:48 | INFO: Extracting primitive: Cube.635
23:44:48 | INFO: Primitives created: 1
23:44:48 | INFO: Extracting primitive: Cube.636
23:44:48 | INFO: Primitives created: 1
23:44:48 | INFO: Extracting primitive: Cube.634
23:44:48 | INFO: Primitives created: 1
23:44:48 | INFO: Extracting primitive: Cube.200
23:44:48 | INFO: Primitives created: 1
23:44:48 | INFO: Extracting primitive: Cube.201
23:44:48 | INFO: Primitives created: 1
23:44:48 | INFO: Extracting primitive: Cube.199
23:44:48 | INFO: Primitives created: 1
23:44:48 | INFO: Extracting primitive: Cube.208
23:44:48 | INFO: Primitives created: 1
23:44:48 | INFO: Extracting primitive: Cube.209
23:44:48 | INFO: Primitives created: 1
23:44:48 | INFO: Extracting primitive: Cube.210
23:44:48 | INFO: Primitives created: 1
23:44:48 | INFO: Extracting primitive: Cube.211
23:44:48 | INFO: Primitives created: 1
23:44:48 | INFO: Extracting primitive: Cube.203
23:44:48 | INFO: Primitives created: 1
23:44:48 | INFO: Extracting primitive: Cube.202
23:44:48 | INFO: Primitives created: 1
23:44:48 | INFO: Extracting primitive: Cube.205
23:44:48 | INFO: Primitives created: 1
23:44:48 | INFO: Extracting primitive: Cube.204
23:44:48 | INFO: Primitives created: 1
23:44:48 | INFO: Extracting primitive: Cube.207
23:44:48 | INFO: Primitives created: 1
23:44:48 | INFO: Extracting primitive: Cube.206
23:44:48 | INFO: Primitives created: 1
23:44:48 | INFO: Extracting primitive: Cube.608
23:44:48 | INFO: Primitives created: 1
23:44:48 | INFO: Extracting primitive: Cube.609
23:44:48 | INFO: Primitives created: 1
23:44:48 | INFO: Extracting primitive: Cylinder.029
23:44:48 | INFO: Primitives created: 1
23:44:48 | INFO: Extracting primitive: Cube.612
23:44:48 | INFO: Primitives created: 1
23:44:48 | INFO: Extracting primitive: Cube.613
23:44:48 | INFO: Primitives created: 1
23:44:48 | INFO: Extracting primitive: Cube.610
23:44:48 | INFO: Primitives created: 1
23:44:48 | INFO: Extracting primitive: Cube.611
23:44:48 | INFO: Primitives created: 1
23:44:48 | INFO: Extracting primitive: Cube.100
23:44:48 | INFO: Primitives created: 1
23:44:48 | INFO: Extracting primitive: Cube.091
23:44:48 | INFO: Primitives created: 1
23:44:48 | INFO: Extracting primitive: Cube.092
23:44:48 | INFO: Primitives created: 1
23:44:48 | INFO: Extracting primitive: Cube.093
23:44:48 | INFO: Primitives created: 1
23:44:48 | INFO: Extracting primitive: Cube.094
23:44:48 | INFO: Primitives created: 1
23:44:48 | INFO: Extracting primitive: Cube.095
23:44:48 | INFO: Primitives created: 1
23:44:48 | INFO: Extracting primitive: Cube.096
23:44:48 | INFO: Primitives created: 1
23:44:48 | INFO: Extracting primitive: Cube.097
23:44:48 | INFO: Primitives created: 1
23:44:48 | INFO: Extracting primitive: Cube.098
23:44:48 | INFO: Primitives created: 1
23:44:48 | INFO: Extracting primitive: Cube.099
23:44:48 | INFO: Primitives created: 1
23:44:48 | INFO: Extracting primitive: Cube.331
23:44:48 | INFO: Primitives created: 1
23:44:48 | INFO: Extracting primitive: Cube.344
23:44:48 | INFO: Primitives created: 1
23:44:48 | INFO: Extracting primitive: Cube.345
23:44:48 | INFO: Primitives created: 1
23:44:48 | INFO: Extracting primitive: Cube.346
23:44:48 | INFO: Primitives created: 1
23:44:48 | INFO: Extracting primitive: Cube.347
23:44:48 | INFO: Primitives created: 1
23:44:48 | INFO: Extracting primitive: Cube.579
23:44:48 | INFO: Primitives created: 1
23:44:48 | INFO: Extracting primitive: Cube.580
23:44:48 | INFO: Primitives created: 1
23:44:48 | INFO: Extracting primitive: Cube.581
23:44:48 | INFO: Primitives created: 1
23:44:48 | INFO: Extracting primitive: Cylinder.025
23:44:48 | INFO: Primitives created: 1
23:44:48 | INFO: Extracting primitive: Cube.584
23:44:48 | INFO: Primitives created: 1
23:44:48 | INFO: Extracting primitive: Cube.585
23:44:48 | INFO: Primitives created: 1
23:44:48 | INFO: Extracting primitive: Cube.582
23:44:48 | INFO: Primitives created: 1
23:44:48 | INFO: Extracting primitive: Cube.583
23:44:48 | INFO: Primitives created: 1
23:44:48 | INFO: Extracting primitive: Cube.340
23:44:48 | INFO: Primitives created: 1
23:44:48 | INFO: Extracting primitive: Cube.341
23:44:48 | INFO: Primitives created: 1
23:44:48 | INFO: Extracting primitive: Cube.342
23:44:48 | INFO: Primitives created: 1
23:44:48 | INFO: Extracting primitive: Cube.343
23:44:48 | INFO: Primitives created: 1
23:44:48 | INFO: Extracting primitive: RM_FIRE_CONTROLLER_MESH.001
23:44:48 | INFO: Primitives created: 1
23:44:48 | INFO: Extracting primitive: RM_FIRE_MANIFOLD_MESH.001
23:44:48 | INFO: Primitives created: 1
23:44:48 | INFO: Extracting primitive: RM_FIRE_PUMP_0_BASE_MESH.001
23:44:48 | INFO: Primitives created: 1
23:44:48 | INFO: Extracting primitive: RM_FIRE_PUMP_0_DISCHARGE_MESH.001
23:44:48 | INFO: Primitives created: 1
23:44:48 | INFO: Extracting primitive: RM_FIRE_PUMP_0_MOTOR_MESH.001
23:44:48 | INFO: Primitives created: 1
23:44:48 | INFO: Extracting primitive: RM_FIRE_PUMP_0_SUCTION_MESH.001
23:44:48 | INFO: Primitives created: 1
23:44:48 | INFO: Extracting primitive: RM_FIRE_PUMP_1_BASE_MESH.001
23:44:48 | INFO: Primitives created: 1
23:44:48 | INFO: Extracting primitive: RM_FIRE_PUMP_1_DISCHARGE_MESH.001
23:44:48 | INFO: Primitives created: 1
23:44:48 | INFO: Extracting primitive: RM_FIRE_PUMP_1_MOTOR_MESH.001
23:44:48 | INFO: Primitives created: 1
23:44:48 | INFO: Extracting primitive: RM_FIRE_PUMP_1_SUCTION_MESH.001
23:44:48 | INFO: Primitives created: 1
23:44:48 | INFO: Extracting primitive: RM_FIRE_PUMP_2_BASE_MESH.001
23:44:48 | INFO: Primitives created: 1
23:44:48 | INFO: Extracting primitive: RM_FIRE_PUMP_2_DISCHARGE_MESH.001
23:44:48 | INFO: Primitives created: 1
23:44:48 | INFO: Extracting primitive: RM_FIRE_PUMP_2_MOTOR_MESH.001
23:44:48 | INFO: Primitives created: 1
23:44:48 | INFO: Extracting primitive: RM_FIRE_PUMP_2_SUCTION_MESH.001
23:44:48 | INFO: Primitives created: 1
23:44:48 | INFO: Extracting primitive: RM_FIRE_SERVICE_ACCESS_MESH.001
23:44:48 | INFO: Primitives created: 1
23:44:48 | INFO: Extracting primitive: RM_GATEHOUSE_BARRIER_CONTROL_MESH.001
23:44:48 | INFO: Primitives created: 1
23:44:48 | INFO: Extracting primitive: RM_GATEHOUSE_BOOM_BARRIER_MESH.001
23:44:48 | INFO: Primitives created: 1
23:44:48 | INFO: Extracting primitive: RM_GATEHOUSE_CONTROL_DESK_MESH.001
23:44:48 | INFO: Primitives created: 1
23:44:48 | INFO: Extracting primitive: RM_GATEHOUSE_MONITOR_0_MESH.001
23:44:48 | INFO: Primitives created: 1
23:44:48 | INFO: Extracting primitive: RM_GATEHOUSE_MONITOR_1_MESH.001
23:44:48 | INFO: Primitives created: 1
23:44:48 | INFO: Extracting primitive: RM_GATEHOUSE_MONITOR_2_MESH.001
23:44:48 | INFO: Primitives created: 1
23:44:48 | INFO: Extracting primitive: RM_GATEHOUSE_RADIO_CONSOLE_MESH.001
23:44:48 | INFO: Primitives created: 1
23:44:48 | INFO: Extracting primitive: RM_GATEHOUSE_VISITOR_WINDOW_MESH.001
23:44:48 | INFO: Primitives created: 1
23:44:48 | INFO: Extracting primitive: RM_LV_BREAKER_WINDOW_0_MESH.001
23:44:48 | INFO: Primitives created: 1
23:44:48 | INFO: Extracting primitive: RM_LV_BREAKER_WINDOW_1_MESH.001
23:44:48 | INFO: Primitives created: 1
23:44:48 | INFO: Extracting primitive: RM_LV_BREAKER_WINDOW_2_MESH.001
23:44:48 | INFO: Primitives created: 1
23:44:48 | INFO: Extracting primitive: RM_LV_BREAKER_WINDOW_3_MESH.001
23:44:48 | INFO: Primitives created: 1
23:44:48 | INFO: Extracting primitive: RM_LV_BREAKER_WINDOW_4_MESH.001
23:44:48 | INFO: Primitives created: 1
23:44:48 | INFO: Extracting primitive: RM_LV_BUSBAR_TRUNK_MESH.001
23:44:48 | INFO: Primitives created: 1
23:44:48 | INFO: Extracting primitive: RM_LV_CABLE_0_MESH.001
23:44:48 | INFO: Primitives created: 1
23:44:48 | INFO: Extracting primitive: RM_LV_CABLE_1_MESH.001
23:44:48 | INFO: Primitives created: 1
23:44:48 | INFO: Extracting primitive: RM_LV_CABLE_2_MESH.001
23:44:48 | INFO: Primitives created: 1
23:44:48 | INFO: Extracting primitive: RM_LV_CABLE_3_MESH.001
23:44:48 | INFO: Primitives created: 1
23:44:48 | INFO: Extracting primitive: RM_LV_CABLE_4_MESH.001
23:44:48 | INFO: Primitives created: 1
23:44:48 | INFO: Extracting primitive: RM_LV_PANEL_DOOR_0_MESH.001
23:44:48 | INFO: Primitives created: 1
23:44:48 | INFO: Extracting primitive: RM_LV_PANEL_DOOR_1_MESH.001
23:44:48 | INFO: Primitives created: 1
23:44:48 | INFO: Extracting primitive: RM_LV_PANEL_DOOR_2_MESH.001
23:44:48 | INFO: Primitives created: 1
23:44:48 | INFO: Extracting primitive: RM_LV_PANEL_DOOR_3_MESH.001
23:44:48 | INFO: Primitives created: 1
23:44:48 | INFO: Extracting primitive: RM_LV_PANEL_DOOR_4_MESH.001
23:44:48 | INFO: Primitives created: 1
23:44:48 | INFO: Extracting primitive: RM_LV_REMOTE_SERVICE_PANEL_MESH.001
23:44:48 | INFO: Primitives created: 1
23:44:48 | INFO: Extracting primitive: RM_LV_SERVICE_CLEARANCE_MESH.001
23:44:48 | INFO: Primitives created: 1
23:44:48 | INFO: Extracting primitive: RM_LV_SWITCHGEAR_0_MESH.001
23:44:48 | INFO: Primitives created: 1
23:44:48 | INFO: Extracting primitive: RM_LV_SWITCHGEAR_1_MESH.001
23:44:48 | INFO: Primitives created: 1
23:44:48 | INFO: Extracting primitive: RM_LV_SWITCHGEAR_2_MESH.001
23:44:48 | INFO: Primitives created: 1
23:44:48 | INFO: Extracting primitive: RM_LV_SWITCHGEAR_3_MESH.001
23:44:48 | INFO: Primitives created: 1
23:44:48 | INFO: Extracting primitive: RM_LV_SWITCHGEAR_4_MESH.001
23:44:48 | INFO: Primitives created: 1
23:44:48 | INFO: Extracting primitive: Cube.071
23:44:48 | INFO: Primitives created: 1
23:44:48 | INFO: Extracting primitive: Cube.072
23:44:48 | INFO: Primitives created: 1
23:44:48 | INFO: Extracting primitive: Cube.064
23:44:48 | INFO: Primitives created: 1
23:44:48 | INFO: Extracting primitive: Cube.065
23:44:48 | INFO: Primitives created: 1
23:44:48 | INFO: Extracting primitive: Cube.066
23:44:48 | INFO: Primitives created: 1
23:44:48 | INFO: Extracting primitive: Cube.067
23:44:48 | INFO: Primitives created: 1
23:44:48 | INFO: Extracting primitive: Cube.068
23:44:48 | INFO: Primitives created: 1
23:44:48 | INFO: Extracting primitive: Cube.069
23:44:48 | INFO: Primitives created: 1
23:44:48 | INFO: Extracting primitive: RM_PERSONNEL_ENTRANCE_SIGNAGE_CURVE
23:44:48 | INFO: Primitives created: 1
23:44:48 | INFO: Extracting primitive: Cube.070
23:44:48 | INFO: Primitives created: 1
23:44:48 | INFO: Extracting primitive: RM_POWDER_AUGER_MESH.001
23:44:48 | INFO: Primitives created: 1
23:44:48 | INFO: Extracting primitive: RM_POWDER_BAG_0_MESH.001
23:44:48 | INFO: Primitives created: 1
23:44:48 | INFO: Extracting primitive: RM_POWDER_BAG_1_MESH.001
23:44:48 | INFO: Primitives created: 1
23:44:48 | INFO: Extracting primitive: RM_POWDER_BAG_2_MESH.001
23:44:48 | INFO: Primitives created: 1
23:44:48 | INFO: Extracting primitive: RM_POWDER_BAG_3_MESH.001
23:44:48 | INFO: Primitives created: 1
23:44:48 | INFO: Extracting primitive: RM_POWDER_BAG_DUMP_MESH.001
23:44:48 | INFO: Primitives created: 1
23:44:48 | INFO: Extracting primitive: RM_POWDER_DUST_HOOD_MESH.001
23:44:48 | INFO: Primitives created: 1
23:44:48 | INFO: Extracting primitive: RM_POWDER_HOPPER_LID_MESH.001
23:44:48 | INFO: Primitives created: 1
23:44:48 | INFO: Extracting primitive: RM_POWDER_HOPPER_MOTOR_MESH.001
23:44:48 | INFO: Primitives created: 1
23:44:48 | INFO: Extracting primitive: RM_POWDER_HOPPER_OUTLET_MESH.001
23:44:48 | INFO: Primitives created: 1
23:44:48 | INFO: Extracting primitive: RM_POWDER_HOPPER_VESSEL_MESH.001
23:44:48 | INFO: Primitives created: 1
23:44:48 | INFO: Extracting primitive: RM_POWDER_PACKOUT_BED_MESH.001
23:44:48 | INFO: Primitives created: 1
23:44:48 | INFO: Extracting primitive: RM_POWDER_PACKOUT_GUARD_A_MESH.001
23:44:48 | INFO: Primitives created: 1
23:44:48 | INFO: Extracting primitive: RM_POWDER_PACKOUT_GUARD_B_MESH.001
23:44:48 | INFO: Primitives created: 1
23:44:48 | INFO: Extracting primitive: RM_POWDER_PACKOUT_ROLLER_0_MESH.001
23:44:48 | INFO: Primitives created: 1
23:44:48 | INFO: Extracting primitive: RM_POWDER_PACKOUT_ROLLER_1_MESH.001
23:44:48 | INFO: Primitives created: 1
23:44:48 | INFO: Extracting primitive: RM_POWDER_PACKOUT_ROLLER_2_MESH.001
23:44:48 | INFO: Primitives created: 1
23:44:48 | INFO: Extracting primitive: RM_POWDER_PACKOUT_ROLLER_3_MESH.001
23:44:48 | INFO: Primitives created: 1
23:44:48 | INFO: Extracting primitive: RM_POWDER_PACKOUT_ROLLER_4_MESH.001
23:44:48 | INFO: Primitives created: 1
23:44:48 | INFO: Extracting primitive: RM_POWDER_VFFS_BAGGER_CONTROL_MESH.001
23:44:48 | INFO: Primitives created: 1
23:44:48 | INFO: Extracting primitive: RM_POWDER_VFFS_BAGGER_FRAME_MESH.001
23:44:48 | INFO: Primitives created: 1
23:44:48 | INFO: Extracting primitive: RM_RECEPTION_CCTV_0_MESH.001
23:44:48 | INFO: Primitives created: 1
23:44:48 | INFO: Extracting primitive: RM_RECEPTION_CCTV_1_MESH.001
23:44:48 | INFO: Primitives created: 1
23:44:48 | INFO: Extracting primitive: RM_RECEPTION_CCTV_2_MESH.001
23:44:48 | INFO: Primitives created: 1
23:44:48 | INFO: Extracting primitive: RM_RECEPTION_CCTV_3_MESH.001
23:44:48 | INFO: Primitives created: 1
23:44:48 | INFO: Extracting primitive: RM_RECEPTION_CCTV_WALL_MESH.001
23:44:48 | INFO: Primitives created: 1
23:44:48 | INFO: Extracting primitive: RM_RECEPTION_CHECKIN_SCREEN_MESH.001
23:44:48 | INFO: Primitives created: 1
23:44:48 | INFO: Extracting primitive: RM_RECEPTION_SECURITY_DESK_MESH.001
23:44:48 | INFO: Primitives created: 1
23:44:48 | INFO: Extracting primitive: RM_RECEPTION_TURNSTILE_0_MESH.001
23:44:48 | INFO: Primitives created: 1
23:44:48 | INFO: Extracting primitive: RM_RECEPTION_TURNSTILE_1_MESH.001
23:44:48 | INFO: Primitives created: 1
23:44:48 | INFO: Extracting primitive: RM_RECEPTION_TURNSTILE_2_MESH.001
23:44:48 | INFO: Primitives created: 1
23:44:48 | INFO: Extracting primitive: RM_RECEPTION_TURNSTILE_ARM_0_MESH.001
23:44:48 | INFO: Primitives created: 1
23:44:48 | INFO: Extracting primitive: RM_RECEPTION_TURNSTILE_ARM_1_MESH.001
23:44:48 | INFO: Primitives created: 1
23:44:48 | INFO: Extracting primitive: RM_RECEPTION_TURNSTILE_ARM_2_MESH.001
23:44:48 | INFO: Primitives created: 1
23:44:48 | INFO: Extracting primitive: RM_RECEPTION_VISITOR_SEAT_0_MESH.001
23:44:48 | INFO: Primitives created: 1
23:44:48 | INFO: Extracting primitive: RM_RECEPTION_VISITOR_SEAT_1_MESH.001
23:44:48 | INFO: Primitives created: 1
23:44:48 | INFO: Extracting primitive: RM_RECEPTION_VISITOR_SEAT_2_MESH.001
23:44:48 | INFO: Primitives created: 1
23:44:48 | INFO: Extracting primitive: RM_RECEPTION_VISITOR_SEAT_3_MESH.001
23:44:48 | INFO: Primitives created: 1
23:44:48 | INFO: Extracting primitive: RM_WELFARE_CHANGE_BENCH_LEG4.6_MESH.001
23:44:48 | INFO: Primitives created: 1
23:44:48 | INFO: Extracting primitive: RM_WELFARE_CHANGE_BENCH_LEG-4.6_MESH.001
23:44:48 | INFO: Primitives created: 1
23:44:48 | INFO: Extracting primitive: RM_WELFARE_CHANGE_BENCH_SEAT_MESH.001
23:44:48 | INFO: Primitives created: 1
23:44:48 | INFO: Extracting primitive: RM_WELFARE_CLEAN_ENTRY_MESH.001
23:44:48 | INFO: Primitives created: 1
23:44:48 | INFO: Extracting primitive: RM_WELFARE_DIRTY_ENTRY_MESH.001
23:44:48 | INFO: Primitives created: 1
23:44:48 | INFO: Extracting primitive: RM_WELFARE_DRAIN_0_MESH.001
23:44:48 | INFO: Primitives created: 1
23:44:48 | INFO: Extracting primitive: RM_WELFARE_DRAIN_1_MESH.001
23:44:48 | INFO: Primitives created: 1
23:44:48 | INFO: Extracting primitive: RM_WELFARE_DRAIN_2_MESH.001
23:44:48 | INFO: Primitives created: 1
23:44:48 | INFO: Extracting primitive: RM_WELFARE_DRAIN_3_MESH.001
23:44:48 | INFO: Primitives created: 1
23:44:48 | INFO: Extracting primitive: RM_WELFARE_LOCKER_BANK_0_MESH.001
23:44:48 | INFO: Primitives created: 1
23:44:48 | INFO: Extracting primitive: RM_WELFARE_LOCKER_BANK_1_MESH.001
23:44:48 | INFO: Primitives created: 1
23:44:48 | INFO: Extracting primitive: RM_WELFARE_LOCKER_BANK_2_MESH.001
23:44:48 | INFO: Primitives created: 1
23:44:48 | INFO: Extracting primitive: RM_WELFARE_LOCKER_BANK_3_MESH.001
23:44:48 | INFO: Primitives created: 1
23:44:48 | INFO: Extracting primitive: RM_WELFARE_LOCKER_BANK_4_MESH.001
23:44:48 | INFO: Primitives created: 1
23:44:48 | INFO: Extracting primitive: RM_WELFARE_LOCKER_DOOR_0_0_MESH.001
23:44:48 | INFO: Primitives created: 1
23:44:48 | INFO: Extracting primitive: RM_WELFARE_LOCKER_DOOR_0_1_MESH.001
23:44:48 | INFO: Primitives created: 1
23:44:48 | INFO: Extracting primitive: RM_WELFARE_LOCKER_DOOR_0_2_MESH.001
23:44:48 | INFO: Primitives created: 1
23:44:48 | INFO: Extracting primitive: RM_WELFARE_LOCKER_DOOR_1_0_MESH.001
23:44:48 | INFO: Primitives created: 1
23:44:48 | INFO: Extracting primitive: RM_WELFARE_LOCKER_DOOR_1_1_MESH.001
23:44:48 | INFO: Primitives created: 1
23:44:48 | INFO: Extracting primitive: RM_WELFARE_LOCKER_DOOR_1_2_MESH.001
23:44:48 | INFO: Primitives created: 1
23:44:48 | INFO: Extracting primitive: RM_WELFARE_LOCKER_DOOR_2_0_MESH.001
23:44:48 | INFO: Primitives created: 1
23:44:48 | INFO: Extracting primitive: RM_WELFARE_LOCKER_DOOR_2_1_MESH.001
23:44:48 | INFO: Primitives created: 1
23:44:48 | INFO: Extracting primitive: RM_WELFARE_LOCKER_DOOR_2_2_MESH.001
23:44:48 | INFO: Primitives created: 1
23:44:48 | INFO: Extracting primitive: RM_WELFARE_LOCKER_DOOR_3_0_MESH.001
23:44:48 | INFO: Primitives created: 1
23:44:48 | INFO: Extracting primitive: RM_WELFARE_LOCKER_DOOR_3_1_MESH.001
23:44:48 | INFO: Primitives created: 1
23:44:48 | INFO: Extracting primitive: RM_WELFARE_LOCKER_DOOR_3_2_MESH.001
23:44:48 | INFO: Primitives created: 1
23:44:48 | INFO: Extracting primitive: RM_WELFARE_LOCKER_DOOR_4_0_MESH.001
23:44:48 | INFO: Primitives created: 1
23:44:48 | INFO: Extracting primitive: RM_WELFARE_LOCKER_DOOR_4_1_MESH.001
23:44:48 | INFO: Primitives created: 1
23:44:48 | INFO: Extracting primitive: RM_WELFARE_LOCKER_DOOR_4_2_MESH.001
23:44:48 | INFO: Primitives created: 1
23:44:48 | INFO: Extracting primitive: RM_WELFARE_SHOWER_BACK_0_MESH
23:44:48 | INFO: Primitives created: 1
23:44:48 | INFO: Extracting primitive: RM_WELFARE_SHOWER_BACK_1_MESH
23:44:48 | INFO: Primitives created: 1
23:44:48 | INFO: Extracting primitive: RM_WELFARE_SHOWER_BACK_2_MESH
23:44:48 | INFO: Primitives created: 1
23:44:48 | INFO: Extracting primitive: RM_WELFARE_SHOWER_BACK_3_MESH
23:44:48 | INFO: Primitives created: 1
23:44:48 | INFO: Extracting primitive: RM_WELFARE_SHOWER_HEAD_0_MESH.001
23:44:48 | INFO: Primitives created: 1
23:44:48 | INFO: Extracting primitive: RM_WELFARE_SHOWER_HEAD_1_MESH.001
23:44:48 | INFO: Primitives created: 1
23:44:48 | INFO: Extracting primitive: RM_WELFARE_SHOWER_HEAD_2_MESH.001
23:44:48 | INFO: Primitives created: 1
23:44:48 | INFO: Extracting primitive: RM_WELFARE_SHOWER_HEAD_3_MESH.001
23:44:48 | INFO: Primitives created: 1
23:44:48 | INFO: Extracting primitive: RM_WELFARE_SHOWER_OPEN_0_MESH.001
23:44:48 | INFO: Primitives created: 1
23:44:48 | INFO: Extracting primitive: RM_WELFARE_SHOWER_OPEN_1_MESH.001
23:44:48 | INFO: Primitives created: 1
23:44:48 | INFO: Extracting primitive: RM_WELFARE_SHOWER_OPEN_2_MESH.001
23:44:48 | INFO: Primitives created: 1
23:44:48 | INFO: Extracting primitive: RM_WELFARE_SHOWER_OPEN_3_MESH.001
23:44:48 | INFO: Primitives created: 1
23:44:48 | INFO: Extracting primitive: RM_WELFARE_SHOWER_SIDE_A_0_MESH
23:44:48 | INFO: Primitives created: 1
23:44:48 | INFO: Extracting primitive: RM_WELFARE_SHOWER_SIDE_A_1_MESH
23:44:48 | INFO: Primitives created: 1
23:44:48 | INFO: Extracting primitive: RM_WELFARE_SHOWER_SIDE_A_2_MESH
23:44:48 | INFO: Primitives created: 1
23:44:48 | INFO: Extracting primitive: RM_WELFARE_SHOWER_SIDE_A_3_MESH
23:44:48 | INFO: Primitives created: 1
23:44:48 | INFO: Extracting primitive: RM_WELFARE_SHOWER_SIDE_B_0_MESH
23:44:48 | INFO: Primitives created: 1
23:44:48 | INFO: Extracting primitive: RM_WELFARE_SHOWER_SIDE_B_1_MESH
23:44:48 | INFO: Primitives created: 1
23:44:48 | INFO: Extracting primitive: RM_WELFARE_SHOWER_SIDE_B_2_MESH
23:44:48 | INFO: Primitives created: 1
23:44:48 | INFO: Extracting primitive: RM_WELFARE_SHOWER_SIDE_B_3_MESH
23:44:48 | INFO: Primitives created: 1
23:44:48 | INFO: Extracting primitive: RM_WET_CIP_PIPE_0_MESH.001
23:44:48 | INFO: Primitives created: 1
23:44:48 | INFO: Extracting primitive: RM_WET_CIP_PIPE_1_MESH.001
23:44:48 | INFO: Primitives created: 1
23:44:48 | INFO: Extracting primitive: RM_WET_CIP_PIPE_2_MESH.001
23:44:48 | INFO: Primitives created: 1
23:44:48 | INFO: Extracting primitive: RM_WET_CIP_SKID_MESH.001
23:44:48 | INFO: Primitives created: 1
23:44:48 | INFO: Extracting primitive: RM_WET_MIX_TANK_0_LID_MESH.001
23:44:48 | INFO: Primitives created: 1
23:44:48 | INFO: Extracting primitive: RM_WET_MIX_TANK_0_MOTOR_MESH.001
23:44:48 | INFO: Primitives created: 1
23:44:48 | INFO: Extracting primitive: RM_WET_MIX_TANK_0_OUTLET_MESH.001
23:44:48 | INFO: Primitives created: 1
23:44:48 | INFO: Extracting primitive: RM_WET_MIX_TANK_0_VESSEL_MESH.001
23:44:48 | INFO: Primitives created: 1
23:44:48 | INFO: Extracting primitive: RM_WET_MIX_TANK_1_LID_MESH.001
23:44:48 | INFO: Primitives created: 1
23:44:48 | INFO: Extracting primitive: RM_WET_MIX_TANK_1_MOTOR_MESH.001
23:44:48 | INFO: Primitives created: 1
23:44:48 | INFO: Extracting primitive: RM_WET_MIX_TANK_1_OUTLET_MESH.001
23:44:48 | INFO: Primitives created: 1
23:44:48 | INFO: Extracting primitive: RM_WET_MIX_TANK_1_VESSEL_MESH.001
23:44:48 | INFO: Primitives created: 1
23:44:48 | INFO: Extracting primitive: RM_WET_MIX_TANK_2_LID_MESH.001
23:44:48 | INFO: Primitives created: 1
23:44:48 | INFO: Extracting primitive: RM_WET_MIX_TANK_2_MOTOR_MESH.001
23:44:48 | INFO: Primitives created: 1
23:44:48 | INFO: Extracting primitive: RM_WET_MIX_TANK_2_OUTLET_MESH.001
23:44:48 | INFO: Primitives created: 1
23:44:48 | INFO: Extracting primitive: RM_WET_MIX_TANK_2_VESSEL_MESH.001
23:44:48 | INFO: Primitives created: 1
23:44:48 | INFO: Extracting primitive: RM_WET_MIX_TANK_3_LID_MESH.001
23:44:48 | INFO: Primitives created: 1
23:44:48 | INFO: Extracting primitive: RM_WET_MIX_TANK_3_MOTOR_MESH.001
23:44:48 | INFO: Primitives created: 1
23:44:48 | INFO: Extracting primitive: RM_WET_MIX_TANK_3_OUTLET_MESH.001
23:44:48 | INFO: Primitives created: 1
23:44:48 | INFO: Extracting primitive: RM_WET_MIX_TANK_3_VESSEL_MESH.001
23:44:48 | INFO: Primitives created: 1
23:44:48 | INFO: Extracting primitive: RM_WET_MIX_TANK_4_LID_MESH.001
23:44:48 | INFO: Primitives created: 1
23:44:48 | INFO: Extracting primitive: RM_WET_MIX_TANK_4_MOTOR_MESH.001
23:44:48 | INFO: Primitives created: 1
23:44:48 | INFO: Extracting primitive: RM_WET_MIX_TANK_4_OUTLET_MESH.001
23:44:48 | INFO: Primitives created: 1
23:44:48 | INFO: Extracting primitive: RM_WET_MIX_TANK_4_VESSEL_MESH.001
23:44:48 | INFO: Primitives created: 1
23:44:48 | INFO: Extracting primitive: RM_WET_PLATFORM_0_MESH.001
23:44:48 | INFO: Primitives created: 1
23:44:48 | INFO: Extracting primitive: RM_WET_PLATFORM_1_MESH.001
23:44:48 | INFO: Primitives created: 1
23:44:48 | INFO: Extracting primitive: RM_WET_PLATFORM_2_MESH.001
23:44:48 | INFO: Primitives created: 1
23:44:48 | INFO: Extracting primitive: RM_WET_PLATFORM_3_MESH.001
23:44:48 | INFO: Primitives created: 1
23:44:48 | INFO: Extracting primitive: RM_WET_PLATFORM_4_MESH.001
23:44:48 | INFO: Primitives created: 1
23:44:48 | INFO: Extracting primitive: RM_WET_PROCESS_OUTFEED_BED_MESH.001
23:44:48 | INFO: Primitives created: 1
23:44:48 | INFO: Extracting primitive: RM_WET_PROCESS_OUTFEED_GUARD_A_MESH.001
23:44:48 | INFO: Primitives created: 1
23:44:48 | INFO: Extracting primitive: RM_WET_PROCESS_OUTFEED_GUARD_B_MESH.001
23:44:48 | INFO: Primitives created: 1
23:44:48 | INFO: Extracting primitive: RM_WET_PROCESS_OUTFEED_ROLLER_0_MESH.001
23:44:48 | INFO: Primitives created: 1
23:44:48 | INFO: Extracting primitive: RM_WET_PROCESS_OUTFEED_ROLLER_1_MESH.001
23:44:48 | INFO: Primitives created: 1
23:44:48 | INFO: Extracting primitive: RM_WET_PROCESS_OUTFEED_ROLLER_2_MESH.001
23:44:48 | INFO: Primitives created: 1
23:44:48 | INFO: Extracting primitive: RM_WET_PROCESS_OUTFEED_ROLLER_3_MESH.001
23:44:48 | INFO: Primitives created: 1
23:44:48 | INFO: Extracting primitive: RM_WET_PROCESS_OUTFEED_ROLLER_4_MESH.001
23:44:48 | INFO: Primitives created: 1
23:44:48 | INFO: Extracting primitive: RM_WET_RAIL_0_2.8_2.4_MESH.001
23:44:48 | INFO: Primitives created: 1
23:44:48 | INFO: Extracting primitive: RM_WET_RAIL_0_2.8_-2.4_MESH.001
23:44:48 | INFO: Primitives created: 1
23:44:48 | INFO: Extracting primitive: RM_WET_RAIL_0_-2.8_2.4_MESH.001
23:44:48 | INFO: Primitives created: 1
23:44:48 | INFO: Extracting primitive: RM_WET_RAIL_0_-2.8_-2.4_MESH.001
23:44:48 | INFO: Primitives created: 1
23:44:48 | INFO: Extracting primitive: RM_WET_RAIL_1_2.8_2.4_MESH.001
23:44:48 | INFO: Primitives created: 1
23:44:48 | INFO: Extracting primitive: RM_WET_RAIL_1_2.8_-2.4_MESH.001
23:44:48 | INFO: Primitives created: 1
23:44:48 | INFO: Extracting primitive: RM_WET_RAIL_1_-2.8_2.4_MESH.001
23:44:48 | INFO: Primitives created: 1
23:44:48 | INFO: Extracting primitive: RM_WET_RAIL_1_-2.8_-2.4_MESH.001
23:44:48 | INFO: Primitives created: 1
23:44:48 | INFO: Extracting primitive: RM_WET_RAIL_2_2.8_2.4_MESH.001
23:44:48 | INFO: Primitives created: 1
23:44:48 | INFO: Extracting primitive: RM_WET_RAIL_2_2.8_-2.4_MESH.001
23:44:48 | INFO: Primitives created: 1
23:44:48 | INFO: Extracting primitive: RM_WET_RAIL_2_-2.8_2.4_MESH.001
23:44:48 | INFO: Primitives created: 1
23:44:48 | INFO: Extracting primitive: RM_WET_RAIL_2_-2.8_-2.4_MESH.001
23:44:48 | INFO: Primitives created: 1
23:44:48 | INFO: Extracting primitive: RM_WET_RAIL_3_2.8_2.4_MESH.001
23:44:48 | INFO: Primitives created: 1
23:44:48 | INFO: Extracting primitive: RM_WET_RAIL_3_2.8_-2.4_MESH.001
23:44:48 | INFO: Primitives created: 1
23:44:48 | INFO: Extracting primitive: RM_WET_RAIL_3_-2.8_2.4_MESH.001
23:44:48 | INFO: Primitives created: 1
23:44:48 | INFO: Extracting primitive: RM_WET_RAIL_3_-2.8_-2.4_MESH.001
23:44:48 | INFO: Primitives created: 1
23:44:48 | INFO: Extracting primitive: RM_WET_RAIL_4_2.8_2.4_MESH.001
23:44:48 | INFO: Primitives created: 1
23:44:48 | INFO: Extracting primitive: RM_WET_RAIL_4_2.8_-2.4_MESH.001
23:44:48 | INFO: Primitives created: 1
23:44:48 | INFO: Extracting primitive: RM_WET_RAIL_4_-2.8_2.4_MESH.001
23:44:48 | INFO: Primitives created: 1
23:44:48 | INFO: Extracting primitive: RM_WET_RAIL_4_-2.8_-2.4_MESH.001
23:44:48 | INFO: Primitives created: 1
23:44:48 | INFO: Extracting primitive: RM_WET_TRANSFER_MANIFOLD_MESH.001
23:44:48 | INFO: Primitives created: 1
23:44:48 | INFO: Extracting primitive: V02_ASSEMBLY_NEST_0_MESH
23:44:48 | INFO: Primitives created: 1
23:44:48 | INFO: Extracting primitive: V02_ASSEMBLY_NEST_1_MESH
23:44:48 | INFO: Primitives created: 1
23:44:48 | INFO: Extracting primitive: V02_ASSEMBLY_NEST_2_MESH
23:44:48 | INFO: Primitives created: 1
23:44:48 | INFO: Extracting primitive: V02_ASSEMBLY_NEST_3_MESH
23:44:48 | INFO: Primitives created: 1
23:44:48 | INFO: Extracting primitive: V02_ASSEMBLY_NEST_4_MESH
23:44:48 | INFO: Primitives created: 1
23:44:48 | INFO: Extracting primitive: V02_ASSEMBLY_NEST_5_MESH
23:44:48 | INFO: Primitives created: 1
23:44:48 | INFO: Extracting primitive: V02_BALANCE_BOWL_0_MESH
23:44:48 | INFO: Primitives created: 1
23:44:48 | INFO: Extracting primitive: V02_BALANCE_BOWL_1_MESH
23:44:48 | INFO: Primitives created: 1
23:44:48 | INFO: Extracting primitive: V02_BALANCE_BOWL_2_MESH
23:44:48 | INFO: Primitives created: 1
23:44:48 | INFO: Extracting primitive: V02_CAP_COMPONENT_0_MESH
23:44:48 | INFO: Primitives created: 1
23:44:48 | INFO: Extracting primitive: V02_CAP_COMPONENT_1_MESH
23:44:48 | INFO: Primitives created: 1
23:44:48 | INFO: Extracting primitive: V02_CAP_COMPONENT_2_MESH
23:44:48 | INFO: Primitives created: 1
23:44:48 | INFO: Extracting primitive: V02_CAP_COMPONENT_3_MESH
23:44:48 | INFO: Primitives created: 1
23:44:48 | INFO: Extracting primitive: V02_CAP_COMPONENT_4_MESH
23:44:48 | INFO: Primitives created: 1
23:44:48 | INFO: Extracting primitive: V02_CAP_COMPONENT_5_MESH
23:44:48 | INFO: Primitives created: 1
23:44:48 | INFO: Extracting primitive: V02_CAP_TRIGGER_CAROUSEL_MESH
23:44:48 | INFO: Primitives created: 1
23:44:48 | INFO: Extracting primitive: V02_CAP_TRIGGER_OUTFEED_FRAME_MESH
23:44:48 | INFO: Primitives created: 1
23:44:48 | INFO: Extracting primitive: V02_CAP_TRIGGER_OUTFEED_ROLLER_0_MESH
23:44:48 | INFO: Primitives created: 1
23:44:48 | INFO: Extracting primitive: V02_CAP_TRIGGER_OUTFEED_ROLLER_1_MESH
23:44:48 | INFO: Primitives created: 1
23:44:48 | INFO: Extracting primitive: V02_CAP_TRIGGER_OUTFEED_ROLLER_2_MESH
23:44:48 | INFO: Primitives created: 1
23:44:48 | INFO: Extracting primitive: V02_CAP_TRIGGER_OUTFEED_ROLLER_3_MESH
23:44:48 | INFO: Primitives created: 1
23:44:48 | INFO: Extracting primitive: V02_CAP_TRIGGER_OUTFEED_ROLLER_4_MESH
23:44:48 | INFO: Primitives created: 1
23:44:48 | INFO: Extracting primitive: V02_CAP_TRIGGER_OUTFEED_ROLLER_5_MESH
23:44:48 | INFO: Primitives created: 1
23:44:48 | INFO: Extracting primitive: V02_CAP_TRIGGER_OUTFEED_ROLLER_6_MESH
23:44:48 | INFO: Primitives created: 1
23:44:48 | INFO: Extracting primitive: V02_CAP_TRIGGER_OUTFEED_SIDE_A_MESH
23:44:48 | INFO: Primitives created: 1
23:44:48 | INFO: Extracting primitive: V02_CAP_TRIGGER_OUTFEED_SIDE_B_MESH
23:44:48 | INFO: Primitives created: 1
23:44:48 | INFO: Extracting primitive: V02_CAPS_BOWL_FEEDER_MESH
23:44:48 | INFO: Primitives created: 1
23:44:48 | INFO: Extracting primitive: V02_CAPS_BOWL_RIM_MESH
23:44:48 | INFO: Primitives created: 1
23:44:48 | INFO: Extracting primitive: V02_CAPS_BOWL_TRACK_MESH
23:44:48 | INFO: Primitives created: 1
23:44:48 | INFO: Extracting primitive: V02_PICK_HEAD_0_MESH
23:44:48 | INFO: Primitives created: 1
23:44:48 | INFO: Extracting primitive: V02_PICK_HEAD_1_MESH
23:44:48 | INFO: Primitives created: 1
23:44:48 | INFO: Extracting primitive: V02_PICK_HEAD_2_MESH
23:44:48 | INFO: Primitives created: 1
23:44:48 | INFO: Extracting primitive: V02_PICK_HEAD_COLUMN_0_MESH
23:44:48 | INFO: Primitives created: 1
23:44:48 | INFO: Extracting primitive: V02_PICK_HEAD_COLUMN_1_MESH
23:44:48 | INFO: Primitives created: 1
23:44:48 | INFO: Extracting primitive: V02_PICK_HEAD_COLUMN_2_MESH
23:44:48 | INFO: Primitives created: 1
23:44:48 | INFO: Extracting primitive: V02_PICK_HEAD_DROP_0_MESH
23:44:48 | INFO: Primitives created: 1
23:44:48 | INFO: Extracting primitive: V02_PICK_HEAD_DROP_1_MESH
23:44:48 | INFO: Primitives created: 1
23:44:48 | INFO: Extracting primitive: V02_PICK_HEAD_DROP_2_MESH
23:44:48 | INFO: Primitives created: 1
23:44:48 | INFO: Extracting primitive: V02_PRECISION_BALANCE_0_MESH
23:44:48 | INFO: Primitives created: 1
23:44:48 | INFO: Extracting primitive: V02_PRECISION_BALANCE_1_MESH
23:44:48 | INFO: Primitives created: 1
23:44:48 | INFO: Extracting primitive: V02_PRECISION_BALANCE_2_MESH
23:44:48 | INFO: Primitives created: 1
23:44:48 | INFO: Extracting primitive: V02_TRIGGER_COMPONENT_0_MESH
23:44:48 | INFO: Primitives created: 1
23:44:48 | INFO: Extracting primitive: V02_TRIGGER_COMPONENT_1_MESH
23:44:48 | INFO: Primitives created: 1
23:44:48 | INFO: Extracting primitive: V02_TRIGGER_COMPONENT_2_MESH
23:44:48 | INFO: Primitives created: 1
23:44:48 | INFO: Extracting primitive: V02_TRIGGER_COMPONENT_3_MESH
23:44:48 | INFO: Primitives created: 1
23:44:48 | INFO: Extracting primitive: V02_TRIGGER_COMPONENT_4_MESH
23:44:48 | INFO: Primitives created: 1
23:44:48 | INFO: Extracting primitive: V02_TRIGGER_COMPONENT_5_MESH
23:44:48 | INFO: Primitives created: 1
23:44:48 | INFO: Extracting primitive: V02_TRIGGER_MAGAZINE_MESH
23:44:48 | INFO: Primitives created: 1
23:44:48 | INFO: Extracting primitive: V02_TRIGGER_SLOT_0_MESH
23:44:48 | INFO: Primitives created: 1
23:44:48 | INFO: Extracting primitive: V02_TRIGGER_SLOT_1_MESH
23:44:48 | INFO: Primitives created: 1
23:44:48 | INFO: Extracting primitive: V02_TRIGGER_SLOT_2_MESH
23:44:48 | INFO: Primitives created: 1
23:44:48 | INFO: Extracting primitive: V02_TRIGGER_SLOT_3_MESH
23:44:48 | INFO: Primitives created: 1
23:44:48 | INFO: Extracting primitive: V02_TRIGGER_SLOT_4_MESH
23:44:48 | INFO: Primitives created: 1
23:44:48 | INFO: Extracting primitive: V02_WEIGH_BALANCE_TABLE_MESH
23:44:48 | INFO: Primitives created: 1
23:44:48 | INFO: Extracting primitive: V02_WEIGH_BOOTH_BACK_MESH
23:44:48 | INFO: Primitives created: 1
23:44:48 | INFO: Extracting primitive: V02_WEIGH_BOOTH_SIDE_MESH
23:44:48 | INFO: Primitives created: 1
23:44:48 | INFO: Extracting primitive: V02_WEIGH_DOSING_CHUTE_0_MESH
23:44:48 | INFO: Primitives created: 1
23:44:48 | INFO: Extracting primitive: V02_WEIGH_DOSING_CHUTE_1_MESH
23:44:48 | INFO: Primitives created: 1
23:44:48 | INFO: Extracting primitive: V02_WEIGH_DOSING_CHUTE_2_MESH
23:44:48 | INFO: Primitives created: 1
23:44:48 | INFO: Extracting primitive: V02_WEIGH_DOSING_CHUTE_3_MESH
23:44:48 | INFO: Primitives created: 1
23:44:48 | INFO: Extracting primitive: V02_WEIGH_HOPPER_0_MESH
23:44:48 | INFO: Primitives created: 1
23:44:48 | INFO: Extracting primitive: V02_WEIGH_HOPPER_1_MESH
23:44:48 | INFO: Primitives created: 1
23:44:48 | INFO: Extracting primitive: V02_WEIGH_HOPPER_2_MESH
23:44:48 | INFO: Primitives created: 1
23:44:48 | INFO: Extracting primitive: V02_WEIGH_HOPPER_3_MESH
23:44:48 | INFO: Primitives created: 1
23:44:48 | INFO: Extracting primitive: V02_WEIGH_HOPPER_VALVE_0_MESH
23:44:48 | INFO: Primitives created: 1
23:44:48 | INFO: Extracting primitive: V02_WEIGH_HOPPER_VALVE_1_MESH
23:44:48 | INFO: Primitives created: 1
23:44:48 | INFO: Extracting primitive: V02_WEIGH_HOPPER_VALVE_2_MESH
23:44:48 | INFO: Primitives created: 1
23:44:48 | INFO: Extracting primitive: V02_WEIGH_HOPPER_VALVE_3_MESH
23:44:48 | INFO: Primitives created: 1
23:44:48 | INFO: Extracting primitive: V02_WEIGH_OPERATOR_TABLE_MESH
23:44:48 | INFO: Primitives created: 1
23:44:48 | INFO: Extracting primitive: V02_WEIGH_TRANSFER_TOTE_MESH
23:44:48 | INFO: Primitives created: 1
23:44:48 | INFO: Extracting primitive: V03_BLOW_AIR_DROP_00_MESH
23:44:48 | INFO: Primitives created: 1
23:44:48 | INFO: Extracting primitive: V03_BLOW_AIR_DROP_01_MESH
23:44:48 | INFO: Primitives created: 1
23:44:48 | INFO: Extracting primitive: V03_BLOW_AIR_DROP_02_MESH
23:44:48 | INFO: Primitives created: 1
23:44:48 | INFO: Extracting primitive: V03_BLOW_AIR_HEADER_MESH
23:44:48 | INFO: Primitives created: 1
23:44:48 | INFO: Extracting primitive: V03_BLOW_BACK_WALL_MESH
23:44:48 | INFO: Primitives created: 1
23:44:48 | INFO: Extracting primitive: V03_BLOW_BOTTLE_NECK_00_MESH
23:44:48 | INFO: Primitives created: 1
23:44:48 | INFO: Extracting primitive: V03_BLOW_BOTTLE_NECK_01_MESH
23:44:48 | INFO: Primitives created: 1
23:44:48 | INFO: Extracting primitive: V03_BLOW_BOTTLE_NECK_02_MESH
23:44:48 | INFO: Primitives created: 1
23:44:48 | INFO: Extracting primitive: V03_BLOW_BOTTLE_NECK_03_MESH
23:44:48 | INFO: Primitives created: 1
23:44:48 | INFO: Extracting primitive: V03_BLOW_BOTTLE_NECK_04_MESH
23:44:48 | INFO: Primitives created: 1
23:44:48 | INFO: Extracting primitive: V03_BLOW_BOTTLE_NECK_05_MESH
23:44:48 | INFO: Primitives created: 1
23:44:48 | INFO: Extracting primitive: V03_BLOW_BOTTLE_NECK_06_MESH
23:44:48 | INFO: Primitives created: 1
23:44:48 | INFO: Extracting primitive: V03_BLOW_BOTTLE_NECK_07_MESH
23:44:48 | INFO: Primitives created: 1
23:44:48 | INFO: Extracting primitive: V03_BLOW_BOTTLE_OUTFEED_FRAME_MESH
23:44:48 | INFO: Primitives created: 1
23:44:48 | INFO: Extracting primitive: V03_BLOW_BOTTLE_OUTFEED_GUARD_A_MESH
23:44:48 | INFO: Primitives created: 1
23:44:48 | INFO: Extracting primitive: V03_BLOW_BOTTLE_OUTFEED_GUARD_B_MESH
23:44:48 | INFO: Primitives created: 1
23:44:48 | INFO: Extracting primitive: V03_BLOW_BOTTLE_OUTFEED_ROLLER_00_MESH
23:44:48 | INFO: Primitives created: 1
23:44:48 | INFO: Extracting primitive: V03_BLOW_BOTTLE_OUTFEED_ROLLER_01_MESH
23:44:48 | INFO: Primitives created: 1
23:44:48 | INFO: Extracting primitive: V03_BLOW_BOTTLE_OUTFEED_ROLLER_02_MESH
23:44:48 | INFO: Primitives created: 1
23:44:48 | INFO: Extracting primitive: V03_BLOW_BOTTLE_OUTFEED_ROLLER_03_MESH
23:44:48 | INFO: Primitives created: 1
23:44:48 | INFO: Extracting primitive: V03_BLOW_BOTTLE_OUTFEED_ROLLER_04_MESH
23:44:48 | INFO: Primitives created: 1
23:44:48 | INFO: Extracting primitive: V03_BLOW_BOTTLE_OUTFEED_ROLLER_05_MESH
23:44:48 | INFO: Primitives created: 1
23:44:48 | INFO: Extracting primitive: V03_BLOW_BOTTLE_OUTFEED_ROLLER_06_MESH
23:44:48 | INFO: Primitives created: 1
23:44:48 | INFO: Extracting primitive: V03_BLOW_CASE_PACKER_MESH
23:44:49 | INFO: Primitives created: 1
23:44:49 | INFO: Extracting primitive: V03_BLOW_CLAMP_GUARD_MESH
23:44:49 | INFO: Primitives created: 1
23:44:49 | INFO: Extracting primitive: V03_BLOW_CLAMP_WINDOW_MESH
23:44:49 | INFO: Primitives created: 1
23:44:49 | INFO: Extracting primitive: V03_BLOW_FINISHED_CASE_00_MESH
23:44:49 | INFO: Primitives created: 1
23:44:49 | INFO: Extracting primitive: V03_BLOW_FINISHED_CASE_01_MESH
23:44:49 | INFO: Primitives created: 1
23:44:49 | INFO: Extracting primitive: V03_BLOW_FINISHED_CASE_02_MESH
23:44:49 | INFO: Primitives created: 1
23:44:49 | INFO: Extracting primitive: V03_BLOW_FINISHED_CASE_03_MESH
23:44:49 | INFO: Primitives created: 1
23:44:49 | INFO: Extracting primitive: V03_BLOW_FLOOR_MESH
23:44:49 | INFO: Primitives created: 1
23:44:49 | INFO: Extracting primitive: V03_BLOW_FORMED_BOTTLE_00_MESH
23:44:49 | INFO: Primitives created: 1
23:44:49 | INFO: Extracting primitive: V03_BLOW_FORMED_BOTTLE_01_MESH
23:44:49 | INFO: Primitives created: 1
23:44:49 | INFO: Extracting primitive: V03_BLOW_FORMED_BOTTLE_02_MESH
23:44:49 | INFO: Primitives created: 1
23:44:49 | INFO: Extracting primitive: V03_BLOW_FORMED_BOTTLE_03_MESH
23:44:49 | INFO: Primitives created: 1
23:44:49 | INFO: Extracting primitive: V03_BLOW_FORMED_BOTTLE_04_MESH
23:44:49 | INFO: Primitives created: 1
23:44:49 | INFO: Extracting primitive: V03_BLOW_FORMED_BOTTLE_05_MESH
23:44:49 | INFO: Primitives created: 1
23:44:49 | INFO: Extracting primitive: V03_BLOW_FORMED_BOTTLE_06_MESH
23:44:49 | INFO: Primitives created: 1
23:44:49 | INFO: Extracting primitive: V03_BLOW_FORMED_BOTTLE_07_MESH
23:44:49 | INFO: Primitives created: 1
23:44:49 | INFO: Extracting primitive: V03_BLOW_HEATED_PREFORM_00_MESH
23:44:49 | INFO: Primitives created: 1
23:44:49 | INFO: Extracting primitive: V03_BLOW_HEATED_PREFORM_01_MESH
23:44:49 | INFO: Primitives created: 1
23:44:49 | INFO: Extracting primitive: V03_BLOW_HEATED_PREFORM_02_MESH
23:44:49 | INFO: Primitives created: 1
23:44:49 | INFO: Extracting primitive: V03_BLOW_HEATED_PREFORM_03_MESH
23:44:49 | INFO: Primitives created: 1
23:44:49 | INFO: Extracting primitive: V03_BLOW_HEATED_PREFORM_04_MESH
23:44:49 | INFO: Primitives created: 1
23:44:49 | INFO: Extracting primitive: V03_BLOW_HEATED_PREFORM_05_MESH
23:44:49 | INFO: Primitives created: 1
23:44:49 | INFO: Extracting primitive: V03_BLOW_HEATER_00_MESH
23:44:49 | INFO: Primitives created: 1
23:44:49 | INFO: Extracting primitive: V03_BLOW_HEATER_01_MESH
23:44:49 | INFO: Primitives created: 1
23:44:49 | INFO: Extracting primitive: V03_BLOW_HEATER_02_MESH
23:44:49 | INFO: Primitives created: 1
23:44:49 | INFO: Extracting primitive: V03_BLOW_HEATER_03_MESH
23:44:49 | INFO: Primitives created: 1
23:44:49 | INFO: Extracting primitive: V03_BLOW_HEATER_04_MESH
23:44:49 | INFO: Primitives created: 1
23:44:49 | INFO: Extracting primitive: V03_BLOW_HEATER_05_MESH
23:44:49 | INFO: Primitives created: 1
23:44:49 | INFO: Extracting primitive: V03_BLOW_HEATER_06_MESH
23:44:49 | INFO: Primitives created: 1
23:44:49 | INFO: Extracting primitive: V03_BLOW_HOPPER_FRAME_MESH
23:44:49 | INFO: Primitives created: 1
23:44:49 | INFO: Extracting primitive: V03_BLOW_LIGHT_00_BODY_MESH
23:44:49 | INFO: Primitives created: 1
23:44:49 | INFO: Extracting primitive: V03_BLOW_LIGHT_00_GLOW_MESH
23:44:49 | INFO: Primitives created: 1
23:44:49 | INFO: Extracting primitive: V03_BLOW_LIGHT_01_BODY_MESH
23:44:49 | INFO: Primitives created: 1
23:44:49 | INFO: Extracting primitive: V03_BLOW_LIGHT_01_GLOW_MESH
23:44:49 | INFO: Primitives created: 1
23:44:49 | INFO: Extracting primitive: V03_BLOW_LIGHT_02_BODY_MESH
23:44:49 | INFO: Primitives created: 1
23:44:49 | INFO: Extracting primitive: V03_BLOW_LIGHT_02_GLOW_MESH
23:44:49 | INFO: Primitives created: 1
23:44:49 | INFO: Extracting primitive: V03_BLOW_LIGHT_03_BODY_MESH
23:44:49 | INFO: Primitives created: 1
23:44:49 | INFO: Extracting primitive: V03_BLOW_LIGHT_03_GLOW_MESH
23:44:49 | INFO: Primitives created: 1
23:44:49 | INFO: Extracting primitive: V03_BLOW_LIGHT_04_BODY_MESH
23:44:49 | INFO: Primitives created: 1
23:44:49 | INFO: Extracting primitive: V03_BLOW_LIGHT_04_GLOW_MESH
23:44:49 | INFO: Primitives created: 1
23:44:49 | INFO: Extracting primitive: V03_BLOW_MOULD_HALF_L_MESH
23:44:49 | INFO: Primitives created: 1
23:44:49 | INFO: Extracting primitive: V03_BLOW_MOULD_HALF_R_MESH
23:44:49 | INFO: Primitives created: 1
23:44:49 | INFO: Extracting primitive: V03_BLOW_OVEN_WINDOW_MESH
23:44:49 | INFO: Primitives created: 1
23:44:49 | INFO: Extracting primitive: V03_BLOW_PREFORM_HOPPER_MESH
23:44:49 | INFO: Primitives created: 1
23:44:49 | INFO: Extracting primitive: V03_BLOW_PREFORM_INFEED_FRAME_MESH
23:44:49 | INFO: Primitives created: 1
23:44:49 | INFO: Extracting primitive: V03_BLOW_PREFORM_INFEED_GUARD_A_MESH
23:44:49 | INFO: Primitives created: 1
23:44:49 | INFO: Extracting primitive: V03_BLOW_PREFORM_INFEED_GUARD_B_MESH
23:44:49 | INFO: Primitives created: 1
23:44:49 | INFO: Extracting primitive: V03_BLOW_PREFORM_INFEED_ROLLER_00_MESH
23:44:49 | INFO: Primitives created: 1
23:44:49 | INFO: Extracting primitive: V03_BLOW_PREFORM_INFEED_ROLLER_01_MESH
23:44:49 | INFO: Primitives created: 1
23:44:49 | INFO: Extracting primitive: V03_BLOW_PREFORM_INFEED_ROLLER_02_MESH
23:44:49 | INFO: Primitives created: 1
23:44:49 | INFO: Extracting primitive: V03_BLOW_PREFORM_INFEED_ROLLER_03_MESH
23:44:49 | INFO: Primitives created: 1
23:44:49 | INFO: Extracting primitive: V03_BLOW_PREFORM_INFEED_ROLLER_04_MESH
23:44:49 | INFO: Primitives created: 1
23:44:49 | INFO: Extracting primitive: V03_BLOW_PREFORM_INFEED_ROLLER_05_MESH
23:44:49 | INFO: Primitives created: 1
23:44:49 | INFO: Extracting primitive: V03_BLOW_PREFORM_INFEED_ROLLER_06_MESH
23:44:49 | INFO: Primitives created: 1
23:44:49 | INFO: Extracting primitive: V03_BLOW_VISION_FRAME_MESH
23:44:49 | INFO: Primitives created: 1
23:44:49 | INFO: Extracting primitive: V03_DAYCARE_CAREGIVER_DESK_MESH
23:44:49 | INFO: Primitives created: 1
23:44:49 | INFO: Extracting primitive: V03_DAYCARE_CAREGIVER_SCREEN_MESH
23:44:49 | INFO: Primitives created: 1
23:44:49 | INFO: Extracting primitive: V03_DAYCARE_CUBBY_FACE_00_MESH
23:44:49 | INFO: Primitives created: 1
23:44:49 | INFO: Extracting primitive: V03_DAYCARE_CUBBY_FACE_01_MESH
23:44:49 | INFO: Primitives created: 1
23:44:49 | INFO: Extracting primitive: V03_DAYCARE_CUBBY_FACE_02_MESH
23:44:49 | INFO: Primitives created: 1
23:44:49 | INFO: Extracting primitive: V03_DAYCARE_CUBBY_FACE_03_MESH
23:44:49 | INFO: Primitives created: 1
23:44:49 | INFO: Extracting primitive: V03_DAYCARE_CUBBY_FACE_04_MESH
23:44:49 | INFO: Primitives created: 1
23:44:49 | INFO: Extracting primitive: V03_DAYCARE_ENCLOSURE_BACK_MESH
23:44:49 | INFO: Primitives created: 1
23:44:49 | INFO: Extracting primitive: V03_DAYCARE_ENCLOSURE_LEFT_MESH
23:44:49 | INFO: Primitives created: 1
23:44:49 | INFO: Extracting primitive: V03_DAYCARE_ENCLOSURE_RIGHT_MESH
23:44:49 | INFO: Primitives created: 1
23:44:49 | INFO: Extracting primitive: V03_DAYCARE_FLOOR_MESH
23:44:49 | INFO: Primitives created: 1
23:44:49 | INFO: Extracting primitive: V03_DAYCARE_HANDWASH_MESH
23:44:49 | INFO: Primitives created: 1
23:44:49 | INFO: Extracting primitive: V03_DAYCARE_LIGHT_00_BODY_MESH
23:44:49 | INFO: Primitives created: 1
23:44:49 | INFO: Extracting primitive: V03_DAYCARE_LIGHT_00_GLOW_MESH
23:44:49 | INFO: Primitives created: 1
23:44:49 | INFO: Extracting primitive: V03_DAYCARE_LIGHT_01_BODY_MESH
23:44:49 | INFO: Primitives created: 1
23:44:49 | INFO: Extracting primitive: V03_DAYCARE_LIGHT_01_GLOW_MESH
23:44:49 | INFO: Primitives created: 1
23:44:49 | INFO: Extracting primitive: V03_DAYCARE_LIGHT_02_BODY_MESH
23:44:49 | INFO: Primitives created: 1
23:44:49 | INFO: Extracting primitive: V03_DAYCARE_LIGHT_02_GLOW_MESH
23:44:49 | INFO: Primitives created: 1
23:44:49 | INFO: Extracting primitive: V03_DAYCARE_LIGHT_03_BODY_MESH
23:44:49 | INFO: Primitives created: 1
23:44:49 | INFO: Extracting primitive: V03_DAYCARE_LIGHT_03_GLOW_MESH
23:44:49 | INFO: Primitives created: 1
23:44:49 | INFO: Extracting primitive: V03_DAYCARE_LOW_PARTITION_MESH
23:44:49 | INFO: Primitives created: 1
23:44:49 | INFO: Extracting primitive: V03_DAYCARE_PLAY_BLOCK_00_MESH
23:44:49 | INFO: Primitives created: 1
23:44:49 | INFO: Extracting primitive: V03_DAYCARE_PLAY_BLOCK_01_MESH
23:44:49 | INFO: Primitives created: 1
23:44:49 | INFO: Extracting primitive: V03_DAYCARE_PLAY_BLOCK_02_MESH
23:44:49 | INFO: Primitives created: 1
23:44:49 | INFO: Extracting primitive: V03_DAYCARE_PLAY_BLOCK_03_MESH
23:44:49 | INFO: Primitives created: 1
23:44:49 | INFO: Extracting primitive: V03_DAYCARE_PLAY_BLOCK_04_MESH
23:44:49 | INFO: Primitives created: 1
23:44:49 | INFO: Extracting primitive: V03_DAYCARE_PLAY_BLOCK_05_MESH
23:44:49 | INFO: Primitives created: 1
23:44:49 | INFO: Extracting primitive: V03_DAYCARE_PLAY_RUG_MESH
23:44:49 | INFO: Primitives created: 1
23:44:49 | INFO: Extracting primitive: V03_DAYCARE_READING_BIN_00_MESH
23:44:49 | INFO: Primitives created: 1
23:44:49 | INFO: Extracting primitive: V03_DAYCARE_READING_BIN_01_MESH
23:44:49 | INFO: Primitives created: 1
23:44:49 | INFO: Extracting primitive: V03_DAYCARE_READING_BIN_02_MESH
23:44:49 | INFO: Primitives created: 1
23:44:49 | INFO: Extracting primitive: V03_DAYCARE_READING_BIN_03_MESH
23:44:49 | INFO: Primitives created: 1
23:44:49 | INFO: Extracting primitive: V03_DAYCARE_READING_SHELF_MESH
23:44:49 | INFO: Primitives created: 1
23:44:49 | INFO: Extracting primitive: V03_DAYCARE_SOFT_BACK_00_MESH
23:44:49 | INFO: Primitives created: 1
23:44:49 | INFO: Extracting primitive: V03_DAYCARE_SOFT_BACK_01_MESH
23:44:49 | INFO: Primitives created: 1
23:44:49 | INFO: Extracting primitive: V03_DAYCARE_SOFT_BACK_02_MESH
23:44:49 | INFO: Primitives created: 1
23:44:49 | INFO: Extracting primitive: V03_DAYCARE_SOFT_BACK_03_MESH
23:44:49 | INFO: Primitives created: 1
23:44:49 | INFO: Extracting primitive: V03_DAYCARE_SOFT_NOOK_MESH
23:44:49 | INFO: Primitives created: 1
23:44:49 | INFO: Extracting primitive: V03_GLASS_CAFE_BACKBAR_MESH
23:44:49 | INFO: Primitives created: 1
23:44:49 | INFO: Extracting primitive: V03_GLASS_CAFE_COUNTER_MESH
23:44:49 | INFO: Primitives created: 1
23:44:49 | INFO: Extracting primitive: V03_GLASS_CAFE_DISPLAY_CASE_MESH
23:44:49 | INFO: Primitives created: 1
23:44:49 | INFO: Extracting primitive: V03_GLASS_CAFE_ESPRESSO_MESH
23:44:49 | INFO: Primitives created: 1
23:44:49 | INFO: Extracting primitive: V03_GLASS_CAFE_LIGHT_00_BODY_MESH
23:44:49 | INFO: Primitives created: 1
23:44:49 | INFO: Extracting primitive: V03_GLASS_CAFE_LIGHT_00_GLOW_MESH
23:44:49 | INFO: Primitives created: 1
23:44:49 | INFO: Extracting primitive: V03_GLASS_CAFE_LIGHT_01_BODY_MESH
23:44:49 | INFO: Primitives created: 1
23:44:49 | INFO: Extracting primitive: V03_GLASS_CAFE_LIGHT_01_GLOW_MESH
23:44:49 | INFO: Primitives created: 1
23:44:49 | INFO: Extracting primitive: V03_GLASS_CAFE_LIGHT_02_BODY_MESH
23:44:49 | INFO: Primitives created: 1
23:44:49 | INFO: Extracting primitive: V03_GLASS_CAFE_LIGHT_02_GLOW_MESH
23:44:49 | INFO: Primitives created: 1
23:44:49 | INFO: Extracting primitive: V03_GLASS_CAFE_SHELF_00_MESH
23:44:49 | INFO: Primitives created: 1
23:44:49 | INFO: Extracting primitive: V03_GLASS_CAFE_SHELF_01_MESH
23:44:49 | INFO: Primitives created: 1
23:44:49 | INFO: Extracting primitive: V03_GLASS_CAFE_SHELF_02_MESH
23:44:49 | INFO: Primitives created: 1
23:44:49 | INFO: Extracting primitive: V03_GLASS_CAFE_SHELF_03_MESH
23:44:49 | INFO: Primitives created: 1
23:44:49 | INFO: Extracting primitive: V03_GLASS_CAFE_STOOL_00_MESH
23:44:49 | INFO: Primitives created: 1
23:44:49 | INFO: Extracting primitive: V03_GLASS_CAFE_STOOL_01_MESH
23:44:49 | INFO: Primitives created: 1
23:44:49 | INFO: Extracting primitive: V03_GLASS_CAFE_STOOL_02_MESH
23:44:49 | INFO: Primitives created: 1
23:44:49 | INFO: Extracting primitive: V03_GLASS_CAFE_STOOL_03_MESH
23:44:49 | INFO: Primitives created: 1
23:44:49 | INFO: Extracting primitive: V03_GLASS_COMMAND_CONSOLE_1_MESH
23:44:49 | INFO: Primitives created: 1
23:44:49 | INFO: Extracting primitive: V03_GLASS_COMMAND_CONSOLE_2_MESH
23:44:49 | INFO: Primitives created: 1
23:44:49 | INFO: Extracting primitive: V03_GLASS_COMMAND_DISPLAY_00_MESH
23:44:49 | INFO: Primitives created: 1
23:44:49 | INFO: Extracting primitive: V03_GLASS_COMMAND_DISPLAY_01_MESH
23:44:49 | INFO: Primitives created: 1
23:44:49 | INFO: Extracting primitive: V03_GLASS_COMMAND_DISPLAY_02_MESH
23:44:49 | INFO: Primitives created: 1
23:44:49 | INFO: Extracting primitive: V03_GLASS_COMMAND_DISPLAY_03_MESH
23:44:49 | INFO: Primitives created: 1
23:44:49 | INFO: Extracting primitive: V03_GLASS_COMMAND_DISPLAY_04_MESH
23:44:49 | INFO: Primitives created: 1
23:44:49 | INFO: Extracting primitive: V03_GLASS_COMMAND_DISPLAY_05_MESH
23:44:49 | INFO: Primitives created: 1
23:44:49 | INFO: Extracting primitive: V03_GLASS_COMMAND_MONITOR_WALL_MESH
23:44:49 | INFO: Primitives created: 1
23:44:49 | INFO: Extracting primitive: V03_GLASS_COMMAND_OPERATOR_SEAT_00_MESH
23:44:49 | INFO: Primitives created: 1
23:44:49 | INFO: Extracting primitive: V03_GLASS_COMMAND_OPERATOR_SEAT_01_MESH
23:44:49 | INFO: Primitives created: 1
23:44:49 | INFO: Extracting primitive: V03_GLASS_COMMAND_OPERATOR_SEAT_02_MESH
23:44:49 | INFO: Primitives created: 1
23:44:49 | INFO: Extracting primitive: V03_GLASS_COMMAND_OPERATOR_SEAT_03_MESH
23:44:49 | INFO: Primitives created: 1
23:44:49 | INFO: Extracting primitive: V03_GLASS_COMMAND_OPERATOR_SEAT_04_MESH
23:44:49 | INFO: Primitives created: 1
23:44:49 | INFO: Extracting primitive: V03_GLASS_COMMAND_OPERATOR_SEAT_05_MESH
23:44:49 | INFO: Primitives created: 1
23:44:49 | INFO: Extracting primitive: V03_GLASS_COMMAND_TERMINAL_00_MESH
23:44:49 | INFO: Primitives created: 1
23:44:49 | INFO: Extracting primitive: V03_GLASS_COMMAND_TERMINAL_01_MESH
23:44:49 | INFO: Primitives created: 1
23:44:49 | INFO: Extracting primitive: V03_GLASS_COMMAND_TERMINAL_02_MESH
23:44:49 | INFO: Primitives created: 1
23:44:49 | INFO: Extracting primitive: V03_GLASS_COMMAND_TERMINAL_03_MESH
23:44:49 | INFO: Primitives created: 1
23:44:49 | INFO: Extracting primitive: V03_GLASS_COMMAND_TERMINAL_04_MESH
23:44:49 | INFO: Primitives created: 1
23:44:49 | INFO: Extracting primitive: V03_GLASS_COMMAND_TERMINAL_05_MESH
23:44:49 | INFO: Primitives created: 1
23:44:49 | INFO: Extracting primitive: V03_GLASS_DECK_FLOOR_MESH
23:44:49 | INFO: Primitives created: 1
23:44:49 | INFO: Extracting primitive: V03_GLASS_DECK_LEFT_GLASS_MESH
23:44:49 | INFO: Primitives created: 1
23:44:49 | INFO: Extracting primitive: V03_GLASS_DECK_PORTAL_LEFT_20_MESH.001
23:44:49 | INFO: Primitives created: 1
23:44:49 | INFO: Extracting primitive: V03_GLASS_DECK_PORTAL_LEFT_145_MESH.001
23:44:49 | INFO: Primitives created: 1
23:44:49 | INFO: Extracting primitive: V03_GLASS_DECK_PORTAL_LEFT_270_MESH.001
23:44:49 | INFO: Primitives created: 1
23:44:49 | INFO: Extracting primitive: V03_GLASS_DECK_PORTAL_LEFT_395_MESH.001
23:44:49 | INFO: Primitives created: 1
23:44:49 | INFO: Extracting primitive: V03_GLASS_DECK_PORTAL_RIGHT_20_MESH.001
23:44:49 | INFO: Primitives created: 1
23:44:49 | INFO: Extracting primitive: V03_GLASS_DECK_PORTAL_RIGHT_145_MESH.001
23:44:49 | INFO: Primitives created: 1
23:44:49 | INFO: Extracting primitive: V03_GLASS_DECK_PORTAL_RIGHT_270_MESH.001
23:44:49 | INFO: Primitives created: 1
23:44:49 | INFO: Extracting primitive: V03_GLASS_DECK_PORTAL_RIGHT_395_MESH.001
23:44:49 | INFO: Primitives created: 1
23:44:49 | INFO: Extracting primitive: V03_GLASS_DECK_RIGHT_GLASS_MESH
23:44:49 | INFO: Primitives created: 1
23:44:49 | INFO: Extracting primitive: V03_GLASS_GALLERY_SEAT_00_00_MESH
23:44:49 | INFO: Primitives created: 1
23:44:49 | INFO: Extracting primitive: V03_GLASS_GALLERY_SEAT_00_01_MESH
23:44:49 | INFO: Primitives created: 1
23:44:49 | INFO: Extracting primitive: V03_GLASS_GALLERY_SEAT_00_02_MESH
23:44:49 | INFO: Primitives created: 1
23:44:49 | INFO: Extracting primitive: V03_GLASS_GALLERY_SEAT_01_00_MESH
23:44:49 | INFO: Primitives created: 1
23:44:49 | INFO: Extracting primitive: V03_GLASS_GALLERY_SEAT_01_01_MESH
23:44:49 | INFO: Primitives created: 1
23:44:49 | INFO: Extracting primitive: V03_GLASS_GALLERY_SEAT_01_02_MESH
23:44:49 | INFO: Primitives created: 1
23:44:49 | INFO: Extracting primitive: V03_GLASS_GALLERY_TABLE_00_MESH
23:44:49 | INFO: Primitives created: 1
23:44:49 | INFO: Extracting primitive: V03_GLASS_GALLERY_TABLE_01_MESH
23:44:49 | INFO: Primitives created: 1
23:44:49 | INFO: Extracting primitive: V03_GLASS_TRAINING_CHAIR_00_MESH
23:44:49 | INFO: Primitives created: 1
23:44:49 | INFO: Extracting primitive: V03_GLASS_TRAINING_CHAIR_01_MESH
23:44:49 | INFO: Primitives created: 1
23:44:49 | INFO: Extracting primitive: V03_GLASS_TRAINING_CHAIR_02_MESH
23:44:49 | INFO: Primitives created: 1
23:44:49 | INFO: Extracting primitive: V03_GLASS_TRAINING_CHAIR_03_MESH
23:44:49 | INFO: Primitives created: 1
23:44:49 | INFO: Extracting primitive: V03_GLASS_TRAINING_CHAIR_04_MESH
23:44:49 | INFO: Primitives created: 1
23:44:49 | INFO: Extracting primitive: V03_GLASS_TRAINING_CHAIR_05_MESH
23:44:49 | INFO: Primitives created: 1
23:44:49 | INFO: Extracting primitive: V03_GLASS_TRAINING_CHAIR_06_MESH
23:44:49 | INFO: Primitives created: 1
23:44:49 | INFO: Extracting primitive: V03_GLASS_TRAINING_CHAIR_07_MESH
23:44:49 | INFO: Primitives created: 1
23:44:49 | INFO: Extracting primitive: V03_GLASS_TRAINING_LIGHT_00_BODY_MESH
23:44:49 | INFO: Primitives created: 1
23:44:49 | INFO: Extracting primitive: V03_GLASS_TRAINING_LIGHT_00_GLOW_MESH
23:44:49 | INFO: Primitives created: 1
23:44:49 | INFO: Extracting primitive: V03_GLASS_TRAINING_LIGHT_01_BODY_MESH
23:44:49 | INFO: Primitives created: 1
23:44:49 | INFO: Extracting primitive: V03_GLASS_TRAINING_LIGHT_01_GLOW_MESH
23:44:49 | INFO: Primitives created: 1
23:44:49 | INFO: Extracting primitive: V03_GLASS_TRAINING_LIGHT_02_BODY_MESH
23:44:49 | INFO: Primitives created: 1
23:44:49 | INFO: Extracting primitive: V03_GLASS_TRAINING_LIGHT_02_GLOW_MESH
23:44:49 | INFO: Primitives created: 1
23:44:49 | INFO: Extracting primitive: V03_GLASS_TRAINING_SCREEN_MESH
23:44:49 | INFO: Primitives created: 1
23:44:49 | INFO: Extracting primitive: V03_GLASS_TRAINING_SLIDE_00_MESH
23:44:49 | INFO: Primitives created: 1
23:44:49 | INFO: Extracting primitive: V03_GLASS_TRAINING_SLIDE_01_MESH
23:44:49 | INFO: Primitives created: 1
23:44:49 | INFO: Extracting primitive: V03_GLASS_TRAINING_SLIDE_02_MESH
23:44:49 | INFO: Primitives created: 1
23:44:49 | INFO: Extracting primitive: V03_GLASS_TRAINING_SLIDE_03_MESH
23:44:49 | INFO: Primitives created: 1
23:44:49 | INFO: Extracting primitive: V03_GLASS_TRAINING_TABLE_MAIN_MESH
23:44:49 | INFO: Primitives created: 1
23:44:49 | INFO: Extracting primitive: V03_LIQUID_BACK_WALL_MESH
23:44:49 | INFO: Primitives created: 1
23:44:49 | INFO: Extracting primitive: V03_LIQUID_BOTTLE_00_MESH
23:44:49 | INFO: Primitives created: 1
23:44:49 | INFO: Extracting primitive: V03_LIQUID_BOTTLE_01_MESH
23:44:49 | INFO: Primitives created: 1
23:44:49 | INFO: Extracting primitive: V03_LIQUID_BOTTLE_02_MESH
23:44:49 | INFO: Primitives created: 1
23:44:49 | INFO: Extracting primitive: V03_LIQUID_BOTTLE_03_MESH
23:44:49 | INFO: Primitives created: 1
23:44:49 | INFO: Extracting primitive: V03_LIQUID_BOTTLE_04_MESH
23:44:49 | INFO: Primitives created: 1
23:44:49 | INFO: Extracting primitive: V03_LIQUID_BOTTLE_05_MESH
23:44:49 | INFO: Primitives created: 1
23:44:49 | INFO: Extracting primitive: V03_LIQUID_BOTTLE_06_MESH
23:44:49 | INFO: Primitives created: 1
23:44:49 | INFO: Extracting primitive: V03_LIQUID_BOTTLE_07_MESH
23:44:49 | INFO: Primitives created: 1
23:44:49 | INFO: Extracting primitive: V03_LIQUID_BOTTLE_08_MESH
23:44:49 | INFO: Primitives created: 1
23:44:49 | INFO: Extracting primitive: V03_LIQUID_BOTTLE_09_MESH
23:44:49 | INFO: Primitives created: 1
23:44:49 | INFO: Extracting primitive: V03_LIQUID_BOTTLE_INFEED_FRAME_MESH
23:44:49 | INFO: Primitives created: 1
23:44:49 | INFO: Extracting primitive: V03_LIQUID_BOTTLE_INFEED_GUARD_A_MESH
23:44:49 | INFO: Primitives created: 1
23:44:49 | INFO: Extracting primitive: V03_LIQUID_BOTTLE_INFEED_GUARD_B_MESH
23:44:49 | INFO: Primitives created: 1
23:44:49 | INFO: Extracting primitive: V03_LIQUID_BOTTLE_INFEED_ROLLER_00_MESH
23:44:49 | INFO: Primitives created: 1
23:44:49 | INFO: Extracting primitive: V03_LIQUID_BOTTLE_INFEED_ROLLER_01_MESH
23:44:49 | INFO: Primitives created: 1
23:44:49 | INFO: Extracting primitive: V03_LIQUID_BOTTLE_INFEED_ROLLER_02_MESH
23:44:49 | INFO: Primitives created: 1
23:44:49 | INFO: Extracting primitive: V03_LIQUID_BOTTLE_INFEED_ROLLER_03_MESH
23:44:49 | INFO: Primitives created: 1
23:44:49 | INFO: Extracting primitive: V03_LIQUID_BOTTLE_INFEED_ROLLER_04_MESH
23:44:49 | INFO: Primitives created: 1
23:44:49 | INFO: Extracting primitive: V03_LIQUID_BOTTLE_INFEED_ROLLER_05_MESH
23:44:49 | INFO: Primitives created: 1
23:44:49 | INFO: Extracting primitive: V03_LIQUID_BOTTLE_INFEED_ROLLER_06_MESH
23:44:49 | INFO: Primitives created: 1
23:44:49 | INFO: Extracting primitive: V03_LIQUID_CAPPER_GUARD_MESH
23:44:49 | INFO: Primitives created: 1
23:44:49 | INFO: Extracting primitive: V03_LIQUID_CAPPER_HEAD_MESH
23:44:49 | INFO: Primitives created: 1
23:44:49 | INFO: Extracting primitive: V03_LIQUID_CASE_OUTFEED_FRAME_MESH
23:44:49 | INFO: Primitives created: 1
23:44:49 | INFO: Extracting primitive: V03_LIQUID_CASE_OUTFEED_GUARD_A_MESH
23:44:49 | INFO: Primitives created: 1
23:44:49 | INFO: Extracting primitive: V03_LIQUID_CASE_OUTFEED_GUARD_B_MESH
23:44:49 | INFO: Primitives created: 1
23:44:49 | INFO: Extracting primitive: V03_LIQUID_CASE_OUTFEED_ROLLER_00_MESH
23:44:49 | INFO: Primitives created: 1
23:44:49 | INFO: Extracting primitive: V03_LIQUID_CASE_OUTFEED_ROLLER_01_MESH
23:44:49 | INFO: Primitives created: 1
23:44:49 | INFO: Extracting primitive: V03_LIQUID_CASE_OUTFEED_ROLLER_02_MESH
23:44:49 | INFO: Primitives created: 1
23:44:49 | INFO: Extracting primitive: V03_LIQUID_CASE_OUTFEED_ROLLER_03_MESH
23:44:49 | INFO: Primitives created: 1
23:44:49 | INFO: Extracting primitive: V03_LIQUID_CASE_OUTFEED_ROLLER_04_MESH
23:44:49 | INFO: Primitives created: 1
23:44:49 | INFO: Extracting primitive: V03_LIQUID_CASE_OUTFEED_ROLLER_05_MESH
23:44:49 | INFO: Primitives created: 1
23:44:49 | INFO: Extracting primitive: V03_LIQUID_CASE_OUTFEED_ROLLER_06_MESH
23:44:49 | INFO: Primitives created: 1
23:44:49 | INFO: Extracting primitive: V03_LIQUID_CASE_PACKER_MESH
23:44:49 | INFO: Primitives created: 1
23:44:49 | INFO: Extracting primitive: V03_LIQUID_FILLER_FRONT_GUARD_MESH
23:44:49 | INFO: Primitives created: 1
23:44:49 | INFO: Extracting primitive: V03_LIQUID_FLOOR_MESH
23:44:49 | INFO: Primitives created: 1
23:44:49 | INFO: Extracting primitive: V03_LIQUID_HEAD_BRIDGE_MESH
23:44:49 | INFO: Primitives created: 1
23:44:49 | INFO: Extracting primitive: V03_LIQUID_INSPECTION_CAMERA_MESH
23:44:49 | INFO: Primitives created: 1
23:44:49 | INFO: Extracting primitive: V03_LIQUID_LABEL_REEL_IN_MESH
23:44:49 | INFO: Primitives created: 1
23:44:49 | INFO: Extracting primitive: V03_LIQUID_LABEL_REEL_OUT_MESH
23:44:49 | INFO: Primitives created: 1
23:44:49 | INFO: Extracting primitive: V03_LIQUID_LABELER_HOOD_MESH
23:44:49 | INFO: Primitives created: 1
23:44:49 | INFO: Extracting primitive: V03_LIQUID_LIGHT_00_BODY_MESH
23:44:49 | INFO: Primitives created: 1
23:44:49 | INFO: Extracting primitive: V03_LIQUID_LIGHT_00_GLOW_MESH
23:44:49 | INFO: Primitives created: 1
23:44:49 | INFO: Extracting primitive: V03_LIQUID_LIGHT_01_BODY_MESH
23:44:49 | INFO: Primitives created: 1
23:44:49 | INFO: Extracting primitive: V03_LIQUID_LIGHT_01_GLOW_MESH
23:44:49 | INFO: Primitives created: 1
23:44:49 | INFO: Extracting primitive: V03_LIQUID_LIGHT_02_BODY_MESH
23:44:49 | INFO: Primitives created: 1
23:44:49 | INFO: Extracting primitive: V03_LIQUID_LIGHT_02_GLOW_MESH
23:44:49 | INFO: Primitives created: 1
23:44:49 | INFO: Extracting primitive: V03_LIQUID_LIGHT_03_BODY_MESH
23:44:49 | INFO: Primitives created: 1
23:44:49 | INFO: Extracting primitive: V03_LIQUID_LIGHT_03_GLOW_MESH
23:44:49 | INFO: Primitives created: 1
23:44:49 | INFO: Extracting primitive: V03_LIQUID_LIGHT_04_BODY_MESH
23:44:49 | INFO: Primitives created: 1
23:44:49 | INFO: Extracting primitive: V03_LIQUID_LIGHT_04_GLOW_MESH
23:44:49 | INFO: Primitives created: 1
23:44:49 | INFO: Extracting primitive: V03_LIQUID_LIGHT_05_BODY_MESH
23:44:49 | INFO: Primitives created: 1
23:44:49 | INFO: Extracting primitive: V03_LIQUID_LIGHT_05_GLOW_MESH
23:44:49 | INFO: Primitives created: 1
23:44:49 | INFO: Extracting primitive: V03_LIQUID_MAIN_LINE_GUARD_A_MESH
23:44:49 | INFO: Primitives created: 1
23:44:49 | INFO: Extracting primitive: V03_LIQUID_MAIN_LINE_GUARD_B_MESH
23:44:49 | INFO: Primitives created: 1
23:44:49 | INFO: Extracting primitive: V03_LIQUID_MAIN_LINE_ROLLER_00_MESH
23:44:49 | INFO: Primitives created: 1
23:44:49 | INFO: Extracting primitive: V03_LIQUID_MAIN_LINE_ROLLER_01_MESH
23:44:49 | INFO: Primitives created: 1
23:44:49 | INFO: Extracting primitive: V03_LIQUID_MAIN_LINE_ROLLER_02_MESH
23:44:49 | INFO: Primitives created: 1
23:44:49 | INFO: Extracting primitive: V03_LIQUID_MAIN_LINE_ROLLER_03_MESH
23:44:49 | INFO: Primitives created: 1
23:44:49 | INFO: Extracting primitive: V03_LIQUID_MAIN_LINE_ROLLER_04_MESH
23:44:49 | INFO: Primitives created: 1
23:44:49 | INFO: Extracting primitive: V03_LIQUID_MAIN_LINE_ROLLER_05_MESH
23:44:49 | INFO: Primitives created: 1
23:44:49 | INFO: Extracting primitive: V03_LIQUID_MAIN_LINE_ROLLER_06_MESH
23:44:49 | INFO: Primitives created: 1
23:44:49 | INFO: Extracting primitive: V03_LIQUID_NOZZLE_00_MESH
23:44:49 | INFO: Primitives created: 1
23:44:49 | INFO: Extracting primitive: V03_LIQUID_NOZZLE_01_MESH
23:44:49 | INFO: Primitives created: 1
23:44:49 | INFO: Extracting primitive: V03_LIQUID_NOZZLE_02_MESH
23:44:49 | INFO: Primitives created: 1
23:44:49 | INFO: Extracting primitive: V03_LIQUID_NOZZLE_03_MESH
23:44:49 | INFO: Primitives created: 1
23:44:49 | INFO: Extracting primitive: V03_LIQUID_NOZZLE_04_MESH
23:44:49 | INFO: Primitives created: 1
23:44:49 | INFO: Extracting primitive: V03_LIQUID_NOZZLE_05_MESH
23:44:49 | INFO: Primitives created: 1
23:44:49 | INFO: Extracting primitive: V03_LIQUID_NOZZLE_06_MESH
23:44:49 | INFO: Primitives created: 1
23:44:49 | INFO: Extracting primitive: V03_LIQUID_NOZZLE_07_MESH
23:44:49 | INFO: Primitives created: 1
23:44:49 | INFO: Extracting primitive: V03_LIQUID_NOZZLE_08_MESH
23:44:49 | INFO: Primitives created: 1
23:44:49 | INFO: Extracting primitive: V03_LIQUID_NOZZLE_09_MESH
23:44:49 | INFO: Primitives created: 1
23:44:49 | INFO: Extracting primitive: V03_LIQUID_OPERATOR_BAY_MESH
23:44:49 | INFO: Primitives created: 1
23:44:49 | INFO: Extracting primitive: V03_LIQUID_PACKED_CASE_00_MESH
23:44:49 | INFO: Primitives created: 1
23:44:49 | INFO: Extracting primitive: V03_LIQUID_PACKED_CASE_01_MESH
23:44:49 | INFO: Primitives created: 1
23:44:49 | INFO: Extracting primitive: V03_LIQUID_PACKED_CASE_02_MESH
23:44:49 | INFO: Primitives created: 1
23:44:49 | INFO: Extracting primitive: V03_LIQUID_PACKED_CASE_03_MESH
23:44:49 | INFO: Primitives created: 1
23:44:49 | INFO: Extracting primitive: V03_LIQUID_PACKED_CASE_04_MESH
23:44:49 | INFO: Primitives created: 1
23:44:49 | INFO: Extracting primitive: V03_LIQUID_PACKED_CASE_05_MESH
23:44:49 | INFO: Primitives created: 1
23:44:49 | INFO: Extracting primitive: V03_LIQUID_ROTARY_CAROUSEL_MESH
23:44:49 | INFO: Primitives created: 1
23:44:49 | INFO: Extracting primitive: V03_LIQUID_VISION_INSPECTION_MESH
23:44:49 | INFO: Primitives created: 1
23:44:49 | INFO: Extracting primitive: V03_PASTE_BACK_WALL_MESH
23:44:49 | INFO: Primitives created: 1
23:44:49 | INFO: Extracting primitive: V03_PASTE_CODER_INSPECTION_MESH
23:44:49 | INFO: Primitives created: 1
23:44:49 | INFO: Extracting primitive: V03_PASTE_CRIMP_JAW_00_MESH
23:44:49 | INFO: Primitives created: 1
23:44:49 | INFO: Extracting primitive: V03_PASTE_CRIMP_JAW_01_MESH
23:44:49 | INFO: Primitives created: 1
23:44:49 | INFO: Extracting primitive: V03_PASTE_CRIMP_JAW_02_MESH
23:44:49 | INFO: Primitives created: 1
23:44:49 | INFO: Extracting primitive: V03_PASTE_CRIMP_JAW_03_MESH
23:44:49 | INFO: Primitives created: 1
23:44:49 | INFO: Extracting primitive: V03_PASTE_CRIMP_JAW_04_MESH
23:44:49 | INFO: Primitives created: 1
23:44:49 | INFO: Extracting primitive: V03_PASTE_EMPTY_TUBE_00_MESH
23:44:49 | INFO: Primitives created: 1
23:44:49 | INFO: Extracting primitive: V03_PASTE_EMPTY_TUBE_01_MESH
23:44:49 | INFO: Primitives created: 1
23:44:49 | INFO: Extracting primitive: V03_PASTE_EMPTY_TUBE_02_MESH
23:44:49 | INFO: Primitives created: 1
23:44:49 | INFO: Extracting primitive: V03_PASTE_EMPTY_TUBE_03_MESH
23:44:49 | INFO: Primitives created: 1
23:44:49 | INFO: Extracting primitive: V03_PASTE_EMPTY_TUBE_04_MESH
23:44:49 | INFO: Primitives created: 1
23:44:49 | INFO: Extracting primitive: V03_PASTE_EMPTY_TUBE_05_MESH
23:44:49 | INFO: Primitives created: 1
23:44:49 | INFO: Extracting primitive: V03_PASTE_FEED_TO_FILLER_MESH
23:44:49 | INFO: Primitives created: 1
23:44:49 | INFO: Extracting primitive: V03_PASTE_FILL_NOZZLE_00_MESH
23:44:49 | INFO: Primitives created: 1
23:44:49 | INFO: Extracting primitive: V03_PASTE_FILL_NOZZLE_01_MESH
23:44:49 | INFO: Primitives created: 1
23:44:49 | INFO: Extracting primitive: V03_PASTE_FILL_NOZZLE_02_MESH
23:44:49 | INFO: Primitives created: 1
23:44:49 | INFO: Extracting primitive: V03_PASTE_FILL_NOZZLE_03_MESH
23:44:49 | INFO: Primitives created: 1
23:44:49 | INFO: Extracting primitive: V03_PASTE_FILLED_TUBE_00_MESH
23:44:49 | INFO: Primitives created: 1
23:44:49 | INFO: Extracting primitive: V03_PASTE_FILLED_TUBE_01_MESH
23:44:49 | INFO: Primitives created: 1
23:44:49 | INFO: Extracting primitive: V03_PASTE_FILLED_TUBE_02_MESH
23:44:49 | INFO: Primitives created: 1
23:44:49 | INFO: Extracting primitive: V03_PASTE_FILLED_TUBE_03_MESH
23:44:49 | INFO: Primitives created: 1
23:44:49 | INFO: Extracting primitive: V03_PASTE_FILLED_TUBE_04_MESH
23:44:49 | INFO: Primitives created: 1
23:44:49 | INFO: Extracting primitive: V03_PASTE_FILLED_TUBE_05_MESH
23:44:49 | INFO: Primitives created: 1
23:44:49 | INFO: Extracting primitive: V03_PASTE_FINISHED_CASE_00_MESH
23:44:49 | INFO: Primitives created: 1
23:44:49 | INFO: Extracting primitive: V03_PASTE_FINISHED_CASE_01_MESH
23:44:49 | INFO: Primitives created: 1
23:44:49 | INFO: Extracting primitive: V03_PASTE_FINISHED_CASE_02_MESH
23:44:49 | INFO: Primitives created: 1
23:44:49 | INFO: Extracting primitive: V03_PASTE_FINISHED_CASE_03_MESH
23:44:49 | INFO: Primitives created: 1
23:44:49 | INFO: Extracting primitive: V03_PASTE_FLOOR_MESH
23:44:49 | INFO: Primitives created: 1
23:44:49 | INFO: Extracting primitive: V03_PASTE_HOLDING_SKID_MESH
23:44:49 | INFO: Primitives created: 1
23:44:49 | INFO: Extracting primitive: V03_PASTE_HOLDING_TANK_MESH
23:44:49 | INFO: Primitives created: 1
23:44:49 | INFO: Extracting primitive: V03_PASTE_LIGHT_00_BODY_MESH
23:44:49 | INFO: Primitives created: 1
23:44:49 | INFO: Extracting primitive: V03_PASTE_LIGHT_00_GLOW_MESH
23:44:49 | INFO: Primitives created: 1
23:44:49 | INFO: Extracting primitive: V03_PASTE_LIGHT_01_BODY_MESH
23:44:49 | INFO: Primitives created: 1
23:44:49 | INFO: Extracting primitive: V03_PASTE_LIGHT_01_GLOW_MESH
23:44:49 | INFO: Primitives created: 1
23:44:49 | INFO: Extracting primitive: V03_PASTE_LIGHT_02_BODY_MESH
23:44:49 | INFO: Primitives created: 1
23:44:49 | INFO: Extracting primitive: V03_PASTE_LIGHT_02_GLOW_MESH
23:44:49 | INFO: Primitives created: 1
23:44:49 | INFO: Extracting primitive: V03_PASTE_LIGHT_03_BODY_MESH
23:44:49 | INFO: Primitives created: 1
23:44:49 | INFO: Extracting primitive: V03_PASTE_LIGHT_03_GLOW_MESH
23:44:49 | INFO: Primitives created: 1
23:44:49 | INFO: Extracting primitive: V03_PASTE_LIGHT_04_BODY_MESH
23:44:49 | INFO: Primitives created: 1
23:44:49 | INFO: Extracting primitive: V03_PASTE_LIGHT_04_GLOW_MESH
23:44:49 | INFO: Primitives created: 1
23:44:49 | INFO: Extracting primitive: V03_PASTE_LIGHT_05_BODY_MESH
23:44:49 | INFO: Primitives created: 1
23:44:49 | INFO: Extracting primitive: V03_PASTE_LIGHT_05_GLOW_MESH
23:44:49 | INFO: Primitives created: 1
23:44:49 | INFO: Extracting primitive: V03_PASTE_MIXER_LID_MESH
23:44:49 | INFO: Primitives created: 1
23:44:49 | INFO: Extracting primitive: V03_PASTE_MIXER_PIPE_00_MESH
23:44:49 | INFO: Primitives created: 1
23:44:49 | INFO: Extracting primitive: V03_PASTE_MIXER_PIPE_01_MESH
23:44:49 | INFO: Primitives created: 1
23:44:49 | INFO: Extracting primitive: V03_PASTE_MIXER_PIPE_02_MESH
23:44:49 | INFO: Primitives created: 1
23:44:49 | INFO: Extracting primitive: V03_PASTE_SEALER_MESH
23:44:49 | INFO: Primitives created: 1
23:44:49 | INFO: Extracting primitive: V03_PASTE_TRANSFER_MAIN_MESH
23:44:49 | INFO: Primitives created: 1
23:44:49 | INFO: Extracting primitive: V03_PASTE_TUBE_LINE_GUARD_A_MESH
23:44:49 | INFO: Primitives created: 1
23:44:49 | INFO: Extracting primitive: V03_PASTE_TUBE_LINE_GUARD_B_MESH
23:44:49 | INFO: Primitives created: 1
23:44:49 | INFO: Extracting primitive: V03_PASTE_TUBE_LINE_ROLLER_00_MESH
23:44:49 | INFO: Primitives created: 1
23:44:49 | INFO: Extracting primitive: V03_PASTE_TUBE_LINE_ROLLER_01_MESH
23:44:49 | INFO: Primitives created: 1
23:44:49 | INFO: Extracting primitive: V03_PASTE_TUBE_LINE_ROLLER_02_MESH
23:44:49 | INFO: Primitives created: 1
23:44:49 | INFO: Extracting primitive: V03_PASTE_TUBE_LINE_ROLLER_03_MESH
23:44:49 | INFO: Primitives created: 1
23:44:49 | INFO: Extracting primitive: V03_PASTE_TUBE_LINE_ROLLER_04_MESH
23:44:49 | INFO: Primitives created: 1
23:44:49 | INFO: Extracting primitive: V03_PASTE_TUBE_LINE_ROLLER_05_MESH
23:44:49 | INFO: Primitives created: 1
23:44:49 | INFO: Extracting primitive: V03_PASTE_TUBE_LINE_ROLLER_06_MESH
23:44:49 | INFO: Primitives created: 1
23:44:49 | INFO: Extracting primitive: V03_PASTE_TUBE_MAGAZINE_MESH
23:44:49 | INFO: Primitives created: 1
23:44:49 | INFO: Extracting primitive: V03_PASTE_VACUUM_MIXER_MESH
23:44:49 | INFO: Primitives created: 1
23:44:49 | INFO: Extracting primitive: V03_RESTAURANT_BAR_STOOL_00_MESH
23:44:49 | INFO: Primitives created: 1
23:44:49 | INFO: Extracting primitive: V03_RESTAURANT_BAR_STOOL_01_MESH
23:44:49 | INFO: Primitives created: 1
23:44:49 | INFO: Extracting primitive: V03_RESTAURANT_BAR_STOOL_02_MESH
23:44:49 | INFO: Primitives created: 1
23:44:49 | INFO: Extracting primitive: V03_RESTAURANT_BAR_STOOL_03_MESH
23:44:49 | INFO: Primitives created: 1
23:44:49 | INFO: Extracting primitive: V03_RESTAURANT_BAR_STOOL_04_MESH
23:44:49 | INFO: Primitives created: 1
23:44:49 | INFO: Extracting primitive: V03_RESTAURANT_BAR_STOOL_05_MESH
23:44:49 | INFO: Primitives created: 1
23:44:49 | INFO: Extracting primitive: V03_RESTAURANT_CIRCULATION_RUG_MESH
23:44:49 | INFO: Primitives created: 1
23:44:49 | INFO: Extracting primitive: V03_RESTAURANT_DINING_CHAIR_00_00_MESH
23:44:49 | INFO: Primitives created: 1
23:44:49 | INFO: Extracting primitive: V03_RESTAURANT_DINING_CHAIR_00_01_MESH
23:44:49 | INFO: Primitives created: 1
23:44:49 | INFO: Extracting primitive: V03_RESTAURANT_DINING_CHAIR_01_00_MESH
23:44:49 | INFO: Primitives created: 1
23:44:49 | INFO: Extracting primitive: V03_RESTAURANT_DINING_CHAIR_01_01_MESH
23:44:49 | INFO: Primitives created: 1
23:44:49 | INFO: Extracting primitive: V03_RESTAURANT_DINING_CHAIR_02_00_MESH
23:44:49 | INFO: Primitives created: 1
23:44:49 | INFO: Extracting primitive: V03_RESTAURANT_DINING_CHAIR_02_01_MESH
23:44:49 | INFO: Primitives created: 1
23:44:49 | INFO: Extracting primitive: V03_RESTAURANT_DINING_CHAIR_03_00_MESH
23:44:49 | INFO: Primitives created: 1
23:44:49 | INFO: Extracting primitive: V03_RESTAURANT_DINING_CHAIR_03_01_MESH
23:44:49 | INFO: Primitives created: 1
23:44:49 | INFO: Extracting primitive: V03_RESTAURANT_DINING_TABLE_00_MESH
23:44:49 | INFO: Primitives created: 1
23:44:49 | INFO: Extracting primitive: V03_RESTAURANT_DINING_TABLE_01_MESH
23:44:49 | INFO: Primitives created: 1
23:44:49 | INFO: Extracting primitive: V03_RESTAURANT_DINING_TABLE_02_MESH
23:44:49 | INFO: Primitives created: 1
23:44:49 | INFO: Extracting primitive: V03_RESTAURANT_DINING_TABLE_03_MESH
23:44:49 | INFO: Primitives created: 1
23:44:49 | INFO: Extracting primitive: V03_RESTAURANT_ENCLOSURE_BACK_MESH
23:44:49 | INFO: Primitives created: 1
23:44:49 | INFO: Extracting primitive: V03_RESTAURANT_ENCLOSURE_LEFT_MESH
23:44:49 | INFO: Primitives created: 1
23:44:49 | INFO: Extracting primitive: V03_RESTAURANT_ENCLOSURE_RIGHT_MESH
23:44:49 | INFO: Primitives created: 1
23:44:49 | INFO: Extracting primitive: V03_RESTAURANT_FLOOR_MESH
23:44:49 | INFO: Primitives created: 1
23:44:49 | INFO: Extracting primitive: V03_RESTAURANT_KITCHEN_HOOD_00_MESH
23:44:49 | INFO: Primitives created: 1
23:44:49 | INFO: Extracting primitive: V03_RESTAURANT_KITCHEN_HOOD_01_MESH
23:44:49 | INFO: Primitives created: 1
23:44:49 | INFO: Extracting primitive: V03_RESTAURANT_KITCHEN_HOOD_02_MESH
23:44:49 | INFO: Primitives created: 1
23:44:49 | INFO: Extracting primitive: V03_RESTAURANT_KITCHEN_HOOD_03_MESH
23:44:49 | INFO: Primitives created: 1
23:44:49 | INFO: Extracting primitive: V03_RESTAURANT_KITCHEN_PARTITION_MESH
23:44:49 | INFO: Primitives created: 1
23:44:49 | INFO: Extracting primitive: V03_RESTAURANT_KITCHEN_STATION_00_MESH
23:44:49 | INFO: Primitives created: 1
23:44:49 | INFO: Extracting primitive: V03_RESTAURANT_KITCHEN_STATION_01_MESH
23:44:49 | INFO: Primitives created: 1
23:44:49 | INFO: Extracting primitive: V03_RESTAURANT_KITCHEN_STATION_02_MESH
23:44:49 | INFO: Primitives created: 1
23:44:49 | INFO: Extracting primitive: V03_RESTAURANT_KITCHEN_STATION_03_MESH
23:44:49 | INFO: Primitives created: 1
23:44:49 | INFO: Extracting primitive: V03_RESTAURANT_LIGHT_00_BODY_MESH
23:44:49 | INFO: Primitives created: 1
23:44:49 | INFO: Extracting primitive: V03_RESTAURANT_LIGHT_00_GLOW_MESH
23:44:49 | INFO: Primitives created: 1
23:44:49 | INFO: Extracting primitive: V03_RESTAURANT_LIGHT_01_BODY_MESH
23:44:49 | INFO: Primitives created: 1
23:44:49 | INFO: Extracting primitive: V03_RESTAURANT_LIGHT_01_GLOW_MESH
23:44:49 | INFO: Primitives created: 1
23:44:49 | INFO: Extracting primitive: V03_RESTAURANT_LIGHT_02_BODY_MESH
23:44:49 | INFO: Primitives created: 1
23:44:49 | INFO: Extracting primitive: V03_RESTAURANT_LIGHT_02_GLOW_MESH
23:44:49 | INFO: Primitives created: 1
23:44:49 | INFO: Extracting primitive: V03_RESTAURANT_LIGHT_03_BODY_MESH
23:44:49 | INFO: Primitives created: 1
23:44:49 | INFO: Extracting primitive: V03_RESTAURANT_LIGHT_03_GLOW_MESH
23:44:49 | INFO: Primitives created: 1
23:44:49 | INFO: Extracting primitive: V03_RESTAURANT_PASS_MESH
23:44:49 | INFO: Primitives created: 1
23:44:49 | INFO: Extracting primitive: V03_RESTAURANT_SERVICE_BACKBAR_MESH
23:44:49 | INFO: Primitives created: 1
23:44:49 | INFO: Extracting primitive: V03_RESTAURANT_SERVICE_COUNTER_MESH
23:44:49 | INFO: Primitives created: 1
23:44:49 | INFO: Extracting primitive: V03_RESTAURANT_SERVICE_SHELF_00_MESH
23:44:49 | INFO: Primitives created: 1
23:44:49 | INFO: Extracting primitive: V03_RESTAURANT_SERVICE_SHELF_01_MESH
23:44:49 | INFO: Primitives created: 1
23:44:49 | INFO: Extracting primitive: V03_RESTAURANT_SERVICE_SHELF_02_MESH
23:44:49 | INFO: Primitives created: 1
23:44:49 | INFO: Extracting primitive: V03_RESTAURANT_SERVICE_SHELF_03_MESH
23:44:49 | INFO: Primitives created: 1
23:44:49 | INFO: Extracting primitive: V03_RESTAURANT_WALL_PANEL_00_MESH
23:44:49 | INFO: Primitives created: 1
23:44:49 | INFO: Extracting primitive: V03_RESTAURANT_WALL_PANEL_01_MESH
23:44:49 | INFO: Primitives created: 1
23:44:49 | INFO: Extracting primitive: V03_RESTAURANT_WALL_PANEL_02_MESH
23:44:49 | INFO: Primitives created: 1
23:44:49 | INFO: Extracting primitive: V03_RESTAURANT_WALL_PANEL_03_MESH
23:44:49 | INFO: Primitives created: 1
23:44:49 | INFO: Extracting primitive: V03_WIPES_BACK_WALL_MESH
23:44:49 | INFO: Primitives created: 1
23:44:49 | INFO: Extracting primitive: V03_WIPES_CONVERTING_LINE_GUARD_A_MESH
23:44:49 | INFO: Primitives created: 1
23:44:49 | INFO: Extracting primitive: V03_WIPES_CONVERTING_LINE_GUARD_B_MESH
23:44:49 | INFO: Primitives created: 1
23:44:49 | INFO: Extracting primitive: V03_WIPES_CONVERTING_LINE_ROLLER_00_MESH
23:44:49 | INFO: Primitives created: 1
23:44:49 | INFO: Extracting primitive: V03_WIPES_CONVERTING_LINE_ROLLER_01_MESH
23:44:49 | INFO: Primitives created: 1
23:44:49 | INFO: Extracting primitive: V03_WIPES_CONVERTING_LINE_ROLLER_02_MESH
23:44:49 | INFO: Primitives created: 1
23:44:49 | INFO: Extracting primitive: V03_WIPES_CONVERTING_LINE_ROLLER_03_MESH
23:44:49 | INFO: Primitives created: 1
23:44:49 | INFO: Extracting primitive: V03_WIPES_CONVERTING_LINE_ROLLER_04_MESH
23:44:49 | INFO: Primitives created: 1
23:44:49 | INFO: Extracting primitive: V03_WIPES_CONVERTING_LINE_ROLLER_05_MESH
23:44:49 | INFO: Primitives created: 1
23:44:49 | INFO: Extracting primitive: V03_WIPES_CONVERTING_LINE_ROLLER_06_MESH
23:44:49 | INFO: Primitives created: 1
23:44:49 | INFO: Extracting primitive: V03_WIPES_CUTTER_MESH
23:44:49 | INFO: Primitives created: 1
23:44:49 | INFO: Extracting primitive: V03_WIPES_FILM_REEL_MESH
23:44:49 | INFO: Primitives created: 1
23:44:49 | INFO: Extracting primitive: V03_WIPES_FILM_REEL_FRAME_MESH
23:44:49 | INFO: Primitives created: 1
23:44:49 | INFO: Extracting primitive: V03_WIPES_FINISHED_POUCH_00_MESH
23:44:49 | INFO: Primitives created: 1
23:44:49 | INFO: Extracting primitive: V03_WIPES_FINISHED_POUCH_01_MESH
23:44:49 | INFO: Primitives created: 1
23:44:49 | INFO: Extracting primitive: V03_WIPES_FINISHED_POUCH_02_MESH
23:44:49 | INFO: Primitives created: 1
23:44:49 | INFO: Extracting primitive: V03_WIPES_FINISHED_POUCH_03_MESH
23:44:49 | INFO: Primitives created: 1
23:44:49 | INFO: Extracting primitive: V03_WIPES_FINISHED_POUCH_04_MESH
23:44:49 | INFO: Primitives created: 1
23:44:49 | INFO: Extracting primitive: V03_WIPES_FLOOR_MESH
23:44:49 | INFO: Primitives created: 1
23:44:49 | INFO: Extracting primitive: V03_WIPES_FOLDING_GUARD_MESH
23:44:49 | INFO: Primitives created: 1
23:44:49 | INFO: Extracting primitive: V03_WIPES_FOLDING_PLOW_MESH
23:44:49 | INFO: Primitives created: 1
23:44:49 | INFO: Extracting primitive: V03_WIPES_LIGHT_00_BODY_MESH
23:44:49 | INFO: Primitives created: 1
23:44:49 | INFO: Extracting primitive: V03_WIPES_LIGHT_00_GLOW_MESH
23:44:49 | INFO: Primitives created: 1
23:44:49 | INFO: Extracting primitive: V03_WIPES_LIGHT_01_BODY_MESH
23:44:49 | INFO: Primitives created: 1
23:44:49 | INFO: Extracting primitive: V03_WIPES_LIGHT_01_GLOW_MESH
23:44:49 | INFO: Primitives created: 1
23:44:49 | INFO: Extracting primitive: V03_WIPES_LIGHT_02_BODY_MESH
23:44:49 | INFO: Primitives created: 1
23:44:49 | INFO: Extracting primitive: V03_WIPES_LIGHT_02_GLOW_MESH
23:44:49 | INFO: Primitives created: 1
23:44:49 | INFO: Extracting primitive: V03_WIPES_LIGHT_03_BODY_MESH
23:44:49 | INFO: Primitives created: 1
23:44:49 | INFO: Extracting primitive: V03_WIPES_LIGHT_03_GLOW_MESH
23:44:49 | INFO: Primitives created: 1
23:44:49 | INFO: Extracting primitive: V03_WIPES_LIGHT_04_BODY_MESH
23:44:49 | INFO: Primitives created: 1
23:44:49 | INFO: Extracting primitive: V03_WIPES_LIGHT_04_GLOW_MESH
23:44:49 | INFO: Primitives created: 1
23:44:49 | INFO: Extracting primitive: V03_WIPES_LIGHT_05_BODY_MESH
23:44:49 | INFO: Primitives created: 1
23:44:49 | INFO: Extracting primitive: V03_WIPES_LIGHT_05_GLOW_MESH
23:44:49 | INFO: Primitives created: 1
23:44:49 | INFO: Extracting primitive: V03_WIPES_LIGHT_06_BODY_MESH
23:44:50 | INFO: Primitives created: 1
23:44:50 | INFO: Extracting primitive: V03_WIPES_LIGHT_06_GLOW_MESH
23:44:50 | INFO: Primitives created: 1
23:44:50 | INFO: Extracting primitive: V03_WIPES_LOTION_FEED_MESH
23:44:50 | INFO: Primitives created: 1
23:44:50 | INFO: Extracting primitive: V03_WIPES_NIP_ROLL_00_MESH
23:44:50 | INFO: Primitives created: 1
23:44:50 | INFO: Extracting primitive: V03_WIPES_NIP_ROLL_01_MESH
23:44:50 | INFO: Primitives created: 1
23:44:50 | INFO: Extracting primitive: V03_WIPES_NIP_ROLL_02_MESH
23:44:50 | INFO: Primitives created: 1
23:44:50 | INFO: Extracting primitive: V03_WIPES_PACK_OUT_FRAME_MESH
23:44:50 | INFO: Primitives created: 1
23:44:50 | INFO: Extracting primitive: V03_WIPES_PACK_OUT_GUARD_A_MESH
23:44:50 | INFO: Primitives created: 1
23:44:50 | INFO: Extracting primitive: V03_WIPES_PACK_OUT_GUARD_B_MESH
23:44:50 | INFO: Primitives created: 1
23:44:50 | INFO: Extracting primitive: V03_WIPES_PACK_OUT_ROLLER_00_MESH
23:44:50 | INFO: Primitives created: 1
23:44:50 | INFO: Extracting primitive: V03_WIPES_PACK_OUT_ROLLER_01_MESH
23:44:50 | INFO: Primitives created: 1
23:44:50 | INFO: Extracting primitive: V03_WIPES_PACK_OUT_ROLLER_02_MESH
23:44:50 | INFO: Primitives created: 1
23:44:50 | INFO: Extracting primitive: V03_WIPES_PACK_OUT_ROLLER_03_MESH
23:44:50 | INFO: Primitives created: 1
23:44:50 | INFO: Extracting primitive: V03_WIPES_PACK_OUT_ROLLER_04_MESH
23:44:50 | INFO: Primitives created: 1
23:44:50 | INFO: Extracting primitive: V03_WIPES_PACK_OUT_ROLLER_05_MESH
23:44:50 | INFO: Primitives created: 1
23:44:50 | INFO: Extracting primitive: V03_WIPES_PACK_OUT_ROLLER_06_MESH
23:44:50 | INFO: Primitives created: 1
23:44:50 | INFO: Extracting primitive: V03_WIPES_PARENT_ROLL_MESH
23:44:50 | INFO: Primitives created: 1
23:44:50 | INFO: Extracting primitive: V03_WIPES_POUCH_PACKER_MESH
23:44:50 | INFO: Primitives created: 1
23:44:50 | INFO: Extracting primitive: V03_WIPES_ROLL_CORE_MESH
23:44:50 | INFO: Primitives created: 1
23:44:50 | INFO: Extracting primitive: V03_WIPES_SEAL_BAR_00_MESH
23:44:50 | INFO: Primitives created: 1
23:44:50 | INFO: Extracting primitive: V03_WIPES_SEAL_BAR_01_MESH
23:44:50 | INFO: Primitives created: 1
23:44:50 | INFO: Extracting primitive: V03_WIPES_SEAL_BAR_02_MESH
23:44:50 | INFO: Primitives created: 1
23:44:50 | INFO: Extracting primitive: V03_WIPES_SEAL_BAR_03_MESH
23:44:50 | INFO: Primitives created: 1
23:44:50 | INFO: Extracting primitive: V03_WIPES_STACK_00_MESH
23:44:50 | INFO: Primitives created: 1
23:44:50 | INFO: Extracting primitive: V03_WIPES_STACK_01_MESH
23:44:50 | INFO: Primitives created: 1
23:44:50 | INFO: Extracting primitive: V03_WIPES_STACK_02_MESH
23:44:50 | INFO: Primitives created: 1
23:44:50 | INFO: Extracting primitive: V03_WIPES_STACK_03_MESH
23:44:50 | INFO: Primitives created: 1
23:44:50 | INFO: Extracting primitive: V03_WIPES_STACK_04_MESH
23:44:50 | INFO: Primitives created: 1
23:44:50 | INFO: Extracting primitive: V03_WIPES_STACK_05_MESH
23:44:50 | INFO: Primitives created: 1
23:44:50 | INFO: Extracting primitive: V03_WIPES_STACKER_MESH
23:44:50 | INFO: Primitives created: 1
23:44:50 | INFO: Extracting primitive: V03_WIPES_WEB_01_MESH
23:44:50 | INFO: Primitives created: 1
23:44:50 | INFO: Extracting primitive: V03_WIPES_WEB_02_MESH
23:44:50 | INFO: Primitives created: 1
23:44:50 | INFO: Extracting primitive: V04_ADMIN_BACK_MESH.001
23:44:50 | INFO: Primitives created: 1
23:44:50 | INFO: Extracting primitive: V04_ADMIN_FLOOR_MESH.001
23:44:50 | INFO: Primitives created: 1
23:44:50 | INFO: Extracting primitive: V04_ADMIN_LAB_PARTITION_MESH.001
23:44:50 | INFO: Primitives created: 1
23:44:50 | INFO: Extracting primitive: V04_ADMIN_LEFT_MESH.001
23:44:50 | INFO: Primitives created: 1
23:44:50 | INFO: Extracting primitive: V04_ADMIN_LIGHT_00_BODY_MESH.001
23:44:50 | INFO: Primitives created: 1
23:44:50 | INFO: Extracting primitive: V04_ADMIN_LIGHT_00_GLOW_MESH.001
23:44:50 | INFO: Primitives created: 1
23:44:50 | INFO: Extracting primitive: V04_ADMIN_LIGHT_01_BODY_MESH.001
23:44:50 | INFO: Primitives created: 1
23:44:50 | INFO: Extracting primitive: V04_ADMIN_LIGHT_01_GLOW_MESH.001
23:44:50 | INFO: Primitives created: 1
23:44:50 | INFO: Extracting primitive: V04_ADMIN_LIGHT_02_BODY_MESH.001
23:44:50 | INFO: Primitives created: 1
23:44:50 | INFO: Extracting primitive: V04_ADMIN_LIGHT_02_GLOW_MESH.001
23:44:50 | INFO: Primitives created: 1
23:44:50 | INFO: Extracting primitive: V04_ADMIN_LIGHT_03_BODY_MESH.001
23:44:50 | INFO: Primitives created: 1
23:44:50 | INFO: Extracting primitive: V04_ADMIN_LIGHT_03_GLOW_MESH.001
23:44:50 | INFO: Primitives created: 1
23:44:50 | INFO: Extracting primitive: V04_ADMIN_LIGHT_04_BODY_MESH.001
23:44:50 | INFO: Primitives created: 1
23:44:50 | INFO: Extracting primitive: V04_ADMIN_LIGHT_04_GLOW_MESH.001
23:44:50 | INFO: Primitives created: 1
23:44:50 | INFO: Extracting primitive: V04_ADMIN_LIGHT_05_BODY_MESH.001
23:44:50 | INFO: Primitives created: 1
23:44:50 | INFO: Extracting primitive: V04_ADMIN_LIGHT_05_GLOW_MESH.001
23:44:50 | INFO: Primitives created: 1
23:44:50 | INFO: Extracting primitive: V04_ADMIN_LIGHT_06_BODY_MESH.001
23:44:50 | INFO: Primitives created: 1
23:44:50 | INFO: Extracting primitive: V04_ADMIN_LIGHT_06_GLOW_MESH.001
23:44:50 | INFO: Primitives created: 1
23:44:50 | INFO: Extracting primitive: V04_ADMIN_MEETING_SEAT_00_MESH.001
23:44:50 | INFO: Primitives created: 1
23:44:50 | INFO: Extracting primitive: V04_ADMIN_MEETING_SEAT_01_MESH.001
23:44:50 | INFO: Primitives created: 1
23:44:50 | INFO: Extracting primitive: V04_ADMIN_MEETING_SEAT_02_MESH.001
23:44:50 | INFO: Primitives created: 1
23:44:50 | INFO: Extracting primitive: V04_ADMIN_MEETING_SEAT_03_MESH.001
23:44:50 | INFO: Primitives created: 1
23:44:50 | INFO: Extracting primitive: V04_ADMIN_MEETING_SEAT_04_MESH.001
23:44:50 | INFO: Primitives created: 1
23:44:50 | INFO: Extracting primitive: V04_ADMIN_MEETING_SEAT_05_MESH.001
23:44:50 | INFO: Primitives created: 1
23:44:50 | INFO: Extracting primitive: V04_ADMIN_MEETING_SEAT_06_MESH.001
23:44:50 | INFO: Primitives created: 1
23:44:50 | INFO: Extracting primitive: V04_ADMIN_MEETING_SEAT_07_MESH.001
23:44:50 | INFO: Primitives created: 1
23:44:50 | INFO: Extracting primitive: V04_ADMIN_MEETING_TABLE_MESH.001
23:44:50 | INFO: Primitives created: 1
23:44:50 | INFO: Extracting primitive: V04_ADMIN_OFFICE_POD_00_MESH.001
23:44:50 | INFO: Primitives created: 1
23:44:50 | INFO: Extracting primitive: V04_ADMIN_OFFICE_POD_01_MESH.001
23:44:50 | INFO: Primitives created: 1
23:44:50 | INFO: Extracting primitive: V04_ADMIN_OFFICE_POD_02_MESH.001
23:44:50 | INFO: Primitives created: 1
23:44:50 | INFO: Extracting primitive: V04_ADMIN_OFFICE_POD_03_MESH.001
23:44:50 | INFO: Primitives created: 1
23:44:50 | INFO: Extracting primitive: V04_ADMIN_OFFICE_POD_04_MESH.001
23:44:50 | INFO: Primitives created: 1
23:44:50 | INFO: Extracting primitive: V04_ADMIN_OFFICE_POD_05_MESH.001
23:44:50 | INFO: Primitives created: 1
23:44:50 | INFO: Extracting primitive: V04_ADMIN_QC_INSTRUMENT_00_MESH.001
23:44:50 | INFO: Primitives created: 1
23:44:50 | INFO: Extracting primitive: V04_ADMIN_QC_INSTRUMENT_01_MESH.001
23:44:50 | INFO: Primitives created: 1
23:44:50 | INFO: Extracting primitive: V04_ADMIN_QC_INSTRUMENT_02_MESH.001
23:44:50 | INFO: Primitives created: 1
23:44:50 | INFO: Extracting primitive: V04_ADMIN_QC_INSTRUMENT_03_MESH.001
23:44:50 | INFO: Primitives created: 1
23:44:50 | INFO: Extracting primitive: V04_ADMIN_QC_INSTRUMENT_04_MESH.001
23:44:50 | INFO: Primitives created: 1
23:44:50 | INFO: Extracting primitive: V04_ADMIN_QC_SAMPLE_00_MESH.001
23:44:50 | INFO: Primitives created: 1
23:44:50 | INFO: Extracting primitive: V04_ADMIN_QC_SAMPLE_01_MESH.001
23:44:50 | INFO: Primitives created: 1
23:44:50 | INFO: Extracting primitive: V04_ADMIN_QC_SAMPLE_02_MESH.001
23:44:50 | INFO: Primitives created: 1
23:44:50 | INFO: Extracting primitive: V04_ADMIN_QC_SAMPLE_03_MESH.001
23:44:50 | INFO: Primitives created: 1
23:44:50 | INFO: Extracting primitive: V04_ADMIN_QC_SAMPLE_04_MESH.001
23:44:50 | INFO: Primitives created: 1
23:44:50 | INFO: Extracting primitive: V04_ADMIN_QC_STORAGE_BEAM_00_MESH.001
23:44:50 | INFO: Primitives created: 1
23:44:50 | INFO: Extracting primitive: V04_ADMIN_QC_STORAGE_BEAM_01_MESH.001
23:44:50 | INFO: Primitives created: 1
23:44:50 | INFO: Extracting primitive: V04_ADMIN_QC_STORAGE_LOAD_00_00_MESH.001
23:44:50 | INFO: Primitives created: 1
23:44:50 | INFO: Extracting primitive: V04_ADMIN_QC_STORAGE_LOAD_00_01_MESH.001
23:44:50 | INFO: Primitives created: 1
23:44:50 | INFO: Extracting primitive: V04_ADMIN_QC_STORAGE_LOAD_01_00_MESH.001
23:44:50 | INFO: Primitives created: 1
23:44:50 | INFO: Extracting primitive: V04_ADMIN_QC_STORAGE_LOAD_01_01_MESH.001
23:44:50 | INFO: Primitives created: 1
23:44:50 | INFO: Extracting primitive: V04_ADMIN_QC_STORAGE_LOAD_02_00_MESH.001
23:44:50 | INFO: Primitives created: 1
23:44:50 | INFO: Extracting primitive: V04_ADMIN_QC_STORAGE_LOAD_02_01_MESH.001
23:44:50 | INFO: Primitives created: 1
23:44:50 | INFO: Extracting primitive: V04_ADMIN_QC_STORAGE_LOAD_03_00_MESH.001
23:44:50 | INFO: Primitives created: 1
23:44:50 | INFO: Extracting primitive: V04_ADMIN_QC_STORAGE_LOAD_03_01_MESH.001
23:44:50 | INFO: Primitives created: 1
23:44:50 | INFO: Extracting primitive: V04_ADMIN_QC_STORAGE_PALLET_00_00_MESH.001
23:44:50 | INFO: Primitives created: 1
23:44:50 | INFO: Extracting primitive: V04_ADMIN_QC_STORAGE_PALLET_00_01_MESH.001
23:44:50 | INFO: Primitives created: 1
23:44:50 | INFO: Extracting primitive: V04_ADMIN_QC_STORAGE_PALLET_01_00_MESH.001
23:44:50 | INFO: Primitives created: 1
23:44:50 | INFO: Extracting primitive: V04_ADMIN_QC_STORAGE_PALLET_01_01_MESH.001
23:44:50 | INFO: Primitives created: 1
23:44:50 | INFO: Extracting primitive: V04_ADMIN_QC_STORAGE_PALLET_02_00_MESH.001
23:44:50 | INFO: Primitives created: 1
23:44:50 | INFO: Extracting primitive: V04_ADMIN_QC_STORAGE_PALLET_02_01_MESH.001
23:44:50 | INFO: Primitives created: 1
23:44:50 | INFO: Extracting primitive: V04_ADMIN_QC_STORAGE_PALLET_03_00_MESH.001
23:44:50 | INFO: Primitives created: 1
23:44:50 | INFO: Extracting primitive: V04_ADMIN_QC_STORAGE_PALLET_03_01_MESH.001
23:44:50 | INFO: Primitives created: 1
23:44:50 | INFO: Extracting primitive: V04_ADMIN_QC_STORAGE_UPRIGHT_00_00_MESH.001
23:44:50 | INFO: Primitives created: 1
23:44:50 | INFO: Extracting primitive: V04_ADMIN_QC_STORAGE_UPRIGHT_00_01_MESH.001
23:44:50 | INFO: Primitives created: 1
23:44:50 | INFO: Extracting primitive: V04_ADMIN_QC_STORAGE_UPRIGHT_01_00_MESH.001
23:44:50 | INFO: Primitives created: 1
23:44:50 | INFO: Extracting primitive: V04_ADMIN_QC_STORAGE_UPRIGHT_01_01_MESH.001
23:44:50 | INFO: Primitives created: 1
23:44:50 | INFO: Extracting primitive: V04_ADMIN_QC_STORAGE_UPRIGHT_02_00_MESH.001
23:44:50 | INFO: Primitives created: 1
23:44:50 | INFO: Extracting primitive: V04_ADMIN_QC_STORAGE_UPRIGHT_02_01_MESH.001
23:44:50 | INFO: Primitives created: 1
23:44:50 | INFO: Extracting primitive: V04_ADMIN_QC_STORAGE_UPRIGHT_03_00_MESH.001
23:44:50 | INFO: Primitives created: 1
23:44:50 | INFO: Extracting primitive: V04_ADMIN_QC_STORAGE_UPRIGHT_03_01_MESH.001
23:44:50 | INFO: Primitives created: 1
23:44:50 | INFO: Extracting primitive: V04_ADMIN_RECEPTION_MESH.001
23:44:50 | INFO: Primitives created: 1
23:44:50 | INFO: Extracting primitive: V04_ADMIN_RECEPTION_BACK_MESH.001
23:44:50 | INFO: Primitives created: 1
23:44:50 | INFO: Extracting primitive: V04_ADMIN_RIGHT_MESH.001
23:44:50 | INFO: Primitives created: 1
23:44:50 | INFO: Extracting primitive: V04_BLOW_BOTTLE_INSPECTION_MESH.001
23:44:50 | INFO: Primitives created: 1
23:44:50 | INFO: Extracting primitive: V04_BLOW_CAGE_SIDE_1_MESH.001
23:44:50 | INFO: Primitives created: 1
23:44:50 | INFO: Extracting primitive: V04_BLOW_CAGE_SIDE_-1_MESH.001
23:44:50 | INFO: Primitives created: 1
23:44:50 | INFO: Extracting primitive: V04_BLOW_LIGHT_00_BODY_MESH.001
23:44:50 | INFO: Primitives created: 1
23:44:50 | INFO: Extracting primitive: V04_BLOW_LIGHT_00_GLOW_MESH.001
23:44:50 | INFO: Primitives created: 1
23:44:50 | INFO: Extracting primitive: V04_BLOW_LIGHT_01_BODY_MESH.001
23:44:50 | INFO: Primitives created: 1
23:44:50 | INFO: Extracting primitive: V04_BLOW_LIGHT_01_GLOW_MESH.001
23:44:50 | INFO: Primitives created: 1
23:44:50 | INFO: Extracting primitive: V04_BLOW_LIGHT_02_BODY_MESH.001
23:44:50 | INFO: Primitives created: 1
23:44:50 | INFO: Extracting primitive: V04_BLOW_LIGHT_02_GLOW_MESH.001
23:44:50 | INFO: Primitives created: 1
23:44:50 | INFO: Extracting primitive: V04_BLOW_LIGHT_03_BODY_MESH.001
23:44:50 | INFO: Primitives created: 1
23:44:50 | INFO: Extracting primitive: V04_BLOW_LIGHT_03_GLOW_MESH.001
23:44:50 | INFO: Primitives created: 1
23:44:50 | INFO: Extracting primitive: V04_BLOW_LIGHT_04_BODY_MESH.001
23:44:50 | INFO: Primitives created: 1
23:44:50 | INFO: Extracting primitive: V04_BLOW_LIGHT_04_GLOW_MESH.001
23:44:50 | INFO: Primitives created: 1
23:44:50 | INFO: Extracting primitive: V04_BLOW_LIGHT_05_BODY_MESH.001
23:44:50 | INFO: Primitives created: 1
23:44:50 | INFO: Extracting primitive: V04_BLOW_LIGHT_05_GLOW_MESH.001
23:44:50 | INFO: Primitives created: 1
23:44:50 | INFO: Extracting primitive: V04_BLOW_OVEN_DUCT_00_MESH.001
23:44:50 | INFO: Primitives created: 1
23:44:50 | INFO: Extracting primitive: V04_BLOW_OVEN_DUCT_01_MESH.001
23:44:50 | INFO: Primitives created: 1
23:44:50 | INFO: Extracting primitive: V04_BLOW_OVEN_DUCT_02_MESH.001
23:44:50 | INFO: Primitives created: 1
23:44:50 | INFO: Extracting primitive: V04_BLOW_OVEN_SERVICE_DECK_MESH.001
23:44:50 | INFO: Primitives created: 1
23:44:50 | INFO: Extracting primitive: V04_BLOW_PREFORM_BIN_MESH.001
23:44:50 | INFO: Primitives created: 1
23:44:50 | INFO: Extracting primitive: V04_BLOW_PREFORM_BIN_00_MESH.001
23:44:50 | INFO: Primitives created: 1
23:44:50 | INFO: Extracting primitive: V04_BLOW_PREFORM_BIN_01_MESH.001
23:44:50 | INFO: Primitives created: 1
23:44:50 | INFO: Extracting primitive: V04_BLOW_PREFORM_BIN_02_MESH.001
23:44:50 | INFO: Primitives created: 1
23:44:50 | INFO: Extracting primitive: V04_BLOW_PREFORM_BIN_03_MESH.001
23:44:50 | INFO: Primitives created: 1
23:44:50 | INFO: Extracting primitive: V04_BLOW_PREFORM_TRANSFER_FRAME_MESH.001
23:44:50 | INFO: Primitives created: 1
23:44:50 | INFO: Extracting primitive: V04_BLOW_PREFORM_TRANSFER_GUARD_A_MESH.001
23:44:50 | INFO: Primitives created: 1
23:44:50 | INFO: Extracting primitive: V04_BLOW_PREFORM_TRANSFER_GUARD_B_MESH.001
23:44:50 | INFO: Primitives created: 1
23:44:50 | INFO: Extracting primitive: V04_BLOW_PREFORM_TRANSFER_ROLLER_00_MESH.001
23:44:50 | INFO: Primitives created: 1
23:44:50 | INFO: Extracting primitive: V04_BLOW_PREFORM_TRANSFER_ROLLER_01_MESH.001
23:44:50 | INFO: Primitives created: 1
23:44:50 | INFO: Extracting primitive: V04_BLOW_PREFORM_TRANSFER_ROLLER_02_MESH.001
23:44:50 | INFO: Primitives created: 1
23:44:50 | INFO: Extracting primitive: V04_BLOW_PREFORM_TRANSFER_ROLLER_03_MESH.001
23:44:50 | INFO: Primitives created: 1
23:44:50 | INFO: Extracting primitive: V04_BLOW_PREFORM_TRANSFER_ROLLER_04_MESH.001
23:44:50 | INFO: Primitives created: 1
23:44:50 | INFO: Extracting primitive: V04_BLOW_PREFORM_TRANSFER_ROLLER_05_MESH.001
23:44:50 | INFO: Primitives created: 1
23:44:50 | INFO: Extracting primitive: V04_BLOW_PREFORM_TRANSFER_ROLLER_06_MESH.001
23:44:50 | INFO: Primitives created: 1
23:44:50 | INFO: Extracting primitive: V04_BLOW_PREFORM_TRANSFER_ROLLER_07_MESH.001
23:44:50 | INFO: Primitives created: 1
23:44:50 | INFO: Extracting primitive: V04_CLINIC_BACK_MESH.001
23:44:50 | INFO: Primitives created: 1
23:44:50 | INFO: Extracting primitive: V04_CLINIC_EXAM_BACK_MESH.001
23:44:50 | INFO: Primitives created: 1
23:44:50 | INFO: Extracting primitive: V04_CLINIC_EXAM_BED_MESH.001
23:44:50 | INFO: Primitives created: 1
23:44:50 | INFO: Extracting primitive: V04_CLINIC_FLOOR_MESH.001
23:44:50 | INFO: Primitives created: 1
23:44:50 | INFO: Extracting primitive: V04_CLINIC_LEFT_MESH.001
23:44:50 | INFO: Primitives created: 1
23:44:50 | INFO: Extracting primitive: V04_CLINIC_LIGHT_00_BODY_MESH.001
23:44:50 | INFO: Primitives created: 1
23:44:50 | INFO: Extracting primitive: V04_CLINIC_LIGHT_00_GLOW_MESH.001
23:44:50 | INFO: Primitives created: 1
23:44:50 | INFO: Extracting primitive: V04_CLINIC_LIGHT_01_BODY_MESH.001
23:44:50 | INFO: Primitives created: 1
23:44:50 | INFO: Extracting primitive: V04_CLINIC_LIGHT_01_GLOW_MESH.001
23:44:50 | INFO: Primitives created: 1
23:44:50 | INFO: Extracting primitive: V04_CLINIC_LIGHT_02_BODY_MESH.001
23:44:50 | INFO: Primitives created: 1
23:44:50 | INFO: Extracting primitive: V04_CLINIC_LIGHT_02_GLOW_MESH.001
23:44:50 | INFO: Primitives created: 1
23:44:50 | INFO: Extracting primitive: V04_CLINIC_LIGHT_03_BODY_MESH.001
23:44:50 | INFO: Primitives created: 1
23:44:50 | INFO: Extracting primitive: V04_CLINIC_LIGHT_03_GLOW_MESH.001
23:44:50 | INFO: Primitives created: 1
23:44:50 | INFO: Extracting primitive: V04_CLINIC_MEDICAL_CABINET_00_MESH.001
23:44:50 | INFO: Primitives created: 1
23:44:50 | INFO: Extracting primitive: V04_CLINIC_MEDICAL_CABINET_01_MESH.001
23:44:50 | INFO: Primitives created: 1
23:44:50 | INFO: Extracting primitive: V04_CLINIC_MEDICAL_CABINET_02_MESH.001
23:44:50 | INFO: Primitives created: 1
23:44:50 | INFO: Extracting primitive: V04_CLINIC_PRIVACY_MESH.001
23:44:50 | INFO: Primitives created: 1
23:44:50 | INFO: Extracting primitive: V04_CLINIC_RECEPTION_MESH.001
23:44:50 | INFO: Primitives created: 1
23:44:50 | INFO: Extracting primitive: V04_CLINIC_RIGHT_MESH.001
23:44:50 | INFO: Primitives created: 1
23:44:50 | INFO: Extracting primitive: V04_CLINIC_SINK_MESH.001
23:44:50 | INFO: Primitives created: 1
23:44:50 | INFO: Extracting primitive: V04_CLINIC_TREATMENT_CART_MESH.001
23:44:50 | INFO: Primitives created: 1
23:44:50 | INFO: Extracting primitive: V04_CLINIC_WAIT_SEAT_00_MESH.001
23:44:50 | INFO: Primitives created: 1
23:44:50 | INFO: Extracting primitive: V04_CLINIC_WAIT_SEAT_01_MESH.001
23:44:50 | INFO: Primitives created: 1
23:44:50 | INFO: Extracting primitive: V04_CLINIC_WAIT_SEAT_02_MESH.001
23:44:50 | INFO: Primitives created: 1
23:44:50 | INFO: Extracting primitive: V04_CLINIC_WAIT_SEAT_03_MESH.001
23:44:50 | INFO: Primitives created: 1
23:44:50 | INFO: Extracting primitive: V04_ETP_BACK_MESH.001
23:44:50 | INFO: Primitives created: 1
23:44:50 | INFO: Extracting primitive: V04_ETP_FILTER_00_MESH.001
23:44:50 | INFO: Primitives created: 1
23:44:50 | INFO: Extracting primitive: V04_ETP_FILTER_01_MESH.001
23:44:50 | INFO: Primitives created: 1
23:44:50 | INFO: Extracting primitive: V04_ETP_FILTER_02_MESH.001
23:44:50 | INFO: Primitives created: 1
23:44:50 | INFO: Extracting primitive: V04_ETP_FLOOR_MESH.001
23:44:50 | INFO: Primitives created: 1
23:44:50 | INFO: Extracting primitive: V04_ETP_HEADER_00_MESH.001
23:44:50 | INFO: Primitives created: 1
23:44:50 | INFO: Extracting primitive: V04_ETP_HEADER_01_MESH.001
23:44:50 | INFO: Primitives created: 1
23:44:50 | INFO: Extracting primitive: V04_ETP_HEADER_02_MESH.001
23:44:50 | INFO: Primitives created: 1
23:44:50 | INFO: Extracting primitive: V04_ETP_LEFT_MESH.001
23:44:50 | INFO: Primitives created: 1
23:44:50 | INFO: Extracting primitive: V04_ETP_LIGHT_00_BODY_MESH.001
23:44:50 | INFO: Primitives created: 1
23:44:50 | INFO: Extracting primitive: V04_ETP_LIGHT_00_GLOW_MESH.001
23:44:50 | INFO: Primitives created: 1
23:44:50 | INFO: Extracting primitive: V04_ETP_LIGHT_01_BODY_MESH.001
23:44:50 | INFO: Primitives created: 1
23:44:50 | INFO: Extracting primitive: V04_ETP_LIGHT_01_GLOW_MESH.001
23:44:50 | INFO: Primitives created: 1
23:44:50 | INFO: Extracting primitive: V04_ETP_LIGHT_02_BODY_MESH.001
23:44:50 | INFO: Primitives created: 1
23:44:50 | INFO: Extracting primitive: V04_ETP_LIGHT_02_GLOW_MESH.001
23:44:50 | INFO: Primitives created: 1
23:44:50 | INFO: Extracting primitive: V04_ETP_LIGHT_03_BODY_MESH.001
23:44:50 | INFO: Primitives created: 1
23:44:50 | INFO: Extracting primitive: V04_ETP_LIGHT_03_GLOW_MESH.001
23:44:50 | INFO: Primitives created: 1
23:44:50 | INFO: Extracting primitive: V04_ETP_LIGHT_04_BODY_MESH.001
23:44:50 | INFO: Primitives created: 1
23:44:50 | INFO: Extracting primitive: V04_ETP_LIGHT_04_GLOW_MESH.001
23:44:50 | INFO: Primitives created: 1
23:44:50 | INFO: Extracting primitive: V04_ETP_OPERATOR_PLATFORM_MESH.001
23:44:50 | INFO: Primitives created: 1
23:44:50 | INFO: Extracting primitive: V04_ETP_PUMP_00_MESH.001
23:44:50 | INFO: Primitives created: 1
23:44:50 | INFO: Extracting primitive: V04_ETP_PUMP_01_MESH.001
23:44:50 | INFO: Primitives created: 1
23:44:50 | INFO: Extracting primitive: V04_ETP_PUMP_02_MESH.001
23:44:50 | INFO: Primitives created: 1
23:44:50 | INFO: Extracting primitive: V04_ETP_PUMP_SKID_00_MESH.001
23:44:50 | INFO: Primitives created: 1
23:44:50 | INFO: Extracting primitive: V04_ETP_PUMP_SKID_01_MESH.001
23:44:50 | INFO: Primitives created: 1
23:44:50 | INFO: Extracting primitive: V04_ETP_PUMP_SKID_02_MESH.001
23:44:50 | INFO: Primitives created: 1
23:44:50 | INFO: Extracting primitive: V04_ETP_RIGHT_MESH.001
23:44:50 | INFO: Primitives created: 1
23:44:50 | INFO: Extracting primitive: V04_ETP_TANK_00_MESH.001
23:44:50 | INFO: Primitives created: 1
23:44:50 | INFO: Extracting primitive: V04_ETP_TANK_01_MESH.001
23:44:50 | INFO: Primitives created: 1
23:44:50 | INFO: Extracting primitive: V04_ETP_TANK_LID_00_MESH.001
23:44:50 | INFO: Primitives created: 1
23:44:50 | INFO: Extracting primitive: V04_ETP_TANK_LID_01_MESH.001
23:44:50 | INFO: Primitives created: 1
23:44:50 | INFO: Extracting primitive: V04_ETP_TANK_LID_02_MESH.001
23:44:50 | INFO: Primitives created: 1
23:44:50 | INFO: Extracting primitive: V04_FG_AMR_00_MESH.001
23:44:50 | INFO: Primitives created: 1
23:44:50 | INFO: Extracting primitive: V04_FG_AMR_01_MESH.001
23:44:50 | INFO: Primitives created: 1
23:44:50 | INFO: Extracting primitive: V04_FG_AMR_02_MESH.001
23:44:50 | INFO: Primitives created: 1
23:44:50 | INFO: Extracting primitive: V04_FG_AMR_WHEEL_00_MESH.001
23:44:50 | INFO: Primitives created: 1
23:44:50 | INFO: Extracting primitive: V04_FG_AMR_WHEEL_01_MESH.001
23:44:50 | INFO: Primitives created: 1
23:44:50 | INFO: Extracting primitive: V04_FG_AMR_WHEEL_02_MESH.001
23:44:50 | INFO: Primitives created: 1
23:44:50 | INFO: Extracting primitive: V04_FG_BACK_MESH.001
23:44:50 | INFO: Primitives created: 1
23:44:50 | INFO: Extracting primitive: V04_FG_DISPATCH_DESK_MESH.001
23:44:50 | INFO: Primitives created: 1
23:44:50 | INFO: Extracting primitive: V04_FG_FLOOR_MESH.001
23:44:50 | INFO: Primitives created: 1
23:44:50 | INFO: Extracting primitive: V04_FG_LEFT_MESH.001
23:44:50 | INFO: Primitives created: 1
23:44:50 | INFO: Extracting primitive: V04_FG_LIGHT_00_BODY_MESH.001
23:44:50 | INFO: Primitives created: 1
23:44:50 | INFO: Extracting primitive: V04_FG_LIGHT_00_GLOW_MESH.001
23:44:50 | INFO: Primitives created: 1
23:44:50 | INFO: Extracting primitive: V04_FG_LIGHT_01_BODY_MESH.001
23:44:50 | INFO: Primitives created: 1
23:44:50 | INFO: Extracting primitive: V04_FG_LIGHT_01_GLOW_MESH.001
23:44:50 | INFO: Primitives created: 1
23:44:50 | INFO: Extracting primitive: V04_FG_LIGHT_02_BODY_MESH.001
23:44:50 | INFO: Primitives created: 1
23:44:50 | INFO: Extracting primitive: V04_FG_LIGHT_02_GLOW_MESH.001
23:44:50 | INFO: Primitives created: 1
23:44:50 | INFO: Extracting primitive: V04_FG_LIGHT_03_BODY_MESH.001
23:44:50 | INFO: Primitives created: 1
23:44:50 | INFO: Extracting primitive: V04_FG_LIGHT_03_GLOW_MESH.001
23:44:50 | INFO: Primitives created: 1
23:44:50 | INFO: Extracting primitive: V04_FG_LIGHT_04_BODY_MESH.001
23:44:50 | INFO: Primitives created: 1
23:44:50 | INFO: Extracting primitive: V04_FG_LIGHT_04_GLOW_MESH.001
23:44:50 | INFO: Primitives created: 1
23:44:50 | INFO: Extracting primitive: V04_FG_LIGHT_05_BODY_MESH.001
23:44:50 | INFO: Primitives created: 1
23:44:50 | INFO: Extracting primitive: V04_FG_LIGHT_05_GLOW_MESH.001
23:44:50 | INFO: Primitives created: 1
23:44:50 | INFO: Extracting primitive: V04_FG_LOADING_DOCK_MESH.001
23:44:50 | INFO: Primitives created: 1
23:44:50 | INFO: Extracting primitive: V04_FG_RACK_-44_BEAM_00_MESH.001
23:44:50 | INFO: Primitives created: 1
23:44:50 | INFO: Extracting primitive: V04_FG_RACK_-44_BEAM_01_MESH.001
23:44:50 | INFO: Primitives created: 1
23:44:50 | INFO: Extracting primitive: V04_FG_RACK_-44_BEAM_02_MESH.001
23:44:50 | INFO: Primitives created: 1
23:44:50 | INFO: Extracting primitive: V04_FG_RACK_-44_LOAD_00_00_MESH.001
23:44:50 | INFO: Primitives created: 1
23:44:50 | INFO: Extracting primitive: V04_FG_RACK_-44_LOAD_00_01_MESH.001
23:44:50 | INFO: Primitives created: 1
23:44:50 | INFO: Extracting primitive: V04_FG_RACK_-44_LOAD_00_02_MESH.001
23:44:50 | INFO: Primitives created: 1
23:44:50 | INFO: Extracting primitive: V04_FG_RACK_-44_LOAD_01_00_MESH.001
23:44:50 | INFO: Primitives created: 1
23:44:50 | INFO: Extracting primitive: V04_FG_RACK_-44_LOAD_01_01_MESH.001
23:44:50 | INFO: Primitives created: 1
23:44:50 | INFO: Extracting primitive: V04_FG_RACK_-44_LOAD_01_02_MESH.001
23:44:50 | INFO: Primitives created: 1
23:44:50 | INFO: Extracting primitive: V04_FG_RACK_-44_LOAD_02_00_MESH.001
23:44:50 | INFO: Primitives created: 1
23:44:50 | INFO: Extracting primitive: V04_FG_RACK_-44_LOAD_02_01_MESH.001
23:44:50 | INFO: Primitives created: 1
23:44:50 | INFO: Extracting primitive: V04_FG_RACK_-44_LOAD_02_02_MESH.001
23:44:50 | INFO: Primitives created: 1
23:44:50 | INFO: Extracting primitive: V04_FG_RACK_-44_LOAD_03_00_MESH.001
23:44:50 | INFO: Primitives created: 1
23:44:50 | INFO: Extracting primitive: V04_FG_RACK_-44_LOAD_03_01_MESH.001
23:44:50 | INFO: Primitives created: 1
23:44:50 | INFO: Extracting primitive: V04_FG_RACK_-44_LOAD_03_02_MESH.001
23:44:50 | INFO: Primitives created: 1
23:44:50 | INFO: Extracting primitive: V04_FG_RACK_-44_LOAD_04_00_MESH.001
23:44:50 | INFO: Primitives created: 1
23:44:50 | INFO: Extracting primitive: V04_FG_RACK_-44_LOAD_04_01_MESH.001
23:44:50 | INFO: Primitives created: 1
23:44:50 | INFO: Extracting primitive: V04_FG_RACK_-44_LOAD_04_02_MESH.001
23:44:50 | INFO: Primitives created: 1
23:44:50 | INFO: Extracting primitive: V04_FG_RACK_-44_LOAD_05_00_MESH.001
23:44:50 | INFO: Primitives created: 1
23:44:50 | INFO: Extracting primitive: V04_FG_RACK_-44_LOAD_05_01_MESH.001
23:44:50 | INFO: Primitives created: 1
23:44:50 | INFO: Extracting primitive: V04_FG_RACK_-44_LOAD_05_02_MESH.001
23:44:50 | INFO: Primitives created: 1
23:44:50 | INFO: Extracting primitive: V04_FG_RACK_-44_LOAD_06_00_MESH.001
23:44:50 | INFO: Primitives created: 1
23:44:50 | INFO: Extracting primitive: V04_FG_RACK_-44_LOAD_06_01_MESH.001
23:44:50 | INFO: Primitives created: 1
23:44:50 | INFO: Extracting primitive: V04_FG_RACK_-44_LOAD_06_02_MESH.001
23:44:50 | INFO: Primitives created: 1
23:44:50 | INFO: Extracting primitive: V04_FG_RACK_-44_LOAD_07_00_MESH.001
23:44:50 | INFO: Primitives created: 1
23:44:50 | INFO: Extracting primitive: V04_FG_RACK_-44_LOAD_07_01_MESH.001
23:44:50 | INFO: Primitives created: 1
23:44:50 | INFO: Extracting primitive: V04_FG_RACK_-44_LOAD_07_02_MESH.001
23:44:50 | INFO: Primitives created: 1
23:44:50 | INFO: Extracting primitive: V04_FG_RACK_-44_LOAD_08_00_MESH.001
23:44:50 | INFO: Primitives created: 1
23:44:50 | INFO: Extracting primitive: V04_FG_RACK_-44_LOAD_08_01_MESH.001
23:44:50 | INFO: Primitives created: 1
23:44:50 | INFO: Extracting primitive: V04_FG_RACK_-44_LOAD_08_02_MESH.001
23:44:50 | INFO: Primitives created: 1
23:44:50 | INFO: Extracting primitive: V04_FG_RACK_-44_PALLET_00_00_MESH.001
23:44:50 | INFO: Primitives created: 1
23:44:50 | INFO: Extracting primitive: V04_FG_RACK_-44_PALLET_00_01_MESH.001
23:44:50 | INFO: Primitives created: 1
23:44:50 | INFO: Extracting primitive: V04_FG_RACK_-44_PALLET_00_02_MESH.001
23:44:50 | INFO: Primitives created: 1
23:44:50 | INFO: Extracting primitive: V04_FG_RACK_-44_PALLET_01_00_MESH.001
23:44:50 | INFO: Primitives created: 1
23:44:50 | INFO: Extracting primitive: V04_FG_RACK_-44_PALLET_01_01_MESH.001
23:44:50 | INFO: Primitives created: 1
23:44:50 | INFO: Extracting primitive: V04_FG_RACK_-44_PALLET_01_02_MESH.001
23:44:50 | INFO: Primitives created: 1
23:44:50 | INFO: Extracting primitive: V04_FG_RACK_-44_PALLET_02_00_MESH.001
23:44:50 | INFO: Primitives created: 1
23:44:50 | INFO: Extracting primitive: V04_FG_RACK_-44_PALLET_02_01_MESH.001
23:44:50 | INFO: Primitives created: 1
23:44:50 | INFO: Extracting primitive: V04_FG_RACK_-44_PALLET_02_02_MESH.001
23:44:50 | INFO: Primitives created: 1
23:44:50 | INFO: Extracting primitive: V04_FG_RACK_-44_PALLET_03_00_MESH.001
23:44:50 | INFO: Primitives created: 1
23:44:50 | INFO: Extracting primitive: V04_FG_RACK_-44_PALLET_03_01_MESH.001
23:44:50 | INFO: Primitives created: 1
23:44:50 | INFO: Extracting primitive: V04_FG_RACK_-44_PALLET_03_02_MESH.001
23:44:50 | INFO: Primitives created: 1
23:44:50 | INFO: Extracting primitive: V04_FG_RACK_-44_PALLET_04_00_MESH.001
23:44:50 | INFO: Primitives created: 1
23:44:50 | INFO: Extracting primitive: V04_FG_RACK_-44_PALLET_04_01_MESH.001
23:44:50 | INFO: Primitives created: 1
23:44:50 | INFO: Extracting primitive: V04_FG_RACK_-44_PALLET_04_02_MESH.001
23:44:50 | INFO: Primitives created: 1
23:44:50 | INFO: Extracting primitive: V04_FG_RACK_-44_PALLET_05_00_MESH.001
23:44:50 | INFO: Primitives created: 1
23:44:50 | INFO: Extracting primitive: V04_FG_RACK_-44_PALLET_05_01_MESH.001
23:44:50 | INFO: Primitives created: 1
23:44:50 | INFO: Extracting primitive: V04_FG_RACK_-44_PALLET_05_02_MESH.001
23:44:50 | INFO: Primitives created: 1
23:44:50 | INFO: Extracting primitive: V04_FG_RACK_-44_PALLET_06_00_MESH.001
23:44:50 | INFO: Primitives created: 1
23:44:50 | INFO: Extracting primitive: V04_FG_RACK_-44_PALLET_06_01_MESH.001
23:44:50 | INFO: Primitives created: 1
23:44:50 | INFO: Extracting primitive: V04_FG_RACK_-44_PALLET_06_02_MESH.001
23:44:50 | INFO: Primitives created: 1
23:44:50 | INFO: Extracting primitive: V04_FG_RACK_-44_PALLET_07_00_MESH.001
23:44:50 | INFO: Primitives created: 1
23:44:50 | INFO: Extracting primitive: V04_FG_RACK_-44_PALLET_07_01_MESH.001
23:44:50 | INFO: Primitives created: 1
23:44:50 | INFO: Extracting primitive: V04_FG_RACK_-44_PALLET_07_02_MESH.001
23:44:50 | INFO: Primitives created: 1
23:44:50 | INFO: Extracting primitive: V04_FG_RACK_-44_PALLET_08_00_MESH.001
23:44:50 | INFO: Primitives created: 1
23:44:50 | INFO: Extracting primitive: V04_FG_RACK_-44_PALLET_08_01_MESH.001
23:44:50 | INFO: Primitives created: 1
23:44:50 | INFO: Extracting primitive: V04_FG_RACK_-44_PALLET_08_02_MESH.001
23:44:50 | INFO: Primitives created: 1
23:44:50 | INFO: Extracting primitive: V04_FG_RACK_-44_UPRIGHT_00_00_MESH.001
23:44:50 | INFO: Primitives created: 1
23:44:50 | INFO: Extracting primitive: V04_FG_RACK_-44_UPRIGHT_00_01_MESH.001
23:44:50 | INFO: Primitives created: 1
23:44:50 | INFO: Extracting primitive: V04_FG_RACK_-44_UPRIGHT_00_02_MESH.001
23:44:50 | INFO: Primitives created: 1
23:44:50 | INFO: Extracting primitive: V04_FG_RACK_-44_UPRIGHT_01_00_MESH.001
23:44:50 | INFO: Primitives created: 1
23:44:50 | INFO: Extracting primitive: V04_FG_RACK_-44_UPRIGHT_01_01_MESH.001
23:44:50 | INFO: Primitives created: 1
23:44:50 | INFO: Extracting primitive: V04_FG_RACK_-44_UPRIGHT_01_02_MESH.001
23:44:50 | INFO: Primitives created: 1
23:44:50 | INFO: Extracting primitive: V04_FG_RACK_-44_UPRIGHT_02_00_MESH.001
23:44:50 | INFO: Primitives created: 1
23:44:50 | INFO: Extracting primitive: V04_FG_RACK_-44_UPRIGHT_02_01_MESH.001
23:44:50 | INFO: Primitives created: 1
23:44:50 | INFO: Extracting primitive: V04_FG_RACK_-44_UPRIGHT_02_02_MESH.001
23:44:50 | INFO: Primitives created: 1
23:44:50 | INFO: Extracting primitive: V04_FG_RACK_-44_UPRIGHT_03_00_MESH.001
23:44:50 | INFO: Primitives created: 1
23:44:50 | INFO: Extracting primitive: V04_FG_RACK_-44_UPRIGHT_03_01_MESH.001
23:44:50 | INFO: Primitives created: 1
23:44:50 | INFO: Extracting primitive: V04_FG_RACK_-44_UPRIGHT_03_02_MESH.001
23:44:50 | INFO: Primitives created: 1
23:44:50 | INFO: Extracting primitive: V04_FG_RACK_-44_UPRIGHT_04_00_MESH.001
23:44:50 | INFO: Primitives created: 1
23:44:50 | INFO: Extracting primitive: V04_FG_RACK_-44_UPRIGHT_04_01_MESH.001
23:44:50 | INFO: Primitives created: 1
23:44:50 | INFO: Extracting primitive: V04_FG_RACK_-44_UPRIGHT_04_02_MESH.001
23:44:50 | INFO: Primitives created: 1
23:44:50 | INFO: Extracting primitive: V04_FG_RACK_-44_UPRIGHT_05_00_MESH.001
23:44:50 | INFO: Primitives created: 1
23:44:50 | INFO: Extracting primitive: V04_FG_RACK_-44_UPRIGHT_05_01_MESH.001
23:44:50 | INFO: Primitives created: 1
23:44:50 | INFO: Extracting primitive: V04_FG_RACK_-44_UPRIGHT_05_02_MESH.001
23:44:50 | INFO: Primitives created: 1
23:44:50 | INFO: Extracting primitive: V04_FG_RACK_-44_UPRIGHT_06_00_MESH.001
23:44:50 | INFO: Primitives created: 1
23:44:50 | INFO: Extracting primitive: V04_FG_RACK_-44_UPRIGHT_06_01_MESH.001
23:44:50 | INFO: Primitives created: 1
23:44:50 | INFO: Extracting primitive: V04_FG_RACK_-44_UPRIGHT_06_02_MESH.001
23:44:50 | INFO: Primitives created: 1
23:44:50 | INFO: Extracting primitive: V04_FG_RACK_-44_UPRIGHT_07_00_MESH.001
23:44:50 | INFO: Primitives created: 1
23:44:50 | INFO: Extracting primitive: V04_FG_RACK_-44_UPRIGHT_07_01_MESH.001
23:44:50 | INFO: Primitives created: 1
23:44:50 | INFO: Extracting primitive: V04_FG_RACK_-44_UPRIGHT_07_02_MESH.001
23:44:50 | INFO: Primitives created: 1
23:44:50 | INFO: Extracting primitive: V04_FG_RACK_-44_UPRIGHT_08_00_MESH.001
23:44:50 | INFO: Primitives created: 1
23:44:50 | INFO: Extracting primitive: V04_FG_RACK_-44_UPRIGHT_08_01_MESH.001
23:44:50 | INFO: Primitives created: 1
23:44:50 | INFO: Extracting primitive: V04_FG_RACK_-44_UPRIGHT_08_02_MESH.001
23:44:50 | INFO: Primitives created: 1
23:44:50 | INFO: Extracting primitive: V04_FG_RACK_-51_BEAM_00_MESH.001
23:44:50 | INFO: Primitives created: 1
23:44:50 | INFO: Extracting primitive: V04_FG_RACK_-51_BEAM_01_MESH.001
23:44:50 | INFO: Primitives created: 1
23:44:50 | INFO: Extracting primitive: V04_FG_RACK_-51_BEAM_02_MESH.001
23:44:50 | INFO: Primitives created: 1
23:44:50 | INFO: Extracting primitive: V04_FG_RACK_-51_LOAD_00_00_MESH.001
23:44:50 | INFO: Primitives created: 1
23:44:50 | INFO: Extracting primitive: V04_FG_RACK_-51_LOAD_00_01_MESH.001
23:44:50 | INFO: Primitives created: 1
23:44:50 | INFO: Extracting primitive: V04_FG_RACK_-51_LOAD_00_02_MESH.001
23:44:50 | INFO: Primitives created: 1
23:44:50 | INFO: Extracting primitive: V04_FG_RACK_-51_LOAD_01_00_MESH.001
23:44:50 | INFO: Primitives created: 1
23:44:50 | INFO: Extracting primitive: V04_FG_RACK_-51_LOAD_01_01_MESH.001
23:44:50 | INFO: Primitives created: 1
23:44:50 | INFO: Extracting primitive: V04_FG_RACK_-51_LOAD_01_02_MESH.001
23:44:50 | INFO: Primitives created: 1
23:44:50 | INFO: Extracting primitive: V04_FG_RACK_-51_LOAD_02_00_MESH.001
23:44:50 | INFO: Primitives created: 1
23:44:50 | INFO: Extracting primitive: V04_FG_RACK_-51_LOAD_02_01_MESH.001
23:44:50 | INFO: Primitives created: 1
23:44:50 | INFO: Extracting primitive: V04_FG_RACK_-51_LOAD_02_02_MESH.001
23:44:50 | INFO: Primitives created: 1
23:44:50 | INFO: Extracting primitive: V04_FG_RACK_-51_LOAD_03_00_MESH.001
23:44:50 | INFO: Primitives created: 1
23:44:50 | INFO: Extracting primitive: V04_FG_RACK_-51_LOAD_03_01_MESH.001
23:44:50 | INFO: Primitives created: 1
23:44:50 | INFO: Extracting primitive: V04_FG_RACK_-51_LOAD_03_02_MESH.001
23:44:50 | INFO: Primitives created: 1
23:44:50 | INFO: Extracting primitive: V04_FG_RACK_-51_LOAD_04_00_MESH.001
23:44:50 | INFO: Primitives created: 1
23:44:50 | INFO: Extracting primitive: V04_FG_RACK_-51_LOAD_04_01_MESH.001
23:44:50 | INFO: Primitives created: 1
23:44:50 | INFO: Extracting primitive: V04_FG_RACK_-51_LOAD_04_02_MESH.001
23:44:50 | INFO: Primitives created: 1
23:44:50 | INFO: Extracting primitive: V04_FG_RACK_-51_LOAD_05_00_MESH.001
23:44:50 | INFO: Primitives created: 1
23:44:50 | INFO: Extracting primitive: V04_FG_RACK_-51_LOAD_05_01_MESH.001
23:44:50 | INFO: Primitives created: 1
23:44:50 | INFO: Extracting primitive: V04_FG_RACK_-51_LOAD_05_02_MESH.001
23:44:50 | INFO: Primitives created: 1
23:44:50 | INFO: Extracting primitive: V04_FG_RACK_-51_LOAD_06_00_MESH.001
23:44:50 | INFO: Primitives created: 1
23:44:50 | INFO: Extracting primitive: V04_FG_RACK_-51_LOAD_06_01_MESH.001
23:44:50 | INFO: Primitives created: 1
23:44:50 | INFO: Extracting primitive: V04_FG_RACK_-51_LOAD_06_02_MESH.001
23:44:50 | INFO: Primitives created: 1
23:44:50 | INFO: Extracting primitive: V04_FG_RACK_-51_LOAD_07_00_MESH.001
23:44:50 | INFO: Primitives created: 1
23:44:50 | INFO: Extracting primitive: V04_FG_RACK_-51_LOAD_07_01_MESH.001
23:44:50 | INFO: Primitives created: 1
23:44:50 | INFO: Extracting primitive: V04_FG_RACK_-51_LOAD_07_02_MESH.001
23:44:50 | INFO: Primitives created: 1
23:44:50 | INFO: Extracting primitive: V04_FG_RACK_-51_LOAD_08_00_MESH.001
23:44:50 | INFO: Primitives created: 1
23:44:50 | INFO: Extracting primitive: V04_FG_RACK_-51_LOAD_08_01_MESH.001
23:44:50 | INFO: Primitives created: 1
23:44:50 | INFO: Extracting primitive: V04_FG_RACK_-51_LOAD_08_02_MESH.001
23:44:50 | INFO: Primitives created: 1
23:44:50 | INFO: Extracting primitive: V04_FG_RACK_-51_PALLET_00_00_MESH.001
23:44:50 | INFO: Primitives created: 1
23:44:50 | INFO: Extracting primitive: V04_FG_RACK_-51_PALLET_00_01_MESH.001
23:44:50 | INFO: Primitives created: 1
23:44:50 | INFO: Extracting primitive: V04_FG_RACK_-51_PALLET_00_02_MESH.001
23:44:50 | INFO: Primitives created: 1
23:44:50 | INFO: Extracting primitive: V04_FG_RACK_-51_PALLET_01_00_MESH.001
23:44:50 | INFO: Primitives created: 1
23:44:50 | INFO: Extracting primitive: V04_FG_RACK_-51_PALLET_01_01_MESH.001
23:44:50 | INFO: Primitives created: 1
23:44:50 | INFO: Extracting primitive: V04_FG_RACK_-51_PALLET_01_02_MESH.001
23:44:50 | INFO: Primitives created: 1
23:44:50 | INFO: Extracting primitive: V04_FG_RACK_-51_PALLET_02_00_MESH.001
23:44:50 | INFO: Primitives created: 1
23:44:50 | INFO: Extracting primitive: V04_FG_RACK_-51_PALLET_02_01_MESH.001
23:44:50 | INFO: Primitives created: 1
23:44:50 | INFO: Extracting primitive: V04_FG_RACK_-51_PALLET_02_02_MESH.001
23:44:50 | INFO: Primitives created: 1
23:44:50 | INFO: Extracting primitive: V04_FG_RACK_-51_PALLET_03_00_MESH.001
23:44:50 | INFO: Primitives created: 1
23:44:50 | INFO: Extracting primitive: V04_FG_RACK_-51_PALLET_03_01_MESH.001
23:44:50 | INFO: Primitives created: 1
23:44:50 | INFO: Extracting primitive: V04_FG_RACK_-51_PALLET_03_02_MESH.001
23:44:50 | INFO: Primitives created: 1
23:44:50 | INFO: Extracting primitive: V04_FG_RACK_-51_PALLET_04_00_MESH.001
23:44:50 | INFO: Primitives created: 1
23:44:50 | INFO: Extracting primitive: V04_FG_RACK_-51_PALLET_04_01_MESH.001
23:44:50 | INFO: Primitives created: 1
23:44:50 | INFO: Extracting primitive: V04_FG_RACK_-51_PALLET_04_02_MESH.001
23:44:50 | INFO: Primitives created: 1
23:44:50 | INFO: Extracting primitive: V04_FG_RACK_-51_PALLET_05_00_MESH.001
23:44:50 | INFO: Primitives created: 1
23:44:50 | INFO: Extracting primitive: V04_FG_RACK_-51_PALLET_05_01_MESH.001
23:44:50 | INFO: Primitives created: 1
23:44:50 | INFO: Extracting primitive: V04_FG_RACK_-51_PALLET_05_02_MESH.001
23:44:50 | INFO: Primitives created: 1
23:44:50 | INFO: Extracting primitive: V04_FG_RACK_-51_PALLET_06_00_MESH.001
23:44:50 | INFO: Primitives created: 1
23:44:50 | INFO: Extracting primitive: V04_FG_RACK_-51_PALLET_06_01_MESH.001
23:44:50 | INFO: Primitives created: 1
23:44:50 | INFO: Extracting primitive: V04_FG_RACK_-51_PALLET_06_02_MESH.001
23:44:50 | INFO: Primitives created: 1
23:44:50 | INFO: Extracting primitive: V04_FG_RACK_-51_PALLET_07_00_MESH.001
23:44:50 | INFO: Primitives created: 1
23:44:50 | INFO: Extracting primitive: V04_FG_RACK_-51_PALLET_07_01_MESH.001
23:44:50 | INFO: Primitives created: 1
23:44:50 | INFO: Extracting primitive: V04_FG_RACK_-51_PALLET_07_02_MESH.001
23:44:50 | INFO: Primitives created: 1
23:44:50 | INFO: Extracting primitive: V04_FG_RACK_-51_PALLET_08_00_MESH.001
23:44:50 | INFO: Primitives created: 1
23:44:50 | INFO: Extracting primitive: V04_FG_RACK_-51_PALLET_08_01_MESH.001
23:44:50 | INFO: Primitives created: 1
23:44:50 | INFO: Extracting primitive: V04_FG_RACK_-51_PALLET_08_02_MESH.001
23:44:50 | INFO: Primitives created: 1
23:44:50 | INFO: Extracting primitive: V04_FG_RACK_-51_UPRIGHT_00_00_MESH.001
23:44:50 | INFO: Primitives created: 1
23:44:50 | INFO: Extracting primitive: V04_FG_RACK_-51_UPRIGHT_00_01_MESH.001
23:44:50 | INFO: Primitives created: 1
23:44:50 | INFO: Extracting primitive: V04_FG_RACK_-51_UPRIGHT_00_02_MESH.001
23:44:50 | INFO: Primitives created: 1
23:44:50 | INFO: Extracting primitive: V04_FG_RACK_-51_UPRIGHT_01_00_MESH.001
23:44:50 | INFO: Primitives created: 1
23:44:50 | INFO: Extracting primitive: V04_FG_RACK_-51_UPRIGHT_01_01_MESH.001
23:44:50 | INFO: Primitives created: 1
23:44:50 | INFO: Extracting primitive: V04_FG_RACK_-51_UPRIGHT_01_02_MESH.001
23:44:50 | INFO: Primitives created: 1
23:44:50 | INFO: Extracting primitive: V04_FG_RACK_-51_UPRIGHT_02_00_MESH.001
23:44:50 | INFO: Primitives created: 1
23:44:50 | INFO: Extracting primitive: V04_FG_RACK_-51_UPRIGHT_02_01_MESH.001
23:44:50 | INFO: Primitives created: 1
23:44:50 | INFO: Extracting primitive: V04_FG_RACK_-51_UPRIGHT_02_02_MESH.001
23:44:50 | INFO: Primitives created: 1
23:44:50 | INFO: Extracting primitive: V04_FG_RACK_-51_UPRIGHT_03_00_MESH.001
23:44:50 | INFO: Primitives created: 1
23:44:50 | INFO: Extracting primitive: V04_FG_RACK_-51_UPRIGHT_03_01_MESH.001
23:44:50 | INFO: Primitives created: 1
23:44:50 | INFO: Extracting primitive: V04_FG_RACK_-51_UPRIGHT_03_02_MESH.001
23:44:50 | INFO: Primitives created: 1
23:44:50 | INFO: Extracting primitive: V04_FG_RACK_-51_UPRIGHT_04_00_MESH.001
23:44:50 | INFO: Primitives created: 1
23:44:50 | INFO: Extracting primitive: V04_FG_RACK_-51_UPRIGHT_04_01_MESH.001
23:44:50 | INFO: Primitives created: 1
23:44:50 | INFO: Extracting primitive: V04_FG_RACK_-51_UPRIGHT_04_02_MESH.001
23:44:50 | INFO: Primitives created: 1
23:44:50 | INFO: Extracting primitive: V04_FG_RACK_-51_UPRIGHT_05_00_MESH.001
23:44:50 | INFO: Primitives created: 1
23:44:50 | INFO: Extracting primitive: V04_FG_RACK_-51_UPRIGHT_05_01_MESH.001
23:44:50 | INFO: Primitives created: 1
23:44:50 | INFO: Extracting primitive: V04_FG_RACK_-51_UPRIGHT_05_02_MESH.001
23:44:50 | INFO: Primitives created: 1
23:44:50 | INFO: Extracting primitive: V04_FG_RACK_-51_UPRIGHT_06_00_MESH.001
23:44:50 | INFO: Primitives created: 1
23:44:50 | INFO: Extracting primitive: V04_FG_RACK_-51_UPRIGHT_06_01_MESH.001
23:44:50 | INFO: Primitives created: 1
23:44:50 | INFO: Extracting primitive: V04_FG_RACK_-51_UPRIGHT_06_02_MESH.001
23:44:50 | INFO: Primitives created: 1
23:44:50 | INFO: Extracting primitive: V04_FG_RACK_-51_UPRIGHT_07_00_MESH.001
23:44:50 | INFO: Primitives created: 1
23:44:50 | INFO: Extracting primitive: V04_FG_RACK_-51_UPRIGHT_07_01_MESH.001
23:44:50 | INFO: Primitives created: 1
23:44:50 | INFO: Extracting primitive: V04_FG_RACK_-51_UPRIGHT_07_02_MESH.001
23:44:50 | INFO: Primitives created: 1
23:44:50 | INFO: Extracting primitive: V04_FG_RACK_-51_UPRIGHT_08_00_MESH.001
23:44:50 | INFO: Primitives created: 1
23:44:50 | INFO: Extracting primitive: V04_FG_RACK_-51_UPRIGHT_08_01_MESH.001
23:44:50 | INFO: Primitives created: 1
23:44:50 | INFO: Extracting primitive: V04_FG_RACK_-51_UPRIGHT_08_02_MESH.001
23:44:50 | INFO: Primitives created: 1
23:44:50 | INFO: Extracting primitive: V04_FG_RACK_-58_BEAM_00_MESH.001
23:44:50 | INFO: Primitives created: 1
23:44:50 | INFO: Extracting primitive: V04_FG_RACK_-58_BEAM_01_MESH.001
23:44:50 | INFO: Primitives created: 1
23:44:50 | INFO: Extracting primitive: V04_FG_RACK_-58_BEAM_02_MESH.001
23:44:50 | INFO: Primitives created: 1
23:44:50 | INFO: Extracting primitive: V04_FG_RACK_-58_LOAD_00_00_MESH.001
23:44:50 | INFO: Primitives created: 1
23:44:50 | INFO: Extracting primitive: V04_FG_RACK_-58_LOAD_00_01_MESH.001
23:44:50 | INFO: Primitives created: 1
23:44:50 | INFO: Extracting primitive: V04_FG_RACK_-58_LOAD_00_02_MESH.001
23:44:50 | INFO: Primitives created: 1
23:44:50 | INFO: Extracting primitive: V04_FG_RACK_-58_LOAD_01_00_MESH.001
23:44:50 | INFO: Primitives created: 1
23:44:50 | INFO: Extracting primitive: V04_FG_RACK_-58_LOAD_01_01_MESH.001
23:44:50 | INFO: Primitives created: 1
23:44:50 | INFO: Extracting primitive: V04_FG_RACK_-58_LOAD_01_02_MESH.001
23:44:50 | INFO: Primitives created: 1
23:44:50 | INFO: Extracting primitive: V04_FG_RACK_-58_LOAD_02_00_MESH.001
23:44:50 | INFO: Primitives created: 1
23:44:50 | INFO: Extracting primitive: V04_FG_RACK_-58_LOAD_02_01_MESH.001
23:44:50 | INFO: Primitives created: 1
23:44:50 | INFO: Extracting primitive: V04_FG_RACK_-58_LOAD_02_02_MESH.001
23:44:50 | INFO: Primitives created: 1
23:44:50 | INFO: Extracting primitive: V04_FG_RACK_-58_LOAD_03_00_MESH.001
23:44:50 | INFO: Primitives created: 1
23:44:50 | INFO: Extracting primitive: V04_FG_RACK_-58_LOAD_03_01_MESH.001
23:44:51 | INFO: Primitives created: 1
23:44:51 | INFO: Extracting primitive: V04_FG_RACK_-58_LOAD_03_02_MESH.001
23:44:51 | INFO: Primitives created: 1
23:44:51 | INFO: Extracting primitive: V04_FG_RACK_-58_LOAD_04_00_MESH.001
23:44:51 | INFO: Primitives created: 1
23:44:51 | INFO: Extracting primitive: V04_FG_RACK_-58_LOAD_04_01_MESH.001
23:44:51 | INFO: Primitives created: 1
23:44:51 | INFO: Extracting primitive: V04_FG_RACK_-58_LOAD_04_02_MESH.001
23:44:51 | INFO: Primitives created: 1
23:44:51 | INFO: Extracting primitive: V04_FG_RACK_-58_LOAD_05_00_MESH.001
23:44:51 | INFO: Primitives created: 1
23:44:51 | INFO: Extracting primitive: V04_FG_RACK_-58_LOAD_05_01_MESH.001
23:44:51 | INFO: Primitives created: 1
23:44:51 | INFO: Extracting primitive: V04_FG_RACK_-58_LOAD_05_02_MESH.001
23:44:51 | INFO: Primitives created: 1
23:44:51 | INFO: Extracting primitive: V04_FG_RACK_-58_LOAD_06_00_MESH.001
23:44:51 | INFO: Primitives created: 1
23:44:51 | INFO: Extracting primitive: V04_FG_RACK_-58_LOAD_06_01_MESH.001
23:44:51 | INFO: Primitives created: 1
23:44:51 | INFO: Extracting primitive: V04_FG_RACK_-58_LOAD_06_02_MESH.001
23:44:51 | INFO: Primitives created: 1
23:44:51 | INFO: Extracting primitive: V04_FG_RACK_-58_LOAD_07_00_MESH.001
23:44:51 | INFO: Primitives created: 1
23:44:51 | INFO: Extracting primitive: V04_FG_RACK_-58_LOAD_07_01_MESH.001
23:44:51 | INFO: Primitives created: 1
23:44:51 | INFO: Extracting primitive: V04_FG_RACK_-58_LOAD_07_02_MESH.001
23:44:51 | INFO: Primitives created: 1
23:44:51 | INFO: Extracting primitive: V04_FG_RACK_-58_LOAD_08_00_MESH.001
23:44:51 | INFO: Primitives created: 1
23:44:51 | INFO: Extracting primitive: V04_FG_RACK_-58_LOAD_08_01_MESH.001
23:44:51 | INFO: Primitives created: 1
23:44:51 | INFO: Extracting primitive: V04_FG_RACK_-58_LOAD_08_02_MESH.001
23:44:51 | INFO: Primitives created: 1
23:44:51 | INFO: Extracting primitive: V04_FG_RACK_-58_PALLET_00_00_MESH.001
23:44:51 | INFO: Primitives created: 1
23:44:51 | INFO: Extracting primitive: V04_FG_RACK_-58_PALLET_00_01_MESH.001
23:44:51 | INFO: Primitives created: 1
23:44:51 | INFO: Extracting primitive: V04_FG_RACK_-58_PALLET_00_02_MESH.001
23:44:51 | INFO: Primitives created: 1
23:44:51 | INFO: Extracting primitive: V04_FG_RACK_-58_PALLET_01_00_MESH.001
23:44:51 | INFO: Primitives created: 1
23:44:51 | INFO: Extracting primitive: V04_FG_RACK_-58_PALLET_01_01_MESH.001
23:44:51 | INFO: Primitives created: 1
23:44:51 | INFO: Extracting primitive: V04_FG_RACK_-58_PALLET_01_02_MESH.001
23:44:51 | INFO: Primitives created: 1
23:44:51 | INFO: Extracting primitive: V04_FG_RACK_-58_PALLET_02_00_MESH.001
23:44:51 | INFO: Primitives created: 1
23:44:51 | INFO: Extracting primitive: V04_FG_RACK_-58_PALLET_02_01_MESH.001
23:44:51 | INFO: Primitives created: 1
23:44:51 | INFO: Extracting primitive: V04_FG_RACK_-58_PALLET_02_02_MESH.001
23:44:51 | INFO: Primitives created: 1
23:44:51 | INFO: Extracting primitive: V04_FG_RACK_-58_PALLET_03_00_MESH.001
23:44:51 | INFO: Primitives created: 1
23:44:51 | INFO: Extracting primitive: V04_FG_RACK_-58_PALLET_03_01_MESH.001
23:44:51 | INFO: Primitives created: 1
23:44:51 | INFO: Extracting primitive: V04_FG_RACK_-58_PALLET_03_02_MESH.001
23:44:51 | INFO: Primitives created: 1
23:44:51 | INFO: Extracting primitive: V04_FG_RACK_-58_PALLET_04_00_MESH.001
23:44:51 | INFO: Primitives created: 1
23:44:51 | INFO: Extracting primitive: V04_FG_RACK_-58_PALLET_04_01_MESH.001
23:44:51 | INFO: Primitives created: 1
23:44:51 | INFO: Extracting primitive: V04_FG_RACK_-58_PALLET_04_02_MESH.001
23:44:51 | INFO: Primitives created: 1
23:44:51 | INFO: Extracting primitive: V04_FG_RACK_-58_PALLET_05_00_MESH.001
23:44:51 | INFO: Primitives created: 1
23:44:51 | INFO: Extracting primitive: V04_FG_RACK_-58_PALLET_05_01_MESH.001
23:44:51 | INFO: Primitives created: 1
23:44:51 | INFO: Extracting primitive: V04_FG_RACK_-58_PALLET_05_02_MESH.001
23:44:51 | INFO: Primitives created: 1
23:44:51 | INFO: Extracting primitive: V04_FG_RACK_-58_PALLET_06_00_MESH.001
23:44:51 | INFO: Primitives created: 1
23:44:51 | INFO: Extracting primitive: V04_FG_RACK_-58_PALLET_06_01_MESH.001
23:44:51 | INFO: Primitives created: 1
23:44:51 | INFO: Extracting primitive: V04_FG_RACK_-58_PALLET_06_02_MESH.001
23:44:51 | INFO: Primitives created: 1
23:44:51 | INFO: Extracting primitive: V04_FG_RACK_-58_PALLET_07_00_MESH.001
23:44:51 | INFO: Primitives created: 1
23:44:51 | INFO: Extracting primitive: V04_FG_RACK_-58_PALLET_07_01_MESH.001
23:44:51 | INFO: Primitives created: 1
23:44:51 | INFO: Extracting primitive: V04_FG_RACK_-58_PALLET_07_02_MESH.001
23:44:51 | INFO: Primitives created: 1
23:44:51 | INFO: Extracting primitive: V04_FG_RACK_-58_PALLET_08_00_MESH.001
23:44:51 | INFO: Primitives created: 1
23:44:51 | INFO: Extracting primitive: V04_FG_RACK_-58_PALLET_08_01_MESH.001
23:44:51 | INFO: Primitives created: 1
23:44:51 | INFO: Extracting primitive: V04_FG_RACK_-58_PALLET_08_02_MESH.001
23:44:51 | INFO: Primitives created: 1
23:44:51 | INFO: Extracting primitive: V04_FG_RACK_-58_UPRIGHT_00_00_MESH.001
23:44:51 | INFO: Primitives created: 1
23:44:51 | INFO: Extracting primitive: V04_FG_RACK_-58_UPRIGHT_00_01_MESH.001
23:44:51 | INFO: Primitives created: 1
23:44:51 | INFO: Extracting primitive: V04_FG_RACK_-58_UPRIGHT_00_02_MESH.001
23:44:51 | INFO: Primitives created: 1
23:44:51 | INFO: Extracting primitive: V04_FG_RACK_-58_UPRIGHT_01_00_MESH.001
23:44:51 | INFO: Primitives created: 1
23:44:51 | INFO: Extracting primitive: V04_FG_RACK_-58_UPRIGHT_01_01_MESH.001
23:44:51 | INFO: Primitives created: 1
23:44:51 | INFO: Extracting primitive: V04_FG_RACK_-58_UPRIGHT_01_02_MESH.001
23:44:51 | INFO: Primitives created: 1
23:44:51 | INFO: Extracting primitive: V04_FG_RACK_-58_UPRIGHT_02_00_MESH.001
23:44:51 | INFO: Primitives created: 1
23:44:51 | INFO: Extracting primitive: V04_FG_RACK_-58_UPRIGHT_02_01_MESH.001
23:44:51 | INFO: Primitives created: 1
23:44:51 | INFO: Extracting primitive: V04_FG_RACK_-58_UPRIGHT_02_02_MESH.001
23:44:51 | INFO: Primitives created: 1
23:44:51 | INFO: Extracting primitive: V04_FG_RACK_-58_UPRIGHT_03_00_MESH.001
23:44:51 | INFO: Primitives created: 1
23:44:51 | INFO: Extracting primitive: V04_FG_RACK_-58_UPRIGHT_03_01_MESH.001
23:44:51 | INFO: Primitives created: 1
23:44:51 | INFO: Extracting primitive: V04_FG_RACK_-58_UPRIGHT_03_02_MESH.001
23:44:51 | INFO: Primitives created: 1
23:44:51 | INFO: Extracting primitive: V04_FG_RACK_-58_UPRIGHT_04_00_MESH.001
23:44:51 | INFO: Primitives created: 1
23:44:51 | INFO: Extracting primitive: V04_FG_RACK_-58_UPRIGHT_04_01_MESH.001
23:44:51 | INFO: Primitives created: 1
23:44:51 | INFO: Extracting primitive: V04_FG_RACK_-58_UPRIGHT_04_02_MESH.001
23:44:51 | INFO: Primitives created: 1
23:44:51 | INFO: Extracting primitive: V04_FG_RACK_-58_UPRIGHT_05_00_MESH.001
23:44:51 | INFO: Primitives created: 1
23:44:51 | INFO: Extracting primitive: V04_FG_RACK_-58_UPRIGHT_05_01_MESH.001
23:44:51 | INFO: Primitives created: 1
23:44:51 | INFO: Extracting primitive: V04_FG_RACK_-58_UPRIGHT_05_02_MESH.001
23:44:51 | INFO: Primitives created: 1
23:44:51 | INFO: Extracting primitive: V04_FG_RACK_-58_UPRIGHT_06_00_MESH.001
23:44:51 | INFO: Primitives created: 1
23:44:51 | INFO: Extracting primitive: V04_FG_RACK_-58_UPRIGHT_06_01_MESH.001
23:44:51 | INFO: Primitives created: 1
23:44:51 | INFO: Extracting primitive: V04_FG_RACK_-58_UPRIGHT_06_02_MESH.001
23:44:51 | INFO: Primitives created: 1
23:44:51 | INFO: Extracting primitive: V04_FG_RACK_-58_UPRIGHT_07_00_MESH.001
23:44:51 | INFO: Primitives created: 1
23:44:51 | INFO: Extracting primitive: V04_FG_RACK_-58_UPRIGHT_07_01_MESH.001
23:44:51 | INFO: Primitives created: 1
23:44:51 | INFO: Extracting primitive: V04_FG_RACK_-58_UPRIGHT_07_02_MESH.001
23:44:51 | INFO: Primitives created: 1
23:44:51 | INFO: Extracting primitive: V04_FG_RACK_-58_UPRIGHT_08_00_MESH.001
23:44:51 | INFO: Primitives created: 1
23:44:51 | INFO: Extracting primitive: V04_FG_RACK_-58_UPRIGHT_08_01_MESH.001
23:44:51 | INFO: Primitives created: 1
23:44:51 | INFO: Extracting primitive: V04_FG_RACK_-58_UPRIGHT_08_02_MESH.001
23:44:51 | INFO: Primitives created: 1
23:44:51 | INFO: Extracting primitive: V04_FG_RIGHT_MESH.001
23:44:51 | INFO: Primitives created: 1
23:44:51 | INFO: Extracting primitive: V04_FG_STAGE_CASE_00_MESH.001
23:44:51 | INFO: Primitives created: 1
23:44:51 | INFO: Extracting primitive: V04_FG_STAGE_CASE_01_MESH.001
23:44:51 | INFO: Primitives created: 1
23:44:51 | INFO: Extracting primitive: V04_FG_STAGE_CASE_02_MESH.001
23:44:51 | INFO: Primitives created: 1
23:44:51 | INFO: Extracting primitive: V04_FG_STAGE_CASE_03_MESH.001
23:44:51 | INFO: Primitives created: 1
23:44:51 | INFO: Extracting primitive: V04_FG_STAGE_CASE_04_MESH.001
23:44:51 | INFO: Primitives created: 1
23:44:51 | INFO: Extracting primitive: V04_FG_STAGE_CASE_05_MESH.001
23:44:51 | INFO: Primitives created: 1
23:44:51 | INFO: Extracting primitive: V04_FG_STAGE_PALLET_00_MESH.001
23:44:51 | INFO: Primitives created: 1
23:44:51 | INFO: Extracting primitive: V04_FG_STAGE_PALLET_01_MESH.001
23:44:51 | INFO: Primitives created: 1
23:44:51 | INFO: Extracting primitive: V04_FG_STAGE_PALLET_02_MESH.001
23:44:51 | INFO: Primitives created: 1
23:44:51 | INFO: Extracting primitive: V04_FG_STAGE_PALLET_03_MESH.001
23:44:51 | INFO: Primitives created: 1
23:44:51 | INFO: Extracting primitive: V04_FG_STAGE_PALLET_04_MESH.001
23:44:51 | INFO: Primitives created: 1
23:44:51 | INFO: Extracting primitive: V04_FG_STAGE_PALLET_05_MESH.001
23:44:51 | INFO: Primitives created: 1
23:44:51 | INFO: Extracting primitive: V04_FIRE_00_BACK_MESH.001
23:44:51 | INFO: Primitives created: 1
23:44:51 | INFO: Extracting primitive: V04_FIRE_00_FLOOR_MESH.001
23:44:51 | INFO: Primitives created: 1
23:44:51 | INFO: Extracting primitive: V04_FIRE_00_LEFT_MESH.001
23:44:51 | INFO: Primitives created: 1
23:44:51 | INFO: Extracting primitive: V04_FIRE_00_RIGHT_MESH.001
23:44:51 | INFO: Primitives created: 1
23:44:51 | INFO: Extracting primitive: V04_FIRE_01_BACK_MESH.001
23:44:51 | INFO: Primitives created: 1
23:44:51 | INFO: Extracting primitive: V04_FIRE_01_FLOOR_MESH.001
23:44:51 | INFO: Primitives created: 1
23:44:51 | INFO: Extracting primitive: V04_FIRE_01_LEFT_MESH.001
23:44:51 | INFO: Primitives created: 1
23:44:51 | INFO: Extracting primitive: V04_FIRE_01_RIGHT_MESH.001
23:44:51 | INFO: Primitives created: 1
23:44:51 | INFO: Extracting primitive: V04_FIRE_DISCHARGE2_00_MESH.001
23:44:51 | INFO: Primitives created: 1
23:44:51 | INFO: Extracting primitive: V04_FIRE_DISCHARGE2_01_MESH.001
23:44:51 | INFO: Primitives created: 1
23:44:51 | INFO: Extracting primitive: V04_FIRE_DISCHARGE_00_MESH.001
23:44:51 | INFO: Primitives created: 1
23:44:51 | INFO: Extracting primitive: V04_FIRE_DISCHARGE_01_MESH.001
23:44:51 | INFO: Primitives created: 1
23:44:51 | INFO: Extracting primitive: V04_FIRE_LIGHT_00_00_BODY_MESH.001
23:44:51 | INFO: Primitives created: 1
23:44:51 | INFO: Extracting primitive: V04_FIRE_LIGHT_00_00_GLOW_MESH.001
23:44:51 | INFO: Primitives created: 1
23:44:51 | INFO: Extracting primitive: V04_FIRE_LIGHT_00_01_BODY_MESH.001
23:44:51 | INFO: Primitives created: 1
23:44:51 | INFO: Extracting primitive: V04_FIRE_LIGHT_00_01_GLOW_MESH.001
23:44:51 | INFO: Primitives created: 1
23:44:51 | INFO: Extracting primitive: V04_FIRE_LIGHT_00_02_BODY_MESH.001
23:44:51 | INFO: Primitives created: 1
23:44:51 | INFO: Extracting primitive: V04_FIRE_LIGHT_00_02_GLOW_MESH.001
23:44:51 | INFO: Primitives created: 1
23:44:51 | INFO: Extracting primitive: V04_FIRE_LIGHT_01_00_BODY_MESH.001
23:44:51 | INFO: Primitives created: 1
23:44:51 | INFO: Extracting primitive: V04_FIRE_LIGHT_01_00_GLOW_MESH.001
23:44:51 | INFO: Primitives created: 1
23:44:51 | INFO: Extracting primitive: V04_FIRE_LIGHT_01_01_BODY_MESH.001
23:44:51 | INFO: Primitives created: 1
23:44:51 | INFO: Extracting primitive: V04_FIRE_LIGHT_01_01_GLOW_MESH.001
23:44:51 | INFO: Primitives created: 1
23:44:51 | INFO: Extracting primitive: V04_FIRE_LIGHT_01_02_BODY_MESH.001
23:44:51 | INFO: Primitives created: 1
23:44:51 | INFO: Extracting primitive: V04_FIRE_LIGHT_01_02_GLOW_MESH.001
23:44:51 | INFO: Primitives created: 1
23:44:51 | INFO: Extracting primitive: V04_FIRE_PANEL_00_MESH.001
23:44:51 | INFO: Primitives created: 1
23:44:51 | INFO: Extracting primitive: V04_FIRE_PANEL_01_MESH.001
23:44:51 | INFO: Primitives created: 1
23:44:51 | INFO: Extracting primitive: V04_FIRE_PUMP_00_00_MESH.001
23:44:51 | INFO: Primitives created: 1
23:44:51 | INFO: Extracting primitive: V04_FIRE_PUMP_00_01_MESH.001
23:44:51 | INFO: Primitives created: 1
23:44:51 | INFO: Extracting primitive: V04_FIRE_PUMP_01_00_MESH.001
23:44:51 | INFO: Primitives created: 1
23:44:51 | INFO: Extracting primitive: V04_FIRE_PUMP_01_01_MESH.001
23:44:51 | INFO: Primitives created: 1
23:44:51 | INFO: Extracting primitive: V04_FIRE_PUMP_BASE_00_00_MESH.001
23:44:51 | INFO: Primitives created: 1
23:44:51 | INFO: Extracting primitive: V04_FIRE_PUMP_BASE_00_01_MESH.001
23:44:51 | INFO: Primitives created: 1
23:44:51 | INFO: Extracting primitive: V04_FIRE_PUMP_BASE_01_00_MESH.001
23:44:51 | INFO: Primitives created: 1
23:44:51 | INFO: Extracting primitive: V04_FIRE_PUMP_BASE_01_01_MESH.001
23:44:51 | INFO: Primitives created: 1
23:44:51 | INFO: Extracting primitive: V04_FIRE_SUCTION_00_MESH.001
23:44:51 | INFO: Primitives created: 1
23:44:51 | INFO: Extracting primitive: V04_FIRE_SUCTION_01_MESH.001
23:44:51 | INFO: Primitives created: 1
23:44:51 | INFO: Extracting primitive: V04_FIRE_VALVE_00_00_MESH.001
23:44:51 | INFO: Primitives created: 1
23:44:51 | INFO: Extracting primitive: V04_FIRE_VALVE_00_01_MESH.001
23:44:51 | INFO: Primitives created: 1
23:44:51 | INFO: Extracting primitive: V04_FIRE_VALVE_00_02_MESH.001
23:44:51 | INFO: Primitives created: 1
23:44:51 | INFO: Extracting primitive: V04_FIRE_VALVE_00_03_MESH.001
23:44:51 | INFO: Primitives created: 1
23:44:51 | INFO: Extracting primitive: V04_FIRE_VALVE_01_00_MESH.001
23:44:51 | INFO: Primitives created: 1
23:44:51 | INFO: Extracting primitive: V04_FIRE_VALVE_01_01_MESH.001
23:44:51 | INFO: Primitives created: 1
23:44:51 | INFO: Extracting primitive: V04_FIRE_VALVE_01_02_MESH.001
23:44:51 | INFO: Primitives created: 1
23:44:51 | INFO: Extracting primitive: V04_FIRE_VALVE_01_03_MESH.001
23:44:51 | INFO: Primitives created: 1
23:44:51 | INFO: Extracting primitive: V04_GLASS_DECK_CAFE_APPLIANCE_00_MESH.001
23:44:51 | INFO: Primitives created: 1
23:44:51 | INFO: Extracting primitive: V04_GLASS_DECK_CAFE_APPLIANCE_01_MESH.001
23:44:51 | INFO: Primitives created: 1
23:44:51 | INFO: Extracting primitive: V04_GLASS_DECK_CAFE_APPLIANCE_02_MESH.001
23:44:51 | INFO: Primitives created: 1
23:44:51 | INFO: Extracting primitive: V04_GLASS_DECK_CAFE_BACKBAR_MESH
23:44:51 | INFO: Primitives created: 1
23:44:51 | INFO: Extracting primitive: V04_GLASS_DECK_CAFE_COUNTER_MESH
23:44:51 | INFO: Primitives created: 1
23:44:51 | INFO: Extracting primitive: V04_GLASS_DECK_CAFE_STOOL_00_MESH.001
23:44:51 | INFO: Primitives created: 1
23:44:51 | INFO: Extracting primitive: V04_GLASS_DECK_CAFE_STOOL_01_MESH.001
23:44:51 | INFO: Primitives created: 1
23:44:51 | INFO: Extracting primitive: V04_GLASS_DECK_CAFE_STOOL_02_MESH.001
23:44:51 | INFO: Primitives created: 1
23:44:51 | INFO: Extracting primitive: V04_GLASS_DECK_CAFE_STOOL_03_MESH.001
23:44:51 | INFO: Primitives created: 1
23:44:51 | INFO: Extracting primitive: V04_GLASS_DECK_CAFE_STOOL_04_MESH.001
23:44:51 | INFO: Primitives created: 1
23:44:51 | INFO: Extracting primitive: V04_GLASS_DECK_CAFE_STOOL_05_MESH.001
23:44:51 | INFO: Primitives created: 1
23:44:51 | INFO: Extracting primitive: V04_GLASS_DECK_CEILING_BEAM_MESH.001
23:44:51 | INFO: Primitives created: 1
23:44:51 | INFO: Extracting primitive: V04_GLASS_DECK_COMMAND_CONSOLE_00_MESH
23:44:51 | INFO: Primitives created: 1
23:44:51 | INFO: Extracting primitive: V04_GLASS_DECK_COMMAND_CONSOLE_01_MESH
23:44:51 | INFO: Primitives created: 1
23:44:51 | INFO: Extracting primitive: V04_GLASS_DECK_COMMAND_CONSOLE_02_MESH
23:44:51 | INFO: Primitives created: 1
23:44:51 | INFO: Extracting primitive: V04_GLASS_DECK_COMMAND_CONSOLE_03_MESH
23:44:51 | INFO: Primitives created: 1
23:44:51 | INFO: Extracting primitive: V04_GLASS_DECK_COMMAND_MONITOR_00_MESH
23:44:51 | INFO: Primitives created: 1
23:44:51 | INFO: Extracting primitive: V04_GLASS_DECK_COMMAND_MONITOR_01_MESH
23:44:51 | INFO: Primitives created: 1
23:44:51 | INFO: Extracting primitive: V04_GLASS_DECK_COMMAND_MONITOR_02_MESH
23:44:51 | INFO: Primitives created: 1
23:44:51 | INFO: Extracting primitive: V04_GLASS_DECK_COMMAND_MONITOR_03_MESH
23:44:51 | INFO: Primitives created: 1
23:44:51 | INFO: Extracting primitive: V04_GLASS_DECK_COMMAND_RISER_MESH.001
23:44:51 | INFO: Primitives created: 1
23:44:51 | INFO: Extracting primitive: V04_GLASS_DECK_COMMAND_WALL_MESH
23:44:51 | INFO: Primitives created: 1
23:44:51 | INFO: Extracting primitive: V04_GLASS_DECK_FLOOR_MESH
23:44:51 | INFO: Primitives created: 1
23:44:51 | INFO: Extracting primitive: V04_GLASS_DECK_LEFT_WALL_MESH
23:44:51 | INFO: Primitives created: 1
23:44:51 | INFO: Extracting primitive: V04_GLASS_DECK_LIGHT_04_BODY_MESH.001
23:44:51 | INFO: Primitives created: 1
23:44:51 | INFO: Extracting primitive: V04_GLASS_DECK_LIGHT_04_GLOW_MESH.001
23:44:51 | INFO: Primitives created: 1
23:44:51 | INFO: Extracting primitive: V04_GLASS_DECK_LIGHT_14_BODY_MESH.001
23:44:51 | INFO: Primitives created: 1
23:44:51 | INFO: Extracting primitive: V04_GLASS_DECK_LIGHT_14_GLOW_MESH.001
23:44:51 | INFO: Primitives created: 1
23:44:51 | INFO: Extracting primitive: V04_GLASS_DECK_LIGHT_24_BODY_MESH.001
23:44:51 | INFO: Primitives created: 1
23:44:51 | INFO: Extracting primitive: V04_GLASS_DECK_LIGHT_24_GLOW_MESH.001
23:44:51 | INFO: Primitives created: 1
23:44:51 | INFO: Extracting primitive: V04_GLASS_DECK_LIGHT_34_BODY_MESH.001
23:44:51 | INFO: Primitives created: 1
23:44:51 | INFO: Extracting primitive: V04_GLASS_DECK_LIGHT_34_GLOW_MESH.001
23:44:51 | INFO: Primitives created: 1
23:44:51 | INFO: Extracting primitive: V04_GLASS_DECK_LIGHT_44_BODY_MESH.001
23:44:51 | INFO: Primitives created: 1
23:44:51 | INFO: Extracting primitive: V04_GLASS_DECK_LIGHT_44_GLOW_MESH.001
23:44:51 | INFO: Primitives created: 1
23:44:51 | INFO: Extracting primitive: V04_GLASS_DECK_RIGHT_WALL_MESH
23:44:51 | INFO: Primitives created: 1
23:44:51 | INFO: Extracting primitive: V04_GLASS_DECK_TRAINING_SEAT_00_MESH
23:44:51 | INFO: Primitives created: 1
23:44:51 | INFO: Extracting primitive: V04_GLASS_DECK_TRAINING_SEAT_01_MESH
23:44:51 | INFO: Primitives created: 1
23:44:51 | INFO: Extracting primitive: V04_GLASS_DECK_TRAINING_SEAT_02_MESH
23:44:51 | INFO: Primitives created: 1
23:44:51 | INFO: Extracting primitive: V04_GLASS_DECK_TRAINING_SEAT_03_MESH
23:44:51 | INFO: Primitives created: 1
23:44:51 | INFO: Extracting primitive: V04_GLASS_DECK_TRAINING_SEAT_04_MESH
23:44:51 | INFO: Primitives created: 1
23:44:51 | INFO: Extracting primitive: V04_GLASS_DECK_TRAINING_SEAT_05_MESH
23:44:51 | INFO: Primitives created: 1
23:44:51 | INFO: Extracting primitive: V04_GLASS_DECK_TRAINING_SEAT_06_MESH
23:44:51 | INFO: Primitives created: 1
23:44:51 | INFO: Extracting primitive: V04_GLASS_DECK_TRAINING_SEAT_07_MESH
23:44:51 | INFO: Primitives created: 1
23:44:51 | INFO: Extracting primitive: V04_GLASS_DECK_TRAINING_TABLE_MESH
23:44:51 | INFO: Primitives created: 1
23:44:51 | INFO: Extracting primitive: V04_GLASS_DECK_ZONE_PARTITION_11_MESH.001
23:44:51 | INFO: Primitives created: 1
23:44:51 | INFO: Extracting primitive: V04_GLASS_DECK_ZONE_PARTITION_28_MESH.001
23:44:51 | INFO: Primitives created: 1
23:44:51 | INFO: Extracting primitive: V04_LIQUID_BACK_MESH.001
23:44:51 | INFO: Primitives created: 1
23:44:51 | INFO: Extracting primitive: V04_LIQUID_CAP_DROP_00_MESH.001
23:44:51 | INFO: Primitives created: 1
23:44:51 | INFO: Extracting primitive: V04_LIQUID_CAP_DROP_01_MESH.001
23:44:51 | INFO: Primitives created: 1
23:44:51 | INFO: Extracting primitive: V04_LIQUID_CAP_DROP_02_MESH.001
23:44:51 | INFO: Primitives created: 1
23:44:51 | INFO: Extracting primitive: V04_LIQUID_CAP_DROP_03_MESH.001
23:44:51 | INFO: Primitives created: 1
23:44:51 | INFO: Extracting primitive: V04_LIQUID_CAP_HOPPER_00_MESH.001
23:44:51 | INFO: Primitives created: 1
23:44:51 | INFO: Extracting primitive: V04_LIQUID_CAP_HOPPER_01_MESH.001
23:44:51 | INFO: Primitives created: 1
23:44:51 | INFO: Extracting primitive: V04_LIQUID_CAP_HOPPER_02_MESH.001
23:44:51 | INFO: Primitives created: 1
23:44:51 | INFO: Extracting primitive: V04_LIQUID_CAP_HOPPER_03_MESH.001
23:44:51 | INFO: Primitives created: 1
23:44:51 | INFO: Extracting primitive: V04_LIQUID_CASE_MAGAZINE_MESH.001
23:44:51 | INFO: Primitives created: 1
23:44:51 | INFO: Extracting primitive: V04_LIQUID_FLOOR_MESH.001
23:44:51 | INFO: Primitives created: 1
23:44:51 | INFO: Extracting primitive: V04_LIQUID_LABEL_REEL_00_MESH.001
23:44:51 | INFO: Primitives created: 1
23:44:51 | INFO: Extracting primitive: V04_LIQUID_LABEL_REEL_01_MESH.001
23:44:51 | INFO: Primitives created: 1
23:44:51 | INFO: Extracting primitive: V04_LIQUID_LABEL_REEL_02_MESH.001
23:44:51 | INFO: Primitives created: 1
23:44:51 | INFO: Extracting primitive: V04_LIQUID_LEFT_MESH.001
23:44:51 | INFO: Primitives created: 1
23:44:51 | INFO: Extracting primitive: V04_LIQUID_LIGHT_00_BODY_MESH.001
23:44:51 | INFO: Primitives created: 1
23:44:51 | INFO: Extracting primitive: V04_LIQUID_LIGHT_00_GLOW_MESH.001
23:44:51 | INFO: Primitives created: 1
23:44:51 | INFO: Extracting primitive: V04_LIQUID_LIGHT_01_BODY_MESH.001
23:44:51 | INFO: Primitives created: 1
23:44:51 | INFO: Extracting primitive: V04_LIQUID_LIGHT_01_GLOW_MESH.001
23:44:51 | INFO: Primitives created: 1
23:44:51 | INFO: Extracting primitive: V04_LIQUID_LIGHT_02_BODY_MESH.001
23:44:51 | INFO: Primitives created: 1
23:44:51 | INFO: Extracting primitive: V04_LIQUID_LIGHT_02_GLOW_MESH.001
23:44:51 | INFO: Primitives created: 1
23:44:51 | INFO: Extracting primitive: V04_LIQUID_LIGHT_03_BODY_MESH.001
23:44:51 | INFO: Primitives created: 1
23:44:51 | INFO: Extracting primitive: V04_LIQUID_LIGHT_03_GLOW_MESH.001
23:44:51 | INFO: Primitives created: 1
23:44:51 | INFO: Extracting primitive: V04_LIQUID_LIGHT_04_BODY_MESH.001
23:44:51 | INFO: Primitives created: 1
23:44:51 | INFO: Extracting primitive: V04_LIQUID_LIGHT_04_GLOW_MESH.001
23:44:51 | INFO: Primitives created: 1
23:44:51 | INFO: Extracting primitive: V04_LIQUID_LIGHT_05_BODY_MESH.001
23:44:51 | INFO: Primitives created: 1
23:44:51 | INFO: Extracting primitive: V04_LIQUID_LIGHT_05_GLOW_MESH.001
23:44:51 | INFO: Primitives created: 1
23:44:51 | INFO: Extracting primitive: V04_LIQUID_RIGHT_MESH.001
23:44:51 | INFO: Primitives created: 1
23:44:51 | INFO: Extracting primitive: V04_LIQUID_ROBOT_ARM_MESH.001
23:44:51 | INFO: Primitives created: 1
23:44:51 | INFO: Extracting primitive: V04_LIQUID_ROBOT_BASE_MESH.001
23:44:51 | INFO: Primitives created: 1
23:44:51 | INFO: Extracting primitive: V04_PASTE_BACK_MESH.001
23:44:51 | INFO: Primitives created: 1
23:44:51 | INFO: Extracting primitive: V04_PASTE_CARTON_CASE_STAGE_MESH.001
23:44:51 | INFO: Primitives created: 1
23:44:51 | INFO: Extracting primitive: V04_PASTE_CRIMPER_GUARD_MESH.001
23:44:51 | INFO: Primitives created: 1
23:44:51 | INFO: Extracting primitive: V04_PASTE_FLOOR_MESH.001
23:44:51 | INFO: Primitives created: 1
23:44:51 | INFO: Extracting primitive: V04_PASTE_JACKET_PIPE_00_MESH.001
23:44:51 | INFO: Primitives created: 1
23:44:51 | INFO: Extracting primitive: V04_PASTE_JACKET_PIPE_01_MESH.001
23:44:51 | INFO: Primitives created: 1
23:44:51 | INFO: Extracting primitive: V04_PASTE_JACKET_PIPE_02_MESH.001
23:44:51 | INFO: Primitives created: 1
23:44:51 | INFO: Extracting primitive: V04_PASTE_LEFT_MESH.001
23:44:51 | INFO: Primitives created: 1
23:44:51 | INFO: Extracting primitive: V04_PASTE_LIGHT_00_BODY_MESH.001
23:44:51 | INFO: Primitives created: 1
23:44:51 | INFO: Extracting primitive: V04_PASTE_LIGHT_00_GLOW_MESH.001
23:44:51 | INFO: Primitives created: 1
23:44:51 | INFO: Extracting primitive: V04_PASTE_LIGHT_01_BODY_MESH.001
23:44:51 | INFO: Primitives created: 1
23:44:51 | INFO: Extracting primitive: V04_PASTE_LIGHT_01_GLOW_MESH.001
23:44:51 | INFO: Primitives created: 1
23:44:51 | INFO: Extracting primitive: V04_PASTE_LIGHT_02_BODY_MESH.001
23:44:51 | INFO: Primitives created: 1
23:44:51 | INFO: Extracting primitive: V04_PASTE_LIGHT_02_GLOW_MESH.001
23:44:51 | INFO: Primitives created: 1
23:44:51 | INFO: Extracting primitive: V04_PASTE_LIGHT_03_BODY_MESH.001
23:44:51 | INFO: Primitives created: 1
23:44:51 | INFO: Extracting primitive: V04_PASTE_LIGHT_03_GLOW_MESH.001
23:44:51 | INFO: Primitives created: 1
23:44:51 | INFO: Extracting primitive: V04_PASTE_LIGHT_04_BODY_MESH.001
23:44:51 | INFO: Primitives created: 1
23:44:51 | INFO: Extracting primitive: V04_PASTE_LIGHT_04_GLOW_MESH.001
23:44:51 | INFO: Primitives created: 1
23:44:51 | INFO: Extracting primitive: V04_PASTE_LIGHT_05_BODY_MESH.001
23:44:51 | INFO: Primitives created: 1
23:44:51 | INFO: Extracting primitive: V04_PASTE_LIGHT_05_GLOW_MESH.001
23:44:51 | INFO: Primitives created: 1
23:44:51 | INFO: Extracting primitive: V04_PASTE_TUBE_00_MESH.001
23:44:51 | INFO: Primitives created: 1
23:44:51 | INFO: Extracting primitive: V04_PASTE_TUBE_01_MESH.001
23:44:51 | INFO: Primitives created: 1
23:44:51 | INFO: Extracting primitive: V04_PASTE_TUBE_02_MESH.001
23:44:51 | INFO: Primitives created: 1
23:44:51 | INFO: Extracting primitive: V04_PASTE_TUBE_03_MESH.001
23:44:51 | INFO: Primitives created: 1
23:44:51 | INFO: Extracting primitive: V04_PASTE_TUBE_04_MESH.001
23:44:51 | INFO: Primitives created: 1
23:44:51 | INFO: Extracting primitive: V04_PASTE_TUBE_05_MESH.001
23:44:51 | INFO: Primitives created: 1
23:44:51 | INFO: Extracting primitive: V04_PASTE_TUBE_06_MESH.001
23:44:51 | INFO: Primitives created: 1
23:44:51 | INFO: Extracting primitive: V04_PASTE_TUBE_07_MESH.001
23:44:51 | INFO: Primitives created: 1
23:44:51 | INFO: Extracting primitive: V04_PASTE_TUBE_MAGAZINE_RACK_MESH.001
23:44:51 | INFO: Primitives created: 1
23:44:51 | INFO: Extracting primitive: V04_PASTE_TUBE_PUCK_00_MESH.001
23:44:51 | INFO: Primitives created: 1
23:44:51 | INFO: Extracting primitive: V04_PASTE_TUBE_PUCK_01_MESH.001
23:44:51 | INFO: Primitives created: 1
23:44:51 | INFO: Extracting primitive: V04_PASTE_TUBE_PUCK_02_MESH.001
23:44:51 | INFO: Primitives created: 1
23:44:51 | INFO: Extracting primitive: V04_PASTE_TUBE_PUCK_03_MESH.001
23:44:51 | INFO: Primitives created: 1
23:44:51 | INFO: Extracting primitive: V04_PASTE_TUBE_PUCK_04_MESH.001
23:44:51 | INFO: Primitives created: 1
23:44:51 | INFO: Extracting primitive: V04_PASTE_TUBE_PUCK_05_MESH.001
23:44:51 | INFO: Primitives created: 1
23:44:51 | INFO: Extracting primitive: V04_PASTE_TUBE_PUCK_06_MESH.001
23:44:51 | INFO: Primitives created: 1
23:44:51 | INFO: Extracting primitive: V04_PASTE_TUBE_PUCK_07_MESH.001
23:44:51 | INFO: Primitives created: 1
23:44:51 | INFO: Extracting primitive: V04_RESTAURANT_BACK_MESH.001
23:44:51 | INFO: Primitives created: 1
23:44:51 | INFO: Extracting primitive: V04_RESTAURANT_DISHWASH_MESH.001
23:44:51 | INFO: Primitives created: 1
23:44:51 | INFO: Extracting primitive: V04_RESTAURANT_EXHAUST_00_MESH.001
23:44:51 | INFO: Primitives created: 1
23:44:51 | INFO: Extracting primitive: V04_RESTAURANT_EXHAUST_01_MESH.001
23:44:51 | INFO: Primitives created: 1
23:44:51 | INFO: Extracting primitive: V04_RESTAURANT_EXHAUST_02_MESH.001
23:44:51 | INFO: Primitives created: 1
23:44:51 | INFO: Extracting primitive: V04_RESTAURANT_EXHAUST_03_MESH.001
23:44:51 | INFO: Primitives created: 1
23:44:51 | INFO: Extracting primitive: V04_RESTAURANT_FLOOR_MESH.001
23:44:51 | INFO: Primitives created: 1
23:44:51 | INFO: Extracting primitive: V04_RESTAURANT_KITCHEN_APPLIANCE_00_MESH.001
23:44:51 | INFO: Primitives created: 1
23:44:51 | INFO: Extracting primitive: V04_RESTAURANT_KITCHEN_APPLIANCE_01_MESH.001
23:44:51 | INFO: Primitives created: 1
23:44:51 | INFO: Extracting primitive: V04_RESTAURANT_KITCHEN_APPLIANCE_02_MESH.001
23:44:51 | INFO: Primitives created: 1
23:44:51 | INFO: Extracting primitive: V04_RESTAURANT_KITCHEN_APPLIANCE_03_MESH.001
23:44:51 | INFO: Primitives created: 1
23:44:51 | INFO: Extracting primitive: V04_RESTAURANT_LEFT_MESH.001
23:44:51 | INFO: Primitives created: 1
23:44:51 | INFO: Extracting primitive: V04_RESTAURANT_LIGHT_00_BODY_MESH.001
23:44:51 | INFO: Primitives created: 1
23:44:51 | INFO: Extracting primitive: V04_RESTAURANT_LIGHT_00_GLOW_MESH.001
23:44:51 | INFO: Primitives created: 1
23:44:51 | INFO: Extracting primitive: V04_RESTAURANT_LIGHT_01_BODY_MESH.001
23:44:51 | INFO: Primitives created: 1
23:44:51 | INFO: Extracting primitive: V04_RESTAURANT_LIGHT_01_GLOW_MESH.001
23:44:51 | INFO: Primitives created: 1
23:44:51 | INFO: Extracting primitive: V04_RESTAURANT_LIGHT_02_BODY_MESH.001
23:44:51 | INFO: Primitives created: 1
23:44:51 | INFO: Extracting primitive: V04_RESTAURANT_LIGHT_02_GLOW_MESH.001
23:44:51 | INFO: Primitives created: 1
23:44:51 | INFO: Extracting primitive: V04_RESTAURANT_LIGHT_03_BODY_MESH.001
23:44:51 | INFO: Primitives created: 1
23:44:51 | INFO: Extracting primitive: V04_RESTAURANT_LIGHT_03_GLOW_MESH.001
23:44:51 | INFO: Primitives created: 1
23:44:51 | INFO: Extracting primitive: V04_RESTAURANT_PASS_WINDOW_MESH.001
23:44:51 | INFO: Primitives created: 1
23:44:51 | INFO: Extracting primitive: V04_RESTAURANT_RIGHT_MESH.001
23:44:51 | INFO: Primitives created: 1
23:44:51 | INFO: Extracting primitive: V04_RESTAURANT_TABLE_RUNNER_00_MESH.001
23:44:51 | INFO: Primitives created: 1
23:44:51 | INFO: Extracting primitive: V04_RESTAURANT_TABLE_RUNNER_01_MESH.001
23:44:51 | INFO: Primitives created: 1
23:44:51 | INFO: Extracting primitive: V04_RESTAURANT_TABLE_RUNNER_02_MESH.001
23:44:51 | INFO: Primitives created: 1
23:44:51 | INFO: Extracting primitive: V04_RESTAURANT_TABLE_RUNNER_03_MESH.001
23:44:51 | INFO: Primitives created: 1
23:44:51 | INFO: Extracting primitive: V04_RM_BACK_MESH.001
23:44:51 | INFO: Primitives created: 1
23:44:51 | INFO: Extracting primitive: V04_RM_FLOOR_MESH.001
23:44:51 | INFO: Primitives created: 1
23:44:51 | INFO: Extracting primitive: V04_RM_LEFT_MESH.001
23:44:51 | INFO: Primitives created: 1
23:44:51 | INFO: Extracting primitive: V04_RM_LIGHT_00_BODY_MESH.001
23:44:51 | INFO: Primitives created: 1
23:44:51 | INFO: Extracting primitive: V04_RM_LIGHT_00_GLOW_MESH.001
23:44:51 | INFO: Primitives created: 1
23:44:51 | INFO: Extracting primitive: V04_RM_LIGHT_01_BODY_MESH.001
23:44:51 | INFO: Primitives created: 1
23:44:51 | INFO: Extracting primitive: V04_RM_LIGHT_01_GLOW_MESH.001
23:44:51 | INFO: Primitives created: 1
23:44:51 | INFO: Extracting primitive: V04_RM_LIGHT_02_BODY_MESH.001
23:44:51 | INFO: Primitives created: 1
23:44:51 | INFO: Extracting primitive: V04_RM_LIGHT_02_GLOW_MESH.001
23:44:51 | INFO: Primitives created: 1
23:44:51 | INFO: Extracting primitive: V04_RM_LIGHT_03_BODY_MESH.001
23:44:51 | INFO: Primitives created: 1
23:44:51 | INFO: Extracting primitive: V04_RM_LIGHT_03_GLOW_MESH.001
23:44:51 | INFO: Primitives created: 1
23:44:51 | INFO: Extracting primitive: V04_RM_LIGHT_04_BODY_MESH.001
23:44:51 | INFO: Primitives created: 1
23:44:51 | INFO: Extracting primitive: V04_RM_LIGHT_04_GLOW_MESH.001
23:44:51 | INFO: Primitives created: 1
23:44:51 | INFO: Extracting primitive: V04_RM_RACK_67_BEAM_00_MESH.001
23:44:51 | INFO: Primitives created: 1
23:44:51 | INFO: Extracting primitive: V04_RM_RACK_67_BEAM_01_MESH.001
23:44:51 | INFO: Primitives created: 1
23:44:51 | INFO: Extracting primitive: V04_RM_RACK_67_BEAM_02_MESH.001
23:44:51 | INFO: Primitives created: 1
23:44:51 | INFO: Extracting primitive: V04_RM_RACK_67_LOAD_00_00_MESH.001
23:44:51 | INFO: Primitives created: 1
23:44:51 | INFO: Extracting primitive: V04_RM_RACK_67_LOAD_00_01_MESH.001
23:44:51 | INFO: Primitives created: 1
23:44:51 | INFO: Extracting primitive: V04_RM_RACK_67_LOAD_00_02_MESH.001
23:44:51 | INFO: Primitives created: 1
23:44:51 | INFO: Extracting primitive: V04_RM_RACK_67_LOAD_01_00_MESH.001
23:44:51 | INFO: Primitives created: 1
23:44:51 | INFO: Extracting primitive: V04_RM_RACK_67_LOAD_01_01_MESH.001
23:44:51 | INFO: Primitives created: 1
23:44:51 | INFO: Extracting primitive: V04_RM_RACK_67_LOAD_01_02_MESH.001
23:44:51 | INFO: Primitives created: 1
23:44:51 | INFO: Extracting primitive: V04_RM_RACK_67_LOAD_02_00_MESH.001
23:44:51 | INFO: Primitives created: 1
23:44:51 | INFO: Extracting primitive: V04_RM_RACK_67_LOAD_02_01_MESH.001
23:44:51 | INFO: Primitives created: 1
23:44:51 | INFO: Extracting primitive: V04_RM_RACK_67_LOAD_02_02_MESH.001
23:44:51 | INFO: Primitives created: 1
23:44:51 | INFO: Extracting primitive: V04_RM_RACK_67_LOAD_03_00_MESH.001
23:44:51 | INFO: Primitives created: 1
23:44:51 | INFO: Extracting primitive: V04_RM_RACK_67_LOAD_03_01_MESH.001
23:44:51 | INFO: Primitives created: 1
23:44:51 | INFO: Extracting primitive: V04_RM_RACK_67_LOAD_03_02_MESH.001
23:44:51 | INFO: Primitives created: 1
23:44:51 | INFO: Extracting primitive: V04_RM_RACK_67_LOAD_04_00_MESH.001
23:44:51 | INFO: Primitives created: 1
23:44:51 | INFO: Extracting primitive: V04_RM_RACK_67_LOAD_04_01_MESH.001
23:44:51 | INFO: Primitives created: 1
23:44:51 | INFO: Extracting primitive: V04_RM_RACK_67_LOAD_04_02_MESH.001
23:44:51 | INFO: Primitives created: 1
23:44:51 | INFO: Extracting primitive: V04_RM_RACK_67_LOAD_05_00_MESH.001
23:44:51 | INFO: Primitives created: 1
23:44:51 | INFO: Extracting primitive: V04_RM_RACK_67_LOAD_05_01_MESH.001
23:44:51 | INFO: Primitives created: 1
23:44:51 | INFO: Extracting primitive: V04_RM_RACK_67_LOAD_05_02_MESH.001
23:44:51 | INFO: Primitives created: 1
23:44:51 | INFO: Extracting primitive: V04_RM_RACK_67_LOAD_06_00_MESH.001
23:44:51 | INFO: Primitives created: 1
23:44:51 | INFO: Extracting primitive: V04_RM_RACK_67_LOAD_06_01_MESH.001
23:44:51 | INFO: Primitives created: 1
23:44:51 | INFO: Extracting primitive: V04_RM_RACK_67_LOAD_06_02_MESH.001
23:44:51 | INFO: Primitives created: 1
23:44:51 | INFO: Extracting primitive: V04_RM_RACK_67_LOAD_07_00_MESH.001
23:44:51 | INFO: Primitives created: 1
23:44:51 | INFO: Extracting primitive: V04_RM_RACK_67_LOAD_07_01_MESH.001
23:44:51 | INFO: Primitives created: 1
23:44:51 | INFO: Extracting primitive: V04_RM_RACK_67_LOAD_07_02_MESH.001
23:44:51 | INFO: Primitives created: 1
23:44:51 | INFO: Extracting primitive: V04_RM_RACK_67_LOAD_08_00_MESH.001
23:44:51 | INFO: Primitives created: 1
23:44:51 | INFO: Extracting primitive: V04_RM_RACK_67_LOAD_08_01_MESH.001
23:44:51 | INFO: Primitives created: 1
23:44:51 | INFO: Extracting primitive: V04_RM_RACK_67_LOAD_08_02_MESH.001
23:44:51 | INFO: Primitives created: 1
23:44:51 | INFO: Extracting primitive: V04_RM_RACK_67_PALLET_00_00_MESH.001
23:44:51 | INFO: Primitives created: 1
23:44:51 | INFO: Extracting primitive: V04_RM_RACK_67_PALLET_00_01_MESH.001
23:44:51 | INFO: Primitives created: 1
23:44:51 | INFO: Extracting primitive: V04_RM_RACK_67_PALLET_00_02_MESH.001
23:44:51 | INFO: Primitives created: 1
23:44:51 | INFO: Extracting primitive: V04_RM_RACK_67_PALLET_01_00_MESH.001
23:44:51 | INFO: Primitives created: 1
23:44:51 | INFO: Extracting primitive: V04_RM_RACK_67_PALLET_01_01_MESH.001
23:44:51 | INFO: Primitives created: 1
23:44:51 | INFO: Extracting primitive: V04_RM_RACK_67_PALLET_01_02_MESH.001
23:44:51 | INFO: Primitives created: 1
23:44:51 | INFO: Extracting primitive: V04_RM_RACK_67_PALLET_02_00_MESH.001
23:44:51 | INFO: Primitives created: 1
23:44:51 | INFO: Extracting primitive: V04_RM_RACK_67_PALLET_02_01_MESH.001
23:44:51 | INFO: Primitives created: 1
23:44:51 | INFO: Extracting primitive: V04_RM_RACK_67_PALLET_02_02_MESH.001
23:44:51 | INFO: Primitives created: 1
23:44:51 | INFO: Extracting primitive: V04_RM_RACK_67_PALLET_03_00_MESH.001
23:44:51 | INFO: Primitives created: 1
23:44:51 | INFO: Extracting primitive: V04_RM_RACK_67_PALLET_03_01_MESH.001
23:44:51 | INFO: Primitives created: 1
23:44:51 | INFO: Extracting primitive: V04_RM_RACK_67_PALLET_03_02_MESH.001
23:44:51 | INFO: Primitives created: 1
23:44:51 | INFO: Extracting primitive: V04_RM_RACK_67_PALLET_04_00_MESH.001
23:44:51 | INFO: Primitives created: 1
23:44:51 | INFO: Extracting primitive: V04_RM_RACK_67_PALLET_04_01_MESH.001
23:44:51 | INFO: Primitives created: 1
23:44:51 | INFO: Extracting primitive: V04_RM_RACK_67_PALLET_04_02_MESH.001
23:44:51 | INFO: Primitives created: 1
23:44:51 | INFO: Extracting primitive: V04_RM_RACK_67_PALLET_05_00_MESH.001
23:44:51 | INFO: Primitives created: 1
23:44:51 | INFO: Extracting primitive: V04_RM_RACK_67_PALLET_05_01_MESH.001
23:44:51 | INFO: Primitives created: 1
23:44:51 | INFO: Extracting primitive: V04_RM_RACK_67_PALLET_05_02_MESH.001
23:44:51 | INFO: Primitives created: 1
23:44:51 | INFO: Extracting primitive: V04_RM_RACK_67_PALLET_06_00_MESH.001
23:44:51 | INFO: Primitives created: 1
23:44:51 | INFO: Extracting primitive: V04_RM_RACK_67_PALLET_06_01_MESH.001
23:44:51 | INFO: Primitives created: 1
23:44:51 | INFO: Extracting primitive: V04_RM_RACK_67_PALLET_06_02_MESH.001
23:44:51 | INFO: Primitives created: 1
23:44:51 | INFO: Extracting primitive: V04_RM_RACK_67_PALLET_07_00_MESH.001
23:44:51 | INFO: Primitives created: 1
23:44:51 | INFO: Extracting primitive: V04_RM_RACK_67_PALLET_07_01_MESH.001
23:44:51 | INFO: Primitives created: 1
23:44:51 | INFO: Extracting primitive: V04_RM_RACK_67_PALLET_07_02_MESH.001
23:44:51 | INFO: Primitives created: 1
23:44:51 | INFO: Extracting primitive: V04_RM_RACK_67_PALLET_08_00_MESH.001
23:44:51 | INFO: Primitives created: 1
23:44:51 | INFO: Extracting primitive: V04_RM_RACK_67_PALLET_08_01_MESH.001
23:44:51 | INFO: Primitives created: 1
23:44:51 | INFO: Extracting primitive: V04_RM_RACK_67_PALLET_08_02_MESH.001
23:44:51 | INFO: Primitives created: 1
23:44:51 | INFO: Extracting primitive: V04_RM_RACK_67_UPRIGHT_00_00_MESH.001
23:44:51 | INFO: Primitives created: 1
23:44:51 | INFO: Extracting primitive: V04_RM_RACK_67_UPRIGHT_00_01_MESH.001
23:44:51 | INFO: Primitives created: 1
23:44:51 | INFO: Extracting primitive: V04_RM_RACK_67_UPRIGHT_00_02_MESH.001
23:44:51 | INFO: Primitives created: 1
23:44:51 | INFO: Extracting primitive: V04_RM_RACK_67_UPRIGHT_01_00_MESH.001
23:44:51 | INFO: Primitives created: 1
23:44:51 | INFO: Extracting primitive: V04_RM_RACK_67_UPRIGHT_01_01_MESH.001
23:44:51 | INFO: Primitives created: 1
23:44:51 | INFO: Extracting primitive: V04_RM_RACK_67_UPRIGHT_01_02_MESH.001
23:44:51 | INFO: Primitives created: 1
23:44:51 | INFO: Extracting primitive: V04_RM_RACK_67_UPRIGHT_02_00_MESH.001
23:44:51 | INFO: Primitives created: 1
23:44:51 | INFO: Extracting primitive: V04_RM_RACK_67_UPRIGHT_02_01_MESH.001
23:44:51 | INFO: Primitives created: 1
23:44:51 | INFO: Extracting primitive: V04_RM_RACK_67_UPRIGHT_02_02_MESH.001
23:44:51 | INFO: Primitives created: 1
23:44:51 | INFO: Extracting primitive: V04_RM_RACK_67_UPRIGHT_03_00_MESH.001
23:44:51 | INFO: Primitives created: 1
23:44:51 | INFO: Extracting primitive: V04_RM_RACK_67_UPRIGHT_03_01_MESH.001
23:44:51 | INFO: Primitives created: 1
23:44:51 | INFO: Extracting primitive: V04_RM_RACK_67_UPRIGHT_03_02_MESH.001
23:44:51 | INFO: Primitives created: 1
23:44:51 | INFO: Extracting primitive: V04_RM_RACK_67_UPRIGHT_04_00_MESH.001
23:44:51 | INFO: Primitives created: 1
23:44:51 | INFO: Extracting primitive: V04_RM_RACK_67_UPRIGHT_04_01_MESH.001
23:44:51 | INFO: Primitives created: 1
23:44:51 | INFO: Extracting primitive: V04_RM_RACK_67_UPRIGHT_04_02_MESH.001
23:44:51 | INFO: Primitives created: 1
23:44:51 | INFO: Extracting primitive: V04_RM_RACK_67_UPRIGHT_05_00_MESH.001
23:44:51 | INFO: Primitives created: 1
23:44:51 | INFO: Extracting primitive: V04_RM_RACK_67_UPRIGHT_05_01_MESH.001
23:44:51 | INFO: Primitives created: 1
23:44:51 | INFO: Extracting primitive: V04_RM_RACK_67_UPRIGHT_05_02_MESH.001
23:44:51 | INFO: Primitives created: 1
23:44:51 | INFO: Extracting primitive: V04_RM_RACK_67_UPRIGHT_06_00_MESH.001
23:44:51 | INFO: Primitives created: 1
23:44:51 | INFO: Extracting primitive: V04_RM_RACK_67_UPRIGHT_06_01_MESH.001
23:44:51 | INFO: Primitives created: 1
23:44:51 | INFO: Extracting primitive: V04_RM_RACK_67_UPRIGHT_06_02_MESH.001
23:44:51 | INFO: Primitives created: 1
23:44:51 | INFO: Extracting primitive: V04_RM_RACK_67_UPRIGHT_07_00_MESH.001
23:44:51 | INFO: Primitives created: 1
23:44:51 | INFO: Extracting primitive: V04_RM_RACK_67_UPRIGHT_07_01_MESH.001
23:44:51 | INFO: Primitives created: 1
23:44:51 | INFO: Extracting primitive: V04_RM_RACK_67_UPRIGHT_07_02_MESH.001
23:44:51 | INFO: Primitives created: 1
23:44:51 | INFO: Extracting primitive: V04_RM_RACK_67_UPRIGHT_08_00_MESH.001
23:44:51 | INFO: Primitives created: 1
23:44:51 | INFO: Extracting primitive: V04_RM_RACK_67_UPRIGHT_08_01_MESH.001
23:44:51 | INFO: Primitives created: 1
23:44:51 | INFO: Extracting primitive: V04_RM_RACK_67_UPRIGHT_08_02_MESH.001
23:44:51 | INFO: Primitives created: 1
23:44:51 | INFO: Extracting primitive: V04_RM_RACK_75_BEAM_00_MESH.001
23:44:51 | INFO: Primitives created: 1
23:44:51 | INFO: Extracting primitive: V04_RM_RACK_75_BEAM_01_MESH.001
23:44:51 | INFO: Primitives created: 1
23:44:51 | INFO: Extracting primitive: V04_RM_RACK_75_BEAM_02_MESH.001
23:44:51 | INFO: Primitives created: 1
23:44:51 | INFO: Extracting primitive: V04_RM_RACK_75_LOAD_00_00_MESH.001
23:44:51 | INFO: Primitives created: 1
23:44:51 | INFO: Extracting primitive: V04_RM_RACK_75_LOAD_00_01_MESH.001
23:44:51 | INFO: Primitives created: 1
23:44:51 | INFO: Extracting primitive: V04_RM_RACK_75_LOAD_00_02_MESH.001
23:44:51 | INFO: Primitives created: 1
23:44:51 | INFO: Extracting primitive: V04_RM_RACK_75_LOAD_01_00_MESH.001
23:44:51 | INFO: Primitives created: 1
23:44:51 | INFO: Extracting primitive: V04_RM_RACK_75_LOAD_01_01_MESH.001
23:44:51 | INFO: Primitives created: 1
23:44:51 | INFO: Extracting primitive: V04_RM_RACK_75_LOAD_01_02_MESH.001
23:44:51 | INFO: Primitives created: 1
23:44:51 | INFO: Extracting primitive: V04_RM_RACK_75_LOAD_02_00_MESH.001
23:44:51 | INFO: Primitives created: 1
23:44:51 | INFO: Extracting primitive: V04_RM_RACK_75_LOAD_02_01_MESH.001
23:44:51 | INFO: Primitives created: 1
23:44:51 | INFO: Extracting primitive: V04_RM_RACK_75_LOAD_02_02_MESH.001
23:44:51 | INFO: Primitives created: 1
23:44:51 | INFO: Extracting primitive: V04_RM_RACK_75_LOAD_03_00_MESH.001
23:44:51 | INFO: Primitives created: 1
23:44:51 | INFO: Extracting primitive: V04_RM_RACK_75_LOAD_03_01_MESH.001
23:44:51 | INFO: Primitives created: 1
23:44:51 | INFO: Extracting primitive: V04_RM_RACK_75_LOAD_03_02_MESH.001
23:44:51 | INFO: Primitives created: 1
23:44:51 | INFO: Extracting primitive: V04_RM_RACK_75_LOAD_04_00_MESH.001
23:44:51 | INFO: Primitives created: 1
23:44:51 | INFO: Extracting primitive: V04_RM_RACK_75_LOAD_04_01_MESH.001
23:44:51 | INFO: Primitives created: 1
23:44:51 | INFO: Extracting primitive: V04_RM_RACK_75_LOAD_04_02_MESH.001
23:44:51 | INFO: Primitives created: 1
23:44:51 | INFO: Extracting primitive: V04_RM_RACK_75_LOAD_05_00_MESH.001
23:44:51 | INFO: Primitives created: 1
23:44:51 | INFO: Extracting primitive: V04_RM_RACK_75_LOAD_05_01_MESH.001
23:44:51 | INFO: Primitives created: 1
23:44:51 | INFO: Extracting primitive: V04_RM_RACK_75_LOAD_05_02_MESH.001
23:44:51 | INFO: Primitives created: 1
23:44:51 | INFO: Extracting primitive: V04_RM_RACK_75_LOAD_06_00_MESH.001
23:44:51 | INFO: Primitives created: 1
23:44:51 | INFO: Extracting primitive: V04_RM_RACK_75_LOAD_06_01_MESH.001
23:44:51 | INFO: Primitives created: 1
23:44:51 | INFO: Extracting primitive: V04_RM_RACK_75_LOAD_06_02_MESH.001
23:44:51 | INFO: Primitives created: 1
23:44:51 | INFO: Extracting primitive: V04_RM_RACK_75_LOAD_07_00_MESH.001
23:44:51 | INFO: Primitives created: 1
23:44:51 | INFO: Extracting primitive: V04_RM_RACK_75_LOAD_07_01_MESH.001
23:44:51 | INFO: Primitives created: 1
23:44:51 | INFO: Extracting primitive: V04_RM_RACK_75_LOAD_07_02_MESH.001
23:44:51 | INFO: Primitives created: 1
23:44:51 | INFO: Extracting primitive: V04_RM_RACK_75_LOAD_08_00_MESH.001
23:44:51 | INFO: Primitives created: 1
23:44:51 | INFO: Extracting primitive: V04_RM_RACK_75_LOAD_08_01_MESH.001
23:44:51 | INFO: Primitives created: 1
23:44:51 | INFO: Extracting primitive: V04_RM_RACK_75_LOAD_08_02_MESH.001
23:44:51 | INFO: Primitives created: 1
23:44:51 | INFO: Extracting primitive: V04_RM_RACK_75_PALLET_00_00_MESH.001
23:44:51 | INFO: Primitives created: 1
23:44:51 | INFO: Extracting primitive: V04_RM_RACK_75_PALLET_00_01_MESH.001
23:44:51 | INFO: Primitives created: 1
23:44:51 | INFO: Extracting primitive: V04_RM_RACK_75_PALLET_00_02_MESH.001
23:44:51 | INFO: Primitives created: 1
23:44:51 | INFO: Extracting primitive: V04_RM_RACK_75_PALLET_01_00_MESH.001
23:44:51 | INFO: Primitives created: 1
23:44:51 | INFO: Extracting primitive: V04_RM_RACK_75_PALLET_01_01_MESH.001
23:44:51 | INFO: Primitives created: 1
23:44:51 | INFO: Extracting primitive: V04_RM_RACK_75_PALLET_01_02_MESH.001
23:44:51 | INFO: Primitives created: 1
23:44:51 | INFO: Extracting primitive: V04_RM_RACK_75_PALLET_02_00_MESH.001
23:44:51 | INFO: Primitives created: 1
23:44:51 | INFO: Extracting primitive: V04_RM_RACK_75_PALLET_02_01_MESH.001
23:44:51 | INFO: Primitives created: 1
23:44:51 | INFO: Extracting primitive: V04_RM_RACK_75_PALLET_02_02_MESH.001
23:44:51 | INFO: Primitives created: 1
23:44:51 | INFO: Extracting primitive: V04_RM_RACK_75_PALLET_03_00_MESH.001
23:44:51 | INFO: Primitives created: 1
23:44:51 | INFO: Extracting primitive: V04_RM_RACK_75_PALLET_03_01_MESH.001
23:44:51 | INFO: Primitives created: 1
23:44:51 | INFO: Extracting primitive: V04_RM_RACK_75_PALLET_03_02_MESH.001
23:44:51 | INFO: Primitives created: 1
23:44:51 | INFO: Extracting primitive: V04_RM_RACK_75_PALLET_04_00_MESH.001
23:44:51 | INFO: Primitives created: 1
23:44:51 | INFO: Extracting primitive: V04_RM_RACK_75_PALLET_04_01_MESH.001
23:44:51 | INFO: Primitives created: 1
23:44:51 | INFO: Extracting primitive: V04_RM_RACK_75_PALLET_04_02_MESH.001
23:44:51 | INFO: Primitives created: 1
23:44:51 | INFO: Extracting primitive: V04_RM_RACK_75_PALLET_05_00_MESH.001
23:44:51 | INFO: Primitives created: 1
23:44:51 | INFO: Extracting primitive: V04_RM_RACK_75_PALLET_05_01_MESH.001
23:44:51 | INFO: Primitives created: 1
23:44:51 | INFO: Extracting primitive: V04_RM_RACK_75_PALLET_05_02_MESH.001
23:44:51 | INFO: Primitives created: 1
23:44:51 | INFO: Extracting primitive: V04_RM_RACK_75_PALLET_06_00_MESH.001
23:44:51 | INFO: Primitives created: 1
23:44:51 | INFO: Extracting primitive: V04_RM_RACK_75_PALLET_06_01_MESH.001
23:44:51 | INFO: Primitives created: 1
23:44:51 | INFO: Extracting primitive: V04_RM_RACK_75_PALLET_06_02_MESH.001
23:44:51 | INFO: Primitives created: 1
23:44:51 | INFO: Extracting primitive: V04_RM_RACK_75_PALLET_07_00_MESH.001
23:44:51 | INFO: Primitives created: 1
23:44:51 | INFO: Extracting primitive: V04_RM_RACK_75_PALLET_07_01_MESH.001
23:44:51 | INFO: Primitives created: 1
23:44:51 | INFO: Extracting primitive: V04_RM_RACK_75_PALLET_07_02_MESH.001
23:44:51 | INFO: Primitives created: 1
23:44:51 | INFO: Extracting primitive: V04_RM_RACK_75_PALLET_08_00_MESH.001
23:44:51 | INFO: Primitives created: 1
23:44:51 | INFO: Extracting primitive: V04_RM_RACK_75_PALLET_08_01_MESH.001
23:44:51 | INFO: Primitives created: 1
23:44:51 | INFO: Extracting primitive: V04_RM_RACK_75_PALLET_08_02_MESH.001
23:44:51 | INFO: Primitives created: 1
23:44:51 | INFO: Extracting primitive: V04_RM_RACK_75_UPRIGHT_00_00_MESH.001
23:44:51 | INFO: Primitives created: 1
23:44:51 | INFO: Extracting primitive: V04_RM_RACK_75_UPRIGHT_00_01_MESH.001
23:44:51 | INFO: Primitives created: 1
23:44:51 | INFO: Extracting primitive: V04_RM_RACK_75_UPRIGHT_00_02_MESH.001
23:44:51 | INFO: Primitives created: 1
23:44:51 | INFO: Extracting primitive: V04_RM_RACK_75_UPRIGHT_01_00_MESH.001
23:44:51 | INFO: Primitives created: 1
23:44:51 | INFO: Extracting primitive: V04_RM_RACK_75_UPRIGHT_01_01_MESH.001
23:44:51 | INFO: Primitives created: 1
23:44:51 | INFO: Extracting primitive: V04_RM_RACK_75_UPRIGHT_01_02_MESH.001
23:44:51 | INFO: Primitives created: 1
23:44:51 | INFO: Extracting primitive: V04_RM_RACK_75_UPRIGHT_02_00_MESH.001
23:44:51 | INFO: Primitives created: 1
23:44:51 | INFO: Extracting primitive: V04_RM_RACK_75_UPRIGHT_02_01_MESH.001
23:44:51 | INFO: Primitives created: 1
23:44:51 | INFO: Extracting primitive: V04_RM_RACK_75_UPRIGHT_02_02_MESH.001
23:44:51 | INFO: Primitives created: 1
23:44:51 | INFO: Extracting primitive: V04_RM_RACK_75_UPRIGHT_03_00_MESH.001
23:44:51 | INFO: Primitives created: 1
23:44:51 | INFO: Extracting primitive: V04_RM_RACK_75_UPRIGHT_03_01_MESH.001
23:44:51 | INFO: Primitives created: 1
23:44:51 | INFO: Extracting primitive: V04_RM_RACK_75_UPRIGHT_03_02_MESH.001
23:44:51 | INFO: Primitives created: 1
23:44:51 | INFO: Extracting primitive: V04_RM_RACK_75_UPRIGHT_04_00_MESH.001
23:44:51 | INFO: Primitives created: 1
23:44:51 | INFO: Extracting primitive: V04_RM_RACK_75_UPRIGHT_04_01_MESH.001
23:44:51 | INFO: Primitives created: 1
23:44:52 | INFO: Extracting primitive: V04_RM_RACK_75_UPRIGHT_04_02_MESH.001
23:44:52 | INFO: Primitives created: 1
23:44:52 | INFO: Extracting primitive: V04_RM_RACK_75_UPRIGHT_05_00_MESH.001
23:44:52 | INFO: Primitives created: 1
23:44:52 | INFO: Extracting primitive: V04_RM_RACK_75_UPRIGHT_05_01_MESH.001
23:44:52 | INFO: Primitives created: 1
23:44:52 | INFO: Extracting primitive: V04_RM_RACK_75_UPRIGHT_05_02_MESH.001
23:44:52 | INFO: Primitives created: 1
23:44:52 | INFO: Extracting primitive: V04_RM_RACK_75_UPRIGHT_06_00_MESH.001
23:44:52 | INFO: Primitives created: 1
23:44:52 | INFO: Extracting primitive: V04_RM_RACK_75_UPRIGHT_06_01_MESH.001
23:44:52 | INFO: Primitives created: 1
23:44:52 | INFO: Extracting primitive: V04_RM_RACK_75_UPRIGHT_06_02_MESH.001
23:44:52 | INFO: Primitives created: 1
23:44:52 | INFO: Extracting primitive: V04_RM_RACK_75_UPRIGHT_07_00_MESH.001
23:44:52 | INFO: Primitives created: 1
23:44:52 | INFO: Extracting primitive: V04_RM_RACK_75_UPRIGHT_07_01_MESH.001
23:44:52 | INFO: Primitives created: 1
23:44:52 | INFO: Extracting primitive: V04_RM_RACK_75_UPRIGHT_07_02_MESH.001
23:44:52 | INFO: Primitives created: 1
23:44:52 | INFO: Extracting primitive: V04_RM_RACK_75_UPRIGHT_08_00_MESH.001
23:44:52 | INFO: Primitives created: 1
23:44:52 | INFO: Extracting primitive: V04_RM_RACK_75_UPRIGHT_08_01_MESH.001
23:44:52 | INFO: Primitives created: 1
23:44:52 | INFO: Extracting primitive: V04_RM_RACK_75_UPRIGHT_08_02_MESH.001
23:44:52 | INFO: Primitives created: 1
23:44:52 | INFO: Extracting primitive: V04_RM_RACK_83_BEAM_00_MESH.001
23:44:52 | INFO: Primitives created: 1
23:44:52 | INFO: Extracting primitive: V04_RM_RACK_83_BEAM_01_MESH.001
23:44:52 | INFO: Primitives created: 1
23:44:52 | INFO: Extracting primitive: V04_RM_RACK_83_BEAM_02_MESH.001
23:44:52 | INFO: Primitives created: 1
23:44:52 | INFO: Extracting primitive: V04_RM_RACK_83_LOAD_00_00_MESH.001
23:44:52 | INFO: Primitives created: 1
23:44:52 | INFO: Extracting primitive: V04_RM_RACK_83_LOAD_00_01_MESH.001
23:44:52 | INFO: Primitives created: 1
23:44:52 | INFO: Extracting primitive: V04_RM_RACK_83_LOAD_00_02_MESH.001
23:44:52 | INFO: Primitives created: 1
23:44:52 | INFO: Extracting primitive: V04_RM_RACK_83_LOAD_01_00_MESH.001
23:44:52 | INFO: Primitives created: 1
23:44:52 | INFO: Extracting primitive: V04_RM_RACK_83_LOAD_01_01_MESH.001
23:44:52 | INFO: Primitives created: 1
23:44:52 | INFO: Extracting primitive: V04_RM_RACK_83_LOAD_01_02_MESH.001
23:44:52 | INFO: Primitives created: 1
23:44:52 | INFO: Extracting primitive: V04_RM_RACK_83_LOAD_02_00_MESH.001
23:44:52 | INFO: Primitives created: 1
23:44:52 | INFO: Extracting primitive: V04_RM_RACK_83_LOAD_02_01_MESH.001
23:44:52 | INFO: Primitives created: 1
23:44:52 | INFO: Extracting primitive: V04_RM_RACK_83_LOAD_02_02_MESH.001
23:44:52 | INFO: Primitives created: 1
23:44:52 | INFO: Extracting primitive: V04_RM_RACK_83_LOAD_03_00_MESH.001
23:44:52 | INFO: Primitives created: 1
23:44:52 | INFO: Extracting primitive: V04_RM_RACK_83_LOAD_03_01_MESH.001
23:44:52 | INFO: Primitives created: 1
23:44:52 | INFO: Extracting primitive: V04_RM_RACK_83_LOAD_03_02_MESH.001
23:44:52 | INFO: Primitives created: 1
23:44:52 | INFO: Extracting primitive: V04_RM_RACK_83_LOAD_04_00_MESH.001
23:44:52 | INFO: Primitives created: 1
23:44:52 | INFO: Extracting primitive: V04_RM_RACK_83_LOAD_04_01_MESH.001
23:44:52 | INFO: Primitives created: 1
23:44:52 | INFO: Extracting primitive: V04_RM_RACK_83_LOAD_04_02_MESH.001
23:44:52 | INFO: Primitives created: 1
23:44:52 | INFO: Extracting primitive: V04_RM_RACK_83_LOAD_05_00_MESH.001
23:44:52 | INFO: Primitives created: 1
23:44:52 | INFO: Extracting primitive: V04_RM_RACK_83_LOAD_05_01_MESH.001
23:44:52 | INFO: Primitives created: 1
23:44:52 | INFO: Extracting primitive: V04_RM_RACK_83_LOAD_05_02_MESH.001
23:44:52 | INFO: Primitives created: 1
23:44:52 | INFO: Extracting primitive: V04_RM_RACK_83_LOAD_06_00_MESH.001
23:44:52 | INFO: Primitives created: 1
23:44:52 | INFO: Extracting primitive: V04_RM_RACK_83_LOAD_06_01_MESH.001
23:44:52 | INFO: Primitives created: 1
23:44:52 | INFO: Extracting primitive: V04_RM_RACK_83_LOAD_06_02_MESH.001
23:44:52 | INFO: Primitives created: 1
23:44:52 | INFO: Extracting primitive: V04_RM_RACK_83_LOAD_07_00_MESH.001
23:44:52 | INFO: Primitives created: 1
23:44:52 | INFO: Extracting primitive: V04_RM_RACK_83_LOAD_07_01_MESH.001
23:44:52 | INFO: Primitives created: 1
23:44:52 | INFO: Extracting primitive: V04_RM_RACK_83_LOAD_07_02_MESH.001
23:44:52 | INFO: Primitives created: 1
23:44:52 | INFO: Extracting primitive: V04_RM_RACK_83_LOAD_08_00_MESH.001
23:44:52 | INFO: Primitives created: 1
23:44:52 | INFO: Extracting primitive: V04_RM_RACK_83_LOAD_08_01_MESH.001
23:44:52 | INFO: Primitives created: 1
23:44:52 | INFO: Extracting primitive: V04_RM_RACK_83_LOAD_08_02_MESH.001
23:44:52 | INFO: Primitives created: 1
23:44:52 | INFO: Extracting primitive: V04_RM_RACK_83_PALLET_00_00_MESH.001
23:44:52 | INFO: Primitives created: 1
23:44:52 | INFO: Extracting primitive: V04_RM_RACK_83_PALLET_00_01_MESH.001
23:44:52 | INFO: Primitives created: 1
23:44:52 | INFO: Extracting primitive: V04_RM_RACK_83_PALLET_00_02_MESH.001
23:44:52 | INFO: Primitives created: 1
23:44:52 | INFO: Extracting primitive: V04_RM_RACK_83_PALLET_01_00_MESH.001
23:44:52 | INFO: Primitives created: 1
23:44:52 | INFO: Extracting primitive: V04_RM_RACK_83_PALLET_01_01_MESH.001
23:44:52 | INFO: Primitives created: 1
23:44:52 | INFO: Extracting primitive: V04_RM_RACK_83_PALLET_01_02_MESH.001
23:44:52 | INFO: Primitives created: 1
23:44:52 | INFO: Extracting primitive: V04_RM_RACK_83_PALLET_02_00_MESH.001
23:44:52 | INFO: Primitives created: 1
23:44:52 | INFO: Extracting primitive: V04_RM_RACK_83_PALLET_02_01_MESH.001
23:44:52 | INFO: Primitives created: 1
23:44:52 | INFO: Extracting primitive: V04_RM_RACK_83_PALLET_02_02_MESH.001
23:44:52 | INFO: Primitives created: 1
23:44:52 | INFO: Extracting primitive: V04_RM_RACK_83_PALLET_03_00_MESH.001
23:44:52 | INFO: Primitives created: 1
23:44:52 | INFO: Extracting primitive: V04_RM_RACK_83_PALLET_03_01_MESH.001
23:44:52 | INFO: Primitives created: 1
23:44:52 | INFO: Extracting primitive: V04_RM_RACK_83_PALLET_03_02_MESH.001
23:44:52 | INFO: Primitives created: 1
23:44:52 | INFO: Extracting primitive: V04_RM_RACK_83_PALLET_04_00_MESH.001
23:44:52 | INFO: Primitives created: 1
23:44:52 | INFO: Extracting primitive: V04_RM_RACK_83_PALLET_04_01_MESH.001
23:44:52 | INFO: Primitives created: 1
23:44:52 | INFO: Extracting primitive: V04_RM_RACK_83_PALLET_04_02_MESH.001
23:44:52 | INFO: Primitives created: 1
23:44:52 | INFO: Extracting primitive: V04_RM_RACK_83_PALLET_05_00_MESH.001
23:44:52 | INFO: Primitives created: 1
23:44:52 | INFO: Extracting primitive: V04_RM_RACK_83_PALLET_05_01_MESH.001
23:44:52 | INFO: Primitives created: 1
23:44:52 | INFO: Extracting primitive: V04_RM_RACK_83_PALLET_05_02_MESH.001
23:44:52 | INFO: Primitives created: 1
23:44:52 | INFO: Extracting primitive: V04_RM_RACK_83_PALLET_06_00_MESH.001
23:44:52 | INFO: Primitives created: 1
23:44:52 | INFO: Extracting primitive: V04_RM_RACK_83_PALLET_06_01_MESH.001
23:44:52 | INFO: Primitives created: 1
23:44:52 | INFO: Extracting primitive: V04_RM_RACK_83_PALLET_06_02_MESH.001
23:44:52 | INFO: Primitives created: 1
23:44:52 | INFO: Extracting primitive: V04_RM_RACK_83_PALLET_07_00_MESH.001
23:44:52 | INFO: Primitives created: 1
23:44:52 | INFO: Extracting primitive: V04_RM_RACK_83_PALLET_07_01_MESH.001
23:44:52 | INFO: Primitives created: 1
23:44:52 | INFO: Extracting primitive: V04_RM_RACK_83_PALLET_07_02_MESH.001
23:44:52 | INFO: Primitives created: 1
23:44:52 | INFO: Extracting primitive: V04_RM_RACK_83_PALLET_08_00_MESH.001
23:44:52 | INFO: Primitives created: 1
23:44:52 | INFO: Extracting primitive: V04_RM_RACK_83_PALLET_08_01_MESH.001
23:44:52 | INFO: Primitives created: 1
23:44:52 | INFO: Extracting primitive: V04_RM_RACK_83_PALLET_08_02_MESH.001
23:44:52 | INFO: Primitives created: 1
23:44:52 | INFO: Extracting primitive: V04_RM_RACK_83_UPRIGHT_00_00_MESH.001
23:44:52 | INFO: Primitives created: 1
23:44:52 | INFO: Extracting primitive: V04_RM_RACK_83_UPRIGHT_00_01_MESH.001
23:44:52 | INFO: Primitives created: 1
23:44:52 | INFO: Extracting primitive: V04_RM_RACK_83_UPRIGHT_00_02_MESH.001
23:44:52 | INFO: Primitives created: 1
23:44:52 | INFO: Extracting primitive: V04_RM_RACK_83_UPRIGHT_01_00_MESH.001
23:44:52 | INFO: Primitives created: 1
23:44:52 | INFO: Extracting primitive: V04_RM_RACK_83_UPRIGHT_01_01_MESH.001
23:44:52 | INFO: Primitives created: 1
23:44:52 | INFO: Extracting primitive: V04_RM_RACK_83_UPRIGHT_01_02_MESH.001
23:44:52 | INFO: Primitives created: 1
23:44:52 | INFO: Extracting primitive: V04_RM_RACK_83_UPRIGHT_02_00_MESH.001
23:44:52 | INFO: Primitives created: 1
23:44:52 | INFO: Extracting primitive: V04_RM_RACK_83_UPRIGHT_02_01_MESH.001
23:44:52 | INFO: Primitives created: 1
23:44:52 | INFO: Extracting primitive: V04_RM_RACK_83_UPRIGHT_02_02_MESH.001
23:44:52 | INFO: Primitives created: 1
23:44:52 | INFO: Extracting primitive: V04_RM_RACK_83_UPRIGHT_03_00_MESH.001
23:44:52 | INFO: Primitives created: 1
23:44:52 | INFO: Extracting primitive: V04_RM_RACK_83_UPRIGHT_03_01_MESH.001
23:44:52 | INFO: Primitives created: 1
23:44:52 | INFO: Extracting primitive: V04_RM_RACK_83_UPRIGHT_03_02_MESH.001
23:44:52 | INFO: Primitives created: 1
23:44:52 | INFO: Extracting primitive: V04_RM_RACK_83_UPRIGHT_04_00_MESH.001
23:44:52 | INFO: Primitives created: 1
23:44:52 | INFO: Extracting primitive: V04_RM_RACK_83_UPRIGHT_04_01_MESH.001
23:44:52 | INFO: Primitives created: 1
23:44:52 | INFO: Extracting primitive: V04_RM_RACK_83_UPRIGHT_04_02_MESH.001
23:44:52 | INFO: Primitives created: 1
23:44:52 | INFO: Extracting primitive: V04_RM_RACK_83_UPRIGHT_05_00_MESH.001
23:44:52 | INFO: Primitives created: 1
23:44:52 | INFO: Extracting primitive: V04_RM_RACK_83_UPRIGHT_05_01_MESH.001
23:44:52 | INFO: Primitives created: 1
23:44:52 | INFO: Extracting primitive: V04_RM_RACK_83_UPRIGHT_05_02_MESH.001
23:44:52 | INFO: Primitives created: 1
23:44:52 | INFO: Extracting primitive: V04_RM_RACK_83_UPRIGHT_06_00_MESH.001
23:44:52 | INFO: Primitives created: 1
23:44:52 | INFO: Extracting primitive: V04_RM_RACK_83_UPRIGHT_06_01_MESH.001
23:44:52 | INFO: Primitives created: 1
23:44:52 | INFO: Extracting primitive: V04_RM_RACK_83_UPRIGHT_06_02_MESH.001
23:44:52 | INFO: Primitives created: 1
23:44:52 | INFO: Extracting primitive: V04_RM_RACK_83_UPRIGHT_07_00_MESH.001
23:44:52 | INFO: Primitives created: 1
23:44:52 | INFO: Extracting primitive: V04_RM_RACK_83_UPRIGHT_07_01_MESH.001
23:44:52 | INFO: Primitives created: 1
23:44:52 | INFO: Extracting primitive: V04_RM_RACK_83_UPRIGHT_07_02_MESH.001
23:44:52 | INFO: Primitives created: 1
23:44:52 | INFO: Extracting primitive: V04_RM_RACK_83_UPRIGHT_08_00_MESH.001
23:44:52 | INFO: Primitives created: 1
23:44:52 | INFO: Extracting primitive: V04_RM_RACK_83_UPRIGHT_08_01_MESH.001
23:44:52 | INFO: Primitives created: 1
23:44:52 | INFO: Extracting primitive: V04_RM_RACK_83_UPRIGHT_08_02_MESH.001
23:44:52 | INFO: Primitives created: 1
23:44:52 | INFO: Extracting primitive: V04_RM_RACK_91_BEAM_00_MESH.001
23:44:52 | INFO: Primitives created: 1
23:44:52 | INFO: Extracting primitive: V04_RM_RACK_91_BEAM_01_MESH.001
23:44:52 | INFO: Primitives created: 1
23:44:52 | INFO: Extracting primitive: V04_RM_RACK_91_BEAM_02_MESH.001
23:44:52 | INFO: Primitives created: 1
23:44:52 | INFO: Extracting primitive: V04_RM_RACK_91_LOAD_00_00_MESH.001
23:44:52 | INFO: Primitives created: 1
23:44:52 | INFO: Extracting primitive: V04_RM_RACK_91_LOAD_00_01_MESH.001
23:44:52 | INFO: Primitives created: 1
23:44:52 | INFO: Extracting primitive: V04_RM_RACK_91_LOAD_00_02_MESH.001
23:44:52 | INFO: Primitives created: 1
23:44:52 | INFO: Extracting primitive: V04_RM_RACK_91_LOAD_01_00_MESH.001
23:44:52 | INFO: Primitives created: 1
23:44:52 | INFO: Extracting primitive: V04_RM_RACK_91_LOAD_01_01_MESH.001
23:44:52 | INFO: Primitives created: 1
23:44:52 | INFO: Extracting primitive: V04_RM_RACK_91_LOAD_01_02_MESH.001
23:44:52 | INFO: Primitives created: 1
23:44:52 | INFO: Extracting primitive: V04_RM_RACK_91_LOAD_02_00_MESH.001
23:44:52 | INFO: Primitives created: 1
23:44:52 | INFO: Extracting primitive: V04_RM_RACK_91_LOAD_02_01_MESH.001
23:44:52 | INFO: Primitives created: 1
23:44:52 | INFO: Extracting primitive: V04_RM_RACK_91_LOAD_02_02_MESH.001
23:44:52 | INFO: Primitives created: 1
23:44:52 | INFO: Extracting primitive: V04_RM_RACK_91_LOAD_03_00_MESH.001
23:44:52 | INFO: Primitives created: 1
23:44:52 | INFO: Extracting primitive: V04_RM_RACK_91_LOAD_03_01_MESH.001
23:44:52 | INFO: Primitives created: 1
23:44:52 | INFO: Extracting primitive: V04_RM_RACK_91_LOAD_03_02_MESH.001
23:44:52 | INFO: Primitives created: 1
23:44:52 | INFO: Extracting primitive: V04_RM_RACK_91_LOAD_04_00_MESH.001
23:44:52 | INFO: Primitives created: 1
23:44:52 | INFO: Extracting primitive: V04_RM_RACK_91_LOAD_04_01_MESH.001
23:44:52 | INFO: Primitives created: 1
23:44:52 | INFO: Extracting primitive: V04_RM_RACK_91_LOAD_04_02_MESH.001
23:44:52 | INFO: Primitives created: 1
23:44:52 | INFO: Extracting primitive: V04_RM_RACK_91_LOAD_05_00_MESH.001
23:44:52 | INFO: Primitives created: 1
23:44:52 | INFO: Extracting primitive: V04_RM_RACK_91_LOAD_05_01_MESH.001
23:44:52 | INFO: Primitives created: 1
23:44:52 | INFO: Extracting primitive: V04_RM_RACK_91_LOAD_05_02_MESH.001
23:44:52 | INFO: Primitives created: 1
23:44:52 | INFO: Extracting primitive: V04_RM_RACK_91_LOAD_06_00_MESH.001
23:44:52 | INFO: Primitives created: 1
23:44:52 | INFO: Extracting primitive: V04_RM_RACK_91_LOAD_06_01_MESH.001
23:44:52 | INFO: Primitives created: 1
23:44:52 | INFO: Extracting primitive: V04_RM_RACK_91_LOAD_06_02_MESH.001
23:44:52 | INFO: Primitives created: 1
23:44:52 | INFO: Extracting primitive: V04_RM_RACK_91_LOAD_07_00_MESH.001
23:44:52 | INFO: Primitives created: 1
23:44:52 | INFO: Extracting primitive: V04_RM_RACK_91_LOAD_07_01_MESH.001
23:44:52 | INFO: Primitives created: 1
23:44:52 | INFO: Extracting primitive: V04_RM_RACK_91_LOAD_07_02_MESH.001
23:44:52 | INFO: Primitives created: 1
23:44:52 | INFO: Extracting primitive: V04_RM_RACK_91_LOAD_08_00_MESH.001
23:44:52 | INFO: Primitives created: 1
23:44:52 | INFO: Extracting primitive: V04_RM_RACK_91_LOAD_08_01_MESH.001
23:44:52 | INFO: Primitives created: 1
23:44:52 | INFO: Extracting primitive: V04_RM_RACK_91_LOAD_08_02_MESH.001
23:44:52 | INFO: Primitives created: 1
23:44:52 | INFO: Extracting primitive: V04_RM_RACK_91_PALLET_00_00_MESH.001
23:44:52 | INFO: Primitives created: 1
23:44:52 | INFO: Extracting primitive: V04_RM_RACK_91_PALLET_00_01_MESH.001
23:44:52 | INFO: Primitives created: 1
23:44:52 | INFO: Extracting primitive: V04_RM_RACK_91_PALLET_00_02_MESH.001
23:44:52 | INFO: Primitives created: 1
23:44:52 | INFO: Extracting primitive: V04_RM_RACK_91_PALLET_01_00_MESH.001
23:44:52 | INFO: Primitives created: 1
23:44:52 | INFO: Extracting primitive: V04_RM_RACK_91_PALLET_01_01_MESH.001
23:44:52 | INFO: Primitives created: 1
23:44:52 | INFO: Extracting primitive: V04_RM_RACK_91_PALLET_01_02_MESH.001
23:44:52 | INFO: Primitives created: 1
23:44:52 | INFO: Extracting primitive: V04_RM_RACK_91_PALLET_02_00_MESH.001
23:44:52 | INFO: Primitives created: 1
23:44:52 | INFO: Extracting primitive: V04_RM_RACK_91_PALLET_02_01_MESH.001
23:44:52 | INFO: Primitives created: 1
23:44:52 | INFO: Extracting primitive: V04_RM_RACK_91_PALLET_02_02_MESH.001
23:44:52 | INFO: Primitives created: 1
23:44:52 | INFO: Extracting primitive: V04_RM_RACK_91_PALLET_03_00_MESH.001
23:44:52 | INFO: Primitives created: 1
23:44:52 | INFO: Extracting primitive: V04_RM_RACK_91_PALLET_03_01_MESH.001
23:44:52 | INFO: Primitives created: 1
23:44:52 | INFO: Extracting primitive: V04_RM_RACK_91_PALLET_03_02_MESH.001
23:44:52 | INFO: Primitives created: 1
23:44:52 | INFO: Extracting primitive: V04_RM_RACK_91_PALLET_04_00_MESH.001
23:44:52 | INFO: Primitives created: 1
23:44:52 | INFO: Extracting primitive: V04_RM_RACK_91_PALLET_04_01_MESH.001
23:44:52 | INFO: Primitives created: 1
23:44:52 | INFO: Extracting primitive: V04_RM_RACK_91_PALLET_04_02_MESH.001
23:44:52 | INFO: Primitives created: 1
23:44:52 | INFO: Extracting primitive: V04_RM_RACK_91_PALLET_05_00_MESH.001
23:44:52 | INFO: Primitives created: 1
23:44:52 | INFO: Extracting primitive: V04_RM_RACK_91_PALLET_05_01_MESH.001
23:44:52 | INFO: Primitives created: 1
23:44:52 | INFO: Extracting primitive: V04_RM_RACK_91_PALLET_05_02_MESH.001
23:44:52 | INFO: Primitives created: 1
23:44:52 | INFO: Extracting primitive: V04_RM_RACK_91_PALLET_06_00_MESH.001
23:44:52 | INFO: Primitives created: 1
23:44:52 | INFO: Extracting primitive: V04_RM_RACK_91_PALLET_06_01_MESH.001
23:44:52 | INFO: Primitives created: 1
23:44:52 | INFO: Extracting primitive: V04_RM_RACK_91_PALLET_06_02_MESH.001
23:44:52 | INFO: Primitives created: 1
23:44:52 | INFO: Extracting primitive: V04_RM_RACK_91_PALLET_07_00_MESH.001
23:44:52 | INFO: Primitives created: 1
23:44:52 | INFO: Extracting primitive: V04_RM_RACK_91_PALLET_07_01_MESH.001
23:44:52 | INFO: Primitives created: 1
23:44:52 | INFO: Extracting primitive: V04_RM_RACK_91_PALLET_07_02_MESH.001
23:44:52 | INFO: Primitives created: 1
23:44:52 | INFO: Extracting primitive: V04_RM_RACK_91_PALLET_08_00_MESH.001
23:44:52 | INFO: Primitives created: 1
23:44:52 | INFO: Extracting primitive: V04_RM_RACK_91_PALLET_08_01_MESH.001
23:44:52 | INFO: Primitives created: 1
23:44:52 | INFO: Extracting primitive: V04_RM_RACK_91_PALLET_08_02_MESH.001
23:44:52 | INFO: Primitives created: 1
23:44:52 | INFO: Extracting primitive: V04_RM_RACK_91_UPRIGHT_00_00_MESH.001
23:44:52 | INFO: Primitives created: 1
23:44:52 | INFO: Extracting primitive: V04_RM_RACK_91_UPRIGHT_00_01_MESH.001
23:44:52 | INFO: Primitives created: 1
23:44:52 | INFO: Extracting primitive: V04_RM_RACK_91_UPRIGHT_00_02_MESH.001
23:44:52 | INFO: Primitives created: 1
23:44:52 | INFO: Extracting primitive: V04_RM_RACK_91_UPRIGHT_01_00_MESH.001
23:44:52 | INFO: Primitives created: 1
23:44:52 | INFO: Extracting primitive: V04_RM_RACK_91_UPRIGHT_01_01_MESH.001
23:44:52 | INFO: Primitives created: 1
23:44:52 | INFO: Extracting primitive: V04_RM_RACK_91_UPRIGHT_01_02_MESH.001
23:44:52 | INFO: Primitives created: 1
23:44:52 | INFO: Extracting primitive: V04_RM_RACK_91_UPRIGHT_02_00_MESH.001
23:44:52 | INFO: Primitives created: 1
23:44:52 | INFO: Extracting primitive: V04_RM_RACK_91_UPRIGHT_02_01_MESH.001
23:44:52 | INFO: Primitives created: 1
23:44:52 | INFO: Extracting primitive: V04_RM_RACK_91_UPRIGHT_02_02_MESH.001
23:44:52 | INFO: Primitives created: 1
23:44:52 | INFO: Extracting primitive: V04_RM_RACK_91_UPRIGHT_03_00_MESH.001
23:44:52 | INFO: Primitives created: 1
23:44:52 | INFO: Extracting primitive: V04_RM_RACK_91_UPRIGHT_03_01_MESH.001
23:44:52 | INFO: Primitives created: 1
23:44:52 | INFO: Extracting primitive: V04_RM_RACK_91_UPRIGHT_03_02_MESH.001
23:44:52 | INFO: Primitives created: 1
23:44:52 | INFO: Extracting primitive: V04_RM_RACK_91_UPRIGHT_04_00_MESH.001
23:44:52 | INFO: Primitives created: 1
23:44:52 | INFO: Extracting primitive: V04_RM_RACK_91_UPRIGHT_04_01_MESH.001
23:44:52 | INFO: Primitives created: 1
23:44:52 | INFO: Extracting primitive: V04_RM_RACK_91_UPRIGHT_04_02_MESH.001
23:44:52 | INFO: Primitives created: 1
23:44:52 | INFO: Extracting primitive: V04_RM_RACK_91_UPRIGHT_05_00_MESH.001
23:44:52 | INFO: Primitives created: 1
23:44:52 | INFO: Extracting primitive: V04_RM_RACK_91_UPRIGHT_05_01_MESH.001
23:44:52 | INFO: Primitives created: 1
23:44:52 | INFO: Extracting primitive: V04_RM_RACK_91_UPRIGHT_05_02_MESH.001
23:44:52 | INFO: Primitives created: 1
23:44:52 | INFO: Extracting primitive: V04_RM_RACK_91_UPRIGHT_06_00_MESH.001
23:44:52 | INFO: Primitives created: 1
23:44:52 | INFO: Extracting primitive: V04_RM_RACK_91_UPRIGHT_06_01_MESH.001
23:44:52 | INFO: Primitives created: 1
23:44:52 | INFO: Extracting primitive: V04_RM_RACK_91_UPRIGHT_06_02_MESH.001
23:44:52 | INFO: Primitives created: 1
23:44:52 | INFO: Extracting primitive: V04_RM_RACK_91_UPRIGHT_07_00_MESH.001
23:44:52 | INFO: Primitives created: 1
23:44:52 | INFO: Extracting primitive: V04_RM_RACK_91_UPRIGHT_07_01_MESH.001
23:44:52 | INFO: Primitives created: 1
23:44:52 | INFO: Extracting primitive: V04_RM_RACK_91_UPRIGHT_07_02_MESH.001
23:44:52 | INFO: Primitives created: 1
23:44:52 | INFO: Extracting primitive: V04_RM_RACK_91_UPRIGHT_08_00_MESH.001
23:44:52 | INFO: Primitives created: 1
23:44:52 | INFO: Extracting primitive: V04_RM_RACK_91_UPRIGHT_08_01_MESH.001
23:44:52 | INFO: Primitives created: 1
23:44:52 | INFO: Extracting primitive: V04_RM_RACK_91_UPRIGHT_08_02_MESH.001
23:44:52 | INFO: Primitives created: 1
23:44:52 | INFO: Extracting primitive: V04_RM_RECEIVING_DOCK_MESH.001
23:44:52 | INFO: Primitives created: 1
23:44:52 | INFO: Extracting primitive: V04_RM_RECEIVING_PALLET_00_MESH.001
23:44:52 | INFO: Primitives created: 1
23:44:52 | INFO: Extracting primitive: V04_RM_RECEIVING_PALLET_01_MESH.001
23:44:52 | INFO: Primitives created: 1
23:44:52 | INFO: Extracting primitive: V04_RM_RECEIVING_PALLET_02_MESH.001
23:44:52 | INFO: Primitives created: 1
23:44:52 | INFO: Extracting primitive: V04_RM_RECEIVING_PALLET_03_MESH.001
23:44:52 | INFO: Primitives created: 1
23:44:52 | INFO: Extracting primitive: V04_RM_RECEIVING_PALLET_04_MESH.001
23:44:52 | INFO: Primitives created: 1
23:44:52 | INFO: Extracting primitive: V04_RM_RECEIVING_PALLET_05_MESH.001
23:44:52 | INFO: Primitives created: 1
23:44:52 | INFO: Extracting primitive: V04_RM_RECEIVING_SACK_00_MESH.001
23:44:52 | INFO: Primitives created: 1
23:44:52 | INFO: Extracting primitive: V04_RM_RECEIVING_SACK_01_MESH.001
23:44:52 | INFO: Primitives created: 1
23:44:52 | INFO: Extracting primitive: V04_RM_RECEIVING_SACK_02_MESH.001
23:44:52 | INFO: Primitives created: 1
23:44:52 | INFO: Extracting primitive: V04_RM_RECEIVING_SACK_03_MESH.001
23:44:52 | INFO: Primitives created: 1
23:44:52 | INFO: Extracting primitive: V04_RM_RECEIVING_SACK_04_MESH.001
23:44:52 | INFO: Primitives created: 1
23:44:52 | INFO: Extracting primitive: V04_RM_RECEIVING_SACK_05_MESH.001
23:44:52 | INFO: Primitives created: 1
23:44:52 | INFO: Extracting primitive: V04_RM_RIGHT_MESH.001
23:44:52 | INFO: Primitives created: 1
23:44:52 | INFO: Extracting primitive: V04_RM_SAMPLING_BOOTH_MESH.001
23:44:52 | INFO: Primitives created: 1
23:44:52 | INFO: Extracting primitive: V04_UTIL_BACK_MESH.001
23:44:52 | INFO: Primitives created: 1
23:44:52 | INFO: Extracting primitive: V04_UTIL_BOILER_MESH.001
23:44:52 | INFO: Primitives created: 1
23:44:52 | INFO: Extracting primitive: V04_UTIL_COMPRESSOR_MESH.001
23:44:52 | INFO: Primitives created: 1
23:44:52 | INFO: Extracting primitive: V04_UTIL_COMPRESSOR_SKID_MESH.001
23:44:52 | INFO: Primitives created: 1
23:44:52 | INFO: Extracting primitive: V04_UTIL_FLOOR_MESH.001
23:44:52 | INFO: Primitives created: 1
23:44:52 | INFO: Extracting primitive: V04_UTIL_LEFT_MESH.001
23:44:52 | INFO: Primitives created: 1
23:44:52 | INFO: Extracting primitive: V04_UTIL_LIGHT_00_BODY_MESH.001
23:44:52 | INFO: Primitives created: 1
23:44:52 | INFO: Extracting primitive: V04_UTIL_LIGHT_00_GLOW_MESH.001
23:44:52 | INFO: Primitives created: 1
23:44:52 | INFO: Extracting primitive: V04_UTIL_LIGHT_01_BODY_MESH.001
23:44:52 | INFO: Primitives created: 1
23:44:52 | INFO: Extracting primitive: V04_UTIL_LIGHT_01_GLOW_MESH.001
23:44:52 | INFO: Primitives created: 1
23:44:52 | INFO: Extracting primitive: V04_UTIL_LIGHT_02_BODY_MESH.001
23:44:52 | INFO: Primitives created: 1
23:44:52 | INFO: Extracting primitive: V04_UTIL_LIGHT_02_GLOW_MESH.001
23:44:52 | INFO: Primitives created: 1
23:44:52 | INFO: Extracting primitive: V04_UTIL_LIGHT_03_BODY_MESH.001
23:44:52 | INFO: Primitives created: 1
23:44:52 | INFO: Extracting primitive: V04_UTIL_LIGHT_03_GLOW_MESH.001
23:44:52 | INFO: Primitives created: 1
23:44:52 | INFO: Extracting primitive: V04_UTIL_LIGHT_04_BODY_MESH.001
23:44:52 | INFO: Primitives created: 1
23:44:52 | INFO: Extracting primitive: V04_UTIL_LIGHT_04_GLOW_MESH.001
23:44:52 | INFO: Primitives created: 1
23:44:52 | INFO: Extracting primitive: V04_UTIL_MAINT_BENCH_MESH.001
23:44:52 | INFO: Primitives created: 1
23:44:52 | INFO: Extracting primitive: V04_UTIL_MANIFOLD_00_MESH.001
23:44:52 | INFO: Primitives created: 1
23:44:52 | INFO: Extracting primitive: V04_UTIL_MANIFOLD_01_MESH.001
23:44:52 | INFO: Primitives created: 1
23:44:52 | INFO: Extracting primitive: V04_UTIL_MANIFOLD_02_MESH.001
23:44:52 | INFO: Primitives created: 1
23:44:52 | INFO: Extracting primitive: V04_UTIL_MANIFOLD_03_MESH.001
23:44:52 | INFO: Primitives created: 1
23:44:52 | INFO: Extracting primitive: V04_UTIL_RO_COLUMN_00_MESH.001
23:44:52 | INFO: Primitives created: 1
23:44:52 | INFO: Extracting primitive: V04_UTIL_RO_COLUMN_01_MESH.001
23:44:52 | INFO: Primitives created: 1
23:44:52 | INFO: Extracting primitive: V04_UTIL_RO_COLUMN_02_MESH.001
23:44:52 | INFO: Primitives created: 1
23:44:52 | INFO: Extracting primitive: V04_UTIL_RO_SKID_MESH.001
23:44:52 | INFO: Primitives created: 1
23:44:52 | INFO: Extracting primitive: V04_UTIL_STEAM_HEADER_MESH.001
23:44:52 | INFO: Primitives created: 1
23:44:52 | INFO: Extracting primitive: V04_UTIL_TOOL_00_MESH.001
23:44:52 | INFO: Primitives created: 1
23:44:52 | INFO: Extracting primitive: V04_UTIL_TOOL_01_MESH.001
23:44:52 | INFO: Primitives created: 1
23:44:52 | INFO: Extracting primitive: V04_UTIL_TOOL_02_MESH.001
23:44:52 | INFO: Primitives created: 1
23:44:52 | INFO: Extracting primitive: V04_UTIL_TOOL_03_MESH.001
23:44:52 | INFO: Primitives created: 1
23:44:52 | INFO: Extracting primitive: V04_UTIL_TOOL_04_MESH.001
23:44:52 | INFO: Primitives created: 1
23:44:52 | INFO: Extracting primitive: V04_WIPES_BACK_MESH.001
23:44:52 | INFO: Primitives created: 1
23:44:52 | INFO: Extracting primitive: V04_WIPES_FLOOR_MESH.001
23:44:52 | INFO: Primitives created: 1
23:44:52 | INFO: Extracting primitive: V04_WIPES_FOLDING_BLADE_00_MESH.001
23:44:52 | INFO: Primitives created: 1
23:44:52 | INFO: Extracting primitive: V04_WIPES_FOLDING_BLADE_01_MESH.001
23:44:52 | INFO: Primitives created: 1
23:44:52 | INFO: Extracting primitive: V04_WIPES_FOLDING_BLADE_02_MESH.001
23:44:52 | INFO: Primitives created: 1
23:44:52 | INFO: Extracting primitive: V04_WIPES_FOLDING_PLOW_FRAME_MESH.001
23:44:52 | INFO: Primitives created: 1
23:44:52 | INFO: Extracting primitive: V04_WIPES_LEFT_MESH.001
23:44:52 | INFO: Primitives created: 1
23:44:52 | INFO: Extracting primitive: V04_WIPES_LIGHT_00_BODY_MESH.001
23:44:52 | INFO: Primitives created: 1
23:44:52 | INFO: Extracting primitive: V04_WIPES_LIGHT_00_GLOW_MESH.001
23:44:52 | INFO: Primitives created: 1
23:44:52 | INFO: Extracting primitive: V04_WIPES_LIGHT_01_BODY_MESH.001
23:44:52 | INFO: Primitives created: 1
23:44:52 | INFO: Extracting primitive: V04_WIPES_LIGHT_01_GLOW_MESH.001
23:44:52 | INFO: Primitives created: 1
23:44:52 | INFO: Extracting primitive: V04_WIPES_LIGHT_02_BODY_MESH.001
23:44:52 | INFO: Primitives created: 1
23:44:52 | INFO: Extracting primitive: V04_WIPES_LIGHT_02_GLOW_MESH.001
23:44:52 | INFO: Primitives created: 1
23:44:52 | INFO: Extracting primitive: V04_WIPES_LIGHT_03_BODY_MESH.001
23:44:52 | INFO: Primitives created: 1
23:44:52 | INFO: Extracting primitive: V04_WIPES_LIGHT_03_GLOW_MESH.001
23:44:52 | INFO: Primitives created: 1
23:44:52 | INFO: Extracting primitive: V04_WIPES_LIGHT_04_BODY_MESH.001
23:44:52 | INFO: Primitives created: 1
23:44:52 | INFO: Extracting primitive: V04_WIPES_LIGHT_04_GLOW_MESH.001
23:44:52 | INFO: Primitives created: 1
23:44:52 | INFO: Extracting primitive: V04_WIPES_LIGHT_05_BODY_MESH.001
23:44:52 | INFO: Primitives created: 1
23:44:52 | INFO: Extracting primitive: V04_WIPES_LIGHT_05_GLOW_MESH.001
23:44:52 | INFO: Primitives created: 1
23:44:52 | INFO: Extracting primitive: V04_WIPES_POUCH_FILM_PATH_MESH.001
23:44:52 | INFO: Primitives created: 1
23:44:52 | INFO: Extracting primitive: V04_WIPES_RIGHT_MESH.001
23:44:52 | INFO: Primitives created: 1
23:44:52 | INFO: Extracting primitive: V04_WIPES_SEALING_JAWS_MESH.001
23:44:52 | INFO: Primitives created: 1
23:44:52 | INFO: Extracting primitive: V04_WIPES_WEB_GUIDE_00_MESH.001
23:44:52 | INFO: Primitives created: 1
23:44:52 | INFO: Extracting primitive: V04_WIPES_WEB_GUIDE_01_MESH.001
23:44:52 | INFO: Primitives created: 1
23:44:52 | INFO: Extracting primitive: V04_WIPES_WEB_GUIDE_02_MESH.001
23:44:52 | INFO: Primitives created: 1
23:44:52 | INFO: Extracting primitive: V04_WIPES_WEB_GUIDE_03_MESH.001
23:44:52 | INFO: Primitives created: 1
23:44:52 | INFO: Extracting primitive: V04_WIPES_WEB_GUIDE_04_MESH.001
23:44:52 | INFO: Primitives created: 1
23:44:52 | INFO: Extracting primitive: V04_WIPES_WEB_GUIDE_05_MESH.001
23:44:52 | INFO: Primitives created: 1
23:44:52 | INFO: Extracting primitive: V04_WIPES_WEB_TABLE_MESH.001
23:44:52 | INFO: Primitives created: 1
23:44:52 | INFO: Extracting primitive: V05_ADMIN_BACK_MESH
23:44:52 | INFO: Primitives created: 1
23:44:52 | INFO: Extracting primitive: V05_ADMIN_DOOR_HEADER_MESH
23:44:52 | INFO: Primitives created: 1
23:44:52 | INFO: Extracting primitive: V05_ADMIN_DOOR_L_MESH
23:44:52 | INFO: Primitives created: 1
23:44:52 | INFO: Extracting primitive: V05_ADMIN_DOOR_R_MESH
23:44:52 | INFO: Primitives created: 1
23:44:52 | INFO: Extracting primitive: V05_ADMIN_FLOOR_MESH
23:44:52 | INFO: Primitives created: 1
23:44:52 | INFO: Extracting primitive: V05_ADMIN_LAB_PARTITION_PANEL_MESH
23:44:52 | INFO: Primitives created: 1
23:44:52 | INFO: Extracting primitive: V05_ADMIN_LAB_PARTITION_POST_MESH
23:44:52 | INFO: Primitives created: 1
23:44:52 | INFO: Extracting primitive: V05_ADMIN_LAB_STORAGE_BEAM_0_MESH
23:44:52 | INFO: Primitives created: 1
23:44:52 | INFO: Extracting primitive: V05_ADMIN_LAB_STORAGE_BEAM_1_MESH
23:44:52 | INFO: Primitives created: 1
23:44:52 | INFO: Extracting primitive: V05_ADMIN_LAB_STORAGE_LOAD_0_0_MESH
23:44:52 | INFO: Primitives created: 1
23:44:52 | INFO: Extracting primitive: V05_ADMIN_LAB_STORAGE_LOAD_0_1_MESH
23:44:52 | INFO: Primitives created: 1
23:44:52 | INFO: Extracting primitive: V05_ADMIN_LAB_STORAGE_LOAD_1_0_MESH
23:44:52 | INFO: Primitives created: 1
23:44:52 | INFO: Extracting primitive: V05_ADMIN_LAB_STORAGE_LOAD_1_1_MESH
23:44:52 | INFO: Primitives created: 1
23:44:52 | INFO: Extracting primitive: V05_ADMIN_LAB_STORAGE_LOAD_2_0_MESH
23:44:52 | INFO: Primitives created: 1
23:44:52 | INFO: Extracting primitive: V05_ADMIN_LAB_STORAGE_LOAD_2_1_MESH
23:44:52 | INFO: Primitives created: 1
23:44:52 | INFO: Extracting primitive: V05_ADMIN_LAB_STORAGE_LOAD_3_0_MESH
23:44:52 | INFO: Primitives created: 1
23:44:52 | INFO: Extracting primitive: V05_ADMIN_LAB_STORAGE_LOAD_3_1_MESH
23:44:52 | INFO: Primitives created: 1
23:44:52 | INFO: Extracting primitive: V05_ADMIN_LAB_STORAGE_PALLET_0_0_MESH
23:44:52 | INFO: Primitives created: 1
23:44:52 | INFO: Extracting primitive: V05_ADMIN_LAB_STORAGE_PALLET_0_1_MESH
23:44:52 | INFO: Primitives created: 1
23:44:52 | INFO: Extracting primitive: V05_ADMIN_LAB_STORAGE_PALLET_1_0_MESH
23:44:52 | INFO: Primitives created: 1
23:44:52 | INFO: Extracting primitive: V05_ADMIN_LAB_STORAGE_PALLET_1_1_MESH
23:44:52 | INFO: Primitives created: 1
23:44:52 | INFO: Extracting primitive: V05_ADMIN_LAB_STORAGE_PALLET_2_0_MESH
23:44:52 | INFO: Primitives created: 1
23:44:52 | INFO: Extracting primitive: V05_ADMIN_LAB_STORAGE_PALLET_2_1_MESH
23:44:52 | INFO: Primitives created: 1
23:44:52 | INFO: Extracting primitive: V05_ADMIN_LAB_STORAGE_PALLET_3_0_MESH
23:44:52 | INFO: Primitives created: 1
23:44:52 | INFO: Extracting primitive: V05_ADMIN_LAB_STORAGE_PALLET_3_1_MESH
23:44:52 | INFO: Primitives created: 1
23:44:52 | INFO: Extracting primitive: V05_ADMIN_LAB_STORAGE_UPRIGHT_0_0_MESH
23:44:52 | INFO: Primitives created: 1
23:44:52 | INFO: Extracting primitive: V05_ADMIN_LAB_STORAGE_UPRIGHT_0_1_MESH
23:44:52 | INFO: Primitives created: 1
23:44:52 | INFO: Extracting primitive: V05_ADMIN_LAB_STORAGE_UPRIGHT_1_0_MESH
23:44:52 | INFO: Primitives created: 1
23:44:52 | INFO: Extracting primitive: V05_ADMIN_LAB_STORAGE_UPRIGHT_1_1_MESH
23:44:52 | INFO: Primitives created: 1
23:44:52 | INFO: Extracting primitive: V05_ADMIN_LAB_STORAGE_UPRIGHT_2_0_MESH
23:44:52 | INFO: Primitives created: 1
23:44:52 | INFO: Extracting primitive: V05_ADMIN_LAB_STORAGE_UPRIGHT_2_1_MESH
23:44:52 | INFO: Primitives created: 1
23:44:52 | INFO: Extracting primitive: V05_ADMIN_LAB_STORAGE_UPRIGHT_3_0_MESH
23:44:52 | INFO: Primitives created: 1
23:44:52 | INFO: Extracting primitive: V05_ADMIN_LAB_STORAGE_UPRIGHT_3_1_MESH
23:44:52 | INFO: Primitives created: 1
23:44:52 | INFO: Extracting primitive: V05_ADMIN_LEFT_MESH
23:44:52 | INFO: Primitives created: 1
23:44:52 | INFO: Extracting primitive: V05_ADMIN_LIGHT_0_FIXTURE_MESH
23:44:52 | INFO: Primitives created: 1
23:44:52 | INFO: Extracting primitive: V05_ADMIN_LIGHT_0_GLOW_MESH
23:44:52 | INFO: Primitives created: 1
23:44:52 | INFO: Extracting primitive: V05_ADMIN_LIGHT_1_FIXTURE_MESH
23:44:52 | INFO: Primitives created: 1
23:44:52 | INFO: Extracting primitive: V05_ADMIN_LIGHT_1_GLOW_MESH
23:44:52 | INFO: Primitives created: 1
23:44:52 | INFO: Extracting primitive: V05_ADMIN_LIGHT_2_FIXTURE_MESH
23:44:52 | INFO: Primitives created: 1
23:44:52 | INFO: Extracting primitive: V05_ADMIN_LIGHT_2_GLOW_MESH
23:44:52 | INFO: Primitives created: 1
23:44:52 | INFO: Extracting primitive: V05_ADMIN_LIGHT_3_FIXTURE_MESH
23:44:52 | INFO: Primitives created: 1
23:44:52 | INFO: Extracting primitive: V05_ADMIN_LIGHT_3_GLOW_MESH
23:44:52 | INFO: Primitives created: 1
23:44:52 | INFO: Extracting primitive: V05_ADMIN_LIGHT_4_FIXTURE_MESH
23:44:52 | INFO: Primitives created: 1
23:44:52 | INFO: Extracting primitive: V05_ADMIN_LIGHT_4_GLOW_MESH
23:44:52 | INFO: Primitives created: 1
23:44:52 | INFO: Extracting primitive: V05_ADMIN_MEETING_CHAIR_0_MESH
23:44:52 | INFO: Primitives created: 1
23:44:52 | INFO: Extracting primitive: V05_ADMIN_MEETING_CHAIR_1_MESH
23:44:52 | INFO: Primitives created: 1
23:44:52 | INFO: Extracting primitive: V05_ADMIN_MEETING_CHAIR_2_MESH
23:44:52 | INFO: Primitives created: 1
23:44:52 | INFO: Extracting primitive: V05_ADMIN_MEETING_CHAIR_3_MESH
23:44:52 | INFO: Primitives created: 1
23:44:52 | INFO: Extracting primitive: V05_ADMIN_MEETING_CHAIR_4_MESH
23:44:52 | INFO: Primitives created: 1
23:44:52 | INFO: Extracting primitive: V05_ADMIN_MEETING_CHAIR_5_MESH
23:44:52 | INFO: Primitives created: 1
23:44:52 | INFO: Extracting primitive: V05_ADMIN_MEETING_CHAIR_6_MESH
23:44:52 | INFO: Primitives created: 1
23:44:52 | INFO: Extracting primitive: V05_ADMIN_MEETING_CHAIR_7_MESH
23:44:52 | INFO: Primitives created: 1
23:44:52 | INFO: Extracting primitive: V05_ADMIN_MEETING_TABLE_MESH
23:44:52 | INFO: Primitives created: 1
23:44:52 | INFO: Extracting primitive: V05_ADMIN_QC_INSTR0_MESH
23:44:52 | INFO: Primitives created: 1
23:44:52 | INFO: Extracting primitive: V05_ADMIN_QC_INSTR1_MESH
23:44:52 | INFO: Primitives created: 1
23:44:52 | INFO: Extracting primitive: V05_ADMIN_QC_INSTR2_MESH
23:44:52 | INFO: Primitives created: 1
23:44:52 | INFO: Extracting primitive: V05_ADMIN_QC_INSTR3_MESH
23:44:52 | INFO: Primitives created: 1
23:44:52 | INFO: Extracting primitive: V05_ADMIN_QC_INSTR4_MESH
23:44:52 | INFO: Primitives created: 1
23:44:52 | INFO: Extracting primitive: V05_ADMIN_QC_INSTR5_MESH
23:44:52 | INFO: Primitives created: 1
23:44:52 | INFO: Extracting primitive: V05_ADMIN_RECEPTION_MESH
23:44:52 | INFO: Primitives created: 1
23:44:52 | INFO: Extracting primitive: V05_ADMIN_RECEPTION_GLASS_PANEL_MESH
23:44:52 | INFO: Primitives created: 1
23:44:52 | INFO: Extracting primitive: V05_ADMIN_RECEPTION_GLASS_POST_MESH
23:44:52 | INFO: Primitives created: 1
23:44:52 | INFO: Extracting primitive: V05_ADMIN_RIGHT_MESH
23:44:52 | INFO: Primitives created: 1
23:44:52 | INFO: Extracting primitive: V05_ADMIN_SOFFIT_-43.44_MESH
23:44:52 | INFO: Primitives created: 1
23:44:52 | INFO: Extracting primitive: V05_ADMIN_SOFFIT_-58_MESH
23:44:52 | INFO: Primitives created: 1
23:44:52 | INFO: Extracting primitive: V05_ADMIN_SOFFIT_-72.56_MESH
23:44:52 | INFO: Primitives created: 1
23:44:52 | INFO: Extracting primitive: V05_ADMIN_WORKPOD0_MESH
23:44:52 | INFO: Primitives created: 1
23:44:52 | INFO: Extracting primitive: V05_ADMIN_WORKPOD1_MESH
23:44:52 | INFO: Primitives created: 1
23:44:52 | INFO: Extracting primitive: V05_ADMIN_WORKPOD2_MESH
23:44:52 | INFO: Primitives created: 1
23:44:52 | INFO: Extracting primitive: V05_ADMIN_WORKPOD3_MESH
23:44:52 | INFO: Primitives created: 1
23:44:52 | INFO: Extracting primitive: V05_ADMIN_WORKPOD4_MESH
23:44:52 | INFO: Primitives created: 1
23:44:52 | INFO: Extracting primitive: V05_ADMIN_WORKPOD5_MESH
23:44:52 | INFO: Primitives created: 1
23:44:52 | INFO: Extracting primitive: V05_BLOW_GUARD_A_MESH
23:44:52 | INFO: Primitives created: 1
23:44:52 | INFO: Extracting primitive: V05_BLOW_GUARD_B_MESH
23:44:52 | INFO: Primitives created: 1
23:44:52 | INFO: Extracting primitive: V05_BLOW_HEAT_DUCT0_MESH
23:44:52 | INFO: Primitives created: 1
23:44:52 | INFO: Extracting primitive: V05_BLOW_HEAT_DUCT1_MESH
23:44:52 | INFO: Primitives created: 1
23:44:52 | INFO: Extracting primitive: V05_BLOW_HEAT_DUCT2_MESH
23:44:52 | INFO: Primitives created: 1
23:44:52 | INFO: Extracting primitive: V05_BLOW_INSPECTION_BASE_MESH
23:44:52 | INFO: Primitives created: 1
23:44:52 | INFO: Extracting primitive: V05_BLOW_INSPECTION_HOUSING_MESH
23:44:52 | INFO: Primitives created: 1
23:44:52 | INFO: Extracting primitive: V05_BLOW_INSPECTION_PANEL_MESH
23:44:52 | INFO: Primitives created: 1
23:44:52 | INFO: Extracting primitive: V05_BLOW_MOULD_CLAMP_BASE_MESH
23:44:52 | INFO: Primitives created: 1
23:44:52 | INFO: Extracting primitive: V05_BLOW_MOULD_CLAMP_PANEL_MESH
23:44:52 | INFO: Primitives created: 1
23:44:52 | INFO: Extracting primitive: V05_BLOW_OUTFEED_A_MESH
23:44:52 | INFO: Primitives created: 1
23:44:52 | INFO: Extracting primitive: V05_BLOW_OUTFEED_B_MESH
23:44:52 | INFO: Primitives created: 1
23:44:52 | INFO: Extracting primitive: V05_BLOW_OUTFEED_BED_MESH
23:44:52 | INFO: Primitives created: 1
23:44:52 | INFO: Extracting primitive: V05_BLOW_OUTFEED_ROLLER0_MESH
23:44:52 | INFO: Primitives created: 1
23:44:52 | INFO: Extracting primitive: V05_BLOW_OUTFEED_ROLLER1_MESH
23:44:52 | INFO: Primitives created: 1
23:44:52 | INFO: Extracting primitive: V05_BLOW_OUTFEED_ROLLER2_MESH
23:44:52 | INFO: Primitives created: 1
23:44:52 | INFO: Extracting primitive: V05_BLOW_OUTFEED_ROLLER3_MESH
23:44:52 | INFO: Primitives created: 1
23:44:52 | INFO: Extracting primitive: V05_BLOW_OUTFEED_ROLLER4_MESH
23:44:52 | INFO: Primitives created: 1
23:44:52 | INFO: Extracting primitive: V05_BLOW_OUTFEED_ROLLER5_MESH
23:44:52 | INFO: Primitives created: 1
23:44:52 | INFO: Extracting primitive: V05_BLOW_OUTFEED_ROLLER6_MESH
23:44:52 | INFO: Primitives created: 1
23:44:52 | INFO: Extracting primitive: V05_BLOW_OVEN_BASE_MESH
23:44:52 | INFO: Primitives created: 1
23:44:52 | INFO: Extracting primitive: V05_BLOW_OVEN_PANEL_MESH
23:44:52 | INFO: Primitives created: 1
23:44:52 | INFO: Extracting primitive: V05_BLOW_PREFORM_FEED_A_MESH
23:44:52 | INFO: Primitives created: 1
23:44:52 | INFO: Extracting primitive: V05_BLOW_PREFORM_FEED_B_MESH
23:44:52 | INFO: Primitives created: 1
23:44:52 | INFO: Extracting primitive: V05_BLOW_PREFORM_FEED_BED_MESH
23:44:52 | INFO: Primitives created: 1
23:44:52 | INFO: Extracting primitive: V05_BLOW_PREFORM_FEED_ROLLER0_MESH
23:44:52 | INFO: Primitives created: 1
23:44:52 | INFO: Extracting primitive: V05_BLOW_PREFORM_FEED_ROLLER1_MESH
23:44:52 | INFO: Primitives created: 1
23:44:52 | INFO: Extracting primitive: V05_BLOW_PREFORM_FEED_ROLLER2_MESH
23:44:52 | INFO: Primitives created: 1
23:44:52 | INFO: Extracting primitive: V05_BLOW_PREFORM_FEED_ROLLER3_MESH
23:44:52 | INFO: Primitives created: 1
23:44:52 | INFO: Extracting primitive: V05_BLOW_PREFORM_FEED_ROLLER4_MESH
23:44:52 | INFO: Primitives created: 1
23:44:52 | INFO: Extracting primitive: V05_BLOW_PREFORM_FEED_ROLLER5_MESH
23:44:52 | INFO: Primitives created: 1
23:44:52 | INFO: Extracting primitive: V05_BLOW_PREFORM_FEED_ROLLER6_MESH
23:44:52 | INFO: Primitives created: 1
23:44:52 | INFO: Extracting primitive: V05_BLOW_PREFORM_HOPPER_BASE_MESH
23:44:52 | INFO: Primitives created: 1
23:44:52 | INFO: Extracting primitive: V05_BLOW_PREFORM_HOPPER_HOUSING_MESH
23:44:52 | INFO: Primitives created: 1
23:44:52 | INFO: Extracting primitive: V05_BLOW_PREFORM_HOPPER_PANEL_MESH
23:44:52 | INFO: Primitives created: 1
23:44:52 | INFO: Extracting primitive: V05_BOTTLE_BACK_MESH
23:44:52 | INFO: Primitives created: 1
23:44:52 | INFO: Extracting primitive: V05_BOTTLE_DOOR_HEADER_MESH
23:44:52 | INFO: Primitives created: 1
23:44:52 | INFO: Extracting primitive: V05_BOTTLE_DOOR_L_MESH
23:44:52 | INFO: Primitives created: 1
23:44:52 | INFO: Extracting primitive: V05_BOTTLE_DOOR_R_MESH
23:44:52 | INFO: Primitives created: 1
23:44:52 | INFO: Extracting primitive: V05_BOTTLE_FLOOR_MESH
23:44:52 | INFO: Primitives created: 1
23:44:52 | INFO: Extracting primitive: V05_BOTTLE_LEFT_MESH
23:44:52 | INFO: Primitives created: 1
23:44:52 | INFO: Extracting primitive: V05_BOTTLE_LIGHT_0_FIXTURE_MESH
23:44:52 | INFO: Primitives created: 1
23:44:52 | INFO: Extracting primitive: V05_BOTTLE_LIGHT_0_GLOW_MESH
23:44:52 | INFO: Primitives created: 1
23:44:52 | INFO: Extracting primitive: V05_BOTTLE_LIGHT_1_FIXTURE_MESH
23:44:52 | INFO: Primitives created: 1
23:44:52 | INFO: Extracting primitive: V05_BOTTLE_LIGHT_1_GLOW_MESH
23:44:52 | INFO: Primitives created: 1
23:44:52 | INFO: Extracting primitive: V05_BOTTLE_LIGHT_2_FIXTURE_MESH
23:44:52 | INFO: Primitives created: 1
23:44:52 | INFO: Extracting primitive: V05_BOTTLE_LIGHT_2_GLOW_MESH
23:44:52 | INFO: Primitives created: 1
23:44:52 | INFO: Extracting primitive: V05_BOTTLE_RIGHT_MESH
23:44:52 | INFO: Primitives created: 1
23:44:52 | INFO: Extracting primitive: V05_BOTTLE_SOFFIT_41.36_MESH
23:44:52 | INFO: Primitives created: 1
23:44:52 | INFO: Extracting primitive: V05_BOTTLE_SOFFIT_52_MESH
23:44:52 | INFO: Primitives created: 1
23:44:52 | INFO: Extracting primitive: V05_BOTTLE_SOFFIT_62.64_MESH
23:44:52 | INFO: Primitives created: 1
23:44:52 | INFO: Extracting primitive: V05_CAFE_BACKBAR_MESH
23:44:52 | INFO: Primitives created: 1
23:44:52 | INFO: Extracting primitive: V05_CAFE_POS_MESH
23:44:52 | INFO: Primitives created: 1
23:44:52 | INFO: Extracting primitive: V05_CHEM_BACK_MESH
23:44:52 | INFO: Primitives created: 1
23:44:52 | INFO: Extracting primitive: V05_CHEM_BUND0_MESH
23:44:52 | INFO: Primitives created: 1
23:44:52 | INFO: Extracting primitive: V05_CHEM_BUND1_MESH
23:44:52 | INFO: Primitives created: 1
23:44:52 | INFO: Extracting primitive: V05_CHEM_BUND2_MESH
23:44:52 | INFO: Primitives created: 1
23:44:52 | INFO: Extracting primitive: V05_CHEM_CONTROL_PANEL_MESH
23:44:52 | INFO: Primitives created: 1
23:44:52 | INFO: Extracting primitive: V05_CHEM_CONTROL_POST_MESH
23:44:52 | INFO: Primitives created: 1
23:44:52 | INFO: Extracting primitive: V05_CHEM_DOCK_MESH
23:44:52 | INFO: Primitives created: 1
23:44:52 | INFO: Extracting primitive: V05_CHEM_DOOR_HEADER_MESH
23:44:52 | INFO: Primitives created: 1
23:44:52 | INFO: Extracting primitive: V05_CHEM_DOOR_L_MESH
23:44:52 | INFO: Primitives created: 1
23:44:52 | INFO: Extracting primitive: V05_CHEM_DOOR_R_MESH
23:44:52 | INFO: Primitives created: 1
23:44:52 | INFO: Extracting primitive: V05_CHEM_FLOOR_MESH
23:44:52 | INFO: Primitives created: 1
23:44:52 | INFO: Extracting primitive: V05_CHEM_LEFT_MESH
23:44:52 | INFO: Primitives created: 1
23:44:52 | INFO: Extracting primitive: V05_CHEM_LIGHT_0_FIXTURE_MESH
23:44:52 | INFO: Primitives created: 1
23:44:52 | INFO: Extracting primitive: V05_CHEM_LIGHT_0_GLOW_MESH
23:44:52 | INFO: Primitives created: 1
23:44:52 | INFO: Extracting primitive: V05_CHEM_LIGHT_1_FIXTURE_MESH
23:44:52 | INFO: Primitives created: 1
23:44:52 | INFO: Extracting primitive: V05_CHEM_LIGHT_1_GLOW_MESH
23:44:52 | INFO: Primitives created: 1
23:44:52 | INFO: Extracting primitive: V05_CHEM_LIGHT_2_FIXTURE_MESH
23:44:52 | INFO: Primitives created: 1
23:44:52 | INFO: Extracting primitive: V05_CHEM_LIGHT_2_GLOW_MESH
23:44:52 | INFO: Primitives created: 1
23:44:52 | INFO: Extracting primitive: V05_CHEM_RECEIVE0_BASE_MESH
23:44:52 | INFO: Primitives created: 1
23:44:52 | INFO: Extracting primitive: V05_CHEM_RECEIVE0_LOAD_MESH
23:44:52 | INFO: Primitives created: 1
23:44:52 | INFO: Extracting primitive: V05_CHEM_RECEIVE1_BASE_MESH
23:44:53 | INFO: Primitives created: 1
23:44:53 | INFO: Extracting primitive: V05_CHEM_RECEIVE1_LOAD_MESH
23:44:53 | INFO: Primitives created: 1
23:44:53 | INFO: Extracting primitive: V05_CHEM_RECEIVE2_BASE_MESH
23:44:53 | INFO: Primitives created: 1
23:44:53 | INFO: Extracting primitive: V05_CHEM_RECEIVE2_LOAD_MESH
23:44:53 | INFO: Primitives created: 1
23:44:53 | INFO: Extracting primitive: V05_CHEM_RECEIVE3_BASE_MESH
23:44:53 | INFO: Primitives created: 1
23:44:53 | INFO: Extracting primitive: V05_CHEM_RECEIVE3_LOAD_MESH
23:44:53 | INFO: Primitives created: 1
23:44:53 | INFO: Extracting primitive: V05_CHEM_RECEIVE4_BASE_MESH
23:44:53 | INFO: Primitives created: 1
23:44:53 | INFO: Extracting primitive: V05_CHEM_RECEIVE4_LOAD_MESH
23:44:53 | INFO: Primitives created: 1
23:44:53 | INFO: Extracting primitive: V05_CHEM_RIGHT_MESH
23:44:53 | INFO: Primitives created: 1
23:44:53 | INFO: Extracting primitive: V05_CHEM_SOFFIT_45.92_MESH
23:44:53 | INFO: Primitives created: 1
23:44:53 | INFO: Extracting primitive: V05_CHEM_SOFFIT_56_MESH
23:44:53 | INFO: Primitives created: 1
23:44:53 | INFO: Extracting primitive: V05_CHEM_SOFFIT_66.08_MESH
23:44:53 | INFO: Primitives created: 1
23:44:53 | INFO: Extracting primitive: V05_CHEM_TANK0_LID_MESH
23:44:53 | INFO: Primitives created: 1
23:44:53 | INFO: Extracting primitive: V05_CHEM_TANK0_OUT_MESH
23:44:53 | INFO: Primitives created: 1
23:44:53 | INFO: Extracting primitive: V05_CHEM_TANK1_LID_MESH
23:44:53 | INFO: Primitives created: 1
23:44:53 | INFO: Extracting primitive: V05_CHEM_TANK1_OUT_MESH
23:44:53 | INFO: Primitives created: 1
23:44:53 | INFO: Extracting primitive: V05_CHEM_TANK2_LID_MESH
23:44:53 | INFO: Primitives created: 1
23:44:53 | INFO: Extracting primitive: V05_CHEM_TANK2_OUT_MESH
23:44:53 | INFO: Primitives created: 1
23:44:53 | INFO: Extracting primitive: V05_CHEM_TRANSFER_MESH
23:44:53 | INFO: Primitives created: 1
23:44:53 | INFO: Extracting primitive: V05_CHEM_TRANSFER_PIPE_MESH
23:44:53 | INFO: Primitives created: 1
23:44:53 | INFO: Extracting primitive: V05_CLASS0_CHAIR_0_MESH
23:44:53 | INFO: Primitives created: 1
23:44:53 | INFO: Extracting primitive: V05_CLASS0_CHAIR_1_MESH
23:44:53 | INFO: Primitives created: 1
23:44:53 | INFO: Extracting primitive: V05_CLASS0_CHAIR_2_MESH
23:44:53 | INFO: Primitives created: 1
23:44:53 | INFO: Extracting primitive: V05_CLASS0_CHAIR_3_MESH
23:44:53 | INFO: Primitives created: 1
23:44:53 | INFO: Extracting primitive: V05_CLASS0_TABLE_MESH
23:44:53 | INFO: Primitives created: 1
23:44:53 | INFO: Extracting primitive: V05_CLASS1_CHAIR_0_MESH
23:44:53 | INFO: Primitives created: 1
23:44:53 | INFO: Extracting primitive: V05_CLASS1_CHAIR_1_MESH
23:44:53 | INFO: Primitives created: 1
23:44:53 | INFO: Extracting primitive: V05_CLASS1_CHAIR_2_MESH
23:44:53 | INFO: Primitives created: 1
23:44:53 | INFO: Extracting primitive: V05_CLASS1_CHAIR_3_MESH
23:44:53 | INFO: Primitives created: 1
23:44:53 | INFO: Extracting primitive: V05_CLASS1_TABLE_MESH
23:44:53 | INFO: Primitives created: 1
23:44:53 | INFO: Extracting primitive: V05_CLASS2_CHAIR_0_MESH
23:44:53 | INFO: Primitives created: 1
23:44:53 | INFO: Extracting primitive: V05_CLASS2_CHAIR_1_MESH
23:44:53 | INFO: Primitives created: 1
23:44:53 | INFO: Extracting primitive: V05_CLASS2_CHAIR_2_MESH
23:44:53 | INFO: Primitives created: 1
23:44:53 | INFO: Extracting primitive: V05_CLASS2_CHAIR_3_MESH
23:44:53 | INFO: Primitives created: 1
23:44:53 | INFO: Extracting primitive: V05_CLASS2_TABLE_MESH
23:44:53 | INFO: Primitives created: 1
23:44:53 | INFO: Extracting primitive: V05_CLASS3_CHAIR_0_MESH
23:44:53 | INFO: Primitives created: 1
23:44:53 | INFO: Extracting primitive: V05_CLASS3_CHAIR_1_MESH
23:44:53 | INFO: Primitives created: 1
23:44:53 | INFO: Extracting primitive: V05_CLASS3_CHAIR_2_MESH
23:44:53 | INFO: Primitives created: 1
23:44:53 | INFO: Extracting primitive: V05_CLASS3_CHAIR_3_MESH
23:44:53 | INFO: Primitives created: 1
23:44:53 | INFO: Extracting primitive: V05_CLASS3_TABLE_MESH
23:44:53 | INFO: Primitives created: 1
23:44:53 | INFO: Extracting primitive: V05_CLINIC_BACK_MESH
23:44:53 | INFO: Primitives created: 1
23:44:53 | INFO: Extracting primitive: V05_CLINIC_BACK_MESH.001
23:44:53 | INFO: Primitives created: 1
23:44:53 | INFO: Extracting primitive: V05_CLINIC_BED_MESH
23:44:53 | INFO: Primitives created: 1
23:44:53 | INFO: Extracting primitive: V05_CLINIC_DOOR_HEADER_MESH
23:44:53 | INFO: Primitives created: 1
23:44:53 | INFO: Extracting primitive: V05_CLINIC_DOOR_L_MESH
23:44:53 | INFO: Primitives created: 1
23:44:53 | INFO: Extracting primitive: V05_CLINIC_DOOR_R_MESH
23:44:53 | INFO: Primitives created: 1
23:44:53 | INFO: Extracting primitive: V05_CLINIC_FLOOR_MESH
23:44:53 | INFO: Primitives created: 1
23:44:53 | INFO: Extracting primitive: V05_CLINIC_LEFT_MESH
23:44:53 | INFO: Primitives created: 1
23:44:53 | INFO: Extracting primitive: V05_CLINIC_LIGHT_0_FIXTURE_MESH
23:44:53 | INFO: Primitives created: 1
23:44:53 | INFO: Extracting primitive: V05_CLINIC_LIGHT_0_GLOW_MESH
23:44:53 | INFO: Primitives created: 1
23:44:53 | INFO: Extracting primitive: V05_CLINIC_LIGHT_1_FIXTURE_MESH
23:44:53 | INFO: Primitives created: 1
23:44:53 | INFO: Extracting primitive: V05_CLINIC_LIGHT_1_GLOW_MESH
23:44:53 | INFO: Primitives created: 1
23:44:53 | INFO: Extracting primitive: V05_CLINIC_MED_STORAGE_BEAM_0_MESH
23:44:53 | INFO: Primitives created: 1
23:44:53 | INFO: Extracting primitive: V05_CLINIC_MED_STORAGE_BEAM_1_MESH
23:44:53 | INFO: Primitives created: 1
23:44:53 | INFO: Extracting primitive: V05_CLINIC_MED_STORAGE_LOAD_0_0_MESH
23:44:53 | INFO: Primitives created: 1
23:44:53 | INFO: Extracting primitive: V05_CLINIC_MED_STORAGE_LOAD_0_1_MESH
23:44:53 | INFO: Primitives created: 1
23:44:53 | INFO: Extracting primitive: V05_CLINIC_MED_STORAGE_LOAD_1_0_MESH
23:44:53 | INFO: Primitives created: 1
23:44:53 | INFO: Extracting primitive: V05_CLINIC_MED_STORAGE_LOAD_1_1_MESH
23:44:53 | INFO: Primitives created: 1
23:44:53 | INFO: Extracting primitive: V05_CLINIC_MED_STORAGE_LOAD_2_0_MESH
23:44:53 | INFO: Primitives created: 1
23:44:53 | INFO: Extracting primitive: V05_CLINIC_MED_STORAGE_LOAD_2_1_MESH
23:44:53 | INFO: Primitives created: 1
23:44:53 | INFO: Extracting primitive: V05_CLINIC_MED_STORAGE_PALLET_0_0_MESH
23:44:53 | INFO: Primitives created: 1
23:44:53 | INFO: Extracting primitive: V05_CLINIC_MED_STORAGE_PALLET_0_1_MESH
23:44:53 | INFO: Primitives created: 1
23:44:53 | INFO: Extracting primitive: V05_CLINIC_MED_STORAGE_PALLET_1_0_MESH
23:44:53 | INFO: Primitives created: 1
23:44:53 | INFO: Extracting primitive: V05_CLINIC_MED_STORAGE_PALLET_1_1_MESH
23:44:53 | INFO: Primitives created: 1
23:44:53 | INFO: Extracting primitive: V05_CLINIC_MED_STORAGE_PALLET_2_0_MESH
23:44:53 | INFO: Primitives created: 1
23:44:53 | INFO: Extracting primitive: V05_CLINIC_MED_STORAGE_PALLET_2_1_MESH
23:44:53 | INFO: Primitives created: 1
23:44:53 | INFO: Extracting primitive: V05_CLINIC_MED_STORAGE_UPRIGHT_0_0_MESH
23:44:53 | INFO: Primitives created: 1
23:44:53 | INFO: Extracting primitive: V05_CLINIC_MED_STORAGE_UPRIGHT_0_1_MESH
23:44:53 | INFO: Primitives created: 1
23:44:53 | INFO: Extracting primitive: V05_CLINIC_MED_STORAGE_UPRIGHT_1_0_MESH
23:44:53 | INFO: Primitives created: 1
23:44:53 | INFO: Extracting primitive: V05_CLINIC_MED_STORAGE_UPRIGHT_1_1_MESH
23:44:53 | INFO: Primitives created: 1
23:44:53 | INFO: Extracting primitive: V05_CLINIC_MED_STORAGE_UPRIGHT_2_0_MESH
23:44:53 | INFO: Primitives created: 1
23:44:53 | INFO: Extracting primitive: V05_CLINIC_MED_STORAGE_UPRIGHT_2_1_MESH
23:44:53 | INFO: Primitives created: 1
23:44:53 | INFO: Extracting primitive: V05_CLINIC_PRIVACY_POST_MESH
23:44:53 | INFO: Primitives created: 1
23:44:53 | INFO: Extracting primitive: V05_CLINIC_RECEPTION_MESH
23:44:53 | INFO: Primitives created: 1
23:44:53 | INFO: Extracting primitive: V05_CLINIC_RIGHT_MESH
23:44:53 | INFO: Primitives created: 1
23:44:53 | INFO: Extracting primitive: V05_CLINIC_SOFFIT_-11.28_MESH
23:44:53 | INFO: Primitives created: 1
23:44:53 | INFO: Extracting primitive: V05_CLINIC_SOFFIT_-18_MESH
23:44:53 | INFO: Primitives created: 1
23:44:53 | INFO: Extracting primitive: V05_CLINIC_SOFFIT_-24.72_MESH
23:44:53 | INFO: Primitives created: 1
23:44:53 | INFO: Extracting primitive: V05_CLINIC_TREATMENT_CART_MESH
23:44:53 | INFO: Primitives created: 1
23:44:53 | INFO: Extracting primitive: V05_CLINIC_WAIT0_MESH
23:44:53 | INFO: Primitives created: 1
23:44:53 | INFO: Extracting primitive: V05_CLINIC_WAIT1_MESH
23:44:53 | INFO: Primitives created: 1
23:44:53 | INFO: Extracting primitive: V05_CLINIC_WAIT2_MESH
23:44:53 | INFO: Primitives created: 1
23:44:53 | INFO: Extracting primitive: V05_CLINIC_WAIT_TABLE_MESH
23:44:53 | INFO: Primitives created: 1
23:44:53 | INFO: Extracting primitive: V05_DINING0_CHAIR_0_MESH
23:44:53 | INFO: Primitives created: 1
23:44:53 | INFO: Extracting primitive: V05_DINING0_CHAIR_1_MESH
23:44:53 | INFO: Primitives created: 1
23:44:53 | INFO: Extracting primitive: V05_DINING0_CHAIR_2_MESH
23:44:53 | INFO: Primitives created: 1
23:44:53 | INFO: Extracting primitive: V05_DINING0_CHAIR_3_MESH
23:44:53 | INFO: Primitives created: 1
23:44:53 | INFO: Extracting primitive: V05_DINING0_TABLE_MESH
23:44:53 | INFO: Primitives created: 1
23:44:53 | INFO: Extracting primitive: V05_DINING1_CHAIR_0_MESH
23:44:53 | INFO: Primitives created: 1
23:44:53 | INFO: Extracting primitive: V05_DINING1_CHAIR_1_MESH
23:44:53 | INFO: Primitives created: 1
23:44:53 | INFO: Extracting primitive: V05_DINING1_CHAIR_2_MESH
23:44:53 | INFO: Primitives created: 1
23:44:53 | INFO: Extracting primitive: V05_DINING1_CHAIR_3_MESH
23:44:53 | INFO: Primitives created: 1
23:44:53 | INFO: Extracting primitive: V05_DINING1_TABLE_MESH
23:44:53 | INFO: Primitives created: 1
23:44:53 | INFO: Extracting primitive: V05_DINING2_CHAIR_0_MESH
23:44:53 | INFO: Primitives created: 1
23:44:53 | INFO: Extracting primitive: V05_DINING2_CHAIR_1_MESH
23:44:53 | INFO: Primitives created: 1
23:44:53 | INFO: Extracting primitive: V05_DINING2_CHAIR_2_MESH
23:44:53 | INFO: Primitives created: 1
23:44:53 | INFO: Extracting primitive: V05_DINING2_CHAIR_3_MESH
23:44:53 | INFO: Primitives created: 1
23:44:53 | INFO: Extracting primitive: V05_DINING2_TABLE_MESH
23:44:53 | INFO: Primitives created: 1
23:44:53 | INFO: Extracting primitive: V05_DINING3_CHAIR_0_MESH
23:44:53 | INFO: Primitives created: 1
23:44:53 | INFO: Extracting primitive: V05_DINING3_CHAIR_1_MESH
23:44:53 | INFO: Primitives created: 1
23:44:53 | INFO: Extracting primitive: V05_DINING3_CHAIR_2_MESH
23:44:53 | INFO: Primitives created: 1
23:44:53 | INFO: Extracting primitive: V05_DINING3_CHAIR_3_MESH
23:44:53 | INFO: Primitives created: 1
23:44:53 | INFO: Extracting primitive: V05_DINING3_TABLE_MESH
23:44:53 | INFO: Primitives created: 1
23:44:53 | INFO: Extracting primitive: V05_DINING4_CHAIR_0_MESH
23:44:53 | INFO: Primitives created: 1
23:44:53 | INFO: Extracting primitive: V05_DINING4_CHAIR_1_MESH
23:44:53 | INFO: Primitives created: 1
23:44:53 | INFO: Extracting primitive: V05_DINING4_CHAIR_2_MESH
23:44:53 | INFO: Primitives created: 1
23:44:53 | INFO: Extracting primitive: V05_DINING4_CHAIR_3_MESH
23:44:53 | INFO: Primitives created: 1
23:44:53 | INFO: Extracting primitive: V05_DINING4_TABLE_MESH
23:44:53 | INFO: Primitives created: 1
23:44:53 | INFO: Extracting primitive: V05_DINING5_CHAIR_0_MESH
23:44:53 | INFO: Primitives created: 1
23:44:53 | INFO: Extracting primitive: V05_DINING5_CHAIR_1_MESH
23:44:53 | INFO: Primitives created: 1
23:44:53 | INFO: Extracting primitive: V05_DINING5_CHAIR_2_MESH
23:44:53 | INFO: Primitives created: 1
23:44:53 | INFO: Extracting primitive: V05_DINING5_CHAIR_3_MESH
23:44:53 | INFO: Primitives created: 1
23:44:53 | INFO: Extracting primitive: V05_DINING5_TABLE_MESH
23:44:53 | INFO: Primitives created: 1
23:44:53 | INFO: Extracting primitive: V05_ETP_BACK_MESH
23:44:53 | INFO: Primitives created: 1
23:44:53 | INFO: Extracting primitive: V05_ETP_BUND0_MESH
23:44:53 | INFO: Primitives created: 1
23:44:53 | INFO: Extracting primitive: V05_ETP_BUND1_MESH
23:44:53 | INFO: Primitives created: 1
23:44:53 | INFO: Extracting primitive: V05_ETP_BUND2_MESH
23:44:53 | INFO: Primitives created: 1
23:44:53 | INFO: Extracting primitive: V05_ETP_DISCHARGE_MESH
23:44:53 | INFO: Primitives created: 1
23:44:53 | INFO: Extracting primitive: V05_ETP_DOOR_HEADER_MESH
23:44:53 | INFO: Primitives created: 1
23:44:53 | INFO: Extracting primitive: V05_ETP_DOOR_L_MESH
23:44:53 | INFO: Primitives created: 1
23:44:53 | INFO: Extracting primitive: V05_ETP_DOOR_R_MESH
23:44:53 | INFO: Primitives created: 1
23:44:53 | INFO: Extracting primitive: V05_ETP_FILTER0_LID_MESH
23:44:53 | INFO: Primitives created: 1
23:44:53 | INFO: Extracting primitive: V05_ETP_FILTER0_OUT_MESH
23:44:53 | INFO: Primitives created: 1
23:44:53 | INFO: Extracting primitive: V05_ETP_FILTER0_VESSEL_MESH
23:44:53 | INFO: Primitives created: 1
23:44:53 | INFO: Extracting primitive: V05_ETP_FILTER1_LID_MESH
23:44:53 | INFO: Primitives created: 1
23:44:53 | INFO: Extracting primitive: V05_ETP_FILTER1_OUT_MESH
23:44:53 | INFO: Primitives created: 1
23:44:53 | INFO: Extracting primitive: V05_ETP_FILTER1_VESSEL_MESH
23:44:53 | INFO: Primitives created: 1
23:44:53 | INFO: Extracting primitive: V05_ETP_FILTER2_LID_MESH
23:44:53 | INFO: Primitives created: 1
23:44:53 | INFO: Extracting primitive: V05_ETP_FILTER2_OUT_MESH
23:44:53 | INFO: Primitives created: 1
23:44:53 | INFO: Extracting primitive: V05_ETP_FILTER2_VESSEL_MESH
23:44:53 | INFO: Primitives created: 1
23:44:53 | INFO: Extracting primitive: V05_ETP_FLOOR_MESH
23:44:53 | INFO: Primitives created: 1
23:44:53 | INFO: Extracting primitive: V05_ETP_HEADER2_MESH
23:44:53 | INFO: Primitives created: 1
23:44:53 | INFO: Extracting primitive: V05_ETP_LEFT_MESH
23:44:53 | INFO: Primitives created: 1
23:44:53 | INFO: Extracting primitive: V05_ETP_LIGHT_0_FIXTURE_MESH
23:44:53 | INFO: Primitives created: 1
23:44:53 | INFO: Extracting primitive: V05_ETP_LIGHT_0_GLOW_MESH
23:44:53 | INFO: Primitives created: 1
23:44:53 | INFO: Extracting primitive: V05_ETP_LIGHT_1_FIXTURE_MESH
23:44:53 | INFO: Primitives created: 1
23:44:53 | INFO: Extracting primitive: V05_ETP_LIGHT_1_GLOW_MESH
23:44:53 | INFO: Primitives created: 1
23:44:53 | INFO: Extracting primitive: V05_ETP_LIGHT_2_FIXTURE_MESH
23:44:53 | INFO: Primitives created: 1
23:44:53 | INFO: Extracting primitive: V05_ETP_LIGHT_2_GLOW_MESH
23:44:53 | INFO: Primitives created: 1
23:44:53 | INFO: Extracting primitive: V05_ETP_RIGHT_MESH
23:44:53 | INFO: Primitives created: 1
23:44:53 | INFO: Extracting primitive: V05_ETP_SOFFIT_97.36_MESH
23:44:53 | INFO: Primitives created: 1
23:44:53 | INFO: Extracting primitive: V05_ETP_SOFFIT_108_MESH
23:44:53 | INFO: Primitives created: 1
23:44:53 | INFO: Extracting primitive: V05_ETP_SOFFIT_118.64_MESH
23:44:53 | INFO: Primitives created: 1
23:44:53 | INFO: Extracting primitive: V05_ETP_TANK0_LID_MESH
23:44:53 | INFO: Primitives created: 1
23:44:53 | INFO: Extracting primitive: V05_ETP_TANK0_OUT_MESH
23:44:53 | INFO: Primitives created: 1
23:44:53 | INFO: Extracting primitive: V05_ETP_TANK0_VESSEL_MESH
23:44:53 | INFO: Primitives created: 1
23:44:53 | INFO: Extracting primitive: V05_ETP_TANK1_LID_MESH
23:44:53 | INFO: Primitives created: 1
23:44:53 | INFO: Extracting primitive: V05_ETP_TANK1_OUT_MESH
23:44:53 | INFO: Primitives created: 1
23:44:53 | INFO: Extracting primitive: V05_ETP_TANK1_VESSEL_MESH
23:44:53 | INFO: Primitives created: 1
23:44:53 | INFO: Extracting primitive: V05_ETP_TANK2_LID_MESH
23:44:53 | INFO: Primitives created: 1
23:44:53 | INFO: Extracting primitive: V05_ETP_TANK2_OUT_MESH
23:44:53 | INFO: Primitives created: 1
23:44:53 | INFO: Extracting primitive: V05_ETP_TANK2_VESSEL_MESH
23:44:53 | INFO: Primitives created: 1
23:44:53 | INFO: Extracting primitive: V05_ETP_WALKWAY_MESH
23:44:53 | INFO: Primitives created: 1
23:44:53 | INFO: Extracting primitive: V05_EVIDENCE_ANCHOR_CAPS_MESH
23:44:53 | INFO: Primitives created: 1
23:44:53 | INFO: Extracting primitive: V05_EVIDENCE_ANCHOR_MICR_MESH
23:44:53 | INFO: Primitives created: 1
23:44:53 | INFO: Extracting primitive: V05_EVIDENCE_ANCHOR_PROD_MESH
23:44:53 | INFO: Primitives created: 1
23:44:53 | INFO: Extracting primitive: V05_FG_AMR0_MESH
23:44:53 | INFO: Primitives created: 1
23:44:53 | INFO: Extracting primitive: V05_FG_AMR1_MESH
23:44:53 | INFO: Primitives created: 1
23:44:53 | INFO: Extracting primitive: V05_FG_BACK_MESH
23:44:53 | INFO: Primitives created: 1
23:44:53 | INFO: Extracting primitive: V05_FG_DISPATCH_DESK_MESH
23:44:53 | INFO: Primitives created: 1
23:44:53 | INFO: Extracting primitive: V05_FG_DOOR_HEADER_MESH
23:44:53 | INFO: Primitives created: 1
23:44:53 | INFO: Extracting primitive: V05_FG_DOOR_L_MESH
23:44:53 | INFO: Primitives created: 1
23:44:53 | INFO: Extracting primitive: V05_FG_DOOR_R_MESH
23:44:53 | INFO: Primitives created: 1
23:44:53 | INFO: Extracting primitive: V05_FG_FLOOR_MESH
23:44:53 | INFO: Primitives created: 1
23:44:53 | INFO: Extracting primitive: V05_FG_LEFT_MESH
23:44:53 | INFO: Primitives created: 1
23:44:53 | INFO: Extracting primitive: V05_FG_LIGHT_0_FIXTURE_MESH
23:44:53 | INFO: Primitives created: 1
23:44:53 | INFO: Extracting primitive: V05_FG_LIGHT_0_GLOW_MESH
23:44:53 | INFO: Primitives created: 1
23:44:53 | INFO: Extracting primitive: V05_FG_LIGHT_1_FIXTURE_MESH
23:44:53 | INFO: Primitives created: 1
23:44:53 | INFO: Extracting primitive: V05_FG_LIGHT_1_GLOW_MESH
23:44:53 | INFO: Primitives created: 1
23:44:53 | INFO: Extracting primitive: V05_FG_LIGHT_2_FIXTURE_MESH
23:44:53 | INFO: Primitives created: 1
23:44:53 | INFO: Extracting primitive: V05_FG_LIGHT_2_GLOW_MESH
23:44:53 | INFO: Primitives created: 1
23:44:53 | INFO: Extracting primitive: V05_FG_LIGHT_3_FIXTURE_MESH
23:44:53 | INFO: Primitives created: 1
23:44:53 | INFO: Extracting primitive: V05_FG_LIGHT_3_GLOW_MESH
23:44:53 | INFO: Primitives created: 1
23:44:53 | INFO: Extracting primitive: V05_FG_LIGHT_4_FIXTURE_MESH
23:44:53 | INFO: Primitives created: 1
23:44:53 | INFO: Extracting primitive: V05_FG_LIGHT_4_GLOW_MESH
23:44:53 | INFO: Primitives created: 1
23:44:53 | INFO: Extracting primitive: V05_FG_LOADOUT_MESH
23:44:53 | INFO: Primitives created: 1
23:44:53 | INFO: Extracting primitive: V05_FG_RACK-44_BEAM_0_MESH
23:44:53 | INFO: Primitives created: 1
23:44:53 | INFO: Extracting primitive: V05_FG_RACK-44_BEAM_1_MESH
23:44:53 | INFO: Primitives created: 1
23:44:53 | INFO: Extracting primitive: V05_FG_RACK-44_BEAM_2_MESH
23:44:53 | INFO: Primitives created: 1
23:44:53 | INFO: Extracting primitive: V05_FG_RACK-44_BEAM_3_MESH
23:44:53 | INFO: Primitives created: 1
23:44:53 | INFO: Extracting primitive: V05_FG_RACK-44_LOAD_0_0_MESH
23:44:53 | INFO: Primitives created: 1
23:44:53 | INFO: Extracting primitive: V05_FG_RACK-44_LOAD_0_1_MESH
23:44:53 | INFO: Primitives created: 1
23:44:53 | INFO: Extracting primitive: V05_FG_RACK-44_LOAD_0_2_MESH
23:44:53 | INFO: Primitives created: 1
23:44:53 | INFO: Extracting primitive: V05_FG_RACK-44_LOAD_0_3_MESH
23:44:53 | INFO: Primitives created: 1
23:44:53 | INFO: Extracting primitive: V05_FG_RACK-44_LOAD_1_0_MESH
23:44:53 | INFO: Primitives created: 1
23:44:53 | INFO: Extracting primitive: V05_FG_RACK-44_LOAD_1_1_MESH
23:44:53 | INFO: Primitives created: 1
23:44:53 | INFO: Extracting primitive: V05_FG_RACK-44_LOAD_1_2_MESH
23:44:53 | INFO: Primitives created: 1
23:44:53 | INFO: Extracting primitive: V05_FG_RACK-44_LOAD_1_3_MESH
23:44:53 | INFO: Primitives created: 1
23:44:53 | INFO: Extracting primitive: V05_FG_RACK-44_LOAD_2_0_MESH
23:44:53 | INFO: Primitives created: 1
23:44:53 | INFO: Extracting primitive: V05_FG_RACK-44_LOAD_2_1_MESH
23:44:53 | INFO: Primitives created: 1
23:44:53 | INFO: Extracting primitive: V05_FG_RACK-44_LOAD_2_2_MESH
23:44:53 | INFO: Primitives created: 1
23:44:53 | INFO: Extracting primitive: V05_FG_RACK-44_LOAD_2_3_MESH
23:44:53 | INFO: Primitives created: 1
23:44:53 | INFO: Extracting primitive: V05_FG_RACK-44_LOAD_3_0_MESH
23:44:53 | INFO: Primitives created: 1
23:44:53 | INFO: Extracting primitive: V05_FG_RACK-44_LOAD_3_1_MESH
23:44:53 | INFO: Primitives created: 1
23:44:53 | INFO: Extracting primitive: V05_FG_RACK-44_LOAD_3_2_MESH
23:44:53 | INFO: Primitives created: 1
23:44:53 | INFO: Extracting primitive: V05_FG_RACK-44_LOAD_3_3_MESH
23:44:53 | INFO: Primitives created: 1
23:44:53 | INFO: Extracting primitive: V05_FG_RACK-44_LOAD_4_0_MESH
23:44:53 | INFO: Primitives created: 1
23:44:53 | INFO: Extracting primitive: V05_FG_RACK-44_LOAD_4_1_MESH
23:44:53 | INFO: Primitives created: 1
23:44:53 | INFO: Extracting primitive: V05_FG_RACK-44_LOAD_4_2_MESH
23:44:53 | INFO: Primitives created: 1
23:44:53 | INFO: Extracting primitive: V05_FG_RACK-44_LOAD_4_3_MESH
23:44:53 | INFO: Primitives created: 1
23:44:53 | INFO: Extracting primitive: V05_FG_RACK-44_LOAD_5_0_MESH
23:44:53 | INFO: Primitives created: 1
23:44:53 | INFO: Extracting primitive: V05_FG_RACK-44_LOAD_5_1_MESH
23:44:53 | INFO: Primitives created: 1
23:44:53 | INFO: Extracting primitive: V05_FG_RACK-44_LOAD_5_2_MESH
23:44:53 | INFO: Primitives created: 1
23:44:53 | INFO: Extracting primitive: V05_FG_RACK-44_LOAD_5_3_MESH
23:44:53 | INFO: Primitives created: 1
23:44:53 | INFO: Extracting primitive: V05_FG_RACK-44_LOAD_6_0_MESH
23:44:53 | INFO: Primitives created: 1
23:44:53 | INFO: Extracting primitive: V05_FG_RACK-44_LOAD_6_1_MESH
23:44:53 | INFO: Primitives created: 1
23:44:53 | INFO: Extracting primitive: V05_FG_RACK-44_LOAD_6_2_MESH
23:44:53 | INFO: Primitives created: 1
23:44:53 | INFO: Extracting primitive: V05_FG_RACK-44_LOAD_6_3_MESH
23:44:53 | INFO: Primitives created: 1
23:44:53 | INFO: Extracting primitive: V05_FG_RACK-44_LOAD_7_0_MESH
23:44:53 | INFO: Primitives created: 1
23:44:53 | INFO: Extracting primitive: V05_FG_RACK-44_LOAD_7_1_MESH
23:44:53 | INFO: Primitives created: 1
23:44:53 | INFO: Extracting primitive: V05_FG_RACK-44_LOAD_7_2_MESH
23:44:53 | INFO: Primitives created: 1
23:44:53 | INFO: Extracting primitive: V05_FG_RACK-44_LOAD_7_3_MESH
23:44:53 | INFO: Primitives created: 1
23:44:53 | INFO: Extracting primitive: V05_FG_RACK-44_LOAD_8_0_MESH
23:44:53 | INFO: Primitives created: 1
23:44:53 | INFO: Extracting primitive: V05_FG_RACK-44_LOAD_8_1_MESH
23:44:53 | INFO: Primitives created: 1
23:44:53 | INFO: Extracting primitive: V05_FG_RACK-44_LOAD_8_2_MESH
23:44:53 | INFO: Primitives created: 1
23:44:53 | INFO: Extracting primitive: V05_FG_RACK-44_LOAD_8_3_MESH
23:44:53 | INFO: Primitives created: 1
23:44:53 | INFO: Extracting primitive: V05_FG_RACK-44_PALLET_0_0_MESH
23:44:53 | INFO: Primitives created: 1
23:44:53 | INFO: Extracting primitive: V05_FG_RACK-44_PALLET_0_1_MESH
23:44:53 | INFO: Primitives created: 1
23:44:53 | INFO: Extracting primitive: V05_FG_RACK-44_PALLET_0_2_MESH
23:44:53 | INFO: Primitives created: 1
23:44:53 | INFO: Extracting primitive: V05_FG_RACK-44_PALLET_0_3_MESH
23:44:53 | INFO: Primitives created: 1
23:44:53 | INFO: Extracting primitive: V05_FG_RACK-44_PALLET_1_0_MESH
23:44:53 | INFO: Primitives created: 1
23:44:53 | INFO: Extracting primitive: V05_FG_RACK-44_PALLET_1_1_MESH
23:44:53 | INFO: Primitives created: 1
23:44:53 | INFO: Extracting primitive: V05_FG_RACK-44_PALLET_1_2_MESH
23:44:53 | INFO: Primitives created: 1
23:44:53 | INFO: Extracting primitive: V05_FG_RACK-44_PALLET_1_3_MESH
23:44:53 | INFO: Primitives created: 1
23:44:53 | INFO: Extracting primitive: V05_FG_RACK-44_PALLET_2_0_MESH
23:44:53 | INFO: Primitives created: 1
23:44:53 | INFO: Extracting primitive: V05_FG_RACK-44_PALLET_2_1_MESH
23:44:53 | INFO: Primitives created: 1
23:44:53 | INFO: Extracting primitive: V05_FG_RACK-44_PALLET_2_2_MESH
23:44:53 | INFO: Primitives created: 1
23:44:53 | INFO: Extracting primitive: V05_FG_RACK-44_PALLET_2_3_MESH
23:44:53 | INFO: Primitives created: 1
23:44:53 | INFO: Extracting primitive: V05_FG_RACK-44_PALLET_3_0_MESH
23:44:53 | INFO: Primitives created: 1
23:44:53 | INFO: Extracting primitive: V05_FG_RACK-44_PALLET_3_1_MESH
23:44:53 | INFO: Primitives created: 1
23:44:53 | INFO: Extracting primitive: V05_FG_RACK-44_PALLET_3_2_MESH
23:44:53 | INFO: Primitives created: 1
23:44:53 | INFO: Extracting primitive: V05_FG_RACK-44_PALLET_3_3_MESH
23:44:53 | INFO: Primitives created: 1
23:44:53 | INFO: Extracting primitive: V05_FG_RACK-44_PALLET_4_0_MESH
23:44:53 | INFO: Primitives created: 1
23:44:53 | INFO: Extracting primitive: V05_FG_RACK-44_PALLET_4_1_MESH
23:44:53 | INFO: Primitives created: 1
23:44:53 | INFO: Extracting primitive: V05_FG_RACK-44_PALLET_4_2_MESH
23:44:53 | INFO: Primitives created: 1
23:44:53 | INFO: Extracting primitive: V05_FG_RACK-44_PALLET_4_3_MESH
23:44:53 | INFO: Primitives created: 1
23:44:53 | INFO: Extracting primitive: V05_FG_RACK-44_PALLET_5_0_MESH
23:44:53 | INFO: Primitives created: 1
23:44:53 | INFO: Extracting primitive: V05_FG_RACK-44_PALLET_5_1_MESH
23:44:53 | INFO: Primitives created: 1
23:44:53 | INFO: Extracting primitive: V05_FG_RACK-44_PALLET_5_2_MESH
23:44:53 | INFO: Primitives created: 1
23:44:53 | INFO: Extracting primitive: V05_FG_RACK-44_PALLET_5_3_MESH
23:44:53 | INFO: Primitives created: 1
23:44:53 | INFO: Extracting primitive: V05_FG_RACK-44_PALLET_6_0_MESH
23:44:53 | INFO: Primitives created: 1
23:44:53 | INFO: Extracting primitive: V05_FG_RACK-44_PALLET_6_1_MESH
23:44:53 | INFO: Primitives created: 1
23:44:53 | INFO: Extracting primitive: V05_FG_RACK-44_PALLET_6_2_MESH
23:44:53 | INFO: Primitives created: 1
23:44:53 | INFO: Extracting primitive: V05_FG_RACK-44_PALLET_6_3_MESH
23:44:53 | INFO: Primitives created: 1
23:44:53 | INFO: Extracting primitive: V05_FG_RACK-44_PALLET_7_0_MESH
23:44:53 | INFO: Primitives created: 1
23:44:53 | INFO: Extracting primitive: V05_FG_RACK-44_PALLET_7_1_MESH
23:44:53 | INFO: Primitives created: 1
23:44:53 | INFO: Extracting primitive: V05_FG_RACK-44_PALLET_7_2_MESH
23:44:53 | INFO: Primitives created: 1
23:44:53 | INFO: Extracting primitive: V05_FG_RACK-44_PALLET_7_3_MESH
23:44:53 | INFO: Primitives created: 1
23:44:53 | INFO: Extracting primitive: V05_FG_RACK-44_PALLET_8_0_MESH
23:44:53 | INFO: Primitives created: 1
23:44:53 | INFO: Extracting primitive: V05_FG_RACK-44_PALLET_8_1_MESH
23:44:53 | INFO: Primitives created: 1
23:44:53 | INFO: Extracting primitive: V05_FG_RACK-44_PALLET_8_2_MESH
23:44:53 | INFO: Primitives created: 1
23:44:53 | INFO: Extracting primitive: V05_FG_RACK-44_PALLET_8_3_MESH
23:44:53 | INFO: Primitives created: 1
23:44:53 | INFO: Extracting primitive: V05_FG_RACK-44_UPRIGHT_0_0_MESH
23:44:53 | INFO: Primitives created: 1
23:44:53 | INFO: Extracting primitive: V05_FG_RACK-44_UPRIGHT_0_1_MESH
23:44:53 | INFO: Primitives created: 1
23:44:53 | INFO: Extracting primitive: V05_FG_RACK-44_UPRIGHT_0_2_MESH
23:44:53 | INFO: Primitives created: 1
23:44:53 | INFO: Extracting primitive: V05_FG_RACK-44_UPRIGHT_0_3_MESH
23:44:53 | INFO: Primitives created: 1
23:44:53 | INFO: Extracting primitive: V05_FG_RACK-44_UPRIGHT_1_0_MESH
23:44:53 | INFO: Primitives created: 1
23:44:53 | INFO: Extracting primitive: V05_FG_RACK-44_UPRIGHT_1_1_MESH
23:44:53 | INFO: Primitives created: 1
23:44:53 | INFO: Extracting primitive: V05_FG_RACK-44_UPRIGHT_1_2_MESH
23:44:53 | INFO: Primitives created: 1
23:44:53 | INFO: Extracting primitive: V05_FG_RACK-44_UPRIGHT_1_3_MESH
23:44:53 | INFO: Primitives created: 1
23:44:53 | INFO: Extracting primitive: V05_FG_RACK-44_UPRIGHT_2_0_MESH
23:44:53 | INFO: Primitives created: 1
23:44:53 | INFO: Extracting primitive: V05_FG_RACK-44_UPRIGHT_2_1_MESH
23:44:53 | INFO: Primitives created: 1
23:44:53 | INFO: Extracting primitive: V05_FG_RACK-44_UPRIGHT_2_2_MESH
23:44:53 | INFO: Primitives created: 1
23:44:53 | INFO: Extracting primitive: V05_FG_RACK-44_UPRIGHT_2_3_MESH
23:44:53 | INFO: Primitives created: 1
23:44:53 | INFO: Extracting primitive: V05_FG_RACK-44_UPRIGHT_3_0_MESH
23:44:53 | INFO: Primitives created: 1
23:44:53 | INFO: Extracting primitive: V05_FG_RACK-44_UPRIGHT_3_1_MESH
23:44:53 | INFO: Primitives created: 1
23:44:53 | INFO: Extracting primitive: V05_FG_RACK-44_UPRIGHT_3_2_MESH
23:44:53 | INFO: Primitives created: 1
23:44:53 | INFO: Extracting primitive: V05_FG_RACK-44_UPRIGHT_3_3_MESH
23:44:53 | INFO: Primitives created: 1
23:44:53 | INFO: Extracting primitive: V05_FG_RACK-44_UPRIGHT_4_0_MESH
23:44:53 | INFO: Primitives created: 1
23:44:53 | INFO: Extracting primitive: V05_FG_RACK-44_UPRIGHT_4_1_MESH
23:44:53 | INFO: Primitives created: 1
23:44:53 | INFO: Extracting primitive: V05_FG_RACK-44_UPRIGHT_4_2_MESH
23:44:53 | INFO: Primitives created: 1
23:44:53 | INFO: Extracting primitive: V05_FG_RACK-44_UPRIGHT_4_3_MESH
23:44:53 | INFO: Primitives created: 1
23:44:53 | INFO: Extracting primitive: V05_FG_RACK-44_UPRIGHT_5_0_MESH
23:44:53 | INFO: Primitives created: 1
23:44:53 | INFO: Extracting primitive: V05_FG_RACK-44_UPRIGHT_5_1_MESH
23:44:53 | INFO: Primitives created: 1
23:44:53 | INFO: Extracting primitive: V05_FG_RACK-44_UPRIGHT_5_2_MESH
23:44:53 | INFO: Primitives created: 1
23:44:53 | INFO: Extracting primitive: V05_FG_RACK-44_UPRIGHT_5_3_MESH
23:44:53 | INFO: Primitives created: 1
23:44:53 | INFO: Extracting primitive: V05_FG_RACK-44_UPRIGHT_6_0_MESH
23:44:53 | INFO: Primitives created: 1
23:44:53 | INFO: Extracting primitive: V05_FG_RACK-44_UPRIGHT_6_1_MESH
23:44:53 | INFO: Primitives created: 1
23:44:53 | INFO: Extracting primitive: V05_FG_RACK-44_UPRIGHT_6_2_MESH
23:44:53 | INFO: Primitives created: 1
23:44:53 | INFO: Extracting primitive: V05_FG_RACK-44_UPRIGHT_6_3_MESH
23:44:53 | INFO: Primitives created: 1
23:44:53 | INFO: Extracting primitive: V05_FG_RACK-44_UPRIGHT_7_0_MESH
23:44:53 | INFO: Primitives created: 1
23:44:53 | INFO: Extracting primitive: V05_FG_RACK-44_UPRIGHT_7_1_MESH
23:44:53 | INFO: Primitives created: 1
23:44:53 | INFO: Extracting primitive: V05_FG_RACK-44_UPRIGHT_7_2_MESH
23:44:53 | INFO: Primitives created: 1
23:44:53 | INFO: Extracting primitive: V05_FG_RACK-44_UPRIGHT_7_3_MESH
23:44:53 | INFO: Primitives created: 1
23:44:53 | INFO: Extracting primitive: V05_FG_RACK-44_UPRIGHT_8_0_MESH
23:44:53 | INFO: Primitives created: 1
23:44:53 | INFO: Extracting primitive: V05_FG_RACK-44_UPRIGHT_8_1_MESH
23:44:53 | INFO: Primitives created: 1
23:44:53 | INFO: Extracting primitive: V05_FG_RACK-44_UPRIGHT_8_2_MESH
23:44:53 | INFO: Primitives created: 1
23:44:53 | INFO: Extracting primitive: V05_FG_RACK-44_UPRIGHT_8_3_MESH
23:44:53 | INFO: Primitives created: 1
23:44:53 | INFO: Extracting primitive: V05_FG_RACK-51_BEAM_0_MESH
23:44:53 | INFO: Primitives created: 1
23:44:53 | INFO: Extracting primitive: V05_FG_RACK-51_BEAM_1_MESH
23:44:53 | INFO: Primitives created: 1
23:44:53 | INFO: Extracting primitive: V05_FG_RACK-51_BEAM_2_MESH
23:44:53 | INFO: Primitives created: 1
23:44:53 | INFO: Extracting primitive: V05_FG_RACK-51_BEAM_3_MESH
23:44:53 | INFO: Primitives created: 1
23:44:53 | INFO: Extracting primitive: V05_FG_RACK-51_LOAD_0_0_MESH
23:44:53 | INFO: Primitives created: 1
23:44:53 | INFO: Extracting primitive: V05_FG_RACK-51_LOAD_0_1_MESH
23:44:53 | INFO: Primitives created: 1
23:44:53 | INFO: Extracting primitive: V05_FG_RACK-51_LOAD_0_2_MESH
23:44:53 | INFO: Primitives created: 1
23:44:53 | INFO: Extracting primitive: V05_FG_RACK-51_LOAD_0_3_MESH
23:44:53 | INFO: Primitives created: 1
23:44:53 | INFO: Extracting primitive: V05_FG_RACK-51_LOAD_1_0_MESH
23:44:53 | INFO: Primitives created: 1
23:44:53 | INFO: Extracting primitive: V05_FG_RACK-51_LOAD_1_1_MESH
23:44:53 | INFO: Primitives created: 1
23:44:53 | INFO: Extracting primitive: V05_FG_RACK-51_LOAD_1_2_MESH
23:44:53 | INFO: Primitives created: 1
23:44:53 | INFO: Extracting primitive: V05_FG_RACK-51_LOAD_1_3_MESH
23:44:53 | INFO: Primitives created: 1
23:44:53 | INFO: Extracting primitive: V05_FG_RACK-51_LOAD_2_0_MESH
23:44:53 | INFO: Primitives created: 1
23:44:53 | INFO: Extracting primitive: V05_FG_RACK-51_LOAD_2_1_MESH
23:44:53 | INFO: Primitives created: 1
23:44:53 | INFO: Extracting primitive: V05_FG_RACK-51_LOAD_2_2_MESH
23:44:53 | INFO: Primitives created: 1
23:44:53 | INFO: Extracting primitive: V05_FG_RACK-51_LOAD_2_3_MESH
23:44:53 | INFO: Primitives created: 1
23:44:53 | INFO: Extracting primitive: V05_FG_RACK-51_LOAD_3_0_MESH
23:44:53 | INFO: Primitives created: 1
23:44:53 | INFO: Extracting primitive: V05_FG_RACK-51_LOAD_3_1_MESH
23:44:53 | INFO: Primitives created: 1
23:44:53 | INFO: Extracting primitive: V05_FG_RACK-51_LOAD_3_2_MESH
23:44:53 | INFO: Primitives created: 1
23:44:53 | INFO: Extracting primitive: V05_FG_RACK-51_LOAD_3_3_MESH
23:44:53 | INFO: Primitives created: 1
23:44:53 | INFO: Extracting primitive: V05_FG_RACK-51_LOAD_4_0_MESH
23:44:53 | INFO: Primitives created: 1
23:44:53 | INFO: Extracting primitive: V05_FG_RACK-51_LOAD_4_1_MESH
23:44:53 | INFO: Primitives created: 1
23:44:53 | INFO: Extracting primitive: V05_FG_RACK-51_LOAD_4_2_MESH
23:44:53 | INFO: Primitives created: 1
23:44:53 | INFO: Extracting primitive: V05_FG_RACK-51_LOAD_4_3_MESH
23:44:53 | INFO: Primitives created: 1
23:44:53 | INFO: Extracting primitive: V05_FG_RACK-51_LOAD_5_0_MESH
23:44:53 | INFO: Primitives created: 1
23:44:53 | INFO: Extracting primitive: V05_FG_RACK-51_LOAD_5_1_MESH
23:44:53 | INFO: Primitives created: 1
23:44:53 | INFO: Extracting primitive: V05_FG_RACK-51_LOAD_5_2_MESH
23:44:53 | INFO: Primitives created: 1
23:44:53 | INFO: Extracting primitive: V05_FG_RACK-51_LOAD_5_3_MESH
23:44:53 | INFO: Primitives created: 1
23:44:53 | INFO: Extracting primitive: V05_FG_RACK-51_LOAD_6_0_MESH
23:44:53 | INFO: Primitives created: 1
23:44:53 | INFO: Extracting primitive: V05_FG_RACK-51_LOAD_6_1_MESH
23:44:53 | INFO: Primitives created: 1
23:44:53 | INFO: Extracting primitive: V05_FG_RACK-51_LOAD_6_2_MESH
23:44:53 | INFO: Primitives created: 1
23:44:53 | INFO: Extracting primitive: V05_FG_RACK-51_LOAD_6_3_MESH
23:44:53 | INFO: Primitives created: 1
23:44:53 | INFO: Extracting primitive: V05_FG_RACK-51_LOAD_7_0_MESH
23:44:53 | INFO: Primitives created: 1
23:44:53 | INFO: Extracting primitive: V05_FG_RACK-51_LOAD_7_1_MESH
23:44:53 | INFO: Primitives created: 1
23:44:53 | INFO: Extracting primitive: V05_FG_RACK-51_LOAD_7_2_MESH
23:44:53 | INFO: Primitives created: 1
23:44:53 | INFO: Extracting primitive: V05_FG_RACK-51_LOAD_7_3_MESH
23:44:53 | INFO: Primitives created: 1
23:44:53 | INFO: Extracting primitive: V05_FG_RACK-51_LOAD_8_0_MESH
23:44:53 | INFO: Primitives created: 1
23:44:53 | INFO: Extracting primitive: V05_FG_RACK-51_LOAD_8_1_MESH
23:44:53 | INFO: Primitives created: 1
23:44:53 | INFO: Extracting primitive: V05_FG_RACK-51_LOAD_8_2_MESH
23:44:53 | INFO: Primitives created: 1
23:44:53 | INFO: Extracting primitive: V05_FG_RACK-51_LOAD_8_3_MESH
23:44:53 | INFO: Primitives created: 1
23:44:53 | INFO: Extracting primitive: V05_FG_RACK-51_PALLET_0_0_MESH
23:44:53 | INFO: Primitives created: 1
23:44:53 | INFO: Extracting primitive: V05_FG_RACK-51_PALLET_0_1_MESH
23:44:53 | INFO: Primitives created: 1
23:44:53 | INFO: Extracting primitive: V05_FG_RACK-51_PALLET_0_2_MESH
23:44:53 | INFO: Primitives created: 1
23:44:53 | INFO: Extracting primitive: V05_FG_RACK-51_PALLET_0_3_MESH
23:44:53 | INFO: Primitives created: 1
23:44:53 | INFO: Extracting primitive: V05_FG_RACK-51_PALLET_1_0_MESH
23:44:53 | INFO: Primitives created: 1
23:44:53 | INFO: Extracting primitive: V05_FG_RACK-51_PALLET_1_1_MESH
23:44:53 | INFO: Primitives created: 1
23:44:53 | INFO: Extracting primitive: V05_FG_RACK-51_PALLET_1_2_MESH
23:44:53 | INFO: Primitives created: 1
23:44:53 | INFO: Extracting primitive: V05_FG_RACK-51_PALLET_1_3_MESH
23:44:53 | INFO: Primitives created: 1
23:44:53 | INFO: Extracting primitive: V05_FG_RACK-51_PALLET_2_0_MESH
23:44:53 | INFO: Primitives created: 1
23:44:53 | INFO: Extracting primitive: V05_FG_RACK-51_PALLET_2_1_MESH
23:44:53 | INFO: Primitives created: 1
23:44:53 | INFO: Extracting primitive: V05_FG_RACK-51_PALLET_2_2_MESH
23:44:53 | INFO: Primitives created: 1
23:44:53 | INFO: Extracting primitive: V05_FG_RACK-51_PALLET_2_3_MESH
23:44:53 | INFO: Primitives created: 1
23:44:53 | INFO: Extracting primitive: V05_FG_RACK-51_PALLET_3_0_MESH
23:44:53 | INFO: Primitives created: 1
23:44:53 | INFO: Extracting primitive: V05_FG_RACK-51_PALLET_3_1_MESH
23:44:53 | INFO: Primitives created: 1
23:44:53 | INFO: Extracting primitive: V05_FG_RACK-51_PALLET_3_2_MESH
23:44:53 | INFO: Primitives created: 1
23:44:53 | INFO: Extracting primitive: V05_FG_RACK-51_PALLET_3_3_MESH
23:44:53 | INFO: Primitives created: 1
23:44:53 | INFO: Extracting primitive: V05_FG_RACK-51_PALLET_4_0_MESH
23:44:53 | INFO: Primitives created: 1
23:44:53 | INFO: Extracting primitive: V05_FG_RACK-51_PALLET_4_1_MESH
23:44:53 | INFO: Primitives created: 1
23:44:53 | INFO: Extracting primitive: V05_FG_RACK-51_PALLET_4_2_MESH
23:44:53 | INFO: Primitives created: 1
23:44:53 | INFO: Extracting primitive: V05_FG_RACK-51_PALLET_4_3_MESH
23:44:53 | INFO: Primitives created: 1
23:44:53 | INFO: Extracting primitive: V05_FG_RACK-51_PALLET_5_0_MESH
23:44:53 | INFO: Primitives created: 1
23:44:53 | INFO: Extracting primitive: V05_FG_RACK-51_PALLET_5_1_MESH
23:44:53 | INFO: Primitives created: 1
23:44:53 | INFO: Extracting primitive: V05_FG_RACK-51_PALLET_5_2_MESH
23:44:53 | INFO: Primitives created: 1
23:44:53 | INFO: Extracting primitive: V05_FG_RACK-51_PALLET_5_3_MESH
23:44:53 | INFO: Primitives created: 1
23:44:53 | INFO: Extracting primitive: V05_FG_RACK-51_PALLET_6_0_MESH
23:44:53 | INFO: Primitives created: 1
23:44:53 | INFO: Extracting primitive: V05_FG_RACK-51_PALLET_6_1_MESH
23:44:53 | INFO: Primitives created: 1
23:44:53 | INFO: Extracting primitive: V05_FG_RACK-51_PALLET_6_2_MESH
23:44:53 | INFO: Primitives created: 1
23:44:53 | INFO: Extracting primitive: V05_FG_RACK-51_PALLET_6_3_MESH
23:44:53 | INFO: Primitives created: 1
23:44:53 | INFO: Extracting primitive: V05_FG_RACK-51_PALLET_7_0_MESH
23:44:53 | INFO: Primitives created: 1
23:44:53 | INFO: Extracting primitive: V05_FG_RACK-51_PALLET_7_1_MESH
23:44:53 | INFO: Primitives created: 1
23:44:53 | INFO: Extracting primitive: V05_FG_RACK-51_PALLET_7_2_MESH
23:44:53 | INFO: Primitives created: 1
23:44:53 | INFO: Extracting primitive: V05_FG_RACK-51_PALLET_7_3_MESH
23:44:53 | INFO: Primitives created: 1
23:44:53 | INFO: Extracting primitive: V05_FG_RACK-51_PALLET_8_0_MESH
23:44:53 | INFO: Primitives created: 1
23:44:53 | INFO: Extracting primitive: V05_FG_RACK-51_PALLET_8_1_MESH
23:44:53 | INFO: Primitives created: 1
23:44:53 | INFO: Extracting primitive: V05_FG_RACK-51_PALLET_8_2_MESH
23:44:53 | INFO: Primitives created: 1
23:44:53 | INFO: Extracting primitive: V05_FG_RACK-51_PALLET_8_3_MESH
23:44:53 | INFO: Primitives created: 1
23:44:53 | INFO: Extracting primitive: V05_FG_RACK-51_UPRIGHT_0_0_MESH
23:44:53 | INFO: Primitives created: 1
23:44:53 | INFO: Extracting primitive: V05_FG_RACK-51_UPRIGHT_0_1_MESH
23:44:53 | INFO: Primitives created: 1
23:44:53 | INFO: Extracting primitive: V05_FG_RACK-51_UPRIGHT_0_2_MESH
23:44:53 | INFO: Primitives created: 1
23:44:53 | INFO: Extracting primitive: V05_FG_RACK-51_UPRIGHT_0_3_MESH
23:44:53 | INFO: Primitives created: 1
23:44:53 | INFO: Extracting primitive: V05_FG_RACK-51_UPRIGHT_1_0_MESH
23:44:53 | INFO: Primitives created: 1
23:44:53 | INFO: Extracting primitive: V05_FG_RACK-51_UPRIGHT_1_1_MESH
23:44:53 | INFO: Primitives created: 1
23:44:53 | INFO: Extracting primitive: V05_FG_RACK-51_UPRIGHT_1_2_MESH
23:44:53 | INFO: Primitives created: 1
23:44:53 | INFO: Extracting primitive: V05_FG_RACK-51_UPRIGHT_1_3_MESH
23:44:53 | INFO: Primitives created: 1
23:44:53 | INFO: Extracting primitive: V05_FG_RACK-51_UPRIGHT_2_0_MESH
23:44:53 | INFO: Primitives created: 1
23:44:53 | INFO: Extracting primitive: V05_FG_RACK-51_UPRIGHT_2_1_MESH
23:44:53 | INFO: Primitives created: 1
23:44:53 | INFO: Extracting primitive: V05_FG_RACK-51_UPRIGHT_2_2_MESH
23:44:53 | INFO: Primitives created: 1
23:44:53 | INFO: Extracting primitive: V05_FG_RACK-51_UPRIGHT_2_3_MESH
23:44:53 | INFO: Primitives created: 1
23:44:53 | INFO: Extracting primitive: V05_FG_RACK-51_UPRIGHT_3_0_MESH
23:44:53 | INFO: Primitives created: 1
23:44:53 | INFO: Extracting primitive: V05_FG_RACK-51_UPRIGHT_3_1_MESH
23:44:53 | INFO: Primitives created: 1
23:44:53 | INFO: Extracting primitive: V05_FG_RACK-51_UPRIGHT_3_2_MESH
23:44:53 | INFO: Primitives created: 1
23:44:53 | INFO: Extracting primitive: V05_FG_RACK-51_UPRIGHT_3_3_MESH
23:44:53 | INFO: Primitives created: 1
23:44:53 | INFO: Extracting primitive: V05_FG_RACK-51_UPRIGHT_4_0_MESH
23:44:53 | INFO: Primitives created: 1
23:44:53 | INFO: Extracting primitive: V05_FG_RACK-51_UPRIGHT_4_1_MESH
23:44:53 | INFO: Primitives created: 1
23:44:53 | INFO: Extracting primitive: V05_FG_RACK-51_UPRIGHT_4_2_MESH
23:44:53 | INFO: Primitives created: 1
23:44:53 | INFO: Extracting primitive: V05_FG_RACK-51_UPRIGHT_4_3_MESH
23:44:53 | INFO: Primitives created: 1
23:44:53 | INFO: Extracting primitive: V05_FG_RACK-51_UPRIGHT_5_0_MESH
23:44:53 | INFO: Primitives created: 1
23:44:53 | INFO: Extracting primitive: V05_FG_RACK-51_UPRIGHT_5_1_MESH
23:44:53 | INFO: Primitives created: 1
23:44:53 | INFO: Extracting primitive: V05_FG_RACK-51_UPRIGHT_5_2_MESH
23:44:53 | INFO: Primitives created: 1
23:44:53 | INFO: Extracting primitive: V05_FG_RACK-51_UPRIGHT_5_3_MESH
23:44:53 | INFO: Primitives created: 1
23:44:53 | INFO: Extracting primitive: V05_FG_RACK-51_UPRIGHT_6_0_MESH
23:44:53 | INFO: Primitives created: 1
23:44:53 | INFO: Extracting primitive: V05_FG_RACK-51_UPRIGHT_6_1_MESH
23:44:53 | INFO: Primitives created: 1
23:44:53 | INFO: Extracting primitive: V05_FG_RACK-51_UPRIGHT_6_2_MESH
23:44:53 | INFO: Primitives created: 1
23:44:53 | INFO: Extracting primitive: V05_FG_RACK-51_UPRIGHT_6_3_MESH
23:44:53 | INFO: Primitives created: 1
23:44:53 | INFO: Extracting primitive: V05_FG_RACK-51_UPRIGHT_7_0_MESH
23:44:53 | INFO: Primitives created: 1
23:44:53 | INFO: Extracting primitive: V05_FG_RACK-51_UPRIGHT_7_1_MESH
23:44:53 | INFO: Primitives created: 1
23:44:53 | INFO: Extracting primitive: V05_FG_RACK-51_UPRIGHT_7_2_MESH
23:44:53 | INFO: Primitives created: 1
23:44:53 | INFO: Extracting primitive: V05_FG_RACK-51_UPRIGHT_7_3_MESH
23:44:53 | INFO: Primitives created: 1
23:44:53 | INFO: Extracting primitive: V05_FG_RACK-51_UPRIGHT_8_0_MESH
23:44:53 | INFO: Primitives created: 1
23:44:53 | INFO: Extracting primitive: V05_FG_RACK-51_UPRIGHT_8_1_MESH
23:44:53 | INFO: Primitives created: 1
23:44:53 | INFO: Extracting primitive: V05_FG_RACK-51_UPRIGHT_8_2_MESH
23:44:53 | INFO: Primitives created: 1
23:44:53 | INFO: Extracting primitive: V05_FG_RACK-51_UPRIGHT_8_3_MESH
23:44:53 | INFO: Primitives created: 1
23:44:53 | INFO: Extracting primitive: V05_FG_RACK-58_BEAM_0_MESH
23:44:53 | INFO: Primitives created: 1
23:44:53 | INFO: Extracting primitive: V05_FG_RACK-58_BEAM_1_MESH
23:44:53 | INFO: Primitives created: 1
23:44:53 | INFO: Extracting primitive: V05_FG_RACK-58_BEAM_2_MESH
23:44:53 | INFO: Primitives created: 1
23:44:53 | INFO: Extracting primitive: V05_FG_RACK-58_BEAM_3_MESH
23:44:53 | INFO: Primitives created: 1
23:44:53 | INFO: Extracting primitive: V05_FG_RACK-58_LOAD_0_0_MESH
23:44:53 | INFO: Primitives created: 1
23:44:53 | INFO: Extracting primitive: V05_FG_RACK-58_LOAD_0_1_MESH
23:44:53 | INFO: Primitives created: 1
23:44:53 | INFO: Extracting primitive: V05_FG_RACK-58_LOAD_0_2_MESH
23:44:53 | INFO: Primitives created: 1
23:44:53 | INFO: Extracting primitive: V05_FG_RACK-58_LOAD_0_3_MESH
23:44:53 | INFO: Primitives created: 1
23:44:53 | INFO: Extracting primitive: V05_FG_RACK-58_LOAD_1_0_MESH
23:44:53 | INFO: Primitives created: 1
23:44:53 | INFO: Extracting primitive: V05_FG_RACK-58_LOAD_1_1_MESH
23:44:53 | INFO: Primitives created: 1
23:44:53 | INFO: Extracting primitive: V05_FG_RACK-58_LOAD_1_2_MESH
23:44:53 | INFO: Primitives created: 1
23:44:53 | INFO: Extracting primitive: V05_FG_RACK-58_LOAD_1_3_MESH
23:44:53 | INFO: Primitives created: 1
23:44:53 | INFO: Extracting primitive: V05_FG_RACK-58_LOAD_2_0_MESH
23:44:53 | INFO: Primitives created: 1
23:44:53 | INFO: Extracting primitive: V05_FG_RACK-58_LOAD_2_1_MESH
23:44:53 | INFO: Primitives created: 1
23:44:53 | INFO: Extracting primitive: V05_FG_RACK-58_LOAD_2_2_MESH
23:44:53 | INFO: Primitives created: 1
23:44:53 | INFO: Extracting primitive: V05_FG_RACK-58_LOAD_2_3_MESH
23:44:53 | INFO: Primitives created: 1
23:44:53 | INFO: Extracting primitive: V05_FG_RACK-58_LOAD_3_0_MESH
23:44:53 | INFO: Primitives created: 1
23:44:53 | INFO: Extracting primitive: V05_FG_RACK-58_LOAD_3_1_MESH
23:44:53 | INFO: Primitives created: 1
23:44:53 | INFO: Extracting primitive: V05_FG_RACK-58_LOAD_3_2_MESH
23:44:53 | INFO: Primitives created: 1
23:44:53 | INFO: Extracting primitive: V05_FG_RACK-58_LOAD_3_3_MESH
23:44:53 | INFO: Primitives created: 1
23:44:53 | INFO: Extracting primitive: V05_FG_RACK-58_LOAD_4_0_MESH
23:44:53 | INFO: Primitives created: 1
23:44:53 | INFO: Extracting primitive: V05_FG_RACK-58_LOAD_4_1_MESH
23:44:53 | INFO: Primitives created: 1
23:44:53 | INFO: Extracting primitive: V05_FG_RACK-58_LOAD_4_2_MESH
23:44:53 | INFO: Primitives created: 1
23:44:53 | INFO: Extracting primitive: V05_FG_RACK-58_LOAD_4_3_MESH
23:44:53 | INFO: Primitives created: 1
23:44:53 | INFO: Extracting primitive: V05_FG_RACK-58_LOAD_5_0_MESH
23:44:53 | INFO: Primitives created: 1
23:44:53 | INFO: Extracting primitive: V05_FG_RACK-58_LOAD_5_1_MESH
23:44:53 | INFO: Primitives created: 1
23:44:53 | INFO: Extracting primitive: V05_FG_RACK-58_LOAD_5_2_MESH
23:44:53 | INFO: Primitives created: 1
23:44:53 | INFO: Extracting primitive: V05_FG_RACK-58_LOAD_5_3_MESH
23:44:53 | INFO: Primitives created: 1
23:44:53 | INFO: Extracting primitive: V05_FG_RACK-58_LOAD_6_0_MESH
23:44:53 | INFO: Primitives created: 1
23:44:53 | INFO: Extracting primitive: V05_FG_RACK-58_LOAD_6_1_MESH
23:44:53 | INFO: Primitives created: 1
23:44:53 | INFO: Extracting primitive: V05_FG_RACK-58_LOAD_6_2_MESH
23:44:53 | INFO: Primitives created: 1
23:44:53 | INFO: Extracting primitive: V05_FG_RACK-58_LOAD_6_3_MESH
23:44:53 | INFO: Primitives created: 1
23:44:53 | INFO: Extracting primitive: V05_FG_RACK-58_LOAD_7_0_MESH
23:44:53 | INFO: Primitives created: 1
23:44:53 | INFO: Extracting primitive: V05_FG_RACK-58_LOAD_7_1_MESH
23:44:53 | INFO: Primitives created: 1
23:44:53 | INFO: Extracting primitive: V05_FG_RACK-58_LOAD_7_2_MESH
23:44:53 | INFO: Primitives created: 1
23:44:53 | INFO: Extracting primitive: V05_FG_RACK-58_LOAD_7_3_MESH
23:44:53 | INFO: Primitives created: 1
23:44:53 | INFO: Extracting primitive: V05_FG_RACK-58_LOAD_8_0_MESH
23:44:53 | INFO: Primitives created: 1
23:44:53 | INFO: Extracting primitive: V05_FG_RACK-58_LOAD_8_1_MESH
23:44:53 | INFO: Primitives created: 1
23:44:53 | INFO: Extracting primitive: V05_FG_RACK-58_LOAD_8_2_MESH
23:44:53 | INFO: Primitives created: 1
23:44:53 | INFO: Extracting primitive: V05_FG_RACK-58_LOAD_8_3_MESH
23:44:53 | INFO: Primitives created: 1
23:44:53 | INFO: Extracting primitive: V05_FG_RACK-58_PALLET_0_0_MESH
23:44:53 | INFO: Primitives created: 1
23:44:53 | INFO: Extracting primitive: V05_FG_RACK-58_PALLET_0_1_MESH
23:44:53 | INFO: Primitives created: 1
23:44:53 | INFO: Extracting primitive: V05_FG_RACK-58_PALLET_0_2_MESH
23:44:53 | INFO: Primitives created: 1
23:44:53 | INFO: Extracting primitive: V05_FG_RACK-58_PALLET_0_3_MESH
23:44:53 | INFO: Primitives created: 1
23:44:53 | INFO: Extracting primitive: V05_FG_RACK-58_PALLET_1_0_MESH
23:44:53 | INFO: Primitives created: 1
23:44:53 | INFO: Extracting primitive: V05_FG_RACK-58_PALLET_1_1_MESH
23:44:53 | INFO: Primitives created: 1
23:44:53 | INFO: Extracting primitive: V05_FG_RACK-58_PALLET_1_2_MESH
23:44:53 | INFO: Primitives created: 1
23:44:53 | INFO: Extracting primitive: V05_FG_RACK-58_PALLET_1_3_MESH
23:44:53 | INFO: Primitives created: 1
23:44:53 | INFO: Extracting primitive: V05_FG_RACK-58_PALLET_2_0_MESH
23:44:53 | INFO: Primitives created: 1
23:44:53 | INFO: Extracting primitive: V05_FG_RACK-58_PALLET_2_1_MESH
23:44:53 | INFO: Primitives created: 1
23:44:53 | INFO: Extracting primitive: V05_FG_RACK-58_PALLET_2_2_MESH
23:44:53 | INFO: Primitives created: 1
23:44:53 | INFO: Extracting primitive: V05_FG_RACK-58_PALLET_2_3_MESH
23:44:53 | INFO: Primitives created: 1
23:44:53 | INFO: Extracting primitive: V05_FG_RACK-58_PALLET_3_0_MESH
23:44:53 | INFO: Primitives created: 1
23:44:53 | INFO: Extracting primitive: V05_FG_RACK-58_PALLET_3_1_MESH
23:44:53 | INFO: Primitives created: 1
23:44:53 | INFO: Extracting primitive: V05_FG_RACK-58_PALLET_3_2_MESH
23:44:53 | INFO: Primitives created: 1
23:44:53 | INFO: Extracting primitive: V05_FG_RACK-58_PALLET_3_3_MESH
23:44:53 | INFO: Primitives created: 1
23:44:53 | INFO: Extracting primitive: V05_FG_RACK-58_PALLET_4_0_MESH
23:44:53 | INFO: Primitives created: 1
23:44:53 | INFO: Extracting primitive: V05_FG_RACK-58_PALLET_4_1_MESH
23:44:53 | INFO: Primitives created: 1
23:44:54 | INFO: Extracting primitive: V05_FG_RACK-58_PALLET_4_2_MESH
23:44:54 | INFO: Primitives created: 1
23:44:54 | INFO: Extracting primitive: V05_FG_RACK-58_PALLET_4_3_MESH
23:44:54 | INFO: Primitives created: 1
23:44:54 | INFO: Extracting primitive: V05_FG_RACK-58_PALLET_5_0_MESH
23:44:54 | INFO: Primitives created: 1
23:44:54 | INFO: Extracting primitive: V05_FG_RACK-58_PALLET_5_1_MESH
23:44:54 | INFO: Primitives created: 1
23:44:54 | INFO: Extracting primitive: V05_FG_RACK-58_PALLET_5_2_MESH
23:44:54 | INFO: Primitives created: 1
23:44:54 | INFO: Extracting primitive: V05_FG_RACK-58_PALLET_5_3_MESH
23:44:54 | INFO: Primitives created: 1
23:44:54 | INFO: Extracting primitive: V05_FG_RACK-58_PALLET_6_0_MESH
23:44:54 | INFO: Primitives created: 1
23:44:54 | INFO: Extracting primitive: V05_FG_RACK-58_PALLET_6_1_MESH
23:44:54 | INFO: Primitives created: 1
23:44:54 | INFO: Extracting primitive: V05_FG_RACK-58_PALLET_6_2_MESH
23:44:54 | INFO: Primitives created: 1
23:44:54 | INFO: Extracting primitive: V05_FG_RACK-58_PALLET_6_3_MESH
23:44:54 | INFO: Primitives created: 1
23:44:54 | INFO: Extracting primitive: V05_FG_RACK-58_PALLET_7_0_MESH
23:44:54 | INFO: Primitives created: 1
23:44:54 | INFO: Extracting primitive: V05_FG_RACK-58_PALLET_7_1_MESH
23:44:54 | INFO: Primitives created: 1
23:44:54 | INFO: Extracting primitive: V05_FG_RACK-58_PALLET_7_2_MESH
23:44:54 | INFO: Primitives created: 1
23:44:54 | INFO: Extracting primitive: V05_FG_RACK-58_PALLET_7_3_MESH
23:44:54 | INFO: Primitives created: 1
23:44:54 | INFO: Extracting primitive: V05_FG_RACK-58_PALLET_8_0_MESH
23:44:54 | INFO: Primitives created: 1
23:44:54 | INFO: Extracting primitive: V05_FG_RACK-58_PALLET_8_1_MESH
23:44:54 | INFO: Primitives created: 1
23:44:54 | INFO: Extracting primitive: V05_FG_RACK-58_PALLET_8_2_MESH
23:44:54 | INFO: Primitives created: 1
23:44:54 | INFO: Extracting primitive: V05_FG_RACK-58_PALLET_8_3_MESH
23:44:54 | INFO: Primitives created: 1
23:44:54 | INFO: Extracting primitive: V05_FG_RACK-58_UPRIGHT_0_0_MESH
23:44:54 | INFO: Primitives created: 1
23:44:54 | INFO: Extracting primitive: V05_FG_RACK-58_UPRIGHT_0_1_MESH
23:44:54 | INFO: Primitives created: 1
23:44:54 | INFO: Extracting primitive: V05_FG_RACK-58_UPRIGHT_0_2_MESH
23:44:54 | INFO: Primitives created: 1
23:44:54 | INFO: Extracting primitive: V05_FG_RACK-58_UPRIGHT_0_3_MESH
23:44:54 | INFO: Primitives created: 1
23:44:54 | INFO: Extracting primitive: V05_FG_RACK-58_UPRIGHT_1_0_MESH
23:44:54 | INFO: Primitives created: 1
23:44:54 | INFO: Extracting primitive: V05_FG_RACK-58_UPRIGHT_1_1_MESH
23:44:54 | INFO: Primitives created: 1
23:44:54 | INFO: Extracting primitive: V05_FG_RACK-58_UPRIGHT_1_2_MESH
23:44:54 | INFO: Primitives created: 1
23:44:54 | INFO: Extracting primitive: V05_FG_RACK-58_UPRIGHT_1_3_MESH
23:44:54 | INFO: Primitives created: 1
23:44:54 | INFO: Extracting primitive: V05_FG_RACK-58_UPRIGHT_2_0_MESH
23:44:54 | INFO: Primitives created: 1
23:44:54 | INFO: Extracting primitive: V05_FG_RACK-58_UPRIGHT_2_1_MESH
23:44:54 | INFO: Primitives created: 1
23:44:54 | INFO: Extracting primitive: V05_FG_RACK-58_UPRIGHT_2_2_MESH
23:44:54 | INFO: Primitives created: 1
23:44:54 | INFO: Extracting primitive: V05_FG_RACK-58_UPRIGHT_2_3_MESH
23:44:54 | INFO: Primitives created: 1
23:44:54 | INFO: Extracting primitive: V05_FG_RACK-58_UPRIGHT_3_0_MESH
23:44:54 | INFO: Primitives created: 1
23:44:54 | INFO: Extracting primitive: V05_FG_RACK-58_UPRIGHT_3_1_MESH
23:44:54 | INFO: Primitives created: 1
23:44:54 | INFO: Extracting primitive: V05_FG_RACK-58_UPRIGHT_3_2_MESH
23:44:54 | INFO: Primitives created: 1
23:44:54 | INFO: Extracting primitive: V05_FG_RACK-58_UPRIGHT_3_3_MESH
23:44:54 | INFO: Primitives created: 1
23:44:54 | INFO: Extracting primitive: V05_FG_RACK-58_UPRIGHT_4_0_MESH
23:44:54 | INFO: Primitives created: 1
23:44:54 | INFO: Extracting primitive: V05_FG_RACK-58_UPRIGHT_4_1_MESH
23:44:54 | INFO: Primitives created: 1
23:44:54 | INFO: Extracting primitive: V05_FG_RACK-58_UPRIGHT_4_2_MESH
23:44:54 | INFO: Primitives created: 1
23:44:54 | INFO: Extracting primitive: V05_FG_RACK-58_UPRIGHT_4_3_MESH
23:44:54 | INFO: Primitives created: 1
23:44:54 | INFO: Extracting primitive: V05_FG_RACK-58_UPRIGHT_5_0_MESH
23:44:54 | INFO: Primitives created: 1
23:44:54 | INFO: Extracting primitive: V05_FG_RACK-58_UPRIGHT_5_1_MESH
23:44:54 | INFO: Primitives created: 1
23:44:54 | INFO: Extracting primitive: V05_FG_RACK-58_UPRIGHT_5_2_MESH
23:44:54 | INFO: Primitives created: 1
23:44:54 | INFO: Extracting primitive: V05_FG_RACK-58_UPRIGHT_5_3_MESH
23:44:54 | INFO: Primitives created: 1
23:44:54 | INFO: Extracting primitive: V05_FG_RACK-58_UPRIGHT_6_0_MESH
23:44:54 | INFO: Primitives created: 1
23:44:54 | INFO: Extracting primitive: V05_FG_RACK-58_UPRIGHT_6_1_MESH
23:44:54 | INFO: Primitives created: 1
23:44:54 | INFO: Extracting primitive: V05_FG_RACK-58_UPRIGHT_6_2_MESH
23:44:54 | INFO: Primitives created: 1
23:44:54 | INFO: Extracting primitive: V05_FG_RACK-58_UPRIGHT_6_3_MESH
23:44:54 | INFO: Primitives created: 1
23:44:54 | INFO: Extracting primitive: V05_FG_RACK-58_UPRIGHT_7_0_MESH
23:44:54 | INFO: Primitives created: 1
23:44:54 | INFO: Extracting primitive: V05_FG_RACK-58_UPRIGHT_7_1_MESH
23:44:54 | INFO: Primitives created: 1
23:44:54 | INFO: Extracting primitive: V05_FG_RACK-58_UPRIGHT_7_2_MESH
23:44:54 | INFO: Primitives created: 1
23:44:54 | INFO: Extracting primitive: V05_FG_RACK-58_UPRIGHT_7_3_MESH
23:44:54 | INFO: Primitives created: 1
23:44:54 | INFO: Extracting primitive: V05_FG_RACK-58_UPRIGHT_8_0_MESH
23:44:54 | INFO: Primitives created: 1
23:44:54 | INFO: Extracting primitive: V05_FG_RACK-58_UPRIGHT_8_1_MESH
23:44:54 | INFO: Primitives created: 1
23:44:54 | INFO: Extracting primitive: V05_FG_RACK-58_UPRIGHT_8_2_MESH
23:44:54 | INFO: Primitives created: 1
23:44:54 | INFO: Extracting primitive: V05_FG_RACK-58_UPRIGHT_8_3_MESH
23:44:54 | INFO: Primitives created: 1
23:44:54 | INFO: Extracting primitive: V05_FG_RIGHT_MESH
23:44:54 | INFO: Primitives created: 1
23:44:54 | INFO: Extracting primitive: V05_FG_SOFFIT_65.44_MESH
23:44:54 | INFO: Primitives created: 1
23:44:54 | INFO: Extracting primitive: V05_FG_SOFFIT_80_MESH
23:44:54 | INFO: Primitives created: 1
23:44:54 | INFO: Extracting primitive: V05_FG_SOFFIT_94.56_MESH
23:44:54 | INFO: Primitives created: 1
23:44:54 | INFO: Extracting primitive: V05_FG_STAGE0_BASE_MESH
23:44:54 | INFO: Primitives created: 1
23:44:54 | INFO: Extracting primitive: V05_FG_STAGE0_LOAD_MESH
23:44:54 | INFO: Primitives created: 1
23:44:54 | INFO: Extracting primitive: V05_FG_STAGE1_BASE_MESH
23:44:54 | INFO: Primitives created: 1
23:44:54 | INFO: Extracting primitive: V05_FG_STAGE1_LOAD_MESH
23:44:54 | INFO: Primitives created: 1
23:44:54 | INFO: Extracting primitive: V05_FG_STAGE2_BASE_MESH
23:44:54 | INFO: Primitives created: 1
23:44:54 | INFO: Extracting primitive: V05_FG_STAGE2_LOAD_MESH
23:44:54 | INFO: Primitives created: 1
23:44:54 | INFO: Extracting primitive: V05_FG_STAGE3_BASE_MESH
23:44:54 | INFO: Primitives created: 1
23:44:54 | INFO: Extracting primitive: V05_FG_STAGE3_LOAD_MESH
23:44:54 | INFO: Primitives created: 1
23:44:54 | INFO: Extracting primitive: V05_FG_STAGE4_BASE_MESH
23:44:54 | INFO: Primitives created: 1
23:44:54 | INFO: Extracting primitive: V05_FG_STAGE4_LOAD_MESH
23:44:54 | INFO: Primitives created: 1
23:44:54 | INFO: Extracting primitive: V05_FG_STAGE5_BASE_MESH
23:44:54 | INFO: Primitives created: 1
23:44:54 | INFO: Extracting primitive: V05_FG_STAGE5_LOAD_MESH
23:44:54 | INFO: Primitives created: 1
23:44:54 | INFO: Extracting primitive: V05_FG_STAGE6_BASE_MESH
23:44:54 | INFO: Primitives created: 1
23:44:54 | INFO: Extracting primitive: V05_FG_STAGE6_LOAD_MESH
23:44:54 | INFO: Primitives created: 1
23:44:54 | INFO: Extracting primitive: V05_FIRE0_BACK_MESH
23:44:54 | INFO: Primitives created: 1
23:44:54 | INFO: Extracting primitive: V05_FIRE0_DOOR_HEADER_MESH
23:44:54 | INFO: Primitives created: 1
23:44:54 | INFO: Extracting primitive: V05_FIRE0_DOOR_L_MESH
23:44:54 | INFO: Primitives created: 1
23:44:54 | INFO: Extracting primitive: V05_FIRE0_DOOR_R_MESH
23:44:54 | INFO: Primitives created: 1
23:44:54 | INFO: Extracting primitive: V05_FIRE0_FLOOR_MESH
23:44:54 | INFO: Primitives created: 1
23:44:54 | INFO: Extracting primitive: V05_FIRE0_LEFT_MESH
23:44:54 | INFO: Primitives created: 1
23:44:54 | INFO: Extracting primitive: V05_FIRE0_LIGHT_0_FIXTURE_MESH
23:44:54 | INFO: Primitives created: 1
23:44:54 | INFO: Extracting primitive: V05_FIRE0_LIGHT_0_GLOW_MESH
23:44:54 | INFO: Primitives created: 1
23:44:54 | INFO: Extracting primitive: V05_FIRE0_LIGHT_1_FIXTURE_MESH
23:44:54 | INFO: Primitives created: 1
23:44:54 | INFO: Extracting primitive: V05_FIRE0_LIGHT_1_GLOW_MESH
23:44:54 | INFO: Primitives created: 1
23:44:54 | INFO: Extracting primitive: V05_FIRE0_RIGHT_MESH
23:44:54 | INFO: Primitives created: 1
23:44:54 | INFO: Extracting primitive: V05_FIRE0_SOFFIT_88.4_MESH
23:44:54 | INFO: Primitives created: 1
23:44:54 | INFO: Extracting primitive: V05_FIRE0_SOFFIT_94_MESH
23:44:54 | INFO: Primitives created: 1
23:44:54 | INFO: Extracting primitive: V05_FIRE0_SOFFIT_99.6_MESH
23:44:54 | INFO: Primitives created: 1
23:44:54 | INFO: Extracting primitive: V05_FIRE1_BACK_MESH
23:44:54 | INFO: Primitives created: 1
23:44:54 | INFO: Extracting primitive: V05_FIRE1_DOOR_HEADER_MESH
23:44:54 | INFO: Primitives created: 1
23:44:54 | INFO: Extracting primitive: V05_FIRE1_DOOR_L_MESH
23:44:54 | INFO: Primitives created: 1
23:44:54 | INFO: Extracting primitive: V05_FIRE1_DOOR_R_MESH
23:44:54 | INFO: Primitives created: 1
23:44:54 | INFO: Extracting primitive: V05_FIRE1_FLOOR_MESH
23:44:54 | INFO: Primitives created: 1
23:44:54 | INFO: Extracting primitive: V05_FIRE1_LEFT_MESH
23:44:54 | INFO: Primitives created: 1
23:44:54 | INFO: Extracting primitive: V05_FIRE1_LIGHT_0_FIXTURE_MESH
23:44:54 | INFO: Primitives created: 1
23:44:54 | INFO: Extracting primitive: V05_FIRE1_LIGHT_0_GLOW_MESH
23:44:54 | INFO: Primitives created: 1
23:44:54 | INFO: Extracting primitive: V05_FIRE1_LIGHT_1_FIXTURE_MESH
23:44:54 | INFO: Primitives created: 1
23:44:54 | INFO: Extracting primitive: V05_FIRE1_LIGHT_1_GLOW_MESH
23:44:54 | INFO: Primitives created: 1
23:44:54 | INFO: Extracting primitive: V05_FIRE1_RIGHT_MESH
23:44:54 | INFO: Primitives created: 1
23:44:54 | INFO: Extracting primitive: V05_FIRE1_SOFFIT_88.4_MESH
23:44:54 | INFO: Primitives created: 1
23:44:54 | INFO: Extracting primitive: V05_FIRE1_SOFFIT_94_MESH
23:44:54 | INFO: Primitives created: 1
23:44:54 | INFO: Extracting primitive: V05_FIRE1_SOFFIT_99.6_MESH
23:44:54 | INFO: Primitives created: 1
23:44:54 | INFO: Extracting primitive: V05_FIRE_HEADER0_MESH
23:44:54 | INFO: Primitives created: 1
23:44:54 | INFO: Extracting primitive: V05_FIRE_HEADER1_MESH
23:44:54 | INFO: Primitives created: 1
23:44:54 | INFO: Extracting primitive: V05_FIRE_PANEL0_MESH
23:44:54 | INFO: Primitives created: 1
23:44:54 | INFO: Extracting primitive: V05_FIRE_PANEL1_MESH
23:44:54 | INFO: Primitives created: 1
23:44:54 | INFO: Extracting primitive: V05_FIRE_PUMP0_0_BASE_MESH
23:44:54 | INFO: Primitives created: 1
23:44:54 | INFO: Extracting primitive: V05_FIRE_PUMP0_0_HOUSING_MESH
23:44:54 | INFO: Primitives created: 1
23:44:54 | INFO: Extracting primitive: V05_FIRE_PUMP0_0_PANEL_MESH
23:44:54 | INFO: Primitives created: 1
23:44:54 | INFO: Extracting primitive: V05_FIRE_PUMP0_1_BASE_MESH
23:44:54 | INFO: Primitives created: 1
23:44:54 | INFO: Extracting primitive: V05_FIRE_PUMP0_1_HOUSING_MESH
23:44:54 | INFO: Primitives created: 1
23:44:54 | INFO: Extracting primitive: V05_FIRE_PUMP0_1_PANEL_MESH
23:44:54 | INFO: Primitives created: 1
23:44:54 | INFO: Extracting primitive: V05_FIRE_PUMP1_0_BASE_MESH
23:44:54 | INFO: Primitives created: 1
23:44:54 | INFO: Extracting primitive: V05_FIRE_PUMP1_0_HOUSING_MESH
23:44:54 | INFO: Primitives created: 1
23:44:54 | INFO: Extracting primitive: V05_FIRE_PUMP1_0_PANEL_MESH
23:44:54 | INFO: Primitives created: 1
23:44:54 | INFO: Extracting primitive: V05_FIRE_PUMP1_1_BASE_MESH
23:44:54 | INFO: Primitives created: 1
23:44:54 | INFO: Extracting primitive: V05_FIRE_PUMP1_1_HOUSING_MESH
23:44:54 | INFO: Primitives created: 1
23:44:54 | INFO: Extracting primitive: V05_FIRE_PUMP1_1_PANEL_MESH
23:44:54 | INFO: Primitives created: 1
23:44:54 | INFO: Extracting primitive: V05_FIRE_SUCTION0_MESH
23:44:54 | INFO: Primitives created: 1
23:44:54 | INFO: Extracting primitive: V05_FIRE_SUCTION1_MESH
23:44:54 | INFO: Primitives created: 1
23:44:54 | INFO: Extracting primitive: V05_FIRE_VALVE0_0_MESH
23:44:54 | INFO: Primitives created: 1
23:44:54 | INFO: Extracting primitive: V05_FIRE_VALVE0_1_MESH
23:44:54 | INFO: Primitives created: 1
23:44:54 | INFO: Extracting primitive: V05_FIRE_VALVE0_2_MESH
23:44:54 | INFO: Primitives created: 1
23:44:54 | INFO: Extracting primitive: V05_FIRE_VALVE0_3_MESH
23:44:54 | INFO: Primitives created: 1
23:44:54 | INFO: Extracting primitive: V05_FIRE_VALVE1_0_MESH
23:44:54 | INFO: Primitives created: 1
23:44:54 | INFO: Extracting primitive: V05_FIRE_VALVE1_1_MESH
23:44:54 | INFO: Primitives created: 1
23:44:54 | INFO: Extracting primitive: V05_FIRE_VALVE1_2_MESH
23:44:54 | INFO: Primitives created: 1
23:44:54 | INFO: Extracting primitive: V05_FIRE_VALVE1_3_MESH
23:44:54 | INFO: Primitives created: 1
23:44:54 | INFO: Extracting primitive: V05_GATE_BARRIER0_MESH
23:44:54 | INFO: Primitives created: 1
23:44:54 | INFO: Extracting primitive: V05_GATE_BARRIER1_MESH
23:44:54 | INFO: Primitives created: 1
23:44:54 | INFO: Extracting primitive: V05_GATE_DESK_MESH
23:44:54 | INFO: Primitives created: 1
23:44:54 | INFO: Extracting primitive: V05_GATE_MONITOR_WALL_MESH
23:44:54 | INFO: Primitives created: 1
23:44:54 | INFO: Extracting primitive: V05_GATE_WINDOW0_MESH
23:44:54 | INFO: Primitives created: 1
23:44:54 | INFO: Extracting primitive: V05_GATE_WINDOW1_MESH
23:44:54 | INFO: Primitives created: 1
23:44:54 | INFO: Extracting primitive: V05_GATE_WINDOW2_MESH
23:44:54 | INFO: Primitives created: 1
23:44:54 | INFO: Extracting primitive: V05_GATEHOUSE_BACK_MESH
23:44:54 | INFO: Primitives created: 1
23:44:54 | INFO: Extracting primitive: V05_GATEHOUSE_DOOR_HEADER_MESH
23:44:54 | INFO: Primitives created: 1
23:44:54 | INFO: Extracting primitive: V05_GATEHOUSE_DOOR_L_MESH
23:44:54 | INFO: Primitives created: 1
23:44:54 | INFO: Extracting primitive: V05_GATEHOUSE_DOOR_R_MESH
23:44:54 | INFO: Primitives created: 1
23:44:54 | INFO: Extracting primitive: V05_GATEHOUSE_FLOOR_MESH
23:44:54 | INFO: Primitives created: 1
23:44:54 | INFO: Extracting primitive: V05_GATEHOUSE_LEFT_MESH
23:44:54 | INFO: Primitives created: 1
23:44:54 | INFO: Extracting primitive: V05_GATEHOUSE_LIGHT_0_FIXTURE_MESH
23:44:54 | INFO: Primitives created: 1
23:44:54 | INFO: Extracting primitive: V05_GATEHOUSE_LIGHT_0_GLOW_MESH
23:44:54 | INFO: Primitives created: 1
23:44:54 | INFO: Extracting primitive: V05_GATEHOUSE_LIGHT_1_FIXTURE_MESH
23:44:54 | INFO: Primitives created: 1
23:44:54 | INFO: Extracting primitive: V05_GATEHOUSE_LIGHT_1_GLOW_MESH
23:44:54 | INFO: Primitives created: 1
23:44:54 | INFO: Extracting primitive: V05_GATEHOUSE_RIGHT_MESH
23:44:54 | INFO: Primitives created: 1
23:44:54 | INFO: Extracting primitive: V05_GATEHOUSE_SOFFIT_90.4_MESH
23:44:54 | INFO: Primitives created: 1
23:44:54 | INFO: Extracting primitive: V05_GATEHOUSE_SOFFIT_96_MESH
23:44:54 | INFO: Primitives created: 1
23:44:54 | INFO: Extracting primitive: V05_GATEHOUSE_SOFFIT_101.6_MESH
23:44:54 | INFO: Primitives created: 1
23:44:54 | INFO: Extracting primitive: V05_GLASS_BACK_MESH
23:44:54 | INFO: Primitives created: 1
23:44:54 | INFO: Extracting primitive: V05_GLASS_CAFE_BACKBAR_MESH
23:44:54 | INFO: Primitives created: 1
23:44:54 | INFO: Extracting primitive: V05_GLASS_CAFE_COUNTER_MESH
23:44:54 | INFO: Primitives created: 1
23:44:54 | INFO: Extracting primitive: V05_GLASS_CAFE_SEAT0_MESH
23:44:54 | INFO: Primitives created: 1
23:44:54 | INFO: Extracting primitive: V05_GLASS_CAFE_SEAT1_MESH
23:44:54 | INFO: Primitives created: 1
23:44:54 | INFO: Extracting primitive: V05_GLASS_CAFE_SEAT2_MESH
23:44:54 | INFO: Primitives created: 1
23:44:54 | INFO: Extracting primitive: V05_GLASS_CAFE_SEAT3_MESH
23:44:54 | INFO: Primitives created: 1
23:44:54 | INFO: Extracting primitive: V05_GLASS_COMMAND_WALL_MESH
23:44:54 | INFO: Primitives created: 1
23:44:54 | INFO: Extracting primitive: V05_GLASS_CONSOLE0_MESH
23:44:54 | INFO: Primitives created: 1
23:44:54 | INFO: Extracting primitive: V05_GLASS_CONSOLE1_MESH
23:44:54 | INFO: Primitives created: 1
23:44:54 | INFO: Extracting primitive: V05_GLASS_CONSOLE2_MESH
23:44:54 | INFO: Primitives created: 1
23:44:54 | INFO: Extracting primitive: V05_GLASS_CONSOLE3_MESH
23:44:54 | INFO: Primitives created: 1
23:44:54 | INFO: Extracting primitive: V05_GLASS_FLOOR_MESH
23:44:54 | INFO: Primitives created: 1
23:44:54 | INFO: Extracting primitive: V05_GLASS_LEFT_MESH
23:44:54 | INFO: Primitives created: 1
23:44:54 | INFO: Extracting primitive: V05_GLASS_LIGHT_0_FIXTURE_MESH
23:44:54 | INFO: Primitives created: 1
23:44:54 | INFO: Extracting primitive: V05_GLASS_LIGHT_0_GLOW_MESH
23:44:54 | INFO: Primitives created: 1
23:44:54 | INFO: Extracting primitive: V05_GLASS_LIGHT_1_FIXTURE_MESH
23:44:54 | INFO: Primitives created: 1
23:44:54 | INFO: Extracting primitive: V05_GLASS_LIGHT_1_GLOW_MESH
23:44:54 | INFO: Primitives created: 1
23:44:54 | INFO: Extracting primitive: V05_GLASS_MONITOR0_MESH
23:44:54 | INFO: Primitives created: 1
23:44:54 | INFO: Extracting primitive: V05_GLASS_MONITOR1_MESH
23:44:54 | INFO: Primitives created: 1
23:44:54 | INFO: Extracting primitive: V05_GLASS_MONITOR2_MESH
23:44:54 | INFO: Primitives created: 1
23:44:54 | INFO: Extracting primitive: V05_GLASS_MONITOR3_MESH
23:44:54 | INFO: Primitives created: 1
23:44:54 | INFO: Extracting primitive: V05_GLASS_RIGHT_MESH
23:44:54 | INFO: Primitives created: 1
23:44:54 | INFO: Extracting primitive: V05_GLASS_SOFFIT_67.2_MESH
23:44:54 | INFO: Primitives created: 1
23:44:54 | INFO: Extracting primitive: V05_GLASS_SOFFIT_70_MESH
23:44:54 | INFO: Primitives created: 1
23:44:54 | INFO: Extracting primitive: V05_GLASS_SOFFIT_72.8_MESH
23:44:54 | INFO: Primitives created: 1
23:44:54 | INFO: Extracting primitive: V05_GLASS_TRAINING_CHAIR_0_MESH
23:44:54 | INFO: Primitives created: 1
23:44:54 | INFO: Extracting primitive: V05_GLASS_TRAINING_CHAIR_1_MESH
23:44:54 | INFO: Primitives created: 1
23:44:54 | INFO: Extracting primitive: V05_GLASS_TRAINING_CHAIR_2_MESH
23:44:54 | INFO: Primitives created: 1
23:44:54 | INFO: Extracting primitive: V05_GLASS_TRAINING_CHAIR_3_MESH
23:44:54 | INFO: Primitives created: 1
23:44:54 | INFO: Extracting primitive: V05_GLASS_TRAINING_CHAIR_4_MESH
23:44:54 | INFO: Primitives created: 1
23:44:54 | INFO: Extracting primitive: V05_GLASS_TRAINING_CHAIR_5_MESH
23:44:54 | INFO: Primitives created: 1
23:44:54 | INFO: Extracting primitive: V05_GLASS_TRAINING_CHAIR_6_MESH
23:44:54 | INFO: Primitives created: 1
23:44:54 | INFO: Extracting primitive: V05_GLASS_TRAINING_CHAIR_7_MESH
23:44:54 | INFO: Primitives created: 1
23:44:54 | INFO: Extracting primitive: V05_GLASS_TRAINING_TABLE_MESH
23:44:54 | INFO: Primitives created: 1
23:44:54 | INFO: Extracting primitive: V05_GYM_MACHINE0_BASE_MESH
23:44:54 | INFO: Primitives created: 1
23:44:54 | INFO: Extracting primitive: V05_GYM_MACHINE0_HOUSING_MESH
23:44:54 | INFO: Primitives created: 1
23:44:54 | INFO: Extracting primitive: V05_GYM_MACHINE0_PANEL_MESH
23:44:54 | INFO: Primitives created: 1
23:44:54 | INFO: Extracting primitive: V05_GYM_MACHINE1_BASE_MESH
23:44:54 | INFO: Primitives created: 1
23:44:54 | INFO: Extracting primitive: V05_GYM_MACHINE1_HOUSING_MESH
23:44:54 | INFO: Primitives created: 1
23:44:54 | INFO: Extracting primitive: V05_GYM_MACHINE1_PANEL_MESH
23:44:54 | INFO: Primitives created: 1
23:44:54 | INFO: Extracting primitive: V05_GYM_MACHINE2_BASE_MESH
23:44:54 | INFO: Primitives created: 1
23:44:54 | INFO: Extracting primitive: V05_GYM_MACHINE2_HOUSING_MESH
23:44:54 | INFO: Primitives created: 1
23:44:54 | INFO: Extracting primitive: V05_GYM_MACHINE2_PANEL_MESH
23:44:54 | INFO: Primitives created: 1
23:44:54 | INFO: Extracting primitive: V05_KITCHEN_APPLIANCE0_BASE_MESH
23:44:54 | INFO: Primitives created: 1
23:44:54 | INFO: Extracting primitive: V05_KITCHEN_APPLIANCE0_HOUSING_MESH
23:44:54 | INFO: Primitives created: 1
23:44:54 | INFO: Extracting primitive: V05_KITCHEN_APPLIANCE0_PANEL_MESH
23:44:54 | INFO: Primitives created: 1
23:44:54 | INFO: Extracting primitive: V05_KITCHEN_APPLIANCE1_BASE_MESH
23:44:54 | INFO: Primitives created: 1
23:44:54 | INFO: Extracting primitive: V05_KITCHEN_APPLIANCE1_HOUSING_MESH
23:44:54 | INFO: Primitives created: 1
23:44:54 | INFO: Extracting primitive: V05_KITCHEN_APPLIANCE1_PANEL_MESH
23:44:54 | INFO: Primitives created: 1
23:44:54 | INFO: Extracting primitive: V05_KITCHEN_APPLIANCE2_BASE_MESH
23:44:54 | INFO: Primitives created: 1
23:44:54 | INFO: Extracting primitive: V05_KITCHEN_APPLIANCE2_HOUSING_MESH
23:44:54 | INFO: Primitives created: 1
23:44:54 | INFO: Extracting primitive: V05_KITCHEN_APPLIANCE2_PANEL_MESH
23:44:54 | INFO: Primitives created: 1
23:44:54 | INFO: Extracting primitive: V05_KITCHEN_APPLIANCE3_BASE_MESH
23:44:54 | INFO: Primitives created: 1
23:44:54 | INFO: Extracting primitive: V05_KITCHEN_APPLIANCE3_HOUSING_MESH
23:44:54 | INFO: Primitives created: 1
23:44:54 | INFO: Extracting primitive: V05_KITCHEN_APPLIANCE3_PANEL_MESH
23:44:54 | INFO: Primitives created: 1
23:44:54 | INFO: Extracting primitive: V05_KITCHEN_APPLIANCE4_BASE_MESH
23:44:54 | INFO: Primitives created: 1
23:44:54 | INFO: Extracting primitive: V05_KITCHEN_APPLIANCE4_HOUSING_MESH
23:44:54 | INFO: Primitives created: 1
23:44:54 | INFO: Extracting primitive: V05_KITCHEN_APPLIANCE4_PANEL_MESH
23:44:54 | INFO: Primitives created: 1
23:44:54 | INFO: Extracting primitive: V05_KITCHEN_PARTITION_POST_MESH
23:44:54 | INFO: Primitives created: 1
23:44:54 | INFO: Extracting primitive: V05_KITCHEN_STORAGE_BEAM_0_MESH
23:44:54 | INFO: Primitives created: 1
23:44:54 | INFO: Extracting primitive: V05_KITCHEN_STORAGE_BEAM_1_MESH
23:44:54 | INFO: Primitives created: 1
23:44:54 | INFO: Extracting primitive: V05_KITCHEN_STORAGE_LOAD_0_0_MESH
23:44:54 | INFO: Primitives created: 1
23:44:54 | INFO: Extracting primitive: V05_KITCHEN_STORAGE_LOAD_0_1_MESH
23:44:54 | INFO: Primitives created: 1
23:44:54 | INFO: Extracting primitive: V05_KITCHEN_STORAGE_LOAD_1_0_MESH
23:44:54 | INFO: Primitives created: 1
23:44:54 | INFO: Extracting primitive: V05_KITCHEN_STORAGE_LOAD_1_1_MESH
23:44:54 | INFO: Primitives created: 1
23:44:54 | INFO: Extracting primitive: V05_KITCHEN_STORAGE_LOAD_2_0_MESH
23:44:54 | INFO: Primitives created: 1
23:44:54 | INFO: Extracting primitive: V05_KITCHEN_STORAGE_LOAD_2_1_MESH
23:44:54 | INFO: Primitives created: 1
23:44:54 | INFO: Extracting primitive: V05_KITCHEN_STORAGE_PALLET_0_0_MESH
23:44:54 | INFO: Primitives created: 1
23:44:54 | INFO: Extracting primitive: V05_KITCHEN_STORAGE_PALLET_0_1_MESH
23:44:54 | INFO: Primitives created: 1
23:44:54 | INFO: Extracting primitive: V05_KITCHEN_STORAGE_PALLET_1_0_MESH
23:44:54 | INFO: Primitives created: 1
23:44:54 | INFO: Extracting primitive: V05_KITCHEN_STORAGE_PALLET_1_1_MESH
23:44:54 | INFO: Primitives created: 1
23:44:54 | INFO: Extracting primitive: V05_KITCHEN_STORAGE_PALLET_2_0_MESH
23:44:54 | INFO: Primitives created: 1
23:44:54 | INFO: Extracting primitive: V05_KITCHEN_STORAGE_PALLET_2_1_MESH
23:44:54 | INFO: Primitives created: 1
23:44:54 | INFO: Extracting primitive: V05_KITCHEN_STORAGE_UPRIGHT_0_0_MESH
23:44:54 | INFO: Primitives created: 1
23:44:54 | INFO: Extracting primitive: V05_KITCHEN_STORAGE_UPRIGHT_0_1_MESH
23:44:54 | INFO: Primitives created: 1
23:44:54 | INFO: Extracting primitive: V05_KITCHEN_STORAGE_UPRIGHT_1_0_MESH
23:44:54 | INFO: Primitives created: 1
23:44:54 | INFO: Extracting primitive: V05_KITCHEN_STORAGE_UPRIGHT_1_1_MESH
23:44:54 | INFO: Primitives created: 1
23:44:54 | INFO: Extracting primitive: V05_KITCHEN_STORAGE_UPRIGHT_2_0_MESH
23:44:54 | INFO: Primitives created: 1
23:44:54 | INFO: Extracting primitive: V05_KITCHEN_STORAGE_UPRIGHT_2_1_MESH
23:44:54 | INFO: Primitives created: 1
23:44:54 | INFO: Extracting primitive: V05_LIQUID_BACK_MESH
23:44:54 | INFO: Primitives created: 1
23:44:54 | INFO: Extracting primitive: V05_LIQUID_CAPPER_BASE_MESH
23:44:54 | INFO: Primitives created: 1
23:44:54 | INFO: Extracting primitive: V05_LIQUID_CAPPER_HOUSING_MESH
23:44:54 | INFO: Primitives created: 1
23:44:54 | INFO: Extracting primitive: V05_LIQUID_CAPPER_PANEL_MESH
23:44:54 | INFO: Primitives created: 1
23:44:54 | INFO: Extracting primitive: V05_LIQUID_CASE_A_MESH
23:44:54 | INFO: Primitives created: 1
23:44:54 | INFO: Extracting primitive: V05_LIQUID_CASE_B_MESH
23:44:54 | INFO: Primitives created: 1
23:44:54 | INFO: Extracting primitive: V05_LIQUID_CASE_BED_MESH
23:44:54 | INFO: Primitives created: 1
23:44:54 | INFO: Extracting primitive: V05_LIQUID_CASE_PACK_BASE_MESH
23:44:54 | INFO: Primitives created: 1
23:44:54 | INFO: Extracting primitive: V05_LIQUID_CASE_PACK_PANEL_MESH
23:44:54 | INFO: Primitives created: 1
23:44:54 | INFO: Extracting primitive: V05_LIQUID_CASE_ROLLER0_MESH
23:44:54 | INFO: Primitives created: 1
23:44:54 | INFO: Extracting primitive: V05_LIQUID_CASE_ROLLER1_MESH
23:44:54 | INFO: Primitives created: 1
23:44:54 | INFO: Extracting primitive: V05_LIQUID_CASE_ROLLER2_MESH
23:44:54 | INFO: Primitives created: 1
23:44:54 | INFO: Extracting primitive: V05_LIQUID_CASE_ROLLER3_MESH
23:44:54 | INFO: Primitives created: 1
23:44:54 | INFO: Extracting primitive: V05_LIQUID_CASE_ROLLER4_MESH
23:44:54 | INFO: Primitives created: 1
23:44:54 | INFO: Extracting primitive: V05_LIQUID_CASE_ROLLER5_MESH
23:44:54 | INFO: Primitives created: 1
23:44:54 | INFO: Extracting primitive: V05_LIQUID_CASE_ROLLER6_MESH
23:44:54 | INFO: Primitives created: 1
23:44:54 | INFO: Extracting primitive: V05_LIQUID_DOOR_HEADER_MESH
23:44:54 | INFO: Primitives created: 1
23:44:54 | INFO: Extracting primitive: V05_LIQUID_DOOR_L_MESH
23:44:54 | INFO: Primitives created: 1
23:44:54 | INFO: Extracting primitive: V05_LIQUID_DOOR_R_MESH
23:44:54 | INFO: Primitives created: 1
23:44:54 | INFO: Extracting primitive: V05_LIQUID_FILLER_BASE_MESH
23:44:54 | INFO: Primitives created: 1
23:44:54 | INFO: Extracting primitive: V05_LIQUID_FILLER_PANEL_MESH
23:44:54 | INFO: Primitives created: 1
23:44:54 | INFO: Extracting primitive: V05_LIQUID_FLOOR_MESH
23:44:54 | INFO: Primitives created: 1
23:44:54 | INFO: Extracting primitive: V05_LIQUID_INFEED_A_MESH
23:44:54 | INFO: Primitives created: 1
23:44:54 | INFO: Extracting primitive: V05_LIQUID_INFEED_B_MESH
23:44:54 | INFO: Primitives created: 1
23:44:54 | INFO: Extracting primitive: V05_LIQUID_INFEED_BED_MESH
23:44:54 | INFO: Primitives created: 1
23:44:54 | INFO: Extracting primitive: V05_LIQUID_INFEED_ROLLER0_MESH
23:44:54 | INFO: Primitives created: 1
23:44:54 | INFO: Extracting primitive: V05_LIQUID_INFEED_ROLLER1_MESH
23:44:54 | INFO: Primitives created: 1
23:44:54 | INFO: Extracting primitive: V05_LIQUID_INFEED_ROLLER2_MESH
23:44:54 | INFO: Primitives created: 1
23:44:54 | INFO: Extracting primitive: V05_LIQUID_INFEED_ROLLER3_MESH
23:44:54 | INFO: Primitives created: 1
23:44:54 | INFO: Extracting primitive: V05_LIQUID_INFEED_ROLLER4_MESH
23:44:54 | INFO: Primitives created: 1
23:44:54 | INFO: Extracting primitive: V05_LIQUID_INFEED_ROLLER5_MESH
23:44:54 | INFO: Primitives created: 1
23:44:54 | INFO: Extracting primitive: V05_LIQUID_INFEED_ROLLER6_MESH
23:44:54 | INFO: Primitives created: 1
23:44:54 | INFO: Extracting primitive: V05_LIQUID_INSPECT_BASE_MESH
23:44:54 | INFO: Primitives created: 1
23:44:54 | INFO: Extracting primitive: V05_LIQUID_INSPECT_HOUSING_MESH
23:44:54 | INFO: Primitives created: 1
23:44:54 | INFO: Extracting primitive: V05_LIQUID_INSPECT_PANEL_MESH
23:44:54 | INFO: Primitives created: 1
23:44:54 | INFO: Extracting primitive: V05_LIQUID_LABEL_A_MESH
23:44:54 | INFO: Primitives created: 1
23:44:54 | INFO: Extracting primitive: V05_LIQUID_LABEL_B_MESH
23:44:54 | INFO: Primitives created: 1
23:44:54 | INFO: Extracting primitive: V05_LIQUID_LABEL_BED_MESH
23:44:54 | INFO: Primitives created: 1
23:44:54 | INFO: Extracting primitive: V05_LIQUID_LABEL_ROLLER0_MESH
23:44:54 | INFO: Primitives created: 1
23:44:54 | INFO: Extracting primitive: V05_LIQUID_LABEL_ROLLER1_MESH
23:44:54 | INFO: Primitives created: 1
23:44:54 | INFO: Extracting primitive: V05_LIQUID_LABEL_ROLLER2_MESH
23:44:54 | INFO: Primitives created: 1
23:44:54 | INFO: Extracting primitive: V05_LIQUID_LABEL_ROLLER3_MESH
23:44:54 | INFO: Primitives created: 1
23:44:54 | INFO: Extracting primitive: V05_LIQUID_LABEL_ROLLER4_MESH
23:44:54 | INFO: Primitives created: 1
23:44:54 | INFO: Extracting primitive: V05_LIQUID_LABEL_ROLLER5_MESH
23:44:54 | INFO: Primitives created: 1
23:44:54 | INFO: Extracting primitive: V05_LIQUID_LABEL_ROLLER6_MESH
23:44:54 | INFO: Primitives created: 1
23:44:54 | INFO: Extracting primitive: V05_LIQUID_LEFT_MESH
23:44:54 | INFO: Primitives created: 1
23:44:54 | INFO: Extracting primitive: V05_LIQUID_LIGHT_0_FIXTURE_MESH
23:44:54 | INFO: Primitives created: 1
23:44:54 | INFO: Extracting primitive: V05_LIQUID_LIGHT_0_GLOW_MESH
23:44:54 | INFO: Primitives created: 1
23:44:54 | INFO: Extracting primitive: V05_LIQUID_LIGHT_1_FIXTURE_MESH
23:44:54 | INFO: Primitives created: 1
23:44:54 | INFO: Extracting primitive: V05_LIQUID_LIGHT_1_GLOW_MESH
23:44:54 | INFO: Primitives created: 1
23:44:54 | INFO: Extracting primitive: V05_LIQUID_LIGHT_2_FIXTURE_MESH
23:44:54 | INFO: Primitives created: 1
23:44:54 | INFO: Extracting primitive: V05_LIQUID_LIGHT_2_GLOW_MESH
23:44:54 | INFO: Primitives created: 1
23:44:54 | INFO: Extracting primitive: V05_LIQUID_LIGHT_3_FIXTURE_MESH
23:44:54 | INFO: Primitives created: 1
23:44:54 | INFO: Extracting primitive: V05_LIQUID_LIGHT_3_GLOW_MESH
23:44:54 | INFO: Primitives created: 1
23:44:54 | INFO: Extracting primitive: V05_LIQUID_NOZZLE0_MESH
23:44:54 | INFO: Primitives created: 1
23:44:54 | INFO: Extracting primitive: V05_LIQUID_NOZZLE1_MESH
23:44:54 | INFO: Primitives created: 1
23:44:54 | INFO: Extracting primitive: V05_LIQUID_NOZZLE2_MESH
23:44:54 | INFO: Primitives created: 1
23:44:54 | INFO: Extracting primitive: V05_LIQUID_NOZZLE3_MESH
23:44:54 | INFO: Primitives created: 1
23:44:54 | INFO: Extracting primitive: V05_LIQUID_NOZZLE4_MESH
23:44:54 | INFO: Primitives created: 1
23:44:54 | INFO: Extracting primitive: V05_LIQUID_NOZZLE5_MESH
23:44:54 | INFO: Primitives created: 1
23:44:54 | INFO: Extracting primitive: V05_LIQUID_RIGHT_MESH
23:44:54 | INFO: Primitives created: 1
23:44:54 | INFO: Extracting primitive: V05_LIQUID_SOFFIT_10_MESH
23:44:54 | INFO: Primitives created: 1
23:44:54 | INFO: Extracting primitive: V05_LIQUID_SOFFIT_22.880000000000003_MESH
23:44:54 | INFO: Primitives created: 1
23:44:54 | INFO: Extracting primitive: V05_LIQUID_SOFFIT_-2.880000000000001_MESH
23:44:54 | INFO: Primitives created: 1
23:44:54 | INFO: Extracting primitive: V05_LIQUID_TO_CAPPER_A_MESH
23:44:54 | INFO: Primitives created: 1
23:44:54 | INFO: Extracting primitive: V05_LIQUID_TO_CAPPER_B_MESH
23:44:54 | INFO: Primitives created: 1
23:44:54 | INFO: Extracting primitive: V05_LIQUID_TO_CAPPER_BED_MESH
23:44:54 | INFO: Primitives created: 1
23:44:54 | INFO: Extracting primitive: V05_LIQUID_TO_CAPPER_ROLLER0_MESH
23:44:54 | INFO: Primitives created: 1
23:44:54 | INFO: Extracting primitive: V05_LIQUID_TO_CAPPER_ROLLER1_MESH
23:44:54 | INFO: Primitives created: 1
23:44:54 | INFO: Extracting primitive: V05_LIQUID_TO_CAPPER_ROLLER2_MESH
23:44:54 | INFO: Primitives created: 1
23:44:54 | INFO: Extracting primitive: V05_LIQUID_TO_CAPPER_ROLLER3_MESH
23:44:54 | INFO: Primitives created: 1
23:44:54 | INFO: Extracting primitive: V05_LIQUID_TO_CAPPER_ROLLER4_MESH
23:44:54 | INFO: Primitives created: 1
23:44:54 | INFO: Extracting primitive: V05_LIQUID_TO_CAPPER_ROLLER5_MESH
23:44:54 | INFO: Primitives created: 1
23:44:54 | INFO: Extracting primitive: V05_LIQUID_TO_CAPPER_ROLLER6_MESH
23:44:54 | INFO: Primitives created: 1
23:44:54 | INFO: Extracting primitive: V05_PACK_BACK_MESH
23:44:54 | INFO: Primitives created: 1
23:44:54 | INFO: Extracting primitive: V05_PACK_CARTON0_BASE_MESH
23:44:54 | INFO: Primitives created: 1
23:44:54 | INFO: Extracting primitive: V05_PACK_CARTON0_LOAD_MESH
23:44:54 | INFO: Primitives created: 1
23:44:54 | INFO: Extracting primitive: V05_PACK_CARTON1_BASE_MESH
23:44:54 | INFO: Primitives created: 1
23:44:54 | INFO: Extracting primitive: V05_PACK_CARTON1_LOAD_MESH
23:44:54 | INFO: Primitives created: 1
23:44:54 | INFO: Extracting primitive: V05_PACK_CARTON2_BASE_MESH
23:44:54 | INFO: Primitives created: 1
23:44:54 | INFO: Extracting primitive: V05_PACK_CARTON2_LOAD_MESH
23:44:54 | INFO: Primitives created: 1
23:44:54 | INFO: Extracting primitive: V05_PACK_CARTON3_BASE_MESH
23:44:54 | INFO: Primitives created: 1
23:44:54 | INFO: Extracting primitive: V05_PACK_CARTON3_LOAD_MESH
23:44:54 | INFO: Primitives created: 1
23:44:54 | INFO: Extracting primitive: V05_PACK_CARTON4_BASE_MESH
23:44:54 | INFO: Primitives created: 1
23:44:54 | INFO: Extracting primitive: V05_PACK_CARTON4_LOAD_MESH
23:44:54 | INFO: Primitives created: 1
23:44:54 | INFO: Extracting primitive: V05_PACK_DOOR_HEADER_MESH
23:44:54 | INFO: Primitives created: 1
23:44:54 | INFO: Extracting primitive: V05_PACK_DOOR_L_MESH
23:44:54 | INFO: Primitives created: 1
23:44:54 | INFO: Extracting primitive: V05_PACK_DOOR_R_MESH
23:44:54 | INFO: Primitives created: 1
23:44:54 | INFO: Extracting primitive: V05_PACK_FLOOR_MESH
23:44:54 | INFO: Primitives created: 1
23:44:54 | INFO: Extracting primitive: V05_PACK_LEFT_MESH
23:44:54 | INFO: Primitives created: 1
23:44:54 | INFO: Extracting primitive: V05_PACK_LIGHT_0_FIXTURE_MESH
23:44:54 | INFO: Primitives created: 1
23:44:54 | INFO: Extracting primitive: V05_PACK_LIGHT_0_GLOW_MESH
23:44:54 | INFO: Primitives created: 1
23:44:54 | INFO: Extracting primitive: V05_PACK_LIGHT_1_FIXTURE_MESH
23:44:54 | INFO: Primitives created: 1
23:44:54 | INFO: Extracting primitive: V05_PACK_LIGHT_1_GLOW_MESH
23:44:54 | INFO: Primitives created: 1
23:44:54 | INFO: Extracting primitive: V05_PACK_LIGHT_2_FIXTURE_MESH
23:44:54 | INFO: Primitives created: 1
23:44:54 | INFO: Extracting primitive: V05_PACK_LIGHT_2_GLOW_MESH
23:44:54 | INFO: Primitives created: 1
23:44:54 | INFO: Extracting primitive: V05_PACK_LIGHT_3_FIXTURE_MESH
23:44:54 | INFO: Primitives created: 1
23:44:54 | INFO: Extracting primitive: V05_PACK_LIGHT_3_GLOW_MESH
23:44:54 | INFO: Primitives created: 1
23:44:54 | INFO: Extracting primitive: V05_PACK_LIGHT_4_FIXTURE_MESH
23:44:54 | INFO: Primitives created: 1
23:44:54 | INFO: Extracting primitive: V05_PACK_LIGHT_4_GLOW_MESH
23:44:54 | INFO: Primitives created: 1
23:44:54 | INFO: Extracting primitive: V05_PACK_RACK67_BEAM_0_MESH
23:44:54 | INFO: Primitives created: 1
23:44:54 | INFO: Extracting primitive: V05_PACK_RACK67_BEAM_1_MESH
23:44:54 | INFO: Primitives created: 1
23:44:54 | INFO: Extracting primitive: V05_PACK_RACK67_BEAM_2_MESH
23:44:54 | INFO: Primitives created: 1
23:44:54 | INFO: Extracting primitive: V05_PACK_RACK67_LOAD_0_0_MESH
23:44:54 | INFO: Primitives created: 1
23:44:54 | INFO: Extracting primitive: V05_PACK_RACK67_LOAD_0_1_MESH
23:44:54 | INFO: Primitives created: 1
23:44:54 | INFO: Extracting primitive: V05_PACK_RACK67_LOAD_0_2_MESH
23:44:54 | INFO: Primitives created: 1
23:44:54 | INFO: Extracting primitive: V05_PACK_RACK67_LOAD_1_0_MESH
23:44:54 | INFO: Primitives created: 1
23:44:54 | INFO: Extracting primitive: V05_PACK_RACK67_LOAD_1_1_MESH
23:44:54 | INFO: Primitives created: 1
23:44:54 | INFO: Extracting primitive: V05_PACK_RACK67_LOAD_1_2_MESH
23:44:54 | INFO: Primitives created: 1
23:44:54 | INFO: Extracting primitive: V05_PACK_RACK67_LOAD_2_0_MESH
23:44:54 | INFO: Primitives created: 1
23:44:54 | INFO: Extracting primitive: V05_PACK_RACK67_LOAD_2_1_MESH
23:44:54 | INFO: Primitives created: 1
23:44:54 | INFO: Extracting primitive: V05_PACK_RACK67_LOAD_2_2_MESH
23:44:54 | INFO: Primitives created: 1
23:44:54 | INFO: Extracting primitive: V05_PACK_RACK67_LOAD_3_0_MESH
23:44:54 | INFO: Primitives created: 1
23:44:54 | INFO: Extracting primitive: V05_PACK_RACK67_LOAD_3_1_MESH
23:44:54 | INFO: Primitives created: 1
23:44:54 | INFO: Extracting primitive: V05_PACK_RACK67_LOAD_3_2_MESH
23:44:54 | INFO: Primitives created: 1
23:44:54 | INFO: Extracting primitive: V05_PACK_RACK67_LOAD_4_0_MESH
23:44:54 | INFO: Primitives created: 1
23:44:54 | INFO: Extracting primitive: V05_PACK_RACK67_LOAD_4_1_MESH
23:44:54 | INFO: Primitives created: 1
23:44:54 | INFO: Extracting primitive: V05_PACK_RACK67_LOAD_4_2_MESH
23:44:54 | INFO: Primitives created: 1
23:44:54 | INFO: Extracting primitive: V05_PACK_RACK67_LOAD_5_0_MESH
23:44:54 | INFO: Primitives created: 1
23:44:54 | INFO: Extracting primitive: V05_PACK_RACK67_LOAD_5_1_MESH
23:44:54 | INFO: Primitives created: 1
23:44:54 | INFO: Extracting primitive: V05_PACK_RACK67_LOAD_5_2_MESH
23:44:54 | INFO: Primitives created: 1
23:44:54 | INFO: Extracting primitive: V05_PACK_RACK67_LOAD_6_0_MESH
23:44:54 | INFO: Primitives created: 1
23:44:54 | INFO: Extracting primitive: V05_PACK_RACK67_LOAD_6_1_MESH
23:44:54 | INFO: Primitives created: 1
23:44:54 | INFO: Extracting primitive: V05_PACK_RACK67_LOAD_6_2_MESH
23:44:54 | INFO: Primitives created: 1
23:44:54 | INFO: Extracting primitive: V05_PACK_RACK67_PALLET_0_0_MESH
23:44:54 | INFO: Primitives created: 1
23:44:54 | INFO: Extracting primitive: V05_PACK_RACK67_PALLET_0_1_MESH
23:44:54 | INFO: Primitives created: 1
23:44:54 | INFO: Extracting primitive: V05_PACK_RACK67_PALLET_0_2_MESH
23:44:54 | INFO: Primitives created: 1
23:44:54 | INFO: Extracting primitive: V05_PACK_RACK67_PALLET_1_0_MESH
23:44:54 | INFO: Primitives created: 1
23:44:54 | INFO: Extracting primitive: V05_PACK_RACK67_PALLET_1_1_MESH
23:44:54 | INFO: Primitives created: 1
23:44:54 | INFO: Extracting primitive: V05_PACK_RACK67_PALLET_1_2_MESH
23:44:54 | INFO: Primitives created: 1
23:44:54 | INFO: Extracting primitive: V05_PACK_RACK67_PALLET_2_0_MESH
23:44:54 | INFO: Primitives created: 1
23:44:54 | INFO: Extracting primitive: V05_PACK_RACK67_PALLET_2_1_MESH
23:44:54 | INFO: Primitives created: 1
23:44:54 | INFO: Extracting primitive: V05_PACK_RACK67_PALLET_2_2_MESH
23:44:54 | INFO: Primitives created: 1
23:44:54 | INFO: Extracting primitive: V05_PACK_RACK67_PALLET_3_0_MESH
23:44:54 | INFO: Primitives created: 1
23:44:54 | INFO: Extracting primitive: V05_PACK_RACK67_PALLET_3_1_MESH
23:44:54 | INFO: Primitives created: 1
23:44:54 | INFO: Extracting primitive: V05_PACK_RACK67_PALLET_3_2_MESH
23:44:54 | INFO: Primitives created: 1
23:44:54 | INFO: Extracting primitive: V05_PACK_RACK67_PALLET_4_0_MESH
23:44:54 | INFO: Primitives created: 1
23:44:54 | INFO: Extracting primitive: V05_PACK_RACK67_PALLET_4_1_MESH
23:44:54 | INFO: Primitives created: 1
23:44:54 | INFO: Extracting primitive: V05_PACK_RACK67_PALLET_4_2_MESH
23:44:54 | INFO: Primitives created: 1
23:44:54 | INFO: Extracting primitive: V05_PACK_RACK67_PALLET_5_0_MESH
23:44:54 | INFO: Primitives created: 1
23:44:54 | INFO: Extracting primitive: V05_PACK_RACK67_PALLET_5_1_MESH
23:44:54 | INFO: Primitives created: 1
23:44:54 | INFO: Extracting primitive: V05_PACK_RACK67_PALLET_5_2_MESH
23:44:54 | INFO: Primitives created: 1
23:44:54 | INFO: Extracting primitive: V05_PACK_RACK67_PALLET_6_0_MESH
23:44:54 | INFO: Primitives created: 1
23:44:54 | INFO: Extracting primitive: V05_PACK_RACK67_PALLET_6_1_MESH
23:44:54 | INFO: Primitives created: 1
23:44:54 | INFO: Extracting primitive: V05_PACK_RACK67_PALLET_6_2_MESH
23:44:54 | INFO: Primitives created: 1
23:44:54 | INFO: Extracting primitive: V05_PACK_RACK67_UPRIGHT_0_0_MESH
23:44:54 | INFO: Primitives created: 1
23:44:54 | INFO: Extracting primitive: V05_PACK_RACK67_UPRIGHT_0_1_MESH
23:44:54 | INFO: Primitives created: 1
23:44:54 | INFO: Extracting primitive: V05_PACK_RACK67_UPRIGHT_0_2_MESH
23:44:54 | INFO: Primitives created: 1
23:44:54 | INFO: Extracting primitive: V05_PACK_RACK67_UPRIGHT_1_0_MESH
23:44:54 | INFO: Primitives created: 1
23:44:54 | INFO: Extracting primitive: V05_PACK_RACK67_UPRIGHT_1_1_MESH
23:44:54 | INFO: Primitives created: 1
23:44:54 | INFO: Extracting primitive: V05_PACK_RACK67_UPRIGHT_1_2_MESH
23:44:54 | INFO: Primitives created: 1
23:44:54 | INFO: Extracting primitive: V05_PACK_RACK67_UPRIGHT_2_0_MESH
23:44:54 | INFO: Primitives created: 1
23:44:54 | INFO: Extracting primitive: V05_PACK_RACK67_UPRIGHT_2_1_MESH
23:44:54 | INFO: Primitives created: 1
23:44:54 | INFO: Extracting primitive: V05_PACK_RACK67_UPRIGHT_2_2_MESH
23:44:54 | INFO: Primitives created: 1
23:44:54 | INFO: Extracting primitive: V05_PACK_RACK67_UPRIGHT_3_0_MESH
23:44:54 | INFO: Primitives created: 1
23:44:54 | INFO: Extracting primitive: V05_PACK_RACK67_UPRIGHT_3_1_MESH
23:44:54 | INFO: Primitives created: 1
23:44:54 | INFO: Extracting primitive: V05_PACK_RACK67_UPRIGHT_3_2_MESH
23:44:54 | INFO: Primitives created: 1
23:44:54 | INFO: Extracting primitive: V05_PACK_RACK67_UPRIGHT_4_0_MESH
23:44:54 | INFO: Primitives created: 1
23:44:54 | INFO: Extracting primitive: V05_PACK_RACK67_UPRIGHT_4_1_MESH
23:44:54 | INFO: Primitives created: 1
23:44:54 | INFO: Extracting primitive: V05_PACK_RACK67_UPRIGHT_4_2_MESH
23:44:54 | INFO: Primitives created: 1
23:44:54 | INFO: Extracting primitive: V05_PACK_RACK67_UPRIGHT_5_0_MESH
23:44:54 | INFO: Primitives created: 1
23:44:54 | INFO: Extracting primitive: V05_PACK_RACK67_UPRIGHT_5_1_MESH
23:44:54 | INFO: Primitives created: 1
23:44:54 | INFO: Extracting primitive: V05_PACK_RACK67_UPRIGHT_5_2_MESH
23:44:54 | INFO: Primitives created: 1
23:44:54 | INFO: Extracting primitive: V05_PACK_RACK67_UPRIGHT_6_0_MESH
23:44:54 | INFO: Primitives created: 1
23:44:54 | INFO: Extracting primitive: V05_PACK_RACK67_UPRIGHT_6_1_MESH
23:44:54 | INFO: Primitives created: 1
23:44:54 | INFO: Extracting primitive: V05_PACK_RACK67_UPRIGHT_6_2_MESH
23:44:54 | INFO: Primitives created: 1
23:44:54 | INFO: Extracting primitive: V05_PACK_RACK75_BEAM_0_MESH
23:44:54 | INFO: Primitives created: 1
23:44:54 | INFO: Extracting primitive: V05_PACK_RACK75_BEAM_1_MESH
23:44:54 | INFO: Primitives created: 1
23:44:54 | INFO: Extracting primitive: V05_PACK_RACK75_BEAM_2_MESH
23:44:54 | INFO: Primitives created: 1
23:44:54 | INFO: Extracting primitive: V05_PACK_RACK75_LOAD_0_0_MESH
23:44:54 | INFO: Primitives created: 1
23:44:54 | INFO: Extracting primitive: V05_PACK_RACK75_LOAD_0_1_MESH
23:44:54 | INFO: Primitives created: 1
23:44:54 | INFO: Extracting primitive: V05_PACK_RACK75_LOAD_0_2_MESH
23:44:54 | INFO: Primitives created: 1
23:44:54 | INFO: Extracting primitive: V05_PACK_RACK75_LOAD_1_0_MESH
23:44:54 | INFO: Primitives created: 1
23:44:54 | INFO: Extracting primitive: V05_PACK_RACK75_LOAD_1_1_MESH
23:44:54 | INFO: Primitives created: 1
23:44:54 | INFO: Extracting primitive: V05_PACK_RACK75_LOAD_1_2_MESH
23:44:54 | INFO: Primitives created: 1
23:44:54 | INFO: Extracting primitive: V05_PACK_RACK75_LOAD_2_0_MESH
23:44:54 | INFO: Primitives created: 1
23:44:55 | INFO: Extracting primitive: V05_PACK_RACK75_LOAD_2_1_MESH
23:44:55 | INFO: Primitives created: 1
23:44:55 | INFO: Extracting primitive: V05_PACK_RACK75_LOAD_2_2_MESH
23:44:55 | INFO: Primitives created: 1
23:44:55 | INFO: Extracting primitive: V05_PACK_RACK75_LOAD_3_0_MESH
23:44:55 | INFO: Primitives created: 1
23:44:55 | INFO: Extracting primitive: V05_PACK_RACK75_LOAD_3_1_MESH
23:44:55 | INFO: Primitives created: 1
23:44:55 | INFO: Extracting primitive: V05_PACK_RACK75_LOAD_3_2_MESH
23:44:55 | INFO: Primitives created: 1
23:44:55 | INFO: Extracting primitive: V05_PACK_RACK75_LOAD_4_0_MESH
23:44:55 | INFO: Primitives created: 1
23:44:55 | INFO: Extracting primitive: V05_PACK_RACK75_LOAD_4_1_MESH
23:44:55 | INFO: Primitives created: 1
23:44:55 | INFO: Extracting primitive: V05_PACK_RACK75_LOAD_4_2_MESH
23:44:55 | INFO: Primitives created: 1
23:44:55 | INFO: Extracting primitive: V05_PACK_RACK75_LOAD_5_0_MESH
23:44:55 | INFO: Primitives created: 1
23:44:55 | INFO: Extracting primitive: V05_PACK_RACK75_LOAD_5_1_MESH
23:44:55 | INFO: Primitives created: 1
23:44:55 | INFO: Extracting primitive: V05_PACK_RACK75_LOAD_5_2_MESH
23:44:55 | INFO: Primitives created: 1
23:44:55 | INFO: Extracting primitive: V05_PACK_RACK75_LOAD_6_0_MESH
23:44:55 | INFO: Primitives created: 1
23:44:55 | INFO: Extracting primitive: V05_PACK_RACK75_LOAD_6_1_MESH
23:44:55 | INFO: Primitives created: 1
23:44:55 | INFO: Extracting primitive: V05_PACK_RACK75_LOAD_6_2_MESH
23:44:55 | INFO: Primitives created: 1
23:44:55 | INFO: Extracting primitive: V05_PACK_RACK75_PALLET_0_0_MESH
23:44:55 | INFO: Primitives created: 1
23:44:55 | INFO: Extracting primitive: V05_PACK_RACK75_PALLET_0_1_MESH
23:44:55 | INFO: Primitives created: 1
23:44:55 | INFO: Extracting primitive: V05_PACK_RACK75_PALLET_0_2_MESH
23:44:55 | INFO: Primitives created: 1
23:44:55 | INFO: Extracting primitive: V05_PACK_RACK75_PALLET_1_0_MESH
23:44:55 | INFO: Primitives created: 1
23:44:55 | INFO: Extracting primitive: V05_PACK_RACK75_PALLET_1_1_MESH
23:44:55 | INFO: Primitives created: 1
23:44:55 | INFO: Extracting primitive: V05_PACK_RACK75_PALLET_1_2_MESH
23:44:55 | INFO: Primitives created: 1
23:44:55 | INFO: Extracting primitive: V05_PACK_RACK75_PALLET_2_0_MESH
23:44:55 | INFO: Primitives created: 1
23:44:55 | INFO: Extracting primitive: V05_PACK_RACK75_PALLET_2_1_MESH
23:44:55 | INFO: Primitives created: 1
23:44:55 | INFO: Extracting primitive: V05_PACK_RACK75_PALLET_2_2_MESH
23:44:55 | INFO: Primitives created: 1
23:44:55 | INFO: Extracting primitive: V05_PACK_RACK75_PALLET_3_0_MESH
23:44:55 | INFO: Primitives created: 1
23:44:55 | INFO: Extracting primitive: V05_PACK_RACK75_PALLET_3_1_MESH
23:44:55 | INFO: Primitives created: 1
23:44:55 | INFO: Extracting primitive: V05_PACK_RACK75_PALLET_3_2_MESH
23:44:55 | INFO: Primitives created: 1
23:44:55 | INFO: Extracting primitive: V05_PACK_RACK75_PALLET_4_0_MESH
23:44:55 | INFO: Primitives created: 1
23:44:55 | INFO: Extracting primitive: V05_PACK_RACK75_PALLET_4_1_MESH
23:44:55 | INFO: Primitives created: 1
23:44:55 | INFO: Extracting primitive: V05_PACK_RACK75_PALLET_4_2_MESH
23:44:55 | INFO: Primitives created: 1
23:44:55 | INFO: Extracting primitive: V05_PACK_RACK75_PALLET_5_0_MESH
23:44:55 | INFO: Primitives created: 1
23:44:55 | INFO: Extracting primitive: V05_PACK_RACK75_PALLET_5_1_MESH
23:44:55 | INFO: Primitives created: 1
23:44:55 | INFO: Extracting primitive: V05_PACK_RACK75_PALLET_5_2_MESH
23:44:55 | INFO: Primitives created: 1
23:44:55 | INFO: Extracting primitive: V05_PACK_RACK75_PALLET_6_0_MESH
23:44:55 | INFO: Primitives created: 1
23:44:55 | INFO: Extracting primitive: V05_PACK_RACK75_PALLET_6_1_MESH
23:44:55 | INFO: Primitives created: 1
23:44:55 | INFO: Extracting primitive: V05_PACK_RACK75_PALLET_6_2_MESH
23:44:55 | INFO: Primitives created: 1
23:44:55 | INFO: Extracting primitive: V05_PACK_RACK75_UPRIGHT_0_0_MESH
23:44:55 | INFO: Primitives created: 1
23:44:55 | INFO: Extracting primitive: V05_PACK_RACK75_UPRIGHT_0_1_MESH
23:44:55 | INFO: Primitives created: 1
23:44:55 | INFO: Extracting primitive: V05_PACK_RACK75_UPRIGHT_0_2_MESH
23:44:55 | INFO: Primitives created: 1
23:44:55 | INFO: Extracting primitive: V05_PACK_RACK75_UPRIGHT_1_0_MESH
23:44:55 | INFO: Primitives created: 1
23:44:55 | INFO: Extracting primitive: V05_PACK_RACK75_UPRIGHT_1_1_MESH
23:44:55 | INFO: Primitives created: 1
23:44:55 | INFO: Extracting primitive: V05_PACK_RACK75_UPRIGHT_1_2_MESH
23:44:55 | INFO: Primitives created: 1
23:44:55 | INFO: Extracting primitive: V05_PACK_RACK75_UPRIGHT_2_0_MESH
23:44:55 | INFO: Primitives created: 1
23:44:55 | INFO: Extracting primitive: V05_PACK_RACK75_UPRIGHT_2_1_MESH
23:44:55 | INFO: Primitives created: 1
23:44:55 | INFO: Extracting primitive: V05_PACK_RACK75_UPRIGHT_2_2_MESH
23:44:55 | INFO: Primitives created: 1
23:44:55 | INFO: Extracting primitive: V05_PACK_RACK75_UPRIGHT_3_0_MESH
23:44:55 | INFO: Primitives created: 1
23:44:55 | INFO: Extracting primitive: V05_PACK_RACK75_UPRIGHT_3_1_MESH
23:44:55 | INFO: Primitives created: 1
23:44:55 | INFO: Extracting primitive: V05_PACK_RACK75_UPRIGHT_3_2_MESH
23:44:55 | INFO: Primitives created: 1
23:44:55 | INFO: Extracting primitive: V05_PACK_RACK75_UPRIGHT_4_0_MESH
23:44:55 | INFO: Primitives created: 1
23:44:55 | INFO: Extracting primitive: V05_PACK_RACK75_UPRIGHT_4_1_MESH
23:44:55 | INFO: Primitives created: 1
23:44:55 | INFO: Extracting primitive: V05_PACK_RACK75_UPRIGHT_4_2_MESH
23:44:55 | INFO: Primitives created: 1
23:44:55 | INFO: Extracting primitive: V05_PACK_RACK75_UPRIGHT_5_0_MESH
23:44:55 | INFO: Primitives created: 1
23:44:55 | INFO: Extracting primitive: V05_PACK_RACK75_UPRIGHT_5_1_MESH
23:44:55 | INFO: Primitives created: 1
23:44:55 | INFO: Extracting primitive: V05_PACK_RACK75_UPRIGHT_5_2_MESH
23:44:55 | INFO: Primitives created: 1
23:44:55 | INFO: Extracting primitive: V05_PACK_RACK75_UPRIGHT_6_0_MESH
23:44:55 | INFO: Primitives created: 1
23:44:55 | INFO: Extracting primitive: V05_PACK_RACK75_UPRIGHT_6_1_MESH
23:44:55 | INFO: Primitives created: 1
23:44:55 | INFO: Extracting primitive: V05_PACK_RACK75_UPRIGHT_6_2_MESH
23:44:55 | INFO: Primitives created: 1
23:44:55 | INFO: Extracting primitive: V05_PACK_RACK83_BEAM_0_MESH
23:44:55 | INFO: Primitives created: 1
23:44:55 | INFO: Extracting primitive: V05_PACK_RACK83_BEAM_1_MESH
23:44:55 | INFO: Primitives created: 1
23:44:55 | INFO: Extracting primitive: V05_PACK_RACK83_BEAM_2_MESH
23:44:55 | INFO: Primitives created: 1
23:44:55 | INFO: Extracting primitive: V05_PACK_RACK83_LOAD_0_0_MESH
23:44:55 | INFO: Primitives created: 1
23:44:55 | INFO: Extracting primitive: V05_PACK_RACK83_LOAD_0_1_MESH
23:44:55 | INFO: Primitives created: 1
23:44:55 | INFO: Extracting primitive: V05_PACK_RACK83_LOAD_0_2_MESH
23:44:55 | INFO: Primitives created: 1
23:44:55 | INFO: Extracting primitive: V05_PACK_RACK83_LOAD_1_0_MESH
23:44:55 | INFO: Primitives created: 1
23:44:55 | INFO: Extracting primitive: V05_PACK_RACK83_LOAD_1_1_MESH
23:44:55 | INFO: Primitives created: 1
23:44:55 | INFO: Extracting primitive: V05_PACK_RACK83_LOAD_1_2_MESH
23:44:55 | INFO: Primitives created: 1
23:44:55 | INFO: Extracting primitive: V05_PACK_RACK83_LOAD_2_0_MESH
23:44:55 | INFO: Primitives created: 1
23:44:55 | INFO: Extracting primitive: V05_PACK_RACK83_LOAD_2_1_MESH
23:44:55 | INFO: Primitives created: 1
23:44:55 | INFO: Extracting primitive: V05_PACK_RACK83_LOAD_2_2_MESH
23:44:55 | INFO: Primitives created: 1
23:44:55 | INFO: Extracting primitive: V05_PACK_RACK83_LOAD_3_0_MESH
23:44:55 | INFO: Primitives created: 1
23:44:55 | INFO: Extracting primitive: V05_PACK_RACK83_LOAD_3_1_MESH
23:44:55 | INFO: Primitives created: 1
23:44:55 | INFO: Extracting primitive: V05_PACK_RACK83_LOAD_3_2_MESH
23:44:55 | INFO: Primitives created: 1
23:44:55 | INFO: Extracting primitive: V05_PACK_RACK83_LOAD_4_0_MESH
23:44:55 | INFO: Primitives created: 1
23:44:55 | INFO: Extracting primitive: V05_PACK_RACK83_LOAD_4_1_MESH
23:44:55 | INFO: Primitives created: 1
23:44:55 | INFO: Extracting primitive: V05_PACK_RACK83_LOAD_4_2_MESH
23:44:55 | INFO: Primitives created: 1
23:44:55 | INFO: Extracting primitive: V05_PACK_RACK83_LOAD_5_0_MESH
23:44:55 | INFO: Primitives created: 1
23:44:55 | INFO: Extracting primitive: V05_PACK_RACK83_LOAD_5_1_MESH
23:44:55 | INFO: Primitives created: 1
23:44:55 | INFO: Extracting primitive: V05_PACK_RACK83_LOAD_5_2_MESH
23:44:55 | INFO: Primitives created: 1
23:44:55 | INFO: Extracting primitive: V05_PACK_RACK83_LOAD_6_0_MESH
23:44:55 | INFO: Primitives created: 1
23:44:55 | INFO: Extracting primitive: V05_PACK_RACK83_LOAD_6_1_MESH
23:44:55 | INFO: Primitives created: 1
23:44:55 | INFO: Extracting primitive: V05_PACK_RACK83_LOAD_6_2_MESH
23:44:55 | INFO: Primitives created: 1
23:44:55 | INFO: Extracting primitive: V05_PACK_RACK83_PALLET_0_0_MESH
23:44:55 | INFO: Primitives created: 1
23:44:55 | INFO: Extracting primitive: V05_PACK_RACK83_PALLET_0_1_MESH
23:44:55 | INFO: Primitives created: 1
23:44:55 | INFO: Extracting primitive: V05_PACK_RACK83_PALLET_0_2_MESH
23:44:55 | INFO: Primitives created: 1
23:44:55 | INFO: Extracting primitive: V05_PACK_RACK83_PALLET_1_0_MESH
23:44:55 | INFO: Primitives created: 1
23:44:55 | INFO: Extracting primitive: V05_PACK_RACK83_PALLET_1_1_MESH
23:44:55 | INFO: Primitives created: 1
23:44:55 | INFO: Extracting primitive: V05_PACK_RACK83_PALLET_1_2_MESH
23:44:55 | INFO: Primitives created: 1
23:44:55 | INFO: Extracting primitive: V05_PACK_RACK83_PALLET_2_0_MESH
23:44:55 | INFO: Primitives created: 1
23:44:55 | INFO: Extracting primitive: V05_PACK_RACK83_PALLET_2_1_MESH
23:44:55 | INFO: Primitives created: 1
23:44:55 | INFO: Extracting primitive: V05_PACK_RACK83_PALLET_2_2_MESH
23:44:55 | INFO: Primitives created: 1
23:44:55 | INFO: Extracting primitive: V05_PACK_RACK83_PALLET_3_0_MESH
23:44:55 | INFO: Primitives created: 1
23:44:55 | INFO: Extracting primitive: V05_PACK_RACK83_PALLET_3_1_MESH
23:44:55 | INFO: Primitives created: 1
23:44:55 | INFO: Extracting primitive: V05_PACK_RACK83_PALLET_3_2_MESH
23:44:55 | INFO: Primitives created: 1
23:44:55 | INFO: Extracting primitive: V05_PACK_RACK83_PALLET_4_0_MESH
23:44:55 | INFO: Primitives created: 1
23:44:55 | INFO: Extracting primitive: V05_PACK_RACK83_PALLET_4_1_MESH
23:44:55 | INFO: Primitives created: 1
23:44:55 | INFO: Extracting primitive: V05_PACK_RACK83_PALLET_4_2_MESH
23:44:55 | INFO: Primitives created: 1
23:44:55 | INFO: Extracting primitive: V05_PACK_RACK83_PALLET_5_0_MESH
23:44:55 | INFO: Primitives created: 1
23:44:55 | INFO: Extracting primitive: V05_PACK_RACK83_PALLET_5_1_MESH
23:44:55 | INFO: Primitives created: 1
23:44:55 | INFO: Extracting primitive: V05_PACK_RACK83_PALLET_5_2_MESH
23:44:55 | INFO: Primitives created: 1
23:44:55 | INFO: Extracting primitive: V05_PACK_RACK83_PALLET_6_0_MESH
23:44:55 | INFO: Primitives created: 1
23:44:55 | INFO: Extracting primitive: V05_PACK_RACK83_PALLET_6_1_MESH
23:44:55 | INFO: Primitives created: 1
23:44:55 | INFO: Extracting primitive: V05_PACK_RACK83_PALLET_6_2_MESH
23:44:55 | INFO: Primitives created: 1
23:44:55 | INFO: Extracting primitive: V05_PACK_RACK83_UPRIGHT_0_0_MESH
23:44:55 | INFO: Primitives created: 1
23:44:55 | INFO: Extracting primitive: V05_PACK_RACK83_UPRIGHT_0_1_MESH
23:44:55 | INFO: Primitives created: 1
23:44:55 | INFO: Extracting primitive: V05_PACK_RACK83_UPRIGHT_0_2_MESH
23:44:55 | INFO: Primitives created: 1
23:44:55 | INFO: Extracting primitive: V05_PACK_RACK83_UPRIGHT_1_0_MESH
23:44:55 | INFO: Primitives created: 1
23:44:55 | INFO: Extracting primitive: V05_PACK_RACK83_UPRIGHT_1_1_MESH
23:44:55 | INFO: Primitives created: 1
23:44:55 | INFO: Extracting primitive: V05_PACK_RACK83_UPRIGHT_1_2_MESH
23:44:55 | INFO: Primitives created: 1
23:44:55 | INFO: Extracting primitive: V05_PACK_RACK83_UPRIGHT_2_0_MESH
23:44:55 | INFO: Primitives created: 1
23:44:55 | INFO: Extracting primitive: V05_PACK_RACK83_UPRIGHT_2_1_MESH
23:44:55 | INFO: Primitives created: 1
23:44:55 | INFO: Extracting primitive: V05_PACK_RACK83_UPRIGHT_2_2_MESH
23:44:55 | INFO: Primitives created: 1
23:44:55 | INFO: Extracting primitive: V05_PACK_RACK83_UPRIGHT_3_0_MESH
23:44:55 | INFO: Primitives created: 1
23:44:55 | INFO: Extracting primitive: V05_PACK_RACK83_UPRIGHT_3_1_MESH
23:44:55 | INFO: Primitives created: 1
23:44:55 | INFO: Extracting primitive: V05_PACK_RACK83_UPRIGHT_3_2_MESH
23:44:55 | INFO: Primitives created: 1
23:44:55 | INFO: Extracting primitive: V05_PACK_RACK83_UPRIGHT_4_0_MESH
23:44:55 | INFO: Primitives created: 1
23:44:55 | INFO: Extracting primitive: V05_PACK_RACK83_UPRIGHT_4_1_MESH
23:44:55 | INFO: Primitives created: 1
23:44:55 | INFO: Extracting primitive: V05_PACK_RACK83_UPRIGHT_4_2_MESH
23:44:55 | INFO: Primitives created: 1
23:44:55 | INFO: Extracting primitive: V05_PACK_RACK83_UPRIGHT_5_0_MESH
23:44:55 | INFO: Primitives created: 1
23:44:55 | INFO: Extracting primitive: V05_PACK_RACK83_UPRIGHT_5_1_MESH
23:44:55 | INFO: Primitives created: 1
23:44:55 | INFO: Extracting primitive: V05_PACK_RACK83_UPRIGHT_5_2_MESH
23:44:55 | INFO: Primitives created: 1
23:44:55 | INFO: Extracting primitive: V05_PACK_RACK83_UPRIGHT_6_0_MESH
23:44:55 | INFO: Primitives created: 1
23:44:55 | INFO: Extracting primitive: V05_PACK_RACK83_UPRIGHT_6_1_MESH
23:44:55 | INFO: Primitives created: 1
23:44:55 | INFO: Extracting primitive: V05_PACK_RACK83_UPRIGHT_6_2_MESH
23:44:55 | INFO: Primitives created: 1
23:44:55 | INFO: Extracting primitive: V05_PACK_RACK91_BEAM_0_MESH
23:44:55 | INFO: Primitives created: 1
23:44:55 | INFO: Extracting primitive: V05_PACK_RACK91_BEAM_1_MESH
23:44:55 | INFO: Primitives created: 1
23:44:55 | INFO: Extracting primitive: V05_PACK_RACK91_BEAM_2_MESH
23:44:55 | INFO: Primitives created: 1
23:44:55 | INFO: Extracting primitive: V05_PACK_RACK91_LOAD_0_0_MESH
23:44:55 | INFO: Primitives created: 1
23:44:55 | INFO: Extracting primitive: V05_PACK_RACK91_LOAD_0_1_MESH
23:44:55 | INFO: Primitives created: 1
23:44:55 | INFO: Extracting primitive: V05_PACK_RACK91_LOAD_0_2_MESH
23:44:55 | INFO: Primitives created: 1
23:44:55 | INFO: Extracting primitive: V05_PACK_RACK91_LOAD_1_0_MESH
23:44:55 | INFO: Primitives created: 1
23:44:55 | INFO: Extracting primitive: V05_PACK_RACK91_LOAD_1_1_MESH
23:44:55 | INFO: Primitives created: 1
23:44:55 | INFO: Extracting primitive: V05_PACK_RACK91_LOAD_1_2_MESH
23:44:55 | INFO: Primitives created: 1
23:44:55 | INFO: Extracting primitive: V05_PACK_RACK91_LOAD_2_0_MESH
23:44:55 | INFO: Primitives created: 1
23:44:55 | INFO: Extracting primitive: V05_PACK_RACK91_LOAD_2_1_MESH
23:44:55 | INFO: Primitives created: 1
23:44:55 | INFO: Extracting primitive: V05_PACK_RACK91_LOAD_2_2_MESH
23:44:55 | INFO: Primitives created: 1
23:44:55 | INFO: Extracting primitive: V05_PACK_RACK91_LOAD_3_0_MESH
23:44:55 | INFO: Primitives created: 1
23:44:55 | INFO: Extracting primitive: V05_PACK_RACK91_LOAD_3_1_MESH
23:44:55 | INFO: Primitives created: 1
23:44:55 | INFO: Extracting primitive: V05_PACK_RACK91_LOAD_3_2_MESH
23:44:55 | INFO: Primitives created: 1
23:44:55 | INFO: Extracting primitive: V05_PACK_RACK91_LOAD_4_0_MESH
23:44:55 | INFO: Primitives created: 1
23:44:55 | INFO: Extracting primitive: V05_PACK_RACK91_LOAD_4_1_MESH
23:44:55 | INFO: Primitives created: 1
23:44:55 | INFO: Extracting primitive: V05_PACK_RACK91_LOAD_4_2_MESH
23:44:55 | INFO: Primitives created: 1
23:44:55 | INFO: Extracting primitive: V05_PACK_RACK91_LOAD_5_0_MESH
23:44:55 | INFO: Primitives created: 1
23:44:55 | INFO: Extracting primitive: V05_PACK_RACK91_LOAD_5_1_MESH
23:44:55 | INFO: Primitives created: 1
23:44:55 | INFO: Extracting primitive: V05_PACK_RACK91_LOAD_5_2_MESH
23:44:55 | INFO: Primitives created: 1
23:44:55 | INFO: Extracting primitive: V05_PACK_RACK91_LOAD_6_0_MESH
23:44:55 | INFO: Primitives created: 1
23:44:55 | INFO: Extracting primitive: V05_PACK_RACK91_LOAD_6_1_MESH
23:44:55 | INFO: Primitives created: 1
23:44:55 | INFO: Extracting primitive: V05_PACK_RACK91_LOAD_6_2_MESH
23:44:55 | INFO: Primitives created: 1
23:44:55 | INFO: Extracting primitive: V05_PACK_RACK91_PALLET_0_0_MESH
23:44:55 | INFO: Primitives created: 1
23:44:55 | INFO: Extracting primitive: V05_PACK_RACK91_PALLET_0_1_MESH
23:44:55 | INFO: Primitives created: 1
23:44:55 | INFO: Extracting primitive: V05_PACK_RACK91_PALLET_0_2_MESH
23:44:55 | INFO: Primitives created: 1
23:44:55 | INFO: Extracting primitive: V05_PACK_RACK91_PALLET_1_0_MESH
23:44:55 | INFO: Primitives created: 1
23:44:55 | INFO: Extracting primitive: V05_PACK_RACK91_PALLET_1_1_MESH
23:44:55 | INFO: Primitives created: 1
23:44:55 | INFO: Extracting primitive: V05_PACK_RACK91_PALLET_1_2_MESH
23:44:55 | INFO: Primitives created: 1
23:44:55 | INFO: Extracting primitive: V05_PACK_RACK91_PALLET_2_0_MESH
23:44:55 | INFO: Primitives created: 1
23:44:55 | INFO: Extracting primitive: V05_PACK_RACK91_PALLET_2_1_MESH
23:44:55 | INFO: Primitives created: 1
23:44:55 | INFO: Extracting primitive: V05_PACK_RACK91_PALLET_2_2_MESH
23:44:55 | INFO: Primitives created: 1
23:44:55 | INFO: Extracting primitive: V05_PACK_RACK91_PALLET_3_0_MESH
23:44:55 | INFO: Primitives created: 1
23:44:55 | INFO: Extracting primitive: V05_PACK_RACK91_PALLET_3_1_MESH
23:44:55 | INFO: Primitives created: 1
23:44:55 | INFO: Extracting primitive: V05_PACK_RACK91_PALLET_3_2_MESH
23:44:55 | INFO: Primitives created: 1
23:44:55 | INFO: Extracting primitive: V05_PACK_RACK91_PALLET_4_0_MESH
23:44:55 | INFO: Primitives created: 1
23:44:55 | INFO: Extracting primitive: V05_PACK_RACK91_PALLET_4_1_MESH
23:44:55 | INFO: Primitives created: 1
23:44:55 | INFO: Extracting primitive: V05_PACK_RACK91_PALLET_4_2_MESH
23:44:55 | INFO: Primitives created: 1
23:44:55 | INFO: Extracting primitive: V05_PACK_RACK91_PALLET_5_0_MESH
23:44:55 | INFO: Primitives created: 1
23:44:55 | INFO: Extracting primitive: V05_PACK_RACK91_PALLET_5_1_MESH
23:44:55 | INFO: Primitives created: 1
23:44:55 | INFO: Extracting primitive: V05_PACK_RACK91_PALLET_5_2_MESH
23:44:55 | INFO: Primitives created: 1
23:44:55 | INFO: Extracting primitive: V05_PACK_RACK91_PALLET_6_0_MESH
23:44:55 | INFO: Primitives created: 1
23:44:55 | INFO: Extracting primitive: V05_PACK_RACK91_PALLET_6_1_MESH
23:44:55 | INFO: Primitives created: 1
23:44:55 | INFO: Extracting primitive: V05_PACK_RACK91_PALLET_6_2_MESH
23:44:55 | INFO: Primitives created: 1
23:44:55 | INFO: Extracting primitive: V05_PACK_RACK91_UPRIGHT_0_0_MESH
23:44:55 | INFO: Primitives created: 1
23:44:55 | INFO: Extracting primitive: V05_PACK_RACK91_UPRIGHT_0_1_MESH
23:44:55 | INFO: Primitives created: 1
23:44:55 | INFO: Extracting primitive: V05_PACK_RACK91_UPRIGHT_0_2_MESH
23:44:55 | INFO: Primitives created: 1
23:44:55 | INFO: Extracting primitive: V05_PACK_RACK91_UPRIGHT_1_0_MESH
23:44:55 | INFO: Primitives created: 1
23:44:55 | INFO: Extracting primitive: V05_PACK_RACK91_UPRIGHT_1_1_MESH
23:44:55 | INFO: Primitives created: 1
23:44:55 | INFO: Extracting primitive: V05_PACK_RACK91_UPRIGHT_1_2_MESH
23:44:55 | INFO: Primitives created: 1
23:44:55 | INFO: Extracting primitive: V05_PACK_RACK91_UPRIGHT_2_0_MESH
23:44:55 | INFO: Primitives created: 1
23:44:55 | INFO: Extracting primitive: V05_PACK_RACK91_UPRIGHT_2_1_MESH
23:44:55 | INFO: Primitives created: 1
23:44:55 | INFO: Extracting primitive: V05_PACK_RACK91_UPRIGHT_2_2_MESH
23:44:55 | INFO: Primitives created: 1
23:44:55 | INFO: Extracting primitive: V05_PACK_RACK91_UPRIGHT_3_0_MESH
23:44:55 | INFO: Primitives created: 1
23:44:55 | INFO: Extracting primitive: V05_PACK_RACK91_UPRIGHT_3_1_MESH
23:44:55 | INFO: Primitives created: 1
23:44:55 | INFO: Extracting primitive: V05_PACK_RACK91_UPRIGHT_3_2_MESH
23:44:55 | INFO: Primitives created: 1
23:44:55 | INFO: Extracting primitive: V05_PACK_RACK91_UPRIGHT_4_0_MESH
23:44:55 | INFO: Primitives created: 1
23:44:55 | INFO: Extracting primitive: V05_PACK_RACK91_UPRIGHT_4_1_MESH
23:44:55 | INFO: Primitives created: 1
23:44:55 | INFO: Extracting primitive: V05_PACK_RACK91_UPRIGHT_4_2_MESH
23:44:55 | INFO: Primitives created: 1
23:44:55 | INFO: Extracting primitive: V05_PACK_RACK91_UPRIGHT_5_0_MESH
23:44:55 | INFO: Primitives created: 1
23:44:55 | INFO: Extracting primitive: V05_PACK_RACK91_UPRIGHT_5_1_MESH
23:44:55 | INFO: Primitives created: 1
23:44:55 | INFO: Extracting primitive: V05_PACK_RACK91_UPRIGHT_5_2_MESH
23:44:55 | INFO: Primitives created: 1
23:44:55 | INFO: Extracting primitive: V05_PACK_RACK91_UPRIGHT_6_0_MESH
23:44:55 | INFO: Primitives created: 1
23:44:55 | INFO: Extracting primitive: V05_PACK_RACK91_UPRIGHT_6_1_MESH
23:44:55 | INFO: Primitives created: 1
23:44:55 | INFO: Extracting primitive: V05_PACK_RACK91_UPRIGHT_6_2_MESH
23:44:55 | INFO: Primitives created: 1
23:44:55 | INFO: Extracting primitive: V05_PACK_RIGHT_MESH
23:44:55 | INFO: Primitives created: 1
23:44:55 | INFO: Extracting primitive: V05_PACK_ROLL0_MESH
23:44:55 | INFO: Primitives created: 1
23:44:55 | INFO: Extracting primitive: V05_PACK_ROLL1_MESH
23:44:55 | INFO: Primitives created: 1
23:44:55 | INFO: Extracting primitive: V05_PACK_ROLL2_MESH
23:44:55 | INFO: Primitives created: 1
23:44:55 | INFO: Extracting primitive: V05_PACK_ROLL3_MESH
23:44:55 | INFO: Primitives created: 1
23:44:55 | INFO: Extracting primitive: V05_PACK_ROLL4_MESH
23:44:55 | INFO: Primitives created: 1
23:44:55 | INFO: Extracting primitive: V05_PACK_SOFFIT_6.240000000000002_MESH
23:44:55 | INFO: Primitives created: 1
23:44:55 | INFO: Extracting primitive: V05_PACK_SOFFIT_-10_MESH
23:44:55 | INFO: Primitives created: 1
23:44:55 | INFO: Extracting primitive: V05_PACK_SOFFIT_-26.240000000000002_MESH
23:44:55 | INFO: Primitives created: 1
23:44:55 | INFO: Extracting primitive: V05_PACK_STAGING_MESH
23:44:55 | INFO: Primitives created: 1
23:44:55 | INFO: Extracting primitive: V05_PASS_MESH
23:44:55 | INFO: Primitives created: 1
23:44:55 | INFO: Extracting primitive: V05_PASTE_BACK_MESH
23:44:55 | INFO: Primitives created: 1
23:44:55 | INFO: Extracting primitive: V05_PASTE_CARTON_BASE_MESH
23:44:55 | INFO: Primitives created: 1
23:44:55 | INFO: Extracting primitive: V05_PASTE_CARTON_HOUSING_MESH
23:44:55 | INFO: Primitives created: 1
23:44:55 | INFO: Extracting primitive: V05_PASTE_CARTON_PANEL_MESH
23:44:55 | INFO: Primitives created: 1
23:44:55 | INFO: Extracting primitive: V05_PASTE_CODE_A_MESH
23:44:55 | INFO: Primitives created: 1
23:44:55 | INFO: Extracting primitive: V05_PASTE_CODE_B_MESH
23:44:55 | INFO: Primitives created: 1
23:44:55 | INFO: Extracting primitive: V05_PASTE_CODE_BED_MESH
23:44:55 | INFO: Primitives created: 1
23:44:55 | INFO: Extracting primitive: V05_PASTE_CODE_ROLLER0_MESH
23:44:55 | INFO: Primitives created: 1
23:44:55 | INFO: Extracting primitive: V05_PASTE_CODE_ROLLER1_MESH
23:44:55 | INFO: Primitives created: 1
23:44:55 | INFO: Extracting primitive: V05_PASTE_CODE_ROLLER2_MESH
23:44:55 | INFO: Primitives created: 1
23:44:55 | INFO: Extracting primitive: V05_PASTE_CODE_ROLLER3_MESH
23:44:55 | INFO: Primitives created: 1
23:44:55 | INFO: Extracting primitive: V05_PASTE_CODE_ROLLER4_MESH
23:44:55 | INFO: Primitives created: 1
23:44:55 | INFO: Extracting primitive: V05_PASTE_CODE_ROLLER5_MESH
23:44:55 | INFO: Primitives created: 1
23:44:55 | INFO: Extracting primitive: V05_PASTE_CODE_ROLLER6_MESH
23:44:55 | INFO: Primitives created: 1
23:44:55 | INFO: Extracting primitive: V05_PASTE_CRIMP_BASE_MESH
23:44:55 | INFO: Primitives created: 1
23:44:55 | INFO: Extracting primitive: V05_PASTE_CRIMP_HOUSING_MESH
23:44:55 | INFO: Primitives created: 1
23:44:55 | INFO: Extracting primitive: V05_PASTE_CRIMP_PANEL_MESH
23:44:55 | INFO: Primitives created: 1
23:44:55 | INFO: Extracting primitive: V05_PASTE_DOOR_HEADER_MESH
23:44:55 | INFO: Primitives created: 1
23:44:55 | INFO: Extracting primitive: V05_PASTE_DOOR_L_MESH
23:44:55 | INFO: Primitives created: 1
23:44:55 | INFO: Extracting primitive: V05_PASTE_DOOR_R_MESH
23:44:55 | INFO: Primitives created: 1
23:44:55 | INFO: Extracting primitive: V05_PASTE_FILL_BASE_MESH
23:44:55 | INFO: Primitives created: 1
23:44:55 | INFO: Extracting primitive: V05_PASTE_FILL_HOUSING_MESH
23:44:55 | INFO: Primitives created: 1
23:44:55 | INFO: Extracting primitive: V05_PASTE_FILL_PANEL_MESH
23:44:55 | INFO: Primitives created: 1
23:44:55 | INFO: Extracting primitive: V05_PASTE_FLOOR_MESH
23:44:55 | INFO: Primitives created: 1
23:44:55 | INFO: Extracting primitive: V05_PASTE_HOLD_LID_MESH
23:44:55 | INFO: Primitives created: 1
23:44:55 | INFO: Extracting primitive: V05_PASTE_HOLD_OUT_MESH
23:44:55 | INFO: Primitives created: 1
23:44:55 | INFO: Extracting primitive: V05_PASTE_HOLD_VESSEL_MESH
23:44:55 | INFO: Primitives created: 1
23:44:55 | INFO: Extracting primitive: V05_PASTE_LEFT_MESH
23:44:55 | INFO: Primitives created: 1
23:44:55 | INFO: Extracting primitive: V05_PASTE_LIGHT_0_FIXTURE_MESH
23:44:55 | INFO: Primitives created: 1
23:44:55 | INFO: Extracting primitive: V05_PASTE_LIGHT_0_GLOW_MESH
23:44:55 | INFO: Primitives created: 1
23:44:55 | INFO: Extracting primitive: V05_PASTE_LIGHT_1_FIXTURE_MESH
23:44:55 | INFO: Primitives created: 1
23:44:55 | INFO: Extracting primitive: V05_PASTE_LIGHT_1_GLOW_MESH
23:44:55 | INFO: Primitives created: 1
23:44:55 | INFO: Extracting primitive: V05_PASTE_LIGHT_2_FIXTURE_MESH
23:44:55 | INFO: Primitives created: 1
23:44:55 | INFO: Extracting primitive: V05_PASTE_LIGHT_2_GLOW_MESH
23:44:55 | INFO: Primitives created: 1
23:44:55 | INFO: Extracting primitive: V05_PASTE_LIGHT_3_FIXTURE_MESH
23:44:55 | INFO: Primitives created: 1
23:44:55 | INFO: Extracting primitive: V05_PASTE_LIGHT_3_GLOW_MESH
23:44:55 | INFO: Primitives created: 1
23:44:55 | INFO: Extracting primitive: V05_PASTE_RIGHT_MESH
23:44:55 | INFO: Primitives created: 1
23:44:55 | INFO: Extracting primitive: V05_PASTE_SOFFIT_-0.7999999999999989_MESH
23:44:55 | INFO: Primitives created: 1
23:44:55 | INFO: Extracting primitive: V05_PASTE_SOFFIT_-12_MESH
23:44:55 | INFO: Primitives created: 1
23:44:55 | INFO: Extracting primitive: V05_PASTE_SOFFIT_-23.200000000000003_MESH
23:44:55 | INFO: Primitives created: 1
23:44:55 | INFO: Extracting primitive: V05_PASTE_TRANSFER_MESH
23:44:55 | INFO: Primitives created: 1
23:44:55 | INFO: Extracting primitive: V05_PASTE_TUBE_MAG_MESH
23:44:55 | INFO: Primitives created: 1
23:44:55 | INFO: Extracting primitive: V05_PASTE_VACUUM_MIX_LID_MESH
23:44:55 | INFO: Primitives created: 1
23:44:55 | INFO: Extracting primitive: V05_PASTE_VACUUM_MIX_OUT_MESH
23:44:55 | INFO: Primitives created: 1
23:44:55 | INFO: Extracting primitive: V05_POWDER_BACK_MESH
23:44:55 | INFO: Primitives created: 1
23:44:55 | INFO: Extracting primitive: V05_POWDER_DOOR_HEADER_MESH
23:44:55 | INFO: Primitives created: 1
23:44:55 | INFO: Extracting primitive: V05_POWDER_DOOR_L_MESH
23:44:55 | INFO: Primitives created: 1
23:44:55 | INFO: Extracting primitive: V05_POWDER_DOOR_R_MESH
23:44:55 | INFO: Primitives created: 1
23:44:55 | INFO: Extracting primitive: V05_POWDER_DOSER_BASE_MESH
23:44:55 | INFO: Primitives created: 1
23:44:55 | INFO: Extracting primitive: V05_POWDER_DOSER_PANEL_MESH
23:44:55 | INFO: Primitives created: 1
23:44:55 | INFO: Extracting primitive: V05_POWDER_FEED_MESH
23:44:55 | INFO: Primitives created: 1
23:44:55 | INFO: Extracting primitive: V05_POWDER_FLOOR_MESH
23:44:55 | INFO: Primitives created: 1
23:44:55 | INFO: Extracting primitive: V05_POWDER_HOPPER_LID_MESH
23:44:55 | INFO: Primitives created: 1
23:44:55 | INFO: Extracting primitive: V05_POWDER_HOPPER_OUT_MESH
23:44:55 | INFO: Primitives created: 1
23:44:55 | INFO: Extracting primitive: V05_POWDER_HOPPER_VESSEL_MESH
23:44:55 | INFO: Primitives created: 1
23:44:55 | INFO: Extracting primitive: V05_POWDER_LEFT_MESH
23:44:55 | INFO: Primitives created: 1
23:44:55 | INFO: Extracting primitive: V05_POWDER_LIGHT_0_FIXTURE_MESH
23:44:55 | INFO: Primitives created: 1
23:44:55 | INFO: Extracting primitive: V05_POWDER_LIGHT_0_GLOW_MESH
23:44:55 | INFO: Primitives created: 1
23:44:55 | INFO: Extracting primitive: V05_POWDER_LIGHT_1_FIXTURE_MESH
23:44:55 | INFO: Primitives created: 1
23:44:55 | INFO: Extracting primitive: V05_POWDER_LIGHT_1_GLOW_MESH
23:44:55 | INFO: Primitives created: 1
23:44:55 | INFO: Extracting primitive: V05_POWDER_LIGHT_2_FIXTURE_MESH
23:44:55 | INFO: Primitives created: 1
23:44:55 | INFO: Extracting primitive: V05_POWDER_LIGHT_2_GLOW_MESH
23:44:55 | INFO: Primitives created: 1
23:44:55 | INFO: Extracting primitive: V05_POWDER_PACK_A_MESH
23:44:55 | INFO: Primitives created: 1
23:44:55 | INFO: Extracting primitive: V05_POWDER_PACK_B_MESH
23:44:55 | INFO: Primitives created: 1
23:44:55 | INFO: Extracting primitive: V05_POWDER_PACK_BED_MESH
23:44:55 | INFO: Primitives created: 1
23:44:55 | INFO: Extracting primitive: V05_POWDER_PACK_ROLLER0_MESH
23:44:55 | INFO: Primitives created: 1
23:44:55 | INFO: Extracting primitive: V05_POWDER_PACK_ROLLER1_MESH
23:44:55 | INFO: Primitives created: 1
23:44:55 | INFO: Extracting primitive: V05_POWDER_PACK_ROLLER2_MESH
23:44:55 | INFO: Primitives created: 1
23:44:55 | INFO: Extracting primitive: V05_POWDER_PACK_ROLLER3_MESH
23:44:55 | INFO: Primitives created: 1
23:44:55 | INFO: Extracting primitive: V05_POWDER_PACK_ROLLER4_MESH
23:44:55 | INFO: Primitives created: 1
23:44:55 | INFO: Extracting primitive: V05_POWDER_PACK_ROLLER5_MESH
23:44:55 | INFO: Primitives created: 1
23:44:55 | INFO: Extracting primitive: V05_POWDER_PACK_ROLLER6_MESH
23:44:55 | INFO: Primitives created: 1
23:44:55 | INFO: Extracting primitive: V05_POWDER_RIGHT_MESH
23:44:55 | INFO: Primitives created: 1
23:44:55 | INFO: Extracting primitive: V05_POWDER_SEAL_BASE_MESH
23:44:55 | INFO: Primitives created: 1
23:44:55 | INFO: Extracting primitive: V05_POWDER_SEAL_HOUSING_MESH
23:44:55 | INFO: Primitives created: 1
23:44:55 | INFO: Extracting primitive: V05_POWDER_SEAL_PANEL_MESH
23:44:55 | INFO: Primitives created: 1
23:44:55 | INFO: Extracting primitive: V05_POWDER_SOFFIT_-37.92_MESH
23:44:55 | INFO: Primitives created: 1
23:44:55 | INFO: Extracting primitive: V05_POWDER_SOFFIT_-48_MESH
23:44:55 | INFO: Primitives created: 1
23:44:55 | INFO: Extracting primitive: V05_POWDER_SOFFIT_-58.08_MESH
23:44:55 | INFO: Primitives created: 1
23:44:55 | INFO: Extracting primitive: V05_POWDER_TRANSFER_MESH
23:44:55 | INFO: Primitives created: 1
23:44:55 | INFO: Extracting primitive: V05_RAW_BACK_MESH
23:44:55 | INFO: Primitives created: 1
23:44:55 | INFO: Extracting primitive: V05_RAW_DOCK_MESH
23:44:55 | INFO: Primitives created: 1
23:44:55 | INFO: Extracting primitive: V05_RAW_DOOR_HEADER_MESH
23:44:55 | INFO: Primitives created: 1
23:44:55 | INFO: Extracting primitive: V05_RAW_DOOR_L_MESH
23:44:55 | INFO: Primitives created: 1
23:44:55 | INFO: Extracting primitive: V05_RAW_DOOR_R_MESH
23:44:55 | INFO: Primitives created: 1
23:44:55 | INFO: Extracting primitive: V05_RAW_DRUM0_MESH
23:44:55 | INFO: Primitives created: 1
23:44:55 | INFO: Extracting primitive: V05_RAW_DRUM1_MESH
23:44:55 | INFO: Primitives created: 1
23:44:55 | INFO: Extracting primitive: V05_RAW_DRUM2_MESH
23:44:55 | INFO: Primitives created: 1
23:44:55 | INFO: Extracting primitive: V05_RAW_DRUM3_MESH
23:44:55 | INFO: Primitives created: 1
23:44:55 | INFO: Extracting primitive: V05_RAW_FLOOR_MESH
23:44:55 | INFO: Primitives created: 1
23:44:55 | INFO: Extracting primitive: V05_RAW_LEFT_MESH
23:44:55 | INFO: Primitives created: 1
23:44:55 | INFO: Extracting primitive: V05_RAW_LIGHT_0_FIXTURE_MESH
23:44:55 | INFO: Primitives created: 1
23:44:55 | INFO: Extracting primitive: V05_RAW_LIGHT_0_GLOW_MESH
23:44:55 | INFO: Primitives created: 1
23:44:55 | INFO: Extracting primitive: V05_RAW_LIGHT_1_FIXTURE_MESH
23:44:55 | INFO: Primitives created: 1
23:44:55 | INFO: Extracting primitive: V05_RAW_LIGHT_1_GLOW_MESH
23:44:55 | INFO: Primitives created: 1
23:44:55 | INFO: Extracting primitive: V05_RAW_LIGHT_2_FIXTURE_MESH
23:44:55 | INFO: Primitives created: 1
23:44:55 | INFO: Extracting primitive: V05_RAW_LIGHT_2_GLOW_MESH
23:44:55 | INFO: Primitives created: 1
23:44:55 | INFO: Extracting primitive: V05_RAW_LIGHT_3_FIXTURE_MESH
23:44:55 | INFO: Primitives created: 1
23:44:55 | INFO: Extracting primitive: V05_RAW_LIGHT_3_GLOW_MESH
23:44:55 | INFO: Primitives created: 1
23:44:55 | INFO: Extracting primitive: V05_RAW_LIGHT_4_FIXTURE_MESH
23:44:55 | INFO: Primitives created: 1
23:44:55 | INFO: Extracting primitive: V05_RAW_LIGHT_4_GLOW_MESH
23:44:55 | INFO: Primitives created: 1
23:44:55 | INFO: Extracting primitive: V05_RAW_RACK67_BEAM_0_MESH
23:44:55 | INFO: Primitives created: 1
23:44:55 | INFO: Extracting primitive: V05_RAW_RACK67_BEAM_1_MESH
23:44:55 | INFO: Primitives created: 1
23:44:55 | INFO: Extracting primitive: V05_RAW_RACK67_BEAM_2_MESH
23:44:55 | INFO: Primitives created: 1
23:44:55 | INFO: Extracting primitive: V05_RAW_RACK67_LOAD_0_0_MESH
23:44:55 | INFO: Primitives created: 1
23:44:55 | INFO: Extracting primitive: V05_RAW_RACK67_LOAD_0_1_MESH
23:44:55 | INFO: Primitives created: 1
23:44:55 | INFO: Extracting primitive: V05_RAW_RACK67_LOAD_0_2_MESH
23:44:55 | INFO: Primitives created: 1
23:44:55 | INFO: Extracting primitive: V05_RAW_RACK67_LOAD_1_0_MESH
23:44:55 | INFO: Primitives created: 1
23:44:55 | INFO: Extracting primitive: V05_RAW_RACK67_LOAD_1_1_MESH
23:44:55 | INFO: Primitives created: 1
23:44:55 | INFO: Extracting primitive: V05_RAW_RACK67_LOAD_1_2_MESH
23:44:55 | INFO: Primitives created: 1
23:44:55 | INFO: Extracting primitive: V05_RAW_RACK67_LOAD_2_0_MESH
23:44:55 | INFO: Primitives created: 1
23:44:55 | INFO: Extracting primitive: V05_RAW_RACK67_LOAD_2_1_MESH
23:44:55 | INFO: Primitives created: 1
23:44:55 | INFO: Extracting primitive: V05_RAW_RACK67_LOAD_2_2_MESH
23:44:55 | INFO: Primitives created: 1
23:44:55 | INFO: Extracting primitive: V05_RAW_RACK67_LOAD_3_0_MESH
23:44:55 | INFO: Primitives created: 1
23:44:55 | INFO: Extracting primitive: V05_RAW_RACK67_LOAD_3_1_MESH
23:44:55 | INFO: Primitives created: 1
23:44:55 | INFO: Extracting primitive: V05_RAW_RACK67_LOAD_3_2_MESH
23:44:55 | INFO: Primitives created: 1
23:44:55 | INFO: Extracting primitive: V05_RAW_RACK67_LOAD_4_0_MESH
23:44:55 | INFO: Primitives created: 1
23:44:55 | INFO: Extracting primitive: V05_RAW_RACK67_LOAD_4_1_MESH
23:44:55 | INFO: Primitives created: 1
23:44:55 | INFO: Extracting primitive: V05_RAW_RACK67_LOAD_4_2_MESH
23:44:55 | INFO: Primitives created: 1
23:44:55 | INFO: Extracting primitive: V05_RAW_RACK67_LOAD_5_0_MESH
23:44:55 | INFO: Primitives created: 1
23:44:55 | INFO: Extracting primitive: V05_RAW_RACK67_LOAD_5_1_MESH
23:44:55 | INFO: Primitives created: 1
23:44:55 | INFO: Extracting primitive: V05_RAW_RACK67_LOAD_5_2_MESH
23:44:55 | INFO: Primitives created: 1
23:44:55 | INFO: Extracting primitive: V05_RAW_RACK67_LOAD_6_0_MESH
23:44:55 | INFO: Primitives created: 1
23:44:55 | INFO: Extracting primitive: V05_RAW_RACK67_LOAD_6_1_MESH
23:44:55 | INFO: Primitives created: 1
23:44:55 | INFO: Extracting primitive: V05_RAW_RACK67_LOAD_6_2_MESH
23:44:55 | INFO: Primitives created: 1
23:44:55 | INFO: Extracting primitive: V05_RAW_RACK67_LOAD_7_0_MESH
23:44:55 | INFO: Primitives created: 1
23:44:55 | INFO: Extracting primitive: V05_RAW_RACK67_LOAD_7_1_MESH
23:44:55 | INFO: Primitives created: 1
23:44:55 | INFO: Extracting primitive: V05_RAW_RACK67_LOAD_7_2_MESH
23:44:55 | INFO: Primitives created: 1
23:44:55 | INFO: Extracting primitive: V05_RAW_RACK67_PALLET_0_0_MESH
23:44:55 | INFO: Primitives created: 1
23:44:55 | INFO: Extracting primitive: V05_RAW_RACK67_PALLET_0_1_MESH
23:44:55 | INFO: Primitives created: 1
23:44:55 | INFO: Extracting primitive: V05_RAW_RACK67_PALLET_0_2_MESH
23:44:55 | INFO: Primitives created: 1
23:44:55 | INFO: Extracting primitive: V05_RAW_RACK67_PALLET_1_0_MESH
23:44:55 | INFO: Primitives created: 1
23:44:55 | INFO: Extracting primitive: V05_RAW_RACK67_PALLET_1_1_MESH
23:44:55 | INFO: Primitives created: 1
23:44:55 | INFO: Extracting primitive: V05_RAW_RACK67_PALLET_1_2_MESH
23:44:55 | INFO: Primitives created: 1
23:44:55 | INFO: Extracting primitive: V05_RAW_RACK67_PALLET_2_0_MESH
23:44:55 | INFO: Primitives created: 1
23:44:55 | INFO: Extracting primitive: V05_RAW_RACK67_PALLET_2_1_MESH
23:44:55 | INFO: Primitives created: 1
23:44:55 | INFO: Extracting primitive: V05_RAW_RACK67_PALLET_2_2_MESH
23:44:55 | INFO: Primitives created: 1
23:44:55 | INFO: Extracting primitive: V05_RAW_RACK67_PALLET_3_0_MESH
23:44:55 | INFO: Primitives created: 1
23:44:55 | INFO: Extracting primitive: V05_RAW_RACK67_PALLET_3_1_MESH
23:44:55 | INFO: Primitives created: 1
23:44:55 | INFO: Extracting primitive: V05_RAW_RACK67_PALLET_3_2_MESH
23:44:55 | INFO: Primitives created: 1
23:44:55 | INFO: Extracting primitive: V05_RAW_RACK67_PALLET_4_0_MESH
23:44:55 | INFO: Primitives created: 1
23:44:55 | INFO: Extracting primitive: V05_RAW_RACK67_PALLET_4_1_MESH
23:44:55 | INFO: Primitives created: 1
23:44:55 | INFO: Extracting primitive: V05_RAW_RACK67_PALLET_4_2_MESH
23:44:55 | INFO: Primitives created: 1
23:44:55 | INFO: Extracting primitive: V05_RAW_RACK67_PALLET_5_0_MESH
23:44:55 | INFO: Primitives created: 1
23:44:55 | INFO: Extracting primitive: V05_RAW_RACK67_PALLET_5_1_MESH
23:44:55 | INFO: Primitives created: 1
23:44:55 | INFO: Extracting primitive: V05_RAW_RACK67_PALLET_5_2_MESH
23:44:55 | INFO: Primitives created: 1
23:44:55 | INFO: Extracting primitive: V05_RAW_RACK67_PALLET_6_0_MESH
23:44:55 | INFO: Primitives created: 1
23:44:55 | INFO: Extracting primitive: V05_RAW_RACK67_PALLET_6_1_MESH
23:44:55 | INFO: Primitives created: 1
23:44:55 | INFO: Extracting primitive: V05_RAW_RACK67_PALLET_6_2_MESH
23:44:55 | INFO: Primitives created: 1
23:44:55 | INFO: Extracting primitive: V05_RAW_RACK67_PALLET_7_0_MESH
23:44:55 | INFO: Primitives created: 1
23:44:55 | INFO: Extracting primitive: V05_RAW_RACK67_PALLET_7_1_MESH
23:44:55 | INFO: Primitives created: 1
23:44:55 | INFO: Extracting primitive: V05_RAW_RACK67_PALLET_7_2_MESH
23:44:55 | INFO: Primitives created: 1
23:44:55 | INFO: Extracting primitive: V05_RAW_RACK67_UPRIGHT_0_0_MESH
23:44:55 | INFO: Primitives created: 1
23:44:55 | INFO: Extracting primitive: V05_RAW_RACK67_UPRIGHT_0_1_MESH
23:44:55 | INFO: Primitives created: 1
23:44:55 | INFO: Extracting primitive: V05_RAW_RACK67_UPRIGHT_0_2_MESH
23:44:55 | INFO: Primitives created: 1
23:44:55 | INFO: Extracting primitive: V05_RAW_RACK67_UPRIGHT_1_0_MESH
23:44:55 | INFO: Primitives created: 1
23:44:55 | INFO: Extracting primitive: V05_RAW_RACK67_UPRIGHT_1_1_MESH
23:44:55 | INFO: Primitives created: 1
23:44:55 | INFO: Extracting primitive: V05_RAW_RACK67_UPRIGHT_1_2_MESH
23:44:55 | INFO: Primitives created: 1
23:44:55 | INFO: Extracting primitive: V05_RAW_RACK67_UPRIGHT_2_0_MESH
23:44:55 | INFO: Primitives created: 1
23:44:55 | INFO: Extracting primitive: V05_RAW_RACK67_UPRIGHT_2_1_MESH
23:44:55 | INFO: Primitives created: 1
23:44:55 | INFO: Extracting primitive: V05_RAW_RACK67_UPRIGHT_2_2_MESH
23:44:55 | INFO: Primitives created: 1
23:44:55 | INFO: Extracting primitive: V05_RAW_RACK67_UPRIGHT_3_0_MESH
23:44:55 | INFO: Primitives created: 1
23:44:55 | INFO: Extracting primitive: V05_RAW_RACK67_UPRIGHT_3_1_MESH
23:44:55 | INFO: Primitives created: 1
23:44:55 | INFO: Extracting primitive: V05_RAW_RACK67_UPRIGHT_3_2_MESH
23:44:55 | INFO: Primitives created: 1
23:44:55 | INFO: Extracting primitive: V05_RAW_RACK67_UPRIGHT_4_0_MESH
23:44:55 | INFO: Primitives created: 1
23:44:55 | INFO: Extracting primitive: V05_RAW_RACK67_UPRIGHT_4_1_MESH
23:44:55 | INFO: Primitives created: 1
23:44:55 | INFO: Extracting primitive: V05_RAW_RACK67_UPRIGHT_4_2_MESH
23:44:55 | INFO: Primitives created: 1
23:44:56 | INFO: Extracting primitive: V05_RAW_RACK67_UPRIGHT_5_0_MESH
23:44:56 | INFO: Primitives created: 1
23:44:56 | INFO: Extracting primitive: V05_RAW_RACK67_UPRIGHT_5_1_MESH
23:44:56 | INFO: Primitives created: 1
23:44:56 | INFO: Extracting primitive: V05_RAW_RACK67_UPRIGHT_5_2_MESH
23:44:56 | INFO: Primitives created: 1
23:44:56 | INFO: Extracting primitive: V05_RAW_RACK67_UPRIGHT_6_0_MESH
23:44:56 | INFO: Primitives created: 1
23:44:56 | INFO: Extracting primitive: V05_RAW_RACK67_UPRIGHT_6_1_MESH
23:44:56 | INFO: Primitives created: 1
23:44:56 | INFO: Extracting primitive: V05_RAW_RACK67_UPRIGHT_6_2_MESH
23:44:56 | INFO: Primitives created: 1
23:44:56 | INFO: Extracting primitive: V05_RAW_RACK67_UPRIGHT_7_0_MESH
23:44:56 | INFO: Primitives created: 1
23:44:56 | INFO: Extracting primitive: V05_RAW_RACK67_UPRIGHT_7_1_MESH
23:44:56 | INFO: Primitives created: 1
23:44:56 | INFO: Extracting primitive: V05_RAW_RACK67_UPRIGHT_7_2_MESH
23:44:56 | INFO: Primitives created: 1
23:44:56 | INFO: Extracting primitive: V05_RAW_RACK75_BEAM_0_MESH
23:44:56 | INFO: Primitives created: 1
23:44:56 | INFO: Extracting primitive: V05_RAW_RACK75_BEAM_1_MESH
23:44:56 | INFO: Primitives created: 1
23:44:56 | INFO: Extracting primitive: V05_RAW_RACK75_BEAM_2_MESH
23:44:56 | INFO: Primitives created: 1
23:44:56 | INFO: Extracting primitive: V05_RAW_RACK75_LOAD_0_0_MESH
23:44:56 | INFO: Primitives created: 1
23:44:56 | INFO: Extracting primitive: V05_RAW_RACK75_LOAD_0_1_MESH
23:44:56 | INFO: Primitives created: 1
23:44:56 | INFO: Extracting primitive: V05_RAW_RACK75_LOAD_0_2_MESH
23:44:56 | INFO: Primitives created: 1
23:44:56 | INFO: Extracting primitive: V05_RAW_RACK75_LOAD_1_0_MESH
23:44:56 | INFO: Primitives created: 1
23:44:56 | INFO: Extracting primitive: V05_RAW_RACK75_LOAD_1_1_MESH
23:44:56 | INFO: Primitives created: 1
23:44:56 | INFO: Extracting primitive: V05_RAW_RACK75_LOAD_1_2_MESH
23:44:56 | INFO: Primitives created: 1
23:44:56 | INFO: Extracting primitive: V05_RAW_RACK75_LOAD_2_0_MESH
23:44:56 | INFO: Primitives created: 1
23:44:56 | INFO: Extracting primitive: V05_RAW_RACK75_LOAD_2_1_MESH
23:44:56 | INFO: Primitives created: 1
23:44:56 | INFO: Extracting primitive: V05_RAW_RACK75_LOAD_2_2_MESH
23:44:56 | INFO: Primitives created: 1
23:44:56 | INFO: Extracting primitive: V05_RAW_RACK75_LOAD_3_0_MESH
23:44:56 | INFO: Primitives created: 1
23:44:56 | INFO: Extracting primitive: V05_RAW_RACK75_LOAD_3_1_MESH
23:44:56 | INFO: Primitives created: 1
23:44:56 | INFO: Extracting primitive: V05_RAW_RACK75_LOAD_3_2_MESH
23:44:56 | INFO: Primitives created: 1
23:44:56 | INFO: Extracting primitive: V05_RAW_RACK75_LOAD_4_0_MESH
23:44:56 | INFO: Primitives created: 1
23:44:56 | INFO: Extracting primitive: V05_RAW_RACK75_LOAD_4_1_MESH
23:44:56 | INFO: Primitives created: 1
23:44:56 | INFO: Extracting primitive: V05_RAW_RACK75_LOAD_4_2_MESH
23:44:56 | INFO: Primitives created: 1
23:44:56 | INFO: Extracting primitive: V05_RAW_RACK75_LOAD_5_0_MESH
23:44:56 | INFO: Primitives created: 1
23:44:56 | INFO: Extracting primitive: V05_RAW_RACK75_LOAD_5_1_MESH
23:44:56 | INFO: Primitives created: 1
23:44:56 | INFO: Extracting primitive: V05_RAW_RACK75_LOAD_5_2_MESH
23:44:56 | INFO: Primitives created: 1
23:44:56 | INFO: Extracting primitive: V05_RAW_RACK75_LOAD_6_0_MESH
23:44:56 | INFO: Primitives created: 1
23:44:56 | INFO: Extracting primitive: V05_RAW_RACK75_LOAD_6_1_MESH
23:44:56 | INFO: Primitives created: 1
23:44:56 | INFO: Extracting primitive: V05_RAW_RACK75_LOAD_6_2_MESH
23:44:56 | INFO: Primitives created: 1
23:44:56 | INFO: Extracting primitive: V05_RAW_RACK75_LOAD_7_0_MESH
23:44:56 | INFO: Primitives created: 1
23:44:56 | INFO: Extracting primitive: V05_RAW_RACK75_LOAD_7_1_MESH
23:44:56 | INFO: Primitives created: 1
23:44:56 | INFO: Extracting primitive: V05_RAW_RACK75_LOAD_7_2_MESH
23:44:56 | INFO: Primitives created: 1
23:44:56 | INFO: Extracting primitive: V05_RAW_RACK75_PALLET_0_0_MESH
23:44:56 | INFO: Primitives created: 1
23:44:56 | INFO: Extracting primitive: V05_RAW_RACK75_PALLET_0_1_MESH
23:44:56 | INFO: Primitives created: 1
23:44:56 | INFO: Extracting primitive: V05_RAW_RACK75_PALLET_0_2_MESH
23:44:56 | INFO: Primitives created: 1
23:44:56 | INFO: Extracting primitive: V05_RAW_RACK75_PALLET_1_0_MESH
23:44:56 | INFO: Primitives created: 1
23:44:56 | INFO: Extracting primitive: V05_RAW_RACK75_PALLET_1_1_MESH
23:44:56 | INFO: Primitives created: 1
23:44:56 | INFO: Extracting primitive: V05_RAW_RACK75_PALLET_1_2_MESH
23:44:56 | INFO: Primitives created: 1
23:44:56 | INFO: Extracting primitive: V05_RAW_RACK75_PALLET_2_0_MESH
23:44:56 | INFO: Primitives created: 1
23:44:56 | INFO: Extracting primitive: V05_RAW_RACK75_PALLET_2_1_MESH
23:44:56 | INFO: Primitives created: 1
23:44:56 | INFO: Extracting primitive: V05_RAW_RACK75_PALLET_2_2_MESH
23:44:56 | INFO: Primitives created: 1
23:44:56 | INFO: Extracting primitive: V05_RAW_RACK75_PALLET_3_0_MESH
23:44:56 | INFO: Primitives created: 1
23:44:56 | INFO: Extracting primitive: V05_RAW_RACK75_PALLET_3_1_MESH
23:44:56 | INFO: Primitives created: 1
23:44:56 | INFO: Extracting primitive: V05_RAW_RACK75_PALLET_3_2_MESH
23:44:56 | INFO: Primitives created: 1
23:44:56 | INFO: Extracting primitive: V05_RAW_RACK75_PALLET_4_0_MESH
23:44:56 | INFO: Primitives created: 1
23:44:56 | INFO: Extracting primitive: V05_RAW_RACK75_PALLET_4_1_MESH
23:44:56 | INFO: Primitives created: 1
23:44:56 | INFO: Extracting primitive: V05_RAW_RACK75_PALLET_4_2_MESH
23:44:56 | INFO: Primitives created: 1
23:44:56 | INFO: Extracting primitive: V05_RAW_RACK75_PALLET_5_0_MESH
23:44:56 | INFO: Primitives created: 1
23:44:56 | INFO: Extracting primitive: V05_RAW_RACK75_PALLET_5_1_MESH
23:44:56 | INFO: Primitives created: 1
23:44:56 | INFO: Extracting primitive: V05_RAW_RACK75_PALLET_5_2_MESH
23:44:56 | INFO: Primitives created: 1
23:44:56 | INFO: Extracting primitive: V05_RAW_RACK75_PALLET_6_0_MESH
23:44:56 | INFO: Primitives created: 1
23:44:56 | INFO: Extracting primitive: V05_RAW_RACK75_PALLET_6_1_MESH
23:44:56 | INFO: Primitives created: 1
23:44:56 | INFO: Extracting primitive: V05_RAW_RACK75_PALLET_6_2_MESH
23:44:56 | INFO: Primitives created: 1
23:44:56 | INFO: Extracting primitive: V05_RAW_RACK75_PALLET_7_0_MESH
23:44:56 | INFO: Primitives created: 1
23:44:56 | INFO: Extracting primitive: V05_RAW_RACK75_PALLET_7_1_MESH
23:44:56 | INFO: Primitives created: 1
23:44:56 | INFO: Extracting primitive: V05_RAW_RACK75_PALLET_7_2_MESH
23:44:56 | INFO: Primitives created: 1
23:44:56 | INFO: Extracting primitive: V05_RAW_RACK75_UPRIGHT_0_0_MESH
23:44:56 | INFO: Primitives created: 1
23:44:56 | INFO: Extracting primitive: V05_RAW_RACK75_UPRIGHT_0_1_MESH
23:44:56 | INFO: Primitives created: 1
23:44:56 | INFO: Extracting primitive: V05_RAW_RACK75_UPRIGHT_0_2_MESH
23:44:56 | INFO: Primitives created: 1
23:44:56 | INFO: Extracting primitive: V05_RAW_RACK75_UPRIGHT_1_0_MESH
23:44:56 | INFO: Primitives created: 1
23:44:56 | INFO: Extracting primitive: V05_RAW_RACK75_UPRIGHT_1_1_MESH
23:44:56 | INFO: Primitives created: 1
23:44:56 | INFO: Extracting primitive: V05_RAW_RACK75_UPRIGHT_1_2_MESH
23:44:56 | INFO: Primitives created: 1
23:44:56 | INFO: Extracting primitive: V05_RAW_RACK75_UPRIGHT_2_0_MESH
23:44:56 | INFO: Primitives created: 1
23:44:56 | INFO: Extracting primitive: V05_RAW_RACK75_UPRIGHT_2_1_MESH
23:44:56 | INFO: Primitives created: 1
23:44:56 | INFO: Extracting primitive: V05_RAW_RACK75_UPRIGHT_2_2_MESH
23:44:56 | INFO: Primitives created: 1
23:44:56 | INFO: Extracting primitive: V05_RAW_RACK75_UPRIGHT_3_0_MESH
23:44:56 | INFO: Primitives created: 1
23:44:56 | INFO: Extracting primitive: V05_RAW_RACK75_UPRIGHT_3_1_MESH
23:44:56 | INFO: Primitives created: 1
23:44:56 | INFO: Extracting primitive: V05_RAW_RACK75_UPRIGHT_3_2_MESH
23:44:56 | INFO: Primitives created: 1
23:44:56 | INFO: Extracting primitive: V05_RAW_RACK75_UPRIGHT_4_0_MESH
23:44:56 | INFO: Primitives created: 1
23:44:56 | INFO: Extracting primitive: V05_RAW_RACK75_UPRIGHT_4_1_MESH
23:44:56 | INFO: Primitives created: 1
23:44:56 | INFO: Extracting primitive: V05_RAW_RACK75_UPRIGHT_4_2_MESH
23:44:56 | INFO: Primitives created: 1
23:44:56 | INFO: Extracting primitive: V05_RAW_RACK75_UPRIGHT_5_0_MESH
23:44:56 | INFO: Primitives created: 1
23:44:56 | INFO: Extracting primitive: V05_RAW_RACK75_UPRIGHT_5_1_MESH
23:44:56 | INFO: Primitives created: 1
23:44:56 | INFO: Extracting primitive: V05_RAW_RACK75_UPRIGHT_5_2_MESH
23:44:56 | INFO: Primitives created: 1
23:44:56 | INFO: Extracting primitive: V05_RAW_RACK75_UPRIGHT_6_0_MESH
23:44:56 | INFO: Primitives created: 1
23:44:56 | INFO: Extracting primitive: V05_RAW_RACK75_UPRIGHT_6_1_MESH
23:44:56 | INFO: Primitives created: 1
23:44:56 | INFO: Extracting primitive: V05_RAW_RACK75_UPRIGHT_6_2_MESH
23:44:56 | INFO: Primitives created: 1
23:44:56 | INFO: Extracting primitive: V05_RAW_RACK75_UPRIGHT_7_0_MESH
23:44:56 | INFO: Primitives created: 1
23:44:56 | INFO: Extracting primitive: V05_RAW_RACK75_UPRIGHT_7_1_MESH
23:44:56 | INFO: Primitives created: 1
23:44:56 | INFO: Extracting primitive: V05_RAW_RACK75_UPRIGHT_7_2_MESH
23:44:56 | INFO: Primitives created: 1
23:44:56 | INFO: Extracting primitive: V05_RAW_RACK83_BEAM_0_MESH
23:44:56 | INFO: Primitives created: 1
23:44:56 | INFO: Extracting primitive: V05_RAW_RACK83_BEAM_1_MESH
23:44:56 | INFO: Primitives created: 1
23:44:56 | INFO: Extracting primitive: V05_RAW_RACK83_BEAM_2_MESH
23:44:56 | INFO: Primitives created: 1
23:44:56 | INFO: Extracting primitive: V05_RAW_RACK83_LOAD_0_0_MESH
23:44:56 | INFO: Primitives created: 1
23:44:56 | INFO: Extracting primitive: V05_RAW_RACK83_LOAD_0_1_MESH
23:44:56 | INFO: Primitives created: 1
23:44:56 | INFO: Extracting primitive: V05_RAW_RACK83_LOAD_0_2_MESH
23:44:56 | INFO: Primitives created: 1
23:44:56 | INFO: Extracting primitive: V05_RAW_RACK83_LOAD_1_0_MESH
23:44:56 | INFO: Primitives created: 1
23:44:56 | INFO: Extracting primitive: V05_RAW_RACK83_LOAD_1_1_MESH
23:44:56 | INFO: Primitives created: 1
23:44:56 | INFO: Extracting primitive: V05_RAW_RACK83_LOAD_1_2_MESH
23:44:56 | INFO: Primitives created: 1
23:44:56 | INFO: Extracting primitive: V05_RAW_RACK83_LOAD_2_0_MESH
23:44:56 | INFO: Primitives created: 1
23:44:56 | INFO: Extracting primitive: V05_RAW_RACK83_LOAD_2_1_MESH
23:44:56 | INFO: Primitives created: 1
23:44:56 | INFO: Extracting primitive: V05_RAW_RACK83_LOAD_2_2_MESH
23:44:56 | INFO: Primitives created: 1
23:44:56 | INFO: Extracting primitive: V05_RAW_RACK83_LOAD_3_0_MESH
23:44:56 | INFO: Primitives created: 1
23:44:56 | INFO: Extracting primitive: V05_RAW_RACK83_LOAD_3_1_MESH
23:44:56 | INFO: Primitives created: 1
23:44:56 | INFO: Extracting primitive: V05_RAW_RACK83_LOAD_3_2_MESH
23:44:56 | INFO: Primitives created: 1
23:44:56 | INFO: Extracting primitive: V05_RAW_RACK83_LOAD_4_0_MESH
23:44:56 | INFO: Primitives created: 1
23:44:56 | INFO: Extracting primitive: V05_RAW_RACK83_LOAD_4_1_MESH
23:44:56 | INFO: Primitives created: 1
23:44:56 | INFO: Extracting primitive: V05_RAW_RACK83_LOAD_4_2_MESH
23:44:56 | INFO: Primitives created: 1
23:44:56 | INFO: Extracting primitive: V05_RAW_RACK83_LOAD_5_0_MESH
23:44:56 | INFO: Primitives created: 1
23:44:56 | INFO: Extracting primitive: V05_RAW_RACK83_LOAD_5_1_MESH
23:44:56 | INFO: Primitives created: 1
23:44:56 | INFO: Extracting primitive: V05_RAW_RACK83_LOAD_5_2_MESH
23:44:56 | INFO: Primitives created: 1
23:44:56 | INFO: Extracting primitive: V05_RAW_RACK83_LOAD_6_0_MESH
23:44:56 | INFO: Primitives created: 1
23:44:56 | INFO: Extracting primitive: V05_RAW_RACK83_LOAD_6_1_MESH
23:44:56 | INFO: Primitives created: 1
23:44:56 | INFO: Extracting primitive: V05_RAW_RACK83_LOAD_6_2_MESH
23:44:56 | INFO: Primitives created: 1
23:44:56 | INFO: Extracting primitive: V05_RAW_RACK83_LOAD_7_0_MESH
23:44:56 | INFO: Primitives created: 1
23:44:56 | INFO: Extracting primitive: V05_RAW_RACK83_LOAD_7_1_MESH
23:44:56 | INFO: Primitives created: 1
23:44:56 | INFO: Extracting primitive: V05_RAW_RACK83_LOAD_7_2_MESH
23:44:56 | INFO: Primitives created: 1
23:44:56 | INFO: Extracting primitive: V05_RAW_RACK83_PALLET_0_0_MESH
23:44:56 | INFO: Primitives created: 1
23:44:56 | INFO: Extracting primitive: V05_RAW_RACK83_PALLET_0_1_MESH
23:44:56 | INFO: Primitives created: 1
23:44:56 | INFO: Extracting primitive: V05_RAW_RACK83_PALLET_0_2_MESH
23:44:56 | INFO: Primitives created: 1
23:44:56 | INFO: Extracting primitive: V05_RAW_RACK83_PALLET_1_0_MESH
23:44:56 | INFO: Primitives created: 1
23:44:56 | INFO: Extracting primitive: V05_RAW_RACK83_PALLET_1_1_MESH
23:44:56 | INFO: Primitives created: 1
23:44:56 | INFO: Extracting primitive: V05_RAW_RACK83_PALLET_1_2_MESH
23:44:56 | INFO: Primitives created: 1
23:44:56 | INFO: Extracting primitive: V05_RAW_RACK83_PALLET_2_0_MESH
23:44:56 | INFO: Primitives created: 1
23:44:56 | INFO: Extracting primitive: V05_RAW_RACK83_PALLET_2_1_MESH
23:44:56 | INFO: Primitives created: 1
23:44:56 | INFO: Extracting primitive: V05_RAW_RACK83_PALLET_2_2_MESH
23:44:56 | INFO: Primitives created: 1
23:44:56 | INFO: Extracting primitive: V05_RAW_RACK83_PALLET_3_0_MESH
23:44:56 | INFO: Primitives created: 1
23:44:56 | INFO: Extracting primitive: V05_RAW_RACK83_PALLET_3_1_MESH
23:44:56 | INFO: Primitives created: 1
23:44:56 | INFO: Extracting primitive: V05_RAW_RACK83_PALLET_3_2_MESH
23:44:56 | INFO: Primitives created: 1
23:44:56 | INFO: Extracting primitive: V05_RAW_RACK83_PALLET_4_0_MESH
23:44:56 | INFO: Primitives created: 1
23:44:56 | INFO: Extracting primitive: V05_RAW_RACK83_PALLET_4_1_MESH
23:44:56 | INFO: Primitives created: 1
23:44:56 | INFO: Extracting primitive: V05_RAW_RACK83_PALLET_4_2_MESH
23:44:56 | INFO: Primitives created: 1
23:44:56 | INFO: Extracting primitive: V05_RAW_RACK83_PALLET_5_0_MESH
23:44:56 | INFO: Primitives created: 1
23:44:56 | INFO: Extracting primitive: V05_RAW_RACK83_PALLET_5_1_MESH
23:44:56 | INFO: Primitives created: 1
23:44:56 | INFO: Extracting primitive: V05_RAW_RACK83_PALLET_5_2_MESH
23:44:56 | INFO: Primitives created: 1
23:44:56 | INFO: Extracting primitive: V05_RAW_RACK83_PALLET_6_0_MESH
23:44:56 | INFO: Primitives created: 1
23:44:56 | INFO: Extracting primitive: V05_RAW_RACK83_PALLET_6_1_MESH
23:44:56 | INFO: Primitives created: 1
23:44:56 | INFO: Extracting primitive: V05_RAW_RACK83_PALLET_6_2_MESH
23:44:56 | INFO: Primitives created: 1
23:44:56 | INFO: Extracting primitive: V05_RAW_RACK83_PALLET_7_0_MESH
23:44:56 | INFO: Primitives created: 1
23:44:56 | INFO: Extracting primitive: V05_RAW_RACK83_PALLET_7_1_MESH
23:44:56 | INFO: Primitives created: 1
23:44:56 | INFO: Extracting primitive: V05_RAW_RACK83_PALLET_7_2_MESH
23:44:56 | INFO: Primitives created: 1
23:44:56 | INFO: Extracting primitive: V05_RAW_RACK83_UPRIGHT_0_0_MESH
23:44:56 | INFO: Primitives created: 1
23:44:56 | INFO: Extracting primitive: V05_RAW_RACK83_UPRIGHT_0_1_MESH
23:44:56 | INFO: Primitives created: 1
23:44:56 | INFO: Extracting primitive: V05_RAW_RACK83_UPRIGHT_0_2_MESH
23:44:56 | INFO: Primitives created: 1
23:44:56 | INFO: Extracting primitive: V05_RAW_RACK83_UPRIGHT_1_0_MESH
23:44:56 | INFO: Primitives created: 1
23:44:56 | INFO: Extracting primitive: V05_RAW_RACK83_UPRIGHT_1_1_MESH
23:44:56 | INFO: Primitives created: 1
23:44:56 | INFO: Extracting primitive: V05_RAW_RACK83_UPRIGHT_1_2_MESH
23:44:56 | INFO: Primitives created: 1
23:44:56 | INFO: Extracting primitive: V05_RAW_RACK83_UPRIGHT_2_0_MESH
23:44:56 | INFO: Primitives created: 1
23:44:56 | INFO: Extracting primitive: V05_RAW_RACK83_UPRIGHT_2_1_MESH
23:44:56 | INFO: Primitives created: 1
23:44:56 | INFO: Extracting primitive: V05_RAW_RACK83_UPRIGHT_2_2_MESH
23:44:56 | INFO: Primitives created: 1
23:44:56 | INFO: Extracting primitive: V05_RAW_RACK83_UPRIGHT_3_0_MESH
23:44:56 | INFO: Primitives created: 1
23:44:56 | INFO: Extracting primitive: V05_RAW_RACK83_UPRIGHT_3_1_MESH
23:44:56 | INFO: Primitives created: 1
23:44:56 | INFO: Extracting primitive: V05_RAW_RACK83_UPRIGHT_3_2_MESH
23:44:56 | INFO: Primitives created: 1
23:44:56 | INFO: Extracting primitive: V05_RAW_RACK83_UPRIGHT_4_0_MESH
23:44:56 | INFO: Primitives created: 1
23:44:56 | INFO: Extracting primitive: V05_RAW_RACK83_UPRIGHT_4_1_MESH
23:44:56 | INFO: Primitives created: 1
23:44:56 | INFO: Extracting primitive: V05_RAW_RACK83_UPRIGHT_4_2_MESH
23:44:56 | INFO: Primitives created: 1
23:44:56 | INFO: Extracting primitive: V05_RAW_RACK83_UPRIGHT_5_0_MESH
23:44:56 | INFO: Primitives created: 1
23:44:56 | INFO: Extracting primitive: V05_RAW_RACK83_UPRIGHT_5_1_MESH
23:44:56 | INFO: Primitives created: 1
23:44:56 | INFO: Extracting primitive: V05_RAW_RACK83_UPRIGHT_5_2_MESH
23:44:56 | INFO: Primitives created: 1
23:44:56 | INFO: Extracting primitive: V05_RAW_RACK83_UPRIGHT_6_0_MESH
23:44:56 | INFO: Primitives created: 1
23:44:56 | INFO: Extracting primitive: V05_RAW_RACK83_UPRIGHT_6_1_MESH
23:44:56 | INFO: Primitives created: 1
23:44:56 | INFO: Extracting primitive: V05_RAW_RACK83_UPRIGHT_6_2_MESH
23:44:56 | INFO: Primitives created: 1
23:44:56 | INFO: Extracting primitive: V05_RAW_RACK83_UPRIGHT_7_0_MESH
23:44:56 | INFO: Primitives created: 1
23:44:56 | INFO: Extracting primitive: V05_RAW_RACK83_UPRIGHT_7_1_MESH
23:44:56 | INFO: Primitives created: 1
23:44:56 | INFO: Extracting primitive: V05_RAW_RACK83_UPRIGHT_7_2_MESH
23:44:56 | INFO: Primitives created: 1
23:44:56 | INFO: Extracting primitive: V05_RAW_RACK91_BEAM_0_MESH
23:44:56 | INFO: Primitives created: 1
23:44:56 | INFO: Extracting primitive: V05_RAW_RACK91_BEAM_1_MESH
23:44:56 | INFO: Primitives created: 1
23:44:56 | INFO: Extracting primitive: V05_RAW_RACK91_BEAM_2_MESH
23:44:56 | INFO: Primitives created: 1
23:44:56 | INFO: Extracting primitive: V05_RAW_RACK91_LOAD_0_0_MESH
23:44:56 | INFO: Primitives created: 1
23:44:56 | INFO: Extracting primitive: V05_RAW_RACK91_LOAD_0_1_MESH
23:44:56 | INFO: Primitives created: 1
23:44:56 | INFO: Extracting primitive: V05_RAW_RACK91_LOAD_0_2_MESH
23:44:56 | INFO: Primitives created: 1
23:44:56 | INFO: Extracting primitive: V05_RAW_RACK91_LOAD_1_0_MESH
23:44:56 | INFO: Primitives created: 1
23:44:56 | INFO: Extracting primitive: V05_RAW_RACK91_LOAD_1_1_MESH
23:44:56 | INFO: Primitives created: 1
23:44:56 | INFO: Extracting primitive: V05_RAW_RACK91_LOAD_1_2_MESH
23:44:56 | INFO: Primitives created: 1
23:44:56 | INFO: Extracting primitive: V05_RAW_RACK91_LOAD_2_0_MESH
23:44:56 | INFO: Primitives created: 1
23:44:56 | INFO: Extracting primitive: V05_RAW_RACK91_LOAD_2_1_MESH
23:44:56 | INFO: Primitives created: 1
23:44:56 | INFO: Extracting primitive: V05_RAW_RACK91_LOAD_2_2_MESH
23:44:56 | INFO: Primitives created: 1
23:44:56 | INFO: Extracting primitive: V05_RAW_RACK91_LOAD_3_0_MESH
23:44:56 | INFO: Primitives created: 1
23:44:56 | INFO: Extracting primitive: V05_RAW_RACK91_LOAD_3_1_MESH
23:44:56 | INFO: Primitives created: 1
23:44:56 | INFO: Extracting primitive: V05_RAW_RACK91_LOAD_3_2_MESH
23:44:56 | INFO: Primitives created: 1
23:44:56 | INFO: Extracting primitive: V05_RAW_RACK91_LOAD_4_0_MESH
23:44:56 | INFO: Primitives created: 1
23:44:56 | INFO: Extracting primitive: V05_RAW_RACK91_LOAD_4_1_MESH
23:44:56 | INFO: Primitives created: 1
23:44:56 | INFO: Extracting primitive: V05_RAW_RACK91_LOAD_4_2_MESH
23:44:56 | INFO: Primitives created: 1
23:44:56 | INFO: Extracting primitive: V05_RAW_RACK91_LOAD_5_0_MESH
23:44:56 | INFO: Primitives created: 1
23:44:56 | INFO: Extracting primitive: V05_RAW_RACK91_LOAD_5_1_MESH
23:44:56 | INFO: Primitives created: 1
23:44:56 | INFO: Extracting primitive: V05_RAW_RACK91_LOAD_5_2_MESH
23:44:56 | INFO: Primitives created: 1
23:44:56 | INFO: Extracting primitive: V05_RAW_RACK91_LOAD_6_0_MESH
23:44:56 | INFO: Primitives created: 1
23:44:56 | INFO: Extracting primitive: V05_RAW_RACK91_LOAD_6_1_MESH
23:44:56 | INFO: Primitives created: 1
23:44:56 | INFO: Extracting primitive: V05_RAW_RACK91_LOAD_6_2_MESH
23:44:56 | INFO: Primitives created: 1
23:44:56 | INFO: Extracting primitive: V05_RAW_RACK91_LOAD_7_0_MESH
23:44:56 | INFO: Primitives created: 1
23:44:56 | INFO: Extracting primitive: V05_RAW_RACK91_LOAD_7_1_MESH
23:44:56 | INFO: Primitives created: 1
23:44:56 | INFO: Extracting primitive: V05_RAW_RACK91_LOAD_7_2_MESH
23:44:56 | INFO: Primitives created: 1
23:44:56 | INFO: Extracting primitive: V05_RAW_RACK91_PALLET_0_0_MESH
23:44:56 | INFO: Primitives created: 1
23:44:56 | INFO: Extracting primitive: V05_RAW_RACK91_PALLET_0_1_MESH
23:44:56 | INFO: Primitives created: 1
23:44:56 | INFO: Extracting primitive: V05_RAW_RACK91_PALLET_0_2_MESH
23:44:56 | INFO: Primitives created: 1
23:44:56 | INFO: Extracting primitive: V05_RAW_RACK91_PALLET_1_0_MESH
23:44:56 | INFO: Primitives created: 1
23:44:56 | INFO: Extracting primitive: V05_RAW_RACK91_PALLET_1_1_MESH
23:44:56 | INFO: Primitives created: 1
23:44:56 | INFO: Extracting primitive: V05_RAW_RACK91_PALLET_1_2_MESH
23:44:56 | INFO: Primitives created: 1
23:44:56 | INFO: Extracting primitive: V05_RAW_RACK91_PALLET_2_0_MESH
23:44:56 | INFO: Primitives created: 1
23:44:56 | INFO: Extracting primitive: V05_RAW_RACK91_PALLET_2_1_MESH
23:44:56 | INFO: Primitives created: 1
23:44:56 | INFO: Extracting primitive: V05_RAW_RACK91_PALLET_2_2_MESH
23:44:56 | INFO: Primitives created: 1
23:44:56 | INFO: Extracting primitive: V05_RAW_RACK91_PALLET_3_0_MESH
23:44:56 | INFO: Primitives created: 1
23:44:56 | INFO: Extracting primitive: V05_RAW_RACK91_PALLET_3_1_MESH
23:44:56 | INFO: Primitives created: 1
23:44:56 | INFO: Extracting primitive: V05_RAW_RACK91_PALLET_3_2_MESH
23:44:56 | INFO: Primitives created: 1
23:44:56 | INFO: Extracting primitive: V05_RAW_RACK91_PALLET_4_0_MESH
23:44:56 | INFO: Primitives created: 1
23:44:56 | INFO: Extracting primitive: V05_RAW_RACK91_PALLET_4_1_MESH
23:44:56 | INFO: Primitives created: 1
23:44:56 | INFO: Extracting primitive: V05_RAW_RACK91_PALLET_4_2_MESH
23:44:56 | INFO: Primitives created: 1
23:44:56 | INFO: Extracting primitive: V05_RAW_RACK91_PALLET_5_0_MESH
23:44:56 | INFO: Primitives created: 1
23:44:56 | INFO: Extracting primitive: V05_RAW_RACK91_PALLET_5_1_MESH
23:44:56 | INFO: Primitives created: 1
23:44:56 | INFO: Extracting primitive: V05_RAW_RACK91_PALLET_5_2_MESH
23:44:56 | INFO: Primitives created: 1
23:44:56 | INFO: Extracting primitive: V05_RAW_RACK91_PALLET_6_0_MESH
23:44:56 | INFO: Primitives created: 1
23:44:56 | INFO: Extracting primitive: V05_RAW_RACK91_PALLET_6_1_MESH
23:44:56 | INFO: Primitives created: 1
23:44:56 | INFO: Extracting primitive: V05_RAW_RACK91_PALLET_6_2_MESH
23:44:56 | INFO: Primitives created: 1
23:44:56 | INFO: Extracting primitive: V05_RAW_RACK91_PALLET_7_0_MESH
23:44:56 | INFO: Primitives created: 1
23:44:56 | INFO: Extracting primitive: V05_RAW_RACK91_PALLET_7_1_MESH
23:44:56 | INFO: Primitives created: 1
23:44:56 | INFO: Extracting primitive: V05_RAW_RACK91_PALLET_7_2_MESH
23:44:56 | INFO: Primitives created: 1
23:44:56 | INFO: Extracting primitive: V05_RAW_RACK91_UPRIGHT_0_0_MESH
23:44:56 | INFO: Primitives created: 1
23:44:56 | INFO: Extracting primitive: V05_RAW_RACK91_UPRIGHT_0_1_MESH
23:44:56 | INFO: Primitives created: 1
23:44:56 | INFO: Extracting primitive: V05_RAW_RACK91_UPRIGHT_0_2_MESH
23:44:56 | INFO: Primitives created: 1
23:44:56 | INFO: Extracting primitive: V05_RAW_RACK91_UPRIGHT_1_0_MESH
23:44:56 | INFO: Primitives created: 1
23:44:56 | INFO: Extracting primitive: V05_RAW_RACK91_UPRIGHT_1_1_MESH
23:44:56 | INFO: Primitives created: 1
23:44:56 | INFO: Extracting primitive: V05_RAW_RACK91_UPRIGHT_1_2_MESH
23:44:56 | INFO: Primitives created: 1
23:44:56 | INFO: Extracting primitive: V05_RAW_RACK91_UPRIGHT_2_0_MESH
23:44:56 | INFO: Primitives created: 1
23:44:56 | INFO: Extracting primitive: V05_RAW_RACK91_UPRIGHT_2_1_MESH
23:44:56 | INFO: Primitives created: 1
23:44:56 | INFO: Extracting primitive: V05_RAW_RACK91_UPRIGHT_2_2_MESH
23:44:56 | INFO: Primitives created: 1
23:44:56 | INFO: Extracting primitive: V05_RAW_RACK91_UPRIGHT_3_0_MESH
23:44:56 | INFO: Primitives created: 1
23:44:56 | INFO: Extracting primitive: V05_RAW_RACK91_UPRIGHT_3_1_MESH
23:44:56 | INFO: Primitives created: 1
23:44:56 | INFO: Extracting primitive: V05_RAW_RACK91_UPRIGHT_3_2_MESH
23:44:56 | INFO: Primitives created: 1
23:44:56 | INFO: Extracting primitive: V05_RAW_RACK91_UPRIGHT_4_0_MESH
23:44:56 | INFO: Primitives created: 1
23:44:56 | INFO: Extracting primitive: V05_RAW_RACK91_UPRIGHT_4_1_MESH
23:44:56 | INFO: Primitives created: 1
23:44:56 | INFO: Extracting primitive: V05_RAW_RACK91_UPRIGHT_4_2_MESH
23:44:56 | INFO: Primitives created: 1
23:44:56 | INFO: Extracting primitive: V05_RAW_RACK91_UPRIGHT_5_0_MESH
23:44:56 | INFO: Primitives created: 1
23:44:56 | INFO: Extracting primitive: V05_RAW_RACK91_UPRIGHT_5_1_MESH
23:44:56 | INFO: Primitives created: 1
23:44:56 | INFO: Extracting primitive: V05_RAW_RACK91_UPRIGHT_5_2_MESH
23:44:56 | INFO: Primitives created: 1
23:44:56 | INFO: Extracting primitive: V05_RAW_RACK91_UPRIGHT_6_0_MESH
23:44:56 | INFO: Primitives created: 1
23:44:56 | INFO: Extracting primitive: V05_RAW_RACK91_UPRIGHT_6_1_MESH
23:44:56 | INFO: Primitives created: 1
23:44:56 | INFO: Extracting primitive: V05_RAW_RACK91_UPRIGHT_6_2_MESH
23:44:56 | INFO: Primitives created: 1
23:44:56 | INFO: Extracting primitive: V05_RAW_RACK91_UPRIGHT_7_0_MESH
23:44:56 | INFO: Primitives created: 1
23:44:56 | INFO: Extracting primitive: V05_RAW_RACK91_UPRIGHT_7_1_MESH
23:44:56 | INFO: Primitives created: 1
23:44:56 | INFO: Extracting primitive: V05_RAW_RACK91_UPRIGHT_7_2_MESH
23:44:56 | INFO: Primitives created: 1
23:44:56 | INFO: Extracting primitive: V05_RAW_RECEIVE0_BASE_MESH
23:44:56 | INFO: Primitives created: 1
23:44:56 | INFO: Extracting primitive: V05_RAW_RECEIVE0_LOAD_MESH
23:44:56 | INFO: Primitives created: 1
23:44:56 | INFO: Extracting primitive: V05_RAW_RECEIVE1_BASE_MESH
23:44:56 | INFO: Primitives created: 1
23:44:56 | INFO: Extracting primitive: V05_RAW_RECEIVE1_LOAD_MESH
23:44:56 | INFO: Primitives created: 1
23:44:56 | INFO: Extracting primitive: V05_RAW_RECEIVE2_BASE_MESH
23:44:56 | INFO: Primitives created: 1
23:44:56 | INFO: Extracting primitive: V05_RAW_RECEIVE2_LOAD_MESH
23:44:56 | INFO: Primitives created: 1
23:44:56 | INFO: Extracting primitive: V05_RAW_RECEIVE3_BASE_MESH
23:44:56 | INFO: Primitives created: 1
23:44:56 | INFO: Extracting primitive: V05_RAW_RECEIVE3_LOAD_MESH
23:44:56 | INFO: Primitives created: 1
23:44:56 | INFO: Extracting primitive: V05_RAW_RECEIVE4_BASE_MESH
23:44:56 | INFO: Primitives created: 1
23:44:56 | INFO: Extracting primitive: V05_RAW_RECEIVE4_LOAD_MESH
23:44:56 | INFO: Primitives created: 1
23:44:56 | INFO: Extracting primitive: V05_RAW_RECEIVE5_BASE_MESH
23:44:56 | INFO: Primitives created: 1
23:44:56 | INFO: Extracting primitive: V05_RAW_RECEIVE5_LOAD_MESH
23:44:56 | INFO: Primitives created: 1
23:44:56 | INFO: Extracting primitive: V05_RAW_RECEIVE_DESK_MESH
23:44:56 | INFO: Primitives created: 1
23:44:56 | INFO: Extracting primitive: V05_RAW_RIGHT_MESH
23:44:56 | INFO: Primitives created: 1
23:44:56 | INFO: Extracting primitive: V05_RAW_SOFFIT_-62.879999999999995_MESH
23:44:56 | INFO: Primitives created: 1
23:44:56 | INFO: Extracting primitive: V05_RAW_SOFFIT_-78_MESH
23:44:56 | INFO: Primitives created: 1
23:44:56 | INFO: Extracting primitive: V05_RAW_SOFFIT_-93.12_MESH
23:44:56 | INFO: Primitives created: 1
23:44:56 | INFO: Extracting primitive: V05_RESTAURANT_BACK_MESH
23:44:56 | INFO: Primitives created: 1
23:44:56 | INFO: Extracting primitive: V05_RESTAURANT_DOOR_HEADER_MESH
23:44:56 | INFO: Primitives created: 1
23:44:56 | INFO: Extracting primitive: V05_RESTAURANT_DOOR_L_MESH
23:44:56 | INFO: Primitives created: 1
23:44:56 | INFO: Extracting primitive: V05_RESTAURANT_DOOR_R_MESH
23:44:56 | INFO: Primitives created: 1
23:44:56 | INFO: Extracting primitive: V05_RESTAURANT_FLOOR_MESH
23:44:56 | INFO: Primitives created: 1
23:44:56 | INFO: Extracting primitive: V05_RESTAURANT_LEFT_MESH
23:44:56 | INFO: Primitives created: 1
23:44:56 | INFO: Extracting primitive: V05_RESTAURANT_LIGHT_0_FIXTURE_MESH
23:44:56 | INFO: Primitives created: 1
23:44:56 | INFO: Extracting primitive: V05_RESTAURANT_LIGHT_0_GLOW_MESH
23:44:56 | INFO: Primitives created: 1
23:44:56 | INFO: Extracting primitive: V05_RESTAURANT_LIGHT_1_FIXTURE_MESH
23:44:56 | INFO: Primitives created: 1
23:44:56 | INFO: Extracting primitive: V05_RESTAURANT_LIGHT_1_GLOW_MESH
23:44:56 | INFO: Primitives created: 1
23:44:56 | INFO: Extracting primitive: V05_RESTAURANT_LIGHT_2_FIXTURE_MESH
23:44:56 | INFO: Primitives created: 1
23:44:56 | INFO: Extracting primitive: V05_RESTAURANT_LIGHT_2_GLOW_MESH
23:44:56 | INFO: Primitives created: 1
23:44:56 | INFO: Extracting primitive: V05_RESTAURANT_LIGHT_3_FIXTURE_MESH
23:44:56 | INFO: Primitives created: 1
23:44:56 | INFO: Extracting primitive: V05_RESTAURANT_LIGHT_3_GLOW_MESH
23:44:56 | INFO: Primitives created: 1
23:44:56 | INFO: Extracting primitive: V05_RESTAURANT_RIGHT_MESH
23:44:56 | INFO: Primitives created: 1
23:44:56 | INFO: Extracting primitive: V05_RESTAURANT_SOFFIT_5_MESH
23:44:56 | INFO: Primitives created: 1
23:44:56 | INFO: Extracting primitive: V05_RESTAURANT_SOFFIT_17.6_MESH
23:44:56 | INFO: Primitives created: 1
23:44:56 | INFO: Extracting primitive: V05_RESTAURANT_SOFFIT_-7.600000000000001_MESH
23:44:56 | INFO: Primitives created: 1
23:44:56 | INFO: Extracting primitive: V05_SECURITY_BACK_MESH
23:44:56 | INFO: Primitives created: 1
23:44:56 | INFO: Extracting primitive: V05_SECURITY_DESK_MESH
23:44:56 | INFO: Primitives created: 1
23:44:56 | INFO: Extracting primitive: V05_SECURITY_DOOR_HEADER_MESH
23:44:56 | INFO: Primitives created: 1
23:44:56 | INFO: Extracting primitive: V05_SECURITY_DOOR_L_MESH
23:44:56 | INFO: Primitives created: 1
23:44:56 | INFO: Extracting primitive: V05_SECURITY_DOOR_R_MESH
23:44:56 | INFO: Primitives created: 1
23:44:56 | INFO: Extracting primitive: V05_SECURITY_FLOOR_MESH
23:44:56 | INFO: Primitives created: 1
23:44:56 | INFO: Extracting primitive: V05_SECURITY_LEFT_MESH
23:44:56 | INFO: Primitives created: 1
23:44:56 | INFO: Extracting primitive: V05_SECURITY_LIGHT_0_FIXTURE_MESH
23:44:56 | INFO: Primitives created: 1
23:44:56 | INFO: Extracting primitive: V05_SECURITY_LIGHT_0_GLOW_MESH
23:44:56 | INFO: Primitives created: 1
23:44:56 | INFO: Extracting primitive: V05_SECURITY_LIGHT_1_FIXTURE_MESH
23:44:56 | INFO: Primitives created: 1
23:44:56 | INFO: Extracting primitive: V05_SECURITY_LIGHT_1_GLOW_MESH
23:44:56 | INFO: Primitives created: 1
23:44:56 | INFO: Extracting primitive: V05_SECURITY_LIGHT_2_FIXTURE_MESH
23:44:56 | INFO: Primitives created: 1
23:44:56 | INFO: Extracting primitive: V05_SECURITY_LIGHT_2_GLOW_MESH
23:44:56 | INFO: Primitives created: 1
23:44:56 | INFO: Extracting primitive: V05_SECURITY_LIGHT_3_FIXTURE_MESH
23:44:56 | INFO: Primitives created: 1
23:44:56 | INFO: Extracting primitive: V05_SECURITY_LIGHT_3_GLOW_MESH
23:44:56 | INFO: Primitives created: 1
23:44:56 | INFO: Extracting primitive: V05_SECURITY_RIGHT_MESH
23:44:56 | INFO: Primitives created: 1
23:44:56 | INFO: Extracting primitive: V05_SECURITY_SCREEN_MESH
23:44:56 | INFO: Primitives created: 1
23:44:56 | INFO: Extracting primitive: V05_SECURITY_SCREENING_MESH
23:44:56 | INFO: Primitives created: 1
23:44:56 | INFO: Extracting primitive: V05_SECURITY_SOFFIT_-44.56_MESH
23:44:56 | INFO: Primitives created: 1
23:44:56 | INFO: Extracting primitive: V05_SECURITY_SOFFIT_-58_MESH
23:44:56 | INFO: Primitives created: 1
23:44:56 | INFO: Extracting primitive: V05_SECURITY_SOFFIT_-71.44_MESH
23:44:56 | INFO: Primitives created: 1
23:44:56 | INFO: Extracting primitive: V05_SECURITY_WAIT_POST_MESH
23:44:56 | INFO: Primitives created: 1
23:44:56 | INFO: Extracting primitive: V05_TRAINING_BACK_MESH
23:44:56 | INFO: Primitives created: 1
23:44:56 | INFO: Extracting primitive: V05_TRAINING_DOOR_HEADER_MESH
23:44:56 | INFO: Primitives created: 1
23:44:56 | INFO: Extracting primitive: V05_TRAINING_DOOR_L_MESH
23:44:56 | INFO: Primitives created: 1
23:44:56 | INFO: Extracting primitive: V05_TRAINING_DOOR_R_MESH
23:44:56 | INFO: Primitives created: 1
23:44:56 | INFO: Extracting primitive: V05_TRAINING_FLOOR_MESH
23:44:56 | INFO: Primitives created: 1
23:44:56 | INFO: Extracting primitive: V05_TRAINING_INSTRUCTOR_MESH
23:44:56 | INFO: Primitives created: 1
23:44:56 | INFO: Extracting primitive: V05_TRAINING_LEFT_MESH
23:44:56 | INFO: Primitives created: 1
23:44:56 | INFO: Extracting primitive: V05_TRAINING_LIGHT_0_FIXTURE_MESH
23:44:56 | INFO: Primitives created: 1
23:44:56 | INFO: Extracting primitive: V05_TRAINING_LIGHT_0_GLOW_MESH
23:44:56 | INFO: Primitives created: 1
23:44:56 | INFO: Extracting primitive: V05_TRAINING_LIGHT_1_FIXTURE_MESH
23:44:56 | INFO: Primitives created: 1
23:44:56 | INFO: Extracting primitive: V05_TRAINING_LIGHT_1_GLOW_MESH
23:44:56 | INFO: Primitives created: 1
23:44:56 | INFO: Extracting primitive: V05_TRAINING_RIGHT_MESH
23:44:56 | INFO: Primitives created: 1
23:44:56 | INFO: Extracting primitive: V05_TRAINING_SCREEN_MESH
23:44:56 | INFO: Primitives created: 1
23:44:56 | INFO: Extracting primitive: V05_TRAINING_SOFFIT_22.72_MESH
23:44:56 | INFO: Primitives created: 1
23:44:56 | INFO: Extracting primitive: V05_TRAINING_SOFFIT_30_MESH
23:44:56 | INFO: Primitives created: 1
23:44:56 | INFO: Extracting primitive: V05_TRAINING_SOFFIT_37.28_MESH
23:44:56 | INFO: Primitives created: 1
23:44:56 | INFO: Extracting primitive: V05_TRAINING_STORAGE_BEAM_0_MESH
23:44:56 | INFO: Primitives created: 1
23:44:56 | INFO: Extracting primitive: V05_TRAINING_STORAGE_BEAM_1_MESH
23:44:56 | INFO: Primitives created: 1
23:44:56 | INFO: Extracting primitive: V05_TRAINING_STORAGE_LOAD_0_0_MESH
23:44:56 | INFO: Primitives created: 1
23:44:56 | INFO: Extracting primitive: V05_TRAINING_STORAGE_LOAD_0_1_MESH
23:44:56 | INFO: Primitives created: 1
23:44:56 | INFO: Extracting primitive: V05_TRAINING_STORAGE_LOAD_1_0_MESH
23:44:56 | INFO: Primitives created: 1
23:44:56 | INFO: Extracting primitive: V05_TRAINING_STORAGE_LOAD_1_1_MESH
23:44:56 | INFO: Primitives created: 1
23:44:56 | INFO: Extracting primitive: V05_TRAINING_STORAGE_PALLET_0_0_MESH
23:44:56 | INFO: Primitives created: 1
23:44:56 | INFO: Extracting primitive: V05_TRAINING_STORAGE_PALLET_0_1_MESH
23:44:56 | INFO: Primitives created: 1
23:44:56 | INFO: Extracting primitive: V05_TRAINING_STORAGE_PALLET_1_0_MESH
23:44:56 | INFO: Primitives created: 1
23:44:56 | INFO: Extracting primitive: V05_TRAINING_STORAGE_PALLET_1_1_MESH
23:44:56 | INFO: Primitives created: 1
23:44:56 | INFO: Extracting primitive: V05_TRAINING_STORAGE_UPRIGHT_0_0_MESH
23:44:56 | INFO: Primitives created: 1
23:44:56 | INFO: Extracting primitive: V05_TRAINING_STORAGE_UPRIGHT_0_1_MESH
23:44:56 | INFO: Primitives created: 1
23:44:56 | INFO: Extracting primitive: V05_TRAINING_STORAGE_UPRIGHT_1_0_MESH
23:44:56 | INFO: Primitives created: 1
23:44:56 | INFO: Extracting primitive: V05_TRAINING_STORAGE_UPRIGHT_1_1_MESH
23:44:56 | INFO: Primitives created: 1
23:44:56 | INFO: Extracting primitive: V05_TURNSTILE0_MESH
23:44:56 | INFO: Primitives created: 1
23:44:56 | INFO: Extracting primitive: V05_TURNSTILE1_MESH
23:44:56 | INFO: Primitives created: 1
23:44:56 | INFO: Extracting primitive: V05_TURNSTILE2_MESH
23:44:56 | INFO: Primitives created: 1
23:44:56 | INFO: Extracting primitive: V05_TURNSTILE3_MESH
23:44:56 | INFO: Primitives created: 1
23:44:56 | INFO: Extracting primitive: V05_UTIL_BACK_MESH
23:44:56 | INFO: Primitives created: 1
23:44:56 | INFO: Extracting primitive: V05_UTIL_BOILER_LID_MESH
23:44:56 | INFO: Primitives created: 1
23:44:56 | INFO: Extracting primitive: V05_UTIL_BOILER_OUT_MESH
23:44:56 | INFO: Primitives created: 1
23:44:56 | INFO: Extracting primitive: V05_UTIL_COMPRESSOR_BASE_MESH
23:44:56 | INFO: Primitives created: 1
23:44:56 | INFO: Extracting primitive: V05_UTIL_COMPRESSOR_HOUSING_MESH
23:44:56 | INFO: Primitives created: 1
23:44:56 | INFO: Extracting primitive: V05_UTIL_COMPRESSOR_PANEL_MESH
23:44:56 | INFO: Primitives created: 1
23:44:56 | INFO: Extracting primitive: V05_UTIL_DOOR_HEADER_MESH
23:44:56 | INFO: Primitives created: 1
23:44:56 | INFO: Extracting primitive: V05_UTIL_DOOR_L_MESH
23:44:56 | INFO: Primitives created: 1
23:44:56 | INFO: Extracting primitive: V05_UTIL_DOOR_R_MESH
23:44:56 | INFO: Primitives created: 1
23:44:56 | INFO: Extracting primitive: V05_UTIL_FLOOR_MESH
23:44:56 | INFO: Primitives created: 1
23:44:56 | INFO: Extracting primitive: V05_UTIL_LEFT_MESH
23:44:56 | INFO: Primitives created: 1
23:44:56 | INFO: Extracting primitive: V05_UTIL_LIGHT_0_FIXTURE_MESH
23:44:56 | INFO: Primitives created: 1
23:44:56 | INFO: Extracting primitive: V05_UTIL_LIGHT_0_GLOW_MESH
23:44:56 | INFO: Primitives created: 1
23:44:56 | INFO: Extracting primitive: V05_UTIL_LIGHT_1_FIXTURE_MESH
23:44:56 | INFO: Primitives created: 1
23:44:56 | INFO: Extracting primitive: V05_UTIL_LIGHT_1_GLOW_MESH
23:44:56 | INFO: Primitives created: 1
23:44:56 | INFO: Extracting primitive: V05_UTIL_LIGHT_2_FIXTURE_MESH
23:44:56 | INFO: Primitives created: 1
23:44:56 | INFO: Extracting primitive: V05_UTIL_LIGHT_2_GLOW_MESH
23:44:56 | INFO: Primitives created: 1
23:44:56 | INFO: Extracting primitive: V05_UTIL_MAINT_BENCH_MESH
23:44:56 | INFO: Primitives created: 1
23:44:56 | INFO: Extracting primitive: V05_UTIL_MANIFOLD0_MESH
23:44:56 | INFO: Primitives created: 1
23:44:56 | INFO: Extracting primitive: V05_UTIL_MANIFOLD1_MESH
23:44:56 | INFO: Primitives created: 1
23:44:56 | INFO: Extracting primitive: V05_UTIL_MANIFOLD2_MESH
23:44:56 | INFO: Primitives created: 1
23:44:56 | INFO: Extracting primitive: V05_UTIL_MANIFOLD3_MESH
23:44:56 | INFO: Primitives created: 1
23:44:56 | INFO: Extracting primitive: V05_UTIL_RIGHT_MESH
23:44:56 | INFO: Primitives created: 1
23:44:56 | INFO: Extracting primitive: V05_UTIL_RO0_LID_MESH
23:44:56 | INFO: Primitives created: 1
23:44:56 | INFO: Extracting primitive: V05_UTIL_RO0_OUT_MESH
23:44:56 | INFO: Primitives created: 1
23:44:56 | INFO: Extracting primitive: V05_UTIL_RO0_VESSEL_MESH
23:44:56 | INFO: Primitives created: 1
23:44:56 | INFO: Extracting primitive: V05_UTIL_RO1_LID_MESH
23:44:56 | INFO: Primitives created: 1
23:44:56 | INFO: Extracting primitive: V05_UTIL_RO1_OUT_MESH
23:44:56 | INFO: Primitives created: 1
23:44:56 | INFO: Extracting primitive: V05_UTIL_RO1_VESSEL_MESH
23:44:56 | INFO: Primitives created: 1
23:44:56 | INFO: Extracting primitive: V05_UTIL_RO2_LID_MESH
23:44:56 | INFO: Primitives created: 1
23:44:56 | INFO: Extracting primitive: V05_UTIL_RO2_OUT_MESH
23:44:56 | INFO: Primitives created: 1
23:44:56 | INFO: Extracting primitive: V05_UTIL_RO2_VESSEL_MESH
23:44:56 | INFO: Primitives created: 1
23:44:56 | INFO: Extracting primitive: V05_UTIL_RO_SKID_MESH
23:44:56 | INFO: Primitives created: 1
23:44:56 | INFO: Extracting primitive: V05_UTIL_SOFFIT_86.48_MESH
23:44:56 | INFO: Primitives created: 1
23:44:56 | INFO: Extracting primitive: V05_UTIL_SOFFIT_96_MESH
23:44:56 | INFO: Primitives created: 1
23:44:56 | INFO: Extracting primitive: V05_UTIL_SOFFIT_105.52_MESH
23:44:56 | INFO: Primitives created: 1
23:44:56 | INFO: Extracting primitive: V05_UTIL_STEAM_MESH
23:44:56 | INFO: Primitives created: 1
23:44:56 | INFO: Extracting primitive: V05_VISITOR_WAIT_CHAIR_0_MESH
23:44:56 | INFO: Primitives created: 1
23:44:56 | INFO: Extracting primitive: V05_VISITOR_WAIT_CHAIR_1_MESH
23:44:56 | INFO: Primitives created: 1
23:44:56 | INFO: Extracting primitive: V05_VISITOR_WAIT_CHAIR_2_MESH
23:44:56 | INFO: Primitives created: 1
23:44:56 | INFO: Extracting primitive: V05_VISITOR_WAIT_CHAIR_3_MESH
23:44:56 | INFO: Primitives created: 1
23:44:56 | INFO: Extracting primitive: V05_VISITOR_WAIT_TABLE_MESH
23:44:56 | INFO: Primitives created: 1
23:44:56 | INFO: Extracting primitive: V05_WELLNESS_BACK_MESH
23:44:56 | INFO: Primitives created: 1
23:44:56 | INFO: Extracting primitive: V05_WELLNESS_DOOR_HEADER_MESH
23:44:56 | INFO: Primitives created: 1
23:44:56 | INFO: Extracting primitive: V05_WELLNESS_DOOR_L_MESH
23:44:56 | INFO: Primitives created: 1
23:44:56 | INFO: Extracting primitive: V05_WELLNESS_DOOR_R_MESH
23:44:56 | INFO: Primitives created: 1
23:44:56 | INFO: Extracting primitive: V05_WELLNESS_FLOOR_MESH
23:44:56 | INFO: Primitives created: 1
23:44:56 | INFO: Extracting primitive: V05_WELLNESS_LEFT_MESH
23:44:56 | INFO: Primitives created: 1
23:44:56 | INFO: Extracting primitive: V05_WELLNESS_LIGHT_0_FIXTURE_MESH
23:44:56 | INFO: Primitives created: 1
23:44:56 | INFO: Extracting primitive: V05_WELLNESS_LIGHT_0_GLOW_MESH
23:44:56 | INFO: Primitives created: 1
23:44:56 | INFO: Extracting primitive: V05_WELLNESS_LIGHT_1_FIXTURE_MESH
23:44:56 | INFO: Primitives created: 1
23:44:56 | INFO: Extracting primitive: V05_WELLNESS_LIGHT_1_GLOW_MESH
23:44:56 | INFO: Primitives created: 1
23:44:56 | INFO: Extracting primitive: V05_WELLNESS_LOCKER_BEAM_0_MESH
23:44:56 | INFO: Primitives created: 1
23:44:56 | INFO: Extracting primitive: V05_WELLNESS_LOCKER_BEAM_1_MESH
23:44:56 | INFO: Primitives created: 1
23:44:56 | INFO: Extracting primitive: V05_WELLNESS_LOCKER_LOAD_0_0_MESH
23:44:56 | INFO: Primitives created: 1
23:44:56 | INFO: Extracting primitive: V05_WELLNESS_LOCKER_LOAD_0_1_MESH
23:44:56 | INFO: Primitives created: 1
23:44:56 | INFO: Extracting primitive: V05_WELLNESS_LOCKER_LOAD_1_0_MESH
23:44:56 | INFO: Primitives created: 1
23:44:56 | INFO: Extracting primitive: V05_WELLNESS_LOCKER_LOAD_1_1_MESH
23:44:56 | INFO: Primitives created: 1
23:44:56 | INFO: Extracting primitive: V05_WELLNESS_LOCKER_LOAD_2_0_MESH
23:44:56 | INFO: Primitives created: 1
23:44:56 | INFO: Extracting primitive: V05_WELLNESS_LOCKER_LOAD_2_1_MESH
23:44:56 | INFO: Primitives created: 1
23:44:56 | INFO: Extracting primitive: V05_WELLNESS_LOCKER_PALLET_0_0_MESH
23:44:56 | INFO: Primitives created: 1
23:44:56 | INFO: Extracting primitive: V05_WELLNESS_LOCKER_PALLET_0_1_MESH
23:44:56 | INFO: Primitives created: 1
23:44:56 | INFO: Extracting primitive: V05_WELLNESS_LOCKER_PALLET_1_0_MESH
23:44:56 | INFO: Primitives created: 1
23:44:56 | INFO: Extracting primitive: V05_WELLNESS_LOCKER_PALLET_1_1_MESH
23:44:56 | INFO: Primitives created: 1
23:44:56 | INFO: Extracting primitive: V05_WELLNESS_LOCKER_PALLET_2_0_MESH
23:44:56 | INFO: Primitives created: 1
23:44:56 | INFO: Extracting primitive: V05_WELLNESS_LOCKER_PALLET_2_1_MESH
23:44:56 | INFO: Primitives created: 1
23:44:56 | INFO: Extracting primitive: V05_WELLNESS_LOCKER_UPRIGHT_0_0_MESH
23:44:56 | INFO: Primitives created: 1
23:44:56 | INFO: Extracting primitive: V05_WELLNESS_LOCKER_UPRIGHT_0_1_MESH
23:44:56 | INFO: Primitives created: 1
23:44:56 | INFO: Extracting primitive: V05_WELLNESS_LOCKER_UPRIGHT_1_0_MESH
23:44:56 | INFO: Primitives created: 1
23:44:56 | INFO: Extracting primitive: V05_WELLNESS_LOCKER_UPRIGHT_1_1_MESH
23:44:56 | INFO: Primitives created: 1
23:44:56 | INFO: Extracting primitive: V05_WELLNESS_LOCKER_UPRIGHT_2_0_MESH
23:44:56 | INFO: Primitives created: 1
23:44:56 | INFO: Extracting primitive: V05_WELLNESS_LOCKER_UPRIGHT_2_1_MESH
23:44:56 | INFO: Primitives created: 1
23:44:56 | INFO: Extracting primitive: V05_WELLNESS_RIGHT_MESH
23:44:56 | INFO: Primitives created: 1
23:44:56 | INFO: Extracting primitive: V05_WELLNESS_SOFFIT_22.16_MESH
23:44:56 | INFO: Primitives created: 1
23:44:56 | INFO: Extracting primitive: V05_WELLNESS_SOFFIT_30_MESH
23:44:56 | INFO: Primitives created: 1
23:44:56 | INFO: Extracting primitive: V05_WELLNESS_SOFFIT_37.84_MESH
23:44:56 | INFO: Primitives created: 1
23:44:56 | INFO: Extracting primitive: V05_WIPES_BACK_MESH
23:44:56 | INFO: Primitives created: 1
23:44:56 | INFO: Extracting primitive: V05_WIPES_CUT_STACK_MESH
23:44:56 | INFO: Primitives created: 1
23:44:56 | INFO: Extracting primitive: V05_WIPES_DOOR_HEADER_MESH
23:44:56 | INFO: Primitives created: 1
23:44:56 | INFO: Extracting primitive: V05_WIPES_DOOR_L_MESH
23:44:56 | INFO: Primitives created: 1
23:44:56 | INFO: Extracting primitive: V05_WIPES_DOOR_R_MESH
23:44:56 | INFO: Primitives created: 1
23:44:56 | INFO: Extracting primitive: V05_WIPES_FLOOR_MESH
23:44:56 | INFO: Primitives created: 1
23:44:56 | INFO: Extracting primitive: V05_WIPES_LEFT_MESH
23:44:56 | INFO: Primitives created: 1
23:44:56 | INFO: Extracting primitive: V05_WIPES_LIGHT_0_FIXTURE_MESH
23:44:56 | INFO: Primitives created: 1
23:44:56 | INFO: Extracting primitive: V05_WIPES_LIGHT_0_GLOW_MESH
23:44:56 | INFO: Primitives created: 1
23:44:56 | INFO: Extracting primitive: V05_WIPES_LIGHT_1_FIXTURE_MESH
23:44:56 | INFO: Primitives created: 1
23:44:56 | INFO: Extracting primitive: V05_WIPES_LIGHT_1_GLOW_MESH
23:44:56 | INFO: Primitives created: 1
23:44:56 | INFO: Extracting primitive: V05_WIPES_LIGHT_2_FIXTURE_MESH
23:44:56 | INFO: Primitives created: 1
23:44:56 | INFO: Extracting primitive: V05_WIPES_LIGHT_2_GLOW_MESH
23:44:56 | INFO: Primitives created: 1
23:44:56 | INFO: Extracting primitive: V05_WIPES_LIGHT_3_FIXTURE_MESH
23:44:56 | INFO: Primitives created: 1
23:44:56 | INFO: Extracting primitive: V05_WIPES_LIGHT_3_GLOW_MESH
23:44:56 | INFO: Primitives created: 1
23:44:56 | INFO: Extracting primitive: V05_WIPES_LIGHT_4_FIXTURE_MESH
23:44:56 | INFO: Primitives created: 1
23:44:56 | INFO: Extracting primitive: V05_WIPES_LIGHT_4_GLOW_MESH
23:44:56 | INFO: Primitives created: 1
23:44:56 | INFO: Extracting primitive: V05_WIPES_POUCH_A_MESH
23:44:56 | INFO: Primitives created: 1
23:44:56 | INFO: Extracting primitive: V05_WIPES_POUCH_B_MESH
23:44:56 | INFO: Primitives created: 1
23:44:56 | INFO: Extracting primitive: V05_WIPES_POUCH_BED_MESH
23:44:56 | INFO: Primitives created: 1
23:44:56 | INFO: Extracting primitive: V05_WIPES_POUCH_ROLLER0_MESH
23:44:56 | INFO: Primitives created: 1
23:44:56 | INFO: Extracting primitive: V05_WIPES_POUCH_ROLLER1_MESH
23:44:56 | INFO: Primitives created: 1
23:44:56 | INFO: Extracting primitive: V05_WIPES_POUCH_ROLLER2_MESH
23:44:56 | INFO: Primitives created: 1
23:44:56 | INFO: Extracting primitive: V05_WIPES_POUCH_ROLLER3_MESH
23:44:56 | INFO: Primitives created: 1
23:44:56 | INFO: Extracting primitive: V05_WIPES_POUCH_ROLLER4_MESH
23:44:56 | INFO: Primitives created: 1
23:44:56 | INFO: Extracting primitive: V05_WIPES_POUCH_ROLLER5_MESH
23:44:56 | INFO: Primitives created: 1
23:44:56 | INFO: Extracting primitive: V05_WIPES_POUCH_ROLLER6_MESH
23:44:56 | INFO: Primitives created: 1
23:44:56 | INFO: Extracting primitive: V05_WIPES_RIGHT_MESH
23:44:56 | INFO: Primitives created: 1
23:44:56 | INFO: Extracting primitive: V05_WIPES_ROLL0_MESH
23:44:56 | INFO: Primitives created: 1
23:44:56 | INFO: Extracting primitive: V05_WIPES_ROLL1_MESH
23:44:56 | INFO: Primitives created: 1
23:44:56 | INFO: Extracting primitive: V05_WIPES_SEAL_BASE_MESH
23:44:56 | INFO: Primitives created: 1
23:44:56 | INFO: Extracting primitive: V05_WIPES_SEAL_HOUSING_MESH
23:44:56 | INFO: Primitives created: 1
23:44:56 | INFO: Extracting primitive: V05_WIPES_SEAL_PANEL_MESH
23:44:56 | INFO: Primitives created: 1
23:44:56 | INFO: Extracting primitive: V05_WIPES_SOFFIT_7.999999999999998_MESH
23:44:56 | INFO: Primitives created: 1
23:44:56 | INFO: Extracting primitive: V05_WIPES_SOFFIT_22_MESH
23:44:56 | INFO: Primitives created: 1
23:44:56 | INFO: Extracting primitive: V05_WIPES_SOFFIT_36.0_MESH
23:44:56 | INFO: Primitives created: 1
23:44:56 | INFO: Extracting primitive: V05_WIPES_UNWIND_A_MESH
23:44:56 | INFO: Primitives created: 1
23:44:56 | INFO: Extracting primitive: V05_WIPES_UNWIND_B_MESH
23:44:56 | INFO: Primitives created: 1
23:44:56 | INFO: Extracting primitive: V05_WIPES_UNWIND_BED_MESH
23:44:56 | INFO: Primitives created: 1
23:44:56 | INFO: Extracting primitive: V05_WIPES_UNWIND_ROLLER0_MESH
23:44:56 | INFO: Primitives created: 1
23:44:56 | INFO: Extracting primitive: V05_WIPES_UNWIND_ROLLER1_MESH
23:44:56 | INFO: Primitives created: 1
23:44:56 | INFO: Extracting primitive: V05_WIPES_UNWIND_ROLLER2_MESH
23:44:56 | INFO: Primitives created: 1
23:44:56 | INFO: Extracting primitive: V05_WIPES_UNWIND_ROLLER3_MESH
23:44:56 | INFO: Primitives created: 1
23:44:56 | INFO: Extracting primitive: V05_WIPES_UNWIND_ROLLER4_MESH
23:44:56 | INFO: Primitives created: 1
23:44:56 | INFO: Extracting primitive: V05_WIPES_UNWIND_ROLLER5_MESH
23:44:56 | INFO: Primitives created: 1
23:44:56 | INFO: Extracting primitive: V05_WIPES_UNWIND_ROLLER6_MESH
23:44:56 | INFO: Primitives created: 1
23:44:56 | INFO: Extracting primitive: V05_WIPES_WEB_A_MESH
23:44:56 | INFO: Primitives created: 1
23:44:56 | INFO: Extracting primitive: V05_WIPES_WEB_B_MESH
23:44:56 | INFO: Primitives created: 1
23:44:56 | INFO: Extracting primitive: V05_WIPES_WEB_BED_MESH
23:44:56 | INFO: Primitives created: 1
23:44:56 | INFO: Extracting primitive: V05_WIPES_WEB_ROLLER0_MESH
23:44:56 | INFO: Primitives created: 1
23:44:56 | INFO: Extracting primitive: V05_WIPES_WEB_ROLLER1_MESH
23:44:56 | INFO: Primitives created: 1
23:44:56 | INFO: Extracting primitive: V05_WIPES_WEB_ROLLER2_MESH
23:44:56 | INFO: Primitives created: 1
23:44:56 | INFO: Extracting primitive: V05_WIPES_WEB_ROLLER3_MESH
23:44:56 | INFO: Primitives created: 1
23:44:56 | INFO: Extracting primitive: V05_WIPES_WEB_ROLLER4_MESH
23:44:56 | INFO: Primitives created: 1
23:44:56 | INFO: Extracting primitive: V05_WIPES_WEB_ROLLER5_MESH
23:44:56 | INFO: Primitives created: 1
23:44:56 | INFO: Extracting primitive: V05_WIPES_WEB_ROLLER6_MESH
23:44:56 | INFO: Primitives created: 1
23:44:56 | INFO: Extracting primitive: V05_WIPES_WETTING_MESH
23:44:56 | INFO: Primitives created: 1
23:44:56 | INFO: Extracting primitive: V05_YOGA_MAT0_MESH
23:44:56 | INFO: Primitives created: 1
23:44:56 | INFO: Extracting primitive: V05_YOGA_MAT1_MESH
23:44:56 | INFO: Primitives created: 1
23:44:56 | INFO: Extracting primitive: V05_YOGA_MAT2_MESH
23:44:56 | INFO: Primitives created: 1
23:44:56 | INFO: Extracting primitive: V05_YOGA_MAT3_MESH
23:44:56 | INFO: Primitives created: 1
23:44:56 | INFO: Extracting primitive: V06_ADMIN_BACK_MESH
23:44:56 | INFO: Primitives created: 1
23:44:56 | INFO: Extracting primitive: V06_ADMIN_COLLAB_CHAIR_0_MESH
23:44:56 | INFO: Primitives created: 1
23:44:56 | INFO: Extracting primitive: V06_ADMIN_COLLAB_CHAIR_1_MESH
23:44:56 | INFO: Primitives created: 1
23:44:56 | INFO: Extracting primitive: V06_ADMIN_COLLAB_CHAIR_2_MESH
23:44:56 | INFO: Primitives created: 1
23:44:56 | INFO: Extracting primitive: V06_ADMIN_COLLAB_CHAIR_3_MESH
23:44:56 | INFO: Primitives created: 1
23:44:56 | INFO: Extracting primitive: V06_ADMIN_COLLAB_CHAIR_4_MESH
23:44:56 | INFO: Primitives created: 1
23:44:56 | INFO: Extracting primitive: V06_ADMIN_COLLAB_CHAIR_5_MESH
23:44:56 | INFO: Primitives created: 1
23:44:56 | INFO: Extracting primitive: V06_ADMIN_COLLAB_CHAIR_6_MESH
23:44:56 | INFO: Primitives created: 1
23:44:56 | INFO: Extracting primitive: V06_ADMIN_COLLAB_CHAIR_7_MESH
23:44:56 | INFO: Primitives created: 1
23:44:56 | INFO: Extracting primitive: V06_ADMIN_COLLAB_TABLE_MESH
23:44:56 | INFO: Primitives created: 1
23:44:56 | INFO: Extracting primitive: V06_ADMIN_DOOR_HEADER_MESH
23:44:56 | INFO: Primitives created: 1
23:44:56 | INFO: Extracting primitive: V06_ADMIN_DOOR_L_MESH
23:44:56 | INFO: Primitives created: 1
23:44:56 | INFO: Extracting primitive: V06_ADMIN_DOOR_R_MESH
23:44:56 | INFO: Primitives created: 1
23:44:56 | INFO: Extracting primitive: V06_ADMIN_FLOOR_MESH
23:44:56 | INFO: Primitives created: 1
23:44:56 | INFO: Extracting primitive: V06_ADMIN_LAB_BENCH_MESH
23:44:56 | INFO: Primitives created: 1
23:44:56 | INFO: Extracting primitive: V06_ADMIN_LAB_GLASSWARE_0_MESH
23:44:56 | INFO: Primitives created: 1
23:44:56 | INFO: Extracting primitive: V06_ADMIN_LAB_GLASSWARE_1_MESH
23:44:56 | INFO: Primitives created: 1
23:44:56 | INFO: Extracting primitive: V06_ADMIN_LAB_GLASSWARE_2_MESH
23:44:57 | INFO: Primitives created: 1
23:44:57 | INFO: Extracting primitive: V06_ADMIN_LAB_GLASSWARE_3_MESH
23:44:57 | INFO: Primitives created: 1
23:44:57 | INFO: Extracting primitive: V06_ADMIN_LAB_INSTRUMENT_0_MESH
23:44:57 | INFO: Primitives created: 1
23:44:57 | INFO: Extracting primitive: V06_ADMIN_LAB_INSTRUMENT_1_MESH
23:44:57 | INFO: Primitives created: 1
23:44:57 | INFO: Extracting primitive: V06_ADMIN_LAB_INSTRUMENT_2_MESH
23:44:57 | INFO: Primitives created: 1
23:44:57 | INFO: Extracting primitive: V06_ADMIN_LAB_INSTRUMENT_3_MESH
23:44:57 | INFO: Primitives created: 1
23:44:57 | INFO: Extracting primitive: V06_ADMIN_LAB_PARTITION_PANEL_MESH
23:44:57 | INFO: Primitives created: 1
23:44:57 | INFO: Extracting primitive: V06_ADMIN_LAB_PARTITION_POST_MESH
23:44:57 | INFO: Primitives created: 1
23:44:57 | INFO: Extracting primitive: V06_ADMIN_LAB_STORAGE_BEAM_0_MESH
23:44:57 | INFO: Primitives created: 1
23:44:57 | INFO: Extracting primitive: V06_ADMIN_LAB_STORAGE_BEAM_1_MESH
23:44:57 | INFO: Primitives created: 1
23:44:57 | INFO: Extracting primitive: V06_ADMIN_LAB_STORAGE_LOAD_0_0_MESH
23:44:57 | INFO: Primitives created: 1
23:44:57 | INFO: Extracting primitive: V06_ADMIN_LAB_STORAGE_LOAD_0_1_MESH
23:44:57 | INFO: Primitives created: 1
23:44:57 | INFO: Extracting primitive: V06_ADMIN_LAB_STORAGE_LOAD_1_0_MESH
23:44:57 | INFO: Primitives created: 1
23:44:57 | INFO: Extracting primitive: V06_ADMIN_LAB_STORAGE_LOAD_1_1_MESH
23:44:57 | INFO: Primitives created: 1
23:44:57 | INFO: Extracting primitive: V06_ADMIN_LAB_STORAGE_LOAD_2_0_MESH
23:44:57 | INFO: Primitives created: 1
23:44:57 | INFO: Extracting primitive: V06_ADMIN_LAB_STORAGE_LOAD_2_1_MESH
23:44:57 | INFO: Primitives created: 1
23:44:57 | INFO: Extracting primitive: V06_ADMIN_LAB_STORAGE_LOAD_3_0_MESH
23:44:57 | INFO: Primitives created: 1
23:44:57 | INFO: Extracting primitive: V06_ADMIN_LAB_STORAGE_LOAD_3_1_MESH
23:44:57 | INFO: Primitives created: 1
23:44:57 | INFO: Extracting primitive: V06_ADMIN_LAB_STORAGE_PALLET_0_0_MESH
23:44:57 | INFO: Primitives created: 1
23:44:57 | INFO: Extracting primitive: V06_ADMIN_LAB_STORAGE_PALLET_0_1_MESH
23:44:57 | INFO: Primitives created: 1
23:44:57 | INFO: Extracting primitive: V06_ADMIN_LAB_STORAGE_PALLET_1_0_MESH
23:44:57 | INFO: Primitives created: 1
23:44:57 | INFO: Extracting primitive: V06_ADMIN_LAB_STORAGE_PALLET_1_1_MESH
23:44:57 | INFO: Primitives created: 1
23:44:57 | INFO: Extracting primitive: V06_ADMIN_LAB_STORAGE_PALLET_2_0_MESH
23:44:57 | INFO: Primitives created: 1
23:44:57 | INFO: Extracting primitive: V06_ADMIN_LAB_STORAGE_PALLET_2_1_MESH
23:44:57 | INFO: Primitives created: 1
23:44:57 | INFO: Extracting primitive: V06_ADMIN_LAB_STORAGE_PALLET_3_0_MESH
23:44:57 | INFO: Primitives created: 1
23:44:57 | INFO: Extracting primitive: V06_ADMIN_LAB_STORAGE_PALLET_3_1_MESH
23:44:57 | INFO: Primitives created: 1
23:44:57 | INFO: Extracting primitive: V06_ADMIN_LAB_STORAGE_UPRIGHT_0_0_MESH
23:44:57 | INFO: Primitives created: 1
23:44:57 | INFO: Extracting primitive: V06_ADMIN_LAB_STORAGE_UPRIGHT_0_1_MESH
23:44:57 | INFO: Primitives created: 1
23:44:57 | INFO: Extracting primitive: V06_ADMIN_LAB_STORAGE_UPRIGHT_1_0_MESH
23:44:57 | INFO: Primitives created: 1
23:44:57 | INFO: Extracting primitive: V06_ADMIN_LAB_STORAGE_UPRIGHT_1_1_MESH
23:44:57 | INFO: Primitives created: 1
23:44:57 | INFO: Extracting primitive: V06_ADMIN_LAB_STORAGE_UPRIGHT_2_0_MESH
23:44:57 | INFO: Primitives created: 1
23:44:57 | INFO: Extracting primitive: V06_ADMIN_LAB_STORAGE_UPRIGHT_2_1_MESH
23:44:57 | INFO: Primitives created: 1
23:44:57 | INFO: Extracting primitive: V06_ADMIN_LAB_STORAGE_UPRIGHT_3_0_MESH
23:44:57 | INFO: Primitives created: 1
23:44:57 | INFO: Extracting primitive: V06_ADMIN_LAB_STORAGE_UPRIGHT_3_1_MESH
23:44:57 | INFO: Primitives created: 1
23:44:57 | INFO: Extracting primitive: V06_ADMIN_LEFT_MESH
23:44:57 | INFO: Primitives created: 1
23:44:57 | INFO: Extracting primitive: V06_ADMIN_LIGHT_0_FIXTURE_MESH
23:44:57 | INFO: Primitives created: 1
23:44:57 | INFO: Extracting primitive: V06_ADMIN_LIGHT_0_GLOW_MESH
23:44:57 | INFO: Primitives created: 1
23:44:57 | INFO: Extracting primitive: V06_ADMIN_LIGHT_1_FIXTURE_MESH
23:44:57 | INFO: Primitives created: 1
23:44:57 | INFO: Extracting primitive: V06_ADMIN_LIGHT_1_GLOW_MESH
23:44:57 | INFO: Primitives created: 1
23:44:57 | INFO: Extracting primitive: V06_ADMIN_LIGHT_2_FIXTURE_MESH
23:44:57 | INFO: Primitives created: 1
23:44:57 | INFO: Extracting primitive: V06_ADMIN_LIGHT_2_GLOW_MESH
23:44:57 | INFO: Primitives created: 1
23:44:57 | INFO: Extracting primitive: V06_ADMIN_LIGHT_3_FIXTURE_MESH
23:44:57 | INFO: Primitives created: 1
23:44:57 | INFO: Extracting primitive: V06_ADMIN_LIGHT_3_GLOW_MESH
23:44:57 | INFO: Primitives created: 1
23:44:57 | INFO: Extracting primitive: V06_ADMIN_LIGHT_4_FIXTURE_MESH
23:44:57 | INFO: Primitives created: 1
23:44:57 | INFO: Extracting primitive: V06_ADMIN_LIGHT_4_GLOW_MESH
23:44:57 | INFO: Primitives created: 1
23:44:57 | INFO: Extracting primitive: V06_ADMIN_MONITOR_0_MESH
23:44:57 | INFO: Primitives created: 1
23:44:57 | INFO: Extracting primitive: V06_ADMIN_MONITOR_1_MESH
23:44:57 | INFO: Primitives created: 1
23:44:57 | INFO: Extracting primitive: V06_ADMIN_MONITOR_2_MESH
23:44:57 | INFO: Primitives created: 1
23:44:57 | INFO: Extracting primitive: V06_ADMIN_MONITOR_3_MESH
23:44:57 | INFO: Primitives created: 1
23:44:57 | INFO: Extracting primitive: V06_ADMIN_MONITOR_4_MESH
23:44:57 | INFO: Primitives created: 1
23:44:57 | INFO: Extracting primitive: V06_ADMIN_MONITOR_5_MESH
23:44:57 | INFO: Primitives created: 1
23:44:57 | INFO: Extracting primitive: V06_ADMIN_RECEPTION_DESK_MESH
23:44:57 | INFO: Primitives created: 1
23:44:57 | INFO: Extracting primitive: V06_ADMIN_RECEPTION_SCREEN_PANEL_MESH
23:44:57 | INFO: Primitives created: 1
23:44:57 | INFO: Extracting primitive: V06_ADMIN_RECEPTION_SCREEN_POST_MESH
23:44:57 | INFO: Primitives created: 1
23:44:57 | INFO: Extracting primitive: V06_ADMIN_RIGHT_MESH
23:44:57 | INFO: Primitives created: 1
23:44:57 | INFO: Extracting primitive: V06_ADMIN_SOFFIT_-43.44_MESH
23:44:57 | INFO: Primitives created: 1
23:44:57 | INFO: Extracting primitive: V06_ADMIN_SOFFIT_-58_MESH
23:44:57 | INFO: Primitives created: 1
23:44:57 | INFO: Extracting primitive: V06_ADMIN_SOFFIT_-72.56_MESH
23:44:57 | INFO: Primitives created: 1
23:44:57 | INFO: Extracting primitive: V06_ADMIN_WORKSTATION_0_MESH
23:44:57 | INFO: Primitives created: 1
23:44:57 | INFO: Extracting primitive: V06_ADMIN_WORKSTATION_1_MESH
23:44:57 | INFO: Primitives created: 1
23:44:57 | INFO: Extracting primitive: V06_ADMIN_WORKSTATION_2_MESH
23:44:57 | INFO: Primitives created: 1
23:44:57 | INFO: Extracting primitive: V06_ADMIN_WORKSTATION_3_MESH
23:44:57 | INFO: Primitives created: 1
23:44:57 | INFO: Extracting primitive: V06_ADMIN_WORKSTATION_4_MESH
23:44:57 | INFO: Primitives created: 1
23:44:57 | INFO: Extracting primitive: V06_ADMIN_WORKSTATION_5_MESH
23:44:57 | INFO: Primitives created: 1
23:44:57 | INFO: Extracting primitive: V06_BOTTLE_BACK_MESH
23:44:57 | INFO: Primitives created: 1
23:44:57 | INFO: Extracting primitive: V06_BOTTLE_BLOW_FRAME_MESH
23:44:57 | INFO: Primitives created: 1
23:44:57 | INFO: Extracting primitive: V06_BOTTLE_DOOR_HEADER_MESH
23:44:57 | INFO: Primitives created: 1
23:44:57 | INFO: Extracting primitive: V06_BOTTLE_DOOR_L_MESH
23:44:57 | INFO: Primitives created: 1
23:44:57 | INFO: Extracting primitive: V06_BOTTLE_DOOR_R_MESH
23:44:57 | INFO: Primitives created: 1
23:44:57 | INFO: Extracting primitive: V06_BOTTLE_FLOOR_MESH
23:44:57 | INFO: Primitives created: 1
23:44:57 | INFO: Extracting primitive: V06_BOTTLE_GUARD_A_MESH
23:44:57 | INFO: Primitives created: 1
23:44:57 | INFO: Extracting primitive: V06_BOTTLE_GUARD_B_MESH
23:44:57 | INFO: Primitives created: 1
23:44:57 | INFO: Extracting primitive: V06_BOTTLE_HEATER_0_MESH
23:44:57 | INFO: Primitives created: 1
23:44:57 | INFO: Extracting primitive: V06_BOTTLE_HEATER_1_MESH
23:44:57 | INFO: Primitives created: 1
23:44:57 | INFO: Extracting primitive: V06_BOTTLE_HEATER_2_MESH
23:44:57 | INFO: Primitives created: 1
23:44:57 | INFO: Extracting primitive: V06_BOTTLE_HEATER_3_MESH
23:44:57 | INFO: Primitives created: 1
23:44:57 | INFO: Extracting primitive: V06_BOTTLE_HEATER_4_MESH
23:44:57 | INFO: Primitives created: 1
23:44:57 | INFO: Extracting primitive: V06_BOTTLE_HEATER_5_MESH
23:44:57 | INFO: Primitives created: 1
23:44:57 | INFO: Extracting primitive: V06_BOTTLE_INSPECTION_HEAD_MESH
23:44:57 | INFO: Primitives created: 1
23:44:57 | INFO: Extracting primitive: V06_BOTTLE_LEFT_MESH
23:44:57 | INFO: Primitives created: 1
23:44:57 | INFO: Extracting primitive: V06_BOTTLE_LIGHT_0_FIXTURE_MESH
23:44:57 | INFO: Primitives created: 1
23:44:57 | INFO: Extracting primitive: V06_BOTTLE_LIGHT_0_GLOW_MESH
23:44:57 | INFO: Primitives created: 1
23:44:57 | INFO: Extracting primitive: V06_BOTTLE_LIGHT_1_FIXTURE_MESH
23:44:57 | INFO: Primitives created: 1
23:44:57 | INFO: Extracting primitive: V06_BOTTLE_LIGHT_1_GLOW_MESH
23:44:57 | INFO: Primitives created: 1
23:44:57 | INFO: Extracting primitive: V06_BOTTLE_LIGHT_2_FIXTURE_MESH
23:44:57 | INFO: Primitives created: 1
23:44:57 | INFO: Extracting primitive: V06_BOTTLE_LIGHT_2_GLOW_MESH
23:44:57 | INFO: Primitives created: 1
23:44:57 | INFO: Extracting primitive: V06_BOTTLE_MOULD_LEFT_MESH
23:44:57 | INFO: Primitives created: 1
23:44:57 | INFO: Extracting primitive: V06_BOTTLE_MOULD_RIGHT_MESH
23:44:57 | INFO: Primitives created: 1
23:44:57 | INFO: Extracting primitive: V06_BOTTLE_OUT_BOTTLES_0_MESH
23:44:57 | INFO: Primitives created: 1
23:44:57 | INFO: Extracting primitive: V06_BOTTLE_OUT_BOTTLES_1_MESH
23:44:57 | INFO: Primitives created: 1
23:44:57 | INFO: Extracting primitive: V06_BOTTLE_OUT_BOTTLES_2_MESH
23:44:57 | INFO: Primitives created: 1
23:44:57 | INFO: Extracting primitive: V06_BOTTLE_OUT_BOTTLES_3_MESH
23:44:57 | INFO: Primitives created: 1
23:44:57 | INFO: Extracting primitive: V06_BOTTLE_OUT_BOTTLES_4_MESH
23:44:57 | INFO: Primitives created: 1
23:44:57 | INFO: Extracting primitive: V06_BOTTLE_OUT_BOTTLES_5_MESH
23:44:57 | INFO: Primitives created: 1
23:44:57 | INFO: Extracting primitive: V06_BOTTLE_OUT_BOTTLES_6_MESH
23:44:57 | INFO: Primitives created: 1
23:44:57 | INFO: Extracting primitive: V06_BOTTLE_OUT_BOTTLES_7_MESH
23:44:57 | INFO: Primitives created: 1
23:44:57 | INFO: Extracting primitive: V06_BOTTLE_OUTFEED_A_MESH
23:44:57 | INFO: Primitives created: 1
23:44:57 | INFO: Extracting primitive: V06_BOTTLE_OUTFEED_B_MESH
23:44:57 | INFO: Primitives created: 1
23:44:57 | INFO: Extracting primitive: V06_BOTTLE_OUTFEED_BED_MESH
23:44:57 | INFO: Primitives created: 1
23:44:57 | INFO: Extracting primitive: V06_BOTTLE_OUTFEED_ROLLER0_MESH
23:44:57 | INFO: Primitives created: 1
23:44:57 | INFO: Extracting primitive: V06_BOTTLE_OUTFEED_ROLLER1_MESH
23:44:57 | INFO: Primitives created: 1
23:44:57 | INFO: Extracting primitive: V06_BOTTLE_OUTFEED_ROLLER2_MESH
23:44:57 | INFO: Primitives created: 1
23:44:57 | INFO: Extracting primitive: V06_BOTTLE_OUTFEED_ROLLER3_MESH
23:44:57 | INFO: Primitives created: 1
23:44:57 | INFO: Extracting primitive: V06_BOTTLE_OUTFEED_ROLLER4_MESH
23:44:57 | INFO: Primitives created: 1
23:44:57 | INFO: Extracting primitive: V06_BOTTLE_OUTFEED_ROLLER5_MESH
23:44:57 | INFO: Primitives created: 1
23:44:57 | INFO: Extracting primitive: V06_BOTTLE_OUTFEED_ROLLER6_MESH
23:44:57 | INFO: Primitives created: 1
23:44:57 | INFO: Extracting primitive: V06_BOTTLE_OVEN_FRAME_MESH
23:44:57 | INFO: Primitives created: 1
23:44:57 | INFO: Extracting primitive: V06_BOTTLE_PREFORM_FEED_A_MESH
23:44:57 | INFO: Primitives created: 1
23:44:57 | INFO: Extracting primitive: V06_BOTTLE_PREFORM_FEED_B_MESH
23:44:57 | INFO: Primitives created: 1
23:44:57 | INFO: Extracting primitive: V06_BOTTLE_PREFORM_FEED_BED_MESH
23:44:57 | INFO: Primitives created: 1
23:44:57 | INFO: Extracting primitive: V06_BOTTLE_PREFORM_FEED_ROLLER0_MESH
23:44:57 | INFO: Primitives created: 1
23:44:57 | INFO: Extracting primitive: V06_BOTTLE_PREFORM_FEED_ROLLER1_MESH
23:44:57 | INFO: Primitives created: 1
23:44:57 | INFO: Extracting primitive: V06_BOTTLE_PREFORM_FEED_ROLLER2_MESH
23:44:57 | INFO: Primitives created: 1
23:44:57 | INFO: Extracting primitive: V06_BOTTLE_PREFORM_FEED_ROLLER3_MESH
23:44:57 | INFO: Primitives created: 1
23:44:57 | INFO: Extracting primitive: V06_BOTTLE_PREFORM_FEED_ROLLER4_MESH
23:44:57 | INFO: Primitives created: 1
23:44:57 | INFO: Extracting primitive: V06_BOTTLE_PREFORM_FEED_ROLLER5_MESH
23:44:57 | INFO: Primitives created: 1
23:44:57 | INFO: Extracting primitive: V06_BOTTLE_PREFORM_FEED_ROLLER6_MESH
23:44:57 | INFO: Primitives created: 1
23:44:57 | INFO: Extracting primitive: V06_BOTTLE_PREFORM_HOPPER_MESH
23:44:57 | INFO: Primitives created: 1
23:44:57 | INFO: Extracting primitive: V06_BOTTLE_PREFORMS_0_MESH
23:44:57 | INFO: Primitives created: 1
23:44:57 | INFO: Extracting primitive: V06_BOTTLE_PREFORMS_1_MESH
23:44:57 | INFO: Primitives created: 1
23:44:57 | INFO: Extracting primitive: V06_BOTTLE_PREFORMS_2_MESH
23:44:57 | INFO: Primitives created: 1
23:44:57 | INFO: Extracting primitive: V06_BOTTLE_PREFORMS_3_MESH
23:44:57 | INFO: Primitives created: 1
23:44:57 | INFO: Extracting primitive: V06_BOTTLE_PREFORMS_4_MESH
23:44:57 | INFO: Primitives created: 1
23:44:57 | INFO: Extracting primitive: V06_BOTTLE_PREFORMS_5_MESH
23:44:57 | INFO: Primitives created: 1
23:44:57 | INFO: Extracting primitive: V06_BOTTLE_PREFORMS_6_MESH
23:44:57 | INFO: Primitives created: 1
23:44:57 | INFO: Extracting primitive: V06_BOTTLE_RIGHT_MESH
23:44:57 | INFO: Primitives created: 1
23:44:57 | INFO: Extracting primitive: V06_BOTTLE_SOFFIT_41.36_MESH
23:44:57 | INFO: Primitives created: 1
23:44:57 | INFO: Extracting primitive: V06_BOTTLE_SOFFIT_52_MESH
23:44:57 | INFO: Primitives created: 1
23:44:57 | INFO: Extracting primitive: V06_BOTTLE_SOFFIT_62.64_MESH
23:44:57 | INFO: Primitives created: 1
23:44:57 | INFO: Extracting primitive: V06_CHEM_BUND_WALL_0_MESH
23:44:57 | INFO: Primitives created: 1
23:44:57 | INFO: Extracting primitive: V06_CHEM_BUND_WALL_1_MESH
23:44:57 | INFO: Primitives created: 1
23:44:57 | INFO: Extracting primitive: V06_CHEM_BUND_WALL_2_MESH
23:44:57 | INFO: Primitives created: 1
23:44:57 | INFO: Extracting primitive: V06_CHEM_CONTROL_DOOR_PANEL_MESH
23:44:57 | INFO: Primitives created: 1
23:44:57 | INFO: Extracting primitive: V06_CHEM_CONTROL_DOOR_POST_MESH
23:44:57 | INFO: Primitives created: 1
23:44:57 | INFO: Extracting primitive: V06_CHEM_DRUM_PALLET_0_BASE_MESH
23:44:57 | INFO: Primitives created: 1
23:44:57 | INFO: Extracting primitive: V06_CHEM_DRUM_PALLET_0_LOAD_MESH
23:44:57 | INFO: Primitives created: 1
23:44:57 | INFO: Extracting primitive: V06_CHEM_DRUM_PALLET_1_BASE_MESH
23:44:57 | INFO: Primitives created: 1
23:44:57 | INFO: Extracting primitive: V06_CHEM_DRUM_PALLET_1_LOAD_MESH
23:44:57 | INFO: Primitives created: 1
23:44:57 | INFO: Extracting primitive: V06_CHEM_DRUM_PALLET_2_BASE_MESH
23:44:57 | INFO: Primitives created: 1
23:44:57 | INFO: Extracting primitive: V06_CHEM_DRUM_PALLET_2_LOAD_MESH
23:44:57 | INFO: Primitives created: 1
23:44:57 | INFO: Extracting primitive: V06_CHEM_DRUM_PALLET_3_BASE_MESH
23:44:57 | INFO: Primitives created: 1
23:44:57 | INFO: Extracting primitive: V06_CHEM_DRUM_PALLET_3_LOAD_MESH
23:44:57 | INFO: Primitives created: 1
23:44:57 | INFO: Extracting primitive: V06_CHEM_HOSE_MESH
23:44:57 | INFO: Primitives created: 1
23:44:57 | INFO: Extracting primitive: V06_CHEM_IBC_0_MESH
23:44:57 | INFO: Primitives created: 1
23:44:57 | INFO: Extracting primitive: V06_CHEM_IBC_1_MESH
23:44:57 | INFO: Primitives created: 1
23:44:57 | INFO: Extracting primitive: V06_CHEM_IBC_2_MESH
23:44:57 | INFO: Primitives created: 1
23:44:57 | INFO: Extracting primitive: V06_CHEM_IBC_CAGE_0_MESH
23:44:57 | INFO: Primitives created: 1
23:44:57 | INFO: Extracting primitive: V06_CHEM_IBC_CAGE_1_MESH
23:44:57 | INFO: Primitives created: 1
23:44:57 | INFO: Extracting primitive: V06_CHEM_IBC_CAGE_2_MESH
23:44:57 | INFO: Primitives created: 1
23:44:57 | INFO: Extracting primitive: V06_CHEM_RECEIVING_STAGING_MESH
23:44:57 | INFO: Primitives created: 1
23:44:57 | INFO: Extracting primitive: V06_CHEM_TANK_VALVE_0_MESH
23:44:57 | INFO: Primitives created: 1
23:44:57 | INFO: Extracting primitive: V06_CHEM_TANK_VALVE_1_MESH
23:44:57 | INFO: Primitives created: 1
23:44:57 | INFO: Extracting primitive: V06_CHEM_TANK_VALVE_2_MESH
23:44:57 | INFO: Primitives created: 1
23:44:57 | INFO: Extracting primitive: V06_CHEM_TRANSFER_PUMP_MESH
23:44:57 | INFO: Primitives created: 1
23:44:57 | INFO: Extracting primitive: V06_CHEM_TRANSFER_TANK_0_MESH
23:44:57 | INFO: Primitives created: 1
23:44:57 | INFO: Extracting primitive: V06_CHEM_TRANSFER_TANK_1_MESH
23:44:57 | INFO: Primitives created: 1
23:44:57 | INFO: Extracting primitive: V06_CHEM_TRANSFER_TANK_2_MESH
23:44:57 | INFO: Primitives created: 1
23:44:57 | INFO: Extracting primitive: V06_CHEMICAL_BACK_MESH
23:44:57 | INFO: Primitives created: 1
23:44:57 | INFO: Extracting primitive: V06_CHEMICAL_DOOR_HEADER_MESH
23:44:57 | INFO: Primitives created: 1
23:44:57 | INFO: Extracting primitive: V06_CHEMICAL_DOOR_L_MESH
23:44:57 | INFO: Primitives created: 1
23:44:57 | INFO: Extracting primitive: V06_CHEMICAL_DOOR_R_MESH
23:44:57 | INFO: Primitives created: 1
23:44:57 | INFO: Extracting primitive: V06_CHEMICAL_FLOOR_MESH
23:44:57 | INFO: Primitives created: 1
23:44:57 | INFO: Extracting primitive: V06_CHEMICAL_LEFT_MESH
23:44:57 | INFO: Primitives created: 1
23:44:57 | INFO: Extracting primitive: V06_CHEMICAL_LIGHT_0_FIXTURE_MESH
23:44:57 | INFO: Primitives created: 1
23:44:57 | INFO: Extracting primitive: V06_CHEMICAL_LIGHT_0_GLOW_MESH
23:44:57 | INFO: Primitives created: 1
23:44:57 | INFO: Extracting primitive: V06_CHEMICAL_LIGHT_1_FIXTURE_MESH
23:44:57 | INFO: Primitives created: 1
23:44:57 | INFO: Extracting primitive: V06_CHEMICAL_LIGHT_1_GLOW_MESH
23:44:57 | INFO: Primitives created: 1
23:44:57 | INFO: Extracting primitive: V06_CHEMICAL_LIGHT_2_FIXTURE_MESH
23:44:57 | INFO: Primitives created: 1
23:44:57 | INFO: Extracting primitive: V06_CHEMICAL_LIGHT_2_GLOW_MESH
23:44:57 | INFO: Primitives created: 1
23:44:57 | INFO: Extracting primitive: V06_CHEMICAL_RIGHT_MESH
23:44:57 | INFO: Primitives created: 1
23:44:57 | INFO: Extracting primitive: V06_CHEMICAL_SOFFIT_45.92_MESH
23:44:57 | INFO: Primitives created: 1
23:44:57 | INFO: Extracting primitive: V06_CHEMICAL_SOFFIT_56_MESH
23:44:57 | INFO: Primitives created: 1
23:44:57 | INFO: Extracting primitive: V06_CHEMICAL_SOFFIT_66.08_MESH
23:44:57 | INFO: Primitives created: 1
23:44:57 | INFO: Extracting primitive: V06_CLASSROOM_0_CHAIR_0_MESH
23:44:57 | INFO: Primitives created: 1
23:44:57 | INFO: Extracting primitive: V06_CLASSROOM_0_CHAIR_1_MESH
23:44:57 | INFO: Primitives created: 1
23:44:57 | INFO: Extracting primitive: V06_CLASSROOM_0_CHAIR_2_MESH
23:44:57 | INFO: Primitives created: 1
23:44:57 | INFO: Extracting primitive: V06_CLASSROOM_0_CHAIR_3_MESH
23:44:57 | INFO: Primitives created: 1
23:44:57 | INFO: Extracting primitive: V06_CLASSROOM_0_TABLE_MESH
23:44:57 | INFO: Primitives created: 1
23:44:57 | INFO: Extracting primitive: V06_CLASSROOM_1_CHAIR_0_MESH
23:44:57 | INFO: Primitives created: 1
23:44:57 | INFO: Extracting primitive: V06_CLASSROOM_1_CHAIR_1_MESH
23:44:57 | INFO: Primitives created: 1
23:44:57 | INFO: Extracting primitive: V06_CLASSROOM_1_CHAIR_2_MESH
23:44:57 | INFO: Primitives created: 1
23:44:57 | INFO: Extracting primitive: V06_CLASSROOM_1_CHAIR_3_MESH
23:44:57 | INFO: Primitives created: 1
23:44:57 | INFO: Extracting primitive: V06_CLASSROOM_1_TABLE_MESH
23:44:57 | INFO: Primitives created: 1
23:44:57 | INFO: Extracting primitive: V06_CLASSROOM_2_CHAIR_0_MESH
23:44:57 | INFO: Primitives created: 1
23:44:57 | INFO: Extracting primitive: V06_CLASSROOM_2_CHAIR_1_MESH
23:44:57 | INFO: Primitives created: 1
23:44:57 | INFO: Extracting primitive: V06_CLASSROOM_2_CHAIR_2_MESH
23:44:57 | INFO: Primitives created: 1
23:44:57 | INFO: Extracting primitive: V06_CLASSROOM_2_CHAIR_3_MESH
23:44:57 | INFO: Primitives created: 1
23:44:57 | INFO: Extracting primitive: V06_CLASSROOM_2_TABLE_MESH
23:44:57 | INFO: Primitives created: 1
23:44:57 | INFO: Extracting primitive: V06_CLASSROOM_3_CHAIR_0_MESH
23:44:57 | INFO: Primitives created: 1
23:44:57 | INFO: Extracting primitive: V06_CLASSROOM_3_CHAIR_1_MESH
23:44:57 | INFO: Primitives created: 1
23:44:57 | INFO: Extracting primitive: V06_CLASSROOM_3_CHAIR_2_MESH
23:44:57 | INFO: Primitives created: 1
23:44:57 | INFO: Extracting primitive: V06_CLASSROOM_3_CHAIR_3_MESH
23:44:57 | INFO: Primitives created: 1
23:44:57 | INFO: Extracting primitive: V06_CLASSROOM_3_TABLE_MESH
23:44:57 | INFO: Primitives created: 1
23:44:57 | INFO: Extracting primitive: V06_CLINIC_BACK_MESH
23:44:57 | INFO: Primitives created: 1
23:44:57 | INFO: Extracting primitive: V06_CLINIC_BED_HEAD_MESH
23:44:57 | INFO: Primitives created: 1
23:44:57 | INFO: Extracting primitive: V06_CLINIC_DOOR_HEADER_MESH
23:44:57 | INFO: Primitives created: 1
23:44:57 | INFO: Extracting primitive: V06_CLINIC_DOOR_L_MESH
23:44:57 | INFO: Primitives created: 1
23:44:57 | INFO: Extracting primitive: V06_CLINIC_DOOR_R_MESH
23:44:57 | INFO: Primitives created: 1
23:44:57 | INFO: Extracting primitive: V06_CLINIC_EXAM_BED_MESH
23:44:57 | INFO: Primitives created: 1
23:44:57 | INFO: Extracting primitive: V06_CLINIC_FLOOR_MESH
23:44:57 | INFO: Primitives created: 1
23:44:57 | INFO: Extracting primitive: V06_CLINIC_LEFT_MESH
23:44:57 | INFO: Primitives created: 1
23:44:57 | INFO: Extracting primitive: V06_CLINIC_LIGHT_0_FIXTURE_MESH
23:44:57 | INFO: Primitives created: 1
23:44:57 | INFO: Extracting primitive: V06_CLINIC_LIGHT_0_GLOW_MESH
23:44:57 | INFO: Primitives created: 1
23:44:57 | INFO: Extracting primitive: V06_CLINIC_LIGHT_1_FIXTURE_MESH
23:44:57 | INFO: Primitives created: 1
23:44:57 | INFO: Extracting primitive: V06_CLINIC_LIGHT_1_GLOW_MESH
23:44:57 | INFO: Primitives created: 1
23:44:57 | INFO: Extracting primitive: V06_CLINIC_MED_STORAGE_BEAM_0_MESH
23:44:57 | INFO: Primitives created: 1
23:44:57 | INFO: Extracting primitive: V06_CLINIC_MED_STORAGE_BEAM_1_MESH
23:44:57 | INFO: Primitives created: 1
23:44:57 | INFO: Extracting primitive: V06_CLINIC_MED_STORAGE_LOAD_0_0_MESH
23:44:57 | INFO: Primitives created: 1
23:44:57 | INFO: Extracting primitive: V06_CLINIC_MED_STORAGE_LOAD_0_1_MESH
23:44:57 | INFO: Primitives created: 1
23:44:57 | INFO: Extracting primitive: V06_CLINIC_MED_STORAGE_LOAD_1_0_MESH
23:44:57 | INFO: Primitives created: 1
23:44:57 | INFO: Extracting primitive: V06_CLINIC_MED_STORAGE_LOAD_1_1_MESH
23:44:57 | INFO: Primitives created: 1
23:44:57 | INFO: Extracting primitive: V06_CLINIC_MED_STORAGE_LOAD_2_0_MESH
23:44:57 | INFO: Primitives created: 1
23:44:57 | INFO: Extracting primitive: V06_CLINIC_MED_STORAGE_LOAD_2_1_MESH
23:44:57 | INFO: Primitives created: 1
23:44:57 | INFO: Extracting primitive: V06_CLINIC_MED_STORAGE_PALLET_0_0_MESH
23:44:57 | INFO: Primitives created: 1
23:44:57 | INFO: Extracting primitive: V06_CLINIC_MED_STORAGE_PALLET_0_1_MESH
23:44:57 | INFO: Primitives created: 1
23:44:57 | INFO: Extracting primitive: V06_CLINIC_MED_STORAGE_PALLET_1_0_MESH
23:44:57 | INFO: Primitives created: 1
23:44:57 | INFO: Extracting primitive: V06_CLINIC_MED_STORAGE_PALLET_1_1_MESH
23:44:57 | INFO: Primitives created: 1
23:44:57 | INFO: Extracting primitive: V06_CLINIC_MED_STORAGE_PALLET_2_0_MESH
23:44:57 | INFO: Primitives created: 1
23:44:57 | INFO: Extracting primitive: V06_CLINIC_MED_STORAGE_PALLET_2_1_MESH
23:44:57 | INFO: Primitives created: 1
23:44:57 | INFO: Extracting primitive: V06_CLINIC_MED_STORAGE_UPRIGHT_0_0_MESH
23:44:57 | INFO: Primitives created: 1
23:44:57 | INFO: Extracting primitive: V06_CLINIC_MED_STORAGE_UPRIGHT_0_1_MESH
23:44:57 | INFO: Primitives created: 1
23:44:57 | INFO: Extracting primitive: V06_CLINIC_MED_STORAGE_UPRIGHT_1_0_MESH
23:44:57 | INFO: Primitives created: 1
23:44:57 | INFO: Extracting primitive: V06_CLINIC_MED_STORAGE_UPRIGHT_1_1_MESH
23:44:57 | INFO: Primitives created: 1
23:44:57 | INFO: Extracting primitive: V06_CLINIC_MED_STORAGE_UPRIGHT_2_0_MESH
23:44:57 | INFO: Primitives created: 1
23:44:57 | INFO: Extracting primitive: V06_CLINIC_MED_STORAGE_UPRIGHT_2_1_MESH
23:44:57 | INFO: Primitives created: 1
23:44:57 | INFO: Extracting primitive: V06_CLINIC_PRIVACY_PANEL_MESH
23:44:57 | INFO: Primitives created: 1
23:44:57 | INFO: Extracting primitive: V06_CLINIC_PRIVACY_POST_MESH
23:44:57 | INFO: Primitives created: 1
23:44:57 | INFO: Extracting primitive: V06_CLINIC_RECEPTION_MESH
23:44:57 | INFO: Primitives created: 1
23:44:57 | INFO: Extracting primitive: V06_CLINIC_RIGHT_MESH
23:44:57 | INFO: Primitives created: 1
23:44:57 | INFO: Extracting primitive: V06_CLINIC_SOFFIT_-11.28_MESH
23:44:57 | INFO: Primitives created: 1
23:44:57 | INFO: Extracting primitive: V06_CLINIC_SOFFIT_-18_MESH
23:44:57 | INFO: Primitives created: 1
23:44:57 | INFO: Extracting primitive: V06_CLINIC_SOFFIT_-24.72_MESH
23:44:57 | INFO: Primitives created: 1
23:44:57 | INFO: Extracting primitive: V06_CLINIC_TREATMENT_TROLLEY_MESH
23:44:57 | INFO: Primitives created: 1
23:44:57 | INFO: Extracting primitive: V06_CLINIC_WAITING_BENCH_MESH
23:44:57 | INFO: Primitives created: 1
23:44:57 | INFO: Extracting primitive: V06_CLINIC_WASH_BASIN_MESH
23:44:57 | INFO: Primitives created: 1
23:44:57 | INFO: Extracting primitive: V06_DINING_0_CHAIR_0_MESH
23:44:57 | INFO: Primitives created: 1
23:44:57 | INFO: Extracting primitive: V06_DINING_0_CHAIR_1_MESH
23:44:57 | INFO: Primitives created: 1
23:44:57 | INFO: Extracting primitive: V06_DINING_0_CHAIR_2_MESH
23:44:57 | INFO: Primitives created: 1
23:44:57 | INFO: Extracting primitive: V06_DINING_0_CHAIR_3_MESH
23:44:57 | INFO: Primitives created: 1
23:44:57 | INFO: Extracting primitive: V06_DINING_0_TABLE_MESH
23:44:57 | INFO: Primitives created: 1
23:44:57 | INFO: Extracting primitive: V06_DINING_1_CHAIR_0_MESH
23:44:57 | INFO: Primitives created: 1
23:44:57 | INFO: Extracting primitive: V06_DINING_1_CHAIR_1_MESH
23:44:57 | INFO: Primitives created: 1
23:44:57 | INFO: Extracting primitive: V06_DINING_1_CHAIR_2_MESH
23:44:57 | INFO: Primitives created: 1
23:44:57 | INFO: Extracting primitive: V06_DINING_1_CHAIR_3_MESH
23:44:57 | INFO: Primitives created: 1
23:44:57 | INFO: Extracting primitive: V06_DINING_1_TABLE_MESH
23:44:57 | INFO: Primitives created: 1
23:44:57 | INFO: Extracting primitive: V06_DINING_2_CHAIR_0_MESH
23:44:57 | INFO: Primitives created: 1
23:44:57 | INFO: Extracting primitive: V06_DINING_2_CHAIR_1_MESH
23:44:57 | INFO: Primitives created: 1
23:44:57 | INFO: Extracting primitive: V06_DINING_2_CHAIR_2_MESH
23:44:57 | INFO: Primitives created: 1
23:44:57 | INFO: Extracting primitive: V06_DINING_2_CHAIR_3_MESH
23:44:57 | INFO: Primitives created: 1
23:44:57 | INFO: Extracting primitive: V06_DINING_2_TABLE_MESH
23:44:57 | INFO: Primitives created: 1
23:44:57 | INFO: Extracting primitive: V06_DINING_3_CHAIR_0_MESH
23:44:57 | INFO: Primitives created: 1
23:44:57 | INFO: Extracting primitive: V06_DINING_3_CHAIR_1_MESH
23:44:57 | INFO: Primitives created: 1
23:44:57 | INFO: Extracting primitive: V06_DINING_3_CHAIR_2_MESH
23:44:57 | INFO: Primitives created: 1
23:44:57 | INFO: Extracting primitive: V06_DINING_3_CHAIR_3_MESH
23:44:57 | INFO: Primitives created: 1
23:44:57 | INFO: Extracting primitive: V06_DINING_3_TABLE_MESH
23:44:57 | INFO: Primitives created: 1
23:44:57 | INFO: Extracting primitive: V06_DINING_4_CHAIR_0_MESH
23:44:57 | INFO: Primitives created: 1
23:44:57 | INFO: Extracting primitive: V06_DINING_4_CHAIR_1_MESH
23:44:57 | INFO: Primitives created: 1
23:44:57 | INFO: Extracting primitive: V06_DINING_4_CHAIR_2_MESH
23:44:57 | INFO: Primitives created: 1
23:44:57 | INFO: Extracting primitive: V06_DINING_4_CHAIR_3_MESH
23:44:57 | INFO: Primitives created: 1
23:44:57 | INFO: Extracting primitive: V06_DINING_4_TABLE_MESH
23:44:57 | INFO: Primitives created: 1
23:44:57 | INFO: Extracting primitive: V06_DINING_5_CHAIR_0_MESH
23:44:57 | INFO: Primitives created: 1
23:44:57 | INFO: Extracting primitive: V06_DINING_5_CHAIR_1_MESH
23:44:57 | INFO: Primitives created: 1
23:44:57 | INFO: Extracting primitive: V06_DINING_5_CHAIR_2_MESH
23:44:57 | INFO: Primitives created: 1
23:44:57 | INFO: Extracting primitive: V06_DINING_5_CHAIR_3_MESH
23:44:57 | INFO: Primitives created: 1
23:44:57 | INFO: Extracting primitive: V06_DINING_5_TABLE_MESH
23:44:57 | INFO: Primitives created: 1
23:44:57 | INFO: Extracting primitive: V06_ETP_AERATION_0_0_MESH
23:44:57 | INFO: Primitives created: 1
23:44:57 | INFO: Extracting primitive: V06_ETP_AERATION_0_1_MESH
23:44:57 | INFO: Primitives created: 1
23:44:57 | INFO: Extracting primitive: V06_ETP_AERATION_0_2_MESH
23:44:57 | INFO: Primitives created: 1
23:44:57 | INFO: Extracting primitive: V06_ETP_AERATION_1_0_MESH
23:44:57 | INFO: Primitives created: 1
23:44:57 | INFO: Extracting primitive: V06_ETP_AERATION_1_1_MESH
23:44:57 | INFO: Primitives created: 1
23:44:57 | INFO: Extracting primitive: V06_ETP_AERATION_1_2_MESH
23:44:57 | INFO: Primitives created: 1
23:44:57 | INFO: Extracting primitive: V06_ETP_AERATION_2_0_MESH
23:44:57 | INFO: Primitives created: 1
23:44:57 | INFO: Extracting primitive: V06_ETP_AERATION_2_1_MESH
23:44:57 | INFO: Primitives created: 1
23:44:57 | INFO: Extracting primitive: V06_ETP_AERATION_2_2_MESH
23:44:57 | INFO: Primitives created: 1
23:44:57 | INFO: Extracting primitive: V06_ETP_BACK_MESH
23:44:57 | INFO: Primitives created: 1
23:44:57 | INFO: Extracting primitive: V06_ETP_BASIN_BUND_0_MESH
23:44:57 | INFO: Primitives created: 1
23:44:57 | INFO: Extracting primitive: V06_ETP_BASIN_BUND_1_MESH
23:44:57 | INFO: Primitives created: 1
23:44:57 | INFO: Extracting primitive: V06_ETP_BASIN_BUND_2_MESH
23:44:57 | INFO: Primitives created: 1
23:44:57 | INFO: Extracting primitive: V06_ETP_DOOR_HEADER_MESH
23:44:57 | INFO: Primitives created: 1
23:44:57 | INFO: Extracting primitive: V06_ETP_DOOR_L_MESH
23:44:57 | INFO: Primitives created: 1
23:44:57 | INFO: Extracting primitive: V06_ETP_DOOR_R_MESH
23:44:57 | INFO: Primitives created: 1
23:44:57 | INFO: Extracting primitive: V06_ETP_FILTER_SKID_0_MESH
23:44:57 | INFO: Primitives created: 1
23:44:57 | INFO: Extracting primitive: V06_ETP_FILTER_SKID_1_MESH
23:44:57 | INFO: Primitives created: 1
23:44:57 | INFO: Extracting primitive: V06_ETP_FILTER_SKID_2_MESH
23:44:57 | INFO: Primitives created: 1
23:44:57 | INFO: Extracting primitive: V06_ETP_FILTER_VESSEL_0_MESH
23:44:57 | INFO: Primitives created: 1
23:44:57 | INFO: Extracting primitive: V06_ETP_FILTER_VESSEL_1_MESH
23:44:57 | INFO: Primitives created: 1
23:44:57 | INFO: Extracting primitive: V06_ETP_FILTER_VESSEL_2_MESH
23:44:57 | INFO: Primitives created: 1
23:44:57 | INFO: Extracting primitive: V06_ETP_FLOOR_MESH
23:44:57 | INFO: Primitives created: 1
23:44:57 | INFO: Extracting primitive: V06_ETP_INTERSTAGE_0_MESH
23:44:57 | INFO: Primitives created: 1
23:44:57 | INFO: Extracting primitive: V06_ETP_INTERSTAGE_1_MESH
23:44:57 | INFO: Primitives created: 1
23:44:57 | INFO: Extracting primitive: V06_ETP_INTERSTAGE_2_MESH
23:44:57 | INFO: Primitives created: 1
23:44:57 | INFO: Extracting primitive: V06_ETP_LEFT_MESH
23:44:57 | INFO: Primitives created: 1
23:44:57 | INFO: Extracting primitive: V06_ETP_LIGHT_0_FIXTURE_MESH
23:44:57 | INFO: Primitives created: 1
23:44:57 | INFO: Extracting primitive: V06_ETP_LIGHT_0_GLOW_MESH
23:44:57 | INFO: Primitives created: 1
23:44:57 | INFO: Extracting primitive: V06_ETP_LIGHT_1_FIXTURE_MESH
23:44:57 | INFO: Primitives created: 1
23:44:57 | INFO: Extracting primitive: V06_ETP_LIGHT_1_GLOW_MESH
23:44:57 | INFO: Primitives created: 1
23:44:57 | INFO: Extracting primitive: V06_ETP_LIGHT_2_FIXTURE_MESH
23:44:57 | INFO: Primitives created: 1
23:44:57 | INFO: Extracting primitive: V06_ETP_LIGHT_2_GLOW_MESH
23:44:57 | INFO: Primitives created: 1
23:44:57 | INFO: Extracting primitive: V06_ETP_PUMP_0_BASE_MESH
23:44:57 | INFO: Primitives created: 1
23:44:57 | INFO: Extracting primitive: V06_ETP_PUMP_0_HOUSING_MESH
23:44:57 | INFO: Primitives created: 1
23:44:57 | INFO: Extracting primitive: V06_ETP_PUMP_0_PANEL_MESH
23:44:57 | INFO: Primitives created: 1
23:44:57 | INFO: Extracting primitive: V06_ETP_PUMP_1_BASE_MESH
23:44:57 | INFO: Primitives created: 1
23:44:57 | INFO: Extracting primitive: V06_ETP_PUMP_1_HOUSING_MESH
23:44:57 | INFO: Primitives created: 1
23:44:57 | INFO: Extracting primitive: V06_ETP_PUMP_1_PANEL_MESH
23:44:57 | INFO: Primitives created: 1
23:44:57 | INFO: Extracting primitive: V06_ETP_PUMP_2_BASE_MESH
23:44:57 | INFO: Primitives created: 1
23:44:57 | INFO: Extracting primitive: V06_ETP_PUMP_2_HOUSING_MESH
23:44:57 | INFO: Primitives created: 1
23:44:57 | INFO: Extracting primitive: V06_ETP_PUMP_2_PANEL_MESH
23:44:57 | INFO: Primitives created: 1
23:44:57 | INFO: Extracting primitive: V06_ETP_RIGHT_MESH
23:44:57 | INFO: Primitives created: 1
23:44:57 | INFO: Extracting primitive: V06_ETP_SERVICE_WALKWAY_MESH
23:44:57 | INFO: Primitives created: 1
23:44:57 | INFO: Extracting primitive: V06_ETP_SLUDGE_SKID_MESH
23:44:57 | INFO: Primitives created: 1
23:44:57 | INFO: Extracting primitive: V06_ETP_SOFFIT_97.36_MESH
23:44:57 | INFO: Primitives created: 1
23:44:57 | INFO: Extracting primitive: V06_ETP_SOFFIT_108_MESH
23:44:57 | INFO: Primitives created: 1
23:44:57 | INFO: Extracting primitive: V06_ETP_SOFFIT_118.64_MESH
23:44:57 | INFO: Primitives created: 1
23:44:57 | INFO: Extracting primitive: V06_ETP_STAGE_VESSEL_0_MESH
23:44:57 | INFO: Primitives created: 1
23:44:57 | INFO: Extracting primitive: V06_ETP_STAGE_VESSEL_1_MESH
23:44:57 | INFO: Primitives created: 1
23:44:57 | INFO: Extracting primitive: V06_ETP_STAGE_VESSEL_2_MESH
23:44:57 | INFO: Primitives created: 1
23:44:57 | INFO: Extracting primitive: V06_ETP_WALKWAY_RAIL_POST_L_MESH
23:44:57 | INFO: Primitives created: 1
23:44:57 | INFO: Extracting primitive: V06_ETP_WALKWAY_RAIL_POST_R_MESH
23:44:57 | INFO: Primitives created: 1
23:44:57 | INFO: Extracting primitive: V06_ETP_WALKWAY_RAIL_TOP_MESH
23:44:57 | INFO: Primitives created: 1
23:44:57 | INFO: Extracting primitive: V06_FG_AMR_0_MESH
23:44:57 | INFO: Primitives created: 1
23:44:57 | INFO: Extracting primitive: V06_FG_AMR_1_MESH
23:44:57 | INFO: Primitives created: 1
23:44:57 | INFO: Extracting primitive: V06_FG_AMR_LASER_0_MESH
23:44:57 | INFO: Primitives created: 1
23:44:57 | INFO: Extracting primitive: V06_FG_AMR_LASER_1_MESH
23:44:57 | INFO: Primitives created: 1
23:44:57 | INFO: Extracting primitive: V06_FG_BACK_MESH
23:44:57 | INFO: Primitives created: 1
23:44:57 | INFO: Extracting primitive: V06_FG_DISPATCH_CONTROL_MESH
23:44:57 | INFO: Primitives created: 1
23:44:57 | INFO: Extracting primitive: V06_FG_DISPATCH_PALLET_0_BASE_MESH
23:44:57 | INFO: Primitives created: 1
23:44:57 | INFO: Extracting primitive: V06_FG_DISPATCH_PALLET_0_LOAD_MESH
23:44:57 | INFO: Primitives created: 1
23:44:57 | INFO: Extracting primitive: V06_FG_DISPATCH_PALLET_1_BASE_MESH
23:44:57 | INFO: Primitives created: 1
23:44:57 | INFO: Extracting primitive: V06_FG_DISPATCH_PALLET_1_LOAD_MESH
23:44:57 | INFO: Primitives created: 1
23:44:57 | INFO: Extracting primitive: V06_FG_DISPATCH_PALLET_2_BASE_MESH
23:44:57 | INFO: Primitives created: 1
23:44:57 | INFO: Extracting primitive: V06_FG_DISPATCH_PALLET_2_LOAD_MESH
23:44:57 | INFO: Primitives created: 1
23:44:57 | INFO: Extracting primitive: V06_FG_DISPATCH_PALLET_3_BASE_MESH
23:44:57 | INFO: Primitives created: 1
23:44:57 | INFO: Extracting primitive: V06_FG_DISPATCH_PALLET_3_LOAD_MESH
23:44:57 | INFO: Primitives created: 1
23:44:57 | INFO: Extracting primitive: V06_FG_DISPATCH_PALLET_4_BASE_MESH
23:44:57 | INFO: Primitives created: 1
23:44:57 | INFO: Extracting primitive: V06_FG_DISPATCH_PALLET_4_LOAD_MESH
23:44:57 | INFO: Primitives created: 1
23:44:57 | INFO: Extracting primitive: V06_FG_DISPATCH_PALLET_5_BASE_MESH
23:44:57 | INFO: Primitives created: 1
23:44:57 | INFO: Extracting primitive: V06_FG_DISPATCH_PALLET_5_LOAD_MESH
23:44:57 | INFO: Primitives created: 1
23:44:57 | INFO: Extracting primitive: V06_FG_DISPATCH_PALLET_6_BASE_MESH
23:44:57 | INFO: Primitives created: 1
23:44:57 | INFO: Extracting primitive: V06_FG_DISPATCH_PALLET_6_LOAD_MESH
23:44:57 | INFO: Primitives created: 1
23:44:57 | INFO: Extracting primitive: V06_FG_DOOR_HEADER_MESH
23:44:57 | INFO: Primitives created: 1
23:44:57 | INFO: Extracting primitive: V06_FG_DOOR_L_MESH
23:44:57 | INFO: Primitives created: 1
23:44:57 | INFO: Extracting primitive: V06_FG_DOOR_R_MESH
23:44:57 | INFO: Primitives created: 1
23:44:57 | INFO: Extracting primitive: V06_FG_FLOOR_MESH
23:44:57 | INFO: Primitives created: 1
23:44:57 | INFO: Extracting primitive: V06_FG_LEFT_MESH
23:44:57 | INFO: Primitives created: 1
23:44:57 | INFO: Extracting primitive: V06_FG_LIGHT_0_FIXTURE_MESH
23:44:57 | INFO: Primitives created: 1
23:44:57 | INFO: Extracting primitive: V06_FG_LIGHT_0_GLOW_MESH
23:44:57 | INFO: Primitives created: 1
23:44:57 | INFO: Extracting primitive: V06_FG_LIGHT_1_FIXTURE_MESH
23:44:57 | INFO: Primitives created: 1
23:44:57 | INFO: Extracting primitive: V06_FG_LIGHT_1_GLOW_MESH
23:44:57 | INFO: Primitives created: 1
23:44:57 | INFO: Extracting primitive: V06_FG_LIGHT_2_FIXTURE_MESH
23:44:57 | INFO: Primitives created: 1
23:44:57 | INFO: Extracting primitive: V06_FG_LIGHT_2_GLOW_MESH
23:44:57 | INFO: Primitives created: 1
23:44:57 | INFO: Extracting primitive: V06_FG_LIGHT_3_FIXTURE_MESH
23:44:57 | INFO: Primitives created: 1
23:44:57 | INFO: Extracting primitive: V06_FG_LIGHT_3_GLOW_MESH
23:44:57 | INFO: Primitives created: 1
23:44:57 | INFO: Extracting primitive: V06_FG_LIGHT_4_FIXTURE_MESH
23:44:57 | INFO: Primitives created: 1
23:44:57 | INFO: Extracting primitive: V06_FG_LIGHT_4_GLOW_MESH
23:44:57 | INFO: Primitives created: 1
23:44:57 | INFO: Extracting primitive: V06_FG_LOADING_EDGE_MESH
23:44:57 | INFO: Primitives created: 1
23:44:57 | INFO: Extracting primitive: V06_FG_RACK-44_BEAM_0_MESH
23:44:57 | INFO: Primitives created: 1
23:44:57 | INFO: Extracting primitive: V06_FG_RACK-44_BEAM_1_MESH
23:44:57 | INFO: Primitives created: 1
23:44:57 | INFO: Extracting primitive: V06_FG_RACK-44_BEAM_2_MESH
23:44:57 | INFO: Primitives created: 1
23:44:57 | INFO: Extracting primitive: V06_FG_RACK-44_BEAM_3_MESH
23:44:57 | INFO: Primitives created: 1
23:44:57 | INFO: Extracting primitive: V06_FG_RACK-44_LOAD_0_0_MESH
23:44:57 | INFO: Primitives created: 1
23:44:57 | INFO: Extracting primitive: V06_FG_RACK-44_LOAD_0_1_MESH
23:44:57 | INFO: Primitives created: 1
23:44:57 | INFO: Extracting primitive: V06_FG_RACK-44_LOAD_0_2_MESH
23:44:57 | INFO: Primitives created: 1
23:44:57 | INFO: Extracting primitive: V06_FG_RACK-44_LOAD_0_3_MESH
23:44:57 | INFO: Primitives created: 1
23:44:57 | INFO: Extracting primitive: V06_FG_RACK-44_LOAD_1_0_MESH
23:44:57 | INFO: Primitives created: 1
23:44:57 | INFO: Extracting primitive: V06_FG_RACK-44_LOAD_1_1_MESH
23:44:57 | INFO: Primitives created: 1
23:44:57 | INFO: Extracting primitive: V06_FG_RACK-44_LOAD_1_2_MESH
23:44:57 | INFO: Primitives created: 1
23:44:57 | INFO: Extracting primitive: V06_FG_RACK-44_LOAD_1_3_MESH
23:44:57 | INFO: Primitives created: 1
23:44:57 | INFO: Extracting primitive: V06_FG_RACK-44_LOAD_2_0_MESH
23:44:57 | INFO: Primitives created: 1
23:44:57 | INFO: Extracting primitive: V06_FG_RACK-44_LOAD_2_1_MESH
23:44:57 | INFO: Primitives created: 1
23:44:57 | INFO: Extracting primitive: V06_FG_RACK-44_LOAD_2_2_MESH
23:44:57 | INFO: Primitives created: 1
23:44:57 | INFO: Extracting primitive: V06_FG_RACK-44_LOAD_2_3_MESH
23:44:57 | INFO: Primitives created: 1
23:44:57 | INFO: Extracting primitive: V06_FG_RACK-44_LOAD_3_0_MESH
23:44:57 | INFO: Primitives created: 1
23:44:57 | INFO: Extracting primitive: V06_FG_RACK-44_LOAD_3_1_MESH
23:44:57 | INFO: Primitives created: 1
23:44:57 | INFO: Extracting primitive: V06_FG_RACK-44_LOAD_3_2_MESH
23:44:57 | INFO: Primitives created: 1
23:44:57 | INFO: Extracting primitive: V06_FG_RACK-44_LOAD_3_3_MESH
23:44:57 | INFO: Primitives created: 1
23:44:57 | INFO: Extracting primitive: V06_FG_RACK-44_LOAD_4_0_MESH
23:44:57 | INFO: Primitives created: 1
23:44:57 | INFO: Extracting primitive: V06_FG_RACK-44_LOAD_4_1_MESH
23:44:57 | INFO: Primitives created: 1
23:44:57 | INFO: Extracting primitive: V06_FG_RACK-44_LOAD_4_2_MESH
23:44:57 | INFO: Primitives created: 1
23:44:57 | INFO: Extracting primitive: V06_FG_RACK-44_LOAD_4_3_MESH
23:44:57 | INFO: Primitives created: 1
23:44:57 | INFO: Extracting primitive: V06_FG_RACK-44_LOAD_5_0_MESH
23:44:57 | INFO: Primitives created: 1
23:44:57 | INFO: Extracting primitive: V06_FG_RACK-44_LOAD_5_1_MESH
23:44:57 | INFO: Primitives created: 1
23:44:57 | INFO: Extracting primitive: V06_FG_RACK-44_LOAD_5_2_MESH
23:44:57 | INFO: Primitives created: 1
23:44:57 | INFO: Extracting primitive: V06_FG_RACK-44_LOAD_5_3_MESH
23:44:57 | INFO: Primitives created: 1
23:44:57 | INFO: Extracting primitive: V06_FG_RACK-44_LOAD_6_0_MESH
23:44:57 | INFO: Primitives created: 1
23:44:57 | INFO: Extracting primitive: V06_FG_RACK-44_LOAD_6_1_MESH
23:44:57 | INFO: Primitives created: 1
23:44:57 | INFO: Extracting primitive: V06_FG_RACK-44_LOAD_6_2_MESH
23:44:57 | INFO: Primitives created: 1
23:44:57 | INFO: Extracting primitive: V06_FG_RACK-44_LOAD_6_3_MESH
23:44:57 | INFO: Primitives created: 1
23:44:57 | INFO: Extracting primitive: V06_FG_RACK-44_LOAD_7_0_MESH
23:44:57 | INFO: Primitives created: 1
23:44:57 | INFO: Extracting primitive: V06_FG_RACK-44_LOAD_7_1_MESH
23:44:57 | INFO: Primitives created: 1
23:44:57 | INFO: Extracting primitive: V06_FG_RACK-44_LOAD_7_2_MESH
23:44:57 | INFO: Primitives created: 1
23:44:57 | INFO: Extracting primitive: V06_FG_RACK-44_LOAD_7_3_MESH
23:44:57 | INFO: Primitives created: 1
23:44:57 | INFO: Extracting primitive: V06_FG_RACK-44_LOAD_8_0_MESH
23:44:57 | INFO: Primitives created: 1
23:44:57 | INFO: Extracting primitive: V06_FG_RACK-44_LOAD_8_1_MESH
23:44:57 | INFO: Primitives created: 1
23:44:57 | INFO: Extracting primitive: V06_FG_RACK-44_LOAD_8_2_MESH
23:44:57 | INFO: Primitives created: 1
23:44:57 | INFO: Extracting primitive: V06_FG_RACK-44_LOAD_8_3_MESH
23:44:57 | INFO: Primitives created: 1
23:44:57 | INFO: Extracting primitive: V06_FG_RACK-44_PALLET_0_0_MESH
23:44:57 | INFO: Primitives created: 1
23:44:57 | INFO: Extracting primitive: V06_FG_RACK-44_PALLET_0_1_MESH
23:44:57 | INFO: Primitives created: 1
23:44:57 | INFO: Extracting primitive: V06_FG_RACK-44_PALLET_0_2_MESH
23:44:57 | INFO: Primitives created: 1
23:44:57 | INFO: Extracting primitive: V06_FG_RACK-44_PALLET_0_3_MESH
23:44:57 | INFO: Primitives created: 1
23:44:57 | INFO: Extracting primitive: V06_FG_RACK-44_PALLET_1_0_MESH
23:44:57 | INFO: Primitives created: 1
23:44:57 | INFO: Extracting primitive: V06_FG_RACK-44_PALLET_1_1_MESH
23:44:57 | INFO: Primitives created: 1
23:44:57 | INFO: Extracting primitive: V06_FG_RACK-44_PALLET_1_2_MESH
23:44:57 | INFO: Primitives created: 1
23:44:57 | INFO: Extracting primitive: V06_FG_RACK-44_PALLET_1_3_MESH
23:44:57 | INFO: Primitives created: 1
23:44:57 | INFO: Extracting primitive: V06_FG_RACK-44_PALLET_2_0_MESH
23:44:57 | INFO: Primitives created: 1
23:44:57 | INFO: Extracting primitive: V06_FG_RACK-44_PALLET_2_1_MESH
23:44:57 | INFO: Primitives created: 1
23:44:57 | INFO: Extracting primitive: V06_FG_RACK-44_PALLET_2_2_MESH
23:44:57 | INFO: Primitives created: 1
23:44:57 | INFO: Extracting primitive: V06_FG_RACK-44_PALLET_2_3_MESH
23:44:57 | INFO: Primitives created: 1
23:44:57 | INFO: Extracting primitive: V06_FG_RACK-44_PALLET_3_0_MESH
23:44:57 | INFO: Primitives created: 1
23:44:57 | INFO: Extracting primitive: V06_FG_RACK-44_PALLET_3_1_MESH
23:44:57 | INFO: Primitives created: 1
23:44:57 | INFO: Extracting primitive: V06_FG_RACK-44_PALLET_3_2_MESH
23:44:57 | INFO: Primitives created: 1
23:44:57 | INFO: Extracting primitive: V06_FG_RACK-44_PALLET_3_3_MESH
23:44:57 | INFO: Primitives created: 1
23:44:57 | INFO: Extracting primitive: V06_FG_RACK-44_PALLET_4_0_MESH
23:44:57 | INFO: Primitives created: 1
23:44:57 | INFO: Extracting primitive: V06_FG_RACK-44_PALLET_4_1_MESH
23:44:57 | INFO: Primitives created: 1
23:44:57 | INFO: Extracting primitive: V06_FG_RACK-44_PALLET_4_2_MESH
23:44:57 | INFO: Primitives created: 1
23:44:57 | INFO: Extracting primitive: V06_FG_RACK-44_PALLET_4_3_MESH
23:44:57 | INFO: Primitives created: 1
23:44:57 | INFO: Extracting primitive: V06_FG_RACK-44_PALLET_5_0_MESH
23:44:57 | INFO: Primitives created: 1
23:44:57 | INFO: Extracting primitive: V06_FG_RACK-44_PALLET_5_1_MESH
23:44:57 | INFO: Primitives created: 1
23:44:57 | INFO: Extracting primitive: V06_FG_RACK-44_PALLET_5_2_MESH
23:44:57 | INFO: Primitives created: 1
23:44:57 | INFO: Extracting primitive: V06_FG_RACK-44_PALLET_5_3_MESH
23:44:57 | INFO: Primitives created: 1
23:44:57 | INFO: Extracting primitive: V06_FG_RACK-44_PALLET_6_0_MESH
23:44:57 | INFO: Primitives created: 1
23:44:57 | INFO: Extracting primitive: V06_FG_RACK-44_PALLET_6_1_MESH
23:44:57 | INFO: Primitives created: 1
23:44:57 | INFO: Extracting primitive: V06_FG_RACK-44_PALLET_6_2_MESH
23:44:57 | INFO: Primitives created: 1
23:44:57 | INFO: Extracting primitive: V06_FG_RACK-44_PALLET_6_3_MESH
23:44:57 | INFO: Primitives created: 1
23:44:57 | INFO: Extracting primitive: V06_FG_RACK-44_PALLET_7_0_MESH
23:44:57 | INFO: Primitives created: 1
23:44:57 | INFO: Extracting primitive: V06_FG_RACK-44_PALLET_7_1_MESH
23:44:57 | INFO: Primitives created: 1
23:44:57 | INFO: Extracting primitive: V06_FG_RACK-44_PALLET_7_2_MESH
23:44:57 | INFO: Primitives created: 1
23:44:57 | INFO: Extracting primitive: V06_FG_RACK-44_PALLET_7_3_MESH
23:44:57 | INFO: Primitives created: 1
23:44:57 | INFO: Extracting primitive: V06_FG_RACK-44_PALLET_8_0_MESH
23:44:57 | INFO: Primitives created: 1
23:44:57 | INFO: Extracting primitive: V06_FG_RACK-44_PALLET_8_1_MESH
23:44:57 | INFO: Primitives created: 1
23:44:57 | INFO: Extracting primitive: V06_FG_RACK-44_PALLET_8_2_MESH
23:44:57 | INFO: Primitives created: 1
23:44:58 | INFO: Extracting primitive: V06_FG_RACK-44_PALLET_8_3_MESH
23:44:58 | INFO: Primitives created: 1
23:44:58 | INFO: Extracting primitive: V06_FG_RACK-44_UPRIGHT_0_0_MESH
23:44:58 | INFO: Primitives created: 1
23:44:58 | INFO: Extracting primitive: V06_FG_RACK-44_UPRIGHT_0_1_MESH
23:44:58 | INFO: Primitives created: 1
23:44:58 | INFO: Extracting primitive: V06_FG_RACK-44_UPRIGHT_0_2_MESH
23:44:58 | INFO: Primitives created: 1
23:44:58 | INFO: Extracting primitive: V06_FG_RACK-44_UPRIGHT_0_3_MESH
23:44:58 | INFO: Primitives created: 1
23:44:58 | INFO: Extracting primitive: V06_FG_RACK-44_UPRIGHT_1_0_MESH
23:44:58 | INFO: Primitives created: 1
23:44:58 | INFO: Extracting primitive: V06_FG_RACK-44_UPRIGHT_1_1_MESH
23:44:58 | INFO: Primitives created: 1
23:44:58 | INFO: Extracting primitive: V06_FG_RACK-44_UPRIGHT_1_2_MESH
23:44:58 | INFO: Primitives created: 1
23:44:58 | INFO: Extracting primitive: V06_FG_RACK-44_UPRIGHT_1_3_MESH
23:44:58 | INFO: Primitives created: 1
23:44:58 | INFO: Extracting primitive: V06_FG_RACK-44_UPRIGHT_2_0_MESH
23:44:58 | INFO: Primitives created: 1
23:44:58 | INFO: Extracting primitive: V06_FG_RACK-44_UPRIGHT_2_1_MESH
23:44:58 | INFO: Primitives created: 1
23:44:58 | INFO: Extracting primitive: V06_FG_RACK-44_UPRIGHT_2_2_MESH
23:44:58 | INFO: Primitives created: 1
23:44:58 | INFO: Extracting primitive: V06_FG_RACK-44_UPRIGHT_2_3_MESH
23:44:58 | INFO: Primitives created: 1
23:44:58 | INFO: Extracting primitive: V06_FG_RACK-44_UPRIGHT_3_0_MESH
23:44:58 | INFO: Primitives created: 1
23:44:58 | INFO: Extracting primitive: V06_FG_RACK-44_UPRIGHT_3_1_MESH
23:44:58 | INFO: Primitives created: 1
23:44:58 | INFO: Extracting primitive: V06_FG_RACK-44_UPRIGHT_3_2_MESH
23:44:58 | INFO: Primitives created: 1
23:44:58 | INFO: Extracting primitive: V06_FG_RACK-44_UPRIGHT_3_3_MESH
23:44:58 | INFO: Primitives created: 1
23:44:58 | INFO: Extracting primitive: V06_FG_RACK-44_UPRIGHT_4_0_MESH
23:44:58 | INFO: Primitives created: 1
23:44:58 | INFO: Extracting primitive: V06_FG_RACK-44_UPRIGHT_4_1_MESH
23:44:58 | INFO: Primitives created: 1
23:44:58 | INFO: Extracting primitive: V06_FG_RACK-44_UPRIGHT_4_2_MESH
23:44:58 | INFO: Primitives created: 1
23:44:58 | INFO: Extracting primitive: V06_FG_RACK-44_UPRIGHT_4_3_MESH
23:44:58 | INFO: Primitives created: 1
23:44:58 | INFO: Extracting primitive: V06_FG_RACK-44_UPRIGHT_5_0_MESH
23:44:58 | INFO: Primitives created: 1
23:44:58 | INFO: Extracting primitive: V06_FG_RACK-44_UPRIGHT_5_1_MESH
23:44:58 | INFO: Primitives created: 1
23:44:58 | INFO: Extracting primitive: V06_FG_RACK-44_UPRIGHT_5_2_MESH
23:44:58 | INFO: Primitives created: 1
23:44:58 | INFO: Extracting primitive: V06_FG_RACK-44_UPRIGHT_5_3_MESH
23:44:58 | INFO: Primitives created: 1
23:44:58 | INFO: Extracting primitive: V06_FG_RACK-44_UPRIGHT_6_0_MESH
23:44:58 | INFO: Primitives created: 1
23:44:58 | INFO: Extracting primitive: V06_FG_RACK-44_UPRIGHT_6_1_MESH
23:44:58 | INFO: Primitives created: 1
23:44:58 | INFO: Extracting primitive: V06_FG_RACK-44_UPRIGHT_6_2_MESH
23:44:58 | INFO: Primitives created: 1
23:44:58 | INFO: Extracting primitive: V06_FG_RACK-44_UPRIGHT_6_3_MESH
23:44:58 | INFO: Primitives created: 1
23:44:58 | INFO: Extracting primitive: V06_FG_RACK-44_UPRIGHT_7_0_MESH
23:44:58 | INFO: Primitives created: 1
23:44:58 | INFO: Extracting primitive: V06_FG_RACK-44_UPRIGHT_7_1_MESH
23:44:58 | INFO: Primitives created: 1
23:44:58 | INFO: Extracting primitive: V06_FG_RACK-44_UPRIGHT_7_2_MESH
23:44:58 | INFO: Primitives created: 1
23:44:58 | INFO: Extracting primitive: V06_FG_RACK-44_UPRIGHT_7_3_MESH
23:44:58 | INFO: Primitives created: 1
23:44:58 | INFO: Extracting primitive: V06_FG_RACK-44_UPRIGHT_8_0_MESH
23:44:58 | INFO: Primitives created: 1
23:44:58 | INFO: Extracting primitive: V06_FG_RACK-44_UPRIGHT_8_1_MESH
23:44:58 | INFO: Primitives created: 1
23:44:58 | INFO: Extracting primitive: V06_FG_RACK-44_UPRIGHT_8_2_MESH
23:44:58 | INFO: Primitives created: 1
23:44:58 | INFO: Extracting primitive: V06_FG_RACK-44_UPRIGHT_8_3_MESH
23:44:58 | INFO: Primitives created: 1
23:44:58 | INFO: Extracting primitive: V06_FG_RACK-51_BEAM_0_MESH
23:44:58 | INFO: Primitives created: 1
23:44:58 | INFO: Extracting primitive: V06_FG_RACK-51_BEAM_1_MESH
23:44:58 | INFO: Primitives created: 1
23:44:58 | INFO: Extracting primitive: V06_FG_RACK-51_BEAM_2_MESH
23:44:58 | INFO: Primitives created: 1
23:44:58 | INFO: Extracting primitive: V06_FG_RACK-51_BEAM_3_MESH
23:44:58 | INFO: Primitives created: 1
23:44:58 | INFO: Extracting primitive: V06_FG_RACK-51_LOAD_0_0_MESH
23:44:58 | INFO: Primitives created: 1
23:44:58 | INFO: Extracting primitive: V06_FG_RACK-51_LOAD_0_1_MESH
23:44:58 | INFO: Primitives created: 1
23:44:58 | INFO: Extracting primitive: V06_FG_RACK-51_LOAD_0_2_MESH
23:44:58 | INFO: Primitives created: 1
23:44:58 | INFO: Extracting primitive: V06_FG_RACK-51_LOAD_0_3_MESH
23:44:58 | INFO: Primitives created: 1
23:44:58 | INFO: Extracting primitive: V06_FG_RACK-51_LOAD_1_0_MESH
23:44:58 | INFO: Primitives created: 1
23:44:58 | INFO: Extracting primitive: V06_FG_RACK-51_LOAD_1_1_MESH
23:44:58 | INFO: Primitives created: 1
23:44:58 | INFO: Extracting primitive: V06_FG_RACK-51_LOAD_1_2_MESH
23:44:58 | INFO: Primitives created: 1
23:44:58 | INFO: Extracting primitive: V06_FG_RACK-51_LOAD_1_3_MESH
23:44:58 | INFO: Primitives created: 1
23:44:58 | INFO: Extracting primitive: V06_FG_RACK-51_LOAD_2_0_MESH
23:44:58 | INFO: Primitives created: 1
23:44:58 | INFO: Extracting primitive: V06_FG_RACK-51_LOAD_2_1_MESH
23:44:58 | INFO: Primitives created: 1
23:44:58 | INFO: Extracting primitive: V06_FG_RACK-51_LOAD_2_2_MESH
23:44:58 | INFO: Primitives created: 1
23:44:58 | INFO: Extracting primitive: V06_FG_RACK-51_LOAD_2_3_MESH
23:44:58 | INFO: Primitives created: 1
23:44:58 | INFO: Extracting primitive: V06_FG_RACK-51_LOAD_3_0_MESH
23:44:58 | INFO: Primitives created: 1
23:44:58 | INFO: Extracting primitive: V06_FG_RACK-51_LOAD_3_1_MESH
23:44:58 | INFO: Primitives created: 1
23:44:58 | INFO: Extracting primitive: V06_FG_RACK-51_LOAD_3_2_MESH
23:44:58 | INFO: Primitives created: 1
23:44:58 | INFO: Extracting primitive: V06_FG_RACK-51_LOAD_3_3_MESH
23:44:58 | INFO: Primitives created: 1
23:44:58 | INFO: Extracting primitive: V06_FG_RACK-51_LOAD_4_0_MESH
23:44:58 | INFO: Primitives created: 1
23:44:58 | INFO: Extracting primitive: V06_FG_RACK-51_LOAD_4_1_MESH
23:44:58 | INFO: Primitives created: 1
23:44:58 | INFO: Extracting primitive: V06_FG_RACK-51_LOAD_4_2_MESH
23:44:58 | INFO: Primitives created: 1
23:44:58 | INFO: Extracting primitive: V06_FG_RACK-51_LOAD_4_3_MESH
23:44:58 | INFO: Primitives created: 1
23:44:58 | INFO: Extracting primitive: V06_FG_RACK-51_LOAD_5_0_MESH
23:44:58 | INFO: Primitives created: 1
23:44:58 | INFO: Extracting primitive: V06_FG_RACK-51_LOAD_5_1_MESH
23:44:58 | INFO: Primitives created: 1
23:44:58 | INFO: Extracting primitive: V06_FG_RACK-51_LOAD_5_2_MESH
23:44:58 | INFO: Primitives created: 1
23:44:58 | INFO: Extracting primitive: V06_FG_RACK-51_LOAD_5_3_MESH
23:44:58 | INFO: Primitives created: 1
23:44:58 | INFO: Extracting primitive: V06_FG_RACK-51_LOAD_6_0_MESH
23:44:58 | INFO: Primitives created: 1
23:44:58 | INFO: Extracting primitive: V06_FG_RACK-51_LOAD_6_1_MESH
23:44:58 | INFO: Primitives created: 1
23:44:58 | INFO: Extracting primitive: V06_FG_RACK-51_LOAD_6_2_MESH
23:44:58 | INFO: Primitives created: 1
23:44:58 | INFO: Extracting primitive: V06_FG_RACK-51_LOAD_6_3_MESH
23:44:58 | INFO: Primitives created: 1
23:44:58 | INFO: Extracting primitive: V06_FG_RACK-51_LOAD_7_0_MESH
23:44:58 | INFO: Primitives created: 1
23:44:58 | INFO: Extracting primitive: V06_FG_RACK-51_LOAD_7_1_MESH
23:44:58 | INFO: Primitives created: 1
23:44:58 | INFO: Extracting primitive: V06_FG_RACK-51_LOAD_7_2_MESH
23:44:58 | INFO: Primitives created: 1
23:44:58 | INFO: Extracting primitive: V06_FG_RACK-51_LOAD_7_3_MESH
23:44:58 | INFO: Primitives created: 1
23:44:58 | INFO: Extracting primitive: V06_FG_RACK-51_LOAD_8_0_MESH
23:44:58 | INFO: Primitives created: 1
23:44:58 | INFO: Extracting primitive: V06_FG_RACK-51_LOAD_8_1_MESH
23:44:58 | INFO: Primitives created: 1
23:44:58 | INFO: Extracting primitive: V06_FG_RACK-51_LOAD_8_2_MESH
23:44:58 | INFO: Primitives created: 1
23:44:58 | INFO: Extracting primitive: V06_FG_RACK-51_LOAD_8_3_MESH
23:44:58 | INFO: Primitives created: 1
23:44:58 | INFO: Extracting primitive: V06_FG_RACK-51_PALLET_0_0_MESH
23:44:58 | INFO: Primitives created: 1
23:44:58 | INFO: Extracting primitive: V06_FG_RACK-51_PALLET_0_1_MESH
23:44:58 | INFO: Primitives created: 1
23:44:58 | INFO: Extracting primitive: V06_FG_RACK-51_PALLET_0_2_MESH
23:44:58 | INFO: Primitives created: 1
23:44:58 | INFO: Extracting primitive: V06_FG_RACK-51_PALLET_0_3_MESH
23:44:58 | INFO: Primitives created: 1
23:44:58 | INFO: Extracting primitive: V06_FG_RACK-51_PALLET_1_0_MESH
23:44:58 | INFO: Primitives created: 1
23:44:58 | INFO: Extracting primitive: V06_FG_RACK-51_PALLET_1_1_MESH
23:44:58 | INFO: Primitives created: 1
23:44:58 | INFO: Extracting primitive: V06_FG_RACK-51_PALLET_1_2_MESH
23:44:58 | INFO: Primitives created: 1
23:44:58 | INFO: Extracting primitive: V06_FG_RACK-51_PALLET_1_3_MESH
23:44:58 | INFO: Primitives created: 1
23:44:58 | INFO: Extracting primitive: V06_FG_RACK-51_PALLET_2_0_MESH
23:44:58 | INFO: Primitives created: 1
23:44:58 | INFO: Extracting primitive: V06_FG_RACK-51_PALLET_2_1_MESH
23:44:58 | INFO: Primitives created: 1
23:44:58 | INFO: Extracting primitive: V06_FG_RACK-51_PALLET_2_2_MESH
23:44:58 | INFO: Primitives created: 1
23:44:58 | INFO: Extracting primitive: V06_FG_RACK-51_PALLET_2_3_MESH
23:44:58 | INFO: Primitives created: 1
23:44:58 | INFO: Extracting primitive: V06_FG_RACK-51_PALLET_3_0_MESH
23:44:58 | INFO: Primitives created: 1
23:44:58 | INFO: Extracting primitive: V06_FG_RACK-51_PALLET_3_1_MESH
23:44:58 | INFO: Primitives created: 1
23:44:58 | INFO: Extracting primitive: V06_FG_RACK-51_PALLET_3_2_MESH
23:44:58 | INFO: Primitives created: 1
23:44:58 | INFO: Extracting primitive: V06_FG_RACK-51_PALLET_3_3_MESH
23:44:58 | INFO: Primitives created: 1
23:44:58 | INFO: Extracting primitive: V06_FG_RACK-51_PALLET_4_0_MESH
23:44:58 | INFO: Primitives created: 1
23:44:58 | INFO: Extracting primitive: V06_FG_RACK-51_PALLET_4_1_MESH
23:44:58 | INFO: Primitives created: 1
23:44:58 | INFO: Extracting primitive: V06_FG_RACK-51_PALLET_4_2_MESH
23:44:58 | INFO: Primitives created: 1
23:44:58 | INFO: Extracting primitive: V06_FG_RACK-51_PALLET_4_3_MESH
23:44:58 | INFO: Primitives created: 1
23:44:58 | INFO: Extracting primitive: V06_FG_RACK-51_PALLET_5_0_MESH
23:44:58 | INFO: Primitives created: 1
23:44:58 | INFO: Extracting primitive: V06_FG_RACK-51_PALLET_5_1_MESH
23:44:58 | INFO: Primitives created: 1
23:44:58 | INFO: Extracting primitive: V06_FG_RACK-51_PALLET_5_2_MESH
23:44:58 | INFO: Primitives created: 1
23:44:58 | INFO: Extracting primitive: V06_FG_RACK-51_PALLET_5_3_MESH
23:44:58 | INFO: Primitives created: 1
23:44:58 | INFO: Extracting primitive: V06_FG_RACK-51_PALLET_6_0_MESH
23:44:58 | INFO: Primitives created: 1
23:44:58 | INFO: Extracting primitive: V06_FG_RACK-51_PALLET_6_1_MESH
23:44:58 | INFO: Primitives created: 1
23:44:58 | INFO: Extracting primitive: V06_FG_RACK-51_PALLET_6_2_MESH
23:44:58 | INFO: Primitives created: 1
23:44:58 | INFO: Extracting primitive: V06_FG_RACK-51_PALLET_6_3_MESH
23:44:58 | INFO: Primitives created: 1
23:44:58 | INFO: Extracting primitive: V06_FG_RACK-51_PALLET_7_0_MESH
23:44:58 | INFO: Primitives created: 1
23:44:58 | INFO: Extracting primitive: V06_FG_RACK-51_PALLET_7_1_MESH
23:44:58 | INFO: Primitives created: 1
23:44:58 | INFO: Extracting primitive: V06_FG_RACK-51_PALLET_7_2_MESH
23:44:58 | INFO: Primitives created: 1
23:44:58 | INFO: Extracting primitive: V06_FG_RACK-51_PALLET_7_3_MESH
23:44:58 | INFO: Primitives created: 1
23:44:58 | INFO: Extracting primitive: V06_FG_RACK-51_PALLET_8_0_MESH
23:44:58 | INFO: Primitives created: 1
23:44:58 | INFO: Extracting primitive: V06_FG_RACK-51_PALLET_8_1_MESH
23:44:58 | INFO: Primitives created: 1
23:44:58 | INFO: Extracting primitive: V06_FG_RACK-51_PALLET_8_2_MESH
23:44:58 | INFO: Primitives created: 1
23:44:58 | INFO: Extracting primitive: V06_FG_RACK-51_PALLET_8_3_MESH
23:44:58 | INFO: Primitives created: 1
23:44:58 | INFO: Extracting primitive: V06_FG_RACK-51_UPRIGHT_0_0_MESH
23:44:58 | INFO: Primitives created: 1
23:44:58 | INFO: Extracting primitive: V06_FG_RACK-51_UPRIGHT_0_1_MESH
23:44:58 | INFO: Primitives created: 1
23:44:58 | INFO: Extracting primitive: V06_FG_RACK-51_UPRIGHT_0_2_MESH
23:44:58 | INFO: Primitives created: 1
23:44:58 | INFO: Extracting primitive: V06_FG_RACK-51_UPRIGHT_0_3_MESH
23:44:58 | INFO: Primitives created: 1
23:44:58 | INFO: Extracting primitive: V06_FG_RACK-51_UPRIGHT_1_0_MESH
23:44:58 | INFO: Primitives created: 1
23:44:58 | INFO: Extracting primitive: V06_FG_RACK-51_UPRIGHT_1_1_MESH
23:44:58 | INFO: Primitives created: 1
23:44:58 | INFO: Extracting primitive: V06_FG_RACK-51_UPRIGHT_1_2_MESH
23:44:58 | INFO: Primitives created: 1
23:44:58 | INFO: Extracting primitive: V06_FG_RACK-51_UPRIGHT_1_3_MESH
23:44:58 | INFO: Primitives created: 1
23:44:58 | INFO: Extracting primitive: V06_FG_RACK-51_UPRIGHT_2_0_MESH
23:44:58 | INFO: Primitives created: 1
23:44:58 | INFO: Extracting primitive: V06_FG_RACK-51_UPRIGHT_2_1_MESH
23:44:58 | INFO: Primitives created: 1
23:44:58 | INFO: Extracting primitive: V06_FG_RACK-51_UPRIGHT_2_2_MESH
23:44:58 | INFO: Primitives created: 1
23:44:58 | INFO: Extracting primitive: V06_FG_RACK-51_UPRIGHT_2_3_MESH
23:44:58 | INFO: Primitives created: 1
23:44:58 | INFO: Extracting primitive: V06_FG_RACK-51_UPRIGHT_3_0_MESH
23:44:58 | INFO: Primitives created: 1
23:44:58 | INFO: Extracting primitive: V06_FG_RACK-51_UPRIGHT_3_1_MESH
23:44:58 | INFO: Primitives created: 1
23:44:58 | INFO: Extracting primitive: V06_FG_RACK-51_UPRIGHT_3_2_MESH
23:44:58 | INFO: Primitives created: 1
23:44:58 | INFO: Extracting primitive: V06_FG_RACK-51_UPRIGHT_3_3_MESH
23:44:58 | INFO: Primitives created: 1
23:44:58 | INFO: Extracting primitive: V06_FG_RACK-51_UPRIGHT_4_0_MESH
23:44:58 | INFO: Primitives created: 1
23:44:58 | INFO: Extracting primitive: V06_FG_RACK-51_UPRIGHT_4_1_MESH
23:44:58 | INFO: Primitives created: 1
23:44:58 | INFO: Extracting primitive: V06_FG_RACK-51_UPRIGHT_4_2_MESH
23:44:58 | INFO: Primitives created: 1
23:44:58 | INFO: Extracting primitive: V06_FG_RACK-51_UPRIGHT_4_3_MESH
23:44:58 | INFO: Primitives created: 1
23:44:58 | INFO: Extracting primitive: V06_FG_RACK-51_UPRIGHT_5_0_MESH
23:44:58 | INFO: Primitives created: 1
23:44:58 | INFO: Extracting primitive: V06_FG_RACK-51_UPRIGHT_5_1_MESH
23:44:58 | INFO: Primitives created: 1
23:44:58 | INFO: Extracting primitive: V06_FG_RACK-51_UPRIGHT_5_2_MESH
23:44:58 | INFO: Primitives created: 1
23:44:58 | INFO: Extracting primitive: V06_FG_RACK-51_UPRIGHT_5_3_MESH
23:44:58 | INFO: Primitives created: 1
23:44:58 | INFO: Extracting primitive: V06_FG_RACK-51_UPRIGHT_6_0_MESH
23:44:58 | INFO: Primitives created: 1
23:44:58 | INFO: Extracting primitive: V06_FG_RACK-51_UPRIGHT_6_1_MESH
23:44:58 | INFO: Primitives created: 1
23:44:58 | INFO: Extracting primitive: V06_FG_RACK-51_UPRIGHT_6_2_MESH
23:44:58 | INFO: Primitives created: 1
23:44:58 | INFO: Extracting primitive: V06_FG_RACK-51_UPRIGHT_6_3_MESH
23:44:58 | INFO: Primitives created: 1
23:44:58 | INFO: Extracting primitive: V06_FG_RACK-51_UPRIGHT_7_0_MESH
23:44:58 | INFO: Primitives created: 1
23:44:58 | INFO: Extracting primitive: V06_FG_RACK-51_UPRIGHT_7_1_MESH
23:44:58 | INFO: Primitives created: 1
23:44:58 | INFO: Extracting primitive: V06_FG_RACK-51_UPRIGHT_7_2_MESH
23:44:58 | INFO: Primitives created: 1
23:44:58 | INFO: Extracting primitive: V06_FG_RACK-51_UPRIGHT_7_3_MESH
23:44:58 | INFO: Primitives created: 1
23:44:58 | INFO: Extracting primitive: V06_FG_RACK-51_UPRIGHT_8_0_MESH
23:44:58 | INFO: Primitives created: 1
23:44:58 | INFO: Extracting primitive: V06_FG_RACK-51_UPRIGHT_8_1_MESH
23:44:58 | INFO: Primitives created: 1
23:44:58 | INFO: Extracting primitive: V06_FG_RACK-51_UPRIGHT_8_2_MESH
23:44:58 | INFO: Primitives created: 1
23:44:58 | INFO: Extracting primitive: V06_FG_RACK-51_UPRIGHT_8_3_MESH
23:44:58 | INFO: Primitives created: 1
23:44:58 | INFO: Extracting primitive: V06_FG_RACK-58_BEAM_0_MESH
23:44:58 | INFO: Primitives created: 1
23:44:58 | INFO: Extracting primitive: V06_FG_RACK-58_BEAM_1_MESH
23:44:58 | INFO: Primitives created: 1
23:44:58 | INFO: Extracting primitive: V06_FG_RACK-58_BEAM_2_MESH
23:44:58 | INFO: Primitives created: 1
23:44:58 | INFO: Extracting primitive: V06_FG_RACK-58_BEAM_3_MESH
23:44:58 | INFO: Primitives created: 1
23:44:58 | INFO: Extracting primitive: V06_FG_RACK-58_LOAD_0_0_MESH
23:44:58 | INFO: Primitives created: 1
23:44:58 | INFO: Extracting primitive: V06_FG_RACK-58_LOAD_0_1_MESH
23:44:58 | INFO: Primitives created: 1
23:44:58 | INFO: Extracting primitive: V06_FG_RACK-58_LOAD_0_2_MESH
23:44:58 | INFO: Primitives created: 1
23:44:58 | INFO: Extracting primitive: V06_FG_RACK-58_LOAD_0_3_MESH
23:44:58 | INFO: Primitives created: 1
23:44:58 | INFO: Extracting primitive: V06_FG_RACK-58_LOAD_1_0_MESH
23:44:58 | INFO: Primitives created: 1
23:44:58 | INFO: Extracting primitive: V06_FG_RACK-58_LOAD_1_1_MESH
23:44:58 | INFO: Primitives created: 1
23:44:58 | INFO: Extracting primitive: V06_FG_RACK-58_LOAD_1_2_MESH
23:44:58 | INFO: Primitives created: 1
23:44:58 | INFO: Extracting primitive: V06_FG_RACK-58_LOAD_1_3_MESH
23:44:58 | INFO: Primitives created: 1
23:44:58 | INFO: Extracting primitive: V06_FG_RACK-58_LOAD_2_0_MESH
23:44:58 | INFO: Primitives created: 1
23:44:58 | INFO: Extracting primitive: V06_FG_RACK-58_LOAD_2_1_MESH
23:44:58 | INFO: Primitives created: 1
23:44:58 | INFO: Extracting primitive: V06_FG_RACK-58_LOAD_2_2_MESH
23:44:58 | INFO: Primitives created: 1
23:44:58 | INFO: Extracting primitive: V06_FG_RACK-58_LOAD_2_3_MESH
23:44:58 | INFO: Primitives created: 1
23:44:58 | INFO: Extracting primitive: V06_FG_RACK-58_LOAD_3_0_MESH
23:44:58 | INFO: Primitives created: 1
23:44:58 | INFO: Extracting primitive: V06_FG_RACK-58_LOAD_3_1_MESH
23:44:58 | INFO: Primitives created: 1
23:44:58 | INFO: Extracting primitive: V06_FG_RACK-58_LOAD_3_2_MESH
23:44:58 | INFO: Primitives created: 1
23:44:58 | INFO: Extracting primitive: V06_FG_RACK-58_LOAD_3_3_MESH
23:44:58 | INFO: Primitives created: 1
23:44:58 | INFO: Extracting primitive: V06_FG_RACK-58_LOAD_4_0_MESH
23:44:58 | INFO: Primitives created: 1
23:44:58 | INFO: Extracting primitive: V06_FG_RACK-58_LOAD_4_1_MESH
23:44:58 | INFO: Primitives created: 1
23:44:58 | INFO: Extracting primitive: V06_FG_RACK-58_LOAD_4_2_MESH
23:44:58 | INFO: Primitives created: 1
23:44:58 | INFO: Extracting primitive: V06_FG_RACK-58_LOAD_4_3_MESH
23:44:58 | INFO: Primitives created: 1
23:44:58 | INFO: Extracting primitive: V06_FG_RACK-58_LOAD_5_0_MESH
23:44:58 | INFO: Primitives created: 1
23:44:58 | INFO: Extracting primitive: V06_FG_RACK-58_LOAD_5_1_MESH
23:44:58 | INFO: Primitives created: 1
23:44:58 | INFO: Extracting primitive: V06_FG_RACK-58_LOAD_5_2_MESH
23:44:58 | INFO: Primitives created: 1
23:44:58 | INFO: Extracting primitive: V06_FG_RACK-58_LOAD_5_3_MESH
23:44:58 | INFO: Primitives created: 1
23:44:58 | INFO: Extracting primitive: V06_FG_RACK-58_LOAD_6_0_MESH
23:44:58 | INFO: Primitives created: 1
23:44:58 | INFO: Extracting primitive: V06_FG_RACK-58_LOAD_6_1_MESH
23:44:58 | INFO: Primitives created: 1
23:44:58 | INFO: Extracting primitive: V06_FG_RACK-58_LOAD_6_2_MESH
23:44:58 | INFO: Primitives created: 1
23:44:58 | INFO: Extracting primitive: V06_FG_RACK-58_LOAD_6_3_MESH
23:44:58 | INFO: Primitives created: 1
23:44:58 | INFO: Extracting primitive: V06_FG_RACK-58_LOAD_7_0_MESH
23:44:58 | INFO: Primitives created: 1
23:44:58 | INFO: Extracting primitive: V06_FG_RACK-58_LOAD_7_1_MESH
23:44:58 | INFO: Primitives created: 1
23:44:58 | INFO: Extracting primitive: V06_FG_RACK-58_LOAD_7_2_MESH
23:44:58 | INFO: Primitives created: 1
23:44:58 | INFO: Extracting primitive: V06_FG_RACK-58_LOAD_7_3_MESH
23:44:58 | INFO: Primitives created: 1
23:44:58 | INFO: Extracting primitive: V06_FG_RACK-58_LOAD_8_0_MESH
23:44:58 | INFO: Primitives created: 1
23:44:58 | INFO: Extracting primitive: V06_FG_RACK-58_LOAD_8_1_MESH
23:44:58 | INFO: Primitives created: 1
23:44:58 | INFO: Extracting primitive: V06_FG_RACK-58_LOAD_8_2_MESH
23:44:58 | INFO: Primitives created: 1
23:44:58 | INFO: Extracting primitive: V06_FG_RACK-58_LOAD_8_3_MESH
23:44:58 | INFO: Primitives created: 1
23:44:58 | INFO: Extracting primitive: V06_FG_RACK-58_PALLET_0_0_MESH
23:44:58 | INFO: Primitives created: 1
23:44:58 | INFO: Extracting primitive: V06_FG_RACK-58_PALLET_0_1_MESH
23:44:58 | INFO: Primitives created: 1
23:44:58 | INFO: Extracting primitive: V06_FG_RACK-58_PALLET_0_2_MESH
23:44:58 | INFO: Primitives created: 1
23:44:58 | INFO: Extracting primitive: V06_FG_RACK-58_PALLET_0_3_MESH
23:44:58 | INFO: Primitives created: 1
23:44:58 | INFO: Extracting primitive: V06_FG_RACK-58_PALLET_1_0_MESH
23:44:58 | INFO: Primitives created: 1
23:44:58 | INFO: Extracting primitive: V06_FG_RACK-58_PALLET_1_1_MESH
23:44:58 | INFO: Primitives created: 1
23:44:58 | INFO: Extracting primitive: V06_FG_RACK-58_PALLET_1_2_MESH
23:44:58 | INFO: Primitives created: 1
23:44:58 | INFO: Extracting primitive: V06_FG_RACK-58_PALLET_1_3_MESH
23:44:58 | INFO: Primitives created: 1
23:44:58 | INFO: Extracting primitive: V06_FG_RACK-58_PALLET_2_0_MESH
23:44:58 | INFO: Primitives created: 1
23:44:58 | INFO: Extracting primitive: V06_FG_RACK-58_PALLET_2_1_MESH
23:44:58 | INFO: Primitives created: 1
23:44:58 | INFO: Extracting primitive: V06_FG_RACK-58_PALLET_2_2_MESH
23:44:58 | INFO: Primitives created: 1
23:44:58 | INFO: Extracting primitive: V06_FG_RACK-58_PALLET_2_3_MESH
23:44:58 | INFO: Primitives created: 1
23:44:58 | INFO: Extracting primitive: V06_FG_RACK-58_PALLET_3_0_MESH
23:44:58 | INFO: Primitives created: 1
23:44:58 | INFO: Extracting primitive: V06_FG_RACK-58_PALLET_3_1_MESH
23:44:58 | INFO: Primitives created: 1
23:44:58 | INFO: Extracting primitive: V06_FG_RACK-58_PALLET_3_2_MESH
23:44:58 | INFO: Primitives created: 1
23:44:58 | INFO: Extracting primitive: V06_FG_RACK-58_PALLET_3_3_MESH
23:44:58 | INFO: Primitives created: 1
23:44:58 | INFO: Extracting primitive: V06_FG_RACK-58_PALLET_4_0_MESH
23:44:58 | INFO: Primitives created: 1
23:44:58 | INFO: Extracting primitive: V06_FG_RACK-58_PALLET_4_1_MESH
23:44:58 | INFO: Primitives created: 1
23:44:58 | INFO: Extracting primitive: V06_FG_RACK-58_PALLET_4_2_MESH
23:44:58 | INFO: Primitives created: 1
23:44:58 | INFO: Extracting primitive: V06_FG_RACK-58_PALLET_4_3_MESH
23:44:58 | INFO: Primitives created: 1
23:44:58 | INFO: Extracting primitive: V06_FG_RACK-58_PALLET_5_0_MESH
23:44:58 | INFO: Primitives created: 1
23:44:58 | INFO: Extracting primitive: V06_FG_RACK-58_PALLET_5_1_MESH
23:44:58 | INFO: Primitives created: 1
23:44:58 | INFO: Extracting primitive: V06_FG_RACK-58_PALLET_5_2_MESH
23:44:58 | INFO: Primitives created: 1
23:44:58 | INFO: Extracting primitive: V06_FG_RACK-58_PALLET_5_3_MESH
23:44:58 | INFO: Primitives created: 1
23:44:58 | INFO: Extracting primitive: V06_FG_RACK-58_PALLET_6_0_MESH
23:44:58 | INFO: Primitives created: 1
23:44:58 | INFO: Extracting primitive: V06_FG_RACK-58_PALLET_6_1_MESH
23:44:58 | INFO: Primitives created: 1
23:44:58 | INFO: Extracting primitive: V06_FG_RACK-58_PALLET_6_2_MESH
23:44:58 | INFO: Primitives created: 1
23:44:58 | INFO: Extracting primitive: V06_FG_RACK-58_PALLET_6_3_MESH
23:44:58 | INFO: Primitives created: 1
23:44:58 | INFO: Extracting primitive: V06_FG_RACK-58_PALLET_7_0_MESH
23:44:58 | INFO: Primitives created: 1
23:44:58 | INFO: Extracting primitive: V06_FG_RACK-58_PALLET_7_1_MESH
23:44:58 | INFO: Primitives created: 1
23:44:58 | INFO: Extracting primitive: V06_FG_RACK-58_PALLET_7_2_MESH
23:44:58 | INFO: Primitives created: 1
23:44:58 | INFO: Extracting primitive: V06_FG_RACK-58_PALLET_7_3_MESH
23:44:58 | INFO: Primitives created: 1
23:44:58 | INFO: Extracting primitive: V06_FG_RACK-58_PALLET_8_0_MESH
23:44:58 | INFO: Primitives created: 1
23:44:58 | INFO: Extracting primitive: V06_FG_RACK-58_PALLET_8_1_MESH
23:44:58 | INFO: Primitives created: 1
23:44:58 | INFO: Extracting primitive: V06_FG_RACK-58_PALLET_8_2_MESH
23:44:58 | INFO: Primitives created: 1
23:44:58 | INFO: Extracting primitive: V06_FG_RACK-58_PALLET_8_3_MESH
23:44:58 | INFO: Primitives created: 1
23:44:58 | INFO: Extracting primitive: V06_FG_RACK-58_UPRIGHT_0_0_MESH
23:44:58 | INFO: Primitives created: 1
23:44:58 | INFO: Extracting primitive: V06_FG_RACK-58_UPRIGHT_0_1_MESH
23:44:58 | INFO: Primitives created: 1
23:44:58 | INFO: Extracting primitive: V06_FG_RACK-58_UPRIGHT_0_2_MESH
23:44:58 | INFO: Primitives created: 1
23:44:58 | INFO: Extracting primitive: V06_FG_RACK-58_UPRIGHT_0_3_MESH
23:44:58 | INFO: Primitives created: 1
23:44:58 | INFO: Extracting primitive: V06_FG_RACK-58_UPRIGHT_1_0_MESH
23:44:58 | INFO: Primitives created: 1
23:44:58 | INFO: Extracting primitive: V06_FG_RACK-58_UPRIGHT_1_1_MESH
23:44:58 | INFO: Primitives created: 1
23:44:58 | INFO: Extracting primitive: V06_FG_RACK-58_UPRIGHT_1_2_MESH
23:44:58 | INFO: Primitives created: 1
23:44:58 | INFO: Extracting primitive: V06_FG_RACK-58_UPRIGHT_1_3_MESH
23:44:58 | INFO: Primitives created: 1
23:44:58 | INFO: Extracting primitive: V06_FG_RACK-58_UPRIGHT_2_0_MESH
23:44:58 | INFO: Primitives created: 1
23:44:58 | INFO: Extracting primitive: V06_FG_RACK-58_UPRIGHT_2_1_MESH
23:44:58 | INFO: Primitives created: 1
23:44:58 | INFO: Extracting primitive: V06_FG_RACK-58_UPRIGHT_2_2_MESH
23:44:58 | INFO: Primitives created: 1
23:44:58 | INFO: Extracting primitive: V06_FG_RACK-58_UPRIGHT_2_3_MESH
23:44:58 | INFO: Primitives created: 1
23:44:58 | INFO: Extracting primitive: V06_FG_RACK-58_UPRIGHT_3_0_MESH
23:44:58 | INFO: Primitives created: 1
23:44:58 | INFO: Extracting primitive: V06_FG_RACK-58_UPRIGHT_3_1_MESH
23:44:58 | INFO: Primitives created: 1
23:44:58 | INFO: Extracting primitive: V06_FG_RACK-58_UPRIGHT_3_2_MESH
23:44:58 | INFO: Primitives created: 1
23:44:58 | INFO: Extracting primitive: V06_FG_RACK-58_UPRIGHT_3_3_MESH
23:44:58 | INFO: Primitives created: 1
23:44:58 | INFO: Extracting primitive: V06_FG_RACK-58_UPRIGHT_4_0_MESH
23:44:58 | INFO: Primitives created: 1
23:44:58 | INFO: Extracting primitive: V06_FG_RACK-58_UPRIGHT_4_1_MESH
23:44:58 | INFO: Primitives created: 1
23:44:58 | INFO: Extracting primitive: V06_FG_RACK-58_UPRIGHT_4_2_MESH
23:44:58 | INFO: Primitives created: 1
23:44:58 | INFO: Extracting primitive: V06_FG_RACK-58_UPRIGHT_4_3_MESH
23:44:58 | INFO: Primitives created: 1
23:44:58 | INFO: Extracting primitive: V06_FG_RACK-58_UPRIGHT_5_0_MESH
23:44:58 | INFO: Primitives created: 1
23:44:58 | INFO: Extracting primitive: V06_FG_RACK-58_UPRIGHT_5_1_MESH
23:44:58 | INFO: Primitives created: 1
23:44:58 | INFO: Extracting primitive: V06_FG_RACK-58_UPRIGHT_5_2_MESH
23:44:58 | INFO: Primitives created: 1
23:44:58 | INFO: Extracting primitive: V06_FG_RACK-58_UPRIGHT_5_3_MESH
23:44:58 | INFO: Primitives created: 1
23:44:58 | INFO: Extracting primitive: V06_FG_RACK-58_UPRIGHT_6_0_MESH
23:44:58 | INFO: Primitives created: 1
23:44:58 | INFO: Extracting primitive: V06_FG_RACK-58_UPRIGHT_6_1_MESH
23:44:58 | INFO: Primitives created: 1
23:44:58 | INFO: Extracting primitive: V06_FG_RACK-58_UPRIGHT_6_2_MESH
23:44:58 | INFO: Primitives created: 1
23:44:58 | INFO: Extracting primitive: V06_FG_RACK-58_UPRIGHT_6_3_MESH
23:44:58 | INFO: Primitives created: 1
23:44:58 | INFO: Extracting primitive: V06_FG_RACK-58_UPRIGHT_7_0_MESH
23:44:58 | INFO: Primitives created: 1
23:44:58 | INFO: Extracting primitive: V06_FG_RACK-58_UPRIGHT_7_1_MESH
23:44:58 | INFO: Primitives created: 1
23:44:58 | INFO: Extracting primitive: V06_FG_RACK-58_UPRIGHT_7_2_MESH
23:44:58 | INFO: Primitives created: 1
23:44:58 | INFO: Extracting primitive: V06_FG_RACK-58_UPRIGHT_7_3_MESH
23:44:58 | INFO: Primitives created: 1
23:44:58 | INFO: Extracting primitive: V06_FG_RACK-58_UPRIGHT_8_0_MESH
23:44:58 | INFO: Primitives created: 1
23:44:58 | INFO: Extracting primitive: V06_FG_RACK-58_UPRIGHT_8_1_MESH
23:44:58 | INFO: Primitives created: 1
23:44:58 | INFO: Extracting primitive: V06_FG_RACK-58_UPRIGHT_8_2_MESH
23:44:58 | INFO: Primitives created: 1
23:44:58 | INFO: Extracting primitive: V06_FG_RACK-58_UPRIGHT_8_3_MESH
23:44:58 | INFO: Primitives created: 1
23:44:58 | INFO: Extracting primitive: V06_FG_RIGHT_MESH
23:44:58 | INFO: Primitives created: 1
23:44:58 | INFO: Extracting primitive: V06_FG_SOFFIT_65.44_MESH
23:44:58 | INFO: Primitives created: 1
23:44:58 | INFO: Extracting primitive: V06_FG_SOFFIT_80_MESH
23:44:58 | INFO: Primitives created: 1
23:44:58 | INFO: Extracting primitive: V06_FG_SOFFIT_94.56_MESH
23:44:58 | INFO: Primitives created: 1
23:44:58 | INFO: Extracting primitive: V06_GATEHOUSE_BACK_MESH
23:44:58 | INFO: Primitives created: 1
23:44:58 | INFO: Extracting primitive: V06_GATEHOUSE_BARRIER_ARM_MESH
23:44:58 | INFO: Primitives created: 1
23:44:58 | INFO: Extracting primitive: V06_GATEHOUSE_BARRIER_POST_MESH
23:44:58 | INFO: Primitives created: 1
23:44:58 | INFO: Extracting primitive: V06_GATEHOUSE_CCTV_WALL_MESH
23:44:58 | INFO: Primitives created: 1
23:44:58 | INFO: Extracting primitive: V06_GATEHOUSE_DOOR_HEADER_MESH
23:44:58 | INFO: Primitives created: 1
23:44:58 | INFO: Extracting primitive: V06_GATEHOUSE_DOOR_L_MESH
23:44:58 | INFO: Primitives created: 1
23:44:58 | INFO: Extracting primitive: V06_GATEHOUSE_DOOR_R_MESH
23:44:58 | INFO: Primitives created: 1
23:44:58 | INFO: Extracting primitive: V06_GATEHOUSE_FLOOR_MESH
23:44:58 | INFO: Primitives created: 1
23:44:58 | INFO: Extracting primitive: V06_GATEHOUSE_LEFT_MESH
23:44:58 | INFO: Primitives created: 1
23:44:58 | INFO: Extracting primitive: V06_GATEHOUSE_LIGHT_0_FIXTURE_MESH
23:44:58 | INFO: Primitives created: 1
23:44:58 | INFO: Extracting primitive: V06_GATEHOUSE_LIGHT_0_GLOW_MESH
23:44:58 | INFO: Primitives created: 1
23:44:58 | INFO: Extracting primitive: V06_GATEHOUSE_LIGHT_1_FIXTURE_MESH
23:44:58 | INFO: Primitives created: 1
23:44:58 | INFO: Extracting primitive: V06_GATEHOUSE_LIGHT_1_GLOW_MESH
23:44:58 | INFO: Primitives created: 1
23:44:58 | INFO: Extracting primitive: V06_GATEHOUSE_OPERATOR_DESK_MESH
23:44:58 | INFO: Primitives created: 1
23:44:58 | INFO: Extracting primitive: V06_GATEHOUSE_RIGHT_MESH
23:44:58 | INFO: Primitives created: 1
23:44:58 | INFO: Extracting primitive: V06_GATEHOUSE_SOFFIT_90.4_MESH
23:44:58 | INFO: Primitives created: 1
23:44:58 | INFO: Extracting primitive: V06_GATEHOUSE_SOFFIT_96_MESH
23:44:58 | INFO: Primitives created: 1
23:44:58 | INFO: Extracting primitive: V06_GATEHOUSE_SOFFIT_101.6_MESH
23:44:58 | INFO: Primitives created: 1
23:44:58 | INFO: Extracting primitive: V06_GATEHOUSE_VEHICLE_LANE_MESH
23:44:58 | INFO: Primitives created: 1
23:44:58 | INFO: Extracting primitive: V06_GATEHOUSE_WINDOW_0_MESH
23:44:58 | INFO: Primitives created: 1
23:44:58 | INFO: Extracting primitive: V06_GATEHOUSE_WINDOW_1_MESH
23:44:58 | INFO: Primitives created: 1
23:44:58 | INFO: Extracting primitive: V06_GATEHOUSE_WINDOW_2_MESH
23:44:58 | INFO: Primitives created: 1
23:44:58 | INFO: Extracting primitive: V06_GLASS_CAFE_BACKBAR_MESH
23:44:58 | INFO: Primitives created: 1
23:44:58 | INFO: Extracting primitive: V06_GLASS_CAFE_COUNTER_MESH
23:44:58 | INFO: Primitives created: 1
23:44:58 | INFO: Extracting primitive: V06_GLASS_CAFE_EQUIPMENT_0_BASE_MESH
23:44:58 | INFO: Primitives created: 1
23:44:58 | INFO: Extracting primitive: V06_GLASS_CAFE_EQUIPMENT_0_HOUSING_MESH
23:44:58 | INFO: Primitives created: 1
23:44:58 | INFO: Extracting primitive: V06_GLASS_CAFE_EQUIPMENT_0_PANEL_MESH
23:44:58 | INFO: Primitives created: 1
23:44:58 | INFO: Extracting primitive: V06_GLASS_CAFE_EQUIPMENT_1_BASE_MESH
23:44:58 | INFO: Primitives created: 1
23:44:58 | INFO: Extracting primitive: V06_GLASS_CAFE_EQUIPMENT_1_HOUSING_MESH
23:44:58 | INFO: Primitives created: 1
23:44:58 | INFO: Extracting primitive: V06_GLASS_CAFE_EQUIPMENT_1_PANEL_MESH
23:44:58 | INFO: Primitives created: 1
23:44:58 | INFO: Extracting primitive: V06_GLASS_CAFE_EQUIPMENT_2_BASE_MESH
23:44:58 | INFO: Primitives created: 1
23:44:58 | INFO: Extracting primitive: V06_GLASS_CAFE_EQUIPMENT_2_HOUSING_MESH
23:44:58 | INFO: Primitives created: 1
23:44:58 | INFO: Extracting primitive: V06_GLASS_CAFE_EQUIPMENT_2_PANEL_MESH
23:44:58 | INFO: Primitives created: 1
23:44:58 | INFO: Extracting primitive: V06_GLASS_CAFE_SEATING_0_CHAIR_0_MESH
23:44:58 | INFO: Primitives created: 1
23:44:58 | INFO: Extracting primitive: V06_GLASS_CAFE_SEATING_0_CHAIR_1_MESH
23:44:58 | INFO: Primitives created: 1
23:44:58 | INFO: Extracting primitive: V06_GLASS_CAFE_SEATING_0_TABLE_MESH
23:44:58 | INFO: Primitives created: 1
23:44:58 | INFO: Extracting primitive: V06_GLASS_CAFE_SEATING_1_CHAIR_0_MESH
23:44:58 | INFO: Primitives created: 1
23:44:58 | INFO: Extracting primitive: V06_GLASS_CAFE_SEATING_1_CHAIR_1_MESH
23:44:58 | INFO: Primitives created: 1
23:44:58 | INFO: Extracting primitive: V06_GLASS_CAFE_SEATING_1_TABLE_MESH
23:44:58 | INFO: Primitives created: 1
23:44:58 | INFO: Extracting primitive: V06_GLASS_CAFE_SEATING_2_CHAIR_0_MESH
23:44:58 | INFO: Primitives created: 1
23:44:58 | INFO: Extracting primitive: V06_GLASS_CAFE_SEATING_2_CHAIR_1_MESH
23:44:58 | INFO: Primitives created: 1
23:44:58 | INFO: Extracting primitive: V06_GLASS_CAFE_SEATING_2_TABLE_MESH
23:44:58 | INFO: Primitives created: 1
23:44:58 | INFO: Extracting primitive: V06_GLASS_CAFE_SEATING_3_CHAIR_0_MESH
23:44:58 | INFO: Primitives created: 1
23:44:58 | INFO: Extracting primitive: V06_GLASS_CAFE_SEATING_3_CHAIR_1_MESH
23:44:58 | INFO: Primitives created: 1
23:44:58 | INFO: Extracting primitive: V06_GLASS_CAFE_SEATING_3_TABLE_MESH
23:44:58 | INFO: Primitives created: 1
23:44:58 | INFO: Extracting primitive: V06_GLASS_COMMAND_CONSOLE_0_MESH
23:44:58 | INFO: Primitives created: 1
23:44:58 | INFO: Extracting primitive: V06_GLASS_COMMAND_CONSOLE_1_MESH
23:44:58 | INFO: Primitives created: 1
23:44:58 | INFO: Extracting primitive: V06_GLASS_COMMAND_CONSOLE_2_MESH
23:44:58 | INFO: Primitives created: 1
23:44:58 | INFO: Extracting primitive: V06_GLASS_COMMAND_CONSOLE_3_MESH
23:44:58 | INFO: Primitives created: 1
23:44:58 | INFO: Extracting primitive: V06_GLASS_COMMAND_MONITOR_WALL_MESH
23:44:58 | INFO: Primitives created: 1
23:44:58 | INFO: Extracting primitive: V06_GLASS_COMMAND_SCREEN_0_MESH
23:44:58 | INFO: Primitives created: 1
23:44:58 | INFO: Extracting primitive: V06_GLASS_COMMAND_SCREEN_1_MESH
23:44:58 | INFO: Primitives created: 1
23:44:58 | INFO: Extracting primitive: V06_GLASS_COMMAND_SCREEN_2_MESH
23:44:58 | INFO: Primitives created: 1
23:44:58 | INFO: Extracting primitive: V06_GLASS_COMMAND_SCREEN_3_MESH
23:44:58 | INFO: Primitives created: 1
23:44:58 | INFO: Extracting primitive: V06_GLASS_DECK_BACK_MESH
23:44:58 | INFO: Primitives created: 1
23:44:58 | INFO: Extracting primitive: V06_GLASS_DECK_FLOOR_MESH
23:44:58 | INFO: Primitives created: 1
23:44:58 | INFO: Extracting primitive: V06_GLASS_DECK_LEFT_MESH
23:44:58 | INFO: Primitives created: 1
23:44:58 | INFO: Extracting primitive: V06_GLASS_DECK_LIGHT_0_FIXTURE_MESH
23:44:58 | INFO: Primitives created: 1
23:44:58 | INFO: Extracting primitive: V06_GLASS_DECK_LIGHT_0_GLOW_MESH
23:44:58 | INFO: Primitives created: 1
23:44:58 | INFO: Extracting primitive: V06_GLASS_DECK_LIGHT_1_FIXTURE_MESH
23:44:58 | INFO: Primitives created: 1
23:44:58 | INFO: Extracting primitive: V06_GLASS_DECK_LIGHT_1_GLOW_MESH
23:44:58 | INFO: Primitives created: 1
23:44:58 | INFO: Extracting primitive: V06_GLASS_DECK_RIGHT_MESH
23:44:58 | INFO: Primitives created: 1
23:44:58 | INFO: Extracting primitive: V06_GLASS_DECK_SOFFIT_67.2_MESH
23:44:58 | INFO: Primitives created: 1
23:44:58 | INFO: Extracting primitive: V06_GLASS_DECK_SOFFIT_70_MESH
23:44:58 | INFO: Primitives created: 1
23:44:58 | INFO: Extracting primitive: V06_GLASS_DECK_SOFFIT_72.8_MESH
23:44:58 | INFO: Primitives created: 1
23:44:58 | INFO: Extracting primitive: V06_GLASS_GALLERY_RAIL_MESH
23:44:58 | INFO: Primitives created: 1
23:44:58 | INFO: Extracting primitive: V06_GLASS_TRAINING_CHAIR_0_MESH
23:44:58 | INFO: Primitives created: 1
23:44:58 | INFO: Extracting primitive: V06_GLASS_TRAINING_CHAIR_1_MESH
23:44:58 | INFO: Primitives created: 1
23:44:58 | INFO: Extracting primitive: V06_GLASS_TRAINING_CHAIR_2_MESH
23:44:58 | INFO: Primitives created: 1
23:44:58 | INFO: Extracting primitive: V06_GLASS_TRAINING_CHAIR_3_MESH
23:44:58 | INFO: Primitives created: 1
23:44:58 | INFO: Extracting primitive: V06_GLASS_TRAINING_CHAIR_4_MESH
23:44:58 | INFO: Primitives created: 1
23:44:58 | INFO: Extracting primitive: V06_GLASS_TRAINING_CHAIR_5_MESH
23:44:58 | INFO: Primitives created: 1
23:44:58 | INFO: Extracting primitive: V06_GLASS_TRAINING_CHAIR_6_MESH
23:44:58 | INFO: Primitives created: 1
23:44:58 | INFO: Extracting primitive: V06_GLASS_TRAINING_CHAIR_7_MESH
23:44:58 | INFO: Primitives created: 1
23:44:58 | INFO: Extracting primitive: V06_GLASS_TRAINING_PARTITION_PANEL_MESH
23:44:58 | INFO: Primitives created: 1
23:44:58 | INFO: Extracting primitive: V06_GLASS_TRAINING_PARTITION_POST_MESH
23:44:58 | INFO: Primitives created: 1
23:44:58 | INFO: Extracting primitive: V06_GLASS_TRAINING_TABLE_MESH
23:44:58 | INFO: Primitives created: 1
23:44:58 | INFO: Extracting primitive: V06_KITCHEN_APPLIANCE_0_BASE_MESH
23:44:58 | INFO: Primitives created: 1
23:44:58 | INFO: Extracting primitive: V06_KITCHEN_APPLIANCE_0_HOUSING_MESH
23:44:58 | INFO: Primitives created: 1
23:44:58 | INFO: Extracting primitive: V06_KITCHEN_APPLIANCE_0_PANEL_MESH
23:44:58 | INFO: Primitives created: 1
23:44:58 | INFO: Extracting primitive: V06_KITCHEN_APPLIANCE_1_BASE_MESH
23:44:58 | INFO: Primitives created: 1
23:44:58 | INFO: Extracting primitive: V06_KITCHEN_APPLIANCE_1_HOUSING_MESH
23:44:58 | INFO: Primitives created: 1
23:44:58 | INFO: Extracting primitive: V06_KITCHEN_APPLIANCE_1_PANEL_MESH
23:44:58 | INFO: Primitives created: 1
23:44:58 | INFO: Extracting primitive: V06_KITCHEN_APPLIANCE_2_BASE_MESH
23:44:58 | INFO: Primitives created: 1
23:44:58 | INFO: Extracting primitive: V06_KITCHEN_APPLIANCE_2_HOUSING_MESH
23:44:58 | INFO: Primitives created: 1
23:44:58 | INFO: Extracting primitive: V06_KITCHEN_APPLIANCE_2_PANEL_MESH
23:44:58 | INFO: Primitives created: 1
23:44:58 | INFO: Extracting primitive: V06_KITCHEN_APPLIANCE_3_BASE_MESH
23:44:58 | INFO: Primitives created: 1
23:44:58 | INFO: Extracting primitive: V06_KITCHEN_APPLIANCE_3_HOUSING_MESH
23:44:58 | INFO: Primitives created: 1
23:44:58 | INFO: Extracting primitive: V06_KITCHEN_APPLIANCE_3_PANEL_MESH
23:44:58 | INFO: Primitives created: 1
23:44:58 | INFO: Extracting primitive: V06_KITCHEN_APPLIANCE_4_BASE_MESH
23:44:58 | INFO: Primitives created: 1
23:44:58 | INFO: Extracting primitive: V06_KITCHEN_APPLIANCE_4_HOUSING_MESH
23:44:58 | INFO: Primitives created: 1
23:44:58 | INFO: Extracting primitive: V06_KITCHEN_APPLIANCE_4_PANEL_MESH
23:44:58 | INFO: Primitives created: 1
23:44:58 | INFO: Extracting primitive: V06_KITCHEN_STORAGE_BEAM_0_MESH
23:44:58 | INFO: Primitives created: 1
23:44:58 | INFO: Extracting primitive: V06_KITCHEN_STORAGE_BEAM_1_MESH
23:44:58 | INFO: Primitives created: 1
23:44:58 | INFO: Extracting primitive: V06_KITCHEN_STORAGE_LOAD_0_0_MESH
23:44:58 | INFO: Primitives created: 1
23:44:58 | INFO: Extracting primitive: V06_KITCHEN_STORAGE_LOAD_0_1_MESH
23:44:58 | INFO: Primitives created: 1
23:44:58 | INFO: Extracting primitive: V06_KITCHEN_STORAGE_LOAD_1_0_MESH
23:44:58 | INFO: Primitives created: 1
23:44:58 | INFO: Extracting primitive: V06_KITCHEN_STORAGE_LOAD_1_1_MESH
23:44:58 | INFO: Primitives created: 1
23:44:58 | INFO: Extracting primitive: V06_KITCHEN_STORAGE_LOAD_2_0_MESH
23:44:58 | INFO: Primitives created: 1
23:44:58 | INFO: Extracting primitive: V06_KITCHEN_STORAGE_LOAD_2_1_MESH
23:44:58 | INFO: Primitives created: 1
23:44:58 | INFO: Extracting primitive: V06_KITCHEN_STORAGE_PALLET_0_0_MESH
23:44:58 | INFO: Primitives created: 1
23:44:58 | INFO: Extracting primitive: V06_KITCHEN_STORAGE_PALLET_0_1_MESH
23:44:58 | INFO: Primitives created: 1
23:44:58 | INFO: Extracting primitive: V06_KITCHEN_STORAGE_PALLET_1_0_MESH
23:44:58 | INFO: Primitives created: 1
23:44:58 | INFO: Extracting primitive: V06_KITCHEN_STORAGE_PALLET_1_1_MESH
23:44:58 | INFO: Primitives created: 1
23:44:58 | INFO: Extracting primitive: V06_KITCHEN_STORAGE_PALLET_2_0_MESH
23:44:58 | INFO: Primitives created: 1
23:44:58 | INFO: Extracting primitive: V06_KITCHEN_STORAGE_PALLET_2_1_MESH
23:44:58 | INFO: Primitives created: 1
23:44:58 | INFO: Extracting primitive: V06_KITCHEN_STORAGE_UPRIGHT_0_0_MESH
23:44:58 | INFO: Primitives created: 1
23:44:58 | INFO: Extracting primitive: V06_KITCHEN_STORAGE_UPRIGHT_0_1_MESH
23:44:58 | INFO: Primitives created: 1
23:44:58 | INFO: Extracting primitive: V06_KITCHEN_STORAGE_UPRIGHT_1_0_MESH
23:44:58 | INFO: Primitives created: 1
23:44:58 | INFO: Extracting primitive: V06_KITCHEN_STORAGE_UPRIGHT_1_1_MESH
23:44:58 | INFO: Primitives created: 1
23:44:58 | INFO: Extracting primitive: V06_KITCHEN_STORAGE_UPRIGHT_2_0_MESH
23:44:58 | INFO: Primitives created: 1
23:44:58 | INFO: Extracting primitive: V06_KITCHEN_STORAGE_UPRIGHT_2_1_MESH
23:44:58 | INFO: Primitives created: 1
23:44:58 | INFO: Extracting primitive: V06_LIQUID_BACK_MESH
23:44:58 | INFO: Primitives created: 1
23:44:58 | INFO: Extracting primitive: V06_LIQUID_BOTTLES_0_MESH
23:44:58 | INFO: Primitives created: 1
23:44:58 | INFO: Extracting primitive: V06_LIQUID_BOTTLES_1_MESH
23:44:58 | INFO: Primitives created: 1
23:44:58 | INFO: Extracting primitive: V06_LIQUID_BOTTLES_2_MESH
23:44:58 | INFO: Primitives created: 1
23:44:58 | INFO: Extracting primitive: V06_LIQUID_BOTTLES_3_MESH
23:44:58 | INFO: Primitives created: 1
23:44:58 | INFO: Extracting primitive: V06_LIQUID_BOTTLES_4_MESH
23:44:58 | INFO: Primitives created: 1
23:44:58 | INFO: Extracting primitive: V06_LIQUID_BOTTLES_5_MESH
23:44:58 | INFO: Primitives created: 1
23:44:58 | INFO: Extracting primitive: V06_LIQUID_BOTTLES_6_MESH
23:44:58 | INFO: Primitives created: 1
23:44:58 | INFO: Extracting primitive: V06_LIQUID_BOTTLES_7_MESH
23:44:58 | INFO: Primitives created: 1
23:44:58 | INFO: Extracting primitive: V06_LIQUID_CAPPER_TURRET_MESH
23:44:58 | INFO: Primitives created: 1
23:44:58 | INFO: Extracting primitive: V06_LIQUID_CASE_PACK_A_MESH
23:44:58 | INFO: Primitives created: 1
23:44:58 | INFO: Extracting primitive: V06_LIQUID_CASE_PACK_B_MESH
23:44:58 | INFO: Primitives created: 1
23:44:58 | INFO: Extracting primitive: V06_LIQUID_CASE_PACK_BED_MESH
23:44:58 | INFO: Primitives created: 1
23:44:58 | INFO: Extracting primitive: V06_LIQUID_CASE_PACK_ROLLER0_MESH
23:44:58 | INFO: Primitives created: 1
23:44:58 | INFO: Extracting primitive: V06_LIQUID_CASE_PACK_ROLLER1_MESH
23:44:58 | INFO: Primitives created: 1
23:44:58 | INFO: Extracting primitive: V06_LIQUID_CASE_PACK_ROLLER2_MESH
23:44:58 | INFO: Primitives created: 1
23:44:58 | INFO: Extracting primitive: V06_LIQUID_CASE_PACK_ROLLER3_MESH
23:44:58 | INFO: Primitives created: 1
23:44:58 | INFO: Extracting primitive: V06_LIQUID_CASE_PACK_ROLLER4_MESH
23:44:58 | INFO: Primitives created: 1
23:44:58 | INFO: Extracting primitive: V06_LIQUID_CASE_PACK_ROLLER5_MESH
23:44:58 | INFO: Primitives created: 1
23:44:58 | INFO: Extracting primitive: V06_LIQUID_CASE_PACK_ROLLER6_MESH
23:44:58 | INFO: Primitives created: 1
23:44:58 | INFO: Extracting primitive: V06_LIQUID_CASES_0_MESH
23:44:58 | INFO: Primitives created: 1
23:44:58 | INFO: Extracting primitive: V06_LIQUID_CASES_1_MESH
23:44:58 | INFO: Primitives created: 1
23:44:58 | INFO: Extracting primitive: V06_LIQUID_CASES_2_MESH
23:44:58 | INFO: Primitives created: 1
23:44:58 | INFO: Extracting primitive: V06_LIQUID_CASES_3_MESH
23:44:58 | INFO: Primitives created: 1
23:44:58 | INFO: Extracting primitive: V06_LIQUID_CASES_4_MESH
23:44:58 | INFO: Primitives created: 1
23:44:58 | INFO: Extracting primitive: V06_LIQUID_DOOR_HEADER_MESH
23:44:58 | INFO: Primitives created: 1
23:44:58 | INFO: Extracting primitive: V06_LIQUID_DOOR_L_MESH
23:44:58 | INFO: Primitives created: 1
23:44:58 | INFO: Extracting primitive: V06_LIQUID_DOOR_R_MESH
23:44:58 | INFO: Primitives created: 1
23:44:58 | INFO: Extracting primitive: V06_LIQUID_FILL_FRAME_MESH
23:44:58 | INFO: Primitives created: 1
23:44:58 | INFO: Extracting primitive: V06_LIQUID_FILL_NOZZLE_0_MESH
23:44:58 | INFO: Primitives created: 1
23:44:58 | INFO: Extracting primitive: V06_LIQUID_FILL_NOZZLE_1_MESH
23:44:58 | INFO: Primitives created: 1
23:44:58 | INFO: Extracting primitive: V06_LIQUID_FILL_NOZZLE_2_MESH
23:44:58 | INFO: Primitives created: 1
23:44:58 | INFO: Extracting primitive: V06_LIQUID_FILL_NOZZLE_3_MESH
23:44:58 | INFO: Primitives created: 1
23:44:58 | INFO: Extracting primitive: V06_LIQUID_FILL_NOZZLE_4_MESH
23:44:58 | INFO: Primitives created: 1
23:44:58 | INFO: Extracting primitive: V06_LIQUID_FILL_NOZZLE_5_MESH
23:44:58 | INFO: Primitives created: 1
23:44:58 | INFO: Extracting primitive: V06_LIQUID_FLOOR_MESH
23:44:58 | INFO: Primitives created: 1
23:44:58 | INFO: Extracting primitive: V06_LIQUID_INFEED_A_MESH
23:44:58 | INFO: Primitives created: 1
23:44:58 | INFO: Extracting primitive: V06_LIQUID_INFEED_B_MESH
23:44:58 | INFO: Primitives created: 1
23:44:58 | INFO: Extracting primitive: V06_LIQUID_INFEED_BED_MESH
23:44:58 | INFO: Primitives created: 1
23:44:58 | INFO: Extracting primitive: V06_LIQUID_INFEED_ROLLER0_MESH
23:44:58 | INFO: Primitives created: 1
23:44:58 | INFO: Extracting primitive: V06_LIQUID_INFEED_ROLLER1_MESH
23:44:58 | INFO: Primitives created: 1
23:44:58 | INFO: Extracting primitive: V06_LIQUID_INFEED_ROLLER2_MESH
23:44:58 | INFO: Primitives created: 1
23:44:58 | INFO: Extracting primitive: V06_LIQUID_INFEED_ROLLER3_MESH
23:44:58 | INFO: Primitives created: 1
23:44:58 | INFO: Extracting primitive: V06_LIQUID_INFEED_ROLLER4_MESH
23:44:58 | INFO: Primitives created: 1
23:44:58 | INFO: Extracting primitive: V06_LIQUID_INFEED_ROLLER5_MESH
23:44:58 | INFO: Primitives created: 1
23:44:58 | INFO: Extracting primitive: V06_LIQUID_INFEED_ROLLER6_MESH
23:44:58 | INFO: Primitives created: 1
23:44:58 | INFO: Extracting primitive: V06_LIQUID_INSPECTION_FRAME_MESH
23:44:58 | INFO: Primitives created: 1
23:44:58 | INFO: Extracting primitive: V06_LIQUID_LABEL_LINE_A_MESH
23:44:58 | INFO: Primitives created: 1
23:44:58 | INFO: Extracting primitive: V06_LIQUID_LABEL_LINE_B_MESH
23:44:58 | INFO: Primitives created: 1
23:44:58 | INFO: Extracting primitive: V06_LIQUID_LABEL_LINE_BED_MESH
23:44:58 | INFO: Primitives created: 1
23:44:58 | INFO: Extracting primitive: V06_LIQUID_LABEL_LINE_ROLLER0_MESH
23:44:58 | INFO: Primitives created: 1
23:44:58 | INFO: Extracting primitive: V06_LIQUID_LABEL_LINE_ROLLER1_MESH
23:44:58 | INFO: Primitives created: 1
23:44:58 | INFO: Extracting primitive: V06_LIQUID_LABEL_LINE_ROLLER2_MESH
23:44:58 | INFO: Primitives created: 1
23:44:58 | INFO: Extracting primitive: V06_LIQUID_LABEL_LINE_ROLLER3_MESH
23:44:58 | INFO: Primitives created: 1
23:44:58 | INFO: Extracting primitive: V06_LIQUID_LABEL_LINE_ROLLER4_MESH
23:44:58 | INFO: Primitives created: 1
23:44:58 | INFO: Extracting primitive: V06_LIQUID_LABEL_LINE_ROLLER5_MESH
23:44:58 | INFO: Primitives created: 1
23:44:58 | INFO: Extracting primitive: V06_LIQUID_LABEL_LINE_ROLLER6_MESH
23:44:58 | INFO: Primitives created: 1
23:44:58 | INFO: Extracting primitive: V06_LIQUID_LABEL_ROLL_MESH
23:44:58 | INFO: Primitives created: 1
23:44:58 | INFO: Extracting primitive: V06_LIQUID_LEFT_MESH
23:44:58 | INFO: Primitives created: 1
23:44:58 | INFO: Extracting primitive: V06_LIQUID_LIGHT_0_FIXTURE_MESH
23:44:58 | INFO: Primitives created: 1
23:44:58 | INFO: Extracting primitive: V06_LIQUID_LIGHT_0_GLOW_MESH
23:44:58 | INFO: Primitives created: 1
23:44:58 | INFO: Extracting primitive: V06_LIQUID_LIGHT_1_FIXTURE_MESH
23:44:58 | INFO: Primitives created: 1
23:44:58 | INFO: Extracting primitive: V06_LIQUID_LIGHT_1_GLOW_MESH
23:44:58 | INFO: Primitives created: 1
23:44:58 | INFO: Extracting primitive: V06_LIQUID_LIGHT_2_FIXTURE_MESH
23:44:58 | INFO: Primitives created: 1
23:44:58 | INFO: Extracting primitive: V06_LIQUID_LIGHT_2_GLOW_MESH
23:44:58 | INFO: Primitives created: 1
23:44:58 | INFO: Extracting primitive: V06_LIQUID_LIGHT_3_FIXTURE_MESH
23:44:58 | INFO: Primitives created: 1
23:44:58 | INFO: Extracting primitive: V06_LIQUID_LIGHT_3_GLOW_MESH
23:44:58 | INFO: Primitives created: 1
23:44:58 | INFO: Extracting primitive: V06_LIQUID_RIGHT_MESH
23:44:58 | INFO: Primitives created: 1
23:44:58 | INFO: Extracting primitive: V06_LIQUID_SOFFIT_10_MESH
23:44:58 | INFO: Primitives created: 1
23:44:58 | INFO: Extracting primitive: V06_LIQUID_SOFFIT_22.880000000000003_MESH
23:44:58 | INFO: Primitives created: 1
23:44:58 | INFO: Extracting primitive: V06_LIQUID_SOFFIT_-2.880000000000001_MESH
23:44:58 | INFO: Primitives created: 1
23:44:58 | INFO: Extracting primitive: V06_LIQUID_TO_CAPPER_A_MESH
23:44:58 | INFO: Primitives created: 1
23:44:58 | INFO: Extracting primitive: V06_LIQUID_TO_CAPPER_B_MESH
23:44:58 | INFO: Primitives created: 1
23:44:58 | INFO: Extracting primitive: V06_LIQUID_TO_CAPPER_BED_MESH
23:44:58 | INFO: Primitives created: 1
23:44:58 | INFO: Extracting primitive: V06_LIQUID_TO_CAPPER_ROLLER0_MESH
23:44:58 | INFO: Primitives created: 1
23:44:58 | INFO: Extracting primitive: V06_LIQUID_TO_CAPPER_ROLLER1_MESH
23:44:58 | INFO: Primitives created: 1
23:44:58 | INFO: Extracting primitive: V06_LIQUID_TO_CAPPER_ROLLER2_MESH
23:44:58 | INFO: Primitives created: 1
23:44:58 | INFO: Extracting primitive: V06_LIQUID_TO_CAPPER_ROLLER3_MESH
23:44:58 | INFO: Primitives created: 1
23:44:58 | INFO: Extracting primitive: V06_LIQUID_TO_CAPPER_ROLLER4_MESH
23:44:58 | INFO: Primitives created: 1
23:44:58 | INFO: Extracting primitive: V06_LIQUID_TO_CAPPER_ROLLER5_MESH
23:44:58 | INFO: Primitives created: 1
23:44:58 | INFO: Extracting primitive: V06_LIQUID_TO_CAPPER_ROLLER6_MESH
23:44:58 | INFO: Primitives created: 1
23:44:58 | INFO: Extracting primitive: V06_PACK_BACK_MESH
23:44:58 | INFO: Primitives created: 1
23:44:58 | INFO: Extracting primitive: V06_PACK_CARTON_BIN_0_MESH
23:44:58 | INFO: Primitives created: 1
23:44:58 | INFO: Extracting primitive: V06_PACK_CARTON_BIN_1_MESH
23:44:58 | INFO: Primitives created: 1
23:44:58 | INFO: Extracting primitive: V06_PACK_CARTON_BIN_2_MESH
23:44:58 | INFO: Primitives created: 1
23:44:58 | INFO: Extracting primitive: V06_PACK_CARTON_BIN_3_MESH
23:44:58 | INFO: Primitives created: 1
23:44:58 | INFO: Extracting primitive: V06_PACK_CARTON_BIN_4_MESH
23:44:58 | INFO: Primitives created: 1
23:44:58 | INFO: Extracting primitive: V06_PACK_DOOR_HEADER_MESH
23:44:58 | INFO: Primitives created: 1
23:44:58 | INFO: Extracting primitive: V06_PACK_DOOR_L_MESH
23:44:58 | INFO: Primitives created: 1
23:44:58 | INFO: Extracting primitive: V06_PACK_DOOR_R_MESH
23:44:58 | INFO: Primitives created: 1
23:44:58 | INFO: Extracting primitive: V06_PACK_FILM_ROLL_0_MESH
23:44:58 | INFO: Primitives created: 1
23:44:58 | INFO: Extracting primitive: V06_PACK_FILM_ROLL_1_MESH
23:44:58 | INFO: Primitives created: 1
23:44:58 | INFO: Extracting primitive: V06_PACK_FILM_ROLL_2_MESH
23:44:58 | INFO: Primitives created: 1
23:44:58 | INFO: Extracting primitive: V06_PACK_FILM_ROLL_3_MESH
23:44:58 | INFO: Primitives created: 1
23:44:58 | INFO: Extracting primitive: V06_PACK_FILM_ROLL_4_MESH
23:44:58 | INFO: Primitives created: 1
23:44:58 | INFO: Extracting primitive: V06_PACK_FLOOR_MESH
23:44:58 | INFO: Primitives created: 1
23:44:58 | INFO: Extracting primitive: V06_PACK_ISSUE_WINDOW_MESH
23:44:58 | INFO: Primitives created: 1
23:44:58 | INFO: Extracting primitive: V06_PACK_LEFT_MESH
23:44:58 | INFO: Primitives created: 1
23:44:58 | INFO: Extracting primitive: V06_PACK_LIGHT_0_FIXTURE_MESH
23:44:58 | INFO: Primitives created: 1
23:44:58 | INFO: Extracting primitive: V06_PACK_LIGHT_0_GLOW_MESH
23:44:58 | INFO: Primitives created: 1
23:44:58 | INFO: Extracting primitive: V06_PACK_LIGHT_1_FIXTURE_MESH
23:44:58 | INFO: Primitives created: 1
23:44:58 | INFO: Extracting primitive: V06_PACK_LIGHT_1_GLOW_MESH
23:44:58 | INFO: Primitives created: 1
23:44:58 | INFO: Extracting primitive: V06_PACK_LIGHT_2_FIXTURE_MESH
23:44:58 | INFO: Primitives created: 1
23:44:58 | INFO: Extracting primitive: V06_PACK_LIGHT_2_GLOW_MESH
23:44:58 | INFO: Primitives created: 1
23:44:58 | INFO: Extracting primitive: V06_PACK_LIGHT_3_FIXTURE_MESH
23:44:58 | INFO: Primitives created: 1
23:44:58 | INFO: Extracting primitive: V06_PACK_LIGHT_3_GLOW_MESH
23:44:58 | INFO: Primitives created: 1
23:44:58 | INFO: Extracting primitive: V06_PACK_LIGHT_4_FIXTURE_MESH
23:44:58 | INFO: Primitives created: 1
23:44:58 | INFO: Extracting primitive: V06_PACK_LIGHT_4_GLOW_MESH
23:44:58 | INFO: Primitives created: 1
23:44:58 | INFO: Extracting primitive: V06_PACK_RACK67_BEAM_0_MESH
23:44:58 | INFO: Primitives created: 1
23:44:58 | INFO: Extracting primitive: V06_PACK_RACK67_BEAM_1_MESH
23:44:58 | INFO: Primitives created: 1
23:44:58 | INFO: Extracting primitive: V06_PACK_RACK67_BEAM_2_MESH
23:44:58 | INFO: Primitives created: 1
23:44:58 | INFO: Extracting primitive: V06_PACK_RACK67_LOAD_0_0_MESH
23:44:58 | INFO: Primitives created: 1
23:44:58 | INFO: Extracting primitive: V06_PACK_RACK67_LOAD_0_1_MESH
23:44:58 | INFO: Primitives created: 1
23:44:58 | INFO: Extracting primitive: V06_PACK_RACK67_LOAD_0_2_MESH
23:44:58 | INFO: Primitives created: 1
23:44:58 | INFO: Extracting primitive: V06_PACK_RACK67_LOAD_1_0_MESH
23:44:58 | INFO: Primitives created: 1
23:44:58 | INFO: Extracting primitive: V06_PACK_RACK67_LOAD_1_1_MESH
23:44:58 | INFO: Primitives created: 1
23:44:58 | INFO: Extracting primitive: V06_PACK_RACK67_LOAD_1_2_MESH
23:44:58 | INFO: Primitives created: 1
23:44:58 | INFO: Extracting primitive: V06_PACK_RACK67_LOAD_2_0_MESH
23:44:58 | INFO: Primitives created: 1
23:44:58 | INFO: Extracting primitive: V06_PACK_RACK67_LOAD_2_1_MESH
23:44:58 | INFO: Primitives created: 1
23:44:58 | INFO: Extracting primitive: V06_PACK_RACK67_LOAD_2_2_MESH
23:44:58 | INFO: Primitives created: 1
23:44:58 | INFO: Extracting primitive: V06_PACK_RACK67_LOAD_3_0_MESH
23:44:58 | INFO: Primitives created: 1
23:44:58 | INFO: Extracting primitive: V06_PACK_RACK67_LOAD_3_1_MESH
23:44:58 | INFO: Primitives created: 1
23:44:58 | INFO: Extracting primitive: V06_PACK_RACK67_LOAD_3_2_MESH
23:44:58 | INFO: Primitives created: 1
23:44:58 | INFO: Extracting primitive: V06_PACK_RACK67_LOAD_4_0_MESH
23:44:58 | INFO: Primitives created: 1
23:44:58 | INFO: Extracting primitive: V06_PACK_RACK67_LOAD_4_1_MESH
23:44:58 | INFO: Primitives created: 1
23:44:58 | INFO: Extracting primitive: V06_PACK_RACK67_LOAD_4_2_MESH
23:44:58 | INFO: Primitives created: 1
23:44:58 | INFO: Extracting primitive: V06_PACK_RACK67_LOAD_5_0_MESH
23:44:58 | INFO: Primitives created: 1
23:44:58 | INFO: Extracting primitive: V06_PACK_RACK67_LOAD_5_1_MESH
23:44:58 | INFO: Primitives created: 1
23:44:58 | INFO: Extracting primitive: V06_PACK_RACK67_LOAD_5_2_MESH
23:44:58 | INFO: Primitives created: 1
23:44:58 | INFO: Extracting primitive: V06_PACK_RACK67_LOAD_6_0_MESH
23:44:58 | INFO: Primitives created: 1
23:44:58 | INFO: Extracting primitive: V06_PACK_RACK67_LOAD_6_1_MESH
23:44:58 | INFO: Primitives created: 1
23:44:58 | INFO: Extracting primitive: V06_PACK_RACK67_LOAD_6_2_MESH
23:44:58 | INFO: Primitives created: 1
23:44:58 | INFO: Extracting primitive: V06_PACK_RACK67_PALLET_0_0_MESH
23:44:58 | INFO: Primitives created: 1
23:44:58 | INFO: Extracting primitive: V06_PACK_RACK67_PALLET_0_1_MESH
23:44:58 | INFO: Primitives created: 1
23:44:58 | INFO: Extracting primitive: V06_PACK_RACK67_PALLET_0_2_MESH
23:44:58 | INFO: Primitives created: 1
23:44:58 | INFO: Extracting primitive: V06_PACK_RACK67_PALLET_1_0_MESH
23:44:58 | INFO: Primitives created: 1
23:44:58 | INFO: Extracting primitive: V06_PACK_RACK67_PALLET_1_1_MESH
23:44:58 | INFO: Primitives created: 1
23:44:58 | INFO: Extracting primitive: V06_PACK_RACK67_PALLET_1_2_MESH
23:44:58 | INFO: Primitives created: 1
23:44:58 | INFO: Extracting primitive: V06_PACK_RACK67_PALLET_2_0_MESH
23:44:58 | INFO: Primitives created: 1
23:44:58 | INFO: Extracting primitive: V06_PACK_RACK67_PALLET_2_1_MESH
23:44:58 | INFO: Primitives created: 1
23:44:58 | INFO: Extracting primitive: V06_PACK_RACK67_PALLET_2_2_MESH
23:44:58 | INFO: Primitives created: 1
23:44:58 | INFO: Extracting primitive: V06_PACK_RACK67_PALLET_3_0_MESH
23:44:58 | INFO: Primitives created: 1
23:44:58 | INFO: Extracting primitive: V06_PACK_RACK67_PALLET_3_1_MESH
23:44:58 | INFO: Primitives created: 1
23:44:58 | INFO: Extracting primitive: V06_PACK_RACK67_PALLET_3_2_MESH
23:44:58 | INFO: Primitives created: 1
23:44:58 | INFO: Extracting primitive: V06_PACK_RACK67_PALLET_4_0_MESH
23:44:58 | INFO: Primitives created: 1
23:44:58 | INFO: Extracting primitive: V06_PACK_RACK67_PALLET_4_1_MESH
23:44:58 | INFO: Primitives created: 1
23:44:58 | INFO: Extracting primitive: V06_PACK_RACK67_PALLET_4_2_MESH
23:44:58 | INFO: Primitives created: 1
23:44:59 | INFO: Extracting primitive: V06_PACK_RACK67_PALLET_5_0_MESH
23:44:59 | INFO: Primitives created: 1
23:44:59 | INFO: Extracting primitive: V06_PACK_RACK67_PALLET_5_1_MESH
23:44:59 | INFO: Primitives created: 1
23:44:59 | INFO: Extracting primitive: V06_PACK_RACK67_PALLET_5_2_MESH
23:44:59 | INFO: Primitives created: 1
23:44:59 | INFO: Extracting primitive: V06_PACK_RACK67_PALLET_6_0_MESH
23:44:59 | INFO: Primitives created: 1
23:44:59 | INFO: Extracting primitive: V06_PACK_RACK67_PALLET_6_1_MESH
23:44:59 | INFO: Primitives created: 1
23:44:59 | INFO: Extracting primitive: V06_PACK_RACK67_PALLET_6_2_MESH
23:44:59 | INFO: Primitives created: 1
23:44:59 | INFO: Extracting primitive: V06_PACK_RACK67_UPRIGHT_0_0_MESH
23:44:59 | INFO: Primitives created: 1
23:44:59 | INFO: Extracting primitive: V06_PACK_RACK67_UPRIGHT_0_1_MESH
23:44:59 | INFO: Primitives created: 1
23:44:59 | INFO: Extracting primitive: V06_PACK_RACK67_UPRIGHT_0_2_MESH
23:44:59 | INFO: Primitives created: 1
23:44:59 | INFO: Extracting primitive: V06_PACK_RACK67_UPRIGHT_1_0_MESH
23:44:59 | INFO: Primitives created: 1
23:44:59 | INFO: Extracting primitive: V06_PACK_RACK67_UPRIGHT_1_1_MESH
23:44:59 | INFO: Primitives created: 1
23:44:59 | INFO: Extracting primitive: V06_PACK_RACK67_UPRIGHT_1_2_MESH
23:44:59 | INFO: Primitives created: 1
23:44:59 | INFO: Extracting primitive: V06_PACK_RACK67_UPRIGHT_2_0_MESH
23:44:59 | INFO: Primitives created: 1
23:44:59 | INFO: Extracting primitive: V06_PACK_RACK67_UPRIGHT_2_1_MESH
23:44:59 | INFO: Primitives created: 1
23:44:59 | INFO: Extracting primitive: V06_PACK_RACK67_UPRIGHT_2_2_MESH
23:44:59 | INFO: Primitives created: 1
23:44:59 | INFO: Extracting primitive: V06_PACK_RACK67_UPRIGHT_3_0_MESH
23:44:59 | INFO: Primitives created: 1
23:44:59 | INFO: Extracting primitive: V06_PACK_RACK67_UPRIGHT_3_1_MESH
23:44:59 | INFO: Primitives created: 1
23:44:59 | INFO: Extracting primitive: V06_PACK_RACK67_UPRIGHT_3_2_MESH
23:44:59 | INFO: Primitives created: 1
23:44:59 | INFO: Extracting primitive: V06_PACK_RACK67_UPRIGHT_4_0_MESH
23:44:59 | INFO: Primitives created: 1
23:44:59 | INFO: Extracting primitive: V06_PACK_RACK67_UPRIGHT_4_1_MESH
23:44:59 | INFO: Primitives created: 1
23:44:59 | INFO: Extracting primitive: V06_PACK_RACK67_UPRIGHT_4_2_MESH
23:44:59 | INFO: Primitives created: 1
23:44:59 | INFO: Extracting primitive: V06_PACK_RACK67_UPRIGHT_5_0_MESH
23:44:59 | INFO: Primitives created: 1
23:44:59 | INFO: Extracting primitive: V06_PACK_RACK67_UPRIGHT_5_1_MESH
23:44:59 | INFO: Primitives created: 1
23:44:59 | INFO: Extracting primitive: V06_PACK_RACK67_UPRIGHT_5_2_MESH
23:44:59 | INFO: Primitives created: 1
23:44:59 | INFO: Extracting primitive: V06_PACK_RACK67_UPRIGHT_6_0_MESH
23:44:59 | INFO: Primitives created: 1
23:44:59 | INFO: Extracting primitive: V06_PACK_RACK67_UPRIGHT_6_1_MESH
23:44:59 | INFO: Primitives created: 1
23:44:59 | INFO: Extracting primitive: V06_PACK_RACK67_UPRIGHT_6_2_MESH
23:44:59 | INFO: Primitives created: 1
23:44:59 | INFO: Extracting primitive: V06_PACK_RACK75_BEAM_0_MESH
23:44:59 | INFO: Primitives created: 1
23:44:59 | INFO: Extracting primitive: V06_PACK_RACK75_BEAM_1_MESH
23:44:59 | INFO: Primitives created: 1
23:44:59 | INFO: Extracting primitive: V06_PACK_RACK75_BEAM_2_MESH
23:44:59 | INFO: Primitives created: 1
23:44:59 | INFO: Extracting primitive: V06_PACK_RACK75_LOAD_0_0_MESH
23:44:59 | INFO: Primitives created: 1
23:44:59 | INFO: Extracting primitive: V06_PACK_RACK75_LOAD_0_1_MESH
23:44:59 | INFO: Primitives created: 1
23:44:59 | INFO: Extracting primitive: V06_PACK_RACK75_LOAD_0_2_MESH
23:44:59 | INFO: Primitives created: 1
23:44:59 | INFO: Extracting primitive: V06_PACK_RACK75_LOAD_1_0_MESH
23:44:59 | INFO: Primitives created: 1
23:44:59 | INFO: Extracting primitive: V06_PACK_RACK75_LOAD_1_1_MESH
23:44:59 | INFO: Primitives created: 1
23:44:59 | INFO: Extracting primitive: V06_PACK_RACK75_LOAD_1_2_MESH
23:44:59 | INFO: Primitives created: 1
23:44:59 | INFO: Extracting primitive: V06_PACK_RACK75_LOAD_2_0_MESH
23:44:59 | INFO: Primitives created: 1
23:44:59 | INFO: Extracting primitive: V06_PACK_RACK75_LOAD_2_1_MESH
23:44:59 | INFO: Primitives created: 1
23:44:59 | INFO: Extracting primitive: V06_PACK_RACK75_LOAD_2_2_MESH
23:44:59 | INFO: Primitives created: 1
23:44:59 | INFO: Extracting primitive: V06_PACK_RACK75_LOAD_3_0_MESH
23:44:59 | INFO: Primitives created: 1
23:44:59 | INFO: Extracting primitive: V06_PACK_RACK75_LOAD_3_1_MESH
23:44:59 | INFO: Primitives created: 1
23:44:59 | INFO: Extracting primitive: V06_PACK_RACK75_LOAD_3_2_MESH
23:44:59 | INFO: Primitives created: 1
23:44:59 | INFO: Extracting primitive: V06_PACK_RACK75_LOAD_4_0_MESH
23:44:59 | INFO: Primitives created: 1
23:44:59 | INFO: Extracting primitive: V06_PACK_RACK75_LOAD_4_1_MESH
23:44:59 | INFO: Primitives created: 1
23:44:59 | INFO: Extracting primitive: V06_PACK_RACK75_LOAD_4_2_MESH
23:44:59 | INFO: Primitives created: 1
23:44:59 | INFO: Extracting primitive: V06_PACK_RACK75_LOAD_5_0_MESH
23:44:59 | INFO: Primitives created: 1
23:44:59 | INFO: Extracting primitive: V06_PACK_RACK75_LOAD_5_1_MESH
23:44:59 | INFO: Primitives created: 1
23:44:59 | INFO: Extracting primitive: V06_PACK_RACK75_LOAD_5_2_MESH
23:44:59 | INFO: Primitives created: 1
23:44:59 | INFO: Extracting primitive: V06_PACK_RACK75_LOAD_6_0_MESH
23:44:59 | INFO: Primitives created: 1
23:44:59 | INFO: Extracting primitive: V06_PACK_RACK75_LOAD_6_1_MESH
23:44:59 | INFO: Primitives created: 1
23:44:59 | INFO: Extracting primitive: V06_PACK_RACK75_LOAD_6_2_MESH
23:44:59 | INFO: Primitives created: 1
23:44:59 | INFO: Extracting primitive: V06_PACK_RACK75_PALLET_0_0_MESH
23:44:59 | INFO: Primitives created: 1
23:44:59 | INFO: Extracting primitive: V06_PACK_RACK75_PALLET_0_1_MESH
23:44:59 | INFO: Primitives created: 1
23:44:59 | INFO: Extracting primitive: V06_PACK_RACK75_PALLET_0_2_MESH
23:44:59 | INFO: Primitives created: 1
23:44:59 | INFO: Extracting primitive: V06_PACK_RACK75_PALLET_1_0_MESH
23:44:59 | INFO: Primitives created: 1
23:44:59 | INFO: Extracting primitive: V06_PACK_RACK75_PALLET_1_1_MESH
23:44:59 | INFO: Primitives created: 1
23:44:59 | INFO: Extracting primitive: V06_PACK_RACK75_PALLET_1_2_MESH
23:44:59 | INFO: Primitives created: 1
23:44:59 | INFO: Extracting primitive: V06_PACK_RACK75_PALLET_2_0_MESH
23:44:59 | INFO: Primitives created: 1
23:44:59 | INFO: Extracting primitive: V06_PACK_RACK75_PALLET_2_1_MESH
23:44:59 | INFO: Primitives created: 1
23:44:59 | INFO: Extracting primitive: V06_PACK_RACK75_PALLET_2_2_MESH
23:44:59 | INFO: Primitives created: 1
23:44:59 | INFO: Extracting primitive: V06_PACK_RACK75_PALLET_3_0_MESH
23:44:59 | INFO: Primitives created: 1
23:44:59 | INFO: Extracting primitive: V06_PACK_RACK75_PALLET_3_1_MESH
23:44:59 | INFO: Primitives created: 1
23:44:59 | INFO: Extracting primitive: V06_PACK_RACK75_PALLET_3_2_MESH
23:44:59 | INFO: Primitives created: 1
23:44:59 | INFO: Extracting primitive: V06_PACK_RACK75_PALLET_4_0_MESH
23:44:59 | INFO: Primitives created: 1
23:44:59 | INFO: Extracting primitive: V06_PACK_RACK75_PALLET_4_1_MESH
23:44:59 | INFO: Primitives created: 1
23:44:59 | INFO: Extracting primitive: V06_PACK_RACK75_PALLET_4_2_MESH
23:44:59 | INFO: Primitives created: 1
23:44:59 | INFO: Extracting primitive: V06_PACK_RACK75_PALLET_5_0_MESH
23:44:59 | INFO: Primitives created: 1
23:44:59 | INFO: Extracting primitive: V06_PACK_RACK75_PALLET_5_1_MESH
23:44:59 | INFO: Primitives created: 1
23:44:59 | INFO: Extracting primitive: V06_PACK_RACK75_PALLET_5_2_MESH
23:44:59 | INFO: Primitives created: 1
23:44:59 | INFO: Extracting primitive: V06_PACK_RACK75_PALLET_6_0_MESH
23:44:59 | INFO: Primitives created: 1
23:44:59 | INFO: Extracting primitive: V06_PACK_RACK75_PALLET_6_1_MESH
23:44:59 | INFO: Primitives created: 1
23:44:59 | INFO: Extracting primitive: V06_PACK_RACK75_PALLET_6_2_MESH
23:44:59 | INFO: Primitives created: 1
23:44:59 | INFO: Extracting primitive: V06_PACK_RACK75_UPRIGHT_0_0_MESH
23:44:59 | INFO: Primitives created: 1
23:44:59 | INFO: Extracting primitive: V06_PACK_RACK75_UPRIGHT_0_1_MESH
23:44:59 | INFO: Primitives created: 1
23:44:59 | INFO: Extracting primitive: V06_PACK_RACK75_UPRIGHT_0_2_MESH
23:44:59 | INFO: Primitives created: 1
23:44:59 | INFO: Extracting primitive: V06_PACK_RACK75_UPRIGHT_1_0_MESH
23:44:59 | INFO: Primitives created: 1
23:44:59 | INFO: Extracting primitive: V06_PACK_RACK75_UPRIGHT_1_1_MESH
23:44:59 | INFO: Primitives created: 1
23:44:59 | INFO: Extracting primitive: V06_PACK_RACK75_UPRIGHT_1_2_MESH
23:44:59 | INFO: Primitives created: 1
23:44:59 | INFO: Extracting primitive: V06_PACK_RACK75_UPRIGHT_2_0_MESH
23:44:59 | INFO: Primitives created: 1
23:44:59 | INFO: Extracting primitive: V06_PACK_RACK75_UPRIGHT_2_1_MESH
23:44:59 | INFO: Primitives created: 1
23:44:59 | INFO: Extracting primitive: V06_PACK_RACK75_UPRIGHT_2_2_MESH
23:44:59 | INFO: Primitives created: 1
23:44:59 | INFO: Extracting primitive: V06_PACK_RACK75_UPRIGHT_3_0_MESH
23:44:59 | INFO: Primitives created: 1
23:44:59 | INFO: Extracting primitive: V06_PACK_RACK75_UPRIGHT_3_1_MESH
23:44:59 | INFO: Primitives created: 1
23:44:59 | INFO: Extracting primitive: V06_PACK_RACK75_UPRIGHT_3_2_MESH
23:44:59 | INFO: Primitives created: 1
23:44:59 | INFO: Extracting primitive: V06_PACK_RACK75_UPRIGHT_4_0_MESH
23:44:59 | INFO: Primitives created: 1
23:44:59 | INFO: Extracting primitive: V06_PACK_RACK75_UPRIGHT_4_1_MESH
23:44:59 | INFO: Primitives created: 1
23:44:59 | INFO: Extracting primitive: V06_PACK_RACK75_UPRIGHT_4_2_MESH
23:44:59 | INFO: Primitives created: 1
23:44:59 | INFO: Extracting primitive: V06_PACK_RACK75_UPRIGHT_5_0_MESH
23:44:59 | INFO: Primitives created: 1
23:44:59 | INFO: Extracting primitive: V06_PACK_RACK75_UPRIGHT_5_1_MESH
23:44:59 | INFO: Primitives created: 1
23:44:59 | INFO: Extracting primitive: V06_PACK_RACK75_UPRIGHT_5_2_MESH
23:44:59 | INFO: Primitives created: 1
23:44:59 | INFO: Extracting primitive: V06_PACK_RACK75_UPRIGHT_6_0_MESH
23:44:59 | INFO: Primitives created: 1
23:44:59 | INFO: Extracting primitive: V06_PACK_RACK75_UPRIGHT_6_1_MESH
23:44:59 | INFO: Primitives created: 1
23:44:59 | INFO: Extracting primitive: V06_PACK_RACK75_UPRIGHT_6_2_MESH
23:44:59 | INFO: Primitives created: 1
23:44:59 | INFO: Extracting primitive: V06_PACK_RACK83_BEAM_0_MESH
23:44:59 | INFO: Primitives created: 1
23:44:59 | INFO: Extracting primitive: V06_PACK_RACK83_BEAM_1_MESH
23:44:59 | INFO: Primitives created: 1
23:44:59 | INFO: Extracting primitive: V06_PACK_RACK83_BEAM_2_MESH
23:44:59 | INFO: Primitives created: 1
23:44:59 | INFO: Extracting primitive: V06_PACK_RACK83_LOAD_0_0_MESH
23:44:59 | INFO: Primitives created: 1
23:44:59 | INFO: Extracting primitive: V06_PACK_RACK83_LOAD_0_1_MESH
23:44:59 | INFO: Primitives created: 1
23:44:59 | INFO: Extracting primitive: V06_PACK_RACK83_LOAD_0_2_MESH
23:44:59 | INFO: Primitives created: 1
23:44:59 | INFO: Extracting primitive: V06_PACK_RACK83_LOAD_1_0_MESH
23:44:59 | INFO: Primitives created: 1
23:44:59 | INFO: Extracting primitive: V06_PACK_RACK83_LOAD_1_1_MESH
23:44:59 | INFO: Primitives created: 1
23:44:59 | INFO: Extracting primitive: V06_PACK_RACK83_LOAD_1_2_MESH
23:44:59 | INFO: Primitives created: 1
23:44:59 | INFO: Extracting primitive: V06_PACK_RACK83_LOAD_2_0_MESH
23:44:59 | INFO: Primitives created: 1
23:44:59 | INFO: Extracting primitive: V06_PACK_RACK83_LOAD_2_1_MESH
23:44:59 | INFO: Primitives created: 1
23:44:59 | INFO: Extracting primitive: V06_PACK_RACK83_LOAD_2_2_MESH
23:44:59 | INFO: Primitives created: 1
23:44:59 | INFO: Extracting primitive: V06_PACK_RACK83_LOAD_3_0_MESH
23:44:59 | INFO: Primitives created: 1
23:44:59 | INFO: Extracting primitive: V06_PACK_RACK83_LOAD_3_1_MESH
23:44:59 | INFO: Primitives created: 1
23:44:59 | INFO: Extracting primitive: V06_PACK_RACK83_LOAD_3_2_MESH
23:44:59 | INFO: Primitives created: 1
23:44:59 | INFO: Extracting primitive: V06_PACK_RACK83_LOAD_4_0_MESH
23:44:59 | INFO: Primitives created: 1
23:44:59 | INFO: Extracting primitive: V06_PACK_RACK83_LOAD_4_1_MESH
23:44:59 | INFO: Primitives created: 1
23:44:59 | INFO: Extracting primitive: V06_PACK_RACK83_LOAD_4_2_MESH
23:44:59 | INFO: Primitives created: 1
23:44:59 | INFO: Extracting primitive: V06_PACK_RACK83_LOAD_5_0_MESH
23:44:59 | INFO: Primitives created: 1
23:44:59 | INFO: Extracting primitive: V06_PACK_RACK83_LOAD_5_1_MESH
23:44:59 | INFO: Primitives created: 1
23:44:59 | INFO: Extracting primitive: V06_PACK_RACK83_LOAD_5_2_MESH
23:44:59 | INFO: Primitives created: 1
23:44:59 | INFO: Extracting primitive: V06_PACK_RACK83_LOAD_6_0_MESH
23:44:59 | INFO: Primitives created: 1
23:44:59 | INFO: Extracting primitive: V06_PACK_RACK83_LOAD_6_1_MESH
23:44:59 | INFO: Primitives created: 1
23:44:59 | INFO: Extracting primitive: V06_PACK_RACK83_LOAD_6_2_MESH
23:44:59 | INFO: Primitives created: 1
23:44:59 | INFO: Extracting primitive: V06_PACK_RACK83_PALLET_0_0_MESH
23:44:59 | INFO: Primitives created: 1
23:44:59 | INFO: Extracting primitive: V06_PACK_RACK83_PALLET_0_1_MESH
23:44:59 | INFO: Primitives created: 1
23:44:59 | INFO: Extracting primitive: V06_PACK_RACK83_PALLET_0_2_MESH
23:44:59 | INFO: Primitives created: 1
23:44:59 | INFO: Extracting primitive: V06_PACK_RACK83_PALLET_1_0_MESH
23:44:59 | INFO: Primitives created: 1
23:44:59 | INFO: Extracting primitive: V06_PACK_RACK83_PALLET_1_1_MESH
23:44:59 | INFO: Primitives created: 1
23:44:59 | INFO: Extracting primitive: V06_PACK_RACK83_PALLET_1_2_MESH
23:44:59 | INFO: Primitives created: 1
23:44:59 | INFO: Extracting primitive: V06_PACK_RACK83_PALLET_2_0_MESH
23:44:59 | INFO: Primitives created: 1
23:44:59 | INFO: Extracting primitive: V06_PACK_RACK83_PALLET_2_1_MESH
23:44:59 | INFO: Primitives created: 1
23:44:59 | INFO: Extracting primitive: V06_PACK_RACK83_PALLET_2_2_MESH
23:44:59 | INFO: Primitives created: 1
23:44:59 | INFO: Extracting primitive: V06_PACK_RACK83_PALLET_3_0_MESH
23:44:59 | INFO: Primitives created: 1
23:44:59 | INFO: Extracting primitive: V06_PACK_RACK83_PALLET_3_1_MESH
23:44:59 | INFO: Primitives created: 1
23:44:59 | INFO: Extracting primitive: V06_PACK_RACK83_PALLET_3_2_MESH
23:44:59 | INFO: Primitives created: 1
23:44:59 | INFO: Extracting primitive: V06_PACK_RACK83_PALLET_4_0_MESH
23:44:59 | INFO: Primitives created: 1
23:44:59 | INFO: Extracting primitive: V06_PACK_RACK83_PALLET_4_1_MESH
23:44:59 | INFO: Primitives created: 1
23:44:59 | INFO: Extracting primitive: V06_PACK_RACK83_PALLET_4_2_MESH
23:44:59 | INFO: Primitives created: 1
23:44:59 | INFO: Extracting primitive: V06_PACK_RACK83_PALLET_5_0_MESH
23:44:59 | INFO: Primitives created: 1
23:44:59 | INFO: Extracting primitive: V06_PACK_RACK83_PALLET_5_1_MESH
23:44:59 | INFO: Primitives created: 1
23:44:59 | INFO: Extracting primitive: V06_PACK_RACK83_PALLET_5_2_MESH
23:44:59 | INFO: Primitives created: 1
23:44:59 | INFO: Extracting primitive: V06_PACK_RACK83_PALLET_6_0_MESH
23:44:59 | INFO: Primitives created: 1
23:44:59 | INFO: Extracting primitive: V06_PACK_RACK83_PALLET_6_1_MESH
23:44:59 | INFO: Primitives created: 1
23:44:59 | INFO: Extracting primitive: V06_PACK_RACK83_PALLET_6_2_MESH
23:44:59 | INFO: Primitives created: 1
23:44:59 | INFO: Extracting primitive: V06_PACK_RACK83_UPRIGHT_0_0_MESH
23:44:59 | INFO: Primitives created: 1
23:44:59 | INFO: Extracting primitive: V06_PACK_RACK83_UPRIGHT_0_1_MESH
23:44:59 | INFO: Primitives created: 1
23:44:59 | INFO: Extracting primitive: V06_PACK_RACK83_UPRIGHT_0_2_MESH
23:44:59 | INFO: Primitives created: 1
23:44:59 | INFO: Extracting primitive: V06_PACK_RACK83_UPRIGHT_1_0_MESH
23:44:59 | INFO: Primitives created: 1
23:44:59 | INFO: Extracting primitive: V06_PACK_RACK83_UPRIGHT_1_1_MESH
23:44:59 | INFO: Primitives created: 1
23:44:59 | INFO: Extracting primitive: V06_PACK_RACK83_UPRIGHT_1_2_MESH
23:44:59 | INFO: Primitives created: 1
23:44:59 | INFO: Extracting primitive: V06_PACK_RACK83_UPRIGHT_2_0_MESH
23:44:59 | INFO: Primitives created: 1
23:44:59 | INFO: Extracting primitive: V06_PACK_RACK83_UPRIGHT_2_1_MESH
23:44:59 | INFO: Primitives created: 1
23:44:59 | INFO: Extracting primitive: V06_PACK_RACK83_UPRIGHT_2_2_MESH
23:44:59 | INFO: Primitives created: 1
23:44:59 | INFO: Extracting primitive: V06_PACK_RACK83_UPRIGHT_3_0_MESH
23:44:59 | INFO: Primitives created: 1
23:44:59 | INFO: Extracting primitive: V06_PACK_RACK83_UPRIGHT_3_1_MESH
23:44:59 | INFO: Primitives created: 1
23:44:59 | INFO: Extracting primitive: V06_PACK_RACK83_UPRIGHT_3_2_MESH
23:44:59 | INFO: Primitives created: 1
23:44:59 | INFO: Extracting primitive: V06_PACK_RACK83_UPRIGHT_4_0_MESH
23:44:59 | INFO: Primitives created: 1
23:44:59 | INFO: Extracting primitive: V06_PACK_RACK83_UPRIGHT_4_1_MESH
23:44:59 | INFO: Primitives created: 1
23:44:59 | INFO: Extracting primitive: V06_PACK_RACK83_UPRIGHT_4_2_MESH
23:44:59 | INFO: Primitives created: 1
23:44:59 | INFO: Extracting primitive: V06_PACK_RACK83_UPRIGHT_5_0_MESH
23:44:59 | INFO: Primitives created: 1
23:44:59 | INFO: Extracting primitive: V06_PACK_RACK83_UPRIGHT_5_1_MESH
23:44:59 | INFO: Primitives created: 1
23:44:59 | INFO: Extracting primitive: V06_PACK_RACK83_UPRIGHT_5_2_MESH
23:44:59 | INFO: Primitives created: 1
23:44:59 | INFO: Extracting primitive: V06_PACK_RACK83_UPRIGHT_6_0_MESH
23:44:59 | INFO: Primitives created: 1
23:44:59 | INFO: Extracting primitive: V06_PACK_RACK83_UPRIGHT_6_1_MESH
23:44:59 | INFO: Primitives created: 1
23:44:59 | INFO: Extracting primitive: V06_PACK_RACK83_UPRIGHT_6_2_MESH
23:44:59 | INFO: Primitives created: 1
23:44:59 | INFO: Extracting primitive: V06_PACK_RACK91_BEAM_0_MESH
23:44:59 | INFO: Primitives created: 1
23:44:59 | INFO: Extracting primitive: V06_PACK_RACK91_BEAM_1_MESH
23:44:59 | INFO: Primitives created: 1
23:44:59 | INFO: Extracting primitive: V06_PACK_RACK91_BEAM_2_MESH
23:44:59 | INFO: Primitives created: 1
23:44:59 | INFO: Extracting primitive: V06_PACK_RACK91_LOAD_0_0_MESH
23:44:59 | INFO: Primitives created: 1
23:44:59 | INFO: Extracting primitive: V06_PACK_RACK91_LOAD_0_1_MESH
23:44:59 | INFO: Primitives created: 1
23:44:59 | INFO: Extracting primitive: V06_PACK_RACK91_LOAD_0_2_MESH
23:44:59 | INFO: Primitives created: 1
23:44:59 | INFO: Extracting primitive: V06_PACK_RACK91_LOAD_1_0_MESH
23:44:59 | INFO: Primitives created: 1
23:44:59 | INFO: Extracting primitive: V06_PACK_RACK91_LOAD_1_1_MESH
23:44:59 | INFO: Primitives created: 1
23:44:59 | INFO: Extracting primitive: V06_PACK_RACK91_LOAD_1_2_MESH
23:44:59 | INFO: Primitives created: 1
23:44:59 | INFO: Extracting primitive: V06_PACK_RACK91_LOAD_2_0_MESH
23:44:59 | INFO: Primitives created: 1
23:44:59 | INFO: Extracting primitive: V06_PACK_RACK91_LOAD_2_1_MESH
23:44:59 | INFO: Primitives created: 1
23:44:59 | INFO: Extracting primitive: V06_PACK_RACK91_LOAD_2_2_MESH
23:44:59 | INFO: Primitives created: 1
23:44:59 | INFO: Extracting primitive: V06_PACK_RACK91_LOAD_3_0_MESH
23:44:59 | INFO: Primitives created: 1
23:44:59 | INFO: Extracting primitive: V06_PACK_RACK91_LOAD_3_1_MESH
23:44:59 | INFO: Primitives created: 1
23:44:59 | INFO: Extracting primitive: V06_PACK_RACK91_LOAD_3_2_MESH
23:44:59 | INFO: Primitives created: 1
23:44:59 | INFO: Extracting primitive: V06_PACK_RACK91_LOAD_4_0_MESH
23:44:59 | INFO: Primitives created: 1
23:44:59 | INFO: Extracting primitive: V06_PACK_RACK91_LOAD_4_1_MESH
23:44:59 | INFO: Primitives created: 1
23:44:59 | INFO: Extracting primitive: V06_PACK_RACK91_LOAD_4_2_MESH
23:44:59 | INFO: Primitives created: 1
23:44:59 | INFO: Extracting primitive: V06_PACK_RACK91_LOAD_5_0_MESH
23:44:59 | INFO: Primitives created: 1
23:44:59 | INFO: Extracting primitive: V06_PACK_RACK91_LOAD_5_1_MESH
23:44:59 | INFO: Primitives created: 1
23:44:59 | INFO: Extracting primitive: V06_PACK_RACK91_LOAD_5_2_MESH
23:44:59 | INFO: Primitives created: 1
23:44:59 | INFO: Extracting primitive: V06_PACK_RACK91_LOAD_6_0_MESH
23:44:59 | INFO: Primitives created: 1
23:44:59 | INFO: Extracting primitive: V06_PACK_RACK91_LOAD_6_1_MESH
23:44:59 | INFO: Primitives created: 1
23:44:59 | INFO: Extracting primitive: V06_PACK_RACK91_LOAD_6_2_MESH
23:44:59 | INFO: Primitives created: 1
23:44:59 | INFO: Extracting primitive: V06_PACK_RACK91_PALLET_0_0_MESH
23:44:59 | INFO: Primitives created: 1
23:44:59 | INFO: Extracting primitive: V06_PACK_RACK91_PALLET_0_1_MESH
23:44:59 | INFO: Primitives created: 1
23:44:59 | INFO: Extracting primitive: V06_PACK_RACK91_PALLET_0_2_MESH
23:44:59 | INFO: Primitives created: 1
23:44:59 | INFO: Extracting primitive: V06_PACK_RACK91_PALLET_1_0_MESH
23:44:59 | INFO: Primitives created: 1
23:44:59 | INFO: Extracting primitive: V06_PACK_RACK91_PALLET_1_1_MESH
23:44:59 | INFO: Primitives created: 1
23:44:59 | INFO: Extracting primitive: V06_PACK_RACK91_PALLET_1_2_MESH
23:44:59 | INFO: Primitives created: 1
23:44:59 | INFO: Extracting primitive: V06_PACK_RACK91_PALLET_2_0_MESH
23:44:59 | INFO: Primitives created: 1
23:44:59 | INFO: Extracting primitive: V06_PACK_RACK91_PALLET_2_1_MESH
23:44:59 | INFO: Primitives created: 1
23:44:59 | INFO: Extracting primitive: V06_PACK_RACK91_PALLET_2_2_MESH
23:44:59 | INFO: Primitives created: 1
23:44:59 | INFO: Extracting primitive: V06_PACK_RACK91_PALLET_3_0_MESH
23:44:59 | INFO: Primitives created: 1
23:44:59 | INFO: Extracting primitive: V06_PACK_RACK91_PALLET_3_1_MESH
23:44:59 | INFO: Primitives created: 1
23:44:59 | INFO: Extracting primitive: V06_PACK_RACK91_PALLET_3_2_MESH
23:44:59 | INFO: Primitives created: 1
23:44:59 | INFO: Extracting primitive: V06_PACK_RACK91_PALLET_4_0_MESH
23:44:59 | INFO: Primitives created: 1
23:44:59 | INFO: Extracting primitive: V06_PACK_RACK91_PALLET_4_1_MESH
23:44:59 | INFO: Primitives created: 1
23:44:59 | INFO: Extracting primitive: V06_PACK_RACK91_PALLET_4_2_MESH
23:44:59 | INFO: Primitives created: 1
23:44:59 | INFO: Extracting primitive: V06_PACK_RACK91_PALLET_5_0_MESH
23:44:59 | INFO: Primitives created: 1
23:44:59 | INFO: Extracting primitive: V06_PACK_RACK91_PALLET_5_1_MESH
23:44:59 | INFO: Primitives created: 1
23:44:59 | INFO: Extracting primitive: V06_PACK_RACK91_PALLET_5_2_MESH
23:44:59 | INFO: Primitives created: 1
23:44:59 | INFO: Extracting primitive: V06_PACK_RACK91_PALLET_6_0_MESH
23:44:59 | INFO: Primitives created: 1
23:44:59 | INFO: Extracting primitive: V06_PACK_RACK91_PALLET_6_1_MESH
23:44:59 | INFO: Primitives created: 1
23:44:59 | INFO: Extracting primitive: V06_PACK_RACK91_PALLET_6_2_MESH
23:44:59 | INFO: Primitives created: 1
23:44:59 | INFO: Extracting primitive: V06_PACK_RACK91_UPRIGHT_0_0_MESH
23:44:59 | INFO: Primitives created: 1
23:44:59 | INFO: Extracting primitive: V06_PACK_RACK91_UPRIGHT_0_1_MESH
23:44:59 | INFO: Primitives created: 1
23:44:59 | INFO: Extracting primitive: V06_PACK_RACK91_UPRIGHT_0_2_MESH
23:44:59 | INFO: Primitives created: 1
23:44:59 | INFO: Extracting primitive: V06_PACK_RACK91_UPRIGHT_1_0_MESH
23:44:59 | INFO: Primitives created: 1
23:44:59 | INFO: Extracting primitive: V06_PACK_RACK91_UPRIGHT_1_1_MESH
23:44:59 | INFO: Primitives created: 1
23:44:59 | INFO: Extracting primitive: V06_PACK_RACK91_UPRIGHT_1_2_MESH
23:44:59 | INFO: Primitives created: 1
23:44:59 | INFO: Extracting primitive: V06_PACK_RACK91_UPRIGHT_2_0_MESH
23:44:59 | INFO: Primitives created: 1
23:44:59 | INFO: Extracting primitive: V06_PACK_RACK91_UPRIGHT_2_1_MESH
23:44:59 | INFO: Primitives created: 1
23:44:59 | INFO: Extracting primitive: V06_PACK_RACK91_UPRIGHT_2_2_MESH
23:44:59 | INFO: Primitives created: 1
23:44:59 | INFO: Extracting primitive: V06_PACK_RACK91_UPRIGHT_3_0_MESH
23:44:59 | INFO: Primitives created: 1
23:44:59 | INFO: Extracting primitive: V06_PACK_RACK91_UPRIGHT_3_1_MESH
23:44:59 | INFO: Primitives created: 1
23:44:59 | INFO: Extracting primitive: V06_PACK_RACK91_UPRIGHT_3_2_MESH
23:44:59 | INFO: Primitives created: 1
23:44:59 | INFO: Extracting primitive: V06_PACK_RACK91_UPRIGHT_4_0_MESH
23:44:59 | INFO: Primitives created: 1
23:44:59 | INFO: Extracting primitive: V06_PACK_RACK91_UPRIGHT_4_1_MESH
23:44:59 | INFO: Primitives created: 1
23:44:59 | INFO: Extracting primitive: V06_PACK_RACK91_UPRIGHT_4_2_MESH
23:44:59 | INFO: Primitives created: 1
23:44:59 | INFO: Extracting primitive: V06_PACK_RACK91_UPRIGHT_5_0_MESH
23:44:59 | INFO: Primitives created: 1
23:44:59 | INFO: Extracting primitive: V06_PACK_RACK91_UPRIGHT_5_1_MESH
23:44:59 | INFO: Primitives created: 1
23:44:59 | INFO: Extracting primitive: V06_PACK_RACK91_UPRIGHT_5_2_MESH
23:44:59 | INFO: Primitives created: 1
23:44:59 | INFO: Extracting primitive: V06_PACK_RACK91_UPRIGHT_6_0_MESH
23:44:59 | INFO: Primitives created: 1
23:44:59 | INFO: Extracting primitive: V06_PACK_RACK91_UPRIGHT_6_1_MESH
23:44:59 | INFO: Primitives created: 1
23:44:59 | INFO: Extracting primitive: V06_PACK_RACK91_UPRIGHT_6_2_MESH
23:44:59 | INFO: Primitives created: 1
23:44:59 | INFO: Extracting primitive: V06_PACK_RECEIVING_STAGING_MESH
23:44:59 | INFO: Primitives created: 1
23:44:59 | INFO: Extracting primitive: V06_PACK_RIGHT_MESH
23:44:59 | INFO: Primitives created: 1
23:44:59 | INFO: Extracting primitive: V06_PACK_SOFFIT_6.240000000000002_MESH
23:44:59 | INFO: Primitives created: 1
23:44:59 | INFO: Extracting primitive: V06_PACK_SOFFIT_-10_MESH
23:44:59 | INFO: Primitives created: 1
23:44:59 | INFO: Extracting primitive: V06_PACK_SOFFIT_-26.240000000000002_MESH
23:44:59 | INFO: Primitives created: 1
23:44:59 | INFO: Extracting primitive: V06_PASTE_CARTONER_MESH
23:44:59 | INFO: Primitives created: 1
23:44:59 | INFO: Extracting primitive: V06_PASTE_CODE_LINE_A_MESH
23:44:59 | INFO: Primitives created: 1
23:44:59 | INFO: Extracting primitive: V06_PASTE_CODE_LINE_B_MESH
23:44:59 | INFO: Primitives created: 1
23:44:59 | INFO: Extracting primitive: V06_PASTE_CODE_LINE_BED_MESH
23:44:59 | INFO: Primitives created: 1
23:44:59 | INFO: Extracting primitive: V06_PASTE_CODE_LINE_ROLLER0_MESH
23:44:59 | INFO: Primitives created: 1
23:44:59 | INFO: Extracting primitive: V06_PASTE_CODE_LINE_ROLLER1_MESH
23:44:59 | INFO: Primitives created: 1
23:44:59 | INFO: Extracting primitive: V06_PASTE_CODE_LINE_ROLLER2_MESH
23:44:59 | INFO: Primitives created: 1
23:44:59 | INFO: Extracting primitive: V06_PASTE_CODE_LINE_ROLLER3_MESH
23:44:59 | INFO: Primitives created: 1
23:44:59 | INFO: Extracting primitive: V06_PASTE_CODE_LINE_ROLLER4_MESH
23:44:59 | INFO: Primitives created: 1
23:44:59 | INFO: Extracting primitive: V06_PASTE_CODE_LINE_ROLLER5_MESH
23:44:59 | INFO: Primitives created: 1
23:44:59 | INFO: Extracting primitive: V06_PASTE_CODE_LINE_ROLLER6_MESH
23:44:59 | INFO: Primitives created: 1
23:44:59 | INFO: Extracting primitive: V06_PASTE_CRIMP_JAWS_MESH
23:44:59 | INFO: Primitives created: 1
23:44:59 | INFO: Extracting primitive: V06_PASTE_FILL_FRAME_MESH
23:44:59 | INFO: Primitives created: 1
23:44:59 | INFO: Extracting primitive: V06_PASTE_FILL_NOZZLE_0_MESH
23:44:59 | INFO: Primitives created: 1
23:44:59 | INFO: Extracting primitive: V06_PASTE_FILL_NOZZLE_1_MESH
23:44:59 | INFO: Primitives created: 1
23:44:59 | INFO: Extracting primitive: V06_PASTE_FILL_NOZZLE_2_MESH
23:44:59 | INFO: Primitives created: 1
23:44:59 | INFO: Extracting primitive: V06_PASTE_FILL_NOZZLE_3_MESH
23:44:59 | INFO: Primitives created: 1
23:44:59 | INFO: Extracting primitive: V06_PASTE_HOLD_LID_MESH
23:44:59 | INFO: Primitives created: 1
23:44:59 | INFO: Extracting primitive: V06_PASTE_HOLD_OUT_MESH
23:44:59 | INFO: Primitives created: 1
23:44:59 | INFO: Extracting primitive: V06_PASTE_HOLD_VESSEL_MESH
23:44:59 | INFO: Primitives created: 1
23:44:59 | INFO: Extracting primitive: V06_PASTE_TRANSFER_MESH
23:44:59 | INFO: Primitives created: 1
23:44:59 | INFO: Extracting primitive: V06_PASTE_TUBE_MAGAZINE_0_MESH
23:44:59 | INFO: Primitives created: 1
23:44:59 | INFO: Extracting primitive: V06_PASTE_TUBE_MAGAZINE_1_MESH
23:44:59 | INFO: Primitives created: 1
23:44:59 | INFO: Extracting primitive: V06_PASTE_TUBE_MAGAZINE_2_MESH
23:44:59 | INFO: Primitives created: 1
23:44:59 | INFO: Extracting primitive: V06_PASTE_TUBE_MAGAZINE_3_MESH
23:44:59 | INFO: Primitives created: 1
23:44:59 | INFO: Extracting primitive: V06_PASTE_TUBE_MAGAZINE_4_MESH
23:44:59 | INFO: Primitives created: 1
23:44:59 | INFO: Extracting primitive: V06_PASTE_VACUUM_MIX_LID_MESH
23:44:59 | INFO: Primitives created: 1
23:44:59 | INFO: Extracting primitive: V06_PASTE_VACUUM_MIX_OUT_MESH
23:44:59 | INFO: Primitives created: 1
23:44:59 | INFO: Extracting primitive: V06_PASTE_VACUUM_MIX_VESSEL_MESH
23:44:59 | INFO: Primitives created: 1
23:44:59 | INFO: Extracting primitive: V06_POWDER_AUGER_MESH
23:44:59 | INFO: Primitives created: 1
23:44:59 | INFO: Extracting primitive: V06_POWDER_BACK_MESH
23:44:59 | INFO: Primitives created: 1
23:44:59 | INFO: Extracting primitive: V06_POWDER_DOOR_HEADER_MESH
23:44:59 | INFO: Primitives created: 1
23:44:59 | INFO: Extracting primitive: V06_POWDER_DOOR_L_MESH
23:44:59 | INFO: Primitives created: 1
23:44:59 | INFO: Extracting primitive: V06_POWDER_DOOR_R_MESH
23:44:59 | INFO: Primitives created: 1
23:44:59 | INFO: Extracting primitive: V06_POWDER_DOSING_FRAME_MESH
23:44:59 | INFO: Primitives created: 1
23:44:59 | INFO: Extracting primitive: V06_POWDER_DOSING_SCREW_MESH
23:44:59 | INFO: Primitives created: 1
23:44:59 | INFO: Extracting primitive: V06_POWDER_FEED_HOPPER_MESH
23:44:59 | INFO: Primitives created: 1
23:44:59 | INFO: Extracting primitive: V06_POWDER_FFS_FORMER_MESH
23:44:59 | INFO: Primitives created: 1
23:44:59 | INFO: Extracting primitive: V06_POWDER_FFS_INFEED_A_MESH
23:44:59 | INFO: Primitives created: 1
23:44:59 | INFO: Extracting primitive: V06_POWDER_FFS_INFEED_B_MESH
23:44:59 | INFO: Primitives created: 1
23:44:59 | INFO: Extracting primitive: V06_POWDER_FFS_INFEED_BED_MESH
23:44:59 | INFO: Primitives created: 1
23:44:59 | INFO: Extracting primitive: V06_POWDER_FFS_INFEED_ROLLER0_MESH
23:44:59 | INFO: Primitives created: 1
23:44:59 | INFO: Extracting primitive: V06_POWDER_FFS_INFEED_ROLLER1_MESH
23:44:59 | INFO: Primitives created: 1
23:44:59 | INFO: Extracting primitive: V06_POWDER_FFS_INFEED_ROLLER2_MESH
23:44:59 | INFO: Primitives created: 1
23:44:59 | INFO: Extracting primitive: V06_POWDER_FFS_INFEED_ROLLER3_MESH
23:44:59 | INFO: Primitives created: 1
23:44:59 | INFO: Extracting primitive: V06_POWDER_FFS_INFEED_ROLLER4_MESH
23:44:59 | INFO: Primitives created: 1
23:44:59 | INFO: Extracting primitive: V06_POWDER_FFS_INFEED_ROLLER5_MESH
23:44:59 | INFO: Primitives created: 1
23:44:59 | INFO: Extracting primitive: V06_POWDER_FFS_INFEED_ROLLER6_MESH
23:44:59 | INFO: Primitives created: 1
23:44:59 | INFO: Extracting primitive: V06_POWDER_FINISHED_SACHET_0_MESH
23:44:59 | INFO: Primitives created: 1
23:44:59 | INFO: Extracting primitive: V06_POWDER_FINISHED_SACHET_1_MESH
23:44:59 | INFO: Primitives created: 1
23:44:59 | INFO: Extracting primitive: V06_POWDER_FINISHED_SACHET_2_MESH
23:44:59 | INFO: Primitives created: 1
23:44:59 | INFO: Extracting primitive: V06_POWDER_FINISHED_SACHET_3_MESH
23:44:59 | INFO: Primitives created: 1
23:44:59 | INFO: Extracting primitive: V06_POWDER_FLOOR_MESH
23:44:59 | INFO: Primitives created: 1
23:44:59 | INFO: Extracting primitive: V06_POWDER_LEFT_MESH
23:44:59 | INFO: Primitives created: 1
23:44:59 | INFO: Extracting primitive: V06_POWDER_LIGHT_0_FIXTURE_MESH
23:44:59 | INFO: Primitives created: 1
23:44:59 | INFO: Extracting primitive: V06_POWDER_LIGHT_0_GLOW_MESH
23:44:59 | INFO: Primitives created: 1
23:44:59 | INFO: Extracting primitive: V06_POWDER_LIGHT_1_FIXTURE_MESH
23:44:59 | INFO: Primitives created: 1
23:44:59 | INFO: Extracting primitive: V06_POWDER_LIGHT_1_GLOW_MESH
23:44:59 | INFO: Primitives created: 1
23:44:59 | INFO: Extracting primitive: V06_POWDER_LIGHT_2_FIXTURE_MESH
23:44:59 | INFO: Primitives created: 1
23:44:59 | INFO: Extracting primitive: V06_POWDER_LIGHT_2_GLOW_MESH
23:44:59 | INFO: Primitives created: 1
23:44:59 | INFO: Extracting primitive: V06_POWDER_RIGHT_MESH
23:44:59 | INFO: Primitives created: 1
23:44:59 | INFO: Extracting primitive: V06_POWDER_SEAL_JAWS_MESH
23:44:59 | INFO: Primitives created: 1
23:44:59 | INFO: Extracting primitive: V06_POWDER_SOFFIT_-37.92_MESH
23:44:59 | INFO: Primitives created: 1
23:44:59 | INFO: Extracting primitive: V06_POWDER_SOFFIT_-48_MESH
23:44:59 | INFO: Primitives created: 1
23:44:59 | INFO: Extracting primitive: V06_POWDER_SOFFIT_-58.08_MESH
23:44:59 | INFO: Primitives created: 1
23:44:59 | INFO: Extracting primitive: V06_RAW_BACK_MESH
23:44:59 | INFO: Primitives created: 1
23:44:59 | INFO: Extracting primitive: V06_RAW_DOOR_HEADER_MESH
23:44:59 | INFO: Primitives created: 1
23:44:59 | INFO: Extracting primitive: V06_RAW_DOOR_L_MESH
23:44:59 | INFO: Primitives created: 1
23:44:59 | INFO: Extracting primitive: V06_RAW_DOOR_R_MESH
23:44:59 | INFO: Primitives created: 1
23:44:59 | INFO: Extracting primitive: V06_RAW_DRUM_0_MESH
23:44:59 | INFO: Primitives created: 1
23:44:59 | INFO: Extracting primitive: V06_RAW_DRUM_1_MESH
23:44:59 | INFO: Primitives created: 1
23:44:59 | INFO: Extracting primitive: V06_RAW_DRUM_2_MESH
23:44:59 | INFO: Primitives created: 1
23:44:59 | INFO: Extracting primitive: V06_RAW_DRUM_3_MESH
23:44:59 | INFO: Primitives created: 1
23:44:59 | INFO: Extracting primitive: V06_RAW_FLOOR_MESH
23:44:59 | INFO: Primitives created: 1
23:44:59 | INFO: Extracting primitive: V06_RAW_IBC_STAGING_MESH
23:44:59 | INFO: Primitives created: 1
23:44:59 | INFO: Extracting primitive: V06_RAW_INSPECTION_DESK_MESH
23:44:59 | INFO: Primitives created: 1
23:44:59 | INFO: Extracting primitive: V06_RAW_LEFT_MESH
23:44:59 | INFO: Primitives created: 1
23:44:59 | INFO: Extracting primitive: V06_RAW_LIGHT_0_FIXTURE_MESH
23:44:59 | INFO: Primitives created: 1
23:44:59 | INFO: Extracting primitive: V06_RAW_LIGHT_0_GLOW_MESH
23:44:59 | INFO: Primitives created: 1
23:44:59 | INFO: Extracting primitive: V06_RAW_LIGHT_1_FIXTURE_MESH
23:44:59 | INFO: Primitives created: 1
23:44:59 | INFO: Extracting primitive: V06_RAW_LIGHT_1_GLOW_MESH
23:44:59 | INFO: Primitives created: 1
23:44:59 | INFO: Extracting primitive: V06_RAW_LIGHT_2_FIXTURE_MESH
23:44:59 | INFO: Primitives created: 1
23:44:59 | INFO: Extracting primitive: V06_RAW_LIGHT_2_GLOW_MESH
23:44:59 | INFO: Primitives created: 1
23:44:59 | INFO: Extracting primitive: V06_RAW_LIGHT_3_FIXTURE_MESH
23:44:59 | INFO: Primitives created: 1
23:44:59 | INFO: Extracting primitive: V06_RAW_LIGHT_3_GLOW_MESH
23:44:59 | INFO: Primitives created: 1
23:44:59 | INFO: Extracting primitive: V06_RAW_LIGHT_4_FIXTURE_MESH
23:44:59 | INFO: Primitives created: 1
23:44:59 | INFO: Extracting primitive: V06_RAW_LIGHT_4_GLOW_MESH
23:44:59 | INFO: Primitives created: 1
23:44:59 | INFO: Extracting primitive: V06_RAW_RACK67_BEAM_0_MESH
23:44:59 | INFO: Primitives created: 1
23:44:59 | INFO: Extracting primitive: V06_RAW_RACK67_BEAM_1_MESH
23:44:59 | INFO: Primitives created: 1
23:44:59 | INFO: Extracting primitive: V06_RAW_RACK67_BEAM_2_MESH
23:44:59 | INFO: Primitives created: 1
23:44:59 | INFO: Extracting primitive: V06_RAW_RACK67_LOAD_0_0_MESH
23:44:59 | INFO: Primitives created: 1
23:44:59 | INFO: Extracting primitive: V06_RAW_RACK67_LOAD_0_1_MESH
23:44:59 | INFO: Primitives created: 1
23:44:59 | INFO: Extracting primitive: V06_RAW_RACK67_LOAD_0_2_MESH
23:44:59 | INFO: Primitives created: 1
23:44:59 | INFO: Extracting primitive: V06_RAW_RACK67_LOAD_1_0_MESH
23:44:59 | INFO: Primitives created: 1
23:44:59 | INFO: Extracting primitive: V06_RAW_RACK67_LOAD_1_1_MESH
23:44:59 | INFO: Primitives created: 1
23:44:59 | INFO: Extracting primitive: V06_RAW_RACK67_LOAD_1_2_MESH
23:44:59 | INFO: Primitives created: 1
23:44:59 | INFO: Extracting primitive: V06_RAW_RACK67_LOAD_2_0_MESH
23:44:59 | INFO: Primitives created: 1
23:44:59 | INFO: Extracting primitive: V06_RAW_RACK67_LOAD_2_1_MESH
23:44:59 | INFO: Primitives created: 1
23:44:59 | INFO: Extracting primitive: V06_RAW_RACK67_LOAD_2_2_MESH
23:44:59 | INFO: Primitives created: 1
23:44:59 | INFO: Extracting primitive: V06_RAW_RACK67_LOAD_3_0_MESH
23:44:59 | INFO: Primitives created: 1
23:44:59 | INFO: Extracting primitive: V06_RAW_RACK67_LOAD_3_1_MESH
23:44:59 | INFO: Primitives created: 1
23:44:59 | INFO: Extracting primitive: V06_RAW_RACK67_LOAD_3_2_MESH
23:44:59 | INFO: Primitives created: 1
23:44:59 | INFO: Extracting primitive: V06_RAW_RACK67_LOAD_4_0_MESH
23:44:59 | INFO: Primitives created: 1
23:44:59 | INFO: Extracting primitive: V06_RAW_RACK67_LOAD_4_1_MESH
23:44:59 | INFO: Primitives created: 1
23:44:59 | INFO: Extracting primitive: V06_RAW_RACK67_LOAD_4_2_MESH
23:44:59 | INFO: Primitives created: 1
23:44:59 | INFO: Extracting primitive: V06_RAW_RACK67_LOAD_5_0_MESH
23:44:59 | INFO: Primitives created: 1
23:44:59 | INFO: Extracting primitive: V06_RAW_RACK67_LOAD_5_1_MESH
23:44:59 | INFO: Primitives created: 1
23:44:59 | INFO: Extracting primitive: V06_RAW_RACK67_LOAD_5_2_MESH
23:44:59 | INFO: Primitives created: 1
23:44:59 | INFO: Extracting primitive: V06_RAW_RACK67_LOAD_6_0_MESH
23:44:59 | INFO: Primitives created: 1
23:44:59 | INFO: Extracting primitive: V06_RAW_RACK67_LOAD_6_1_MESH
23:44:59 | INFO: Primitives created: 1
23:44:59 | INFO: Extracting primitive: V06_RAW_RACK67_LOAD_6_2_MESH
23:44:59 | INFO: Primitives created: 1
23:44:59 | INFO: Extracting primitive: V06_RAW_RACK67_LOAD_7_0_MESH
23:44:59 | INFO: Primitives created: 1
23:44:59 | INFO: Extracting primitive: V06_RAW_RACK67_LOAD_7_1_MESH
23:44:59 | INFO: Primitives created: 1
23:44:59 | INFO: Extracting primitive: V06_RAW_RACK67_LOAD_7_2_MESH
23:44:59 | INFO: Primitives created: 1
23:44:59 | INFO: Extracting primitive: V06_RAW_RACK67_PALLET_0_0_MESH
23:44:59 | INFO: Primitives created: 1
23:44:59 | INFO: Extracting primitive: V06_RAW_RACK67_PALLET_0_1_MESH
23:44:59 | INFO: Primitives created: 1
23:44:59 | INFO: Extracting primitive: V06_RAW_RACK67_PALLET_0_2_MESH
23:44:59 | INFO: Primitives created: 1
23:44:59 | INFO: Extracting primitive: V06_RAW_RACK67_PALLET_1_0_MESH
23:44:59 | INFO: Primitives created: 1
23:44:59 | INFO: Extracting primitive: V06_RAW_RACK67_PALLET_1_1_MESH
23:44:59 | INFO: Primitives created: 1
23:44:59 | INFO: Extracting primitive: V06_RAW_RACK67_PALLET_1_2_MESH
23:44:59 | INFO: Primitives created: 1
23:44:59 | INFO: Extracting primitive: V06_RAW_RACK67_PALLET_2_0_MESH
23:44:59 | INFO: Primitives created: 1
23:44:59 | INFO: Extracting primitive: V06_RAW_RACK67_PALLET_2_1_MESH
23:44:59 | INFO: Primitives created: 1
23:44:59 | INFO: Extracting primitive: V06_RAW_RACK67_PALLET_2_2_MESH
23:44:59 | INFO: Primitives created: 1
23:44:59 | INFO: Extracting primitive: V06_RAW_RACK67_PALLET_3_0_MESH
23:44:59 | INFO: Primitives created: 1
23:44:59 | INFO: Extracting primitive: V06_RAW_RACK67_PALLET_3_1_MESH
23:44:59 | INFO: Primitives created: 1
23:44:59 | INFO: Extracting primitive: V06_RAW_RACK67_PALLET_3_2_MESH
23:44:59 | INFO: Primitives created: 1
23:44:59 | INFO: Extracting primitive: V06_RAW_RACK67_PALLET_4_0_MESH
23:44:59 | INFO: Primitives created: 1
23:44:59 | INFO: Extracting primitive: V06_RAW_RACK67_PALLET_4_1_MESH
23:44:59 | INFO: Primitives created: 1
23:44:59 | INFO: Extracting primitive: V06_RAW_RACK67_PALLET_4_2_MESH
23:44:59 | INFO: Primitives created: 1
23:44:59 | INFO: Extracting primitive: V06_RAW_RACK67_PALLET_5_0_MESH
23:44:59 | INFO: Primitives created: 1
23:44:59 | INFO: Extracting primitive: V06_RAW_RACK67_PALLET_5_1_MESH
23:44:59 | INFO: Primitives created: 1
23:44:59 | INFO: Extracting primitive: V06_RAW_RACK67_PALLET_5_2_MESH
23:44:59 | INFO: Primitives created: 1
23:44:59 | INFO: Extracting primitive: V06_RAW_RACK67_PALLET_6_0_MESH
23:44:59 | INFO: Primitives created: 1
23:44:59 | INFO: Extracting primitive: V06_RAW_RACK67_PALLET_6_1_MESH
23:44:59 | INFO: Primitives created: 1
23:44:59 | INFO: Extracting primitive: V06_RAW_RACK67_PALLET_6_2_MESH
23:44:59 | INFO: Primitives created: 1
23:44:59 | INFO: Extracting primitive: V06_RAW_RACK67_PALLET_7_0_MESH
23:44:59 | INFO: Primitives created: 1
23:44:59 | INFO: Extracting primitive: V06_RAW_RACK67_PALLET_7_1_MESH
23:44:59 | INFO: Primitives created: 1
23:44:59 | INFO: Extracting primitive: V06_RAW_RACK67_PALLET_7_2_MESH
23:44:59 | INFO: Primitives created: 1
23:44:59 | INFO: Extracting primitive: V06_RAW_RACK67_UPRIGHT_0_0_MESH
23:44:59 | INFO: Primitives created: 1
23:44:59 | INFO: Extracting primitive: V06_RAW_RACK67_UPRIGHT_0_1_MESH
23:44:59 | INFO: Primitives created: 1
23:44:59 | INFO: Extracting primitive: V06_RAW_RACK67_UPRIGHT_0_2_MESH
23:44:59 | INFO: Primitives created: 1
23:44:59 | INFO: Extracting primitive: V06_RAW_RACK67_UPRIGHT_1_0_MESH
23:44:59 | INFO: Primitives created: 1
23:44:59 | INFO: Extracting primitive: V06_RAW_RACK67_UPRIGHT_1_1_MESH
23:44:59 | INFO: Primitives created: 1
23:44:59 | INFO: Extracting primitive: V06_RAW_RACK67_UPRIGHT_1_2_MESH
23:44:59 | INFO: Primitives created: 1
23:44:59 | INFO: Extracting primitive: V06_RAW_RACK67_UPRIGHT_2_0_MESH
23:44:59 | INFO: Primitives created: 1
23:44:59 | INFO: Extracting primitive: V06_RAW_RACK67_UPRIGHT_2_1_MESH
23:44:59 | INFO: Primitives created: 1
23:44:59 | INFO: Extracting primitive: V06_RAW_RACK67_UPRIGHT_2_2_MESH
23:44:59 | INFO: Primitives created: 1
23:44:59 | INFO: Extracting primitive: V06_RAW_RACK67_UPRIGHT_3_0_MESH
23:44:59 | INFO: Primitives created: 1
23:44:59 | INFO: Extracting primitive: V06_RAW_RACK67_UPRIGHT_3_1_MESH
23:44:59 | INFO: Primitives created: 1
23:44:59 | INFO: Extracting primitive: V06_RAW_RACK67_UPRIGHT_3_2_MESH
23:44:59 | INFO: Primitives created: 1
23:44:59 | INFO: Extracting primitive: V06_RAW_RACK67_UPRIGHT_4_0_MESH
23:44:59 | INFO: Primitives created: 1
23:44:59 | INFO: Extracting primitive: V06_RAW_RACK67_UPRIGHT_4_1_MESH
23:44:59 | INFO: Primitives created: 1
23:44:59 | INFO: Extracting primitive: V06_RAW_RACK67_UPRIGHT_4_2_MESH
23:44:59 | INFO: Primitives created: 1
23:44:59 | INFO: Extracting primitive: V06_RAW_RACK67_UPRIGHT_5_0_MESH
23:44:59 | INFO: Primitives created: 1
23:44:59 | INFO: Extracting primitive: V06_RAW_RACK67_UPRIGHT_5_1_MESH
23:44:59 | INFO: Primitives created: 1
23:44:59 | INFO: Extracting primitive: V06_RAW_RACK67_UPRIGHT_5_2_MESH
23:44:59 | INFO: Primitives created: 1
23:44:59 | INFO: Extracting primitive: V06_RAW_RACK67_UPRIGHT_6_0_MESH
23:44:59 | INFO: Primitives created: 1
23:44:59 | INFO: Extracting primitive: V06_RAW_RACK67_UPRIGHT_6_1_MESH
23:44:59 | INFO: Primitives created: 1
23:44:59 | INFO: Extracting primitive: V06_RAW_RACK67_UPRIGHT_6_2_MESH
23:44:59 | INFO: Primitives created: 1
23:44:59 | INFO: Extracting primitive: V06_RAW_RACK67_UPRIGHT_7_0_MESH
23:44:59 | INFO: Primitives created: 1
23:44:59 | INFO: Extracting primitive: V06_RAW_RACK67_UPRIGHT_7_1_MESH
23:44:59 | INFO: Primitives created: 1
23:44:59 | INFO: Extracting primitive: V06_RAW_RACK67_UPRIGHT_7_2_MESH
23:44:59 | INFO: Primitives created: 1
23:44:59 | INFO: Extracting primitive: V06_RAW_RACK75_BEAM_0_MESH
23:44:59 | INFO: Primitives created: 1
23:44:59 | INFO: Extracting primitive: V06_RAW_RACK75_BEAM_1_MESH
23:44:59 | INFO: Primitives created: 1
23:44:59 | INFO: Extracting primitive: V06_RAW_RACK75_BEAM_2_MESH
23:44:59 | INFO: Primitives created: 1
23:44:59 | INFO: Extracting primitive: V06_RAW_RACK75_LOAD_0_0_MESH
23:44:59 | INFO: Primitives created: 1
23:44:59 | INFO: Extracting primitive: V06_RAW_RACK75_LOAD_0_1_MESH
23:44:59 | INFO: Primitives created: 1
23:44:59 | INFO: Extracting primitive: V06_RAW_RACK75_LOAD_0_2_MESH
23:44:59 | INFO: Primitives created: 1
23:44:59 | INFO: Extracting primitive: V06_RAW_RACK75_LOAD_1_0_MESH
23:44:59 | INFO: Primitives created: 1
23:44:59 | INFO: Extracting primitive: V06_RAW_RACK75_LOAD_1_1_MESH
23:44:59 | INFO: Primitives created: 1
23:44:59 | INFO: Extracting primitive: V06_RAW_RACK75_LOAD_1_2_MESH
23:44:59 | INFO: Primitives created: 1
23:44:59 | INFO: Extracting primitive: V06_RAW_RACK75_LOAD_2_0_MESH
23:44:59 | INFO: Primitives created: 1
23:44:59 | INFO: Extracting primitive: V06_RAW_RACK75_LOAD_2_1_MESH
23:44:59 | INFO: Primitives created: 1
23:44:59 | INFO: Extracting primitive: V06_RAW_RACK75_LOAD_2_2_MESH
23:44:59 | INFO: Primitives created: 1
23:44:59 | INFO: Extracting primitive: V06_RAW_RACK75_LOAD_3_0_MESH
23:44:59 | INFO: Primitives created: 1
23:44:59 | INFO: Extracting primitive: V06_RAW_RACK75_LOAD_3_1_MESH
23:44:59 | INFO: Primitives created: 1
23:44:59 | INFO: Extracting primitive: V06_RAW_RACK75_LOAD_3_2_MESH
23:44:59 | INFO: Primitives created: 1
23:44:59 | INFO: Extracting primitive: V06_RAW_RACK75_LOAD_4_0_MESH
23:44:59 | INFO: Primitives created: 1
23:44:59 | INFO: Extracting primitive: V06_RAW_RACK75_LOAD_4_1_MESH
23:44:59 | INFO: Primitives created: 1
23:44:59 | INFO: Extracting primitive: V06_RAW_RACK75_LOAD_4_2_MESH
23:44:59 | INFO: Primitives created: 1
23:44:59 | INFO: Extracting primitive: V06_RAW_RACK75_LOAD_5_0_MESH
23:44:59 | INFO: Primitives created: 1
23:44:59 | INFO: Extracting primitive: V06_RAW_RACK75_LOAD_5_1_MESH
23:44:59 | INFO: Primitives created: 1
23:44:59 | INFO: Extracting primitive: V06_RAW_RACK75_LOAD_5_2_MESH
23:44:59 | INFO: Primitives created: 1
23:44:59 | INFO: Extracting primitive: V06_RAW_RACK75_LOAD_6_0_MESH
23:44:59 | INFO: Primitives created: 1
23:44:59 | INFO: Extracting primitive: V06_RAW_RACK75_LOAD_6_1_MESH
23:44:59 | INFO: Primitives created: 1
23:44:59 | INFO: Extracting primitive: V06_RAW_RACK75_LOAD_6_2_MESH
23:44:59 | INFO: Primitives created: 1
23:44:59 | INFO: Extracting primitive: V06_RAW_RACK75_LOAD_7_0_MESH
23:44:59 | INFO: Primitives created: 1
23:44:59 | INFO: Extracting primitive: V06_RAW_RACK75_LOAD_7_1_MESH
23:44:59 | INFO: Primitives created: 1
23:44:59 | INFO: Extracting primitive: V06_RAW_RACK75_LOAD_7_2_MESH
23:44:59 | INFO: Primitives created: 1
23:44:59 | INFO: Extracting primitive: V06_RAW_RACK75_PALLET_0_0_MESH
23:44:59 | INFO: Primitives created: 1
23:44:59 | INFO: Extracting primitive: V06_RAW_RACK75_PALLET_0_1_MESH
23:44:59 | INFO: Primitives created: 1
23:44:59 | INFO: Extracting primitive: V06_RAW_RACK75_PALLET_0_2_MESH
23:44:59 | INFO: Primitives created: 1
23:44:59 | INFO: Extracting primitive: V06_RAW_RACK75_PALLET_1_0_MESH
23:44:59 | INFO: Primitives created: 1
23:44:59 | INFO: Extracting primitive: V06_RAW_RACK75_PALLET_1_1_MESH
23:44:59 | INFO: Primitives created: 1
23:44:59 | INFO: Extracting primitive: V06_RAW_RACK75_PALLET_1_2_MESH
23:44:59 | INFO: Primitives created: 1
23:44:59 | INFO: Extracting primitive: V06_RAW_RACK75_PALLET_2_0_MESH
23:44:59 | INFO: Primitives created: 1
23:44:59 | INFO: Extracting primitive: V06_RAW_RACK75_PALLET_2_1_MESH
23:44:59 | INFO: Primitives created: 1
23:44:59 | INFO: Extracting primitive: V06_RAW_RACK75_PALLET_2_2_MESH
23:44:59 | INFO: Primitives created: 1
23:44:59 | INFO: Extracting primitive: V06_RAW_RACK75_PALLET_3_0_MESH
23:44:59 | INFO: Primitives created: 1
23:44:59 | INFO: Extracting primitive: V06_RAW_RACK75_PALLET_3_1_MESH
23:44:59 | INFO: Primitives created: 1
23:44:59 | INFO: Extracting primitive: V06_RAW_RACK75_PALLET_3_2_MESH
23:44:59 | INFO: Primitives created: 1
23:44:59 | INFO: Extracting primitive: V06_RAW_RACK75_PALLET_4_0_MESH
23:44:59 | INFO: Primitives created: 1
23:44:59 | INFO: Extracting primitive: V06_RAW_RACK75_PALLET_4_1_MESH
23:44:59 | INFO: Primitives created: 1
23:44:59 | INFO: Extracting primitive: V06_RAW_RACK75_PALLET_4_2_MESH
23:44:59 | INFO: Primitives created: 1
23:44:59 | INFO: Extracting primitive: V06_RAW_RACK75_PALLET_5_0_MESH
23:44:59 | INFO: Primitives created: 1
23:44:59 | INFO: Extracting primitive: V06_RAW_RACK75_PALLET_5_1_MESH
23:44:59 | INFO: Primitives created: 1
23:44:59 | INFO: Extracting primitive: V06_RAW_RACK75_PALLET_5_2_MESH
23:44:59 | INFO: Primitives created: 1
23:44:59 | INFO: Extracting primitive: V06_RAW_RACK75_PALLET_6_0_MESH
23:44:59 | INFO: Primitives created: 1
23:44:59 | INFO: Extracting primitive: V06_RAW_RACK75_PALLET_6_1_MESH
23:44:59 | INFO: Primitives created: 1
23:44:59 | INFO: Extracting primitive: V06_RAW_RACK75_PALLET_6_2_MESH
23:44:59 | INFO: Primitives created: 1
23:44:59 | INFO: Extracting primitive: V06_RAW_RACK75_PALLET_7_0_MESH
23:44:59 | INFO: Primitives created: 1
23:44:59 | INFO: Extracting primitive: V06_RAW_RACK75_PALLET_7_1_MESH
23:44:59 | INFO: Primitives created: 1
23:44:59 | INFO: Extracting primitive: V06_RAW_RACK75_PALLET_7_2_MESH
23:44:59 | INFO: Primitives created: 1
23:44:59 | INFO: Extracting primitive: V06_RAW_RACK75_UPRIGHT_0_0_MESH
23:44:59 | INFO: Primitives created: 1
23:44:59 | INFO: Extracting primitive: V06_RAW_RACK75_UPRIGHT_0_1_MESH
23:44:59 | INFO: Primitives created: 1
23:44:59 | INFO: Extracting primitive: V06_RAW_RACK75_UPRIGHT_0_2_MESH
23:44:59 | INFO: Primitives created: 1
23:44:59 | INFO: Extracting primitive: V06_RAW_RACK75_UPRIGHT_1_0_MESH
23:44:59 | INFO: Primitives created: 1
23:44:59 | INFO: Extracting primitive: V06_RAW_RACK75_UPRIGHT_1_1_MESH
23:44:59 | INFO: Primitives created: 1
23:44:59 | INFO: Extracting primitive: V06_RAW_RACK75_UPRIGHT_1_2_MESH
23:44:59 | INFO: Primitives created: 1
23:44:59 | INFO: Extracting primitive: V06_RAW_RACK75_UPRIGHT_2_0_MESH
23:44:59 | INFO: Primitives created: 1
23:44:59 | INFO: Extracting primitive: V06_RAW_RACK75_UPRIGHT_2_1_MESH
23:44:59 | INFO: Primitives created: 1
23:44:59 | INFO: Extracting primitive: V06_RAW_RACK75_UPRIGHT_2_2_MESH
23:44:59 | INFO: Primitives created: 1
23:44:59 | INFO: Extracting primitive: V06_RAW_RACK75_UPRIGHT_3_0_MESH
23:44:59 | INFO: Primitives created: 1
23:44:59 | INFO: Extracting primitive: V06_RAW_RACK75_UPRIGHT_3_1_MESH
23:44:59 | INFO: Primitives created: 1
23:44:59 | INFO: Extracting primitive: V06_RAW_RACK75_UPRIGHT_3_2_MESH
23:44:59 | INFO: Primitives created: 1
23:44:59 | INFO: Extracting primitive: V06_RAW_RACK75_UPRIGHT_4_0_MESH
23:44:59 | INFO: Primitives created: 1
23:44:59 | INFO: Extracting primitive: V06_RAW_RACK75_UPRIGHT_4_1_MESH
23:44:59 | INFO: Primitives created: 1
23:44:59 | INFO: Extracting primitive: V06_RAW_RACK75_UPRIGHT_4_2_MESH
23:44:59 | INFO: Primitives created: 1
23:44:59 | INFO: Extracting primitive: V06_RAW_RACK75_UPRIGHT_5_0_MESH
23:44:59 | INFO: Primitives created: 1
23:44:59 | INFO: Extracting primitive: V06_RAW_RACK75_UPRIGHT_5_1_MESH
23:44:59 | INFO: Primitives created: 1
23:44:59 | INFO: Extracting primitive: V06_RAW_RACK75_UPRIGHT_5_2_MESH
23:44:59 | INFO: Primitives created: 1
23:44:59 | INFO: Extracting primitive: V06_RAW_RACK75_UPRIGHT_6_0_MESH
23:44:59 | INFO: Primitives created: 1
23:44:59 | INFO: Extracting primitive: V06_RAW_RACK75_UPRIGHT_6_1_MESH
23:44:59 | INFO: Primitives created: 1
23:44:59 | INFO: Extracting primitive: V06_RAW_RACK75_UPRIGHT_6_2_MESH
23:44:59 | INFO: Primitives created: 1
23:44:59 | INFO: Extracting primitive: V06_RAW_RACK75_UPRIGHT_7_0_MESH
23:44:59 | INFO: Primitives created: 1
23:44:59 | INFO: Extracting primitive: V06_RAW_RACK75_UPRIGHT_7_1_MESH
23:44:59 | INFO: Primitives created: 1
23:44:59 | INFO: Extracting primitive: V06_RAW_RACK75_UPRIGHT_7_2_MESH
23:44:59 | INFO: Primitives created: 1
23:44:59 | INFO: Extracting primitive: V06_RAW_RACK83_BEAM_0_MESH
23:44:59 | INFO: Primitives created: 1
23:44:59 | INFO: Extracting primitive: V06_RAW_RACK83_BEAM_1_MESH
23:44:59 | INFO: Primitives created: 1
23:44:59 | INFO: Extracting primitive: V06_RAW_RACK83_BEAM_2_MESH
23:44:59 | INFO: Primitives created: 1
23:44:59 | INFO: Extracting primitive: V06_RAW_RACK83_LOAD_0_0_MESH
23:44:59 | INFO: Primitives created: 1
23:44:59 | INFO: Extracting primitive: V06_RAW_RACK83_LOAD_0_1_MESH
23:44:59 | INFO: Primitives created: 1
23:44:59 | INFO: Extracting primitive: V06_RAW_RACK83_LOAD_0_2_MESH
23:44:59 | INFO: Primitives created: 1
23:44:59 | INFO: Extracting primitive: V06_RAW_RACK83_LOAD_1_0_MESH
23:44:59 | INFO: Primitives created: 1
23:44:59 | INFO: Extracting primitive: V06_RAW_RACK83_LOAD_1_1_MESH
23:44:59 | INFO: Primitives created: 1
23:44:59 | INFO: Extracting primitive: V06_RAW_RACK83_LOAD_1_2_MESH
23:44:59 | INFO: Primitives created: 1
23:44:59 | INFO: Extracting primitive: V06_RAW_RACK83_LOAD_2_0_MESH
23:44:59 | INFO: Primitives created: 1
23:44:59 | INFO: Extracting primitive: V06_RAW_RACK83_LOAD_2_1_MESH
23:44:59 | INFO: Primitives created: 1
23:44:59 | INFO: Extracting primitive: V06_RAW_RACK83_LOAD_2_2_MESH
23:44:59 | INFO: Primitives created: 1
23:44:59 | INFO: Extracting primitive: V06_RAW_RACK83_LOAD_3_0_MESH
23:44:59 | INFO: Primitives created: 1
23:44:59 | INFO: Extracting primitive: V06_RAW_RACK83_LOAD_3_1_MESH
23:44:59 | INFO: Primitives created: 1
23:44:59 | INFO: Extracting primitive: V06_RAW_RACK83_LOAD_3_2_MESH
23:44:59 | INFO: Primitives created: 1
23:44:59 | INFO: Extracting primitive: V06_RAW_RACK83_LOAD_4_0_MESH
23:44:59 | INFO: Primitives created: 1
23:44:59 | INFO: Extracting primitive: V06_RAW_RACK83_LOAD_4_1_MESH
23:44:59 | INFO: Primitives created: 1
23:44:59 | INFO: Extracting primitive: V06_RAW_RACK83_LOAD_4_2_MESH
23:44:59 | INFO: Primitives created: 1
23:44:59 | INFO: Extracting primitive: V06_RAW_RACK83_LOAD_5_0_MESH
23:44:59 | INFO: Primitives created: 1
23:44:59 | INFO: Extracting primitive: V06_RAW_RACK83_LOAD_5_1_MESH
23:44:59 | INFO: Primitives created: 1
23:44:59 | INFO: Extracting primitive: V06_RAW_RACK83_LOAD_5_2_MESH
23:44:59 | INFO: Primitives created: 1
23:44:59 | INFO: Extracting primitive: V06_RAW_RACK83_LOAD_6_0_MESH
23:44:59 | INFO: Primitives created: 1
23:44:59 | INFO: Extracting primitive: V06_RAW_RACK83_LOAD_6_1_MESH
23:44:59 | INFO: Primitives created: 1
23:44:59 | INFO: Extracting primitive: V06_RAW_RACK83_LOAD_6_2_MESH
23:44:59 | INFO: Primitives created: 1
23:44:59 | INFO: Extracting primitive: V06_RAW_RACK83_LOAD_7_0_MESH
23:44:59 | INFO: Primitives created: 1
23:44:59 | INFO: Extracting primitive: V06_RAW_RACK83_LOAD_7_1_MESH
23:44:59 | INFO: Primitives created: 1
23:44:59 | INFO: Extracting primitive: V06_RAW_RACK83_LOAD_7_2_MESH
23:44:59 | INFO: Primitives created: 1
23:44:59 | INFO: Extracting primitive: V06_RAW_RACK83_PALLET_0_0_MESH
23:44:59 | INFO: Primitives created: 1
23:44:59 | INFO: Extracting primitive: V06_RAW_RACK83_PALLET_0_1_MESH
23:44:59 | INFO: Primitives created: 1
23:44:59 | INFO: Extracting primitive: V06_RAW_RACK83_PALLET_0_2_MESH
23:44:59 | INFO: Primitives created: 1
23:44:59 | INFO: Extracting primitive: V06_RAW_RACK83_PALLET_1_0_MESH
23:44:59 | INFO: Primitives created: 1
23:44:59 | INFO: Extracting primitive: V06_RAW_RACK83_PALLET_1_1_MESH
23:44:59 | INFO: Primitives created: 1
23:44:59 | INFO: Extracting primitive: V06_RAW_RACK83_PALLET_1_2_MESH
23:44:59 | INFO: Primitives created: 1
23:44:59 | INFO: Extracting primitive: V06_RAW_RACK83_PALLET_2_0_MESH
23:44:59 | INFO: Primitives created: 1
23:44:59 | INFO: Extracting primitive: V06_RAW_RACK83_PALLET_2_1_MESH
23:44:59 | INFO: Primitives created: 1
23:44:59 | INFO: Extracting primitive: V06_RAW_RACK83_PALLET_2_2_MESH
23:44:59 | INFO: Primitives created: 1
23:44:59 | INFO: Extracting primitive: V06_RAW_RACK83_PALLET_3_0_MESH
23:44:59 | INFO: Primitives created: 1
23:44:59 | INFO: Extracting primitive: V06_RAW_RACK83_PALLET_3_1_MESH
23:44:59 | INFO: Primitives created: 1
23:44:59 | INFO: Extracting primitive: V06_RAW_RACK83_PALLET_3_2_MESH
23:44:59 | INFO: Primitives created: 1
23:44:59 | INFO: Extracting primitive: V06_RAW_RACK83_PALLET_4_0_MESH
23:44:59 | INFO: Primitives created: 1
23:44:59 | INFO: Extracting primitive: V06_RAW_RACK83_PALLET_4_1_MESH
23:44:59 | INFO: Primitives created: 1
23:44:59 | INFO: Extracting primitive: V06_RAW_RACK83_PALLET_4_2_MESH
23:44:59 | INFO: Primitives created: 1
23:44:59 | INFO: Extracting primitive: V06_RAW_RACK83_PALLET_5_0_MESH
23:44:59 | INFO: Primitives created: 1
23:44:59 | INFO: Extracting primitive: V06_RAW_RACK83_PALLET_5_1_MESH
23:44:59 | INFO: Primitives created: 1
23:44:59 | INFO: Extracting primitive: V06_RAW_RACK83_PALLET_5_2_MESH
23:44:59 | INFO: Primitives created: 1
23:44:59 | INFO: Extracting primitive: V06_RAW_RACK83_PALLET_6_0_MESH
23:44:59 | INFO: Primitives created: 1
23:44:59 | INFO: Extracting primitive: V06_RAW_RACK83_PALLET_6_1_MESH
23:44:59 | INFO: Primitives created: 1
23:44:59 | INFO: Extracting primitive: V06_RAW_RACK83_PALLET_6_2_MESH
23:44:59 | INFO: Primitives created: 1
23:44:59 | INFO: Extracting primitive: V06_RAW_RACK83_PALLET_7_0_MESH
23:44:59 | INFO: Primitives created: 1
23:44:59 | INFO: Extracting primitive: V06_RAW_RACK83_PALLET_7_1_MESH
23:44:59 | INFO: Primitives created: 1
23:44:59 | INFO: Extracting primitive: V06_RAW_RACK83_PALLET_7_2_MESH
23:44:59 | INFO: Primitives created: 1
23:44:59 | INFO: Extracting primitive: V06_RAW_RACK83_UPRIGHT_0_0_MESH
23:44:59 | INFO: Primitives created: 1
23:45:00 | INFO: Extracting primitive: V06_RAW_RACK83_UPRIGHT_0_1_MESH
23:45:00 | INFO: Primitives created: 1
23:45:00 | INFO: Extracting primitive: V06_RAW_RACK83_UPRIGHT_0_2_MESH
23:45:00 | INFO: Primitives created: 1
23:45:00 | INFO: Extracting primitive: V06_RAW_RACK83_UPRIGHT_1_0_MESH
23:45:00 | INFO: Primitives created: 1
23:45:00 | INFO: Extracting primitive: V06_RAW_RACK83_UPRIGHT_1_1_MESH
23:45:00 | INFO: Primitives created: 1
23:45:00 | INFO: Extracting primitive: V06_RAW_RACK83_UPRIGHT_1_2_MESH
23:45:00 | INFO: Primitives created: 1
23:45:00 | INFO: Extracting primitive: V06_RAW_RACK83_UPRIGHT_2_0_MESH
23:45:00 | INFO: Primitives created: 1
23:45:00 | INFO: Extracting primitive: V06_RAW_RACK83_UPRIGHT_2_1_MESH
23:45:00 | INFO: Primitives created: 1
23:45:00 | INFO: Extracting primitive: V06_RAW_RACK83_UPRIGHT_2_2_MESH
23:45:00 | INFO: Primitives created: 1
23:45:00 | INFO: Extracting primitive: V06_RAW_RACK83_UPRIGHT_3_0_MESH
23:45:00 | INFO: Primitives created: 1
23:45:00 | INFO: Extracting primitive: V06_RAW_RACK83_UPRIGHT_3_1_MESH
23:45:00 | INFO: Primitives created: 1
23:45:00 | INFO: Extracting primitive: V06_RAW_RACK83_UPRIGHT_3_2_MESH
23:45:00 | INFO: Primitives created: 1
23:45:00 | INFO: Extracting primitive: V06_RAW_RACK83_UPRIGHT_4_0_MESH
23:45:00 | INFO: Primitives created: 1
23:45:00 | INFO: Extracting primitive: V06_RAW_RACK83_UPRIGHT_4_1_MESH
23:45:00 | INFO: Primitives created: 1
23:45:00 | INFO: Extracting primitive: V06_RAW_RACK83_UPRIGHT_4_2_MESH
23:45:00 | INFO: Primitives created: 1
23:45:00 | INFO: Extracting primitive: V06_RAW_RACK83_UPRIGHT_5_0_MESH
23:45:00 | INFO: Primitives created: 1
23:45:00 | INFO: Extracting primitive: V06_RAW_RACK83_UPRIGHT_5_1_MESH
23:45:00 | INFO: Primitives created: 1
23:45:00 | INFO: Extracting primitive: V06_RAW_RACK83_UPRIGHT_5_2_MESH
23:45:00 | INFO: Primitives created: 1
23:45:00 | INFO: Extracting primitive: V06_RAW_RACK83_UPRIGHT_6_0_MESH
23:45:00 | INFO: Primitives created: 1
23:45:00 | INFO: Extracting primitive: V06_RAW_RACK83_UPRIGHT_6_1_MESH
23:45:00 | INFO: Primitives created: 1
23:45:00 | INFO: Extracting primitive: V06_RAW_RACK83_UPRIGHT_6_2_MESH
23:45:00 | INFO: Primitives created: 1
23:45:00 | INFO: Extracting primitive: V06_RAW_RACK83_UPRIGHT_7_0_MESH
23:45:00 | INFO: Primitives created: 1
23:45:00 | INFO: Extracting primitive: V06_RAW_RACK83_UPRIGHT_7_1_MESH
23:45:00 | INFO: Primitives created: 1
23:45:00 | INFO: Extracting primitive: V06_RAW_RACK83_UPRIGHT_7_2_MESH
23:45:00 | INFO: Primitives created: 1
23:45:00 | INFO: Extracting primitive: V06_RAW_RACK91_BEAM_0_MESH
23:45:00 | INFO: Primitives created: 1
23:45:00 | INFO: Extracting primitive: V06_RAW_RACK91_BEAM_1_MESH
23:45:00 | INFO: Primitives created: 1
23:45:00 | INFO: Extracting primitive: V06_RAW_RACK91_BEAM_2_MESH
23:45:00 | INFO: Primitives created: 1
23:45:00 | INFO: Extracting primitive: V06_RAW_RACK91_LOAD_0_0_MESH
23:45:00 | INFO: Primitives created: 1
23:45:00 | INFO: Extracting primitive: V06_RAW_RACK91_LOAD_0_1_MESH
23:45:00 | INFO: Primitives created: 1
23:45:00 | INFO: Extracting primitive: V06_RAW_RACK91_LOAD_0_2_MESH
23:45:00 | INFO: Primitives created: 1
23:45:00 | INFO: Extracting primitive: V06_RAW_RACK91_LOAD_1_0_MESH
23:45:00 | INFO: Primitives created: 1
23:45:00 | INFO: Extracting primitive: V06_RAW_RACK91_LOAD_1_1_MESH
23:45:00 | INFO: Primitives created: 1
23:45:00 | INFO: Extracting primitive: V06_RAW_RACK91_LOAD_1_2_MESH
23:45:00 | INFO: Primitives created: 1
23:45:00 | INFO: Extracting primitive: V06_RAW_RACK91_LOAD_2_0_MESH
23:45:00 | INFO: Primitives created: 1
23:45:00 | INFO: Extracting primitive: V06_RAW_RACK91_LOAD_2_1_MESH
23:45:00 | INFO: Primitives created: 1
23:45:00 | INFO: Extracting primitive: V06_RAW_RACK91_LOAD_2_2_MESH
23:45:00 | INFO: Primitives created: 1
23:45:00 | INFO: Extracting primitive: V06_RAW_RACK91_LOAD_3_0_MESH
23:45:00 | INFO: Primitives created: 1
23:45:00 | INFO: Extracting primitive: V06_RAW_RACK91_LOAD_3_1_MESH
23:45:00 | INFO: Primitives created: 1
23:45:00 | INFO: Extracting primitive: V06_RAW_RACK91_LOAD_3_2_MESH
23:45:00 | INFO: Primitives created: 1
23:45:00 | INFO: Extracting primitive: V06_RAW_RACK91_LOAD_4_0_MESH
23:45:00 | INFO: Primitives created: 1
23:45:00 | INFO: Extracting primitive: V06_RAW_RACK91_LOAD_4_1_MESH
23:45:00 | INFO: Primitives created: 1
23:45:00 | INFO: Extracting primitive: V06_RAW_RACK91_LOAD_4_2_MESH
23:45:00 | INFO: Primitives created: 1
23:45:00 | INFO: Extracting primitive: V06_RAW_RACK91_LOAD_5_0_MESH
23:45:00 | INFO: Primitives created: 1
23:45:00 | INFO: Extracting primitive: V06_RAW_RACK91_LOAD_5_1_MESH
23:45:00 | INFO: Primitives created: 1
23:45:00 | INFO: Extracting primitive: V06_RAW_RACK91_LOAD_5_2_MESH
23:45:00 | INFO: Primitives created: 1
23:45:00 | INFO: Extracting primitive: V06_RAW_RACK91_LOAD_6_0_MESH
23:45:00 | INFO: Primitives created: 1
23:45:00 | INFO: Extracting primitive: V06_RAW_RACK91_LOAD_6_1_MESH
23:45:00 | INFO: Primitives created: 1
23:45:00 | INFO: Extracting primitive: V06_RAW_RACK91_LOAD_6_2_MESH
23:45:00 | INFO: Primitives created: 1
23:45:00 | INFO: Extracting primitive: V06_RAW_RACK91_LOAD_7_0_MESH
23:45:00 | INFO: Primitives created: 1
23:45:00 | INFO: Extracting primitive: V06_RAW_RACK91_LOAD_7_1_MESH
23:45:00 | INFO: Primitives created: 1
23:45:00 | INFO: Extracting primitive: V06_RAW_RACK91_LOAD_7_2_MESH
23:45:00 | INFO: Primitives created: 1
23:45:00 | INFO: Extracting primitive: V06_RAW_RACK91_PALLET_0_0_MESH
23:45:00 | INFO: Primitives created: 1
23:45:00 | INFO: Extracting primitive: V06_RAW_RACK91_PALLET_0_1_MESH
23:45:00 | INFO: Primitives created: 1
23:45:00 | INFO: Extracting primitive: V06_RAW_RACK91_PALLET_0_2_MESH
23:45:00 | INFO: Primitives created: 1
23:45:00 | INFO: Extracting primitive: V06_RAW_RACK91_PALLET_1_0_MESH
23:45:00 | INFO: Primitives created: 1
23:45:00 | INFO: Extracting primitive: V06_RAW_RACK91_PALLET_1_1_MESH
23:45:00 | INFO: Primitives created: 1
23:45:00 | INFO: Extracting primitive: V06_RAW_RACK91_PALLET_1_2_MESH
23:45:00 | INFO: Primitives created: 1
23:45:00 | INFO: Extracting primitive: V06_RAW_RACK91_PALLET_2_0_MESH
23:45:00 | INFO: Primitives created: 1
23:45:00 | INFO: Extracting primitive: V06_RAW_RACK91_PALLET_2_1_MESH
23:45:00 | INFO: Primitives created: 1
23:45:00 | INFO: Extracting primitive: V06_RAW_RACK91_PALLET_2_2_MESH
23:45:00 | INFO: Primitives created: 1
23:45:00 | INFO: Extracting primitive: V06_RAW_RACK91_PALLET_3_0_MESH
23:45:00 | INFO: Primitives created: 1
23:45:00 | INFO: Extracting primitive: V06_RAW_RACK91_PALLET_3_1_MESH
23:45:00 | INFO: Primitives created: 1
23:45:00 | INFO: Extracting primitive: V06_RAW_RACK91_PALLET_3_2_MESH
23:45:00 | INFO: Primitives created: 1
23:45:00 | INFO: Extracting primitive: V06_RAW_RACK91_PALLET_4_0_MESH
23:45:00 | INFO: Primitives created: 1
23:45:00 | INFO: Extracting primitive: V06_RAW_RACK91_PALLET_4_1_MESH
23:45:00 | INFO: Primitives created: 1
23:45:00 | INFO: Extracting primitive: V06_RAW_RACK91_PALLET_4_2_MESH
23:45:00 | INFO: Primitives created: 1
23:45:00 | INFO: Extracting primitive: V06_RAW_RACK91_PALLET_5_0_MESH
23:45:00 | INFO: Primitives created: 1
23:45:00 | INFO: Extracting primitive: V06_RAW_RACK91_PALLET_5_1_MESH
23:45:00 | INFO: Primitives created: 1
23:45:00 | INFO: Extracting primitive: V06_RAW_RACK91_PALLET_5_2_MESH
23:45:00 | INFO: Primitives created: 1
23:45:00 | INFO: Extracting primitive: V06_RAW_RACK91_PALLET_6_0_MESH
23:45:00 | INFO: Primitives created: 1
23:45:00 | INFO: Extracting primitive: V06_RAW_RACK91_PALLET_6_1_MESH
23:45:00 | INFO: Primitives created: 1
23:45:00 | INFO: Extracting primitive: V06_RAW_RACK91_PALLET_6_2_MESH
23:45:00 | INFO: Primitives created: 1
23:45:00 | INFO: Extracting primitive: V06_RAW_RACK91_PALLET_7_0_MESH
23:45:00 | INFO: Primitives created: 1
23:45:00 | INFO: Extracting primitive: V06_RAW_RACK91_PALLET_7_1_MESH
23:45:00 | INFO: Primitives created: 1
23:45:00 | INFO: Extracting primitive: V06_RAW_RACK91_PALLET_7_2_MESH
23:45:00 | INFO: Primitives created: 1
23:45:00 | INFO: Extracting primitive: V06_RAW_RACK91_UPRIGHT_0_0_MESH
23:45:00 | INFO: Primitives created: 1
23:45:00 | INFO: Extracting primitive: V06_RAW_RACK91_UPRIGHT_0_1_MESH
23:45:00 | INFO: Primitives created: 1
23:45:00 | INFO: Extracting primitive: V06_RAW_RACK91_UPRIGHT_0_2_MESH
23:45:00 | INFO: Primitives created: 1
23:45:00 | INFO: Extracting primitive: V06_RAW_RACK91_UPRIGHT_1_0_MESH
23:45:00 | INFO: Primitives created: 1
23:45:00 | INFO: Extracting primitive: V06_RAW_RACK91_UPRIGHT_1_1_MESH
23:45:00 | INFO: Primitives created: 1
23:45:00 | INFO: Extracting primitive: V06_RAW_RACK91_UPRIGHT_1_2_MESH
23:45:00 | INFO: Primitives created: 1
23:45:00 | INFO: Extracting primitive: V06_RAW_RACK91_UPRIGHT_2_0_MESH
23:45:00 | INFO: Primitives created: 1
23:45:00 | INFO: Extracting primitive: V06_RAW_RACK91_UPRIGHT_2_1_MESH
23:45:00 | INFO: Primitives created: 1
23:45:00 | INFO: Extracting primitive: V06_RAW_RACK91_UPRIGHT_2_2_MESH
23:45:00 | INFO: Primitives created: 1
23:45:00 | INFO: Extracting primitive: V06_RAW_RACK91_UPRIGHT_3_0_MESH
23:45:00 | INFO: Primitives created: 1
23:45:00 | INFO: Extracting primitive: V06_RAW_RACK91_UPRIGHT_3_1_MESH
23:45:00 | INFO: Primitives created: 1
23:45:00 | INFO: Extracting primitive: V06_RAW_RACK91_UPRIGHT_3_2_MESH
23:45:00 | INFO: Primitives created: 1
23:45:00 | INFO: Extracting primitive: V06_RAW_RACK91_UPRIGHT_4_0_MESH
23:45:00 | INFO: Primitives created: 1
23:45:00 | INFO: Extracting primitive: V06_RAW_RACK91_UPRIGHT_4_1_MESH
23:45:00 | INFO: Primitives created: 1
23:45:00 | INFO: Extracting primitive: V06_RAW_RACK91_UPRIGHT_4_2_MESH
23:45:00 | INFO: Primitives created: 1
23:45:00 | INFO: Extracting primitive: V06_RAW_RACK91_UPRIGHT_5_0_MESH
23:45:00 | INFO: Primitives created: 1
23:45:00 | INFO: Extracting primitive: V06_RAW_RACK91_UPRIGHT_5_1_MESH
23:45:00 | INFO: Primitives created: 1
23:45:00 | INFO: Extracting primitive: V06_RAW_RACK91_UPRIGHT_5_2_MESH
23:45:00 | INFO: Primitives created: 1
23:45:00 | INFO: Extracting primitive: V06_RAW_RACK91_UPRIGHT_6_0_MESH
23:45:00 | INFO: Primitives created: 1
23:45:00 | INFO: Extracting primitive: V06_RAW_RACK91_UPRIGHT_6_1_MESH
23:45:00 | INFO: Primitives created: 1
23:45:00 | INFO: Extracting primitive: V06_RAW_RACK91_UPRIGHT_6_2_MESH
23:45:00 | INFO: Primitives created: 1
23:45:00 | INFO: Extracting primitive: V06_RAW_RACK91_UPRIGHT_7_0_MESH
23:45:00 | INFO: Primitives created: 1
23:45:00 | INFO: Extracting primitive: V06_RAW_RACK91_UPRIGHT_7_1_MESH
23:45:00 | INFO: Primitives created: 1
23:45:00 | INFO: Extracting primitive: V06_RAW_RACK91_UPRIGHT_7_2_MESH
23:45:00 | INFO: Primitives created: 1
23:45:00 | INFO: Extracting primitive: V06_RAW_RECEIVING_0_BASE_MESH
23:45:00 | INFO: Primitives created: 1
23:45:00 | INFO: Extracting primitive: V06_RAW_RECEIVING_0_LOAD_MESH
23:45:00 | INFO: Primitives created: 1
23:45:00 | INFO: Extracting primitive: V06_RAW_RECEIVING_1_BASE_MESH
23:45:00 | INFO: Primitives created: 1
23:45:00 | INFO: Extracting primitive: V06_RAW_RECEIVING_1_LOAD_MESH
23:45:00 | INFO: Primitives created: 1
23:45:00 | INFO: Extracting primitive: V06_RAW_RECEIVING_2_BASE_MESH
23:45:00 | INFO: Primitives created: 1
23:45:00 | INFO: Extracting primitive: V06_RAW_RECEIVING_2_LOAD_MESH
23:45:00 | INFO: Primitives created: 1
23:45:00 | INFO: Extracting primitive: V06_RAW_RECEIVING_3_BASE_MESH
23:45:00 | INFO: Primitives created: 1
23:45:00 | INFO: Extracting primitive: V06_RAW_RECEIVING_3_LOAD_MESH
23:45:00 | INFO: Primitives created: 1
23:45:00 | INFO: Extracting primitive: V06_RAW_RECEIVING_4_BASE_MESH
23:45:00 | INFO: Primitives created: 1
23:45:00 | INFO: Extracting primitive: V06_RAW_RECEIVING_4_LOAD_MESH
23:45:00 | INFO: Primitives created: 1
23:45:00 | INFO: Extracting primitive: V06_RAW_RECEIVING_5_BASE_MESH
23:45:00 | INFO: Primitives created: 1
23:45:00 | INFO: Extracting primitive: V06_RAW_RECEIVING_5_LOAD_MESH
23:45:00 | INFO: Primitives created: 1
23:45:00 | INFO: Extracting primitive: V06_RAW_RECEIVING_DOCK_MESH
23:45:00 | INFO: Primitives created: 1
23:45:00 | INFO: Extracting primitive: V06_RAW_RIGHT_MESH
23:45:00 | INFO: Primitives created: 1
23:45:00 | INFO: Extracting primitive: V06_RAW_SOFFIT_-62.879999999999995_MESH
23:45:00 | INFO: Primitives created: 1
23:45:00 | INFO: Extracting primitive: V06_RAW_SOFFIT_-78_MESH
23:45:00 | INFO: Primitives created: 1
23:45:00 | INFO: Extracting primitive: V06_RAW_SOFFIT_-93.12_MESH
23:45:00 | INFO: Primitives created: 1
23:45:00 | INFO: Extracting primitive: V06_RESTAURANT_BACK_MESH
23:45:00 | INFO: Primitives created: 1
23:45:00 | INFO: Extracting primitive: V06_RESTAURANT_BACKBAR_MESH
23:45:00 | INFO: Primitives created: 1
23:45:00 | INFO: Extracting primitive: V06_RESTAURANT_CAFE_COUNTER_MESH
23:45:00 | INFO: Primitives created: 1
23:45:00 | INFO: Extracting primitive: V06_RESTAURANT_COFFEE_EQUIPMENT_BASE_MESH
23:45:00 | INFO: Primitives created: 1
23:45:00 | INFO: Extracting primitive: V06_RESTAURANT_COFFEE_EQUIPMENT_HOUSING_MESH
23:45:00 | INFO: Primitives created: 1
23:45:00 | INFO: Extracting primitive: V06_RESTAURANT_COFFEE_EQUIPMENT_PANEL_MESH
23:45:00 | INFO: Primitives created: 1
23:45:00 | INFO: Extracting primitive: V06_RESTAURANT_DOOR_HEADER_MESH
23:45:00 | INFO: Primitives created: 1
23:45:00 | INFO: Extracting primitive: V06_RESTAURANT_DOOR_L_MESH
23:45:00 | INFO: Primitives created: 1
23:45:00 | INFO: Extracting primitive: V06_RESTAURANT_DOOR_R_MESH
23:45:00 | INFO: Primitives created: 1
23:45:00 | INFO: Extracting primitive: V06_RESTAURANT_FLOOR_MESH
23:45:00 | INFO: Primitives created: 1
23:45:00 | INFO: Extracting primitive: V06_RESTAURANT_KITCHEN_PARTITION_PANEL_MESH
23:45:00 | INFO: Primitives created: 1
23:45:00 | INFO: Extracting primitive: V06_RESTAURANT_KITCHEN_PARTITION_POST_MESH
23:45:00 | INFO: Primitives created: 1
23:45:00 | INFO: Extracting primitive: V06_RESTAURANT_LEFT_MESH
23:45:00 | INFO: Primitives created: 1
23:45:00 | INFO: Extracting primitive: V06_RESTAURANT_LIGHT_0_FIXTURE_MESH
23:45:00 | INFO: Primitives created: 1
23:45:00 | INFO: Extracting primitive: V06_RESTAURANT_LIGHT_0_GLOW_MESH
23:45:00 | INFO: Primitives created: 1
23:45:00 | INFO: Extracting primitive: V06_RESTAURANT_LIGHT_1_FIXTURE_MESH
23:45:00 | INFO: Primitives created: 1
23:45:00 | INFO: Extracting primitive: V06_RESTAURANT_LIGHT_1_GLOW_MESH
23:45:00 | INFO: Primitives created: 1
23:45:00 | INFO: Extracting primitive: V06_RESTAURANT_LIGHT_2_FIXTURE_MESH
23:45:00 | INFO: Primitives created: 1
23:45:00 | INFO: Extracting primitive: V06_RESTAURANT_LIGHT_2_GLOW_MESH
23:45:00 | INFO: Primitives created: 1
23:45:00 | INFO: Extracting primitive: V06_RESTAURANT_LIGHT_3_FIXTURE_MESH
23:45:00 | INFO: Primitives created: 1
23:45:00 | INFO: Extracting primitive: V06_RESTAURANT_LIGHT_3_GLOW_MESH
23:45:00 | INFO: Primitives created: 1
23:45:00 | INFO: Extracting primitive: V06_RESTAURANT_PASS_MESH
23:45:00 | INFO: Primitives created: 1
23:45:00 | INFO: Extracting primitive: V06_RESTAURANT_RIGHT_MESH
23:45:00 | INFO: Primitives created: 1
23:45:00 | INFO: Extracting primitive: V06_RESTAURANT_SINK_MESH
23:45:00 | INFO: Primitives created: 1
23:45:00 | INFO: Extracting primitive: V06_RESTAURANT_SOFFIT_5_MESH
23:45:00 | INFO: Primitives created: 1
23:45:00 | INFO: Extracting primitive: V06_RESTAURANT_SOFFIT_17.6_MESH
23:45:00 | INFO: Primitives created: 1
23:45:00 | INFO: Extracting primitive: V06_RESTAURANT_SOFFIT_-7.600000000000001_MESH
23:45:00 | INFO: Primitives created: 1
23:45:00 | INFO: Extracting primitive: V06_SECURITY_BACK_MESH
23:45:00 | INFO: Primitives created: 1
23:45:00 | INFO: Extracting primitive: V06_SECURITY_DOOR_HEADER_MESH
23:45:00 | INFO: Primitives created: 1
23:45:00 | INFO: Extracting primitive: V06_SECURITY_DOOR_L_MESH
23:45:00 | INFO: Primitives created: 1
23:45:00 | INFO: Extracting primitive: V06_SECURITY_DOOR_R_MESH
23:45:00 | INFO: Primitives created: 1
23:45:00 | INFO: Extracting primitive: V06_SECURITY_FLOOR_MESH
23:45:00 | INFO: Primitives created: 1
23:45:00 | INFO: Extracting primitive: V06_SECURITY_LEFT_MESH
23:45:00 | INFO: Primitives created: 1
23:45:00 | INFO: Extracting primitive: V06_SECURITY_LIGHT_0_FIXTURE_MESH
23:45:00 | INFO: Primitives created: 1
23:45:00 | INFO: Extracting primitive: V06_SECURITY_LIGHT_0_GLOW_MESH
23:45:00 | INFO: Primitives created: 1
23:45:00 | INFO: Extracting primitive: V06_SECURITY_LIGHT_1_FIXTURE_MESH
23:45:00 | INFO: Primitives created: 1
23:45:00 | INFO: Extracting primitive: V06_SECURITY_LIGHT_1_GLOW_MESH
23:45:00 | INFO: Primitives created: 1
23:45:00 | INFO: Extracting primitive: V06_SECURITY_LIGHT_2_FIXTURE_MESH
23:45:00 | INFO: Primitives created: 1
23:45:00 | INFO: Extracting primitive: V06_SECURITY_LIGHT_2_GLOW_MESH
23:45:00 | INFO: Primitives created: 1
23:45:00 | INFO: Extracting primitive: V06_SECURITY_LIGHT_3_FIXTURE_MESH
23:45:00 | INFO: Primitives created: 1
23:45:00 | INFO: Extracting primitive: V06_SECURITY_LIGHT_3_GLOW_MESH
23:45:00 | INFO: Primitives created: 1
23:45:00 | INFO: Extracting primitive: V06_SECURITY_MONITOR_WALL_MESH
23:45:00 | INFO: Primitives created: 1
23:45:00 | INFO: Extracting primitive: V06_SECURITY_RECEPTION_DESK_MESH
23:45:00 | INFO: Primitives created: 1
23:45:00 | INFO: Extracting primitive: V06_SECURITY_RIGHT_MESH
23:45:00 | INFO: Primitives created: 1
23:45:00 | INFO: Extracting primitive: V06_SECURITY_SCREENING_MESH
23:45:00 | INFO: Primitives created: 1
23:45:00 | INFO: Extracting primitive: V06_SECURITY_SOFFIT_-44.56_MESH
23:45:00 | INFO: Primitives created: 1
23:45:00 | INFO: Extracting primitive: V06_SECURITY_SOFFIT_-58_MESH
23:45:00 | INFO: Primitives created: 1
23:45:00 | INFO: Extracting primitive: V06_SECURITY_SOFFIT_-71.44_MESH
23:45:00 | INFO: Primitives created: 1
23:45:00 | INFO: Extracting primitive: V06_SECURITY_TURNSTILE_0_MESH
23:45:00 | INFO: Primitives created: 1
23:45:00 | INFO: Extracting primitive: V06_SECURITY_TURNSTILE_1_MESH
23:45:00 | INFO: Primitives created: 1
23:45:00 | INFO: Extracting primitive: V06_SECURITY_TURNSTILE_2_MESH
23:45:00 | INFO: Primitives created: 1
23:45:00 | INFO: Extracting primitive: V06_SECURITY_TURNSTILE_3_MESH
23:45:00 | INFO: Primitives created: 1
23:45:00 | INFO: Extracting primitive: V06_SECURITY_WAITING_PANEL_MESH
23:45:00 | INFO: Primitives created: 1
23:45:00 | INFO: Extracting primitive: V06_SECURITY_WAITING_POST_MESH
23:45:00 | INFO: Primitives created: 1
23:45:00 | INFO: Extracting primitive: V06_TOOTHPASTE_BACK_MESH
23:45:00 | INFO: Primitives created: 1
23:45:00 | INFO: Extracting primitive: V06_TOOTHPASTE_DOOR_HEADER_MESH
23:45:00 | INFO: Primitives created: 1
23:45:00 | INFO: Extracting primitive: V06_TOOTHPASTE_DOOR_L_MESH
23:45:00 | INFO: Primitives created: 1
23:45:00 | INFO: Extracting primitive: V06_TOOTHPASTE_DOOR_R_MESH
23:45:00 | INFO: Primitives created: 1
23:45:00 | INFO: Extracting primitive: V06_TOOTHPASTE_FLOOR_MESH
23:45:00 | INFO: Primitives created: 1
23:45:00 | INFO: Extracting primitive: V06_TOOTHPASTE_LEFT_MESH
23:45:00 | INFO: Primitives created: 1
23:45:00 | INFO: Extracting primitive: V06_TOOTHPASTE_LIGHT_0_FIXTURE_MESH
23:45:00 | INFO: Primitives created: 1
23:45:00 | INFO: Extracting primitive: V06_TOOTHPASTE_LIGHT_0_GLOW_MESH
23:45:00 | INFO: Primitives created: 1
23:45:00 | INFO: Extracting primitive: V06_TOOTHPASTE_LIGHT_1_FIXTURE_MESH
23:45:00 | INFO: Primitives created: 1
23:45:00 | INFO: Extracting primitive: V06_TOOTHPASTE_LIGHT_1_GLOW_MESH
23:45:00 | INFO: Primitives created: 1
23:45:00 | INFO: Extracting primitive: V06_TOOTHPASTE_LIGHT_2_FIXTURE_MESH
23:45:00 | INFO: Primitives created: 1
23:45:00 | INFO: Extracting primitive: V06_TOOTHPASTE_LIGHT_2_GLOW_MESH
23:45:00 | INFO: Primitives created: 1
23:45:00 | INFO: Extracting primitive: V06_TOOTHPASTE_LIGHT_3_FIXTURE_MESH
23:45:00 | INFO: Primitives created: 1
23:45:00 | INFO: Extracting primitive: V06_TOOTHPASTE_LIGHT_3_GLOW_MESH
23:45:00 | INFO: Primitives created: 1
23:45:00 | INFO: Extracting primitive: V06_TOOTHPASTE_RIGHT_MESH
23:45:00 | INFO: Primitives created: 1
23:45:00 | INFO: Extracting primitive: V06_TOOTHPASTE_SOFFIT_-0.7999999999999989_MESH
23:45:00 | INFO: Primitives created: 1
23:45:00 | INFO: Extracting primitive: V06_TOOTHPASTE_SOFFIT_-12_MESH
23:45:00 | INFO: Primitives created: 1
23:45:00 | INFO: Extracting primitive: V06_TOOTHPASTE_SOFFIT_-23.200000000000003_MESH
23:45:00 | INFO: Primitives created: 1
23:45:00 | INFO: Extracting primitive: V06_TRAINING_BACK_MESH
23:45:00 | INFO: Primitives created: 1
23:45:00 | INFO: Extracting primitive: V06_TRAINING_DOOR_MESH
23:45:00 | INFO: Primitives created: 1
23:45:00 | INFO: Extracting primitive: V06_TRAINING_DOOR_HEADER_MESH
23:45:00 | INFO: Primitives created: 1
23:45:00 | INFO: Extracting primitive: V06_TRAINING_DOOR_L_MESH
23:45:00 | INFO: Primitives created: 1
23:45:00 | INFO: Extracting primitive: V06_TRAINING_DOOR_R_MESH
23:45:00 | INFO: Primitives created: 1
23:45:00 | INFO: Extracting primitive: V06_TRAINING_FLOOR_MESH
23:45:00 | INFO: Primitives created: 1
23:45:00 | INFO: Extracting primitive: V06_TRAINING_INSTRUCTOR_DESK_MESH
23:45:00 | INFO: Primitives created: 1
23:45:00 | INFO: Extracting primitive: V06_TRAINING_LEFT_MESH
23:45:00 | INFO: Primitives created: 1
23:45:00 | INFO: Extracting primitive: V06_TRAINING_LIGHT_0_FIXTURE_MESH
23:45:00 | INFO: Primitives created: 1
23:45:00 | INFO: Extracting primitive: V06_TRAINING_LIGHT_0_GLOW_MESH
23:45:00 | INFO: Primitives created: 1
23:45:00 | INFO: Extracting primitive: V06_TRAINING_LIGHT_1_FIXTURE_MESH
23:45:00 | INFO: Primitives created: 1
23:45:00 | INFO: Extracting primitive: V06_TRAINING_LIGHT_1_GLOW_MESH
23:45:00 | INFO: Primitives created: 1
23:45:00 | INFO: Extracting primitive: V06_TRAINING_PRESENTATION_SCREEN_MESH
23:45:00 | INFO: Primitives created: 1
23:45:00 | INFO: Extracting primitive: V06_TRAINING_RIGHT_MESH
23:45:00 | INFO: Primitives created: 1
23:45:00 | INFO: Extracting primitive: V06_TRAINING_SOFFIT_22.72_MESH
23:45:00 | INFO: Primitives created: 1
23:45:00 | INFO: Extracting primitive: V06_TRAINING_SOFFIT_30_MESH
23:45:00 | INFO: Primitives created: 1
23:45:00 | INFO: Extracting primitive: V06_TRAINING_SOFFIT_37.28_MESH
23:45:00 | INFO: Primitives created: 1
23:45:00 | INFO: Extracting primitive: V06_TRAINING_STORAGE_BEAM_0_MESH
23:45:00 | INFO: Primitives created: 1
23:45:00 | INFO: Extracting primitive: V06_TRAINING_STORAGE_BEAM_1_MESH
23:45:00 | INFO: Primitives created: 1
23:45:00 | INFO: Extracting primitive: V06_TRAINING_STORAGE_LOAD_0_0_MESH
23:45:00 | INFO: Primitives created: 1
23:45:00 | INFO: Extracting primitive: V06_TRAINING_STORAGE_LOAD_0_1_MESH
23:45:00 | INFO: Primitives created: 1
23:45:00 | INFO: Extracting primitive: V06_TRAINING_STORAGE_LOAD_1_0_MESH
23:45:00 | INFO: Primitives created: 1
23:45:00 | INFO: Extracting primitive: V06_TRAINING_STORAGE_LOAD_1_1_MESH
23:45:00 | INFO: Primitives created: 1
23:45:00 | INFO: Extracting primitive: V06_TRAINING_STORAGE_PALLET_0_0_MESH
23:45:00 | INFO: Primitives created: 1
23:45:00 | INFO: Extracting primitive: V06_TRAINING_STORAGE_PALLET_0_1_MESH
23:45:00 | INFO: Primitives created: 1
23:45:00 | INFO: Extracting primitive: V06_TRAINING_STORAGE_PALLET_1_0_MESH
23:45:00 | INFO: Primitives created: 1
23:45:00 | INFO: Extracting primitive: V06_TRAINING_STORAGE_PALLET_1_1_MESH
23:45:00 | INFO: Primitives created: 1
23:45:00 | INFO: Extracting primitive: V06_TRAINING_STORAGE_UPRIGHT_0_0_MESH
23:45:00 | INFO: Primitives created: 1
23:45:00 | INFO: Extracting primitive: V06_TRAINING_STORAGE_UPRIGHT_0_1_MESH
23:45:00 | INFO: Primitives created: 1
23:45:00 | INFO: Extracting primitive: V06_TRAINING_STORAGE_UPRIGHT_1_0_MESH
23:45:00 | INFO: Primitives created: 1
23:45:00 | INFO: Extracting primitive: V06_TRAINING_STORAGE_UPRIGHT_1_1_MESH
23:45:00 | INFO: Primitives created: 1
23:45:00 | INFO: Extracting primitive: V06_UTIL_AIR_RECEIVER_MESH
23:45:00 | INFO: Primitives created: 1
23:45:00 | INFO: Extracting primitive: V06_UTIL_BOILER_LID_MESH
23:45:00 | INFO: Primitives created: 1
23:45:00 | INFO: Extracting primitive: V06_UTIL_BOILER_OUT_MESH
23:45:00 | INFO: Primitives created: 1
23:45:00 | INFO: Extracting primitive: V06_UTIL_BOILER_VESSEL_MESH
23:45:00 | INFO: Primitives created: 1
23:45:00 | INFO: Extracting primitive: V06_UTIL_COMPRESSOR_BASE_MESH
23:45:00 | INFO: Primitives created: 1
23:45:00 | INFO: Extracting primitive: V06_UTIL_COMPRESSOR_HOUSING_MESH
23:45:00 | INFO: Primitives created: 1
23:45:00 | INFO: Extracting primitive: V06_UTIL_COMPRESSOR_PANEL_MESH
23:45:00 | INFO: Primitives created: 1
23:45:00 | INFO: Extracting primitive: V06_UTIL_DISTRIBUTION_0_MESH
23:45:00 | INFO: Primitives created: 1
23:45:00 | INFO: Extracting primitive: V06_UTIL_DISTRIBUTION_1_MESH
23:45:00 | INFO: Primitives created: 1
23:45:00 | INFO: Extracting primitive: V06_UTIL_DISTRIBUTION_2_MESH
23:45:00 | INFO: Primitives created: 1
23:45:00 | INFO: Extracting primitive: V06_UTIL_DISTRIBUTION_3_MESH
23:45:00 | INFO: Primitives created: 1
23:45:00 | INFO: Extracting primitive: V06_UTIL_DRYER_MESH
23:45:00 | INFO: Primitives created: 1
23:45:00 | INFO: Extracting primitive: V06_UTIL_MAINTENANCE_BENCH_MESH
23:45:00 | INFO: Primitives created: 1
23:45:00 | INFO: Extracting primitive: V06_UTIL_RO_COLUMN_0_LID_MESH
23:45:00 | INFO: Primitives created: 1
23:45:00 | INFO: Extracting primitive: V06_UTIL_RO_COLUMN_0_OUT_MESH
23:45:00 | INFO: Primitives created: 1
23:45:00 | INFO: Extracting primitive: V06_UTIL_RO_COLUMN_0_VESSEL_MESH
23:45:00 | INFO: Primitives created: 1
23:45:00 | INFO: Extracting primitive: V06_UTIL_RO_COLUMN_1_LID_MESH
23:45:00 | INFO: Primitives created: 1
23:45:00 | INFO: Extracting primitive: V06_UTIL_RO_COLUMN_1_OUT_MESH
23:45:00 | INFO: Primitives created: 1
23:45:00 | INFO: Extracting primitive: V06_UTIL_RO_COLUMN_1_VESSEL_MESH
23:45:00 | INFO: Primitives created: 1
23:45:00 | INFO: Extracting primitive: V06_UTIL_RO_COLUMN_2_LID_MESH
23:45:00 | INFO: Primitives created: 1
23:45:00 | INFO: Extracting primitive: V06_UTIL_RO_COLUMN_2_OUT_MESH
23:45:00 | INFO: Primitives created: 1
23:45:00 | INFO: Extracting primitive: V06_UTIL_RO_COLUMN_2_VESSEL_MESH
23:45:00 | INFO: Primitives created: 1
23:45:00 | INFO: Extracting primitive: V06_UTIL_RO_SKID_MESH
23:45:00 | INFO: Primitives created: 1
23:45:00 | INFO: Extracting primitive: V06_UTIL_SERVICE_RAIL_POST_L_MESH
23:45:00 | INFO: Primitives created: 1
23:45:00 | INFO: Extracting primitive: V06_UTIL_SERVICE_RAIL_POST_R_MESH
23:45:00 | INFO: Primitives created: 1
23:45:00 | INFO: Extracting primitive: V06_UTIL_SERVICE_RAIL_TOP_MESH
23:45:00 | INFO: Primitives created: 1
23:45:00 | INFO: Extracting primitive: V06_UTIL_STEAM_MANIFOLD_MESH
23:45:00 | INFO: Primitives created: 1
23:45:00 | INFO: Extracting primitive: V06_UTILITIES_BACK_MESH
23:45:00 | INFO: Primitives created: 1
23:45:00 | INFO: Extracting primitive: V06_UTILITIES_DOOR_HEADER_MESH
23:45:00 | INFO: Primitives created: 1
23:45:00 | INFO: Extracting primitive: V06_UTILITIES_DOOR_L_MESH
23:45:00 | INFO: Primitives created: 1
23:45:00 | INFO: Extracting primitive: V06_UTILITIES_DOOR_R_MESH
23:45:00 | INFO: Primitives created: 1
23:45:00 | INFO: Extracting primitive: V06_UTILITIES_FLOOR_MESH
23:45:00 | INFO: Primitives created: 1
23:45:00 | INFO: Extracting primitive: V06_UTILITIES_LEFT_MESH
23:45:00 | INFO: Primitives created: 1
23:45:00 | INFO: Extracting primitive: V06_UTILITIES_LIGHT_0_FIXTURE_MESH
23:45:00 | INFO: Primitives created: 1
23:45:00 | INFO: Extracting primitive: V06_UTILITIES_LIGHT_0_GLOW_MESH
23:45:00 | INFO: Primitives created: 1
23:45:00 | INFO: Extracting primitive: V06_UTILITIES_LIGHT_1_FIXTURE_MESH
23:45:00 | INFO: Primitives created: 1
23:45:00 | INFO: Extracting primitive: V06_UTILITIES_LIGHT_1_GLOW_MESH
23:45:00 | INFO: Primitives created: 1
23:45:00 | INFO: Extracting primitive: V06_UTILITIES_LIGHT_2_FIXTURE_MESH
23:45:00 | INFO: Primitives created: 1
23:45:00 | INFO: Extracting primitive: V06_UTILITIES_LIGHT_2_GLOW_MESH
23:45:00 | INFO: Primitives created: 1
23:45:00 | INFO: Extracting primitive: V06_UTILITIES_RIGHT_MESH
23:45:00 | INFO: Primitives created: 1
23:45:00 | INFO: Extracting primitive: V06_UTILITIES_SOFFIT_86.48_MESH
23:45:00 | INFO: Primitives created: 1
23:45:00 | INFO: Extracting primitive: V06_UTILITIES_SOFFIT_96_MESH
23:45:00 | INFO: Primitives created: 1
23:45:00 | INFO: Extracting primitive: V06_UTILITIES_SOFFIT_105.52_MESH
23:45:00 | INFO: Primitives created: 1
23:45:00 | INFO: Extracting primitive: V06_VISITOR_WAITING_CHAIR_0_MESH
23:45:00 | INFO: Primitives created: 1
23:45:00 | INFO: Extracting primitive: V06_VISITOR_WAITING_CHAIR_1_MESH
23:45:00 | INFO: Primitives created: 1
23:45:00 | INFO: Extracting primitive: V06_VISITOR_WAITING_CHAIR_2_MESH
23:45:00 | INFO: Primitives created: 1
23:45:00 | INFO: Extracting primitive: V06_VISITOR_WAITING_CHAIR_3_MESH
23:45:00 | INFO: Primitives created: 1
23:45:00 | INFO: Extracting primitive: V06_VISITOR_WAITING_TABLE_MESH
23:45:00 | INFO: Primitives created: 1
23:45:00 | INFO: Extracting primitive: V06_WELLNESS_BACK_MESH
23:45:00 | INFO: Primitives created: 1
23:45:00 | INFO: Extracting primitive: V06_WELLNESS_DOOR_HEADER_MESH
23:45:00 | INFO: Primitives created: 1
23:45:00 | INFO: Extracting primitive: V06_WELLNESS_DOOR_L_MESH
23:45:00 | INFO: Primitives created: 1
23:45:00 | INFO: Extracting primitive: V06_WELLNESS_DOOR_R_MESH
23:45:00 | INFO: Primitives created: 1
23:45:00 | INFO: Extracting primitive: V06_WELLNESS_FLOOR_MESH
23:45:00 | INFO: Primitives created: 1
23:45:00 | INFO: Extracting primitive: V06_WELLNESS_LEFT_MESH
23:45:00 | INFO: Primitives created: 1
23:45:00 | INFO: Extracting primitive: V06_WELLNESS_LIGHT_0_FIXTURE_MESH
23:45:00 | INFO: Primitives created: 1
23:45:00 | INFO: Extracting primitive: V06_WELLNESS_LIGHT_0_GLOW_MESH
23:45:00 | INFO: Primitives created: 1
23:45:00 | INFO: Extracting primitive: V06_WELLNESS_LIGHT_1_FIXTURE_MESH
23:45:00 | INFO: Primitives created: 1
23:45:00 | INFO: Extracting primitive: V06_WELLNESS_LIGHT_1_GLOW_MESH
23:45:00 | INFO: Primitives created: 1
23:45:00 | INFO: Extracting primitive: V06_WELLNESS_LOCKER_BEAM_0_MESH
23:45:00 | INFO: Primitives created: 1
23:45:00 | INFO: Extracting primitive: V06_WELLNESS_LOCKER_BEAM_1_MESH
23:45:00 | INFO: Primitives created: 1
23:45:00 | INFO: Extracting primitive: V06_WELLNESS_LOCKER_LOAD_0_0_MESH
23:45:00 | INFO: Primitives created: 1
23:45:00 | INFO: Extracting primitive: V06_WELLNESS_LOCKER_LOAD_0_1_MESH
23:45:00 | INFO: Primitives created: 1
23:45:00 | INFO: Extracting primitive: V06_WELLNESS_LOCKER_LOAD_1_0_MESH
23:45:00 | INFO: Primitives created: 1
23:45:00 | INFO: Extracting primitive: V06_WELLNESS_LOCKER_LOAD_1_1_MESH
23:45:00 | INFO: Primitives created: 1
23:45:00 | INFO: Extracting primitive: V06_WELLNESS_LOCKER_LOAD_2_0_MESH
23:45:00 | INFO: Primitives created: 1
23:45:00 | INFO: Extracting primitive: V06_WELLNESS_LOCKER_LOAD_2_1_MESH
23:45:00 | INFO: Primitives created: 1
23:45:00 | INFO: Extracting primitive: V06_WELLNESS_LOCKER_PALLET_0_0_MESH
23:45:00 | INFO: Primitives created: 1
23:45:00 | INFO: Extracting primitive: V06_WELLNESS_LOCKER_PALLET_0_1_MESH
23:45:00 | INFO: Primitives created: 1
23:45:00 | INFO: Extracting primitive: V06_WELLNESS_LOCKER_PALLET_1_0_MESH
23:45:00 | INFO: Primitives created: 1
23:45:00 | INFO: Extracting primitive: V06_WELLNESS_LOCKER_PALLET_1_1_MESH
23:45:00 | INFO: Primitives created: 1
23:45:00 | INFO: Extracting primitive: V06_WELLNESS_LOCKER_PALLET_2_0_MESH
23:45:00 | INFO: Primitives created: 1
23:45:00 | INFO: Extracting primitive: V06_WELLNESS_LOCKER_PALLET_2_1_MESH
23:45:00 | INFO: Primitives created: 1
23:45:00 | INFO: Extracting primitive: V06_WELLNESS_LOCKER_UPRIGHT_0_0_MESH
23:45:00 | INFO: Primitives created: 1
23:45:00 | INFO: Extracting primitive: V06_WELLNESS_LOCKER_UPRIGHT_0_1_MESH
23:45:00 | INFO: Primitives created: 1
23:45:00 | INFO: Extracting primitive: V06_WELLNESS_LOCKER_UPRIGHT_1_0_MESH
23:45:00 | INFO: Primitives created: 1
23:45:00 | INFO: Extracting primitive: V06_WELLNESS_LOCKER_UPRIGHT_1_1_MESH
23:45:00 | INFO: Primitives created: 1
23:45:00 | INFO: Extracting primitive: V06_WELLNESS_LOCKER_UPRIGHT_2_0_MESH
23:45:00 | INFO: Primitives created: 1
23:45:00 | INFO: Extracting primitive: V06_WELLNESS_LOCKER_UPRIGHT_2_1_MESH
23:45:00 | INFO: Primitives created: 1
23:45:00 | INFO: Extracting primitive: V06_WELLNESS_MIRROR_PANEL_MESH
23:45:00 | INFO: Primitives created: 1
23:45:00 | INFO: Extracting primitive: V06_WELLNESS_MIRROR_POST_MESH
23:45:00 | INFO: Primitives created: 1
23:45:00 | INFO: Extracting primitive: V06_WELLNESS_RIGHT_MESH
23:45:00 | INFO: Primitives created: 1
23:45:00 | INFO: Extracting primitive: V06_WELLNESS_SOFFIT_22.16_MESH
23:45:00 | INFO: Primitives created: 1
23:45:00 | INFO: Extracting primitive: V06_WELLNESS_SOFFIT_30_MESH
23:45:00 | INFO: Primitives created: 1
23:45:00 | INFO: Extracting primitive: V06_WELLNESS_SOFFIT_37.84_MESH
23:45:00 | INFO: Primitives created: 1
23:45:00 | INFO: Extracting primitive: V06_WELLNESS_TREADMILL_0_MESH
23:45:00 | INFO: Primitives created: 1
23:45:00 | INFO: Extracting primitive: V06_WELLNESS_TREADMILL_1_MESH
23:45:00 | INFO: Primitives created: 1
23:45:00 | INFO: Extracting primitive: V06_WELLNESS_TREADMILL_2_MESH
23:45:00 | INFO: Primitives created: 1
23:45:00 | INFO: Extracting primitive: V06_WELLNESS_TREADMILL_HANDLE_0_MESH
23:45:00 | INFO: Primitives created: 1
23:45:00 | INFO: Extracting primitive: V06_WELLNESS_TREADMILL_HANDLE_1_MESH
23:45:00 | INFO: Primitives created: 1
23:45:00 | INFO: Extracting primitive: V06_WELLNESS_TREADMILL_HANDLE_2_MESH
23:45:00 | INFO: Primitives created: 1
23:45:00 | INFO: Extracting primitive: V06_WELLNESS_WEIGHT_0_MESH
23:45:00 | INFO: Primitives created: 1
23:45:00 | INFO: Extracting primitive: V06_WELLNESS_WEIGHT_1_MESH
23:45:00 | INFO: Primitives created: 1
23:45:00 | INFO: Extracting primitive: V06_WELLNESS_WEIGHT_2_MESH
23:45:00 | INFO: Primitives created: 1
23:45:00 | INFO: Extracting primitive: V06_WELLNESS_YOGA_MAT_0_MESH
23:45:00 | INFO: Primitives created: 1
23:45:00 | INFO: Extracting primitive: V06_WELLNESS_YOGA_MAT_1_MESH
23:45:00 | INFO: Primitives created: 1
23:45:00 | INFO: Extracting primitive: V06_WELLNESS_YOGA_MAT_2_MESH
23:45:00 | INFO: Primitives created: 1
23:45:00 | INFO: Extracting primitive: V06_WELLNESS_YOGA_MAT_3_MESH
23:45:00 | INFO: Primitives created: 1
23:45:00 | INFO: Extracting primitive: V06_WET_AGITATOR_MOTOR_0_MESH
23:45:00 | INFO: Primitives created: 1
23:45:00 | INFO: Extracting primitive: V06_WET_AGITATOR_MOTOR_1_MESH
23:45:00 | INFO: Primitives created: 1
23:45:00 | INFO: Extracting primitive: V06_WET_AGITATOR_MOTOR_2_MESH
23:45:00 | INFO: Primitives created: 1
23:45:00 | INFO: Extracting primitive: V06_WET_AGITATOR_MOTOR_3_MESH
23:45:00 | INFO: Primitives created: 1
23:45:00 | INFO: Extracting primitive: V06_WET_CIP_RETURN_MESH
23:45:00 | INFO: Primitives created: 1
23:45:00 | INFO: Extracting primitive: V06_WET_CIP_SKID_MESH
23:45:00 | INFO: Primitives created: 1
23:45:00 | INFO: Extracting primitive: V06_WET_CIP_TANK_MESH
23:45:00 | INFO: Primitives created: 1
23:45:00 | INFO: Extracting primitive: V06_WET_MANIFOLD_0_MESH
23:45:00 | INFO: Primitives created: 1
23:45:00 | INFO: Extracting primitive: V06_WET_MANIFOLD_1_MESH
23:45:00 | INFO: Primitives created: 1
23:45:00 | INFO: Extracting primitive: V06_WET_MANIFOLD_2_MESH
23:45:00 | INFO: Primitives created: 1
23:45:00 | INFO: Extracting primitive: V06_WET_MANIFOLD_3_MESH
23:45:00 | INFO: Primitives created: 1
23:45:00 | INFO: Extracting primitive: V06_WET_MIX_TANK_0_LID_MESH
23:45:00 | INFO: Primitives created: 1
23:45:00 | INFO: Extracting primitive: V06_WET_MIX_TANK_0_OUT_MESH
23:45:00 | INFO: Primitives created: 1
23:45:00 | INFO: Extracting primitive: V06_WET_MIX_TANK_0_VESSEL_MESH
23:45:00 | INFO: Primitives created: 1
23:45:00 | INFO: Extracting primitive: V06_WET_MIX_TANK_1_LID_MESH
23:45:00 | INFO: Primitives created: 1
23:45:00 | INFO: Extracting primitive: V06_WET_MIX_TANK_1_OUT_MESH
23:45:00 | INFO: Primitives created: 1
23:45:00 | INFO: Extracting primitive: V06_WET_MIX_TANK_1_VESSEL_MESH
23:45:00 | INFO: Primitives created: 1
23:45:00 | INFO: Extracting primitive: V06_WET_MIX_TANK_2_LID_MESH
23:45:00 | INFO: Primitives created: 1
23:45:00 | INFO: Extracting primitive: V06_WET_MIX_TANK_2_OUT_MESH
23:45:00 | INFO: Primitives created: 1
23:45:00 | INFO: Extracting primitive: V06_WET_MIX_TANK_2_VESSEL_MESH
23:45:00 | INFO: Primitives created: 1
23:45:00 | INFO: Extracting primitive: V06_WET_MIX_TANK_3_LID_MESH
23:45:00 | INFO: Primitives created: 1
23:45:00 | INFO: Extracting primitive: V06_WET_MIX_TANK_3_OUT_MESH
23:45:00 | INFO: Primitives created: 1
23:45:00 | INFO: Extracting primitive: V06_WET_MIX_TANK_3_VESSEL_MESH
23:45:00 | INFO: Primitives created: 1
23:45:00 | INFO: Extracting primitive: V06_WET_PLATFORM_MESH
23:45:00 | INFO: Primitives created: 1
23:45:00 | INFO: Extracting primitive: V06_WET_PLATFORM_RAIL_POST_L_MESH
23:45:00 | INFO: Primitives created: 1
23:45:00 | INFO: Extracting primitive: V06_WET_PLATFORM_RAIL_POST_R_MESH
23:45:00 | INFO: Primitives created: 1
23:45:00 | INFO: Extracting primitive: V06_WET_PLATFORM_RAIL_TOP_MESH
23:45:00 | INFO: Primitives created: 1
23:45:00 | INFO: Extracting primitive: V06_WET_PROCESS_BACK_MESH
23:45:00 | INFO: Primitives created: 1
23:45:00 | INFO: Extracting primitive: V06_WET_PROCESS_DOOR_HEADER_MESH
23:45:00 | INFO: Primitives created: 1
23:45:00 | INFO: Extracting primitive: V06_WET_PROCESS_DOOR_L_MESH
23:45:00 | INFO: Primitives created: 1
23:45:00 | INFO: Extracting primitive: V06_WET_PROCESS_DOOR_R_MESH
23:45:00 | INFO: Primitives created: 1
23:45:00 | INFO: Extracting primitive: V06_WET_PROCESS_FLOOR_MESH
23:45:00 | INFO: Primitives created: 1
23:45:00 | INFO: Extracting primitive: V06_WET_PROCESS_LEFT_MESH
23:45:00 | INFO: Primitives created: 1
23:45:00 | INFO: Extracting primitive: V06_WET_PROCESS_LIGHT_0_FIXTURE_MESH
23:45:00 | INFO: Primitives created: 1
23:45:00 | INFO: Extracting primitive: V06_WET_PROCESS_LIGHT_0_GLOW_MESH
23:45:00 | INFO: Primitives created: 1
23:45:00 | INFO: Extracting primitive: V06_WET_PROCESS_LIGHT_1_FIXTURE_MESH
23:45:00 | INFO: Primitives created: 1
23:45:00 | INFO: Extracting primitive: V06_WET_PROCESS_LIGHT_1_GLOW_MESH
23:45:00 | INFO: Primitives created: 1
23:45:00 | INFO: Extracting primitive: V06_WET_PROCESS_LIGHT_2_FIXTURE_MESH
23:45:00 | INFO: Primitives created: 1
23:45:00 | INFO: Extracting primitive: V06_WET_PROCESS_LIGHT_2_GLOW_MESH
23:45:00 | INFO: Primitives created: 1
23:45:00 | INFO: Extracting primitive: V06_WET_PROCESS_LIGHT_3_FIXTURE_MESH
23:45:00 | INFO: Primitives created: 1
23:45:00 | INFO: Extracting primitive: V06_WET_PROCESS_LIGHT_3_GLOW_MESH
23:45:00 | INFO: Primitives created: 1
23:45:00 | INFO: Extracting primitive: V06_WET_PROCESS_LIGHT_4_FIXTURE_MESH
23:45:00 | INFO: Primitives created: 1
23:45:00 | INFO: Extracting primitive: V06_WET_PROCESS_LIGHT_4_GLOW_MESH
23:45:00 | INFO: Primitives created: 1
23:45:00 | INFO: Extracting primitive: V06_WET_PROCESS_RIGHT_MESH
23:45:00 | INFO: Primitives created: 1
23:45:00 | INFO: Extracting primitive: V06_WET_PROCESS_SOFFIT_0_MESH
23:45:00 | INFO: Primitives created: 1
23:45:00 | INFO: Extracting primitive: V06_WET_PROCESS_SOFFIT_14.000000000000002_MESH
23:45:00 | INFO: Primitives created: 1
23:45:00 | INFO: Extracting primitive: V06_WET_PROCESS_SOFFIT_-14.000000000000002_MESH
23:45:00 | INFO: Primitives created: 1
23:45:00 | INFO: Extracting primitive: V06_WET_TANK_OUT_0_MESH
23:45:00 | INFO: Primitives created: 1
23:45:00 | INFO: Extracting primitive: V06_WET_TANK_OUT_1_MESH
23:45:00 | INFO: Primitives created: 1
23:45:00 | INFO: Extracting primitive: V06_WET_TANK_OUT_2_MESH
23:45:00 | INFO: Primitives created: 1
23:45:00 | INFO: Extracting primitive: V06_WET_TANK_OUT_3_MESH
23:45:00 | INFO: Primitives created: 1
23:45:00 | INFO: Extracting primitive: V06_WET_TO_FILLING_A_MESH
23:45:00 | INFO: Primitives created: 1
23:45:00 | INFO: Extracting primitive: V06_WET_TO_FILLING_B_MESH
23:45:00 | INFO: Primitives created: 1
23:45:00 | INFO: Extracting primitive: V06_WET_TO_FILLING_BED_MESH
23:45:00 | INFO: Primitives created: 1
23:45:00 | INFO: Extracting primitive: V06_WET_TO_FILLING_ROLLER0_MESH
23:45:00 | INFO: Primitives created: 1
23:45:00 | INFO: Extracting primitive: V06_WET_TO_FILLING_ROLLER1_MESH
23:45:00 | INFO: Primitives created: 1
23:45:00 | INFO: Extracting primitive: V06_WET_TO_FILLING_ROLLER2_MESH
23:45:00 | INFO: Primitives created: 1
23:45:00 | INFO: Extracting primitive: V06_WET_TO_FILLING_ROLLER3_MESH
23:45:00 | INFO: Primitives created: 1
23:45:00 | INFO: Extracting primitive: V06_WET_TO_FILLING_ROLLER4_MESH
23:45:00 | INFO: Primitives created: 1
23:45:00 | INFO: Extracting primitive: V06_WET_TO_FILLING_ROLLER5_MESH
23:45:00 | INFO: Primitives created: 1
23:45:00 | INFO: Extracting primitive: V06_WET_TO_FILLING_ROLLER6_MESH
23:45:00 | INFO: Primitives created: 1
23:45:00 | INFO: Extracting primitive: V06_WET_TRANSFER_PUMP_0_BASE_MESH
23:45:00 | INFO: Primitives created: 1
23:45:00 | INFO: Extracting primitive: V06_WET_TRANSFER_PUMP_0_HOUSING_MESH
23:45:00 | INFO: Primitives created: 1
23:45:00 | INFO: Extracting primitive: V06_WET_TRANSFER_PUMP_0_PANEL_MESH
23:45:00 | INFO: Primitives created: 1
23:45:00 | INFO: Extracting primitive: V06_WET_TRANSFER_PUMP_1_BASE_MESH
23:45:00 | INFO: Primitives created: 1
23:45:00 | INFO: Extracting primitive: V06_WET_TRANSFER_PUMP_1_HOUSING_MESH
23:45:00 | INFO: Primitives created: 1
23:45:00 | INFO: Extracting primitive: V06_WET_TRANSFER_PUMP_1_PANEL_MESH
23:45:00 | INFO: Primitives created: 1
23:45:00 | INFO: Extracting primitive: V06_WET_TRANSFER_PUMP_2_BASE_MESH
23:45:00 | INFO: Primitives created: 1
23:45:00 | INFO: Extracting primitive: V06_WET_TRANSFER_PUMP_2_HOUSING_MESH
23:45:00 | INFO: Primitives created: 1
23:45:00 | INFO: Extracting primitive: V06_WET_TRANSFER_PUMP_2_PANEL_MESH
23:45:00 | INFO: Primitives created: 1
23:45:00 | INFO: Extracting primitive: V06_WET_TRANSFER_PUMP_3_BASE_MESH
23:45:00 | INFO: Primitives created: 1
23:45:00 | INFO: Extracting primitive: V06_WET_TRANSFER_PUMP_3_HOUSING_MESH
23:45:00 | INFO: Primitives created: 1
23:45:00 | INFO: Extracting primitive: V06_WET_TRANSFER_PUMP_3_PANEL_MESH
23:45:00 | INFO: Primitives created: 1
23:45:00 | INFO: Extracting primitive: V06_WIPES_BACK_MESH
23:45:00 | INFO: Primitives created: 1
23:45:00 | INFO: Extracting primitive: V06_WIPES_CUT_STACK_MESH
23:45:00 | INFO: Primitives created: 1
23:45:00 | INFO: Extracting primitive: V06_WIPES_DISCHARGE_A_MESH
23:45:00 | INFO: Primitives created: 1
23:45:00 | INFO: Extracting primitive: V06_WIPES_DISCHARGE_B_MESH
23:45:00 | INFO: Primitives created: 1
23:45:00 | INFO: Extracting primitive: V06_WIPES_DISCHARGE_BED_MESH
23:45:00 | INFO: Primitives created: 1
23:45:00 | INFO: Extracting primitive: V06_WIPES_DISCHARGE_ROLLER0_MESH
23:45:00 | INFO: Primitives created: 1
23:45:00 | INFO: Extracting primitive: V06_WIPES_DISCHARGE_ROLLER1_MESH
23:45:00 | INFO: Primitives created: 1
23:45:00 | INFO: Extracting primitive: V06_WIPES_DISCHARGE_ROLLER2_MESH
23:45:00 | INFO: Primitives created: 1
23:45:00 | INFO: Extracting primitive: V06_WIPES_DISCHARGE_ROLLER3_MESH
23:45:00 | INFO: Primitives created: 1
23:45:00 | INFO: Extracting primitive: V06_WIPES_DISCHARGE_ROLLER4_MESH
23:45:00 | INFO: Primitives created: 1
23:45:00 | INFO: Extracting primitive: V06_WIPES_DISCHARGE_ROLLER5_MESH
23:45:00 | INFO: Primitives created: 1
23:45:00 | INFO: Extracting primitive: V06_WIPES_DISCHARGE_ROLLER6_MESH
23:45:00 | INFO: Primitives created: 1
23:45:00 | INFO: Extracting primitive: V06_WIPES_DOOR_HEADER_MESH
23:45:00 | INFO: Primitives created: 1
23:45:00 | INFO: Extracting primitive: V06_WIPES_DOOR_L_MESH
23:45:00 | INFO: Primitives created: 1
23:45:00 | INFO: Extracting primitive: V06_WIPES_DOOR_R_MESH
23:45:00 | INFO: Primitives created: 1
23:45:00 | INFO: Extracting primitive: V06_WIPES_FILM_ROLL_MESH
23:45:00 | INFO: Primitives created: 1
23:45:00 | INFO: Extracting primitive: V06_WIPES_FLOOR_MESH
23:45:00 | INFO: Primitives created: 1
23:45:00 | INFO: Extracting primitive: V06_WIPES_FOLD_FRAME_MESH
23:45:00 | INFO: Primitives created: 1
23:45:00 | INFO: Extracting primitive: V06_WIPES_LEFT_MESH
23:45:00 | INFO: Primitives created: 1
23:45:00 | INFO: Extracting primitive: V06_WIPES_LIGHT_0_FIXTURE_MESH
23:45:00 | INFO: Primitives created: 1
23:45:00 | INFO: Extracting primitive: V06_WIPES_LIGHT_0_GLOW_MESH
23:45:00 | INFO: Primitives created: 1
23:45:00 | INFO: Extracting primitive: V06_WIPES_LIGHT_1_FIXTURE_MESH
23:45:00 | INFO: Primitives created: 1
23:45:00 | INFO: Extracting primitive: V06_WIPES_LIGHT_1_GLOW_MESH
23:45:00 | INFO: Primitives created: 1
23:45:00 | INFO: Extracting primitive: V06_WIPES_LIGHT_2_FIXTURE_MESH
23:45:00 | INFO: Primitives created: 1
23:45:00 | INFO: Extracting primitive: V06_WIPES_LIGHT_2_GLOW_MESH
23:45:00 | INFO: Primitives created: 1
23:45:00 | INFO: Extracting primitive: V06_WIPES_LIGHT_3_FIXTURE_MESH
23:45:00 | INFO: Primitives created: 1
23:45:00 | INFO: Extracting primitive: V06_WIPES_LIGHT_3_GLOW_MESH
23:45:00 | INFO: Primitives created: 1
23:45:00 | INFO: Extracting primitive: V06_WIPES_LIGHT_4_FIXTURE_MESH
23:45:00 | INFO: Primitives created: 1
23:45:00 | INFO: Extracting primitive: V06_WIPES_LIGHT_4_GLOW_MESH
23:45:00 | INFO: Primitives created: 1
23:45:00 | INFO: Extracting primitive: V06_WIPES_PARENT_ROLL_0_MESH
23:45:00 | INFO: Primitives created: 1
23:45:00 | INFO: Extracting primitive: V06_WIPES_PARENT_ROLL_1_MESH
23:45:00 | INFO: Primitives created: 1
23:45:00 | INFO: Extracting primitive: V06_WIPES_POUCH_FORM_A_MESH
23:45:00 | INFO: Primitives created: 1
23:45:00 | INFO: Extracting primitive: V06_WIPES_POUCH_FORM_B_MESH
23:45:00 | INFO: Primitives created: 1
23:45:00 | INFO: Extracting primitive: V06_WIPES_POUCH_FORM_BED_MESH
23:45:00 | INFO: Primitives created: 1
23:45:00 | INFO: Extracting primitive: V06_WIPES_POUCH_FORM_ROLLER0_MESH
23:45:00 | INFO: Primitives created: 1
23:45:00 | INFO: Extracting primitive: V06_WIPES_POUCH_FORM_ROLLER1_MESH
23:45:00 | INFO: Primitives created: 1
23:45:00 | INFO: Extracting primitive: V06_WIPES_POUCH_FORM_ROLLER2_MESH
23:45:00 | INFO: Primitives created: 1
23:45:00 | INFO: Extracting primitive: V06_WIPES_POUCH_FORM_ROLLER3_MESH
23:45:00 | INFO: Primitives created: 1
23:45:00 | INFO: Extracting primitive: V06_WIPES_POUCH_FORM_ROLLER4_MESH
23:45:00 | INFO: Primitives created: 1
23:45:00 | INFO: Extracting primitive: V06_WIPES_POUCH_FORM_ROLLER5_MESH
23:45:00 | INFO: Primitives created: 1
23:45:00 | INFO: Extracting primitive: V06_WIPES_POUCH_FORM_ROLLER6_MESH
23:45:00 | INFO: Primitives created: 1
23:45:00 | INFO: Extracting primitive: V06_WIPES_RIGHT_MESH
23:45:00 | INFO: Primitives created: 1
23:45:00 | INFO: Extracting primitive: V06_WIPES_SEAL_JAWS_MESH
23:45:00 | INFO: Primitives created: 1
23:45:00 | INFO: Extracting primitive: V06_WIPES_SOFFIT_7.999999999999998_MESH
23:45:00 | INFO: Primitives created: 1
23:45:00 | INFO: Extracting primitive: V06_WIPES_SOFFIT_22_MESH
23:45:00 | INFO: Primitives created: 1
23:45:00 | INFO: Extracting primitive: V06_WIPES_SOFFIT_36.0_MESH
23:45:00 | INFO: Primitives created: 1
23:45:00 | INFO: Extracting primitive: V06_WIPES_UNWIND_A_MESH
23:45:00 | INFO: Primitives created: 1
23:45:00 | INFO: Extracting primitive: V06_WIPES_UNWIND_B_MESH
23:45:00 | INFO: Primitives created: 1
23:45:00 | INFO: Extracting primitive: V06_WIPES_UNWIND_BED_MESH
23:45:00 | INFO: Primitives created: 1
23:45:00 | INFO: Extracting primitive: V06_WIPES_UNWIND_ROLLER0_MESH
23:45:00 | INFO: Primitives created: 1
23:45:00 | INFO: Extracting primitive: V06_WIPES_UNWIND_ROLLER1_MESH
23:45:00 | INFO: Primitives created: 1
23:45:00 | INFO: Extracting primitive: V06_WIPES_UNWIND_ROLLER2_MESH
23:45:00 | INFO: Primitives created: 1
23:45:00 | INFO: Extracting primitive: V06_WIPES_UNWIND_ROLLER3_MESH
23:45:00 | INFO: Primitives created: 1
23:45:00 | INFO: Extracting primitive: V06_WIPES_UNWIND_ROLLER4_MESH
23:45:00 | INFO: Primitives created: 1
23:45:00 | INFO: Extracting primitive: V06_WIPES_UNWIND_ROLLER5_MESH
23:45:00 | INFO: Primitives created: 1
23:45:00 | INFO: Extracting primitive: V06_WIPES_UNWIND_ROLLER6_MESH
23:45:00 | INFO: Primitives created: 1
23:45:00 | INFO: Extracting primitive: V06_WIPES_WEB_PATH_A_MESH
23:45:00 | INFO: Primitives created: 1
23:45:00 | INFO: Extracting primitive: V06_WIPES_WEB_PATH_B_MESH
23:45:00 | INFO: Primitives created: 1
23:45:00 | INFO: Extracting primitive: V06_WIPES_WEB_PATH_BED_MESH
23:45:00 | INFO: Primitives created: 1
23:45:00 | INFO: Extracting primitive: V06_WIPES_WEB_PATH_ROLLER0_MESH
23:45:00 | INFO: Primitives created: 1
23:45:00 | INFO: Extracting primitive: V06_WIPES_WEB_PATH_ROLLER1_MESH
23:45:00 | INFO: Primitives created: 1
23:45:00 | INFO: Extracting primitive: V06_WIPES_WEB_PATH_ROLLER2_MESH
23:45:00 | INFO: Primitives created: 1
23:45:00 | INFO: Extracting primitive: V06_WIPES_WEB_PATH_ROLLER3_MESH
23:45:00 | INFO: Primitives created: 1
23:45:00 | INFO: Extracting primitive: V06_WIPES_WEB_PATH_ROLLER4_MESH
23:45:00 | INFO: Primitives created: 1
23:45:00 | INFO: Extracting primitive: V06_WIPES_WEB_PATH_ROLLER5_MESH
23:45:00 | INFO: Primitives created: 1
23:45:00 | INFO: Extracting primitive: V06_WIPES_WEB_PATH_ROLLER6_MESH
23:45:00 | INFO: Primitives created: 1
23:45:00 | INFO: Extracting primitive: V06_WIPES_WEB_ROLLER_0_MESH
23:45:00 | INFO: Primitives created: 1
23:45:00 | INFO: Extracting primitive: V06_WIPES_WEB_ROLLER_1_MESH
23:45:00 | INFO: Primitives created: 1
23:45:00 | INFO: Extracting primitive: V06_WIPES_WEB_ROLLER_2_MESH
23:45:00 | INFO: Primitives created: 1
23:45:00 | INFO: Extracting primitive: V06_WIPES_WEB_ROLLER_3_MESH
23:45:00 | INFO: Primitives created: 1
23:45:00 | INFO: Extracting primitive: V06_WIPES_WEB_ROLLER_4_MESH
23:45:00 | INFO: Primitives created: 1
23:45:00 | INFO: Extracting primitive: V06_WIPES_WETTING_BATH_MESH
23:45:00 | INFO: Primitives created: 1
23:45:00 | INFO: Extracting primitive: Cube.007
23:45:00 | INFO: Primitives created: 1
23:45:00 | INFO: Extracting primitive: Cube.008
23:45:00 | INFO: Primitives created: 1
23:45:00 | INFO: Extracting primitive: Cube
23:45:00 | INFO: Primitives created: 1
23:45:00 | INFO: Extracting primitive: Cube.001
23:45:00 | INFO: Primitives created: 1
23:45:00 | INFO: Extracting primitive: Cube.002
23:45:00 | INFO: Primitives created: 1
23:45:00 | INFO: Extracting primitive: Cube.003
23:45:00 | INFO: Primitives created: 1
23:45:00 | INFO: Extracting primitive: Cube.004
23:45:00 | INFO: Primitives created: 1
23:45:00 | INFO: Extracting primitive: Cube.009
23:45:00 | INFO: Primitives created: 1
23:45:00 | INFO: Extracting primitive: Cube.005
23:45:01 | INFO: Primitives created: 1
23:45:01 | INFO: Extracting primitive: VIP_ENTRANCE_SIGNAGE_CURVE
23:45:01 | INFO: Primitives created: 1
23:45:01 | INFO: Extracting primitive: Cube.006
23:45:01 | INFO: Primitives created: 1
23:45:01 | INFO: Extracting primitive: Mesh_0
23:45:01 | INFO: Primitives created: 1
23:45:01 | INFO: Extracting primitive: Mesh_1
23:45:01 | INFO: Primitives created: 1
23:45:01 | INFO: Extracting primitive: Mesh_2
23:45:01 | INFO: Primitives created: 1
23:45:01 | INFO: Extracting primitive: Mesh_3
23:45:01 | INFO: Primitives created: 1
23:45:01 | INFO: Extracting primitive: Mesh_4
23:45:01 | INFO: Primitives created: 1
23:45:01 | INFO: Extracting primitive: Mesh_5
23:45:01 | INFO: Primitives created: 1
23:45:01 | INFO: Extracting primitive: Mesh_6
23:45:01 | INFO: Primitives created: 1
23:45:01 | INFO: Extracting primitive: Mesh_7
23:45:01 | INFO: Primitives created: 1
23:45:01 | INFO: Extracting primitive: Mesh_8
23:45:01 | INFO: Primitives created: 1
23:45:01 | INFO: Extracting primitive: Mesh_9
23:45:01 | INFO: Primitives created: 1
23:45:01 | INFO: Extracting primitive: Mesh_10
23:45:01 | INFO: Primitives created: 1
23:45:01 | INFO: Extracting primitive: Mesh_11
23:45:01 | INFO: Primitives created: 1
23:45:01 | INFO: Extracting primitive: Mesh_12
23:45:01 | INFO: Primitives created: 1
23:45:01 | INFO: Extracting primitive: Mesh_13
23:45:01 | INFO: Primitives created: 1
23:45:01 | INFO: Extracting primitive: Mesh_14
23:45:01 | INFO: Primitives created: 1
23:45:01 | INFO: Extracting primitive: Mesh_15
23:45:01 | INFO: Primitives created: 1
23:45:01 | INFO: Extracting primitive: Mesh_16
23:45:01 | INFO: Primitives created: 1
23:45:01 | INFO: Extracting primitive: Mesh_17
23:45:01 | INFO: Primitives created: 1
23:45:01 | INFO: Extracting primitive: Mesh_18
23:45:01 | INFO: Primitives created: 1
23:45:01 | INFO: Extracting primitive: Mesh_19
23:45:01 | INFO: Primitives created: 1
23:45:01 | INFO: Extracting primitive: Mesh_20
23:45:01 | INFO: Primitives created: 1
23:45:01 | INFO: Extracting primitive: Mesh_21
23:45:01 | INFO: Primitives created: 1
23:45:01 | INFO: Extracting primitive: Mesh_22
23:45:01 | INFO: Primitives created: 1
23:45:01 | INFO: Extracting primitive: Mesh_23
23:45:01 | INFO: Primitives created: 1
23:45:01 | INFO: Extracting primitive: Mesh_24
23:45:01 | INFO: Primitives created: 1
23:45:01 | INFO: Extracting primitive: Mesh_25
23:45:01 | INFO: Primitives created: 1
23:45:01 | INFO: Extracting primitive: Mesh_26
23:45:01 | INFO: Primitives created: 1
23:45:01 | INFO: Extracting primitive: Mesh_27
23:45:01 | INFO: Primitives created: 1
23:45:01 | INFO: Extracting primitive: Mesh_28
23:45:01 | INFO: Primitives created: 1
23:45:01 | INFO: Extracting primitive: Mesh_29
23:45:01 | INFO: Primitives created: 1
23:45:01 | INFO: Extracting primitive: Mesh_30
23:45:01 | INFO: Primitives created: 1
23:45:01 | INFO: Extracting primitive: Mesh_31
23:45:01 | INFO: Primitives created: 1
23:45:01 | INFO: Extracting primitive: Mesh_32
23:45:01 | INFO: Primitives created: 1
23:45:01 | INFO: Extracting primitive: Mesh_33
23:45:01 | INFO: Primitives created: 1
23:45:01 | INFO: Extracting primitive: Mesh_34
23:45:01 | INFO: Primitives created: 1
23:45:01 | INFO: Extracting primitive: Mesh_35
23:45:01 | INFO: Primitives created: 1
23:45:01 | INFO: Extracting primitive: Mesh_36
23:45:01 | INFO: Primitives created: 1
23:45:01 | INFO: Extracting primitive: Mesh_37
23:45:01 | INFO: Primitives created: 1
23:45:01 | INFO: Extracting primitive: Mesh_38
23:45:01 | INFO: Primitives created: 1
23:45:01 | INFO: Extracting primitive: Mesh_39
23:45:01 | INFO: Primitives created: 1
23:45:01 | INFO: Extracting primitive: Mesh_40
23:45:01 | INFO: Primitives created: 1
23:45:01 | INFO: Extracting primitive: Mesh_41
23:45:01 | INFO: Primitives created: 1
23:45:01 | INFO: Extracting primitive: Mesh_42
23:45:01 | INFO: Primitives created: 1
23:45:01 | INFO: Extracting primitive: Mesh_43
23:45:01 | INFO: Primitives created: 1
23:45:01 | INFO: Extracting primitive: Mesh_44
23:45:01 | INFO: Primitives created: 1
23:45:01 | INFO: Extracting primitive: Mesh_45
23:45:01 | INFO: Primitives created: 1
23:45:01 | INFO: Extracting primitive: Mesh_46
23:45:01 | INFO: Primitives created: 1
23:45:01 | INFO: Extracting primitive: Mesh_47
23:45:01 | INFO: Primitives created: 1
23:45:01 | INFO: Extracting primitive: Mesh_48
23:45:01 | INFO: Primitives created: 1
23:45:01 | INFO: Extracting primitive: Mesh_49
23:45:01 | INFO: Primitives created: 1
23:45:01 | INFO: Extracting primitive: Mesh_50
23:45:01 | INFO: Primitives created: 1
23:45:01 | INFO: Extracting primitive: Mesh_51
23:45:01 | INFO: Primitives created: 1
23:45:01 | INFO: Extracting primitive: Mesh_52
23:45:01 | INFO: Primitives created: 1
23:45:01 | INFO: Extracting primitive: Mesh_53
23:45:01 | INFO: Primitives created: 1
23:45:01 | INFO: Extracting primitive: Mesh_54
23:45:01 | INFO: Primitives created: 1
23:45:01 | INFO: Extracting primitive: Mesh_55
23:45:01 | INFO: Primitives created: 1
23:45:01 | INFO: Extracting primitive: Mesh_56
23:45:01 | INFO: Primitives created: 1
23:45:01 | INFO: Extracting primitive: Mesh_57
23:45:01 | INFO: Primitives created: 1
23:45:01 | INFO: Extracting primitive: Mesh_58
23:45:01 | INFO: Primitives created: 1
23:45:01 | INFO: Extracting primitive: Mesh_59
23:45:01 | INFO: Primitives created: 1
23:45:01 | INFO: Extracting primitive: Mesh_60
23:45:01 | INFO: Primitives created: 1
23:45:01 | INFO: Extracting primitive: Mesh_61
23:45:01 | INFO: Primitives created: 1
23:45:01 | INFO: Extracting primitive: Mesh_62
23:45:01 | INFO: Primitives created: 1
23:45:01 | INFO: Extracting primitive: Mesh_63
23:45:01 | INFO: Primitives created: 1
23:45:01 | INFO: Extracting primitive: Mesh_64
23:45:01 | INFO: Primitives created: 1
23:45:01 | INFO: Extracting primitive: Mesh_65
23:45:01 | INFO: Primitives created: 1
23:45:01 | INFO: Extracting primitive: Mesh_66
23:45:01 | INFO: Primitives created: 1
23:45:01 | INFO: Extracting primitive: Mesh_67
23:45:01 | INFO: Primitives created: 1
23:45:01 | INFO: Extracting primitive: Mesh_68
23:45:01 | INFO: Primitives created: 1
23:45:01 | INFO: Extracting primitive: Mesh_69
23:45:01 | INFO: Primitives created: 1
23:45:01 | INFO: Extracting primitive: Mesh_70
23:45:01 | INFO: Primitives created: 1
23:45:01 | INFO: Extracting primitive: Mesh_71
23:45:01 | INFO: Primitives created: 1
23:45:01 | INFO: Extracting primitive: Mesh_72
23:45:01 | INFO: Primitives created: 1
23:45:01 | INFO: Extracting primitive: Mesh_73
23:45:01 | INFO: Primitives created: 1
23:45:01 | INFO: Extracting primitive: Mesh_74
23:45:01 | INFO: Primitives created: 1
23:45:01 | INFO: Extracting primitive: Mesh_75
23:45:01 | INFO: Primitives created: 1
23:45:01 | INFO: Extracting primitive: Mesh_76
23:45:01 | INFO: Primitives created: 1
23:45:01 | INFO: Extracting primitive: Mesh_77
23:45:01 | INFO: Primitives created: 1
23:45:01 | INFO: Extracting primitive: Mesh_78
23:45:01 | INFO: Primitives created: 1
23:45:01 | INFO: Extracting primitive: Mesh_79
23:45:01 | INFO: Primitives created: 1
23:45:01 | INFO: Extracting primitive: Mesh_80
23:45:01 | INFO: Primitives created: 1
23:45:01 | INFO: Extracting primitive: Mesh_81
23:45:01 | INFO: Primitives created: 1
23:45:01 | INFO: Extracting primitive: Mesh_82
23:45:01 | INFO: Primitives created: 1
23:45:01 | INFO: Extracting primitive: Mesh_83
23:45:01 | INFO: Primitives created: 1
23:45:01 | INFO: Extracting primitive: Mesh_84
23:45:01 | INFO: Primitives created: 1
23:45:01 | INFO: Extracting primitive: Mesh_85
23:45:01 | INFO: Primitives created: 1
23:45:01 | INFO: Extracting primitive: Mesh_86
23:45:01 | INFO: Primitives created: 1
23:45:01 | INFO: Extracting primitive: Mesh_87
23:45:01 | INFO: Primitives created: 1
23:45:01 | INFO: Extracting primitive: Mesh_88
23:45:01 | INFO: Primitives created: 1
23:45:01 | INFO: Extracting primitive: Mesh_89
23:45:01 | INFO: Primitives created: 1
23:45:01 | INFO: Extracting primitive: Mesh_90
23:45:01 | INFO: Primitives created: 1
23:45:01 | INFO: Extracting primitive: Mesh_91
23:45:01 | INFO: Primitives created: 1
23:45:01 | INFO: Extracting primitive: Mesh_92
23:45:01 | INFO: Primitives created: 1
23:45:01 | INFO: Extracting primitive: Mesh_93
23:45:01 | INFO: Primitives created: 1
23:45:01 | INFO: Extracting primitive: Mesh_94
23:45:01 | INFO: Primitives created: 1
23:45:01 | INFO: Extracting primitive: Mesh_95
23:45:01 | INFO: Primitives created: 1
23:45:01 | INFO: Extracting primitive: Mesh_96
23:45:01 | INFO: Primitives created: 1
23:45:01 | INFO: Extracting primitive: Mesh_97
23:45:01 | INFO: Primitives created: 1
23:45:01 | INFO: Extracting primitive: Mesh_98
23:45:01 | INFO: Primitives created: 1
23:45:01 | INFO: Extracting primitive: Mesh_99
23:45:01 | INFO: Primitives created: 1
23:45:01 | INFO: Extracting primitive: Mesh_100
23:45:01 | INFO: Primitives created: 1
23:45:01 | INFO: Extracting primitive: Mesh_101
23:45:01 | INFO: Primitives created: 1
23:45:01 | INFO: Extracting primitive: Mesh_102
23:45:01 | INFO: Primitives created: 1
23:45:01 | INFO: Extracting primitive: Mesh_103
23:45:01 | INFO: Primitives created: 1
23:45:01 | INFO: Extracting primitive: Mesh_104
23:45:01 | INFO: Primitives created: 1
23:45:01 | INFO: Extracting primitive: Mesh_105
23:45:01 | INFO: Primitives created: 1
23:45:01 | INFO: Extracting primitive: Mesh_106
23:45:01 | INFO: Primitives created: 1
23:45:01 | INFO: Extracting primitive: Mesh_107
23:45:01 | INFO: Primitives created: 1
23:45:01 | INFO: Extracting primitive: Mesh_108
23:45:01 | INFO: Primitives created: 1
23:45:01 | INFO: Extracting primitive: Mesh_109
23:45:01 | INFO: Primitives created: 1
23:45:01 | INFO: Extracting primitive: Mesh_110
23:45:01 | INFO: Primitives created: 1
23:45:01 | INFO: Extracting primitive: Mesh_111
23:45:01 | INFO: Primitives created: 1
23:45:01 | INFO: Extracting primitive: Mesh_112
23:45:01 | INFO: Primitives created: 1
23:45:01 | INFO: Extracting primitive: Mesh_113
23:45:01 | INFO: Primitives created: 1
23:45:01 | INFO: Extracting primitive: Mesh_114
23:45:01 | INFO: Primitives created: 1
23:45:01 | INFO: Extracting primitive: Mesh_115
23:45:01 | INFO: Primitives created: 1
23:45:01 | INFO: Extracting primitive: Mesh_116
23:45:01 | INFO: Primitives created: 1
23:45:01 | INFO: Extracting primitive: Mesh_117
23:45:01 | INFO: Primitives created: 1
23:45:01 | INFO: Extracting primitive: Mesh_118
23:45:01 | INFO: Primitives created: 1
23:45:01 | INFO: Extracting primitive: Mesh_119
23:45:01 | INFO: Primitives created: 1
23:45:01 | INFO: Extracting primitive: Mesh_120
23:45:01 | INFO: Primitives created: 1
23:45:01 | INFO: Extracting primitive: Mesh_121
23:45:01 | INFO: Primitives created: 1
23:45:01 | INFO: Extracting primitive: Mesh_122
23:45:01 | INFO: Primitives created: 1
23:45:01 | INFO: Extracting primitive: Mesh_123
23:45:01 | INFO: Primitives created: 1
23:45:01 | INFO: Extracting primitive: Mesh_124
23:45:01 | INFO: Primitives created: 1
23:45:01 | INFO: Extracting primitive: Mesh_125
23:45:01 | INFO: Primitives created: 1
23:45:01 | INFO: Extracting primitive: Mesh_126
23:45:01 | INFO: Primitives created: 1
23:45:01 | INFO: Extracting primitive: Mesh_127
23:45:01 | INFO: Primitives created: 1
23:45:01 | INFO: Extracting primitive: Mesh_128
23:45:01 | INFO: Primitives created: 1
23:45:01 | INFO: Extracting primitive: Mesh_129
23:45:01 | INFO: Primitives created: 1
23:45:01 | INFO: Extracting primitive: Mesh_130
23:45:01 | INFO: Primitives created: 1
23:45:01 | INFO: Extracting primitive: Mesh_131
23:45:01 | INFO: Primitives created: 1
23:45:01 | INFO: Extracting primitive: Mesh_132
23:45:01 | INFO: Primitives created: 1
23:45:01 | INFO: Extracting primitive: Mesh_133
23:45:01 | INFO: Primitives created: 1
23:45:01 | INFO: Extracting primitive: Mesh_134
23:45:01 | INFO: Primitives created: 1
23:45:01 | INFO: Extracting primitive: Mesh_135
23:45:01 | INFO: Primitives created: 1
23:45:01 | INFO: Extracting primitive: Mesh_136
23:45:01 | INFO: Primitives created: 1
23:45:01 | INFO: Extracting primitive: Mesh_137
23:45:01 | INFO: Primitives created: 1
23:45:01 | INFO: Extracting primitive: Mesh_138
23:45:01 | INFO: Primitives created: 1
23:45:01 | INFO: Extracting primitive: Mesh_139
23:45:01 | INFO: Primitives created: 1
23:45:01 | INFO: Extracting primitive: Mesh_140
23:45:01 | INFO: Primitives created: 1
23:45:01 | INFO: Extracting primitive: Mesh_141
23:45:01 | INFO: Primitives created: 1
23:45:01 | INFO: Extracting primitive: Mesh_142
23:45:01 | INFO: Primitives created: 1
23:45:01 | INFO: Extracting primitive: Mesh_143
23:45:01 | INFO: Primitives created: 1
23:45:01 | INFO: Extracting primitive: Mesh_144
23:45:01 | INFO: Primitives created: 1
23:45:01 | INFO: Extracting primitive: Mesh_145
23:45:01 | INFO: Primitives created: 1
23:45:01 | INFO: Extracting primitive: Mesh_146
23:45:01 | INFO: Primitives created: 1
23:45:01 | INFO: Extracting primitive: Mesh_147
23:45:01 | INFO: Primitives created: 1
23:45:01 | INFO: Extracting primitive: Mesh_148
23:45:01 | INFO: Primitives created: 1
23:45:01 | INFO: Extracting primitive: Mesh_149
23:45:01 | INFO: Primitives created: 1
23:45:01 | INFO: Extracting primitive: Mesh_150
23:45:01 | INFO: Primitives created: 1
23:45:01 | INFO: Extracting primitive: Mesh_151
23:45:01 | INFO: Primitives created: 1
23:45:01 | INFO: Extracting primitive: Mesh_152
23:45:01 | INFO: Primitives created: 1
23:45:01 | INFO: Extracting primitive: Mesh_153
23:45:01 | INFO: Primitives created: 1
23:45:01 | INFO: Extracting primitive: Mesh_154
23:45:01 | INFO: Primitives created: 1
23:45:01 | INFO: Extracting primitive: Mesh_155
23:45:01 | INFO: Primitives created: 1
23:45:01 | INFO: Extracting primitive: Mesh_156
23:45:01 | INFO: Primitives created: 1
23:45:01 | INFO: Extracting primitive: Mesh_157
23:45:01 | INFO: Primitives created: 1
23:45:01 | INFO: Extracting primitive: Mesh_158
23:45:01 | INFO: Primitives created: 1
23:45:01 | INFO: Extracting primitive: Mesh_159
23:45:01 | INFO: Primitives created: 1
23:45:01 | INFO: Extracting primitive: Mesh_160
23:45:01 | INFO: Primitives created: 1
23:45:01 | INFO: Extracting primitive: Mesh_161
23:45:01 | INFO: Primitives created: 1
23:45:01 | INFO: Extracting primitive: Mesh_162
23:45:01 | INFO: Primitives created: 1
23:45:01 | INFO: Extracting primitive: Mesh_163
23:45:01 | INFO: Primitives created: 1
23:45:01 | INFO: Extracting primitive: Mesh_164
23:45:01 | INFO: Primitives created: 1
23:45:01 | INFO: Extracting primitive: Mesh_165
23:45:01 | INFO: Primitives created: 1
23:45:01 | INFO: Extracting primitive: Mesh_166
23:45:01 | INFO: Primitives created: 1
23:45:01 | INFO: Extracting primitive: Mesh_167
23:45:01 | INFO: Primitives created: 1
23:45:01 | INFO: Extracting primitive: Mesh_168
23:45:01 | INFO: Primitives created: 1
23:45:01 | INFO: Extracting primitive: Mesh_169
23:45:01 | INFO: Primitives created: 1
23:45:01 | INFO: Extracting primitive: Mesh_170
23:45:01 | INFO: Primitives created: 1
23:45:01 | INFO: Extracting primitive: Mesh_171
23:45:01 | INFO: Primitives created: 1
23:45:01 | INFO: Extracting primitive: Mesh_172
23:45:01 | INFO: Primitives created: 1
23:45:01 | INFO: Extracting primitive: Mesh_173
23:45:01 | INFO: Primitives created: 1
23:45:01 | INFO: Extracting primitive: Mesh_174
23:45:01 | INFO: Primitives created: 1
23:45:01 | INFO: Extracting primitive: Mesh_175
23:45:01 | INFO: Primitives created: 1
23:45:01 | INFO: Extracting primitive: Mesh_176
23:45:01 | INFO: Primitives created: 1
23:45:01 | INFO: Extracting primitive: Mesh_177
23:45:01 | INFO: Primitives created: 1
23:45:01 | INFO: Extracting primitive: Mesh_178
23:45:01 | INFO: Primitives created: 1
23:45:01 | INFO: Extracting primitive: Mesh_179
23:45:01 | INFO: Primitives created: 1
23:45:01 | INFO: Extracting primitive: Mesh_180
23:45:01 | INFO: Primitives created: 1
23:45:01 | INFO: Extracting primitive: Mesh_181
23:45:01 | INFO: Primitives created: 1
23:45:01 | INFO: Extracting primitive: Mesh_182
23:45:01 | INFO: Primitives created: 1
23:45:01 | INFO: Extracting primitive: Mesh_183
23:45:01 | INFO: Primitives created: 1
23:45:01 | INFO: Extracting primitive: Mesh_184
23:45:01 | INFO: Primitives created: 1
23:45:01 | INFO: Extracting primitive: Mesh_185
23:45:01 | INFO: Primitives created: 1
23:45:01 | INFO: Extracting primitive: Mesh_186
23:45:01 | INFO: Primitives created: 1
23:45:01 | INFO: Extracting primitive: Mesh_187
23:45:01 | INFO: Primitives created: 1
23:45:01 | INFO: Extracting primitive: Mesh_188
23:45:01 | INFO: Primitives created: 1
23:45:01 | INFO: Extracting primitive: Mesh_189
23:45:01 | INFO: Primitives created: 1
23:45:01 | INFO: Extracting primitive: Mesh_190
23:45:01 | INFO: Primitives created: 1
23:45:01 | INFO: Extracting primitive: Mesh_191
23:45:01 | INFO: Primitives created: 1
23:45:01 | INFO: Extracting primitive: Mesh_192
23:45:01 | INFO: Primitives created: 1
23:45:01 | INFO: Extracting primitive: Mesh_193
23:45:01 | INFO: Primitives created: 1
23:45:01 | INFO: Extracting primitive: Mesh_194
23:45:01 | INFO: Primitives created: 1
23:45:01 | INFO: Extracting primitive: Mesh_195
23:45:01 | INFO: Primitives created: 1
23:45:01 | INFO: Extracting primitive: Mesh_196
23:45:01 | INFO: Primitives created: 1
23:45:01 | INFO: Extracting primitive: Mesh_197
23:45:01 | INFO: Primitives created: 1
23:45:01 | INFO: Extracting primitive: Mesh_198
23:45:01 | INFO: Primitives created: 1
23:45:01 | INFO: Extracting primitive: Mesh_199
23:45:01 | INFO: Primitives created: 1
23:45:01 | INFO: Extracting primitive: Mesh_200
23:45:01 | INFO: Primitives created: 1
23:45:01 | INFO: Extracting primitive: Mesh_201
23:45:01 | INFO: Primitives created: 1
23:45:01 | INFO: Extracting primitive: Mesh_202
23:45:01 | INFO: Primitives created: 1
23:45:01 | INFO: Extracting primitive: Mesh_203
23:45:01 | INFO: Primitives created: 1
23:45:01 | INFO: Extracting primitive: Mesh_204
23:45:01 | INFO: Primitives created: 1
23:45:01 | INFO: Extracting primitive: Mesh_205
23:45:01 | INFO: Primitives created: 1
23:45:01 | INFO: Extracting primitive: Mesh_206
23:45:01 | INFO: Primitives created: 1
23:45:01 | INFO: Extracting primitive: Mesh_207
23:45:01 | INFO: Primitives created: 1
23:45:01 | INFO: Extracting primitive: Mesh_208
23:45:01 | INFO: Primitives created: 1
23:45:01 | INFO: Extracting primitive: Mesh_209
23:45:01 | INFO: Primitives created: 1
23:45:01 | INFO: Extracting primitive: Mesh_210
23:45:01 | INFO: Primitives created: 1
23:45:01 | INFO: Extracting primitive: Mesh_211
23:45:01 | INFO: Primitives created: 1
23:45:01 | INFO: Extracting primitive: Mesh_212
23:45:01 | INFO: Primitives created: 1
23:45:01 | INFO: Extracting primitive: Mesh_213
23:45:01 | INFO: Primitives created: 1
23:45:01 | INFO: Extracting primitive: Mesh_214
23:45:01 | INFO: Primitives created: 1
23:45:01 | INFO: Extracting primitive: Mesh_215
23:45:01 | INFO: Primitives created: 1
23:45:01 | INFO: Extracting primitive: Mesh_216
23:45:01 | INFO: Primitives created: 1
23:45:01 | INFO: Extracting primitive: Mesh_217
23:45:01 | INFO: Primitives created: 1
23:45:01 | INFO: Extracting primitive: Mesh_218
23:45:01 | INFO: Primitives created: 1
23:45:01 | INFO: Extracting primitive: Mesh_219
23:45:01 | INFO: Primitives created: 1
23:45:01 | INFO: Extracting primitive: Mesh_220
23:45:01 | INFO: Primitives created: 1
23:45:01 | INFO: Extracting primitive: Mesh_221
23:45:01 | INFO: Primitives created: 1
23:45:01 | INFO: Extracting primitive: Mesh_222
23:45:01 | INFO: Primitives created: 1
23:45:01 | INFO: Extracting primitive: Mesh_223
23:45:01 | INFO: Primitives created: 1
23:45:01 | INFO: Extracting primitive: Mesh_224
23:45:01 | INFO: Primitives created: 1
23:45:01 | INFO: Extracting primitive: Mesh_225
23:45:01 | INFO: Primitives created: 1
23:45:01 | INFO: Extracting primitive: Mesh_226
23:45:01 | INFO: Primitives created: 1
23:45:01 | INFO: Extracting primitive: Mesh_227
23:45:01 | INFO: Primitives created: 1
23:45:01 | INFO: Extracting primitive: Mesh_228
23:45:01 | INFO: Primitives created: 1
23:45:01 | INFO: Extracting primitive: Mesh_229
23:45:01 | INFO: Primitives created: 1
23:45:01 | INFO: Extracting primitive: Mesh_230
23:45:01 | INFO: Primitives created: 1
23:45:01 | INFO: Extracting primitive: Mesh_231
23:45:01 | INFO: Primitives created: 1
23:45:01 | INFO: Extracting primitive: Mesh_232
23:45:01 | INFO: Primitives created: 1
23:45:01 | INFO: Extracting primitive: Mesh_233
23:45:01 | INFO: Primitives created: 1
23:45:01 | INFO: Extracting primitive: Mesh_234
23:45:01 | INFO: Primitives created: 1
23:45:01 | INFO: Extracting primitive: Mesh_235
23:45:01 | INFO: Primitives created: 1
23:45:01 | INFO: Extracting primitive: Mesh_236
23:45:01 | INFO: Primitives created: 1
23:45:01 | INFO: Extracting primitive: Mesh_237
23:45:01 | INFO: Primitives created: 1
23:45:01 | INFO: Extracting primitive: Mesh_238
23:45:01 | INFO: Primitives created: 1
23:45:01 | INFO: Extracting primitive: Mesh_239
23:45:01 | INFO: Primitives created: 1
23:45:01 | INFO: Extracting primitive: Mesh_240
23:45:01 | INFO: Primitives created: 1
23:45:01 | INFO: Extracting primitive: Mesh_241
23:45:01 | INFO: Primitives created: 1
23:45:01 | INFO: Extracting primitive: Mesh_242
23:45:01 | INFO: Primitives created: 1
23:45:01 | INFO: Extracting primitive: Mesh_243
23:45:01 | INFO: Primitives created: 1
23:45:01 | INFO: Extracting primitive: Mesh_244
23:45:01 | INFO: Primitives created: 1
23:45:01 | INFO: Extracting primitive: Mesh_245
23:45:01 | INFO: Primitives created: 1
23:45:01 | INFO: Extracting primitive: Mesh_246
23:45:01 | INFO: Primitives created: 1
23:45:01 | INFO: Extracting primitive: Mesh_247
23:45:01 | INFO: Primitives created: 1
23:45:01 | INFO: Extracting primitive: Mesh_248
23:45:01 | INFO: Primitives created: 1
23:45:01 | INFO: Extracting primitive: Mesh_249
23:45:01 | INFO: Primitives created: 1
23:45:01 | INFO: Extracting primitive: Mesh_250
23:45:01 | INFO: Primitives created: 1
23:45:01 | INFO: Extracting primitive: Mesh_251
23:45:01 | INFO: Primitives created: 1
23:45:01 | INFO: Extracting primitive: Mesh_252
23:45:01 | INFO: Primitives created: 1
23:45:01 | INFO: Extracting primitive: Mesh_253
23:45:01 | INFO: Primitives created: 1
23:45:01 | INFO: Extracting primitive: Mesh_254
23:45:01 | INFO: Primitives created: 1
23:45:01 | INFO: Extracting primitive: Mesh_255
23:45:01 | INFO: Primitives created: 1
23:45:01 | INFO: Extracting primitive: Mesh_256
23:45:01 | INFO: Primitives created: 1
23:45:01 | INFO: Extracting primitive: Mesh_257
23:45:01 | INFO: Primitives created: 1
23:45:01 | INFO: Extracting primitive: Mesh_258
23:45:01 | INFO: Primitives created: 1
23:45:01 | INFO: Extracting primitive: Mesh_259
23:45:01 | INFO: Primitives created: 1
23:45:01 | INFO: Extracting primitive: Mesh_260
23:45:01 | INFO: Primitives created: 1
23:45:01 | INFO: Extracting primitive: Mesh_261
23:45:01 | INFO: Primitives created: 1
23:45:01 | INFO: Extracting primitive: Mesh_262
23:45:01 | INFO: Primitives created: 1
23:45:01 | INFO: Extracting primitive: Mesh_263
23:45:01 | INFO: Primitives created: 1
23:45:01 | INFO: Extracting primitive: Mesh_264
23:45:01 | INFO: Primitives created: 1
23:45:01 | INFO: Extracting primitive: Mesh_265
23:45:01 | INFO: Primitives created: 1
23:45:01 | INFO: Extracting primitive: Mesh_266
23:45:01 | INFO: Primitives created: 1
23:45:01 | INFO: Extracting primitive: Mesh_267
23:45:01 | INFO: Primitives created: 1
23:45:01 | INFO: Extracting primitive: Mesh_268
23:45:01 | INFO: Primitives created: 1
23:45:01 | INFO: Extracting primitive: Mesh_269
23:45:01 | INFO: Primitives created: 1
23:45:01 | INFO: Extracting primitive: Mesh_270
23:45:01 | INFO: Primitives created: 1
23:45:01 | INFO: Extracting primitive: Mesh_271
23:45:01 | INFO: Primitives created: 1
23:45:01 | INFO: Extracting primitive: Mesh_272
23:45:01 | INFO: Primitives created: 1
23:45:01 | INFO: Extracting primitive: Mesh_273
23:45:01 | INFO: Primitives created: 1
23:45:01 | INFO: Extracting primitive: Mesh_274
23:45:01 | INFO: Primitives created: 1
23:45:01 | INFO: Extracting primitive: Mesh_275
23:45:01 | INFO: Primitives created: 1
23:45:01 | INFO: Extracting primitive: Mesh_276
23:45:01 | INFO: Primitives created: 1
23:45:01 | INFO: Extracting primitive: Mesh_277
23:45:01 | INFO: Primitives created: 1
23:45:01 | INFO: Extracting primitive: Mesh_278
23:45:01 | INFO: Primitives created: 1
23:45:01 | INFO: Extracting primitive: Mesh_279
23:45:01 | INFO: Primitives created: 1
23:45:01 | INFO: Extracting primitive: Mesh_280
23:45:01 | INFO: Primitives created: 1
23:45:01 | INFO: Extracting primitive: Mesh_281
23:45:01 | INFO: Primitives created: 1
23:45:01 | INFO: Extracting primitive: Mesh_282
23:45:01 | INFO: Primitives created: 1
23:45:01 | INFO: Extracting primitive: Mesh_283
23:45:01 | INFO: Primitives created: 1
23:45:01 | INFO: Extracting primitive: Mesh_284
23:45:01 | INFO: Primitives created: 1
23:45:01 | INFO: Extracting primitive: Mesh_285
23:45:01 | INFO: Primitives created: 1
23:45:01 | INFO: Extracting primitive: Mesh_286
23:45:01 | INFO: Primitives created: 1
23:45:01 | INFO: Extracting primitive: Mesh_287
23:45:01 | INFO: Primitives created: 1
23:45:01 | INFO: Extracting primitive: Mesh_288
23:45:01 | INFO: Primitives created: 1
23:45:01 | INFO: Extracting primitive: Mesh_289
23:45:01 | INFO: Primitives created: 1
23:45:01 | INFO: Extracting primitive: Mesh_290
23:45:01 | INFO: Primitives created: 1
23:45:01 | INFO: Extracting primitive: Mesh_291
23:45:01 | INFO: Primitives created: 1
23:45:01 | INFO: Extracting primitive: Mesh_292
23:45:01 | INFO: Primitives created: 1
23:45:01 | INFO: Extracting primitive: Mesh_293
23:45:01 | INFO: Primitives created: 1
23:45:01 | INFO: Extracting primitive: Mesh_294
23:45:01 | INFO: Primitives created: 1
23:45:01 | INFO: Extracting primitive: Mesh_295
23:45:01 | INFO: Primitives created: 1
23:45:01 | INFO: Extracting primitive: Mesh_296
23:45:01 | INFO: Primitives created: 1
23:45:01 | INFO: Extracting primitive: Mesh_297
23:45:01 | INFO: Primitives created: 1
23:45:01 | INFO: Extracting primitive: Mesh_298
23:45:01 | INFO: Primitives created: 1
23:45:01 | INFO: Extracting primitive: Mesh_299
23:45:01 | INFO: Primitives created: 1
23:45:01 | INFO: Extracting primitive: Mesh_300
23:45:01 | INFO: Primitives created: 1
23:45:01 | INFO: Extracting primitive: Mesh_301
23:45:01 | INFO: Primitives created: 1
23:45:01 | INFO: Extracting primitive: Mesh_302
23:45:01 | INFO: Primitives created: 1
23:45:01 | INFO: Extracting primitive: Mesh_303
23:45:01 | INFO: Primitives created: 1
23:45:01 | INFO: Extracting primitive: Mesh_304
23:45:01 | INFO: Primitives created: 1
23:45:01 | INFO: Extracting primitive: Mesh_305
23:45:01 | INFO: Primitives created: 1
23:45:01 | INFO: Extracting primitive: Mesh_306
23:45:01 | INFO: Primitives created: 1
23:45:01 | INFO: Extracting primitive: Mesh_307
23:45:01 | INFO: Primitives created: 1
23:45:01 | INFO: Extracting primitive: Mesh_308
23:45:01 | INFO: Primitives created: 1
23:45:01 | INFO: Extracting primitive: Mesh_309
23:45:01 | INFO: Primitives created: 1
23:45:01 | INFO: Extracting primitive: Mesh_310
23:45:01 | INFO: Primitives created: 1
23:45:01 | INFO: Extracting primitive: Mesh_311
23:45:01 | INFO: Primitives created: 1
23:45:01 | INFO: Extracting primitive: Mesh_312
23:45:01 | INFO: Primitives created: 1
23:45:01 | INFO: Extracting primitive: Mesh_313
23:45:01 | INFO: Primitives created: 1
23:45:01 | INFO: Extracting primitive: Mesh_314
23:45:01 | INFO: Primitives created: 1
23:45:01 | INFO: Extracting primitive: Mesh_315
23:45:01 | INFO: Primitives created: 1
23:45:01 | INFO: Extracting primitive: Mesh_316
23:45:01 | INFO: Primitives created: 1
23:45:01 | INFO: Extracting primitive: Mesh_317
23:45:01 | INFO: Primitives created: 1
23:45:01 | INFO: Extracting primitive: Mesh_318
23:45:01 | INFO: Primitives created: 1
23:45:01 | INFO: Extracting primitive: Mesh_319
23:45:01 | INFO: Primitives created: 1
23:45:01 | INFO: Extracting primitive: Mesh_320
23:45:01 | INFO: Primitives created: 1
23:45:01 | INFO: Extracting primitive: Mesh_321
23:45:01 | INFO: Primitives created: 1
23:45:01 | INFO: Extracting primitive: Mesh_322
23:45:01 | INFO: Primitives created: 1
23:45:01 | INFO: Extracting primitive: Mesh_323
23:45:01 | INFO: Primitives created: 1
23:45:01 | INFO: Extracting primitive: Mesh_324
23:45:01 | INFO: Primitives created: 1
23:45:01 | INFO: Extracting primitive: Mesh_325
23:45:01 | INFO: Primitives created: 1
23:45:01 | INFO: Extracting primitive: Mesh_326
23:45:01 | INFO: Primitives created: 1
23:45:01 | INFO: Extracting primitive: Mesh_327
23:45:01 | INFO: Primitives created: 1
23:45:01 | INFO: Extracting primitive: Mesh_328
23:45:01 | INFO: Primitives created: 1
23:45:01 | INFO: Extracting primitive: Mesh_329
23:45:01 | INFO: Primitives created: 1
23:45:01 | INFO: Extracting primitive: Mesh_330
23:45:01 | INFO: Primitives created: 1
23:45:01 | INFO: Extracting primitive: Mesh_331
23:45:01 | INFO: Primitives created: 1
23:45:01 | INFO: Extracting primitive: Mesh_332
23:45:01 | INFO: Primitives created: 1
23:45:01 | INFO: Extracting primitive: Mesh_333
23:45:01 | INFO: Primitives created: 1
23:45:01 | INFO: Extracting primitive: Mesh_334
23:45:01 | INFO: Primitives created: 1
23:45:01 | INFO: Extracting primitive: Mesh_335
23:45:01 | INFO: Primitives created: 1
23:45:01 | INFO: Extracting primitive: Mesh_336
23:45:01 | INFO: Primitives created: 1
23:45:01 | INFO: Extracting primitive: Mesh_337
23:45:01 | INFO: Primitives created: 1
23:45:01 | INFO: Extracting primitive: Mesh_338
23:45:01 | INFO: Primitives created: 1
23:45:01 | INFO: Extracting primitive: Mesh_339
23:45:01 | INFO: Primitives created: 1
23:45:01 | INFO: Extracting primitive: Mesh_340
23:45:01 | INFO: Primitives created: 1
23:45:01 | INFO: Extracting primitive: Mesh_341
23:45:01 | INFO: Primitives created: 1
23:45:01 | INFO: Extracting primitive: Mesh_342
23:45:01 | INFO: Primitives created: 1
23:45:01 | INFO: Extracting primitive: Mesh_343
23:45:01 | INFO: Primitives created: 1
23:45:01 | INFO: Extracting primitive: Mesh_344
23:45:01 | INFO: Primitives created: 1
23:45:01 | INFO: Extracting primitive: Mesh_345
23:45:01 | INFO: Primitives created: 1
23:45:01 | INFO: Extracting primitive: Mesh_346
23:45:01 | INFO: Primitives created: 1
23:45:01 | INFO: Extracting primitive: Mesh_347
23:45:01 | INFO: Primitives created: 1
23:45:01 | INFO: Extracting primitive: Mesh_348
23:45:01 | INFO: Primitives created: 1
23:45:01 | INFO: Extracting primitive: Mesh_349
23:45:02 | INFO: Primitives created: 1
23:45:02 | INFO: Extracting primitive: Mesh_350
23:45:02 | INFO: Primitives created: 1
23:45:02 | INFO: Extracting primitive: Mesh_351
23:45:02 | INFO: Primitives created: 1
23:45:02 | INFO: Extracting primitive: Mesh_352
23:45:02 | INFO: Primitives created: 1
23:45:02 | INFO: Extracting primitive: Mesh_353
23:45:02 | INFO: Primitives created: 1
23:45:02 | INFO: Extracting primitive: Mesh_354
23:45:02 | INFO: Primitives created: 1
23:45:02 | INFO: Extracting primitive: Mesh_355
23:45:02 | INFO: Primitives created: 1
23:45:02 | INFO: Extracting primitive: Mesh_356
23:45:02 | INFO: Primitives created: 1
23:45:02 | INFO: Extracting primitive: Mesh_357
23:45:02 | INFO: Primitives created: 1
23:45:02 | INFO: Extracting primitive: Mesh_358
23:45:02 | INFO: Primitives created: 1
23:45:02 | INFO: Extracting primitive: Mesh_359
23:45:02 | INFO: Primitives created: 1
23:45:02 | INFO: Extracting primitive: Mesh_360
23:45:02 | INFO: Primitives created: 1
23:45:02 | INFO: Extracting primitive: Mesh_361
23:45:02 | INFO: Primitives created: 1
23:45:02 | INFO: Extracting primitive: Mesh_362
23:45:02 | INFO: Primitives created: 1
23:45:02 | INFO: Extracting primitive: Mesh_363
23:45:02 | INFO: Primitives created: 1
23:45:02 | INFO: Extracting primitive: Mesh_364
23:45:02 | INFO: Primitives created: 1
23:45:02 | INFO: Extracting primitive: Mesh_365
23:45:02 | INFO: Primitives created: 1
23:45:02 | INFO: Extracting primitive: Mesh_366
23:45:02 | INFO: Primitives created: 1
23:45:02 | INFO: Extracting primitive: Mesh_367
23:45:02 | INFO: Primitives created: 1
23:45:02 | INFO: Extracting primitive: Mesh_368
23:45:02 | INFO: Primitives created: 1
23:45:02 | INFO: Extracting primitive: Mesh_369
23:45:02 | INFO: Primitives created: 1
23:45:02 | INFO: Extracting primitive: Mesh_370
23:45:02 | INFO: Primitives created: 1
23:45:02 | INFO: Extracting primitive: Mesh_371
23:45:02 | INFO: Primitives created: 1
23:45:02 | INFO: Extracting primitive: Mesh_372
23:45:02 | INFO: Primitives created: 1
23:45:02 | INFO: Extracting primitive: Mesh_373
23:45:02 | INFO: Primitives created: 1
23:45:02 | INFO: Extracting primitive: Mesh_374
23:45:02 | INFO: Primitives created: 1
23:45:02 | INFO: Extracting primitive: Mesh_375
23:45:02 | INFO: Primitives created: 1
23:45:02 | INFO: Extracting primitive: Mesh_376
23:45:02 | INFO: Primitives created: 1
23:45:02 | INFO: Extracting primitive: Mesh_377
23:45:02 | INFO: Primitives created: 1
23:45:02 | INFO: Extracting primitive: Mesh_378
23:45:02 | INFO: Primitives created: 1
23:45:02 | INFO: Extracting primitive: Mesh_379
23:45:02 | INFO: Primitives created: 1
23:45:02 | INFO: Extracting primitive: Mesh_380
23:45:02 | INFO: Primitives created: 1
23:45:02 | INFO: Extracting primitive: Mesh_381
23:45:02 | INFO: Primitives created: 1
23:45:02 | INFO: Extracting primitive: Mesh_382
23:45:02 | INFO: Primitives created: 1
23:45:02 | INFO: Extracting primitive: Mesh_383
23:45:02 | INFO: Primitives created: 1
23:45:02 | INFO: Extracting primitive: Mesh_384
23:45:02 | INFO: Primitives created: 1
23:45:02 | INFO: Extracting primitive: Mesh_385
23:45:02 | INFO: Primitives created: 1
23:45:02 | INFO: Extracting primitive: Mesh_386
23:45:02 | INFO: Primitives created: 1
23:45:02 | INFO: Extracting primitive: Mesh_387
23:45:02 | INFO: Primitives created: 1
23:45:02 | INFO: Extracting primitive: Mesh_388
23:45:02 | INFO: Primitives created: 1
23:45:02 | INFO: Extracting primitive: Mesh_389
23:45:02 | INFO: Primitives created: 1
23:45:02 | INFO: Extracting primitive: Mesh_390
23:45:02 | INFO: Primitives created: 1
23:45:02 | INFO: Extracting primitive: Mesh_391
23:45:02 | INFO: Primitives created: 1
23:45:02 | INFO: Extracting primitive: Mesh_392
23:45:02 | INFO: Primitives created: 1
23:45:02 | INFO: Extracting primitive: Mesh_393
23:45:02 | INFO: Primitives created: 1
23:45:02 | INFO: Extracting primitive: Mesh_394
23:45:02 | INFO: Primitives created: 1
23:45:02 | INFO: Extracting primitive: Mesh_395
23:45:02 | INFO: Primitives created: 1
23:45:02 | INFO: Extracting primitive: Mesh_396
23:45:02 | INFO: Primitives created: 1
23:45:02 | INFO: Extracting primitive: Mesh_397
23:45:02 | INFO: Primitives created: 1
23:45:02 | INFO: Extracting primitive: Mesh_398
23:45:02 | INFO: Primitives created: 1
23:45:02 | INFO: Extracting primitive: Mesh_399
23:45:02 | INFO: Primitives created: 1
23:45:02 | INFO: Extracting primitive: Mesh_400
23:45:02 | INFO: Primitives created: 1
23:45:02 | INFO: Extracting primitive: Mesh_401
23:45:02 | INFO: Primitives created: 1
23:45:02 | INFO: Extracting primitive: Mesh_402
23:45:02 | INFO: Primitives created: 1
23:45:02 | INFO: Extracting primitive: Mesh_403
23:45:02 | INFO: Primitives created: 1
23:45:02 | INFO: Extracting primitive: Mesh_404
23:45:02 | INFO: Primitives created: 1
23:45:02 | INFO: Extracting primitive: Mesh_405
23:45:02 | INFO: Primitives created: 1
23:45:02 | INFO: Extracting primitive: Mesh_406
23:45:02 | INFO: Primitives created: 1
23:45:02 | INFO: Extracting primitive: Mesh_407
23:45:02 | INFO: Primitives created: 1
23:45:02 | INFO: Extracting primitive: Mesh_408
23:45:02 | INFO: Primitives created: 1
23:45:02 | INFO: Extracting primitive: Mesh_409
23:45:02 | INFO: Primitives created: 1
23:45:02 | INFO: Extracting primitive: Mesh_410
23:45:02 | INFO: Primitives created: 1
23:45:02 | INFO: Extracting primitive: Mesh_411
23:45:02 | INFO: Primitives created: 1
23:45:02 | INFO: Extracting primitive: Mesh_412
23:45:02 | INFO: Primitives created: 1
23:45:02 | INFO: Extracting primitive: Mesh_413
23:45:02 | INFO: Primitives created: 1
23:45:02 | INFO: Extracting primitive: Mesh_414
23:45:02 | INFO: Primitives created: 1
23:45:02 | INFO: Extracting primitive: Mesh_415
23:45:02 | INFO: Primitives created: 1
23:45:02 | INFO: Extracting primitive: Mesh_416
23:45:02 | INFO: Primitives created: 1
23:45:02 | INFO: Extracting primitive: Mesh_417
23:45:02 | INFO: Primitives created: 1
23:45:02 | INFO: Extracting primitive: Mesh_418
23:45:02 | INFO: Primitives created: 1
23:45:02 | INFO: Extracting primitive: Mesh_419
23:45:02 | INFO: Primitives created: 1
23:45:02 | INFO: Extracting primitive: Mesh_420
23:45:02 | INFO: Primitives created: 1
23:45:02 | INFO: Extracting primitive: Mesh_421
23:45:02 | INFO: Primitives created: 1
23:45:02 | INFO: Extracting primitive: Mesh_422
23:45:02 | INFO: Primitives created: 1
23:45:02 | INFO: Extracting primitive: Mesh_423
23:45:02 | INFO: Primitives created: 1
23:45:02 | INFO: Extracting primitive: Mesh_424
23:45:02 | INFO: Primitives created: 1
23:45:02 | INFO: Extracting primitive: Mesh_425
23:45:02 | INFO: Primitives created: 1
23:45:02 | INFO: Extracting primitive: Mesh_426
23:45:02 | INFO: Primitives created: 1
23:45:02 | INFO: Extracting primitive: Mesh_427
23:45:02 | INFO: Primitives created: 1
23:45:02 | INFO: Extracting primitive: Mesh_428
23:45:02 | INFO: Primitives created: 1
23:45:02 | INFO: Extracting primitive: Mesh_429
23:45:02 | INFO: Primitives created: 1
23:45:02 | INFO: Extracting primitive: Mesh_430
23:45:02 | INFO: Primitives created: 1
23:45:02 | INFO: Extracting primitive: Mesh_431
23:45:02 | INFO: Primitives created: 1
23:45:02 | INFO: Extracting primitive: Mesh_432
23:45:02 | INFO: Primitives created: 1
23:45:02 | INFO: Extracting primitive: Mesh_433
23:45:02 | INFO: Primitives created: 1
23:45:02 | INFO: Extracting primitive: Mesh_434
23:45:02 | INFO: Primitives created: 1
23:45:02 | INFO: Extracting primitive: Mesh_435
23:45:02 | INFO: Primitives created: 1
23:45:02 | INFO: Extracting primitive: Mesh_436
23:45:02 | INFO: Primitives created: 1
23:45:02 | INFO: Extracting primitive: Mesh_437
23:45:02 | INFO: Primitives created: 1
23:45:02 | INFO: Extracting primitive: Mesh_438
23:45:02 | INFO: Primitives created: 1
23:45:02 | INFO: Extracting primitive: Mesh_439
23:45:02 | INFO: Primitives created: 1
23:45:02 | INFO: Extracting primitive: Mesh_440
23:45:02 | INFO: Primitives created: 1
23:45:02 | INFO: Extracting primitive: Mesh_441
23:45:02 | INFO: Primitives created: 1
23:45:02 | INFO: Extracting primitive: Mesh_442
23:45:02 | INFO: Primitives created: 1
23:45:02 | INFO: Extracting primitive: Mesh_443
23:45:02 | INFO: Primitives created: 1
23:45:02 | INFO: Extracting primitive: Mesh_444
23:45:02 | INFO: Primitives created: 1
23:45:02 | INFO: Extracting primitive: Mesh_445
23:45:02 | INFO: Primitives created: 1
23:45:02 | INFO: Extracting primitive: Mesh_446
23:45:02 | INFO: Primitives created: 1
23:45:02 | INFO: Extracting primitive: Mesh_447
23:45:02 | INFO: Primitives created: 1
23:45:02 | INFO: Extracting primitive: Mesh_448
23:45:02 | INFO: Primitives created: 1
23:45:02 | INFO: Extracting primitive: Mesh_449
23:45:02 | INFO: Primitives created: 1
23:45:02 | INFO: Extracting primitive: Mesh_450
23:45:02 | INFO: Primitives created: 1
23:45:02 | INFO: Extracting primitive: Mesh_451
23:45:02 | INFO: Primitives created: 1
23:45:02 | INFO: Extracting primitive: Mesh_452
23:45:02 | INFO: Primitives created: 1
23:45:02 | INFO: Extracting primitive: Mesh_453
23:45:02 | INFO: Primitives created: 1
23:45:02 | INFO: Extracting primitive: Mesh_454
23:45:02 | INFO: Primitives created: 1
23:45:02 | INFO: Extracting primitive: Mesh_455
23:45:02 | INFO: Primitives created: 1
23:45:02 | INFO: Extracting primitive: Mesh_456
23:45:02 | INFO: Primitives created: 1
23:45:02 | INFO: Extracting primitive: Mesh_457
23:45:02 | INFO: Primitives created: 1
23:45:02 | INFO: Extracting primitive: Mesh_458
23:45:02 | INFO: Primitives created: 1
23:45:02 | INFO: Extracting primitive: Mesh_459
23:45:02 | INFO: Primitives created: 1
23:45:02 | INFO: Extracting primitive: Mesh_460
23:45:02 | INFO: Primitives created: 1
23:45:02 | INFO: Extracting primitive: Mesh_461
23:45:02 | INFO: Primitives created: 1
23:45:02 | INFO: Extracting primitive: Mesh_462
23:45:02 | INFO: Primitives created: 1
23:45:02 | INFO: Extracting primitive: Mesh_463
23:45:02 | INFO: Primitives created: 1
23:45:02 | INFO: Extracting primitive: Mesh_464
23:45:02 | INFO: Primitives created: 1
23:45:02 | INFO: Extracting primitive: Mesh_465
23:45:02 | INFO: Primitives created: 1
23:45:02 | INFO: Extracting primitive: Mesh_466
23:45:02 | INFO: Primitives created: 1
23:45:02 | INFO: Extracting primitive: Mesh_467
23:45:02 | INFO: Primitives created: 1
23:45:02 | INFO: Extracting primitive: Mesh_468
23:45:02 | INFO: Primitives created: 1
23:45:02 | INFO: Extracting primitive: Mesh_469
23:45:02 | INFO: Primitives created: 1
23:45:02 | INFO: Extracting primitive: Mesh_470
23:45:02 | INFO: Primitives created: 1
23:45:02 | INFO: Extracting primitive: Mesh_471
23:45:02 | INFO: Primitives created: 1
23:45:02 | INFO: Extracting primitive: Mesh_472
23:45:02 | INFO: Primitives created: 1
23:45:02 | INFO: Extracting primitive: Mesh_473
23:45:02 | INFO: Primitives created: 1
23:45:02 | INFO: Extracting primitive: Mesh_474
23:45:02 | INFO: Primitives created: 1
23:45:02 | INFO: Extracting primitive: Mesh_475
23:45:02 | INFO: Primitives created: 1
23:45:02 | INFO: Extracting primitive: Mesh_476
23:45:02 | INFO: Primitives created: 1
23:45:02 | INFO: Extracting primitive: Mesh_477
23:45:02 | INFO: Primitives created: 1
23:45:02 | INFO: Extracting primitive: Mesh_478
23:45:02 | INFO: Primitives created: 1
23:45:02 | INFO: Extracting primitive: Mesh_479
23:45:02 | INFO: Primitives created: 1
23:45:02 | INFO: Extracting primitive: Mesh_480
23:45:02 | INFO: Primitives created: 1
23:45:02 | INFO: Extracting primitive: Mesh_481
23:45:02 | INFO: Primitives created: 1
23:45:02 | INFO: Extracting primitive: Mesh_482
23:45:02 | INFO: Primitives created: 1
23:45:02 | INFO: Extracting primitive: Mesh_483
23:45:02 | INFO: Primitives created: 1
23:45:02 | INFO: Extracting primitive: Mesh_484
23:45:02 | INFO: Primitives created: 1
23:45:02 | INFO: Extracting primitive: Mesh_485
23:45:02 | INFO: Primitives created: 1
23:45:02 | INFO: Extracting primitive: Mesh_486
23:45:02 | INFO: Primitives created: 1
23:45:02 | INFO: Extracting primitive: Mesh_487
23:45:02 | INFO: Primitives created: 1
23:45:02 | INFO: Extracting primitive: Mesh_488
23:45:02 | INFO: Primitives created: 1
23:45:02 | INFO: Extracting primitive: Mesh_489
23:45:02 | INFO: Primitives created: 1
23:45:02 | INFO: Extracting primitive: Mesh_490
23:45:02 | INFO: Primitives created: 1
23:45:02 | INFO: Extracting primitive: Mesh_491
23:45:02 | INFO: Primitives created: 1
23:45:02 | INFO: Extracting primitive: Mesh_492
23:45:02 | INFO: Primitives created: 1
23:45:02 | INFO: Extracting primitive: Mesh_493
23:45:02 | INFO: Primitives created: 1
23:45:02 | INFO: Extracting primitive: Mesh_494
23:45:02 | INFO: Primitives created: 1
23:45:02 | INFO: Extracting primitive: Mesh_495
23:45:02 | INFO: Primitives created: 1
23:45:02 | INFO: Extracting primitive: Mesh_496
23:45:02 | INFO: Primitives created: 1
23:45:02 | INFO: Extracting primitive: Mesh_497
23:45:02 | INFO: Primitives created: 1
23:45:02 | INFO: Extracting primitive: Mesh_498
23:45:02 | INFO: Primitives created: 1
23:45:02 | INFO: Extracting primitive: Mesh_499
23:45:02 | INFO: Primitives created: 1
23:45:02 | INFO: Extracting primitive: Mesh_500
23:45:02 | INFO: Primitives created: 1
23:45:02 | INFO: Extracting primitive: Mesh_501
23:45:02 | INFO: Primitives created: 1
23:45:02 | INFO: Extracting primitive: Mesh_502
23:45:02 | INFO: Primitives created: 1
23:45:02 | INFO: Extracting primitive: Mesh_503
23:45:02 | INFO: Primitives created: 1
23:45:02 | INFO: Extracting primitive: Mesh_504
23:45:02 | INFO: Primitives created: 1
23:45:02 | INFO: Extracting primitive: Mesh_505
23:45:02 | INFO: Primitives created: 1
23:45:02 | INFO: Extracting primitive: Mesh_506
23:45:02 | INFO: Primitives created: 1
23:45:02 | INFO: Extracting primitive: Mesh_507
23:45:02 | INFO: Primitives created: 1
23:45:02 | INFO: Extracting primitive: Mesh_508
23:45:02 | INFO: Primitives created: 1
23:45:02 | INFO: Extracting primitive: Mesh_509
23:45:02 | INFO: Primitives created: 1
23:45:02 | INFO: Extracting primitive: Mesh_510
23:45:02 | INFO: Primitives created: 1
23:45:02 | INFO: Extracting primitive: Mesh_511
23:45:02 | INFO: Primitives created: 1
23:45:02 | INFO: Extracting primitive: Mesh_512
23:45:02 | INFO: Primitives created: 1
23:45:02 | INFO: Extracting primitive: Mesh_513
23:45:02 | INFO: Primitives created: 1
23:45:02 | INFO: Extracting primitive: Mesh_514
23:45:02 | INFO: Primitives created: 1
23:45:02 | INFO: Extracting primitive: Mesh_515
23:45:02 | INFO: Primitives created: 1
23:45:02 | INFO: Extracting primitive: Mesh_516
23:45:02 | INFO: Primitives created: 1
23:45:02 | INFO: Extracting primitive: Mesh_517
23:45:02 | INFO: Primitives created: 1
23:45:02 | INFO: Extracting primitive: Mesh_518
23:45:02 | INFO: Primitives created: 1
23:45:02 | INFO: Extracting primitive: Mesh_519
23:45:02 | INFO: Primitives created: 1
23:45:02 | INFO: Extracting primitive: Mesh_520
23:45:02 | INFO: Primitives created: 1
23:45:02 | INFO: Extracting primitive: Mesh_521
23:45:02 | INFO: Primitives created: 1
23:45:02 | INFO: Extracting primitive: Mesh_522
23:45:02 | INFO: Primitives created: 1
23:45:02 | INFO: Extracting primitive: Mesh_523
23:45:02 | INFO: Primitives created: 1
23:45:02 | INFO: Extracting primitive: Mesh_524
23:45:02 | INFO: Primitives created: 1
23:45:02 | INFO: Extracting primitive: Mesh_525
23:45:02 | INFO: Primitives created: 1
23:45:02 | INFO: Extracting primitive: Mesh_526
23:45:02 | INFO: Primitives created: 1
23:45:02 | INFO: Extracting primitive: Mesh_527
23:45:02 | INFO: Primitives created: 1
23:45:02 | INFO: Extracting primitive: Mesh_528
23:45:02 | INFO: Primitives created: 1
23:45:02 | INFO: Extracting primitive: Mesh_529
23:45:02 | INFO: Primitives created: 1
23:45:02 | INFO: Extracting primitive: Mesh_530
23:45:02 | INFO: Primitives created: 1
23:45:02 | INFO: Extracting primitive: Mesh_531
23:45:02 | INFO: Primitives created: 1
23:45:02 | INFO: Extracting primitive: Mesh_532
23:45:02 | INFO: Primitives created: 1
23:45:02 | INFO: Extracting primitive: Mesh_533
23:45:02 | INFO: Primitives created: 1
23:45:02 | INFO: Extracting primitive: Mesh_534
23:45:02 | INFO: Primitives created: 1
23:45:02 | INFO: Extracting primitive: Mesh_535
23:45:02 | INFO: Primitives created: 1
23:45:02 | INFO: Extracting primitive: Mesh_536
23:45:02 | INFO: Primitives created: 1
23:45:02 | INFO: Extracting primitive: Mesh_537
23:45:02 | INFO: Primitives created: 1
23:45:02 | INFO: Extracting primitive: Mesh_538
23:45:02 | INFO: Primitives created: 1
23:45:02 | INFO: Extracting primitive: Mesh_539
23:45:02 | INFO: Primitives created: 1
23:45:02 | INFO: Extracting primitive: Mesh_540
23:45:02 | INFO: Primitives created: 1
23:45:02 | INFO: Extracting primitive: Mesh_541
23:45:02 | INFO: Primitives created: 1
23:45:02 | INFO: Extracting primitive: Mesh_542
23:45:02 | INFO: Primitives created: 1
23:45:02 | INFO: Extracting primitive: Mesh_543
23:45:02 | INFO: Primitives created: 1
23:45:02 | INFO: Extracting primitive: Mesh_544
23:45:02 | INFO: Primitives created: 1
23:45:02 | INFO: Extracting primitive: Mesh_545
23:45:02 | INFO: Primitives created: 1
23:45:02 | INFO: Extracting primitive: Mesh_546
23:45:02 | INFO: Primitives created: 1
23:45:02 | INFO: Extracting primitive: Mesh_547
23:45:02 | INFO: Primitives created: 1
23:45:02 | INFO: Extracting primitive: Mesh_548
23:45:02 | INFO: Primitives created: 1
23:45:02 | INFO: Extracting primitive: Mesh_549
23:45:02 | INFO: Primitives created: 1
23:45:02 | INFO: Extracting primitive: Mesh_550
23:45:02 | INFO: Primitives created: 1
23:45:02 | INFO: Extracting primitive: Mesh_551
23:45:02 | INFO: Primitives created: 1
23:45:02 | INFO: Extracting primitive: Mesh_552
23:45:02 | INFO: Primitives created: 1
23:45:02 | INFO: Extracting primitive: Mesh_553
23:45:02 | INFO: Primitives created: 1
23:45:02 | INFO: Extracting primitive: Mesh_554
23:45:02 | INFO: Primitives created: 1
23:45:02 | INFO: Extracting primitive: Mesh_555
23:45:02 | INFO: Primitives created: 1
23:45:02 | INFO: Extracting primitive: Mesh_556
23:45:02 | INFO: Primitives created: 1
23:45:02 | INFO: Extracting primitive: Mesh_557
23:45:02 | INFO: Primitives created: 1
23:45:02 | INFO: Extracting primitive: Mesh_558
23:45:02 | INFO: Primitives created: 1
23:45:02 | INFO: Extracting primitive: Mesh_559
23:45:02 | INFO: Primitives created: 1
23:45:02 | INFO: Extracting primitive: Mesh_560
23:45:02 | INFO: Primitives created: 1
23:45:02 | INFO: Extracting primitive: Mesh_561
23:45:02 | INFO: Primitives created: 1
23:45:02 | INFO: Extracting primitive: Mesh_562
23:45:02 | INFO: Primitives created: 1
23:45:02 | INFO: Extracting primitive: Mesh_563
23:45:02 | INFO: Primitives created: 1
23:45:02 | INFO: Extracting primitive: Mesh_564
23:45:02 | INFO: Primitives created: 1
23:45:02 | INFO: Extracting primitive: Mesh_565
23:45:02 | INFO: Primitives created: 1
23:45:02 | INFO: Extracting primitive: Mesh_566
23:45:02 | INFO: Primitives created: 1
23:45:02 | INFO: Extracting primitive: Mesh_567
23:45:02 | INFO: Primitives created: 1
23:45:02 | INFO: Extracting primitive: Mesh_568
23:45:02 | INFO: Primitives created: 1
23:45:02 | INFO: Extracting primitive: Mesh_569
23:45:02 | INFO: Primitives created: 1
23:45:02 | INFO: Extracting primitive: Mesh_570
23:45:02 | INFO: Primitives created: 1
23:45:02 | INFO: Extracting primitive: Mesh_571
23:45:02 | INFO: Primitives created: 1
23:45:02 | INFO: Extracting primitive: Mesh_572
23:45:02 | INFO: Primitives created: 1
23:45:02 | INFO: Extracting primitive: Mesh_573
23:45:02 | INFO: Primitives created: 1
23:45:02 | INFO: Extracting primitive: Mesh_574
23:45:02 | INFO: Primitives created: 1
23:45:02 | INFO: Extracting primitive: Mesh_575
23:45:02 | INFO: Primitives created: 1
23:45:02 | INFO: Extracting primitive: Mesh_576
23:45:02 | INFO: Primitives created: 1
23:45:02 | INFO: Extracting primitive: Mesh_577
23:45:02 | INFO: Primitives created: 1
23:45:02 | INFO: Extracting primitive: Mesh_578
23:45:02 | INFO: Primitives created: 1
23:45:02 | INFO: Extracting primitive: Mesh_579
23:45:02 | INFO: Primitives created: 1
23:45:02 | INFO: Extracting primitive: Mesh_580
23:45:02 | INFO: Primitives created: 1
23:45:02 | INFO: Extracting primitive: Mesh_581
23:45:02 | INFO: Primitives created: 1
23:45:02 | INFO: Extracting primitive: Mesh_582
23:45:02 | INFO: Primitives created: 1
23:45:02 | INFO: Extracting primitive: Mesh_583
23:45:02 | INFO: Primitives created: 1
23:45:02 | INFO: Extracting primitive: Mesh_584
23:45:02 | INFO: Primitives created: 1
23:45:02 | INFO: Extracting primitive: Mesh_585
23:45:02 | INFO: Primitives created: 1
23:45:02 | INFO: Extracting primitive: Mesh_586
23:45:02 | INFO: Primitives created: 1
23:45:02 | INFO: Extracting primitive: Mesh_587
23:45:02 | INFO: Primitives created: 1
23:45:02 | INFO: Extracting primitive: Mesh_588
23:45:02 | INFO: Primitives created: 1
23:45:02 | INFO: Extracting primitive: Mesh_589
23:45:02 | INFO: Primitives created: 1
23:45:02 | INFO: Extracting primitive: Mesh_590
23:45:02 | INFO: Primitives created: 1
23:45:02 | INFO: Extracting primitive: Mesh_591
23:45:02 | INFO: Primitives created: 1
23:45:02 | INFO: Extracting primitive: Mesh_592
23:45:02 | INFO: Primitives created: 1
23:45:02 | INFO: Extracting primitive: Mesh_593
23:45:02 | INFO: Primitives created: 1
23:45:02 | INFO: Extracting primitive: Mesh_594
23:45:02 | INFO: Primitives created: 1
23:45:02 | INFO: Extracting primitive: Mesh_595
23:45:02 | INFO: Primitives created: 1
23:45:02 | INFO: Extracting primitive: Mesh_596
23:45:02 | INFO: Primitives created: 1
23:45:02 | INFO: Extracting primitive: Mesh_597
23:45:02 | INFO: Primitives created: 1
23:45:02 | INFO: Extracting primitive: Mesh_598
23:45:02 | INFO: Primitives created: 1
23:45:02 | INFO: Extracting primitive: Mesh_599
23:45:02 | INFO: Primitives created: 1
23:45:02 | INFO: Extracting primitive: Mesh_600
23:45:02 | INFO: Primitives created: 1
23:45:02 | INFO: Extracting primitive: Mesh_601
23:45:02 | INFO: Primitives created: 1
23:45:02 | INFO: Extracting primitive: Mesh_604
23:45:02 | INFO: Primitives created: 1
23:45:02 | INFO: Extracting primitive: Mesh_605
23:45:02 | INFO: Primitives created: 1
23:45:02 | INFO: Extracting primitive: Mesh_606
23:45:02 | INFO: Primitives created: 1
23:45:02 | INFO: Extracting primitive: Mesh_607
23:45:02 | INFO: Primitives created: 1
23:45:02 | INFO: Extracting primitive: Mesh_608
23:45:02 | INFO: Primitives created: 1
23:45:02 | INFO: Extracting primitive: Mesh_609
23:45:02 | INFO: Primitives created: 1
23:45:02 | INFO: Extracting primitive: Mesh_610
23:45:02 | INFO: Primitives created: 1
23:45:02 | INFO: Extracting primitive: Mesh_611
23:45:02 | INFO: Primitives created: 1
23:45:02 | INFO: Extracting primitive: Mesh_612
23:45:02 | INFO: Primitives created: 1
23:45:02 | INFO: Extracting primitive: Mesh_613
23:45:02 | INFO: Primitives created: 1
23:45:02 | INFO: Extracting primitive: Mesh_614
23:45:02 | INFO: Primitives created: 1
23:45:02 | INFO: Extracting primitive: Mesh_615
23:45:02 | INFO: Primitives created: 1
23:45:02 | INFO: Extracting primitive: Mesh_616
23:45:02 | INFO: Primitives created: 1
23:45:02 | INFO: Extracting primitive: Mesh_617
23:45:02 | INFO: Primitives created: 1
23:45:02 | INFO: Extracting primitive: Mesh_618
23:45:02 | INFO: Primitives created: 1
23:45:02 | INFO: Extracting primitive: Mesh_619
23:45:02 | INFO: Primitives created: 1
23:45:02 | INFO: Extracting primitive: Mesh_620
23:45:02 | INFO: Primitives created: 1
23:45:02 | INFO: Extracting primitive: Mesh_621
23:45:02 | INFO: Primitives created: 1
23:45:02 | INFO: Extracting primitive: Mesh_622
23:45:02 | INFO: Primitives created: 1
23:45:02 | INFO: Extracting primitive: Mesh_623
23:45:02 | INFO: Primitives created: 1
23:45:02 | INFO: Extracting primitive: Mesh_624
23:45:02 | INFO: Primitives created: 1
23:45:02 | INFO: Extracting primitive: Mesh_625
23:45:02 | INFO: Primitives created: 1
23:45:02 | INFO: Extracting primitive: Mesh_626
23:45:02 | INFO: Primitives created: 1
23:45:02 | INFO: Extracting primitive: Mesh_627
23:45:02 | INFO: Primitives created: 1
23:45:02 | INFO: Extracting primitive: Mesh_628
23:45:02 | INFO: Primitives created: 1
23:45:02 | INFO: Extracting primitive: Mesh_629
23:45:02 | INFO: Primitives created: 1
23:45:02 | INFO: Extracting primitive: Mesh_630
23:45:02 | INFO: Primitives created: 1
23:45:02 | INFO: Extracting primitive: Mesh_631
23:45:02 | INFO: Primitives created: 1
23:45:02 | INFO: Extracting primitive: Mesh_632
23:45:02 | INFO: Primitives created: 1
23:45:02 | INFO: Extracting primitive: Mesh_633
23:45:02 | INFO: Primitives created: 1
23:45:02 | INFO: Extracting primitive: Mesh_634
23:45:02 | INFO: Primitives created: 1
23:45:02 | INFO: Extracting primitive: Mesh_635
23:45:02 | INFO: Primitives created: 1
23:45:02 | INFO: Extracting primitive: Mesh_636
23:45:02 | INFO: Primitives created: 1
23:45:02 | INFO: Extracting primitive: Mesh_637
23:45:02 | INFO: Primitives created: 1
23:45:02 | INFO: Extracting primitive: Mesh_638
23:45:02 | INFO: Primitives created: 1
23:45:02 | INFO: Extracting primitive: Mesh_639
23:45:02 | INFO: Primitives created: 1
23:45:02 | INFO: Extracting primitive: Mesh_640
23:45:02 | INFO: Primitives created: 1
23:45:02 | INFO: Extracting primitive: Mesh_641
23:45:02 | INFO: Primitives created: 1
23:45:02 | INFO: Extracting primitive: Mesh_642
23:45:02 | INFO: Primitives created: 1
23:45:02 | INFO: Extracting primitive: Mesh_643
23:45:02 | INFO: Primitives created: 1
23:45:02 | INFO: Extracting primitive: Mesh_644
23:45:02 | INFO: Primitives created: 1
23:45:02 | INFO: Extracting primitive: Mesh_645
23:45:02 | INFO: Primitives created: 1
23:45:02 | INFO: Extracting primitive: Mesh_646
23:45:02 | INFO: Primitives created: 1
23:45:02 | INFO: Extracting primitive: Mesh_647
23:45:02 | INFO: Primitives created: 1
23:45:02 | INFO: Extracting primitive: Mesh_648
23:45:02 | INFO: Primitives created: 1
23:45:02 | INFO: Extracting primitive: Mesh_649
23:45:02 | INFO: Primitives created: 1
23:45:02 | INFO: Extracting primitive: Mesh_650
23:45:02 | INFO: Primitives created: 1
23:45:02 | INFO: Extracting primitive: Mesh_651
23:45:02 | INFO: Primitives created: 1
23:45:02 | INFO: Extracting primitive: Mesh_652
23:45:02 | INFO: Primitives created: 1
23:45:02 | INFO: Extracting primitive: Mesh_653
23:45:02 | INFO: Primitives created: 1
23:45:02 | INFO: Extracting primitive: Mesh_654
23:45:02 | INFO: Primitives created: 1
23:45:02 | INFO: Extracting primitive: Mesh_655
23:45:02 | INFO: Primitives created: 1
23:45:02 | INFO: Extracting primitive: Mesh_656
23:45:02 | INFO: Primitives created: 1
23:45:02 | INFO: Extracting primitive: Mesh_657
23:45:02 | INFO: Primitives created: 1
23:45:02 | INFO: Extracting primitive: Mesh_658
23:45:02 | INFO: Primitives created: 1
23:45:02 | INFO: Extracting primitive: Mesh_659
23:45:02 | INFO: Primitives created: 1
23:45:02 | INFO: Extracting primitive: Mesh_660
23:45:02 | INFO: Primitives created: 1
23:45:02 | INFO: Extracting primitive: Mesh_661
23:45:02 | INFO: Primitives created: 1
23:45:02 | INFO: Extracting primitive: Mesh_662
23:45:02 | INFO: Primitives created: 1
23:45:02 | INFO: Extracting primitive: Mesh_663
23:45:02 | INFO: Primitives created: 1
23:45:02 | INFO: Extracting primitive: Mesh_664
23:45:02 | INFO: Primitives created: 1
23:45:02 | INFO: Extracting primitive: Mesh_665
23:45:02 | INFO: Primitives created: 1
23:45:02 | INFO: Extracting primitive: Mesh_666
23:45:02 | INFO: Primitives created: 1
23:45:02 | INFO: Extracting primitive: Mesh_667
23:45:02 | INFO: Primitives created: 1
23:45:02 | INFO: Extracting primitive: Mesh_668
23:45:02 | INFO: Primitives created: 1
23:45:02 | INFO: Extracting primitive: Mesh_669
23:45:02 | INFO: Primitives created: 1
23:45:02 | INFO: Extracting primitive: Mesh_670
23:45:02 | INFO: Primitives created: 1
23:45:02 | INFO: Extracting primitive: Mesh_671
23:45:02 | INFO: Primitives created: 1
23:45:02 | INFO: Extracting primitive: Mesh_672
23:45:02 | INFO: Primitives created: 1
23:45:02 | INFO: Extracting primitive: Mesh_673
23:45:02 | INFO: Primitives created: 1
23:45:02 | INFO: Extracting primitive: Mesh_674
23:45:02 | INFO: Primitives created: 1
23:45:02 | INFO: Extracting primitive: Mesh_675
23:45:02 | INFO: Primitives created: 1
23:45:02 | INFO: Extracting primitive: Mesh_676
23:45:02 | INFO: Primitives created: 1
23:45:02 | INFO: Extracting primitive: Mesh_677
23:45:02 | INFO: Primitives created: 1
23:45:02 | INFO: Extracting primitive: Mesh_678
23:45:02 | INFO: Primitives created: 1
23:45:02 | INFO: Extracting primitive: Mesh_679
23:45:02 | INFO: Primitives created: 1
23:45:02 | INFO: Extracting primitive: Mesh_680
23:45:02 | INFO: Primitives created: 1
23:45:02 | INFO: Extracting primitive: Mesh_681
23:45:02 | INFO: Primitives created: 1
23:45:02 | INFO: Extracting primitive: Mesh_682
23:45:02 | INFO: Primitives created: 1
23:45:02 | INFO: Extracting primitive: Mesh_683
23:45:02 | INFO: Primitives created: 1
23:45:02 | INFO: Extracting primitive: Mesh_684
23:45:02 | INFO: Primitives created: 1
23:45:02 | INFO: Extracting primitive: Mesh_685
23:45:02 | INFO: Primitives created: 1
23:45:02 | INFO: Extracting primitive: Mesh_686
23:45:02 | INFO: Primitives created: 1
23:45:02 | INFO: Extracting primitive: Mesh_687
23:45:02 | INFO: Primitives created: 1
23:45:02 | INFO: Extracting primitive: Mesh_688
23:45:02 | INFO: Primitives created: 1
23:45:02 | INFO: Extracting primitive: Mesh_689
23:45:02 | INFO: Primitives created: 1
23:45:02 | INFO: Extracting primitive: Mesh_690
23:45:02 | INFO: Primitives created: 1
23:45:02 | INFO: Extracting primitive: Mesh_691
23:45:02 | INFO: Primitives created: 1
23:45:02 | INFO: Extracting primitive: Mesh_692
23:45:02 | INFO: Primitives created: 1
23:45:02 | INFO: Extracting primitive: Mesh_696
23:45:02 | INFO: Primitives created: 1
23:45:02 | INFO: Extracting primitive: Mesh_697
23:45:02 | INFO: Primitives created: 1
23:45:02 | INFO: Extracting primitive: Mesh_698
23:45:02 | INFO: Primitives created: 1
23:45:02 | INFO: Extracting primitive: Mesh_699
23:45:02 | INFO: Primitives created: 1
23:45:02 | INFO: Extracting primitive: Mesh_700
23:45:02 | INFO: Primitives created: 1
23:45:02 | INFO: Extracting primitive: Mesh_701
23:45:02 | INFO: Primitives created: 1
23:45:02 | INFO: Extracting primitive: Mesh_702
23:45:02 | INFO: Primitives created: 1
23:45:02 | INFO: Extracting primitive: Mesh_703
23:45:02 | INFO: Primitives created: 1
23:45:02 | INFO: Extracting primitive: Mesh_704
23:45:02 | INFO: Primitives created: 1
23:45:02 | INFO: Extracting primitive: Mesh_705
23:45:02 | INFO: Primitives created: 1
23:45:02 | INFO: Extracting primitive: Mesh_706
23:45:02 | INFO: Primitives created: 1
23:45:02 | INFO: Extracting primitive: Mesh_707
23:45:02 | INFO: Primitives created: 1
23:45:02 | INFO: Extracting primitive: Mesh_708
23:45:02 | INFO: Primitives created: 1
23:45:02 | INFO: Extracting primitive: Mesh_709
23:45:02 | INFO: Primitives created: 1
23:45:02 | INFO: Extracting primitive: Mesh_710
23:45:02 | INFO: Primitives created: 1
23:45:02 | INFO: Extracting primitive: Mesh_711
23:45:02 | INFO: Primitives created: 1
23:45:02 | INFO: Extracting primitive: Mesh_712
23:45:02 | INFO: Primitives created: 1
23:45:02 | INFO: Extracting primitive: Mesh_713
23:45:02 | INFO: Primitives created: 1
23:45:02 | INFO: Extracting primitive: Mesh_714
23:45:02 | INFO: Primitives created: 1
23:45:02 | INFO: Extracting primitive: Mesh_715
23:45:02 | INFO: Primitives created: 1
23:45:02 | INFO: Extracting primitive: Mesh_716
23:45:02 | INFO: Primitives created: 1
23:45:02 | INFO: Extracting primitive: Mesh_718
23:45:02 | INFO: Primitives created: 1
23:45:02 | INFO: Extracting primitive: Mesh_719
23:45:02 | INFO: Primitives created: 1
23:45:02 | INFO: Extracting primitive: Mesh_720
23:45:02 | INFO: Primitives created: 1
23:45:02 | INFO: Extracting primitive: Mesh_721
23:45:02 | INFO: Primitives created: 1
23:45:02 | INFO: Extracting primitive: Mesh_722
23:45:02 | INFO: Primitives created: 1
23:45:02 | INFO: Extracting primitive: Mesh_723
23:45:02 | INFO: Primitives created: 1
23:45:02 | INFO: Extracting primitive: Mesh_724
23:45:02 | INFO: Primitives created: 1
23:45:02 | INFO: Extracting primitive: Mesh_725
23:45:02 | INFO: Primitives created: 1
23:45:02 | INFO: Extracting primitive: Mesh_726
23:45:02 | INFO: Primitives created: 1
23:45:02 | INFO: Extracting primitive: Mesh_727
23:45:02 | INFO: Primitives created: 1
23:45:02 | INFO: Extracting primitive: Mesh_728
23:45:02 | INFO: Primitives created: 1
23:45:02 | INFO: Extracting primitive: Mesh_729
23:45:02 | INFO: Primitives created: 1
23:45:02 | INFO: Extracting primitive: Mesh_730
23:45:02 | INFO: Primitives created: 1
23:45:02 | INFO: Extracting primitive: Mesh_731
23:45:02 | INFO: Primitives created: 1
23:45:02 | INFO: Extracting primitive: Mesh_732
23:45:02 | INFO: Primitives created: 1
23:45:02 | INFO: Extracting primitive: Mesh_733
23:45:02 | INFO: Primitives created: 1
23:45:02 | INFO: Extracting primitive: Mesh_734
23:45:02 | INFO: Primitives created: 1
23:45:02 | INFO: Extracting primitive: Mesh_735
23:45:02 | INFO: Primitives created: 1
23:45:02 | INFO: Extracting primitive: Mesh_736
23:45:02 | INFO: Primitives created: 1
23:45:02 | INFO: Extracting primitive: Mesh_737
23:45:02 | INFO: Primitives created: 1
23:45:02 | INFO: Extracting primitive: Mesh_738
23:45:02 | INFO: Primitives created: 1
23:45:02 | INFO: Extracting primitive: Mesh_739
23:45:02 | INFO: Primitives created: 1
23:45:02 | INFO: Extracting primitive: Mesh_740
23:45:02 | INFO: Primitives created: 1
23:45:02 | INFO: Extracting primitive: Mesh_741
23:45:02 | INFO: Primitives created: 1
23:45:02 | INFO: Extracting primitive: Mesh_742
23:45:02 | INFO: Primitives created: 1
23:45:02 | INFO: Extracting primitive: Mesh_743
23:45:02 | INFO: Primitives created: 1
23:45:02 | INFO: Extracting primitive: Mesh_744
23:45:02 | INFO: Primitives created: 1
23:45:02 | INFO: Extracting primitive: Mesh_745
23:45:02 | INFO: Primitives created: 1
23:45:02 | INFO: Extracting primitive: Mesh_746
23:45:02 | INFO: Primitives created: 1
23:45:02 | INFO: Extracting primitive: Mesh_747
23:45:02 | INFO: Primitives created: 1
23:45:02 | INFO: Extracting primitive: Mesh_748
23:45:02 | INFO: Primitives created: 1
23:45:02 | INFO: Extracting primitive: Mesh_749
23:45:02 | INFO: Primitives created: 1
23:45:02 | INFO: Extracting primitive: Mesh_750
23:45:02 | INFO: Primitives created: 1
23:45:02 | INFO: Extracting primitive: Mesh_751
23:45:02 | INFO: Primitives created: 1
23:45:02 | INFO: Extracting primitive: Mesh_752
23:45:02 | INFO: Primitives created: 1
23:45:02 | INFO: Extracting primitive: Mesh_753
23:45:02 | INFO: Primitives created: 1
23:45:02 | INFO: Extracting primitive: Mesh_754
23:45:02 | INFO: Primitives created: 1
23:45:02 | INFO: Extracting primitive: Mesh_755
23:45:02 | INFO: Primitives created: 1
23:45:02 | INFO: Extracting primitive: Mesh_756
23:45:02 | INFO: Primitives created: 1
23:45:02 | INFO: Extracting primitive: Mesh_757
23:45:02 | INFO: Primitives created: 1
23:45:02 | INFO: Extracting primitive: Mesh_758
23:45:02 | INFO: Primitives created: 1
23:45:02 | INFO: Extracting primitive: Mesh_759
23:45:02 | INFO: Primitives created: 1
23:45:02 | INFO: Extracting primitive: Mesh_760
23:45:02 | INFO: Primitives created: 1
23:45:02 | INFO: Extracting primitive: Mesh_761
23:45:02 | INFO: Primitives created: 1
23:45:02 | INFO: Extracting primitive: Mesh_762
23:45:02 | INFO: Primitives created: 1
23:45:02 | INFO: Extracting primitive: Mesh_763
23:45:02 | INFO: Primitives created: 1
23:45:02 | INFO: Extracting primitive: Mesh_764
23:45:02 | INFO: Primitives created: 1
23:45:02 | INFO: Extracting primitive: Mesh_765
23:45:02 | INFO: Primitives created: 1
23:45:02 | INFO: Extracting primitive: Mesh_766
23:45:02 | INFO: Primitives created: 1
23:45:02 | INFO: Extracting primitive: Mesh_767
23:45:02 | INFO: Primitives created: 1
23:45:02 | INFO: Extracting primitive: Mesh_768
23:45:03 | INFO: Primitives created: 1
23:45:03 | INFO: Extracting primitive: Mesh_769
23:45:03 | INFO: Primitives created: 1
23:45:03 | INFO: Extracting primitive: Mesh_770
23:45:03 | INFO: Primitives created: 1
23:45:03 | INFO: Extracting primitive: Mesh_771
23:45:03 | INFO: Primitives created: 1
23:45:03 | INFO: Extracting primitive: Mesh_772
23:45:03 | INFO: Primitives created: 1
23:45:03 | INFO: Extracting primitive: Mesh_773
23:45:03 | INFO: Primitives created: 1
23:45:03 | INFO: Extracting primitive: Mesh_774
23:45:03 | INFO: Primitives created: 1
23:45:03 | INFO: Extracting primitive: Mesh_775
23:45:03 | INFO: Primitives created: 1
23:45:03 | INFO: Extracting primitive: Mesh_776
23:45:03 | INFO: Primitives created: 1
23:45:03 | INFO: Extracting primitive: Mesh_777
23:45:03 | INFO: Primitives created: 1
23:45:03 | INFO: Extracting primitive: Mesh_778
23:45:03 | INFO: Primitives created: 1
23:45:03 | INFO: Extracting primitive: Mesh_779
23:45:03 | INFO: Primitives created: 1
23:45:03 | INFO: Extracting primitive: Mesh_780
23:45:03 | INFO: Primitives created: 1
23:45:03 | INFO: Extracting primitive: Mesh_781
23:45:03 | INFO: Primitives created: 1
23:45:03 | INFO: Extracting primitive: Mesh_782
23:45:03 | INFO: Primitives created: 1
23:45:03 | INFO: Extracting primitive: Mesh_783
23:45:03 | INFO: Primitives created: 1
23:45:03 | INFO: Extracting primitive: Mesh_784
23:45:03 | INFO: Primitives created: 1
23:45:03 | INFO: Extracting primitive: Mesh_785
23:45:03 | INFO: Primitives created: 1
23:45:03 | INFO: Extracting primitive: Mesh_786
23:45:03 | INFO: Primitives created: 1
23:45:03 | INFO: Extracting primitive: Mesh_787
23:45:03 | INFO: Primitives created: 1
23:45:03 | INFO: Extracting primitive: Mesh_788
23:45:03 | INFO: Primitives created: 1
23:45:03 | INFO: Extracting primitive: Mesh_789
23:45:03 | INFO: Primitives created: 1
23:45:03 | INFO: Extracting primitive: Mesh_790
23:45:03 | INFO: Primitives created: 1
23:45:03 | INFO: Extracting primitive: Mesh_791
23:45:03 | INFO: Primitives created: 1
23:45:03 | INFO: Extracting primitive: Mesh_792
23:45:03 | INFO: Primitives created: 1
23:45:03 | INFO: Extracting primitive: Mesh_793
23:45:03 | INFO: Primitives created: 1
23:45:03 | INFO: Extracting primitive: Mesh_794
23:45:03 | INFO: Primitives created: 1
23:45:03 | INFO: Extracting primitive: Mesh_795
23:45:03 | INFO: Primitives created: 1
23:45:03 | INFO: Extracting primitive: Mesh_796
23:45:03 | INFO: Primitives created: 1
23:45:03 | INFO: Extracting primitive: Mesh_797
23:45:03 | INFO: Primitives created: 1
23:45:03 | INFO: Extracting primitive: Mesh_798
23:45:03 | INFO: Primitives created: 1
23:45:03 | INFO: Extracting primitive: Mesh_799
23:45:03 | INFO: Primitives created: 1
23:45:03 | INFO: Extracting primitive: Mesh_800
23:45:03 | INFO: Primitives created: 1
23:45:03 | INFO: Extracting primitive: Mesh_801
23:45:03 | INFO: Primitives created: 1
23:45:03 | INFO: Extracting primitive: Mesh_802
23:45:03 | INFO: Primitives created: 1
23:45:03 | INFO: Extracting primitive: Mesh_803
23:45:03 | INFO: Primitives created: 1
23:45:03 | INFO: Extracting primitive: Mesh_804
23:45:03 | INFO: Primitives created: 1
23:45:03 | INFO: Extracting primitive: Mesh_805
23:45:03 | INFO: Primitives created: 1
23:45:03 | INFO: Extracting primitive: Mesh_806
23:45:03 | INFO: Primitives created: 1
23:45:03 | INFO: Extracting primitive: Mesh_807
23:45:03 | INFO: Primitives created: 1
23:45:03 | INFO: Extracting primitive: Mesh_808
23:45:03 | INFO: Primitives created: 1
23:45:03 | INFO: Extracting primitive: Mesh_809
23:45:03 | INFO: Primitives created: 1
23:45:03 | INFO: Extracting primitive: Mesh_810
23:45:03 | INFO: Primitives created: 1
23:45:03 | INFO: Extracting primitive: Mesh_811
23:45:03 | INFO: Primitives created: 1
23:45:03 | INFO: Extracting primitive: Mesh_812
23:45:03 | INFO: Primitives created: 1
23:45:03 | INFO: Extracting primitive: Mesh_813
23:45:03 | INFO: Primitives created: 1
23:45:03 | INFO: Extracting primitive: Mesh_814
23:45:03 | INFO: Primitives created: 1
23:45:03 | INFO: Extracting primitive: Mesh_815
23:45:03 | INFO: Primitives created: 1
23:45:03 | INFO: Extracting primitive: Mesh_816
23:45:03 | INFO: Primitives created: 1
23:45:03 | INFO: Extracting primitive: Mesh_817
23:45:03 | INFO: Primitives created: 1
23:45:03 | INFO: Extracting primitive: Mesh_818
23:45:03 | INFO: Primitives created: 1
23:45:03 | INFO: Extracting primitive: Mesh_819
23:45:03 | INFO: Primitives created: 1
23:45:03 | INFO: Extracting primitive: Mesh_820
23:45:03 | INFO: Primitives created: 1
23:45:03 | INFO: Extracting primitive: Mesh_821
23:45:03 | INFO: Primitives created: 1
23:45:03 | INFO: Extracting primitive: Mesh_822
23:45:03 | INFO: Primitives created: 1
23:45:03 | INFO: Extracting primitive: Mesh_823
23:45:03 | INFO: Primitives created: 1
23:45:03 | INFO: Extracting primitive: Mesh_824
23:45:03 | INFO: Primitives created: 1
23:45:03 | INFO: Extracting primitive: Mesh_825
23:45:03 | INFO: Primitives created: 1
23:45:03 | INFO: Extracting primitive: Mesh_826
23:45:03 | INFO: Primitives created: 1
23:45:03 | INFO: Extracting primitive: Mesh_827
23:45:03 | INFO: Primitives created: 1
23:45:03 | INFO: Extracting primitive: Mesh_828
23:45:03 | INFO: Primitives created: 1
23:45:03 | INFO: Extracting primitive: Mesh_829
23:45:03 | INFO: Primitives created: 1
23:45:03 | INFO: Extracting primitive: Mesh_830
23:45:03 | INFO: Primitives created: 1
23:45:03 | INFO: Extracting primitive: Mesh_831
23:45:03 | INFO: Primitives created: 1
23:45:03 | INFO: Extracting primitive: Mesh_832
23:45:03 | INFO: Primitives created: 1
23:45:03 | INFO: Extracting primitive: Mesh_833
23:45:03 | INFO: Primitives created: 1
23:45:03 | INFO: Extracting primitive: Mesh_834
23:45:03 | INFO: Primitives created: 1
23:45:03 | INFO: Extracting primitive: Mesh_835
23:45:03 | INFO: Primitives created: 1
23:45:03 | INFO: Extracting primitive: Mesh_836
23:45:03 | INFO: Primitives created: 1
23:45:03 | INFO: Extracting primitive: Mesh_837
23:45:03 | INFO: Primitives created: 1
23:45:03 | INFO: Extracting primitive: Mesh_838
23:45:03 | INFO: Primitives created: 1
23:45:03 | INFO: Extracting primitive: Mesh_839
23:45:03 | INFO: Primitives created: 1
23:45:03 | INFO: Extracting primitive: Mesh_840
23:45:03 | INFO: Primitives created: 1
23:45:03 | INFO: Extracting primitive: Mesh_841
23:45:03 | INFO: Primitives created: 1
23:45:03 | INFO: Extracting primitive: Mesh_842
23:45:03 | INFO: Primitives created: 1
23:45:03 | INFO: Extracting primitive: Mesh_843
23:45:03 | INFO: Primitives created: 1
23:45:03 | INFO: Extracting primitive: Mesh_844
23:45:03 | INFO: Primitives created: 1
23:45:03 | INFO: Extracting primitive: Mesh_845
23:45:03 | INFO: Primitives created: 1
23:45:03 | INFO: Extracting primitive: Mesh_846
23:45:03 | INFO: Primitives created: 1
23:45:03 | INFO: Extracting primitive: Mesh_847
23:45:03 | INFO: Primitives created: 1
23:45:03 | INFO: Extracting primitive: Mesh_848
23:45:03 | INFO: Primitives created: 1
23:45:03 | INFO: Extracting primitive: Mesh_849
23:45:03 | INFO: Primitives created: 1
23:45:03 | INFO: Extracting primitive: Mesh_850
23:45:03 | INFO: Primitives created: 1
23:45:03 | INFO: Extracting primitive: Mesh_851
23:45:03 | INFO: Primitives created: 1
23:45:03 | INFO: Extracting primitive: Mesh_852
23:45:03 | INFO: Primitives created: 1
23:45:03 | INFO: Extracting primitive: Mesh_853
23:45:03 | INFO: Primitives created: 1
23:45:03 | INFO: Extracting primitive: Mesh_854
23:45:03 | INFO: Primitives created: 1
23:45:03 | INFO: Extracting primitive: Mesh_855
23:45:03 | INFO: Primitives created: 1
23:45:03 | INFO: Extracting primitive: Mesh_856
23:45:03 | INFO: Primitives created: 1
23:45:03 | INFO: Extracting primitive: Mesh_857
23:45:03 | INFO: Primitives created: 1
23:45:03 | INFO: Extracting primitive: Mesh_858
23:45:03 | INFO: Primitives created: 1
23:45:03 | INFO: Extracting primitive: Mesh_859
23:45:03 | INFO: Primitives created: 1
23:45:03 | INFO: Extracting primitive: Mesh_860
23:45:03 | INFO: Primitives created: 1
23:45:03 | INFO: Extracting primitive: Mesh_861
23:45:03 | INFO: Primitives created: 1
23:45:03 | INFO: Extracting primitive: Mesh_862
23:45:03 | INFO: Primitives created: 1
23:45:03 | INFO: Extracting primitive: Mesh_863
23:45:03 | INFO: Primitives created: 1
23:45:03 | INFO: Extracting primitive: Mesh_864
23:45:03 | INFO: Primitives created: 1
23:45:03 | INFO: Extracting primitive: Mesh_865
23:45:03 | INFO: Primitives created: 1
23:45:03 | INFO: Extracting primitive: Mesh_866
23:45:03 | INFO: Primitives created: 1
23:45:03 | INFO: Extracting primitive: Mesh_867
23:45:03 | INFO: Primitives created: 1
23:45:03 | INFO: Extracting primitive: Mesh_868
23:45:03 | INFO: Primitives created: 1
23:45:03 | INFO: Extracting primitive: Mesh_869
23:45:03 | INFO: Primitives created: 1
23:45:03 | INFO: Extracting primitive: Mesh_870
23:45:03 | INFO: Primitives created: 1
23:45:03 | INFO: Extracting primitive: Mesh_871
23:45:03 | INFO: Primitives created: 1
23:45:03 | INFO: Extracting primitive: Mesh_872
23:45:03 | INFO: Primitives created: 1
23:45:03 | INFO: Extracting primitive: Mesh_873
23:45:03 | INFO: Primitives created: 1
23:45:03 | INFO: Extracting primitive: Mesh_874
23:45:03 | INFO: Primitives created: 1
23:45:03 | INFO: Extracting primitive: Mesh_875
23:45:03 | INFO: Primitives created: 1
23:45:03 | INFO: Extracting primitive: Mesh_876
23:45:03 | INFO: Primitives created: 1
23:45:03 | INFO: Extracting primitive: Mesh_877
23:45:03 | INFO: Primitives created: 1
23:45:03 | INFO: Extracting primitive: Mesh_878
23:45:03 | INFO: Primitives created: 1
23:45:03 | INFO: Extracting primitive: Mesh_879
23:45:03 | INFO: Primitives created: 1
23:45:03 | INFO: Extracting primitive: Mesh_880
23:45:03 | INFO: Primitives created: 1
23:45:03 | INFO: Extracting primitive: Mesh_881
23:45:03 | INFO: Primitives created: 1
23:45:03 | INFO: Extracting primitive: Mesh_882
23:45:03 | INFO: Primitives created: 1
23:45:03 | INFO: Extracting primitive: Mesh_883
23:45:03 | INFO: Primitives created: 1
23:45:03 | INFO: Extracting primitive: Mesh_884
23:45:03 | INFO: Primitives created: 1
23:45:03 | INFO: Extracting primitive: Mesh_885
23:45:03 | INFO: Primitives created: 1
23:45:03 | INFO: Extracting primitive: Mesh_886
23:45:03 | INFO: Primitives created: 1
23:45:03 | INFO: Extracting primitive: Mesh_887
23:45:03 | INFO: Primitives created: 1
23:45:03 | INFO: Extracting primitive: Mesh_888
23:45:03 | INFO: Primitives created: 1
23:45:03 | INFO: Extracting primitive: Mesh_889
23:45:03 | INFO: Primitives created: 1
23:45:03 | INFO: Extracting primitive: Mesh_890
23:45:03 | INFO: Primitives created: 1
23:45:03 | INFO: Extracting primitive: Mesh_891
23:45:03 | INFO: Primitives created: 1
23:45:03 | INFO: Extracting primitive: Mesh_892
23:45:03 | INFO: Primitives created: 1
23:45:03 | INFO: Extracting primitive: Mesh_893
23:45:03 | INFO: Primitives created: 1
23:45:03 | INFO: Extracting primitive: Mesh_894
23:45:03 | INFO: Primitives created: 1
23:45:03 | INFO: Extracting primitive: Mesh_895
23:45:03 | INFO: Primitives created: 1
23:45:03 | INFO: Extracting primitive: Mesh_896
23:45:03 | INFO: Primitives created: 1
23:45:03 | INFO: Extracting primitive: Mesh_897
23:45:03 | INFO: Primitives created: 1
23:45:03 | INFO: Extracting primitive: Mesh_898
23:45:03 | INFO: Primitives created: 1
23:45:03 | INFO: Extracting primitive: Mesh_899
23:45:03 | INFO: Primitives created: 1
23:45:03 | INFO: Extracting primitive: Mesh_900
23:45:03 | INFO: Primitives created: 1
23:45:03 | INFO: Extracting primitive: Mesh_901
23:45:03 | INFO: Primitives created: 1
23:45:03 | INFO: Extracting primitive: Mesh_902
23:45:03 | INFO: Primitives created: 1
23:45:03 | INFO: Extracting primitive: Mesh_903
23:45:03 | INFO: Primitives created: 1
23:45:03 | INFO: Extracting primitive: Mesh_904
23:45:03 | INFO: Primitives created: 1
23:45:03 | INFO: Extracting primitive: Mesh_905
23:45:03 | INFO: Primitives created: 1
23:45:03 | INFO: Extracting primitive: Mesh_906
23:45:03 | INFO: Primitives created: 1
23:45:03 | INFO: Extracting primitive: Mesh_907
23:45:03 | INFO: Primitives created: 1
23:45:03 | INFO: Extracting primitive: Mesh_908
23:45:03 | INFO: Primitives created: 1
23:45:03 | INFO: Extracting primitive: Mesh_909
23:45:03 | INFO: Primitives created: 1
23:45:03 | INFO: Extracting primitive: Mesh_910
23:45:03 | INFO: Primitives created: 1
23:45:03 | INFO: Extracting primitive: Mesh_911
23:45:03 | INFO: Primitives created: 1
23:45:03 | INFO: Extracting primitive: Mesh_912
23:45:03 | INFO: Primitives created: 1
23:45:03 | INFO: Extracting primitive: Mesh_913
23:45:03 | INFO: Primitives created: 1
23:45:03 | INFO: Extracting primitive: Mesh_914
23:45:03 | INFO: Primitives created: 1
23:45:03 | INFO: Extracting primitive: Mesh_915
23:45:03 | INFO: Primitives created: 1
23:45:03 | INFO: Extracting primitive: Mesh_916
23:45:03 | INFO: Primitives created: 1
23:45:03 | INFO: Extracting primitive: Mesh_917
23:45:03 | INFO: Primitives created: 1
23:45:03 | INFO: Extracting primitive: Mesh_918
23:45:03 | INFO: Primitives created: 1
23:45:03 | INFO: Extracting primitive: Mesh_919
23:45:03 | INFO: Primitives created: 1
23:45:03 | INFO: Extracting primitive: Mesh_920
23:45:03 | INFO: Primitives created: 1
23:45:03 | INFO: Extracting primitive: Mesh_921
23:45:03 | INFO: Primitives created: 1
23:45:03 | INFO: Extracting primitive: Mesh_922
23:45:03 | INFO: Primitives created: 1
23:45:03 | INFO: Extracting primitive: Mesh_923
23:45:03 | INFO: Primitives created: 1
23:45:03 | INFO: Extracting primitive: Mesh_924
23:45:03 | INFO: Primitives created: 1
23:45:03 | INFO: Extracting primitive: Mesh_925
23:45:03 | INFO: Primitives created: 1
23:45:03 | INFO: Extracting primitive: Mesh_926
23:45:03 | INFO: Primitives created: 1
23:45:03 | INFO: Extracting primitive: Mesh_927
23:45:03 | INFO: Primitives created: 1
23:45:03 | INFO: Extracting primitive: Mesh_928
23:45:03 | INFO: Primitives created: 1
23:45:03 | INFO: Extracting primitive: Mesh_929
23:45:03 | INFO: Primitives created: 1
23:45:03 | INFO: Extracting primitive: Mesh_930
23:45:03 | INFO: Primitives created: 1
23:45:03 | INFO: Extracting primitive: Mesh_931
23:45:03 | INFO: Primitives created: 1
23:45:03 | INFO: Extracting primitive: Mesh_932
23:45:03 | INFO: Primitives created: 1
23:45:03 | INFO: Extracting primitive: Mesh_933
23:45:03 | INFO: Primitives created: 1
23:45:03 | INFO: Extracting primitive: Mesh_934
23:45:03 | INFO: Primitives created: 1
23:45:03 | INFO: Extracting primitive: Mesh_935
23:45:03 | INFO: Primitives created: 1
23:45:03 | INFO: Extracting primitive: Mesh_936
23:45:03 | INFO: Primitives created: 1
23:45:03 | INFO: Extracting primitive: Mesh_937
23:45:03 | INFO: Primitives created: 1
23:45:03 | INFO: Extracting primitive: Mesh_938
23:45:03 | INFO: Primitives created: 1
23:45:03 | INFO: Extracting primitive: Mesh_939
23:45:03 | INFO: Primitives created: 1
23:45:03 | INFO: Extracting primitive: Mesh_940
23:45:03 | INFO: Primitives created: 1
23:45:03 | INFO: Extracting primitive: Mesh_941
23:45:03 | INFO: Primitives created: 1
23:45:03 | INFO: Extracting primitive: Mesh_942
23:45:03 | INFO: Primitives created: 1
23:45:03 | INFO: Extracting primitive: Mesh_943
23:45:03 | INFO: Primitives created: 1
23:45:03 | INFO: Extracting primitive: Mesh_944
23:45:03 | INFO: Primitives created: 1
23:45:03 | INFO: Extracting primitive: Mesh_945
23:45:03 | INFO: Primitives created: 1
23:45:03 | INFO: Extracting primitive: Mesh_946
23:45:03 | INFO: Primitives created: 1
23:45:03 | INFO: Extracting primitive: Mesh_947
23:45:03 | INFO: Primitives created: 1
23:45:03 | INFO: Extracting primitive: Mesh_948
23:45:03 | INFO: Primitives created: 1
23:45:03 | INFO: Extracting primitive: Mesh_949
23:45:03 | INFO: Primitives created: 1
23:45:03 | INFO: Extracting primitive: Mesh_950
23:45:03 | INFO: Primitives created: 1
23:45:03 | INFO: Extracting primitive: Mesh_951
23:45:03 | INFO: Primitives created: 1
23:45:03 | INFO: Extracting primitive: Mesh_952
23:45:03 | INFO: Primitives created: 1
23:45:03 | INFO: Extracting primitive: Mesh_953
23:45:03 | INFO: Primitives created: 1
23:45:03 | INFO: Extracting primitive: Mesh_954
23:45:03 | INFO: Primitives created: 1
23:45:03 | INFO: Extracting primitive: Mesh_955
23:45:03 | INFO: Primitives created: 1
23:45:03 | INFO: Extracting primitive: Mesh_956
23:45:03 | INFO: Primitives created: 1
23:45:03 | INFO: Extracting primitive: Mesh_957
23:45:03 | INFO: Primitives created: 1
23:45:03 | INFO: Extracting primitive: Mesh_958
23:45:03 | INFO: Primitives created: 1
23:45:03 | INFO: Extracting primitive: Mesh_959
23:45:03 | INFO: Primitives created: 1
23:45:03 | INFO: Extracting primitive: Mesh_960
23:45:03 | INFO: Primitives created: 1
23:45:03 | INFO: Extracting primitive: Mesh_961
23:45:03 | INFO: Primitives created: 1
23:45:03 | INFO: Extracting primitive: Mesh_962
23:45:03 | INFO: Primitives created: 1
23:45:03 | INFO: Extracting primitive: Mesh_963
23:45:03 | INFO: Primitives created: 1
23:45:03 | INFO: Extracting primitive: Mesh_964
23:45:03 | INFO: Primitives created: 1
23:45:03 | INFO: Extracting primitive: Mesh_965
23:45:03 | INFO: Primitives created: 1
23:45:03 | INFO: Extracting primitive: Mesh_966
23:45:03 | INFO: Primitives created: 1
23:45:03 | INFO: Extracting primitive: Mesh_967
23:45:03 | INFO: Primitives created: 1
23:45:03 | INFO: Extracting primitive: Mesh_968
23:45:03 | INFO: Primitives created: 1
23:45:03 | INFO: Extracting primitive: Mesh_969
23:45:03 | INFO: Primitives created: 1
23:45:03 | INFO: Extracting primitive: Mesh_970
23:45:03 | INFO: Primitives created: 1
23:45:03 | INFO: Extracting primitive: Mesh_971
23:45:03 | INFO: Primitives created: 1
23:45:03 | INFO: Extracting primitive: Mesh_972
23:45:03 | INFO: Primitives created: 1
23:45:03 | INFO: Extracting primitive: Mesh_973
23:45:03 | INFO: Primitives created: 1
23:45:03 | INFO: Extracting primitive: Mesh_974
23:45:03 | INFO: Primitives created: 1
23:45:03 | INFO: Extracting primitive: Mesh_975
23:45:03 | INFO: Primitives created: 1
23:45:03 | INFO: Extracting primitive: Mesh_976
23:45:03 | INFO: Primitives created: 1
23:45:03 | INFO: Extracting primitive: Mesh_977
23:45:03 | INFO: Primitives created: 1
23:45:03 | INFO: Extracting primitive: Mesh_978
23:45:03 | INFO: Primitives created: 1
23:45:03 | INFO: Extracting primitive: Mesh_979
23:45:03 | INFO: Primitives created: 1
23:45:03 | INFO: Extracting primitive: Mesh_980
23:45:03 | INFO: Primitives created: 1
23:45:03 | INFO: Extracting primitive: Mesh_981
23:45:03 | INFO: Primitives created: 1
23:45:03 | INFO: Extracting primitive: Mesh_982
23:45:03 | INFO: Primitives created: 1
23:45:03 | INFO: Extracting primitive: Mesh_983
23:45:03 | INFO: Primitives created: 1
23:45:03 | INFO: Extracting primitive: Mesh_984
23:45:03 | INFO: Primitives created: 1
23:45:03 | INFO: Extracting primitive: Mesh_985
23:45:03 | INFO: Primitives created: 1
23:45:03 | INFO: Extracting primitive: Mesh_986
23:45:03 | INFO: Primitives created: 1
23:45:03 | INFO: Extracting primitive: Mesh_987
23:45:03 | INFO: Primitives created: 1
23:45:03 | INFO: Extracting primitive: Mesh_988
23:45:03 | INFO: Primitives created: 1
23:45:03 | INFO: Extracting primitive: Mesh_989
23:45:03 | INFO: Primitives created: 1
23:45:03 | INFO: Extracting primitive: Mesh_990
23:45:03 | INFO: Primitives created: 1
23:45:03 | INFO: Extracting primitive: Mesh_991
23:45:03 | INFO: Primitives created: 1
23:45:03 | INFO: Extracting primitive: Mesh_992
23:45:03 | INFO: Primitives created: 1
23:45:03 | INFO: Extracting primitive: Mesh_993
23:45:03 | INFO: Primitives created: 1
23:45:03 | INFO: Extracting primitive: Mesh_994
23:45:03 | INFO: Primitives created: 1
23:45:03 | INFO: Extracting primitive: Mesh_995
23:45:03 | INFO: Primitives created: 1
23:45:03 | INFO: Extracting primitive: Mesh_996
23:45:03 | INFO: Primitives created: 1
23:45:03 | INFO: Extracting primitive: Mesh_997
23:45:03 | INFO: Primitives created: 1
23:45:03 | INFO: Extracting primitive: Mesh_998
23:45:03 | INFO: Primitives created: 1
23:45:03 | INFO: Extracting primitive: Mesh_999
23:45:03 | INFO: Primitives created: 1
23:45:03 | INFO: Extracting primitive: Mesh_1000
23:45:03 | INFO: Primitives created: 1
23:45:03 | INFO: Extracting primitive: Mesh_1001
23:45:03 | INFO: Primitives created: 1
23:45:03 | INFO: Extracting primitive: Mesh_1002
23:45:03 | INFO: Primitives created: 1
23:45:03 | INFO: Extracting primitive: Mesh_1003
23:45:03 | INFO: Primitives created: 1
23:45:03 | INFO: Extracting primitive: Mesh_1004
23:45:03 | INFO: Primitives created: 1
23:45:03 | INFO: Extracting primitive: Mesh_1005
23:45:03 | INFO: Primitives created: 1
23:45:03 | INFO: Extracting primitive: Mesh_1006
23:45:03 | INFO: Primitives created: 1
23:45:03 | INFO: Extracting primitive: Mesh_1007
23:45:03 | INFO: Primitives created: 1
23:45:03 | INFO: Extracting primitive: Mesh_1008
23:45:03 | INFO: Primitives created: 1
23:45:03 | INFO: Extracting primitive: Mesh_1009
23:45:03 | INFO: Primitives created: 1
23:45:03 | INFO: Extracting primitive: Mesh_1010
23:45:03 | INFO: Primitives created: 1
23:45:03 | INFO: Extracting primitive: Mesh_1011
23:45:03 | INFO: Primitives created: 1
23:45:03 | INFO: Extracting primitive: Mesh_1012
23:45:03 | INFO: Primitives created: 1
23:45:03 | INFO: Extracting primitive: Mesh_1013
23:45:03 | INFO: Primitives created: 1
23:45:03 | INFO: Extracting primitive: Mesh_1014
23:45:03 | INFO: Primitives created: 1
23:45:03 | INFO: Extracting primitive: Mesh_1015
23:45:03 | INFO: Primitives created: 1
23:45:03 | INFO: Extracting primitive: Mesh_1016
23:45:03 | INFO: Primitives created: 1
23:45:03 | INFO: Extracting primitive: Mesh_1017
23:45:03 | INFO: Primitives created: 1
23:45:03 | INFO: Extracting primitive: Mesh_1018
23:45:03 | INFO: Primitives created: 1
23:45:03 | INFO: Extracting primitive: Mesh_1019
23:45:03 | INFO: Primitives created: 1
23:45:03 | INFO: Extracting primitive: Mesh_1020
23:45:03 | INFO: Primitives created: 1
23:45:03 | INFO: Extracting primitive: Mesh_1021
23:45:03 | INFO: Primitives created: 1
23:45:03 | INFO: Extracting primitive: Mesh_1022
23:45:03 | INFO: Primitives created: 1
23:45:03 | INFO: Extracting primitive: Mesh_1023
23:45:03 | INFO: Primitives created: 1
23:45:03 | INFO: Extracting primitive: Mesh_1024
23:45:03 | INFO: Primitives created: 1
23:45:03 | INFO: Extracting primitive: Mesh_1025
23:45:03 | INFO: Primitives created: 1
23:45:03 | INFO: Extracting primitive: Mesh_1026
23:45:03 | INFO: Primitives created: 1
23:45:03 | INFO: Extracting primitive: Mesh_1027
23:45:03 | INFO: Primitives created: 1
23:45:03 | INFO: Extracting primitive: Mesh_1028
23:45:03 | INFO: Primitives created: 1
23:45:03 | INFO: Extracting primitive: Mesh_1029
23:45:03 | INFO: Primitives created: 1
23:45:03 | INFO: Extracting primitive: Mesh_1030
23:45:03 | INFO: Primitives created: 1
23:45:03 | INFO: Extracting primitive: Mesh_1031
23:45:03 | INFO: Primitives created: 1
23:45:03 | INFO: Extracting primitive: Mesh_1032
23:45:03 | INFO: Primitives created: 1
23:45:03 | INFO: Extracting primitive: Mesh_1033
23:45:03 | INFO: Primitives created: 1
23:45:03 | INFO: Extracting primitive: Mesh_1034
23:45:03 | INFO: Primitives created: 1
23:45:03 | INFO: Extracting primitive: Mesh_1035
23:45:03 | INFO: Primitives created: 1
23:45:03 | INFO: Extracting primitive: Mesh_1036
23:45:03 | INFO: Primitives created: 1
23:45:03 | INFO: Extracting primitive: Mesh_1037
23:45:03 | INFO: Primitives created: 1
23:45:03 | INFO: Extracting primitive: Mesh_1038
23:45:03 | INFO: Primitives created: 1
23:45:03 | INFO: Extracting primitive: Mesh_1039
23:45:03 | INFO: Primitives created: 1
23:45:03 | INFO: Extracting primitive: Mesh_1040
23:45:03 | INFO: Primitives created: 1
23:45:03 | INFO: Extracting primitive: Mesh_1041
23:45:03 | INFO: Primitives created: 1
23:45:03 | INFO: Extracting primitive: Mesh_1042
23:45:03 | INFO: Primitives created: 1
23:45:03 | INFO: Extracting primitive: Mesh_1043
23:45:03 | INFO: Primitives created: 1
23:45:03 | INFO: Extracting primitive: Mesh_1044
23:45:03 | INFO: Primitives created: 1
23:45:03 | INFO: Extracting primitive: Mesh_1045
23:45:03 | INFO: Primitives created: 1
23:45:03 | INFO: Extracting primitive: Mesh_1046
23:45:03 | INFO: Primitives created: 1
23:45:03 | INFO: Extracting primitive: Mesh_1047
23:45:03 | INFO: Primitives created: 1
23:45:03 | INFO: Extracting primitive: Mesh_1048
23:45:03 | INFO: Primitives created: 1
23:45:03 | INFO: Extracting primitive: Mesh_1049
23:45:03 | INFO: Primitives created: 1
23:45:03 | INFO: Extracting primitive: Mesh_1050
23:45:03 | INFO: Primitives created: 1
23:45:03 | INFO: Extracting primitive: Mesh_1051
23:45:03 | INFO: Primitives created: 1
23:45:03 | INFO: Extracting primitive: Mesh_1052
23:45:03 | INFO: Primitives created: 1
23:45:03 | INFO: Extracting primitive: Mesh_1053
23:45:03 | INFO: Primitives created: 1
23:45:03 | INFO: Extracting primitive: Mesh_1054
23:45:03 | INFO: Primitives created: 1
23:45:03 | INFO: Extracting primitive: Mesh_1055
23:45:03 | INFO: Primitives created: 1
23:45:03 | INFO: Extracting primitive: Mesh_1056
23:45:03 | INFO: Primitives created: 1
23:45:03 | INFO: Extracting primitive: Mesh_1057
23:45:03 | INFO: Primitives created: 1
23:45:03 | INFO: Extracting primitive: Mesh_1058
23:45:03 | INFO: Primitives created: 1
23:45:03 | INFO: Extracting primitive: Mesh_1059
23:45:03 | INFO: Primitives created: 1
23:45:03 | INFO: Extracting primitive: Mesh_1060
23:45:03 | INFO: Primitives created: 1
23:45:03 | INFO: Extracting primitive: Mesh_1061
23:45:03 | INFO: Primitives created: 1
23:45:03 | INFO: Extracting primitive: Mesh_1062
23:45:03 | INFO: Primitives created: 1
23:45:03 | INFO: Extracting primitive: Mesh_1063
23:45:03 | INFO: Primitives created: 1
23:45:03 | INFO: Extracting primitive: Mesh_1064
23:45:03 | INFO: Primitives created: 1
23:45:03 | INFO: Extracting primitive: Mesh_1065
23:45:03 | INFO: Primitives created: 1
23:45:03 | INFO: Extracting primitive: Mesh_1066
23:45:03 | INFO: Primitives created: 1
23:45:03 | INFO: Extracting primitive: Mesh_1067
23:45:03 | INFO: Primitives created: 1
23:45:03 | INFO: Extracting primitive: Mesh_1068
23:45:03 | INFO: Primitives created: 1
23:45:03 | INFO: Extracting primitive: Mesh_1069
23:45:03 | INFO: Primitives created: 1
23:45:03 | INFO: Extracting primitive: Mesh_1070
23:45:03 | INFO: Primitives created: 1
23:45:03 | INFO: Extracting primitive: Mesh_1071
23:45:03 | INFO: Primitives created: 1
23:45:03 | INFO: Extracting primitive: Mesh_1072
23:45:03 | INFO: Primitives created: 1
23:45:03 | INFO: Extracting primitive: Mesh_1073
23:45:03 | INFO: Primitives created: 1
23:45:03 | INFO: Extracting primitive: Mesh_1074
23:45:03 | INFO: Primitives created: 1
23:45:03 | INFO: Extracting primitive: Mesh_1075
23:45:03 | INFO: Primitives created: 1
23:45:03 | INFO: Extracting primitive: Mesh_1076
23:45:03 | INFO: Primitives created: 1
23:45:03 | INFO: Extracting primitive: Mesh_1077
23:45:03 | INFO: Primitives created: 1
23:45:03 | INFO: Extracting primitive: Mesh_1078
23:45:03 | INFO: Primitives created: 1
23:45:03 | INFO: Extracting primitive: Mesh_1079
23:45:03 | INFO: Primitives created: 1
23:45:03 | INFO: Extracting primitive: Mesh_1080
23:45:03 | INFO: Primitives created: 1
23:45:03 | INFO: Extracting primitive: Mesh_1081
23:45:03 | INFO: Primitives created: 1
23:45:03 | INFO: Extracting primitive: Mesh_1082
23:45:03 | INFO: Primitives created: 1
23:45:03 | INFO: Extracting primitive: Mesh_1083
23:45:03 | INFO: Primitives created: 1
23:45:03 | INFO: Extracting primitive: Mesh_1084
23:45:03 | INFO: Primitives created: 1
23:45:03 | INFO: Extracting primitive: Mesh_1085
23:45:03 | INFO: Primitives created: 1
23:45:03 | INFO: Extracting primitive: Mesh_1086
23:45:03 | INFO: Primitives created: 1
23:45:03 | INFO: Extracting primitive: Mesh_1087
23:45:03 | INFO: Primitives created: 1
23:45:03 | INFO: Extracting primitive: Mesh_1088
23:45:03 | INFO: Primitives created: 1
23:45:03 | INFO: Extracting primitive: Mesh_1089
23:45:03 | INFO: Primitives created: 1
23:45:03 | INFO: Extracting primitive: Mesh_1090
23:45:03 | INFO: Primitives created: 1
23:45:03 | INFO: Extracting primitive: Mesh_1091
23:45:03 | INFO: Primitives created: 1
23:45:03 | INFO: Extracting primitive: Mesh_1092
23:45:03 | INFO: Primitives created: 1
23:45:03 | INFO: Extracting primitive: Mesh_1093
23:45:03 | INFO: Primitives created: 1
23:45:03 | INFO: Extracting primitive: Mesh_1094
23:45:03 | INFO: Primitives created: 1
23:45:03 | INFO: Extracting primitive: Mesh_1095
23:45:03 | INFO: Primitives created: 1
23:45:03 | INFO: Extracting primitive: Mesh_1096
23:45:03 | INFO: Primitives created: 1
23:45:03 | INFO: Extracting primitive: Mesh_1097
23:45:03 | INFO: Primitives created: 1
23:45:03 | INFO: Extracting primitive: Mesh_1098
23:45:03 | INFO: Primitives created: 1
23:45:03 | INFO: Extracting primitive: Mesh_1099
23:45:03 | INFO: Primitives created: 1
23:45:03 | INFO: Extracting primitive: Mesh_1100
23:45:03 | INFO: Primitives created: 1
23:45:03 | INFO: Extracting primitive: Mesh_1101
23:45:03 | INFO: Primitives created: 1
23:45:03 | INFO: Extracting primitive: Mesh_1102
23:45:03 | INFO: Primitives created: 1
23:45:03 | INFO: Extracting primitive: Mesh_1103
23:45:03 | INFO: Primitives created: 1
23:45:03 | INFO: Extracting primitive: Mesh_1104
23:45:03 | INFO: Primitives created: 1
23:45:03 | INFO: Extracting primitive: Mesh_1105
23:45:03 | INFO: Primitives created: 1
23:45:03 | INFO: Extracting primitive: Mesh_1106
23:45:03 | INFO: Primitives created: 1
23:45:03 | INFO: Extracting primitive: Mesh_1107
23:45:03 | INFO: Primitives created: 1
23:45:03 | INFO: Extracting primitive: Mesh_1108
23:45:03 | INFO: Primitives created: 1
23:45:03 | INFO: Extracting primitive: Mesh_1109
23:45:03 | INFO: Primitives created: 1
23:45:03 | INFO: Extracting primitive: Mesh_1110
23:45:03 | INFO: Primitives created: 1
23:45:03 | INFO: Extracting primitive: Mesh_1111
23:45:03 | INFO: Primitives created: 1
23:45:03 | INFO: Extracting primitive: Mesh_1112
23:45:03 | INFO: Primitives created: 1
23:45:03 | INFO: Extracting primitive: Mesh_1113
23:45:03 | INFO: Primitives created: 1
23:45:03 | INFO: Extracting primitive: Mesh_1114
23:45:03 | INFO: Primitives created: 1
23:45:03 | INFO: Extracting primitive: Mesh_1115
23:45:03 | INFO: Primitives created: 1
23:45:03 | INFO: Extracting primitive: Mesh_1116
23:45:03 | INFO: Primitives created: 1
23:45:03 | INFO: Extracting primitive: Mesh_1117
23:45:03 | INFO: Primitives created: 1
23:45:03 | INFO: Extracting primitive: Mesh_1118
23:45:03 | INFO: Primitives created: 1
23:45:03 | INFO: Extracting primitive: Mesh_1119
23:45:03 | INFO: Primitives created: 1
23:45:03 | INFO: Extracting primitive: Mesh_1120
23:45:03 | INFO: Primitives created: 1
23:45:03 | INFO: Extracting primitive: Mesh_1121
23:45:03 | INFO: Primitives created: 1
23:45:03 | INFO: Extracting primitive: Mesh_1122
23:45:03 | INFO: Primitives created: 1
23:45:03 | INFO: Extracting primitive: Mesh_1123
23:45:03 | INFO: Primitives created: 1
23:45:03 | INFO: Extracting primitive: Mesh_1124
23:45:03 | INFO: Primitives created: 1
23:45:03 | INFO: Extracting primitive: Mesh_1125
23:45:03 | INFO: Primitives created: 1
23:45:03 | INFO: Extracting primitive: Mesh_1126
23:45:03 | INFO: Primitives created: 1
23:45:03 | INFO: Extracting primitive: Mesh_1127
23:45:03 | INFO: Primitives created: 1
23:45:03 | INFO: Extracting primitive: Mesh_1128
23:45:03 | INFO: Primitives created: 1
23:45:03 | INFO: Extracting primitive: Mesh_1129
23:45:03 | INFO: Primitives created: 1
23:45:03 | INFO: Extracting primitive: Mesh_1130
23:45:03 | INFO: Primitives created: 1
23:45:03 | INFO: Extracting primitive: Mesh_1131
23:45:03 | INFO: Primitives created: 1
23:45:03 | INFO: Extracting primitive: Mesh_1132
23:45:03 | INFO: Primitives created: 1
23:45:03 | INFO: Extracting primitive: Mesh_1133
23:45:03 | INFO: Primitives created: 1
23:45:03 | INFO: Extracting primitive: Mesh_1134
23:45:03 | INFO: Primitives created: 1
23:45:03 | INFO: Extracting primitive: Mesh_1135
23:45:03 | INFO: Primitives created: 1
23:45:03 | INFO: Extracting primitive: Mesh_1136
23:45:03 | INFO: Primitives created: 1
23:45:03 | INFO: Extracting primitive: Mesh_1137
23:45:03 | INFO: Primitives created: 1
23:45:03 | INFO: Extracting primitive: Mesh_1138
23:45:03 | INFO: Primitives created: 1
23:45:03 | INFO: Extracting primitive: Mesh_1139
23:45:03 | INFO: Primitives created: 1
23:45:03 | INFO: Extracting primitive: Mesh_1140
23:45:03 | INFO: Primitives created: 1
23:45:03 | INFO: Extracting primitive: Mesh_1141
23:45:03 | INFO: Primitives created: 1
23:45:03 | INFO: Extracting primitive: Mesh_1142
23:45:03 | INFO: Primitives created: 1
23:45:03 | INFO: Extracting primitive: Mesh_1143
23:45:03 | INFO: Primitives created: 1
23:45:03 | INFO: Extracting primitive: Mesh_1144
23:45:03 | INFO: Primitives created: 1
23:45:03 | INFO: Extracting primitive: Mesh_1145
23:45:03 | INFO: Primitives created: 1
23:45:03 | INFO: Extracting primitive: Mesh_1146
23:45:03 | INFO: Primitives created: 1
23:45:03 | INFO: Extracting primitive: Mesh_1147
23:45:03 | INFO: Primitives created: 1
23:45:03 | INFO: Extracting primitive: Mesh_1148
23:45:03 | INFO: Primitives created: 1
23:45:03 | INFO: Extracting primitive: Mesh_1149
23:45:03 | INFO: Primitives created: 1
23:45:03 | INFO: Extracting primitive: Mesh_1150
23:45:03 | INFO: Primitives created: 1
23:45:03 | INFO: Extracting primitive: Mesh_1151
23:45:03 | INFO: Primitives created: 1
23:45:03 | INFO: Extracting primitive: Mesh_1152
23:45:03 | INFO: Primitives created: 1
23:45:03 | INFO: Extracting primitive: Mesh_1153
23:45:03 | INFO: Primitives created: 1
23:45:03 | INFO: Extracting primitive: Mesh_1154
23:45:03 | INFO: Primitives created: 1
23:45:03 | INFO: Extracting primitive: Mesh_1155
23:45:03 | INFO: Primitives created: 1
23:45:03 | INFO: Extracting primitive: Mesh_1156
23:45:03 | INFO: Primitives created: 1
23:45:03 | INFO: Extracting primitive: Mesh_1157
23:45:03 | INFO: Primitives created: 1
23:45:03 | INFO: Extracting primitive: Mesh_1158
23:45:03 | INFO: Primitives created: 1
23:45:03 | INFO: Extracting primitive: Mesh_1159
23:45:03 | INFO: Primitives created: 1
23:45:03 | INFO: Extracting primitive: Mesh_1160
23:45:03 | INFO: Primitives created: 1
23:45:03 | INFO: Extracting primitive: Mesh_1161
23:45:03 | INFO: Primitives created: 1
23:45:03 | INFO: Extracting primitive: Mesh_1162
23:45:03 | INFO: Primitives created: 1
23:45:03 | INFO: Extracting primitive: Mesh_1163
23:45:03 | INFO: Primitives created: 1
23:45:03 | INFO: Extracting primitive: Mesh_1164
23:45:03 | INFO: Primitives created: 1
23:45:03 | INFO: Extracting primitive: Mesh_1165
23:45:03 | INFO: Primitives created: 1
23:45:03 | INFO: Extracting primitive: Mesh_1166
23:45:03 | INFO: Primitives created: 1
23:45:03 | INFO: Extracting primitive: Mesh_1167
23:45:03 | INFO: Primitives created: 1
23:45:03 | INFO: Extracting primitive: Mesh_1168
23:45:03 | INFO: Primitives created: 1
23:45:03 | INFO: Extracting primitive: Mesh_1169
23:45:03 | INFO: Primitives created: 1
23:45:03 | INFO: Extracting primitive: Mesh_1170
23:45:03 | INFO: Primitives created: 1
23:45:03 | INFO: Extracting primitive: Mesh_1171
23:45:03 | INFO: Primitives created: 1
23:45:03 | INFO: Extracting primitive: Mesh_1172
23:45:03 | INFO: Primitives created: 1
23:45:03 | INFO: Extracting primitive: Mesh_1173
23:45:03 | INFO: Primitives created: 1
23:45:03 | INFO: Extracting primitive: Mesh_1174
23:45:03 | INFO: Primitives created: 1
23:45:03 | INFO: Extracting primitive: Mesh_1175
23:45:03 | INFO: Primitives created: 1
23:45:03 | INFO: Extracting primitive: Mesh_1176
23:45:03 | INFO: Primitives created: 1
23:45:03 | INFO: Extracting primitive: Mesh_1177
23:45:03 | INFO: Primitives created: 1
23:45:03 | INFO: Extracting primitive: Mesh_1178
23:45:03 | INFO: Primitives created: 1
23:45:03 | INFO: Extracting primitive: Mesh_1179
23:45:03 | INFO: Primitives created: 1
23:45:03 | INFO: Extracting primitive: Mesh_1180
23:45:03 | INFO: Primitives created: 1
23:45:03 | INFO: Extracting primitive: Mesh_1181
23:45:03 | INFO: Primitives created: 1
23:45:04 | INFO: Extracting primitive: Mesh_1182
23:45:04 | INFO: Primitives created: 1
23:45:04 | INFO: Extracting primitive: Mesh_1183
23:45:04 | INFO: Primitives created: 1
23:45:04 | INFO: Extracting primitive: Mesh_1184
23:45:04 | INFO: Primitives created: 1
23:45:04 | INFO: Extracting primitive: Mesh_1185
23:45:04 | INFO: Primitives created: 1
23:45:04 | INFO: Extracting primitive: Mesh_1186
23:45:04 | INFO: Primitives created: 1
23:45:04 | INFO: Extracting primitive: Mesh_1187
23:45:04 | INFO: Primitives created: 1
23:45:04 | INFO: Extracting primitive: Mesh_1189
23:45:04 | INFO: Primitives created: 1
23:45:04 | INFO: Extracting primitive: Mesh_1190
23:45:04 | INFO: Primitives created: 1
23:45:04 | INFO: Extracting primitive: Mesh_1191
23:45:04 | INFO: Primitives created: 1
23:45:04 | INFO: Extracting primitive: Mesh_1192
23:45:04 | INFO: Primitives created: 1
23:45:04 | INFO: Extracting primitive: Mesh_1193
23:45:04 | INFO: Primitives created: 1
23:45:04 | INFO: Extracting primitive: Mesh_1194
23:45:04 | INFO: Primitives created: 1
23:45:04 | INFO: Extracting primitive: Mesh_1195
23:45:04 | INFO: Primitives created: 1
23:45:04 | INFO: Extracting primitive: Mesh_1196
23:45:04 | INFO: Primitives created: 1
23:45:04 | INFO: Extracting primitive: Mesh_1197
23:45:04 | INFO: Primitives created: 1
23:45:04 | INFO: Extracting primitive: Mesh_1198
23:45:04 | INFO: Primitives created: 1
23:45:04 | INFO: Extracting primitive: Mesh_1199
23:45:04 | INFO: Primitives created: 1
23:45:04 | INFO: Extracting primitive: Mesh_1200
23:45:04 | INFO: Primitives created: 1
23:45:04 | INFO: Extracting primitive: Mesh_1201
23:45:04 | INFO: Primitives created: 1
23:45:04 | INFO: Extracting primitive: Mesh_1202
23:45:04 | INFO: Primitives created: 1
23:45:04 | INFO: Extracting primitive: Mesh_1203
23:45:04 | INFO: Primitives created: 1
23:45:04 | INFO: Extracting primitive: Mesh_1204
23:45:04 | INFO: Primitives created: 1
23:45:04 | INFO: Extracting primitive: Mesh_1205
23:45:04 | INFO: Primitives created: 1
23:45:04 | INFO: Extracting primitive: Mesh_1206
23:45:04 | INFO: Primitives created: 1
23:45:04 | INFO: Extracting primitive: Mesh_1207
23:45:04 | INFO: Primitives created: 1
23:45:04 | INFO: Extracting primitive: Mesh_1208
23:45:04 | INFO: Primitives created: 1
23:45:04 | INFO: Extracting primitive: Mesh_1209
23:45:04 | INFO: Primitives created: 1
23:45:04 | INFO: Extracting primitive: Mesh_1210
23:45:04 | INFO: Primitives created: 1
23:45:04 | INFO: Extracting primitive: Mesh_1211
23:45:04 | INFO: Primitives created: 1
23:45:04 | INFO: Extracting primitive: Mesh_1212
23:45:04 | INFO: Primitives created: 1
23:45:04 | INFO: Extracting primitive: Mesh_1213
23:45:04 | INFO: Primitives created: 1
23:45:04 | INFO: Extracting primitive: Mesh_1214
23:45:04 | INFO: Primitives created: 1
23:45:04 | INFO: Extracting primitive: Mesh_1215
23:45:04 | INFO: Primitives created: 1
23:45:04 | INFO: Extracting primitive: Mesh_1216
23:45:04 | INFO: Primitives created: 1
23:45:04 | INFO: Extracting primitive: Mesh_1217
23:45:04 | INFO: Primitives created: 1
23:45:04 | INFO: Extracting primitive: Mesh_1218
23:45:04 | INFO: Primitives created: 1
23:45:04 | INFO: Extracting primitive: Mesh_1219
23:45:04 | INFO: Primitives created: 1
23:45:04 | INFO: Extracting primitive: Mesh_1220
23:45:04 | INFO: Primitives created: 1
23:45:04 | INFO: Extracting primitive: Mesh_1221
23:45:04 | INFO: Primitives created: 1
23:45:04 | INFO: Extracting primitive: Mesh_1222
23:45:04 | INFO: Primitives created: 1
23:45:04 | INFO: Extracting primitive: Mesh_1223
23:45:04 | INFO: Primitives created: 1
23:45:04 | INFO: Extracting primitive: Mesh_1224
23:45:04 | INFO: Primitives created: 1
23:45:04 | INFO: Extracting primitive: Mesh_1225
23:45:04 | INFO: Primitives created: 1
23:45:04 | INFO: Extracting primitive: Mesh_1226
23:45:04 | INFO: Primitives created: 1
23:45:04 | INFO: Extracting primitive: Mesh_1227
23:45:04 | INFO: Primitives created: 1
23:45:04 | INFO: Extracting primitive: Mesh_1228
23:45:04 | INFO: Primitives created: 1
23:45:04 | INFO: Extracting primitive: Mesh_1229
23:45:04 | INFO: Primitives created: 1
23:45:04 | INFO: Extracting primitive: Mesh_1230
23:45:04 | INFO: Primitives created: 1
23:45:04 | INFO: Extracting primitive: Mesh_1231
23:45:04 | INFO: Primitives created: 1
23:45:04 | INFO: Extracting primitive: Mesh_1232
23:45:04 | INFO: Primitives created: 1
23:45:04 | INFO: Extracting primitive: Mesh_1233
23:45:04 | INFO: Primitives created: 1
23:45:04 | INFO: Extracting primitive: Mesh_1234
23:45:04 | INFO: Primitives created: 1
23:45:04 | INFO: Extracting primitive: Mesh_1235
23:45:04 | INFO: Primitives created: 1
23:45:04 | INFO: Extracting primitive: Mesh_1236
23:45:04 | INFO: Primitives created: 1
23:45:04 | INFO: Extracting primitive: Mesh_1237
23:45:04 | INFO: Primitives created: 1
23:45:04 | INFO: Extracting primitive: Mesh_1238
23:45:04 | INFO: Primitives created: 1
23:45:04 | INFO: Extracting primitive: Mesh_1239
23:45:04 | INFO: Primitives created: 1
23:45:04 | INFO: Extracting primitive: Mesh_1240
23:45:04 | INFO: Primitives created: 1
23:45:04 | INFO: Extracting primitive: Mesh_1241
23:45:04 | INFO: Primitives created: 1
23:45:04 | INFO: Extracting primitive: Mesh_1242
23:45:04 | INFO: Primitives created: 1
23:45:04 | INFO: Extracting primitive: Mesh_1243
23:45:04 | INFO: Primitives created: 1
23:45:04 | INFO: Extracting primitive: Mesh_1244
23:45:04 | INFO: Primitives created: 1
23:45:04 | INFO: Extracting primitive: Mesh_1245
23:45:04 | INFO: Primitives created: 1
23:45:04 | INFO: Extracting primitive: Mesh_1246
23:45:04 | INFO: Primitives created: 1
23:45:04 | INFO: Extracting primitive: Mesh_1247
23:45:04 | INFO: Primitives created: 1
23:45:04 | INFO: Extracting primitive: Mesh_1248
23:45:04 | INFO: Primitives created: 1
23:45:04 | INFO: Extracting primitive: Mesh_1249
23:45:04 | INFO: Primitives created: 1
23:45:04 | INFO: Extracting primitive: Mesh_1250
23:45:04 | INFO: Primitives created: 1
23:45:04 | INFO: Extracting primitive: Mesh_1251
23:45:04 | INFO: Primitives created: 1
23:45:04 | INFO: Extracting primitive: Mesh_1252
23:45:04 | INFO: Primitives created: 1
23:45:04 | INFO: Extracting primitive: Mesh_1253
23:45:04 | INFO: Primitives created: 1
23:45:04 | INFO: Extracting primitive: Mesh_1254
23:45:04 | INFO: Primitives created: 1
23:45:04 | INFO: Extracting primitive: Mesh_1255
23:45:04 | INFO: Primitives created: 1
23:45:04 | INFO: Extracting primitive: Mesh_1256
23:45:04 | INFO: Primitives created: 1
23:45:04 | INFO: Extracting primitive: Mesh_1257
23:45:04 | INFO: Primitives created: 1
23:45:04 | INFO: Extracting primitive: Mesh_1258
23:45:04 | INFO: Primitives created: 1
23:45:04 | INFO: Extracting primitive: Mesh_1259
23:45:04 | INFO: Primitives created: 1
23:45:04 | INFO: Extracting primitive: Mesh_1260
23:45:04 | INFO: Primitives created: 1
23:45:04 | INFO: Extracting primitive: Mesh_1261
23:45:04 | INFO: Primitives created: 1
23:45:04 | INFO: Extracting primitive: Mesh_1262
23:45:04 | INFO: Primitives created: 1
23:45:04 | INFO: Extracting primitive: Mesh_1263
23:45:04 | INFO: Primitives created: 1
23:45:04 | INFO: Extracting primitive: Mesh_1264
23:45:04 | INFO: Primitives created: 1
23:45:04 | INFO: Extracting primitive: Mesh_1265
23:45:04 | INFO: Primitives created: 1
23:45:04 | INFO: Extracting primitive: Mesh_1266
23:45:04 | INFO: Primitives created: 1
23:45:04 | INFO: Extracting primitive: Mesh_1267
23:45:04 | INFO: Primitives created: 1
23:45:04 | INFO: Extracting primitive: Mesh_1268
23:45:04 | INFO: Primitives created: 1
23:45:04 | INFO: Extracting primitive: Mesh_1269
23:45:04 | INFO: Primitives created: 1
23:45:04 | INFO: Extracting primitive: Mesh_1270
23:45:04 | INFO: Primitives created: 1
23:45:04 | INFO: Extracting primitive: Mesh_1271
23:45:04 | INFO: Primitives created: 1
23:45:04 | INFO: Extracting primitive: Mesh_1272
23:45:04 | INFO: Primitives created: 1
23:45:04 | INFO: Extracting primitive: Mesh_1273
23:45:04 | INFO: Primitives created: 1
23:45:04 | INFO: Extracting primitive: Mesh_1274
23:45:04 | INFO: Primitives created: 1
23:45:04 | INFO: Extracting primitive: Mesh_1275
23:45:04 | INFO: Primitives created: 1
23:45:04 | INFO: Extracting primitive: Mesh_1276
23:45:04 | INFO: Primitives created: 1
23:45:04 | INFO: Extracting primitive: Mesh_1277
23:45:04 | INFO: Primitives created: 1
23:45:04 | INFO: Extracting primitive: Mesh_1278
23:45:04 | INFO: Primitives created: 1
23:45:04 | INFO: Extracting primitive: Mesh_1279
23:45:04 | INFO: Primitives created: 1
23:45:04 | INFO: Extracting primitive: Mesh_1280
23:45:04 | INFO: Primitives created: 1
23:45:04 | INFO: Extracting primitive: Mesh_1281
23:45:04 | INFO: Primitives created: 1
23:45:04 | INFO: Extracting primitive: Mesh_1282
23:45:04 | INFO: Primitives created: 1
23:45:04 | INFO: Extracting primitive: Mesh_1283
23:45:04 | INFO: Primitives created: 1
23:45:04 | INFO: Extracting primitive: Mesh_1284
23:45:04 | INFO: Primitives created: 1
23:45:04 | INFO: Extracting primitive: Mesh_1285
23:45:04 | INFO: Primitives created: 1
23:45:04 | INFO: Extracting primitive: Mesh_1286
23:45:04 | INFO: Primitives created: 1
23:45:04 | INFO: Extracting primitive: Mesh_1287
23:45:04 | INFO: Primitives created: 1
23:45:04 | INFO: Extracting primitive: Mesh_1288
23:45:04 | INFO: Primitives created: 1
23:45:04 | INFO: Extracting primitive: Mesh_1289
23:45:04 | INFO: Primitives created: 1
23:45:04 | INFO: Extracting primitive: Mesh_1290
23:45:04 | INFO: Primitives created: 1
23:45:04 | INFO: Extracting primitive: Mesh_1291
23:45:04 | INFO: Primitives created: 1
23:45:04 | INFO: Extracting primitive: Mesh_1292
23:45:04 | INFO: Primitives created: 1
23:45:04 | INFO: Extracting primitive: Mesh_1293
23:45:04 | INFO: Primitives created: 1
23:45:04 | INFO: Extracting primitive: Mesh_1294
23:45:04 | INFO: Primitives created: 1
23:45:04 | INFO: Extracting primitive: Mesh_1295
23:45:04 | INFO: Primitives created: 1
23:45:04 | INFO: Extracting primitive: Mesh_1296
23:45:04 | INFO: Primitives created: 1
23:45:04 | INFO: Extracting primitive: Mesh_1297
23:45:04 | INFO: Primitives created: 1
23:45:04 | INFO: Extracting primitive: Mesh_1298
23:45:04 | INFO: Primitives created: 1
23:45:04 | INFO: Extracting primitive: Mesh_1299
23:45:04 | INFO: Primitives created: 1
23:45:04 | INFO: Extracting primitive: Mesh_1300
23:45:04 | INFO: Primitives created: 1
23:45:04 | INFO: Extracting primitive: Mesh_1301
23:45:04 | INFO: Primitives created: 1
23:45:04 | INFO: Extracting primitive: Mesh_1302
23:45:04 | INFO: Primitives created: 1
23:45:04 | INFO: Extracting primitive: Mesh_1303
23:45:04 | INFO: Primitives created: 1
23:45:04 | INFO: Extracting primitive: Mesh_1304
23:45:04 | INFO: Primitives created: 1
23:45:04 | INFO: Extracting primitive: Mesh_1305
23:45:04 | INFO: Primitives created: 1
23:45:04 | INFO: Extracting primitive: Mesh_1306
23:45:04 | INFO: Primitives created: 1
23:45:04 | INFO: Extracting primitive: Mesh_1307
23:45:04 | INFO: Primitives created: 1
23:45:04 | INFO: Extracting primitive: Mesh_1308
23:45:04 | INFO: Primitives created: 1
23:45:04 | INFO: Extracting primitive: Mesh_1309
23:45:04 | INFO: Primitives created: 1
23:45:04 | INFO: Extracting primitive: Mesh_1310
23:45:04 | INFO: Primitives created: 1
23:45:04 | INFO: Extracting primitive: Mesh_1311
23:45:04 | INFO: Primitives created: 1
23:45:04 | INFO: Extracting primitive: Mesh_1312
23:45:04 | INFO: Primitives created: 1
23:45:04 | INFO: Extracting primitive: Mesh_1313
23:45:04 | INFO: Primitives created: 1
23:45:04 | INFO: Extracting primitive: Mesh_1314
23:45:04 | INFO: Primitives created: 1
23:45:04 | INFO: Extracting primitive: Mesh_1315
23:45:04 | INFO: Primitives created: 1
23:45:04 | INFO: Extracting primitive: Mesh_1316
23:45:04 | INFO: Primitives created: 1
23:45:04 | INFO: Extracting primitive: Mesh_1317
23:45:04 | INFO: Primitives created: 1
23:45:04 | INFO: Extracting primitive: Mesh_1318
23:45:04 | INFO: Primitives created: 1
23:45:04 | INFO: Extracting primitive: Mesh_1319
23:45:04 | INFO: Primitives created: 1
23:45:04 | INFO: Extracting primitive: Mesh_1320
23:45:04 | INFO: Primitives created: 1
23:45:04 | INFO: Extracting primitive: Mesh_1321
23:45:04 | INFO: Primitives created: 1
23:45:04 | INFO: Extracting primitive: Mesh_1322
23:45:04 | INFO: Primitives created: 1
23:45:04 | INFO: Extracting primitive: Mesh_1323
23:45:04 | INFO: Primitives created: 1
23:45:04 | INFO: Extracting primitive: Mesh_1324
23:45:04 | INFO: Primitives created: 1
23:45:04 | INFO: Extracting primitive: Mesh_1325
23:45:04 | INFO: Primitives created: 1
23:45:04 | INFO: Extracting primitive: Mesh_1326
23:45:04 | INFO: Primitives created: 1
23:45:04 | INFO: Extracting primitive: Mesh_1327
23:45:04 | INFO: Primitives created: 1
23:45:04 | INFO: Extracting primitive: Mesh_1328
23:45:04 | INFO: Primitives created: 1
23:45:04 | INFO: Extracting primitive: Mesh_1329
23:45:04 | INFO: Primitives created: 1
23:45:04 | INFO: Extracting primitive: Mesh_1330
23:45:04 | INFO: Primitives created: 1
23:45:04 | INFO: Extracting primitive: Mesh_1331
23:45:04 | INFO: Primitives created: 1
23:45:04 | INFO: Extracting primitive: Mesh_1332
23:45:04 | INFO: Primitives created: 1
23:45:04 | INFO: Extracting primitive: Mesh_1333
23:45:04 | INFO: Primitives created: 1
23:45:04 | INFO: Extracting primitive: Mesh_1334
23:45:04 | INFO: Primitives created: 1
23:45:04 | INFO: Extracting primitive: Mesh_1335
23:45:04 | INFO: Primitives created: 1
23:45:04 | INFO: Extracting primitive: Mesh_1336
23:45:04 | INFO: Primitives created: 1
23:45:04 | INFO: Extracting primitive: Mesh_1337
23:45:04 | INFO: Primitives created: 1
23:45:04 | INFO: Extracting primitive: Mesh_1338
23:45:04 | INFO: Primitives created: 1
23:45:04 | INFO: Extracting primitive: Mesh_1339
23:45:04 | INFO: Primitives created: 1
23:45:04 | INFO: Extracting primitive: Mesh_1340
23:45:04 | INFO: Primitives created: 1
23:45:04 | INFO: Extracting primitive: Mesh_1341
23:45:04 | INFO: Primitives created: 1
23:45:04 | INFO: Extracting primitive: Mesh_1342
23:45:04 | INFO: Primitives created: 1
23:45:04 | INFO: Extracting primitive: Mesh_1343
23:45:04 | INFO: Primitives created: 1
23:45:04 | INFO: Extracting primitive: Mesh_1344
23:45:04 | INFO: Primitives created: 1
23:45:04 | INFO: Extracting primitive: Mesh_1345
23:45:04 | INFO: Primitives created: 1
23:45:04 | INFO: Extracting primitive: Mesh_1346
23:45:04 | INFO: Primitives created: 1
23:45:04 | INFO: Extracting primitive: Mesh_1347
23:45:04 | INFO: Primitives created: 1
23:45:04 | INFO: Extracting primitive: Mesh_1348
23:45:04 | INFO: Primitives created: 1
23:45:04 | INFO: Extracting primitive: Mesh_1349
23:45:04 | INFO: Primitives created: 1
23:45:04 | INFO: Extracting primitive: Mesh_1350
23:45:04 | INFO: Primitives created: 1
23:45:04 | INFO: Extracting primitive: Mesh_1351
23:45:04 | INFO: Primitives created: 1
23:45:04 | INFO: Extracting primitive: Mesh_1352
23:45:04 | INFO: Primitives created: 1
23:45:04 | INFO: Extracting primitive: Mesh_1353
23:45:04 | INFO: Primitives created: 1
23:45:04 | INFO: Extracting primitive: Mesh_1354
23:45:04 | INFO: Primitives created: 1
23:45:04 | INFO: Extracting primitive: Mesh_1355
23:45:04 | INFO: Primitives created: 1
23:45:04 | INFO: Extracting primitive: Mesh_1356
23:45:04 | INFO: Primitives created: 1
23:45:04 | INFO: Extracting primitive: Mesh_1357
23:45:04 | INFO: Primitives created: 1
23:45:04 | INFO: Extracting primitive: Mesh_1358
23:45:04 | INFO: Primitives created: 1
23:45:04 | INFO: Extracting primitive: Mesh_1359
23:45:04 | INFO: Primitives created: 1
23:45:04 | INFO: Extracting primitive: Mesh_1360
23:45:04 | INFO: Primitives created: 1
23:45:04 | INFO: Extracting primitive: Mesh_1361
23:45:04 | INFO: Primitives created: 1
23:45:04 | INFO: Extracting primitive: Mesh_1362
23:45:04 | INFO: Primitives created: 1
23:45:04 | INFO: Extracting primitive: Mesh_1363
23:45:04 | INFO: Primitives created: 1
23:45:04 | INFO: Extracting primitive: Mesh_1364
23:45:04 | INFO: Primitives created: 1
23:45:04 | INFO: Extracting primitive: Mesh_1365
23:45:04 | INFO: Primitives created: 1
23:45:04 | INFO: Extracting primitive: Mesh_1366
23:45:04 | INFO: Primitives created: 1
23:45:04 | INFO: Extracting primitive: Mesh_1367
23:45:04 | INFO: Primitives created: 1
23:45:04 | INFO: Extracting primitive: Mesh_1368
23:45:04 | INFO: Primitives created: 1
23:45:04 | INFO: Extracting primitive: Mesh_1369
23:45:04 | INFO: Primitives created: 1
23:45:04 | INFO: Extracting primitive: Mesh_1370
23:45:04 | INFO: Primitives created: 1
23:45:04 | INFO: Extracting primitive: Mesh_1371
23:45:04 | INFO: Primitives created: 1
23:45:04 | INFO: Extracting primitive: Mesh_1372
23:45:04 | INFO: Primitives created: 1
23:45:04 | INFO: Extracting primitive: Mesh_1373
23:45:04 | INFO: Primitives created: 1
23:45:04 | INFO: Extracting primitive: Mesh_1374
23:45:04 | INFO: Primitives created: 1
23:45:04 | INFO: Extracting primitive: Mesh_1375
23:45:04 | INFO: Primitives created: 1
23:45:04 | INFO: Extracting primitive: Mesh_1376
23:45:04 | INFO: Primitives created: 1
23:45:04 | INFO: Extracting primitive: Mesh_1377
23:45:04 | INFO: Primitives created: 1
23:45:04 | INFO: Extracting primitive: Mesh_1378
23:45:04 | INFO: Primitives created: 1
23:45:04 | INFO: Extracting primitive: Mesh_1379
23:45:04 | INFO: Primitives created: 1
23:45:04 | INFO: Extracting primitive: Mesh_1380
23:45:04 | INFO: Primitives created: 1
23:45:04 | INFO: Extracting primitive: Mesh_1381
23:45:04 | INFO: Primitives created: 1
23:45:04 | INFO: Extracting primitive: Mesh_1382
23:45:04 | INFO: Primitives created: 1
23:45:04 | INFO: Extracting primitive: Mesh_1383
23:45:04 | INFO: Primitives created: 1
23:45:04 | INFO: Extracting primitive: Mesh_1384
23:45:04 | INFO: Primitives created: 1
23:45:04 | INFO: Extracting primitive: Mesh_1385
23:45:04 | INFO: Primitives created: 1
23:45:04 | INFO: Extracting primitive: Mesh_1386
23:45:04 | INFO: Primitives created: 1
23:45:04 | INFO: Extracting primitive: Mesh_1387
23:45:04 | INFO: Primitives created: 1
23:45:04 | INFO: Extracting primitive: Mesh_1388
23:45:04 | INFO: Primitives created: 1
23:45:04 | INFO: Extracting primitive: Mesh_1389
23:45:04 | INFO: Primitives created: 1
23:45:04 | INFO: Extracting primitive: Mesh_1390
23:45:04 | INFO: Primitives created: 1
23:45:04 | INFO: Extracting primitive: Mesh_1391
23:45:04 | INFO: Primitives created: 1
23:45:04 | INFO: Extracting primitive: Mesh_1392
23:45:04 | INFO: Primitives created: 1
23:45:04 | INFO: Extracting primitive: Mesh_1393
23:45:04 | INFO: Primitives created: 1
23:45:04 | INFO: Extracting primitive: Mesh_1394
23:45:04 | INFO: Primitives created: 1
23:45:04 | INFO: Extracting primitive: Mesh_1395
23:45:04 | INFO: Primitives created: 1
23:45:04 | INFO: Extracting primitive: Mesh_1396
23:45:04 | INFO: Primitives created: 1
23:45:04 | INFO: Extracting primitive: Mesh_1397
23:45:04 | INFO: Primitives created: 1
23:45:04 | INFO: Extracting primitive: Mesh_1398
23:45:04 | INFO: Primitives created: 1
23:45:04 | INFO: Extracting primitive: Mesh_1399
23:45:04 | INFO: Primitives created: 1
23:45:04 | INFO: Extracting primitive: Mesh_1400
23:45:04 | INFO: Primitives created: 1
23:45:04 | INFO: Extracting primitive: Mesh_1401
23:45:04 | INFO: Primitives created: 1
23:45:04 | INFO: Extracting primitive: Mesh_1402
23:45:04 | INFO: Primitives created: 1
23:45:04 | INFO: Extracting primitive: Mesh_1403
23:45:04 | INFO: Primitives created: 1
23:45:04 | INFO: Extracting primitive: Mesh_1404
23:45:04 | INFO: Primitives created: 1
23:45:04 | INFO: Extracting primitive: Mesh_1405
23:45:04 | INFO: Primitives created: 1
23:45:04 | INFO: Extracting primitive: Mesh_1406
23:45:04 | INFO: Primitives created: 1
23:45:04 | INFO: Extracting primitive: Mesh_1407
23:45:04 | INFO: Primitives created: 1
23:45:04 | INFO: Extracting primitive: Mesh_1408
23:45:04 | INFO: Primitives created: 1
23:45:04 | INFO: Extracting primitive: Mesh_1409
23:45:04 | INFO: Primitives created: 1
23:45:04 | INFO: Extracting primitive: Mesh_1410
23:45:04 | INFO: Primitives created: 1
23:45:04 | INFO: Extracting primitive: Mesh_1411
23:45:04 | INFO: Primitives created: 1
23:45:04 | INFO: Extracting primitive: Mesh_1412
23:45:04 | INFO: Primitives created: 1
23:45:04 | INFO: Extracting primitive: Mesh_1413
23:45:04 | INFO: Primitives created: 1
23:45:04 | INFO: Extracting primitive: Mesh_1414
23:45:04 | INFO: Primitives created: 1
23:45:04 | INFO: Extracting primitive: Mesh_1415
23:45:04 | INFO: Primitives created: 1
23:45:04 | INFO: Extracting primitive: Mesh_1416
23:45:04 | INFO: Primitives created: 1
23:45:04 | INFO: Extracting primitive: Mesh_1417
23:45:04 | INFO: Primitives created: 1
23:45:04 | INFO: Extracting primitive: Mesh_1418
23:45:04 | INFO: Primitives created: 1
23:45:04 | INFO: Extracting primitive: Mesh_1419
23:45:04 | INFO: Primitives created: 1
23:45:04 | INFO: Extracting primitive: Mesh_1420
23:45:04 | INFO: Primitives created: 1
23:45:04 | INFO: Extracting primitive: Mesh_1421
23:45:04 | INFO: Primitives created: 1
23:45:04 | INFO: Extracting primitive: Mesh_1422
23:45:04 | INFO: Primitives created: 1
23:45:04 | INFO: Extracting primitive: Mesh_1423
23:45:04 | INFO: Primitives created: 1
23:45:04 | INFO: Extracting primitive: Mesh_1424
23:45:04 | INFO: Primitives created: 1
23:45:04 | INFO: Extracting primitive: Mesh_1425
23:45:04 | INFO: Primitives created: 1
23:45:04 | INFO: Extracting primitive: Mesh_1426
23:45:04 | INFO: Primitives created: 1
23:45:04 | INFO: Extracting primitive: Mesh_1427
23:45:04 | INFO: Primitives created: 1
23:45:04 | INFO: Extracting primitive: Mesh_1428
23:45:04 | INFO: Primitives created: 1
23:45:04 | INFO: Extracting primitive: Mesh_1429
23:45:04 | INFO: Primitives created: 1
23:45:04 | INFO: Extracting primitive: Mesh_1430
23:45:04 | INFO: Primitives created: 1
23:45:04 | INFO: Extracting primitive: Mesh_1431
23:45:04 | INFO: Primitives created: 1
23:45:04 | INFO: Extracting primitive: Mesh_1432
23:45:04 | INFO: Primitives created: 1
23:45:04 | INFO: Extracting primitive: Mesh_1433
23:45:04 | INFO: Primitives created: 1
23:45:04 | INFO: Extracting primitive: Mesh_1434
23:45:04 | INFO: Primitives created: 1
23:45:04 | INFO: Extracting primitive: Mesh_1435
23:45:04 | INFO: Primitives created: 1
23:45:04 | INFO: Extracting primitive: Mesh_1436
23:45:04 | INFO: Primitives created: 1
23:45:04 | INFO: Extracting primitive: Mesh_1857
23:45:04 | INFO: Primitives created: 1
23:45:04 | INFO: Extracting primitive: Mesh_1852
23:45:04 | INFO: Primitives created: 1
23:45:04 | INFO: Extracting primitive: Mesh_1858
23:45:04 | INFO: Primitives created: 1
23:45:04 | INFO: Extracting primitive: Mesh_1853
23:45:04 | INFO: Primitives created: 1
23:45:04 | INFO: Extracting primitive: Mesh_1859
23:45:04 | INFO: Primitives created: 1
23:45:04 | INFO: Extracting primitive: Mesh_1854
23:45:04 | INFO: Primitives created: 1
23:45:04 | INFO: Extracting primitive: Mesh_1860
23:45:04 | INFO: Primitives created: 1
23:45:04 | INFO: Extracting primitive: Mesh_1855
23:45:04 | INFO: Primitives created: 1
23:45:04 | INFO: Extracting primitive: Mesh_1440
23:45:04 | INFO: Primitives created: 1
23:45:04 | INFO: Extracting primitive: Mesh_1441
23:45:04 | INFO: Primitives created: 1
23:45:04 | INFO: Extracting primitive: Mesh_1442
23:45:04 | INFO: Primitives created: 1
23:45:04 | INFO: Extracting primitive: Mesh_1443
23:45:04 | INFO: Primitives created: 1
23:45:04 | INFO: Extracting primitive: Mesh_1444
23:45:04 | INFO: Primitives created: 1
23:45:04 | INFO: Extracting primitive: Mesh_1445
23:45:04 | INFO: Primitives created: 1
23:45:04 | INFO: Extracting primitive: Mesh_1446
23:45:04 | INFO: Primitives created: 1
23:45:04 | INFO: Extracting primitive: Mesh_1447
23:45:04 | INFO: Primitives created: 1
23:45:04 | INFO: Extracting primitive: Mesh_1448
23:45:04 | INFO: Primitives created: 1
23:45:04 | INFO: Extracting primitive: Mesh_1449
23:45:04 | INFO: Primitives created: 1
23:45:04 | INFO: Extracting primitive: Mesh_1450
23:45:04 | INFO: Primitives created: 1
23:45:04 | INFO: Extracting primitive: Mesh_1451
23:45:04 | INFO: Primitives created: 1
23:45:04 | INFO: Extracting primitive: Mesh_1452
23:45:04 | INFO: Primitives created: 1
23:45:04 | INFO: Extracting primitive: Mesh_1453
23:45:04 | INFO: Primitives created: 1
23:45:04 | INFO: Extracting primitive: Mesh_1454
23:45:04 | INFO: Primitives created: 1
23:45:04 | INFO: Extracting primitive: Mesh_1455
23:45:04 | INFO: Primitives created: 1
23:45:04 | INFO: Extracting primitive: Mesh_1456
23:45:04 | INFO: Primitives created: 1
23:45:04 | INFO: Extracting primitive: Mesh_1457
23:45:04 | INFO: Primitives created: 1
23:45:04 | INFO: Extracting primitive: Mesh_1458
23:45:04 | INFO: Primitives created: 1
23:45:04 | INFO: Extracting primitive: Mesh_1459
23:45:04 | INFO: Primitives created: 1
23:45:04 | INFO: Extracting primitive: Mesh_1460
23:45:04 | INFO: Primitives created: 1
23:45:04 | INFO: Extracting primitive: Mesh_1461
23:45:04 | INFO: Primitives created: 1
23:45:04 | INFO: Extracting primitive: Mesh_1462
23:45:04 | INFO: Primitives created: 1
23:45:04 | INFO: Extracting primitive: Mesh_1463
23:45:04 | INFO: Primitives created: 1
23:45:04 | INFO: Extracting primitive: Mesh_1464
23:45:04 | INFO: Primitives created: 1
23:45:04 | INFO: Extracting primitive: Mesh_1465
23:45:04 | INFO: Primitives created: 1
23:45:04 | INFO: Extracting primitive: Mesh_1466
23:45:04 | INFO: Primitives created: 1
23:45:04 | INFO: Extracting primitive: Mesh_1467
23:45:04 | INFO: Primitives created: 1
23:45:04 | INFO: Extracting primitive: Mesh_1468
23:45:04 | INFO: Primitives created: 1
23:45:04 | INFO: Extracting primitive: Mesh_1469
23:45:04 | INFO: Primitives created: 1
23:45:04 | INFO: Extracting primitive: Mesh_1470
23:45:04 | INFO: Primitives created: 1
23:45:04 | INFO: Extracting primitive: Mesh_1471
23:45:04 | INFO: Primitives created: 1
23:45:04 | INFO: Extracting primitive: Mesh_1472
23:45:04 | INFO: Primitives created: 1
23:45:04 | INFO: Extracting primitive: Mesh_1473
23:45:04 | INFO: Primitives created: 1
23:45:04 | INFO: Extracting primitive: Mesh_1474
23:45:04 | INFO: Primitives created: 1
23:45:04 | INFO: Extracting primitive: Mesh_1475
23:45:04 | INFO: Primitives created: 1
23:45:04 | INFO: Extracting primitive: Mesh_1476
23:45:04 | INFO: Primitives created: 1
23:45:04 | INFO: Extracting primitive: Mesh_1477
23:45:04 | INFO: Primitives created: 1
23:45:04 | INFO: Extracting primitive: Mesh_1478
23:45:04 | INFO: Primitives created: 1
23:45:04 | INFO: Extracting primitive: Mesh_1479
23:45:04 | INFO: Primitives created: 1
23:45:04 | INFO: Extracting primitive: Mesh_1480
23:45:04 | INFO: Primitives created: 1
23:45:04 | INFO: Extracting primitive: Mesh_1481
23:45:04 | INFO: Primitives created: 1
23:45:04 | INFO: Extracting primitive: Mesh_1482
23:45:04 | INFO: Primitives created: 1
23:45:04 | INFO: Extracting primitive: Mesh_1483
23:45:04 | INFO: Primitives created: 1
23:45:04 | INFO: Extracting primitive: Mesh_1484
23:45:04 | INFO: Primitives created: 1
23:45:04 | INFO: Extracting primitive: Mesh_1485
23:45:04 | INFO: Primitives created: 1
23:45:04 | INFO: Extracting primitive: Mesh_1486
23:45:04 | INFO: Primitives created: 1
23:45:04 | INFO: Extracting primitive: Mesh_1487
23:45:04 | INFO: Primitives created: 1
23:45:04 | INFO: Extracting primitive: Mesh_1488
23:45:04 | INFO: Primitives created: 1
23:45:04 | INFO: Extracting primitive: Mesh_1489
23:45:04 | INFO: Primitives created: 1
23:45:04 | INFO: Extracting primitive: Mesh_1490
23:45:04 | INFO: Primitives created: 1
23:45:04 | INFO: Extracting primitive: Mesh_1491
23:45:04 | INFO: Primitives created: 1
23:45:04 | INFO: Extracting primitive: Mesh_1492
23:45:04 | INFO: Primitives created: 1
23:45:04 | INFO: Extracting primitive: Mesh_1493
23:45:04 | INFO: Primitives created: 1
23:45:04 | INFO: Extracting primitive: Mesh_1494
23:45:04 | INFO: Primitives created: 1
23:45:04 | INFO: Extracting primitive: Mesh_1495
23:45:04 | INFO: Primitives created: 1
23:45:04 | INFO: Extracting primitive: Mesh_1496
23:45:04 | INFO: Primitives created: 1
23:45:04 | INFO: Extracting primitive: Mesh_1497
23:45:04 | INFO: Primitives created: 1
23:45:04 | INFO: Extracting primitive: Mesh_1498
23:45:04 | INFO: Primitives created: 1
23:45:04 | INFO: Extracting primitive: Mesh_1499
23:45:04 | INFO: Primitives created: 1
23:45:04 | INFO: Extracting primitive: Mesh_1500
23:45:04 | INFO: Primitives created: 1
23:45:04 | INFO: Extracting primitive: Mesh_1501
23:45:04 | INFO: Primitives created: 1
23:45:04 | INFO: Extracting primitive: Mesh_1502
23:45:04 | INFO: Primitives created: 1
23:45:04 | INFO: Extracting primitive: Mesh_1503
23:45:04 | INFO: Primitives created: 1
23:45:04 | INFO: Extracting primitive: Mesh_1504
23:45:04 | INFO: Primitives created: 1
23:45:04 | INFO: Extracting primitive: Mesh_1505
23:45:04 | INFO: Primitives created: 1
23:45:04 | INFO: Extracting primitive: Mesh_1506
23:45:04 | INFO: Primitives created: 1
23:45:04 | INFO: Extracting primitive: Mesh_1507
23:45:04 | INFO: Primitives created: 1
23:45:04 | INFO: Extracting primitive: Mesh_1508
23:45:04 | INFO: Primitives created: 1
23:45:04 | INFO: Extracting primitive: Mesh_1509
23:45:04 | INFO: Primitives created: 1
23:45:04 | INFO: Extracting primitive: Mesh_1510
23:45:04 | INFO: Primitives created: 1
23:45:04 | INFO: Extracting primitive: Mesh_1511
23:45:04 | INFO: Primitives created: 1
23:45:04 | INFO: Extracting primitive: Mesh_1512
23:45:04 | INFO: Primitives created: 1
23:45:04 | INFO: Extracting primitive: Mesh_1513
23:45:04 | INFO: Primitives created: 1
23:45:04 | INFO: Extracting primitive: Mesh_1514
23:45:04 | INFO: Primitives created: 1
23:45:04 | INFO: Extracting primitive: Mesh_1515
23:45:04 | INFO: Primitives created: 1
23:45:04 | INFO: Extracting primitive: Mesh_1516
23:45:04 | INFO: Primitives created: 1
23:45:04 | INFO: Extracting primitive: Mesh_1517
23:45:04 | INFO: Primitives created: 1
23:45:04 | INFO: Extracting primitive: Mesh_1518
23:45:04 | INFO: Primitives created: 1
23:45:04 | INFO: Extracting primitive: Mesh_1519
23:45:04 | INFO: Primitives created: 1
23:45:04 | INFO: Extracting primitive: Mesh_1520
23:45:04 | INFO: Primitives created: 1
23:45:04 | INFO: Extracting primitive: Mesh_1521
23:45:04 | INFO: Primitives created: 1
23:45:04 | INFO: Extracting primitive: Mesh_1522
23:45:04 | INFO: Primitives created: 1
23:45:04 | INFO: Extracting primitive: Mesh_1523
23:45:04 | INFO: Primitives created: 1
23:45:04 | INFO: Extracting primitive: Mesh_1524
23:45:04 | INFO: Primitives created: 1
23:45:04 | INFO: Extracting primitive: Mesh_1525
23:45:04 | INFO: Primitives created: 1
23:45:04 | INFO: Extracting primitive: Mesh_1526
23:45:04 | INFO: Primitives created: 1
23:45:04 | INFO: Extracting primitive: Mesh_1527
23:45:04 | INFO: Primitives created: 1
23:45:04 | INFO: Extracting primitive: Mesh_1528
23:45:04 | INFO: Primitives created: 1
23:45:04 | INFO: Extracting primitive: Mesh_1529
23:45:04 | INFO: Primitives created: 1
23:45:04 | INFO: Extracting primitive: Mesh_1530
23:45:04 | INFO: Primitives created: 1
23:45:04 | INFO: Extracting primitive: Mesh_1531
23:45:04 | INFO: Primitives created: 1
23:45:04 | INFO: Extracting primitive: Mesh_1532
23:45:04 | INFO: Primitives created: 1
23:45:04 | INFO: Extracting primitive: Mesh_1533
23:45:04 | INFO: Primitives created: 1
23:45:04 | INFO: Extracting primitive: Mesh_1534
23:45:04 | INFO: Primitives created: 1
23:45:04 | INFO: Extracting primitive: Mesh_1535
23:45:04 | INFO: Primitives created: 1
23:45:04 | INFO: Extracting primitive: Mesh_1536
23:45:04 | INFO: Primitives created: 1
23:45:04 | INFO: Extracting primitive: Mesh_1537
23:45:04 | INFO: Primitives created: 1
23:45:04 | INFO: Extracting primitive: Mesh_1538
23:45:04 | INFO: Primitives created: 1
23:45:04 | INFO: Extracting primitive: Mesh_1539
23:45:04 | INFO: Primitives created: 1
23:45:04 | INFO: Extracting primitive: Mesh_1540
23:45:04 | INFO: Primitives created: 1
23:45:04 | INFO: Extracting primitive: Mesh_1541
23:45:04 | INFO: Primitives created: 1
23:45:04 | INFO: Extracting primitive: Mesh_1542
23:45:04 | INFO: Primitives created: 1
23:45:04 | INFO: Extracting primitive: Mesh_1543
23:45:04 | INFO: Primitives created: 1
23:45:04 | INFO: Extracting primitive: Mesh_1544
23:45:04 | INFO: Primitives created: 1
23:45:04 | INFO: Extracting primitive: Mesh_1545
23:45:04 | INFO: Primitives created: 1
23:45:04 | INFO: Extracting primitive: Mesh_1546
23:45:04 | INFO: Primitives created: 1
23:45:04 | INFO: Extracting primitive: Mesh_1547
23:45:04 | INFO: Primitives created: 1
23:45:04 | INFO: Extracting primitive: Mesh_1548
23:45:04 | INFO: Primitives created: 1
23:45:04 | INFO: Extracting primitive: Mesh_1549
23:45:04 | INFO: Primitives created: 1
23:45:04 | INFO: Extracting primitive: Mesh_1550
23:45:04 | INFO: Primitives created: 1
23:45:04 | INFO: Extracting primitive: Mesh_1551
23:45:04 | INFO: Primitives created: 1
23:45:04 | INFO: Extracting primitive: Mesh_1552
23:45:04 | INFO: Primitives created: 1
23:45:04 | INFO: Extracting primitive: Mesh_1553
23:45:04 | INFO: Primitives created: 1
23:45:04 | INFO: Extracting primitive: Mesh_1554
23:45:04 | INFO: Primitives created: 1
23:45:04 | INFO: Extracting primitive: Mesh_1555
23:45:04 | INFO: Primitives created: 1
23:45:04 | INFO: Extracting primitive: Mesh_1556
23:45:04 | INFO: Primitives created: 1
23:45:04 | INFO: Extracting primitive: Mesh_1557
23:45:04 | INFO: Primitives created: 1
23:45:04 | INFO: Extracting primitive: Mesh_1558
23:45:04 | INFO: Primitives created: 1
23:45:04 | INFO: Extracting primitive: Mesh_1559
23:45:04 | INFO: Primitives created: 1
23:45:04 | INFO: Extracting primitive: Mesh_1560
23:45:04 | INFO: Primitives created: 1
23:45:04 | INFO: Extracting primitive: Mesh_1561
23:45:04 | INFO: Primitives created: 1
23:45:04 | INFO: Extracting primitive: Mesh_1562
23:45:04 | INFO: Primitives created: 1
23:45:04 | INFO: Extracting primitive: Mesh_1563
23:45:04 | INFO: Primitives created: 1
23:45:04 | INFO: Extracting primitive: Mesh_1564
23:45:04 | INFO: Primitives created: 1
23:45:04 | INFO: Extracting primitive: Mesh_1565
23:45:04 | INFO: Primitives created: 1
23:45:04 | INFO: Extracting primitive: Mesh_1566
23:45:04 | INFO: Primitives created: 1
23:45:04 | INFO: Extracting primitive: Mesh_1567
23:45:04 | INFO: Primitives created: 1
23:45:04 | INFO: Extracting primitive: Mesh_1568
23:45:04 | INFO: Primitives created: 1
23:45:04 | INFO: Extracting primitive: Mesh_1569
23:45:04 | INFO: Primitives created: 1
23:45:04 | INFO: Extracting primitive: Mesh_1570
23:45:04 | INFO: Primitives created: 1
23:45:04 | INFO: Extracting primitive: Mesh_1571
23:45:04 | INFO: Primitives created: 1
23:45:04 | INFO: Extracting primitive: Mesh_1572
23:45:04 | INFO: Primitives created: 1
23:45:04 | INFO: Extracting primitive: Mesh_1573
23:45:04 | INFO: Primitives created: 1
23:45:04 | INFO: Extracting primitive: Mesh_1574
23:45:04 | INFO: Primitives created: 1
23:45:04 | INFO: Extracting primitive: Mesh_1575
23:45:04 | INFO: Primitives created: 1
23:45:04 | INFO: Extracting primitive: Mesh_1576
23:45:04 | INFO: Primitives created: 1
23:45:04 | INFO: Extracting primitive: Mesh_1577
23:45:04 | INFO: Primitives created: 1
23:45:04 | INFO: Extracting primitive: Mesh_1578
23:45:04 | INFO: Primitives created: 1
23:45:04 | INFO: Extracting primitive: Mesh_1579
23:45:04 | INFO: Primitives created: 1
23:45:04 | INFO: Extracting primitive: Mesh_1580
23:45:04 | INFO: Primitives created: 1
23:45:04 | INFO: Extracting primitive: Mesh_1581
23:45:04 | INFO: Primitives created: 1
23:45:04 | INFO: Extracting primitive: Mesh_1582
23:45:04 | INFO: Primitives created: 1
23:45:04 | INFO: Extracting primitive: Mesh_1583
23:45:04 | INFO: Primitives created: 1
23:45:04 | INFO: Extracting primitive: Mesh_1584
23:45:04 | INFO: Primitives created: 1
23:45:04 | INFO: Extracting primitive: Mesh_1585
23:45:04 | INFO: Primitives created: 1
23:45:04 | INFO: Extracting primitive: Mesh_1586
23:45:04 | INFO: Primitives created: 1
23:45:04 | INFO: Extracting primitive: Mesh_1587
23:45:04 | INFO: Primitives created: 1
23:45:04 | INFO: Extracting primitive: Mesh_1588
23:45:04 | INFO: Primitives created: 1
23:45:04 | INFO: Extracting primitive: Mesh_1589
23:45:04 | INFO: Primitives created: 1
23:45:04 | INFO: Extracting primitive: Mesh_1590
23:45:04 | INFO: Primitives created: 1
23:45:04 | INFO: Extracting primitive: Mesh_1591
23:45:04 | INFO: Primitives created: 1
23:45:04 | INFO: Extracting primitive: Mesh_1592
23:45:04 | INFO: Primitives created: 1
23:45:04 | INFO: Extracting primitive: Mesh_1593
23:45:04 | INFO: Primitives created: 1
23:45:04 | INFO: Extracting primitive: Mesh_1594
23:45:04 | INFO: Primitives created: 1
23:45:04 | INFO: Extracting primitive: Mesh_1595
23:45:04 | INFO: Primitives created: 1
23:45:04 | INFO: Extracting primitive: Mesh_1596
23:45:04 | INFO: Primitives created: 1
23:45:04 | INFO: Extracting primitive: Mesh_1597
23:45:04 | INFO: Primitives created: 1
23:45:04 | INFO: Extracting primitive: Mesh_1598
23:45:04 | INFO: Primitives created: 1
23:45:04 | INFO: Extracting primitive: Mesh_1599
23:45:04 | INFO: Primitives created: 1
23:45:04 | INFO: Extracting primitive: Mesh_1600
23:45:04 | INFO: Primitives created: 1
23:45:04 | INFO: Extracting primitive: Mesh_1601
23:45:04 | INFO: Primitives created: 1
23:45:04 | INFO: Extracting primitive: Mesh_1602
23:45:04 | INFO: Primitives created: 1
23:45:04 | INFO: Extracting primitive: Mesh_1603
23:45:04 | INFO: Primitives created: 1
23:45:04 | INFO: Extracting primitive: Mesh_1604
23:45:04 | INFO: Primitives created: 1
23:45:04 | INFO: Extracting primitive: Mesh_1605
23:45:04 | INFO: Primitives created: 1
23:45:04 | INFO: Extracting primitive: Mesh_1606
23:45:04 | INFO: Primitives created: 1
23:45:04 | INFO: Extracting primitive: Mesh_1607
23:45:04 | INFO: Primitives created: 1
23:45:04 | INFO: Extracting primitive: Mesh_1608
23:45:04 | INFO: Primitives created: 1
23:45:04 | INFO: Extracting primitive: Mesh_1609
23:45:04 | INFO: Primitives created: 1
23:45:04 | INFO: Extracting primitive: Mesh_1610
23:45:04 | INFO: Primitives created: 1
23:45:04 | INFO: Extracting primitive: Mesh_1611
23:45:04 | INFO: Primitives created: 1
23:45:04 | INFO: Extracting primitive: Mesh_1612
23:45:04 | INFO: Primitives created: 1
23:45:04 | INFO: Extracting primitive: Mesh_1613
23:45:04 | INFO: Primitives created: 1
23:45:04 | INFO: Extracting primitive: Mesh_1614
23:45:04 | INFO: Primitives created: 1
23:45:04 | INFO: Extracting primitive: Mesh_1615
23:45:04 | INFO: Primitives created: 1
23:45:04 | INFO: Extracting primitive: Mesh_1616
23:45:04 | INFO: Primitives created: 1
23:45:04 | INFO: Extracting primitive: Mesh_1617
23:45:04 | INFO: Primitives created: 1
23:45:04 | INFO: Extracting primitive: Mesh_1618
23:45:04 | INFO: Primitives created: 1
23:45:04 | INFO: Extracting primitive: Mesh_1619
23:45:04 | INFO: Primitives created: 1
23:45:04 | INFO: Extracting primitive: Mesh_1620
23:45:04 | INFO: Primitives created: 1
23:45:04 | INFO: Extracting primitive: Mesh_1621
23:45:04 | INFO: Primitives created: 1
23:45:04 | INFO: Extracting primitive: Mesh_1622
23:45:04 | INFO: Primitives created: 1
23:45:04 | INFO: Extracting primitive: Mesh_1623
23:45:04 | INFO: Primitives created: 1
23:45:04 | INFO: Extracting primitive: Mesh_1624
23:45:04 | INFO: Primitives created: 1
23:45:04 | INFO: Extracting primitive: Mesh_1625
23:45:04 | INFO: Primitives created: 1
23:45:04 | INFO: Extracting primitive: Mesh_1626
23:45:04 | INFO: Primitives created: 1
23:45:04 | INFO: Extracting primitive: Mesh_1627
23:45:04 | INFO: Primitives created: 1
23:45:04 | INFO: Extracting primitive: Mesh_1628
23:45:04 | INFO: Primitives created: 1
23:45:04 | INFO: Extracting primitive: Mesh_1629
23:45:04 | INFO: Primitives created: 1
23:45:04 | INFO: Extracting primitive: Mesh_1630
23:45:04 | INFO: Primitives created: 1
23:45:04 | INFO: Extracting primitive: Mesh_1631
23:45:04 | INFO: Primitives created: 1
23:45:04 | INFO: Extracting primitive: Mesh_1632
23:45:04 | INFO: Primitives created: 1
23:45:04 | INFO: Extracting primitive: Mesh_1633
23:45:04 | INFO: Primitives created: 1
23:45:04 | INFO: Extracting primitive: Mesh_1634
23:45:05 | INFO: Primitives created: 1
23:45:05 | INFO: Extracting primitive: Mesh_1635
23:45:05 | INFO: Primitives created: 1
23:45:05 | INFO: Extracting primitive: Mesh_1636
23:45:05 | INFO: Primitives created: 1
23:45:05 | INFO: Extracting primitive: Mesh_1637
23:45:05 | INFO: Primitives created: 1
23:45:05 | INFO: Extracting primitive: Mesh_1638
23:45:05 | INFO: Primitives created: 1
23:45:05 | INFO: Extracting primitive: Mesh_1639
23:45:05 | INFO: Primitives created: 1
23:45:05 | INFO: Extracting primitive: Mesh_1640
23:45:05 | INFO: Primitives created: 1
23:45:05 | INFO: Extracting primitive: Mesh_1641
23:45:05 | INFO: Primitives created: 1
23:45:05 | INFO: Extracting primitive: Mesh_1642
23:45:05 | INFO: Primitives created: 1
23:45:05 | INFO: Extracting primitive: Mesh_1643
23:45:05 | INFO: Primitives created: 1
23:45:05 | INFO: Extracting primitive: Mesh_1644
23:45:05 | INFO: Primitives created: 1
23:45:05 | INFO: Extracting primitive: Mesh_1645
23:45:05 | INFO: Primitives created: 1
23:45:05 | INFO: Extracting primitive: Mesh_1646
23:45:05 | INFO: Primitives created: 1
23:45:05 | INFO: Extracting primitive: Mesh_1647
23:45:05 | INFO: Primitives created: 1
23:45:05 | INFO: Extracting primitive: Mesh_1648
23:45:05 | INFO: Primitives created: 1
23:45:05 | INFO: Extracting primitive: Mesh_1649
23:45:05 | INFO: Primitives created: 1
23:45:05 | INFO: Extracting primitive: Mesh_1650
23:45:05 | INFO: Primitives created: 1
23:45:05 | INFO: Extracting primitive: Mesh_1651
23:45:05 | INFO: Primitives created: 1
23:45:05 | INFO: Extracting primitive: Mesh_1652
23:45:05 | INFO: Primitives created: 1
23:45:05 | INFO: Extracting primitive: Mesh_1653
23:45:05 | INFO: Primitives created: 1
23:45:05 | INFO: Extracting primitive: Mesh_1654
23:45:05 | INFO: Primitives created: 1
23:45:05 | INFO: Extracting primitive: Mesh_1655
23:45:05 | INFO: Primitives created: 1
23:45:05 | INFO: Extracting primitive: Mesh_1656
23:45:05 | INFO: Primitives created: 1
23:45:05 | INFO: Extracting primitive: Mesh_1657
23:45:05 | INFO: Primitives created: 1
23:45:05 | INFO: Extracting primitive: Mesh_1658
23:45:05 | INFO: Primitives created: 1
23:45:05 | INFO: Extracting primitive: Mesh_1659
23:45:05 | INFO: Primitives created: 1
23:45:05 | INFO: Extracting primitive: Mesh_1660
23:45:05 | INFO: Primitives created: 1
23:45:05 | INFO: Extracting primitive: Mesh_1661
23:45:05 | INFO: Primitives created: 1
23:45:05 | INFO: Extracting primitive: Mesh_1662
23:45:05 | INFO: Primitives created: 1
23:45:05 | INFO: Extracting primitive: Mesh_1663
23:45:05 | INFO: Primitives created: 1
23:45:05 | INFO: Extracting primitive: Mesh_1664
23:45:05 | INFO: Primitives created: 1
23:45:05 | INFO: Extracting primitive: Mesh_1665
23:45:05 | INFO: Primitives created: 1
23:45:05 | INFO: Extracting primitive: Mesh_1666
23:45:05 | INFO: Primitives created: 1
23:45:05 | INFO: Extracting primitive: Mesh_1667
23:45:05 | INFO: Primitives created: 1
23:45:05 | INFO: Extracting primitive: Mesh_1668
23:45:05 | INFO: Primitives created: 1
23:45:05 | INFO: Extracting primitive: Mesh_1669
23:45:05 | INFO: Primitives created: 1
23:45:05 | INFO: Extracting primitive: Mesh_1670
23:45:05 | INFO: Primitives created: 1
23:45:05 | INFO: Extracting primitive: Mesh_1671
23:45:05 | INFO: Primitives created: 1
23:45:05 | INFO: Extracting primitive: Mesh_1672
23:45:05 | INFO: Primitives created: 1
23:45:05 | INFO: Extracting primitive: Mesh_1673
23:45:05 | INFO: Primitives created: 1
23:45:05 | INFO: Extracting primitive: Mesh_1674
23:45:05 | INFO: Primitives created: 1
23:45:05 | INFO: Extracting primitive: Mesh_1675
23:45:05 | INFO: Primitives created: 1
23:45:05 | INFO: Extracting primitive: Mesh_1676
23:45:05 | INFO: Primitives created: 1
23:45:05 | INFO: Extracting primitive: Mesh_1677
23:45:05 | INFO: Primitives created: 1
23:45:05 | INFO: Extracting primitive: Mesh_1678
23:45:05 | INFO: Primitives created: 1
23:45:05 | INFO: Extracting primitive: Mesh_1679
23:45:05 | INFO: Primitives created: 1
23:45:05 | INFO: Extracting primitive: Mesh_1680
23:45:05 | INFO: Primitives created: 1
23:45:05 | INFO: Extracting primitive: Mesh_1681
23:45:05 | INFO: Primitives created: 1
23:45:05 | INFO: Extracting primitive: Mesh_1682
23:45:05 | INFO: Primitives created: 1
23:45:05 | INFO: Extracting primitive: Mesh_1683
23:45:05 | INFO: Primitives created: 1
23:45:05 | INFO: Extracting primitive: Mesh_1684
23:45:05 | INFO: Primitives created: 1
23:45:05 | INFO: Extracting primitive: Mesh_1685
23:45:05 | INFO: Primitives created: 1
23:45:05 | INFO: Extracting primitive: Mesh_1686
23:45:05 | INFO: Primitives created: 1
23:45:05 | INFO: Extracting primitive: Mesh_1687
23:45:05 | INFO: Primitives created: 1
23:45:05 | INFO: Extracting primitive: Mesh_1688
23:45:05 | INFO: Primitives created: 1
23:45:05 | INFO: Extracting primitive: Mesh_1689
23:45:05 | INFO: Primitives created: 1
23:45:05 | INFO: Extracting primitive: Mesh_1690
23:45:05 | INFO: Primitives created: 1
23:45:05 | INFO: Extracting primitive: Mesh_1691
23:45:05 | INFO: Primitives created: 1
23:45:05 | INFO: Extracting primitive: Mesh_1698
23:45:05 | INFO: Primitives created: 1
23:45:05 | INFO: Extracting primitive: Mesh_1699
23:45:05 | INFO: Primitives created: 1
23:45:05 | INFO: Extracting primitive: Mesh_1700
23:45:05 | INFO: Primitives created: 1
23:45:05 | INFO: Extracting primitive: Mesh_1701
23:45:05 | INFO: Primitives created: 1
23:45:05 | INFO: Extracting primitive: Mesh_1702
23:45:05 | INFO: Primitives created: 1
23:45:05 | INFO: Extracting primitive: Mesh_1703
23:45:05 | INFO: Primitives created: 1
23:45:05 | INFO: Extracting primitive: Mesh_1704
23:45:05 | INFO: Primitives created: 1
23:45:05 | INFO: Extracting primitive: Mesh_1705
23:45:05 | INFO: Primitives created: 1
23:45:05 | INFO: Extracting primitive: Mesh_1706
23:45:05 | INFO: Primitives created: 1
23:45:05 | INFO: Extracting primitive: Mesh_1707
23:45:05 | INFO: Primitives created: 1
23:45:05 | INFO: Extracting primitive: Mesh_1708
23:45:05 | INFO: Primitives created: 1
23:45:05 | INFO: Extracting primitive: Mesh_1709
23:45:05 | INFO: Primitives created: 1
23:45:05 | INFO: Extracting primitive: Mesh_1710
23:45:05 | INFO: Primitives created: 1
23:45:05 | INFO: Extracting primitive: Mesh_1711
23:45:05 | INFO: Primitives created: 1
23:45:05 | INFO: Extracting primitive: Mesh_1712
23:45:05 | INFO: Primitives created: 1
23:45:05 | INFO: Extracting primitive: Mesh_1713
23:45:05 | INFO: Primitives created: 1
23:45:05 | INFO: Extracting primitive: Mesh_1714
23:45:05 | INFO: Primitives created: 1
23:45:05 | INFO: Extracting primitive: Mesh_1715
23:45:05 | INFO: Primitives created: 1
23:45:05 | INFO: Extracting primitive: Mesh_1716
23:45:05 | INFO: Primitives created: 1
23:45:05 | INFO: Extracting primitive: Mesh_1717
23:45:05 | INFO: Primitives created: 1
23:45:05 | INFO: Extracting primitive: Mesh_1718
23:45:05 | INFO: Primitives created: 1
23:45:05 | INFO: Extracting primitive: Mesh_1719
23:45:05 | INFO: Primitives created: 1
23:45:05 | INFO: Extracting primitive: Mesh_1720
23:45:05 | INFO: Primitives created: 1
23:45:05 | INFO: Extracting primitive: Mesh_1721
23:45:05 | INFO: Primitives created: 1
23:45:05 | INFO: Extracting primitive: Mesh_1722
23:45:05 | INFO: Primitives created: 1
23:45:05 | INFO: Extracting primitive: Mesh_1723
23:45:05 | INFO: Primitives created: 1
23:45:05 | INFO: Extracting primitive: Mesh_1724
23:45:05 | INFO: Primitives created: 1
23:45:05 | INFO: Extracting primitive: Mesh_1725
23:45:05 | INFO: Primitives created: 1
23:45:05 | INFO: Extracting primitive: Mesh_1726
23:45:05 | INFO: Primitives created: 1
23:45:05 | INFO: Extracting primitive: Mesh_1727
23:45:05 | INFO: Primitives created: 1
23:45:05 | INFO: Extracting primitive: Mesh_1728
23:45:05 | INFO: Primitives created: 1
23:45:05 | INFO: Extracting primitive: Mesh_1729
23:45:05 | INFO: Primitives created: 1
23:45:05 | INFO: Extracting primitive: Mesh_1730
23:45:05 | INFO: Primitives created: 1
23:45:05 | INFO: Extracting primitive: Mesh_1731
23:45:05 | INFO: Primitives created: 1
23:45:05 | INFO: Extracting primitive: Mesh_1732
23:45:05 | INFO: Primitives created: 1
23:45:05 | INFO: Extracting primitive: Mesh_1733
23:45:05 | INFO: Primitives created: 1
23:45:05 | INFO: Extracting primitive: Mesh_1734
23:45:05 | INFO: Primitives created: 1
23:45:05 | INFO: Extracting primitive: Mesh_1735
23:45:05 | INFO: Primitives created: 1
23:45:05 | INFO: Extracting primitive: Mesh_1736
23:45:05 | INFO: Primitives created: 1
23:45:05 | INFO: Extracting primitive: Mesh_1737
23:45:05 | INFO: Primitives created: 1
23:45:05 | INFO: Extracting primitive: Mesh_1738
23:45:05 | INFO: Primitives created: 1
23:45:05 | INFO: Extracting primitive: Mesh_1739
23:45:05 | INFO: Primitives created: 1
23:45:05 | INFO: Extracting primitive: Mesh_1740
23:45:05 | INFO: Primitives created: 1
23:45:05 | INFO: Extracting primitive: Mesh_1741
23:45:05 | INFO: Primitives created: 1
23:45:05 | INFO: Extracting primitive: Mesh_1742
23:45:05 | INFO: Primitives created: 1
23:45:05 | INFO: Extracting primitive: Mesh_1743
23:45:05 | INFO: Primitives created: 1
23:45:05 | INFO: Extracting primitive: Mesh_1744
23:45:05 | INFO: Primitives created: 1
23:45:05 | INFO: Extracting primitive: Mesh_1745
23:45:05 | INFO: Primitives created: 1
23:45:05 | INFO: Extracting primitive: Mesh_1746
23:45:05 | INFO: Primitives created: 1
23:45:05 | INFO: Extracting primitive: Mesh_1747
23:45:05 | INFO: Primitives created: 1
23:45:05 | INFO: Extracting primitive: Mesh_1748
23:45:05 | INFO: Primitives created: 1
23:45:05 | INFO: Extracting primitive: Mesh_1749
23:45:05 | INFO: Primitives created: 1
23:45:05 | INFO: Extracting primitive: Mesh_1750
23:45:05 | INFO: Primitives created: 1
23:45:05 | INFO: Extracting primitive: Mesh_1751
23:45:05 | INFO: Primitives created: 1
23:45:05 | INFO: Extracting primitive: Mesh_1752
23:45:05 | INFO: Primitives created: 1
23:45:05 | INFO: Extracting primitive: Mesh_1753
23:45:05 | INFO: Primitives created: 1
23:45:05 | INFO: Extracting primitive: Mesh_1754
23:45:05 | INFO: Primitives created: 1
23:45:05 | INFO: Extracting primitive: Mesh_1757
23:45:05 | INFO: Primitives created: 1
23:45:05 | INFO: Extracting primitive: Mesh_1758
23:45:05 | INFO: Primitives created: 1
23:45:05 | INFO: Extracting primitive: Mesh_1759
23:45:05 | INFO: Primitives created: 1
23:45:05 | INFO: Extracting primitive: Mesh_1760
23:45:05 | INFO: Primitives created: 1
23:45:05 | INFO: Extracting primitive: Mesh_1761
23:45:05 | INFO: Primitives created: 1
23:45:05 | INFO: Extracting primitive: Mesh_1762
23:45:05 | INFO: Primitives created: 1
23:45:05 | INFO: Extracting primitive: Mesh_1763
23:45:05 | INFO: Primitives created: 1
23:45:05 | INFO: Extracting primitive: Mesh_1764
23:45:05 | INFO: Primitives created: 1
23:45:05 | INFO: Extracting primitive: Mesh_1765
23:45:05 | INFO: Primitives created: 1
23:45:05 | INFO: Extracting primitive: Mesh_1766
23:45:05 | INFO: Primitives created: 1
23:45:05 | INFO: Extracting primitive: Mesh_1767
23:45:05 | INFO: Primitives created: 1
23:45:05 | INFO: Extracting primitive: Mesh_1768
23:45:05 | INFO: Primitives created: 1
23:45:05 | INFO: Extracting primitive: Mesh_1769
23:45:05 | INFO: Primitives created: 1
23:45:05 | INFO: Extracting primitive: Mesh_1770
23:45:05 | INFO: Primitives created: 1
23:45:05 | INFO: Extracting primitive: Mesh_1771
23:45:05 | INFO: Primitives created: 1
23:45:05 | INFO: Extracting primitive: Mesh_1772
23:45:05 | INFO: Primitives created: 1
23:45:05 | INFO: Extracting primitive: Mesh_1773
23:45:05 | INFO: Primitives created: 1
23:45:05 | INFO: Extracting primitive: Mesh_1774
23:45:05 | INFO: Primitives created: 1
23:45:05 | INFO: Extracting primitive: Mesh_1775
23:45:05 | INFO: Primitives created: 1
23:45:05 | INFO: Extracting primitive: Mesh_1776
23:45:05 | INFO: Primitives created: 1
23:45:05 | INFO: Extracting primitive: Mesh_1777
23:45:05 | INFO: Primitives created: 1
23:45:05 | INFO: Extracting primitive: Mesh_1778
23:45:05 | INFO: Primitives created: 1
23:45:05 | INFO: Extracting primitive: Mesh_1779
23:45:05 | INFO: Primitives created: 1
23:45:05 | INFO: Extracting primitive: Mesh_1780
23:45:05 | INFO: Primitives created: 1
23:45:05 | INFO: Extracting primitive: Mesh_1781
23:45:05 | INFO: Primitives created: 1
23:45:05 | INFO: Extracting primitive: Mesh_1782
23:45:05 | INFO: Primitives created: 1
23:45:05 | INFO: Extracting primitive: Mesh_1783
23:45:05 | INFO: Primitives created: 1
23:45:05 | INFO: Extracting primitive: Mesh_1784
23:45:05 | INFO: Primitives created: 1
23:45:05 | INFO: Extracting primitive: Mesh_1785
23:45:05 | INFO: Primitives created: 1
23:45:05 | INFO: Extracting primitive: Mesh_1786
23:45:05 | INFO: Primitives created: 1
23:45:05 | INFO: Extracting primitive: Mesh_1787
23:45:05 | INFO: Primitives created: 1
23:45:05 | INFO: Extracting primitive: Mesh_1788
23:45:05 | INFO: Primitives created: 1
23:45:05 | INFO: Extracting primitive: Mesh_1789
23:45:05 | INFO: Primitives created: 1
23:45:05 | INFO: Extracting primitive: Mesh_1790
23:45:05 | INFO: Primitives created: 1
23:45:05 | INFO: Extracting primitive: Mesh_1791
23:45:05 | INFO: Primitives created: 1
23:45:05 | INFO: Extracting primitive: Mesh_1792
23:45:05 | INFO: Primitives created: 1
23:45:05 | INFO: Extracting primitive: Mesh_1793
23:45:05 | INFO: Primitives created: 1
23:45:05 | INFO: Extracting primitive: Mesh_1794
23:45:05 | INFO: Primitives created: 1
23:45:05 | INFO: Extracting primitive: Mesh_1795
23:45:05 | INFO: Primitives created: 1
23:45:05 | INFO: Extracting primitive: Mesh_1796
23:45:05 | INFO: Primitives created: 1
23:45:05 | INFO: Extracting primitive: Mesh_1797
23:45:05 | INFO: Primitives created: 1
23:45:05 | INFO: Extracting primitive: Mesh_1798
23:45:05 | INFO: Primitives created: 1
23:45:05 | INFO: Extracting primitive: Mesh_1799
23:45:05 | INFO: Primitives created: 1
23:45:05 | INFO: Extracting primitive: Mesh_1800
23:45:05 | INFO: Primitives created: 1
23:45:05 | INFO: Extracting primitive: Mesh_1801
23:45:05 | INFO: Primitives created: 1
23:45:05 | INFO: Extracting primitive: Mesh_1802
23:45:05 | INFO: Primitives created: 1
23:45:05 | INFO: Extracting primitive: Mesh_1803
23:45:05 | INFO: Primitives created: 1
23:45:05 | INFO: Extracting primitive: Mesh_1804
23:45:05 | INFO: Primitives created: 1
23:45:05 | INFO: Extracting primitive: Mesh_1805
23:45:05 | INFO: Primitives created: 1
23:45:05 | INFO: Extracting primitive: Mesh_1806
23:45:05 | INFO: Primitives created: 1
23:45:05 | INFO: Extracting primitive: Mesh_1807
23:45:05 | INFO: Primitives created: 1
23:45:05 | INFO: Extracting primitive: Mesh_1808
23:45:05 | INFO: Primitives created: 1
23:45:05 | INFO: Extracting primitive: Mesh_1809
23:45:05 | INFO: Primitives created: 1
23:45:05 | INFO: Extracting primitive: Mesh_1810
23:45:05 | INFO: Primitives created: 1
23:45:05 | INFO: Extracting primitive: Mesh_1811
23:45:05 | INFO: Primitives created: 1
23:45:05 | INFO: Extracting primitive: Mesh_1812
23:45:05 | INFO: Primitives created: 1
23:45:05 | INFO: Extracting primitive: Mesh_1813
23:45:05 | INFO: Primitives created: 1
23:45:05 | INFO: Extracting primitive: Mesh_1814
23:45:05 | INFO: Primitives created: 1
23:45:05 | INFO: Extracting primitive: Mesh_1815
23:45:05 | INFO: Primitives created: 1
23:45:05 | INFO: Extracting primitive: Mesh_1816
23:45:05 | INFO: Primitives created: 1
23:45:05 | INFO: Extracting primitive: Mesh_1817
23:45:05 | INFO: Primitives created: 1
23:45:05 | INFO: Extracting primitive: Mesh_1818
23:45:05 | INFO: Primitives created: 1
23:45:05 | INFO: Extracting primitive: Mesh_1819
23:45:05 | INFO: Primitives created: 1
23:45:05 | INFO: Extracting primitive: Mesh_1820
23:45:05 | INFO: Primitives created: 1
23:45:05 | INFO: Extracting primitive: Mesh_1821
23:45:05 | INFO: Primitives created: 1
23:45:05 | INFO: Extracting primitive: Mesh_1822
23:45:05 | INFO: Primitives created: 1
23:45:05 | INFO: Extracting primitive: Mesh_1823
23:45:05 | INFO: Primitives created: 1
23:45:05 | INFO: Extracting primitive: Mesh_1824
23:45:05 | INFO: Primitives created: 1
23:45:05 | INFO: Extracting primitive: Mesh_1825
23:45:05 | INFO: Primitives created: 1
23:45:05 | INFO: Extracting primitive: Mesh_1826
23:45:05 | INFO: Primitives created: 1
23:45:05 | INFO: Extracting primitive: Mesh_1827
23:45:05 | INFO: Primitives created: 1
23:45:05 | INFO: Extracting primitive: Mesh_1828
23:45:05 | INFO: Primitives created: 1
23:45:05 | INFO: Extracting primitive: Mesh_1829
23:45:05 | INFO: Primitives created: 1
23:45:05 | INFO: Extracting primitive: Mesh_1830
23:45:05 | INFO: Primitives created: 1
23:45:05 | INFO: Extracting primitive: Mesh_1831
23:45:05 | INFO: Primitives created: 1
23:45:05 | INFO: Extracting primitive: Mesh_1832
23:45:05 | INFO: Primitives created: 1
23:45:05 | INFO: Extracting primitive: Mesh_1833
23:45:05 | INFO: Primitives created: 1
23:45:05 | INFO: Extracting primitive: Mesh_1834
23:45:05 | INFO: Primitives created: 1
23:45:05 | INFO: Extracting primitive: Mesh_1835
23:45:05 | INFO: Primitives created: 1
23:45:05 | INFO: Extracting primitive: Mesh_1836
23:45:05 | INFO: Primitives created: 1
23:45:05 | INFO: Extracting primitive: Mesh_1837
23:45:05 | INFO: Primitives created: 1
23:45:05 | INFO: Extracting primitive: Mesh_1838
23:45:05 | INFO: Primitives created: 1
23:45:05 | INFO: Extracting primitive: Mesh_1839
23:45:05 | INFO: Primitives created: 1
23:45:05 | INFO: Extracting primitive: Mesh_1840
23:45:05 | INFO: Primitives created: 1
23:45:05 | INFO: Extracting primitive: Mesh_1841
23:45:05 | INFO: Primitives created: 1
23:45:05 | INFO: Extracting primitive: Mesh_1842
23:45:05 | INFO: Primitives created: 1
23:45:05 | INFO: Extracting primitive: Mesh_1843
23:45:05 | INFO: Primitives created: 1
23:45:05 | INFO: Extracting primitive: Mesh_1844
23:45:05 | INFO: Primitives created: 1
23:45:05 | INFO: Extracting primitive: Mesh_1845
23:45:05 | INFO: Primitives created: 1
23:45:05 | INFO: Extracting primitive: Mesh_1846
23:45:05 | INFO: Primitives created: 1
23:45:05 | INFO: Extracting primitive: Mesh_1847
23:45:05 | INFO: Primitives created: 1
23:45:05 | INFO: Extracting primitive: Mesh_1848
23:45:05 | INFO: Primitives created: 1
23:45:05 | INFO: Extracting primitive: Mesh_1849
23:45:05 | INFO: Primitives created: 1
23:45:05 | INFO: Extracting primitive: Mesh_1850
23:45:05 | INFO: Primitives created: 1
23:45:05 | INFO: Extracting primitive: Mesh_1851
23:45:05 | INFO: Primitives created: 1
23:45:05 | INFO: Extracting primitive: Mesh_1862
23:45:05 | INFO: Primitives created: 1
23:45:05 | INFO: Extracting primitive: Mesh_1863
23:45:05 | INFO: Primitives created: 1
23:45:05 | INFO: Extracting primitive: Mesh_1864
23:45:05 | INFO: Primitives created: 1
23:45:05 | INFO: Extracting primitive: Mesh_1865
23:45:05 | INFO: Primitives created: 1
23:45:05 | INFO: Extracting primitive: Mesh_1866
23:45:05 | INFO: Primitives created: 1
23:45:05 | INFO: Extracting primitive: Mesh_1867
23:45:05 | INFO: Primitives created: 1
23:45:05 | INFO: Extracting primitive: Mesh_1868
23:45:05 | INFO: Primitives created: 1
23:45:05 | INFO: Extracting primitive: Mesh_1869
23:45:05 | INFO: Primitives created: 1
23:45:05 | INFO: Extracting primitive: Mesh_1870
23:45:05 | INFO: Primitives created: 1
23:45:05 | INFO: Extracting primitive: Mesh_1871
23:45:05 | INFO: Primitives created: 1
23:45:05 | INFO: Extracting primitive: Mesh_1872
23:45:05 | INFO: Primitives created: 1
23:45:05 | INFO: Extracting primitive: Mesh_1873
23:45:05 | INFO: Primitives created: 1
23:45:05 | INFO: Extracting primitive: Mesh_1874
23:45:05 | INFO: Primitives created: 1
23:45:05 | INFO: Extracting primitive: Mesh_1875
23:45:05 | INFO: Primitives created: 1
23:45:05 | INFO: Extracting primitive: Mesh_1876
23:45:05 | INFO: Primitives created: 1
23:45:05 | INFO: Extracting primitive: Mesh_1877
23:45:05 | INFO: Primitives created: 1
23:45:05 | INFO: Extracting primitive: Mesh_1878
23:45:05 | INFO: Primitives created: 1
23:45:05 | INFO: Extracting primitive: Mesh_1879
23:45:05 | INFO: Primitives created: 1
23:45:05 | INFO: Extracting primitive: Mesh_1880
23:45:05 | INFO: Primitives created: 1
23:45:05 | INFO: Extracting primitive: Mesh_1881
23:45:05 | INFO: Primitives created: 1
23:45:05 | INFO: Extracting primitive: Mesh_1882
23:45:05 | INFO: Primitives created: 1
23:45:05 | INFO: Extracting primitive: Mesh_1883
23:45:05 | INFO: Primitives created: 1
23:45:05 | INFO: Extracting primitive: Mesh_1884
23:45:05 | INFO: Primitives created: 1
23:45:05 | INFO: Extracting primitive: Mesh_1885
23:45:05 | INFO: Primitives created: 1
23:45:05 | INFO: Extracting primitive: Mesh_1886
23:45:05 | INFO: Primitives created: 1
23:45:05 | INFO: Extracting primitive: Mesh_1887
23:45:05 | INFO: Primitives created: 1
23:45:05 | INFO: Extracting primitive: Mesh_1888
23:45:05 | INFO: Primitives created: 1
23:45:05 | INFO: Extracting primitive: Mesh_1889
23:45:05 | INFO: Primitives created: 1
23:45:05 | INFO: Extracting primitive: Mesh_1890
23:45:05 | INFO: Primitives created: 1
23:45:05 | INFO: Extracting primitive: Mesh_1891
23:45:05 | INFO: Primitives created: 1
23:45:05 | INFO: Extracting primitive: Mesh_1892
23:45:05 | INFO: Primitives created: 1
23:45:05 | INFO: Extracting primitive: Mesh_1893
23:45:05 | INFO: Primitives created: 1
23:45:05 | INFO: Extracting primitive: Mesh_1894
23:45:05 | INFO: Primitives created: 1
23:45:05 | INFO: Extracting primitive: Mesh_1895
23:45:05 | INFO: Primitives created: 1
23:45:05 | INFO: Extracting primitive: Mesh_1896
23:45:05 | INFO: Primitives created: 1
23:45:05 | INFO: Extracting primitive: Mesh_1897
23:45:05 | INFO: Primitives created: 1
23:45:05 | INFO: Extracting primitive: Mesh_1898
23:45:05 | INFO: Primitives created: 1
23:45:05 | INFO: Extracting primitive: Mesh_1899
23:45:05 | INFO: Primitives created: 1
23:45:05 | INFO: Extracting primitive: Mesh_1900
23:45:05 | INFO: Primitives created: 1
23:45:05 | INFO: Extracting primitive: Mesh_1901
23:45:05 | INFO: Primitives created: 1
23:45:05 | INFO: Extracting primitive: Mesh_1902
23:45:05 | INFO: Primitives created: 1
23:45:05 | INFO: Extracting primitive: Mesh_1903
23:45:05 | INFO: Primitives created: 1
23:45:05 | INFO: Extracting primitive: Mesh_1904
23:45:05 | INFO: Primitives created: 1
23:45:05 | INFO: Extracting primitive: Mesh_1905
23:45:05 | INFO: Primitives created: 1
23:45:05 | INFO: Extracting primitive: Mesh_1906
23:45:05 | INFO: Primitives created: 1
23:45:05 | INFO: Extracting primitive: Mesh_1907
23:45:05 | INFO: Primitives created: 1
23:45:05 | INFO: Extracting primitive: Mesh_1908
23:45:05 | INFO: Primitives created: 1
23:45:05 | INFO: Extracting primitive: Mesh_1909
23:45:05 | INFO: Primitives created: 1
23:45:05 | INFO: Extracting primitive: Mesh_1910
23:45:05 | INFO: Primitives created: 1
23:45:05 | INFO: Extracting primitive: Mesh_1911
23:45:05 | INFO: Primitives created: 1
23:45:05 | INFO: Extracting primitive: Mesh_1912
23:45:05 | INFO: Primitives created: 1
23:45:05 | INFO: Extracting primitive: Mesh_1913
23:45:05 | INFO: Primitives created: 1
23:45:05 | INFO: Extracting primitive: Mesh_1914
23:45:05 | INFO: Primitives created: 1
23:45:05 | INFO: Extracting primitive: Mesh_1915
23:45:05 | INFO: Primitives created: 1
23:45:05 | INFO: Extracting primitive: Mesh_1916
23:45:05 | INFO: Primitives created: 1
23:45:05 | INFO: Extracting primitive: Mesh_1917
23:45:05 | INFO: Primitives created: 1
23:45:05 | INFO: Extracting primitive: Mesh_1918
23:45:05 | INFO: Primitives created: 1
23:45:05 | INFO: Extracting primitive: Mesh_1919
23:45:05 | INFO: Primitives created: 1
23:45:05 | INFO: Extracting primitive: Mesh_1920
23:45:05 | INFO: Primitives created: 1
23:45:05 | INFO: Extracting primitive: Mesh_1921
23:45:05 | INFO: Primitives created: 1
23:45:05 | INFO: Extracting primitive: Mesh_1922
23:45:05 | INFO: Primitives created: 1
23:45:05 | INFO: Extracting primitive: Mesh_1923
23:45:05 | INFO: Primitives created: 1
23:45:05 | INFO: Extracting primitive: Mesh_1924
23:45:05 | INFO: Primitives created: 1
23:45:05 | INFO: Extracting primitive: Mesh_1930
23:45:05 | INFO: Primitives created: 1
23:45:05 | INFO: Extracting primitive: Mesh_1932
23:45:05 | INFO: Primitives created: 1
23:45:05 | INFO: Extracting primitive: Mesh_1934
23:45:05 | INFO: Primitives created: 1
23:45:05 | INFO: Extracting primitive: Cube.044
23:45:05 | INFO: Primitives created: 1
23:45:05 | INFO: Extracting primitive: Cube.045
23:45:05 | INFO: Primitives created: 1
23:45:05 | INFO: Extracting primitive: Cube.037
23:45:05 | INFO: Primitives created: 1
23:45:05 | INFO: Extracting primitive: Cube.038
23:45:05 | INFO: Primitives created: 1
23:45:05 | INFO: Extracting primitive: Cube.039
23:45:05 | INFO: Primitives created: 1
23:45:05 | INFO: Extracting primitive: Cube.040
23:45:05 | INFO: Primitives created: 1
23:45:05 | INFO: Extracting primitive: Cube.041
23:45:05 | INFO: Primitives created: 1
23:45:05 | INFO: Extracting primitive: Cube.042
23:45:05 | INFO: Primitives created: 1
23:45:05 | INFO: Extracting primitive: WELLNESS_ENTRANCE_SIGNAGE_CURVE
23:45:05 | INFO: Primitives created: 1
23:45:05 | INFO: Extracting primitive: Cube.043
23:45:05 | INFO: Primitives created: 1
23:47:30 | INFO: Finished glTF 2.0 export in 177.78789806365967 s

{
  "status": "V07_INTEGRATION_CORRECTION_COMPLETE",
  "task": "M08.14",
  "baseline_file": "C:\\Users\\sekip\\Desktop\\POVU-Kenya-FMCG-Campus-repo\\output\\rev005-interior-remediation-v07\\V07_BASELINE_HASHES.json",
  "before_blend_sha256": "393B2CEE1523D5CEDFB28E53D081C57C78223021355B12EC6617C223CD2B96DD",
  "before_glb_sha256": "8C669893EEF13D0EC01103E5532C361FDEE5FB85AC2D11FE21D8A8F4D2B16089",
  "model_hidden_proxy_names": [
    "V03_BLOW_OVEN_HOUSING",
    "V03_LIQUID_FILLER_HOUSING",
    "V03_LIQUID_MAIN_LINE_FRAME",
    "V03_PASTE_CARTONER",
    "V03_PASTE_CASE_OUTFEED",
    "V03_PASTE_FILLER_GUARD",
    "V03_PASTE_TUBE_LINE_FRAME",
    "V03_RESTAURANT_CAFE_BAR",
    "V03_WIPES_CONVERTING_LINE_FRAME",
    "V03_WIPES_UNWIND_FRAME",
    "V03_WIPES_WETTING_BATH",
    "V04_ADMIN_QC_LAB_BENCH",
    "V04_ETP_TANK_02",
    "V04_PASTE_BLEND_JACKET",
    "V04_PASTE_RIGHT",
    "V04_UTIL_RIGHT",
    "V05_ADMIN_QC_BENCH",
    "V05_BLOW_MOULD_CLAMP_HOUSING",
    "V05_BLOW_OVEN_HOUSING",
    "V05_CAFE_SERVICE_COUNTER",
    "V05_CHEM_TANK0_VESSEL",
    "V05_CHEM_TANK1_VESSEL",
    "V05_CHEM_TANK2_VESSEL",
    "V05_CLINIC_PRIVACY_PANEL",
    "V05_ETP_HEADER0",
    "V05_ETP_HEADER1",
    "V05_KITCHEN_PARTITION_PANEL",
    "V05_LIQUID_CASE_PACK_HOUSING",
    "V05_LIQUID_FILLER_HOUSING",
    "V05_PASTE_VACUUM_MIX_VESSEL",
    "V05_POWDER_DOSER_HOUSING",
    "V05_SECURITY_WAIT_PANEL",
    "V05_UTIL_BOILER_VESSEL",
    "V05_WIPES_DISCHARGE",
    "V05_WIPES_FOLD_FRAME"
  ],
  "missing_declared_proxy_names": [],
  "qa_only_proxy_names": [
    "V05_FG_BACK",
    "V05_GATEHOUSE_BACK",
    "V05_GLASS_LEFT"
  ],
  "export_visibility": "use_visible=True",
  "final_blend_sha256": "BF61CAFCD0EA20E5FE371D491913A51D866AE058F58242FDC30B94AB454ACBD8",
  "final_glb_sha256": "105C83237E5903B1957E206A17E278B7B60214BE38E78F65AB65937294338BE7"
}
BlenderMCP addon unregistered
Blender 5.2.2 LTS (hash d13f752e3b9c built 2026-09-15 01:37:04)

Blender quit
